-6.408793290308252,-6.408921278510889,-0.01641658114113872
-6.305425656593603,-6.408921278510889,-0.007542498289023154
-6.202058022878954,-6.408921278510889,0.004771839187830988
-6.098690389164304,-6.408921278510889,0.016920090956361298
-5.995322755449655,-6.408921278510889,0.02529852866991084
-5.8919551217350055,-6.408921278510889,0.027418938820386086
-5.788587488020356,-6.408921278510889,0.02262783577333951
-5.685219854305708,-6.408921278510889,0.012213636693233521
-5.581852220591058,-6.408921278510889,-0.001104804287634372
-5.478484586876409,-6.408921278510889,-0.014107633680989697
-5.3751169531617595,-6.408921278510889,-0.02408889629743584
-5.27174931944711,-6.408921278510889,-0.029611362753511592
-5.168381685732461,-6.408921278510889,-0.030762767636990807
-5.065014052017812,-6.408921278510889,-0.028861262849337703
-4.961646418303163,-6.408921278510889,-0.025755817000285782
-4.858278784588514,-6.408921278510889,-0.02300633919380556
-4.754911150873865,-6.408921278510889,-0.02126015019550743
-4.651543517159215,-6.408921278510889,-0.020056757705799864
-4.548175883444566,-6.408921278510889,-0.018124322860753092
-4.444808249729917,-6.408921278510889,-0.014041256794574004
-4.341440616015267,-6.408921278510889,-0.00699492324841244
-4.238072982300618,-6.408921278510889,0.002671465526075092
-4.134705348585968,-6.408921278510889,0.013357405409190254
-4.031337714871319,-6.408921278510889,0.022617955229447186
-3.9279700811566705,-6.408921278510889,0.02796485244556562
-3.8246024474420213,-6.408921278510889,0.027776013700754696
-3.7212348137273725,-6.408921278510889,0.021978096176606735
-3.6178671800127233,-6.408921278510889,0.012232558366966637
-3.514499546298074,-6.408921278510889,0.0015222784560270349
-3.411131912583425,-6.408921278510889,-0.006753664414105645
-3.3077642788687753,-6.408921278510889,-0.009888836579378163
-3.204396645154126,-6.408921278510889,-0.006808008084151803
-3.101029011439477,-6.408921278510889,0.001496302690266872
-2.9976613777248278,-6.408921278510889,0.012202005774662406
-2.8942937440101786,-6.408921278510889,0.021519195413821798
-2.790926110295529,-6.408921278510889,0.02591114537427888
-2.6875584765808798,-6.408921278510889,0.023280864568327387
-2.5841908428662306,-6.408921278510889,0.01372974461423139
-2.4808232091515814,-6.408921278510889,-0.00037319222123077003
-2.3774555754369326,-6.408921278510889,-0.015051607973057341
-2.2740879417222835,-6.408921278510889,-0.025914149438613386
-2.1707203080076334,-6.408921278510889,-0.029505911426887153
-2.067352674292984,-6.408921278510889,-0.024391756350165255
-1.9639850405783352,-6.408921278510889,-0.011628504832885488
-1.8606174068636863,-6.408921278510889,0.005521953451757405
-1.757249773149037,-6.408921278510889,0.022545367618495935
-1.6538821394343879,-6.408921278510889,0.034992100964450996
-1.550514505719738,-6.408921278510889,0.03974858288210972
-1.447146872005089,-6.408921278510889,0.03587826994994181
-1.3437792382904399,-6.408921278510889,0.024793613719547313
-1.2404116045757907,-6.408921278510889,0.00973757620980251
-1.1370439708611417,-6.408921278510889,-0.005231845156891092
-1.0336763371464925,-6.408921278510889,-0.016417337520721238
-0.9303087034318435,-6.408921278510889,-0.02145310138142438
-0.8269410697171936,-6.408921278510889,-0.019795633709816685
-0.7235734360025445,-6.408921278510889,-0.01263173222371789
-0.6202058022878953,-6.408921278510889,-0.0022942270787375723
-0.5168381685732463,-6.408921278510889,0.008575347559158269
-0.4134705348585972,-6.408921278510889,0.01782045241116094
-0.31010290114394806,-6.408921278510889,0.02426964197569774
-0.2067352674292982,-6.408921278510889,0.02782045291154661
-0.1033676337146491,-6.408921278510889,0.02914241349061556
0.,-6.408921278510889,0.029165333352487974
0.1033676337146491,-6.408921278510889,0.028578164711176388
0.2067352674292982,-6.408921278510889,0.02753492376509057
0.31010290114394734,-6.408921278510889,0.025664001391376284
0.4134705348585964,-6.408921278510889,0.022347546879795357
0.5168381685732455,-6.408921278510889,0.017129225057752332
0.6202058022878947,-6.408921278510889,0.010062053788892297
0.7235734360025438,-6.408921278510889,0.0018387979595830715
0.8269410697171944,-6.408921278510889,-0.006358941682056898
0.9303087034318435,-6.408921278510889,-0.013238541050868174
1.0336763371464925,-6.408921278510889,-0.017850895191745497
1.1370439708611417,-6.408921278510889,-0.0199360786904059
1.2404116045757907,-6.408921278510889,-0.020013578366979663
1.3437792382904399,-6.408921278510889,-0.019169323912517452
1.447146872005089,-6.408921278510889,-0.01861209530761555
1.550514505719738,-6.408921278510889,-0.019166883695486428
1.6538821394343872,-6.408921278510889,-0.020904590432753042
1.7572497731490362,-6.408921278510889,-0.023061946191361885
1.8606174068636854,-6.408921278510889,-0.024298101696976958
1.9639850405783346,-6.408921278510889,-0.023204579719868196
2.0673526742929837,-6.408921278510889,-0.01888246004973098
2.1707203080076343,-6.408921278510889,-0.011365283157605804
2.2740879417222835,-6.408921278510889,-0.0017143399403074752
2.3774555754369326,-6.408921278510889,0.008270244249524427
2.4808232091515814,-6.408921278510889,0.016635381338174025
2.5841908428662306,-6.408921278510889,0.021952865245822874
2.6875584765808798,-6.408921278510889,0.0238380527283508
2.790926110295529,-6.408921278510889,0.023104200251507313
2.894293744010178,-6.408921278510889,0.0214724382744681
2.997661377724827,-6.408921278510889,0.020918946274148278
3.101029011439476,-6.408921278510889,0.022880884059189904
3.2043966451541253,-6.408921278510889,0.02760850542566572
3.3077642788687744,-6.408921278510889,0.03391496207488032
3.411131912583425,-6.408921278510889,0.039445786798225115
3.514499546298074,-6.408921278510889,0.04140933727496751
3.6178671800127233,-6.408921278510889,0.03754019241400209
3.7212348137273725,-6.408921278510889,0.026970684025965152
3.8246024474420213,-6.408921278510889,0.010699057483824648
3.9279700811566705,-6.408921278510889,-0.008533798930906347
4.031337714871319,-6.408921278510889,-0.02695240455463237
4.134705348585968,-6.408921278510889,-0.040832168999218765
4.238072982300618,-6.408921278510889,-0.04761782748944345
4.341440616015267,-6.408921278510889,-0.04670636046901185
4.444808249729916,-6.408921278510889,-0.0396268358040339
4.548175883444565,-6.408921278510889,-0.029544282341193846
4.651543517159214,-6.408921278510889,-0.02023889944157847
4.754911150873865,-6.408921278510889,-0.01488978394834335
4.858278784588514,-6.408921278510889,-0.015062412751845241
4.961646418303163,-6.408921278510889,-0.020235650504522334
5.065014052017812,-6.408921278510889,-0.02802658491307154
5.168381685732461,-6.408921278510889,-0.03503875609974462
5.27174931944711,-6.408921278510889,-0.03804965663792906
5.3751169531617595,-6.408921278510889,-0.035138040944342155
5.478484586876409,-6.408921278510889,-0.02637042503166191
5.581852220591058,-6.408921278510889,-0.01381364376325712
5.685219854305707,-6.408921278510889,-0.000867128299871894
5.788587488020356,-6.408921278510889,0.008861868762158585
5.8919551217350055,-6.408921278510889,0.012762284070101377
5.995322755449654,-6.408921278510889,0.010097493480829747
6.098690389164305,-6.408921278510889,0.00226223077272555
6.202058022878954,-6.408921278510889,-0.007668556526083226
6.305425656593603,-6.408921278510889,-0.015948259307014746
6.408793290308252,-6.408921278510889,-0.019388289760150803
-6.408793290308252,-6.305551580470391,-0.015019146442328058
-6.305425656593603,-6.305551580470391,-0.00839084287380234
-6.202058022878954,-6.305551580470391,0.0016873203889068624
-6.098690389164304,-6.305551580470391,0.012299065461102392
-5.995322755449655,-6.305551580470391,0.020254402896641484
-5.8919551217350055,-6.305551580470391,0.023091051276915835
-5.788587488020356,-6.305551580470391,0.01983306281233864
-5.685219854305708,-6.305551580470391,0.011264675048819209
-5.581852220591058,-6.305551580470391,-0.00035787857668884116
-5.478484586876409,-6.305551580470391,-0.012046218287452377
-5.3751169531617595,-6.305551580470391,-0.021014290200563564
-5.27174931944711,-6.305551580470391,-0.025493856946853678
-5.168381685732461,-6.305551580470391,-0.025168477851710103
-5.065014052017812,-6.305551580470391,-0.021102477840517043
-4.961646418303163,-6.305551580470391,-0.01521867849283659
-4.858278784588514,-6.305551580470391,-0.009532029066219654
-4.754911150873865,-6.305551580470391,-0.005422866038057228
-4.651543517159215,-6.305551580470391,-0.003208102198336499
-4.548175883444566,-6.305551580470391,-0.002152116703115343
-4.444808249729917,-6.305551580470391,-0.0008943867409137485
-4.341440616015267,-6.305551580470391,0.0018825168516967792
-4.238072982300618,-6.305551580470391,0.006808062871250562
-4.134705348585968,-6.305551580470391,0.013455318945734953
-4.031337714871319,-6.305551580470391,0.020398647239063743
-3.9279700811566705,-6.305551580470391,0.025687705132462026
-3.8246024474420213,-6.305551580470391,0.027570093854511785
-3.7212348137273725,-6.305551580470391,0.02519632260358764
-3.6178671800127233,-6.305551580470391,0.01903795123070218
-3.514499546298074,-6.305551580470391,0.010845596495390743
-3.411131912583425,-6.305551580470391,0.0031353984665846535
-3.3077642788687753,-6.305551580470391,-0.0016361484564805847
-3.204396645154126,-6.305551580470391,-0.0019294752478054883
-3.101029011439477,-6.305551580470391,0.002292172158848449
-2.9976613777248278,-6.305551580470391,0.009468980082252242
-2.8942937440101786,-6.305551580470391,0.01690040644067443
-2.790926110295529,-6.305551580470391,0.021619151291044914
-2.6875584765808798,-6.305551580470391,0.02140222503049805
-2.5841908428662306,-6.305551580470391,0.015580506522637835
-2.4808232091515814,-6.305551580470391,0.00536458726883754
-2.3774555754369326,-6.305551580470391,-0.006441596358265793
-2.2740879417222835,-6.305551580470391,-0.016266945769477688
-2.1707203080076334,-6.305551580470391,-0.020885561522351687
-2.067352674292984,-6.305551580470391,-0.018461114012811718
-1.9639850405783352,-6.305551580470391,-0.009183801870144876
-1.8606174068636863,-6.305551580470391,0.004713183729088192
-1.757249773149037,-6.305551580470391,0.01957368211177161
-1.6538821394343879,-6.305551580470391,0.0313876113965557
-1.550514505719738,-6.305551580470391,0.036978193316299625
-1.447146872005089,-6.305551580470391,0.03493960794317881
-1.3437792382904399,-6.305551580470391,0.026038100508651685
-1.2404116045757907,-6.305551580470391,0.012960603167709504
-1.1370439708611417,-6.305551580470391,-0.0005001776393480292
-1.0336763371464925,-6.305551580470391,-0.01056293399103882
-0.9303087034318435,-6.305551580470391,-0.014530537445989576
-0.8269410697171936,-6.305551580470391,-0.011498124247658024
-0.7235734360025445,-6.305551580470391,-0.0025020869328276326
-0.6202058022878953,-6.305551580470391,0.009902983308235296
-0.5168381685732463,-6.305551580470391,0.022475750201966814
-0.4134705348585972,-6.305551580470391,0.03224883794323286
-0.31010290114394806,-6.305551580470391,0.037319116250484174
-0.2067352674292982,-6.305551580470391,0.03724353861640004
-0.1033676337146491,-6.305551580470391,0.032958023551231015
0.,-6.305551580470391,0.026294046182331395
0.1033676337146491,-6.305551580470391,0.019288100341261678
0.2067352674292982,-6.305551580470391,0.013526146533724838
0.31010290114394734,-6.305551580470391,0.00972871676593759
0.4134705348585964,-6.305551580470391,0.007681340541162732
0.5168381685732455,-6.305551580470391,0.006488719062806097
0.6202058022878947,-6.305551580470391,0.0050246273988811055
0.7235734360025438,-6.305551580470391,0.0023976430538241536
0.8269410697171944,-6.305551580470391,-0.0017314181330229965
0.9303087034318435,-6.305551580470391,-0.007072747879727863
1.0336763371464925,-6.305551580470391,-0.012866861796666875
1.1370439708611417,-6.305551580470391,-0.018190441900180057
1.2404116045757907,-6.305551580470391,-0.02227629671503472
1.3437792382904399,-6.305551580470391,-0.024726365678712368
1.447146872005089,-6.305551580470391,-0.02555311748368102
1.550514505719738,-6.305551580470391,-0.025060563137569103
1.6538821394343872,-6.305551580470391,-0.02363997002538427
1.7572497731490362,-6.305551580470391,-0.021582411644991847
1.8606174068636854,-6.305551580470391,-0.01899176941598686
1.9639850405783346,-6.305551580470391,-0.015827899463028736
2.0673526742929837,-6.305551580470391,-0.012044867441876123
2.1707203080076343,-6.305551580470391,-0.007742006999152125
2.2740879417222835,-6.305551580470391,-0.003236994946224441
2.3774555754369326,-6.305551580470391,0.000995217849419868
2.4808232091515814,-6.305551580470391,0.004509755639870893
2.5841908428662306,-6.305551580470391,0.007131199468272008
2.6875584765808798,-6.305551580470391,0.00913150511854756
2.790926110295529,-6.305551580470391,0.011240738512691636
2.894293744010178,-6.305551580470391,0.014441296678648175
2.997661377724827,-6.305551580470391,0.019582755192009037
3.101029011439476,-6.305551580470391,0.02693849868158493
3.2043966451541253,-6.305551580470391,0.03587224329806545
3.3077642788687744,-6.305551580470391,0.044769260126913214
3.411131912583425,-6.305551580470391,0.05131169252364911
3.514499546298074,-6.305551580470391,0.05306166365011831
3.6178671800127233,-6.305551580470391,0.04819897174378891
3.7212348137273725,-6.305551580470391,0.036185054281959825
3.8246024474420213,-6.305551580470391,0.018122833982371547
3.9279700811566705,-6.305551580470391,-0.003339678534089291
4.031337714871319,-6.305551580470391,-0.024576501041474474
4.134705348585968,-6.305551580470391,-0.04188239298046042
4.238072982300618,-6.305551580470391,-0.05244632720862647
4.341440616015267,-6.305551580470391,-0.05510345106091135
4.444808249729916,-6.305551580470391,-0.050625771950235016
4.548175883444565,-6.305551580470391,-0.041449827635924336
4.651543517159214,-6.305551580470391,-0.030916275414412907
4.754911150873865,-6.305551580470391,-0.02225398579863233
4.858278784588514,-6.305551580470391,-0.017626653343285167
4.961646418303163,-6.305551580470391,-0.017542757468658066
5.065014052017812,-6.305551580470391,-0.02081337824205295
5.168381685732461,-6.305551580470391,-0.025063877058556793
5.27174931944711,-6.305551580470391,-0.02762346240109402
5.3751169531617595,-6.305551580470391,-0.026492020976457895
5.478484586876409,-6.305551580470391,-0.021058680473375
5.581852220591058,-6.305551580470391,-0.012330606686483676
5.685219854305707,-6.305551580470391,-0.0025960190359670112
5.788587488020356,-6.305551580470391,0.005362982550262584
5.8919551217350055,-6.305551580470391,0.009239054525297318
5.995322755449654,-6.305551580470391,0.00801833355897162
6.098690389164305,-6.305551580470391,0.0023673140817396243
6.202058022878954,-6.305551580470391,-0.005548834708560551
6.305425656593603,-6.305551580470391,-0.012761132326731041
6.408793290308252,-6.305551580470391,-0.01647545073809704
-6.408793290308252,-6.202181882429893,-0.014378849234270939
-6.305425656593603,-6.202181882429893,-0.010500001433366421
-6.202058022878954,-6.202181882429893,-0.0029563685742504415
-6.098690389164304,-6.202181882429893,0.006165888855058415
-5.995322755449655,-6.202181882429893,0.014138167877850055
-5.8919551217350055,-6.202181882429893,0.018458516627238086
-5.788587488020356,-6.202181882429893,0.017662266259481894
-5.685219854305708,-6.202181882429893,0.011806509029129978
-5.581852220591058,-6.202181882429893,0.002468126954013176
-5.478484586876409,-6.202181882429893,-0.007743646809966733
-5.3751169531617595,-6.202181882429893,-0.01599841966569665
-5.27174931944711,-6.202181882429893,-0.020111935559760534
-5.168381685732461,-6.202181882429893,-0.01918625593046908
-5.065014052017812,-6.202181882429893,-0.013819149643276917
-4.961646418303163,-6.202181882429893,-0.005826036325340419
-4.858278784588514,-6.202181882429893,0.0024181560994773884
-4.754911150873865,-6.202181882429893,0.008784796627044665
-4.651543517159215,-6.202181882429893,0.012068687139892596
-4.548175883444566,-6.202181882429893,0.012311454124644928
-4.444808249729917,-6.202181882429893,0.010673697914515891
-4.341440616015267,-6.202181882429893,0.008917284918315156
-4.238072982300618,-6.202181882429893,0.008693901858521697
-4.134705348585968,-6.202181882429893,0.01089996259111704
-4.031337714871319,-6.202181882429893,0.015329557865815836
-3.9279700811566705,-6.202181882429893,0.020747174103357732
-3.8246024474420213,-6.202181882429893,0.025349708169815514
-3.7212348137273725,-6.202181882429893,0.027446880816369774
-3.6178671800127233,-6.202181882429893,0.026110234791093496
-3.514499546298074,-6.202181882429893,0.0215514931388029
-3.411131912583425,-6.202181882429893,0.01508755440951511
-3.3077642788687753,-6.202181882429893,0.008697824855795093
-3.204396645154126,-6.202181882429893,0.004327409030254673
-3.101029011439477,-6.202181882429893,0.0031842467195977364
-2.9976613777248278,-6.202181882429893,0.005285352244884534
-2.8942937440101786,-6.202181882429893,0.009423234606448708
-2.790926110295529,-6.202181882429893,0.013576847607286158
-2.6875584765808798,-6.202181882429893,0.015632975110616
-2.5841908428662306,-6.202181882429893,0.01416955310741492
-2.4808232091515814,-6.202181882429893,0.009023179049450391
-2.3774555754369326,-6.202181882429893,0.0014308934568173274
-2.2740879417222835,-6.202181882429893,-0.006320525695438404
-2.1707203080076334,-6.202181882429893,-0.01163436462524455
-2.067352674292984,-6.202181882429893,-0.012490811741082561
-1.9639850405783352,-6.202181882429893,-0.008180138124411804
-1.8606174068636863,-6.202181882429893,0.0003752917341322183
-1.757249773149037,-6.202181882429893,0.01083547820274396
-1.6538821394343879,-6.202181882429893,0.02014113256802573
-1.550514505719738,-6.202181882429893,0.02547925735575937
-1.447146872005089,-6.202181882429893,0.02520457609506231
-1.3437792382904399,-6.202181882429893,0.019412799560108215
-1.2404116045757907,-6.202181882429893,0.009969983797871016
-1.1370439708611417,-6.202181882429893,-0.000023536167208992024
-1.0336763371464925,-6.202181882429893,-0.007173033513124563
-0.9303087034318435,-6.202181882429893,-0.0088396629538242
-0.8269410697171936,-6.202181882429893,-0.003970408011498848
-0.7235734360025445,-6.202181882429893,0.006553674827586748
-0.6202058022878953,-6.202181882429893,0.020159301824472044
-0.5168381685732463,-6.202181882429893,0.03333475415970802
-0.4134705348585972,-6.202181882429893,0.04265789717957779
-0.31010290114394806,-6.202181882429893,0.04577896563045646
-0.2067352674292982,-6.202181882429893,0.04205950926674559
-0.1033676337146491,-6.202181882429893,0.03268340419753874
0.,-6.202181882429893,0.020225029825006367
0.1033676337146491,-6.202181882429893,0.007828056325668574
0.2067352674292982,-6.202181882429893,-0.001737751740860606
0.31010290114394734,-6.202181882429893,-0.006848912699243489
0.4134705348585964,-6.202181882429893,-0.007404531505584244
0.5168381685732455,-6.202181882429893,-0.004716075112836943
0.6202058022878947,-6.202181882429893,-0.0009760579428114739
0.7235734360025438,-6.202181882429893,0.0015026060544863576
0.8269410697171944,-6.202181882429893,0.0010265388900858555
0.9303087034318435,-6.202181882429893,-0.0029848520938130273
1.0336763371464925,-6.202181882429893,-0.009885470133876466
1.1370439708611417,-6.202181882429893,-0.018072707549585967
1.2404116045757907,-6.202181882429893,-0.02552732891127677
1.3437792382904399,-6.202181882429893,-0.030435682784939532
1.447146872005089,-6.202181882429893,-0.03169931225148417
1.550514505719738,-6.202181882429893,-0.029191241372152645
1.6538821394343872,-6.202181882429893,-0.02371059348636184
1.7572497731490362,-6.202181882429893,-0.016683891158584572
1.8606174068636854,-6.202181882429893,-0.009730662081337285
1.9639850405783346,-6.202181882429893,-0.004233843478048405
2.0673526742929837,-6.202181882429893,-0.0010309501956755676
2.1707203080076343,-6.202181882429893,-0.0002854617383101171
2.2740879417222835,-6.202181882429893,-0.0015338582635783477
2.3774555754369326,-6.202181882429893,-0.0038557382861775613
2.4808232091515814,-6.202181882429893,-0.006096397092489932
2.5841908428662306,-6.202181882429893,-0.00708319501306182
2.6875584765808798,-6.202181882429893,-0.0058067808365728
2.790926110295529,-6.202181882429893,-0.0015676712128142704
2.894293744010178,-6.202181882429893,0.005897710263053637
2.997661377724827,-6.202181882429893,0.016305722551628026
3.101029011439476,-6.202181882429893,0.028747315846183022
3.2043966451541253,-6.202181882429893,0.04168623110610213
3.3077642788687744,-6.202181882429893,0.05308495904002214
3.411131912583425,-6.202181882429893,0.06068977734494907
3.514499546298074,-6.202181882429893,0.06245887005020516
3.6178671800127233,-6.202181882429893,0.057057313436080684
3.7212348137273725,-6.202181882429893,0.04429292581515597
3.8246024474420213,-6.202181882429893,0.025351149781773125
3.9279700811566705,-6.202181882429893,0.0027191715051832245
4.031337714871319,-6.202181882429893,-0.020233299725177536
4.134705348585968,-6.202181882429893,-0.03994716730545033
4.238072982300618,-6.202181882429893,-0.0534772755415171
4.341440616015267,-6.202181882429893,-0.05918939633193011
4.444808249729916,-6.202181882429893,-0.05714583543421888
4.548175883444565,-6.202181882429893,-0.04905299064845679
4.651543517159214,-6.202181882429893,-0.037769098542692024
4.754911150873865,-6.202181882429893,-0.02650395879488273
4.858278784588514,-6.202181882429893,-0.017941174989951254
4.961646418303163,-6.202181882429893,-0.013543064640240972
5.065014052017812,-6.202181882429893,-0.013245976712801104
5.168381685732461,-6.202181882429893,-0.015633352990085222
5.27174931944711,-6.202181882429893,-0.018522871202565024
5.3751169531617595,-6.202181882429893,-0.01977135831238006
5.478484586876409,-6.202181882429893,-0.018031137165110175
5.581852220591058,-6.202181882429893,-0.013208494527126946
5.685219854305707,-6.202181882429893,-0.006474761759538025
5.788587488020356,-6.202181882429893,0.00016915440297283192
5.8919551217350055,-6.202181882429893,0.004622939819505787
5.995322755449654,-6.202181882429893,0.005459124247249064
6.098690389164305,-6.202181882429893,0.0024689395442343315
6.202058022878954,-6.202181882429893,-0.003211331556772524
6.305425656593603,-6.202181882429893,-0.00944465892422129
6.408793290308252,-6.202181882429893,-0.013798358995363203
-6.408793290308252,-6.098812184389395,-0.014281399937080299
-6.305425656593603,-6.098812184389395,-0.012972151698097976
-6.202058022878954,-6.098812184389395,-0.007742116577618573
-6.098690389164304,-6.098812184389395,0.0001158085333341605
-5.995322755449655,-6.098812184389395,0.008323469453664684
-5.8919551217350055,-6.098812184389395,0.014350985988993687
-5.788587488020356,-6.098812184389395,0.016261016621513302
-5.685219854305708,-6.098812184389395,0.013379962154804862
-5.581852220591058,-6.098812184389395,0.0065651698037969405
-5.478484586876409,-6.098812184389395,-0.0020304574432601663
-5.3751169531617595,-6.098812184389395,-0.009627141424457735
-5.27174931944711,-6.098812184389395,-0.013704095194564905
-5.168381685732461,-6.098812184389395,-0.012810910546375861
-5.065014052017812,-6.098812184389395,-0.00703487556205477
-4.961646418303163,-6.098812184389395,0.0020322663064487574
-4.858278784588514,-6.098812184389395,0.011818107013816895
-4.754911150873865,-6.098812184389395,0.01961005982587566
-4.651543517159215,-6.098812184389395,0.023432933337747687
-4.548175883444566,-6.098812184389395,0.022672246429528087
-4.444808249729917,-6.098812184389395,0.018238270797754363
-4.341440616015267,-6.098812184389395,0.012220925723513831
-4.238072982300618,-6.098812184389395,0.007156922700590022
-4.134705348585968,-6.098812184389395,0.0051598621043983176
-4.031337714871319,-6.098812184389395,0.007207630452079643
-3.9279700811566705,-6.098812184389395,0.012825072926367913
-3.8246024474420213,-6.098812184389395,0.0202633378484718
-3.7212348137273725,-6.098812184389395,0.027107618818504816
-3.6178671800127233,-6.098812184389395,0.03110041854553382
-3.514499546298074,-6.098812184389395,0.03089713644273919
-3.411131912583425,-6.098812184389395,0.026498134224686637
-3.3077642788687753,-6.098812184389395,0.01921612221653191
-3.204396645154126,-6.098812184389395,0.011199408936285642
-3.101029011439477,-6.098812184389395,0.004684039520709318
-2.9976613777248278,-6.098812184389395,0.0012385084213058265
-2.8942937440101786,-6.098812184389395,0.0012627767957585662
-2.790926110295529,-6.098812184389395,0.0039103374179837455
-2.6875584765808798,-6.098812184389395,0.007451288851673705
-2.5841908428662306,-6.098812184389395,0.009938984993048978
-2.4808232091515814,-6.098812184389395,0.009937314163030734
-2.3774555754369326,-6.098812184389395,0.0070468183810762355
-2.2740879417222835,-6.098812184389395,0.0020419415691285627
-2.1707203080076334,-6.098812184389395,-0.003427724984522905
-2.067352674292984,-6.098812184389395,-0.00746206804675203
-1.9639850405783352,-6.098812184389395,-0.008632623202444945
-1.8606174068636863,-6.098812184389395,-0.006536971054284123
-1.757249773149037,-6.098812184389395,-0.00197791110483521
-1.6538821394343879,-6.098812184389395,0.0033070199752628115
-1.550514505719738,-6.098812184389395,0.007278351929094162
-1.447146872005089,-6.098812184389395,0.008368932693132847
-1.3437792382904399,-6.098812184389395,0.006121148489376847
-1.2404116045757907,-6.098812184389395,0.001448634233980216
-1.1370439708611417,-6.098812184389395,-0.0035905698917540743
-1.0336763371464925,-6.098812184389395,-0.006453744208204878
-0.9303087034318435,-6.098812184389395,-0.00499626404728673
-0.8269410697171936,-6.098812184389395,0.001718315419087921
-0.7235734360025445,-6.098812184389395,0.012963219469131771
-0.6202058022878953,-6.098812184389395,0.02642067181524119
-0.5168381685732463,-6.098812184389395,0.03878223271425719
-0.4134705348585972,-6.098812184389395,0.046702332635565676
-0.31010290114394806,-6.098812184389395,0.04780876315578426
-0.2067352674292982,-6.098812184389395,0.04144822757550739
-0.1033676337146491,-6.098812184389395,0.028924583366758797
0.,-6.098812184389395,0.013146746111221281
0.1033676337146491,-6.098812184389395,-0.0022094720473253785
0.2067352674292982,-6.098812184389395,-0.013767074812375086
0.31010290114394734,-6.098812184389395,-0.01941142232411
0.4134705348585964,-6.098812184389395,-0.01885621556174042
0.5168381685732455,-6.098812184389395,-0.01364435341289911
0.6202058022878947,-6.098812184389395,-0.006595132146283379
0.7235734360025438,-6.098812184389395,-0.0008814017221125588
0.8269410697171944,-6.098812184389395,0.0009691946640146804
0.9303087034318435,-6.098812184389395,-0.002160496021054094
1.0336763371464925,-6.098812184389395,-0.009672629887134814
1.1370439708611417,-6.098812184389395,-0.01948761790574549
1.2404116045757907,-6.098812184389395,-0.028723506479998096
1.3437792382904399,-6.098812184389395,-0.03459676659240882
1.447146872005089,-6.098812184389395,-0.03526236869392341
1.550514505719738,-6.098812184389395,-0.030343480534659493
1.6538821394343872,-6.098812184389395,-0.0210083464701856
1.7572497731490362,-6.098812184389395,-0.009595965994408321
1.8606174068636854,-6.098812184389395,0.0010740800724419076
1.9639850405783346,-6.098812184389395,0.008489497053459184
2.0673526742929837,-6.098812184389395,0.01110214920869008
2.1707203080076343,-6.098812184389395,0.008683678568509063
2.2740879417222835,-6.098812184389395,0.0023121231620047145
2.3774555754369326,-6.098812184389395,-0.0059679749842970085
2.4808232091515814,-6.098812184389395,-0.013686280571503822
2.5841908428662306,-6.098812184389395,-0.018528123653859644
2.6875584765808798,-6.098812184389395,-0.01881403666954129
2.790926110295529,-6.098812184389395,-0.013789292194460326
2.894293744010178,-6.098812184389395,-0.0037023664956055517
2.997661377724827,-6.098812184389395,0.010294039475549653
3.101029011439476,-6.098812184389395,0.026358882458555825
3.2043966451541253,-6.098812184389395,0.04223756157220506
3.3077642788687744,-6.098812184389395,0.05555865601723701
3.411131912583425,-6.098812184389395,0.06413801236466836
3.514499546298074,-6.098812184389395,0.06628417994815175
3.6178671800127233,-6.098812184389395,0.06108824578005833
3.7212348137273725,-6.098812184389395,0.04865675899946625
3.8246024474420213,-6.098812184389395,0.030223983604054906
3.9279700811566705,-6.098812184389395,0.008076616874391079
4.031337714871319,-6.098812184389395,-0.014748552184571963
4.134705348585968,-6.098812184389395,-0.034977337725304286
4.238072982300618,-6.098812184389395,-0.04973483092189207
4.341440616015267,-6.098812184389395,-0.057161354034254444
4.444808249729916,-6.098812184389395,-0.05684107633868392
4.548175883444565,-6.098812184389395,-0.04990634423987444
4.651543517159214,-6.098812184389395,-0.03876002961568967
4.754911150873865,-6.098812184389395,-0.0264664621520575
4.858278784588514,-6.098812184389395,-0.015965244883550132
4.961646418303163,-6.098812184389395,-0.009325928371305999
5.065014052017812,-6.098812184389395,-0.0072602633188338555
5.168381685732461,-6.098812184389395,-0.009038093987768402
5.27174931944711,-6.098812184389395,-0.012831923230576966
5.3751169531617595,-6.098812184389395,-0.01638120152076205
5.478484586876409,-6.098812184389395,-0.017764366981019047
5.581852220591058,-6.098812184389395,-0.016030104566064105
5.685219854305707,-6.098812184389395,-0.01148366787185678
5.788587488020356,-6.098812184389395,-0.005536952933748033
5.8919551217350055,-6.098812184389395,-0.00017618107579127912
5.995322755449654,-6.098812184389395,0.0027697013666087905
6.098690389164305,-6.098812184389395,0.0023076035656226053
6.202058022878954,-6.098812184389395,-0.001330840616599033
6.305425656593603,-6.098812184389395,-0.006730058411012359
6.408793290308252,-6.098812184389395,-0.011754581903463152
-6.408793290308252,-5.995442486348897,-0.014622333923442426
-6.305425656593603,-5.995442486348897,-0.015107142694740389
-6.202058022878954,-5.995442486348897,-0.011503184324852988
-6.098690389164304,-5.995442486348897,-0.004519690140111484
-5.995322755449655,-5.995442486348897,0.00393364207738084
-5.8919551217350055,-5.995442486348897,0.01136493115220769
-5.788587488020356,-5.995442486348897,0.01553986793279345
-5.685219854305708,-5.995442486348897,0.015259653973236113
-5.581852220591058,-5.995442486348897,0.010807597315519536
-5.478484586876409,-5.995442486348897,0.0039015106709622844
-5.3751169531617595,-5.995442486348897,-0.002845877652328925
-5.27174931944711,-5.995442486348897,-0.006788102600230651
-5.168381685732461,-5.995442486348897,-0.00614347884919697
-5.065014052017812,-5.995442486348897,-0.0006271598775980341
-4.961646418303163,-5.995442486348897,0.008403777989094748
-4.858278784588514,-5.995442486348897,0.018353041963387374
-4.754911150873865,-5.995442486348897,0.026213143531187137
-4.651543517159215,-5.995442486348897,0.029551030371867282
-4.548175883444566,-5.995442486348897,0.027326074909879657
-4.444808249729917,-5.995442486348897,0.02026585800855132
-4.341440616015267,-5.995442486348897,0.010668359719229822
-4.238072982300618,-5.995442486348897,0.0016877240649450663
-4.134705348585968,-5.995442486348897,-0.003668049624479446
-4.031337714871319,-5.995442486348897,-0.0035026272608448855
-3.9279700811566705,-5.995442486348897,0.002354119890852389
-3.8246024474420213,-5.995442486348897,0.012282236227418641
-3.7212348137273725,-5.995442486348897,0.02337789334638899
-3.6178671800127233,-5.995442486348897,0.03236316921108761
-3.514499546298074,-5.995442486348897,0.03660295588865125
-3.411131912583425,-5.995442486348897,0.03490134724409509
-3.3077642788687753,-5.995442486348897,0.02782671769941994
-3.204396645154126,-5.995442486348897,0.017472782896596806
-3.101029011439477,-5.995442486348897,0.0067485356184676685
-2.9976613777248278,-5.995442486348897,-0.0015590947916179615
-2.8942937440101786,-5.995442486348897,-0.005639278024993511
-2.790926110295529,-5.995442486348897,-0.00515533015640179
-2.6875584765808798,-5.995442486348897,-0.0012414047784934067
-2.5841908428662306,-5.995442486348897,0.003975897020585015
-2.4808232091515814,-5.995442486348897,0.008147858503198728
-2.3774555754369326,-5.995442486348897,0.009493403974833772
-2.2740879417222835,-5.995442486348897,0.007342271068473188
-2.1707203080076334,-5.995442486348897,0.0022627959998819756
-2.067352674292984,-5.995442486348897,-0.004242910381678795
-1.9639850405783352,-5.995442486348897,-0.01034195289370506
-1.8606174068636863,-5.995442486348897,-0.014538665342313396
-1.757249773149037,-5.995442486348897,-0.01616208504764361
-1.6538821394343879,-5.995442486348897,-0.015503426199645188
-1.550514505719738,-5.995442486348897,-0.013569537448054664
-1.447146872005089,-5.995442486348897,-0.011563257663233307
-1.3437792382904399,-5.995442486348897,-0.010303319830310529
-1.2404116045757907,-5.995442486348897,-0.009818261625194407
-1.1370439708611417,-5.995442486348897,-0.00928288806480904
-1.0336763371464925,-5.995442486348897,-0.0073360548009001715
-0.9303087034318435,-5.995442486348897,-0.002671908690987554
-0.8269410697171936,-5.995442486348897,0.005313309261660888
-0.7235734360025445,-5.995442486348897,0.01606934516925279
-0.6202058022878953,-5.995442486348897,0.027826765617186194
-0.5168381685732463,-5.995442486348897,0.037979405516213656
-0.4134705348585972,-5.995442486348897,0.04381668689800089
-0.31010290114394806,-5.995442486348897,0.043377357455165313
-0.2067352674292982,-5.995442486348897,0.036140244354879836
-0.1033676337146491,-5.995442486348897,0.023308162656345686
0.,-5.995442486348897,0.007566894493405578
0.1033676337146491,-5.995442486348897,-0.007628651087920293
0.2067352674292982,-5.995442486348897,-0.019031089679433757
0.31010290114394734,-5.995442486348897,-0.024537829111531524
0.4134705348585964,-5.995442486348897,-0.023792230747155363
0.5168381685732455,-5.995442486348897,-0.01825462190917639
0.6202058022878947,-5.995442486348897,-0.010716155713877242
0.7235734360025438,-5.995442486348897,-0.0044055969900363545
0.8269410697171944,-5.995442486348897,-0.0019685594527108566
0.9303087034318435,-5.995442486348897,-0.004638620381131643
1.0336763371464925,-5.995442486348897,-0.011857681647036626
1.1370439708611417,-5.995442486348897,-0.02145979307214645
1.2404116045757907,-5.995442486348897,-0.030355251625039777
1.3437792382904399,-5.995442486348897,-0.03549721617447433
1.447146872005089,-5.995442486348897,-0.03482984271325362
1.550514505719738,-5.995442486348897,-0.027929457074871288
1.6538821394343872,-5.995442486348897,-0.016151648919380118
1.7572497731490362,-5.995442486348897,-0.0022524817648911367
1.8606174068636854,-5.995442486348897,0.010389327153491864
1.9639850405783346,-5.995442486348897,0.018709710082232368
2.0673526742929837,-5.995442486348897,0.020781996704611467
2.1707203080076343,-5.995442486348897,0.01630050682393165
2.2740879417222835,-5.995442486348897,0.006612733790608957
2.3774555754369326,-5.995442486348897,-0.0056760992048335976
2.4808232091515814,-5.995442486348897,-0.017386025051727892
2.5841908428662306,-5.995442486348897,-0.025529436873421223
2.6875584765808798,-5.995442486348897,-0.027961633906839107
2.790926110295529,-5.995442486348897,-0.02377361800508784
2.894293744010178,-5.995442486348897,-0.013375805462055048
2.997661377724827,-5.995442486348897,0.0016910571746350158
3.101029011439476,-5.995442486348897,0.01912302206734396
3.2043966451541253,-5.995442486348897,0.03628662516446717
3.3077642788687744,-5.995442486348897,0.05062823840829613
3.411131912583425,-5.995442486348897,0.060008785370380895
3.514499546298074,-5.995442486348897,0.06295232263209856
3.6178671800127233,-5.995442486348897,0.05881732358770571
3.7212348137273725,-5.995442486348897,0.0478963628053801
3.8246024474420213,-5.995442486348897,0.03143121089762066
3.9279700811566705,-5.995442486348897,0.011512509861304122
4.031337714871319,-5.995442486348897,-0.009167062303213144
4.134705348585968,-5.995442486348897,-0.027711214004664163
4.238072982300618,-5.995442486348897,-0.04152719736288251
4.341440616015267,-5.995442486348897,-0.048845868663298264
4.444808249729916,-5.995442486348897,-0.04912399098495842
4.548175883444565,-5.995442486348897,-0.04320148700435962
4.651543517159214,-5.995442486348897,-0.03313570736832291
4.754911150873865,-5.995442486348897,-0.02172069675458526
4.858278784588514,-5.995442486348897,-0.011796764322289663
4.961646418303163,-5.995442486348897,-0.005531391481510501
5.065014052017812,-5.995442486348897,-0.0038774446816447258
5.168381685732461,-5.995442486348897,-0.0063747021495223375
5.27174931944711,-5.995442486348897,-0.011363429608542804
5.3751169531617595,-5.995442486348897,-0.016552518304362957
5.478484586876409,-5.995442486348897,-0.019770144640919
5.581852220591058,-5.995442486348897,-0.01966134510639825
5.685219854305707,-5.995442486348897,-0.016108425082685642
5.788587488020356,-5.995442486348897,-0.010236310608730606
5.8919551217350055,-5.995442486348897,-0.003999733683758497
5.995322755449654,-5.995442486348897,0.00051135254148646
6.098690389164305,-5.995442486348897,0.0018147067087391777
6.202058022878954,-5.995442486348897,-0.0004265690064681896
6.305425656593603,-5.995442486348897,-0.0052596959379728695
6.408793290308252,-5.995442486348897,-0.01074780770281362
-6.408793290308252,-5.892072788308399,-0.015425043855283278
-6.305425656593603,-5.892072788308399,-0.016576468978456257
-6.202058022878954,-5.892072788308399,-0.01361707949983596
-6.098690389164304,-5.892072788308399,-0.006998441945137799
-5.995322755449655,-5.892072788308399,0.0015941923220629433
-5.8919551217350055,-5.892072788308399,0.009786820018486526
-5.788587488020356,-5.892072788308399,0.015310620533741654
-5.685219854305708,-5.892072788308399,0.016779212845739
-5.581852220591058,-5.892072788308399,0.014181990082069948
-5.478484586876409,-5.892072788308399,0.008916033973631669
-5.3751169531617595,-5.892072788308399,0.0033320085583723306
-5.27174931944711,-5.892072788308399,-0.00006496834822728129
-5.168381685732461,-5.892072788308399,0.0005037501481013677
-5.065014052017812,-5.892072788308399,0.0054269749299072035
-4.961646418303163,-5.892072788308399,0.013492733901619479
-4.858278784588514,-5.892072788308399,0.022218716546708952
-4.754911150873865,-5.892072788308399,0.02863302773819866
-4.651543517159215,-5.892072788308399,0.030259743533649797
-4.548175883444566,-5.892072788308399,0.02598741389281163
-4.444808249729917,-5.892072788308399,0.016527681643059493
-4.341440616015267,-5.892072788308399,0.004298128120060834
-4.238072982300618,-5.892072788308399,-0.007251936455950476
-4.134705348585968,-5.892072788308399,-0.014671796104820991
-4.031337714871319,-5.892072788308399,-0.01557505562004742
-3.9279700811566705,-5.892072788308399,-0.009402859763137586
-3.8246024474420213,-5.892072788308399,0.002361263492858927
-3.7212348137273725,-5.892072788308399,0.016598701784203744
-3.6178671800127233,-5.892072788308399,0.029462346936366766
-3.514499546298074,-5.892072788308399,0.03750212356098372
-3.411131912583425,-5.892072788308399,0.038661508110886214
-3.3077642788687753,-5.892072788308399,0.03284065595324039
-3.204396645154126,-5.892072788308399,0.021861440870509972
-3.101029011439477,-5.892072788308399,0.008859399563820692
-2.9976613777248278,-5.892072788308399,-0.0026944582540573314
-2.8942937440101786,-5.892072788308399,-0.010029640444572526
-2.790926110295529,-5.892072788308399,-0.011850310914167056
-2.6875584765808798,-5.892072788308399,-0.008622174057666356
-2.5841908428662306,-5.892072788308399,-0.0023089986649554354
-2.4808232091515814,-5.892072788308399,0.004328712868710657
-2.3774555754369326,-5.892072788308399,0.008628787672626847
-2.2740879417222835,-5.892072788308399,0.008825307644412604
-2.1707203080076334,-5.892072788308399,0.00450803867610585
-2.067352674292984,-5.892072788308399,-0.0033731221395293504
-1.9639850405783352,-5.892072788308399,-0.012920005319274277
-1.8606174068636863,-5.892072788308399,-0.02194341884241749
-1.757249773149037,-5.892072788308399,-0.02862862757411716
-1.6538821394343879,-5.892072788308399,-0.03199031926274173
-1.550514505719738,-5.892072788308399,-0.03199022043649716
-1.447146872005089,-5.892072788308399,-0.029319878145815534
-1.3437792382904399,-5.892072788308399,-0.024970443540035407
-1.2404116045757907,-5.892072788308399,-0.019778663793927963
-1.1370439708611417,-5.892072788308399,-0.014131923221172724
-1.0336763371464925,-5.892072788308399,-0.007940520916709798
-0.9303087034318435,-5.892072788308399,-0.000872427387366858
-0.8269410697171936,-5.892072788308399,0.007262266246785397
-0.7235734360025445,-5.892072788308399,0.01615251667412007
-0.6202058022878953,-5.892072788308399,0.024822120289832883
-0.5168381685732463,-5.892072788308399,0.03175623177233604
-0.4134705348585972,-5.892072788308399,0.03530204650582374
-0.31010290114394806,-5.892072788308399,0.03421632901564219
-0.2067352674292982,-5.892072788308399,0.02816508295760377
-0.1033676337146491,-5.892072788308399,0.01798290290837303
0.,-5.892072788308399,0.005572906187337546
0.1033676337146491,-5.892072788308399,-0.006551493067873612
0.2067352674292982,-5.892072788308399,-0.01595577449146252
0.31010290114394734,-5.892072788308399,-0.020990120873516406
0.4134705348585964,-5.892072788308399,-0.021280832466302798
0.5168381685732455,-5.892072788308399,-0.017837986010551397
0.6202058022878947,-5.892072788308399,-0.012730916936877588
0.7235734360025438,-5.892072788308399,-0.008423688283328378
0.8269410697171944,-5.892072788308399,-0.006976080965830504
0.9303087034318435,-5.892072788308399,-0.00936359285726084
1.0336763371464925,-5.892072788308399,-0.015135852996170072
1.1370439708611417,-5.892072788308399,-0.022527307509589655
1.2404116045757907,-5.892072788308399,-0.028991167891515828
1.3437792382904399,-5.892072788308399,-0.031993693964511516
1.447146872005089,-5.892072788308399,-0.029823897828449866
1.550514505719738,-5.892072788308399,-0.022169333543160762
1.6538821394343872,-5.892072788308399,-0.010281995375684212
1.7572497731490362,-5.892072788308399,0.0033152084007026946
1.8606174068636854,-5.892072788308399,0.015492318191206481
1.9639850405783346,-5.892072788308399,0.023350017580307508
2.0673526742929837,-5.892072788308399,0.024990239397765866
2.1707203080076343,-5.892072788308399,0.020007875615337237
2.2740879417222835,-5.892072788308399,0.009581400978558434
2.3774555754369326,-5.892072788308399,-0.0038406918136194164
2.4808232091515814,-5.892072788308399,-0.01715012783794276
2.5841908428662306,-5.892072788308399,-0.02730827758194898
2.6875584765808798,-5.892072788308399,-0.0320045810538092
2.790926110295529,-5.892072788308399,-0.030095367063732188
2.894293744010178,-5.892072788308399,-0.021750843012381543
2.997661377724827,-5.892072788308399,-0.008321316613610066
3.101029011439476,-5.892072788308399,0.008002031344934917
3.2043966451541253,-5.892072788308399,0.024626752227999156
3.3077642788687744,-5.892072788308399,0.03899993764956005
3.411131912583425,-5.892072788308399,0.04898118195803661
3.514499546298074,-5.892072788308399,0.053115301461930386
3.6178671800127233,-5.892072788308399,0.050799578062862394
3.7212348137273725,-5.892072788308399,0.04235009968913605
3.8246024474420213,-5.892072788308399,0.02896687855823925
3.9279700811566705,-5.892072788308399,0.012588650596054051
4.031337714871319,-5.892072788308399,-0.004371438975218926
4.134705348585968,-5.892072788308399,-0.019400481844745535
4.238072982300618,-5.892072788308399,-0.030328552790263023
4.341440616015267,-5.892072788308399,-0.03575955011202865
4.444808249729916,-5.892072788308399,-0.03538554827392667
4.548175883444565,-5.892072788308399,-0.030084825335033236
4.651543517159214,-5.892072788308399,-0.02174487992274009
4.754911150873865,-5.892072788308399,-0.012822669454490856
4.858278784588514,-5.892072788308399,-0.0057350872921250046
4.961646418303163,-5.892072788308399,-0.0022361444051561003
5.065014052017812,-5.892072788308399,-0.0029584652399380876
5.168381685732461,-5.892072788308399,-0.007262578597671325
5.27174931944711,-5.892072788308399,-0.013453325692905372
5.3751169531617595,-5.892072788308399,-0.019311988096203096
5.478484586876409,-5.892072788308399,-0.022790449389925825
5.581852220591058,-5.892072788308399,-0.022654899239723414
5.685219854305707,-5.892072788308399,-0.018874009924859485
5.788587488020356,-5.892072788308399,-0.012621734682159703
5.8919551217350055,-5.892072788308399,-0.005886357148493181
5.995322755449654,-5.892072788308399,-0.0008066082388228485
6.098690389164305,-5.892072788308399,0.0010505990554798836
6.202058022878954,-5.892072788308399,-0.000768920592661388
6.305425656593603,-5.892072788308399,-0.005432302218889838
6.408793290308252,-5.892072788308399,-0.011078526905762017
-6.408793290308252,-5.7887030902679,-0.01673994775914146
-6.305425656593603,-5.7887030902679,-0.017410164710423424
-6.202058022878954,-5.7887030902679,-0.014077359083423805
-6.098690389164304,-5.7887030902679,-0.007283151686184093
-5.995322755449655,-5.7887030902679,0.001338957264009013
-5.8919551217350055,-5.7887030902679,0.009587829179059834
-5.788587488020356,-5.7887030902679,0.01541359040272961
-5.685219854305708,-5.7887030902679,0.0175949046332902
-5.581852220591058,-5.7887030902679,0.016146366707305248
-5.478484586876409,-5.7887030902679,0.01231235244410211
-5.3751169531617595,-5.7887030902679,0.008138763325943056
-5.27174931944711,-5.7887030902679,0.005756073536200832
-5.168381685732461,-5.7887030902679,0.006608697661653575
-5.065014052017812,-5.7887030902679,0.010891823431960197
-4.961646418303163,-5.7887030902679,0.01739650740917929
-4.858278784588514,-5.7887030902679,0.023834467935974206
-4.754911150873865,-5.7887030902679,0.027556468059527467
-4.651543517159215,-5.7887030902679,0.02644373283163448
-4.548175883444566,-5.7887030902679,0.019685488275099475
-4.444808249729917,-5.7887030902679,0.00818118053352595
-4.341440616015267,-5.7887030902679,-0.0055825595539187355
-4.238072982300618,-5.7887030902679,-0.01816661965106083
-4.134705348585968,-5.7887030902679,-0.02614830524685716
-4.031337714871319,-5.7887030902679,-0.02713546210632224
-3.9279700811566705,-5.7887030902679,-0.02051445678246569
-3.8246024474420213,-5.7887030902679,-0.007695980187554585
-3.7212348137273725,-5.7887030902679,0.008226876327958934
-3.6178671800127233,-5.7887030902679,0.023314913436488352
-3.514499546298074,-5.7887030902679,0.03386881591901145
-3.411131912583425,-5.7887030902679,0.03744388556605258
-3.3077642788687753,-5.7887030902679,0.03349497894373388
-3.204396645154126,-5.7887030902679,0.023466760248970184
-3.101029011439477,-5.7887030902679,0.01031316838359305
-2.9976613777248278,-5.7887030902679,-0.002399015898561718
-2.8942937440101786,-5.7887030902679,-0.011527253289976523
-2.790926110295529,-5.7887030902679,-0.015221981112187356
-2.6875584765808798,-5.7887030902679,-0.013378988046433744
-2.5841908428662306,-5.7887030902679,-0.007561470018190994
-2.4808232091515814,-5.7887030902679,-0.00044111465400496275
-2.3774555754369326,-5.7887030902679,0.005051328228982872
-2.2740879417222835,-5.7887030902679,0.006599163735531737
-2.1707203080076334,-5.7887030902679,0.0031385913378501468
-2.067352674292984,-5.7887030902679,-0.0049077970036842875
-1.9639850405783352,-5.7887030902679,-0.015840364407416443
-1.8606174068636863,-5.7887030902679,-0.027236346488449116
-1.757249773149037,-5.7887030902679,-0.036654672653805405
-1.6538821394343879,-5.7887030902679,-0.042270198352660625
-1.550514505719738,-5.7887030902679,-0.04325939161354027
-1.447146872005089,-5.7887030902679,-0.03985495084426227
-1.3437792382904399,-5.7887030902679,-0.0330991851412432
-1.2404116045757907,-5.7887030902679,-0.02441725191756429
-1.1370439708611417,-5.7887030902679,-0.015173286902382656
-1.0336763371464925,-5.7887030902679,-0.0063554604214570475
-0.9303087034318435,-5.7887030902679,0.00152888410610507
-0.8269410697171936,-5.7887030902679,0.008352938829636282
-0.7235734360025445,-5.7887030902679,0.014145086450396726
-0.6202058022878953,-5.7887030902679,0.01885678210210376
-0.5168381685732463,-5.7887030902679,0.02223193310123341
-0.4134705348585972,-5.7887030902679,0.02383470401429618
-0.31010290114394806,-5.7887030902679,0.02322159203948596
-0.2067352674292982,-5.7887030902679,0.020180716268232687
-0.1033676337146491,-5.7887030902679,0.014930435382148995
0.,-5.7887030902679,0.008181947841998514
0.1033676337146491,-5.7887030902679,0.001021340918218241
0.2067352674292982,-5.7887030902679,-0.00536365695206689
0.31010290114394734,-5.7887030902679,-0.010024450447074208
0.4134705348585964,-5.7887030902679,-0.01254044691960763
0.5168381685732455,-5.7887030902679,-0.013148175373564185
0.6202058022878947,-5.7887030902679,-0.01265442209466795
0.7235734360025438,-5.7887030902679,-0.012151134958669724
0.8269410697171944,-5.7887030902679,-0.01262038697740174
0.9303087034318435,-5.7887030902679,-0.014559898319644939
1.0336763371464925,-5.7887030902679,-0.01775824129037728
1.1370439708611417,-5.7887030902679,-0.0213035440243334
1.2404116045757907,-5.7887030902679,-0.023834894718419392
1.3437792382904399,-5.7887030902679,-0.0239662785468389
1.447146872005089,-5.7887030902679,-0.020754862362679073
1.550514505719738,-5.7887030902679,-0.014067703442668429
1.6538821394343872,-5.7887030902679,-0.004729094808484077
1.7572497731490362,-5.7887030902679,0.005604507504677929
1.8606174068636854,-5.7887030902679,0.014814429447712392
1.9639850405783346,-5.7887030902679,0.020835692443415543
2.0673526742929837,-5.7887030902679,0.022179161382870367
2.1707203080076343,-5.7887030902679,0.01832078995786078
2.2740879417222835,-5.7887030902679,0.00985853277832593
2.3774555754369326,-5.7887030902679,-0.001597609129335964
2.4808232091515814,-5.7887030902679,-0.01376715060737711
2.5841908428662306,-5.7887030902679,-0.024182181561040204
2.6875584765808798,-5.7887030902679,-0.030695233175558122
2.790926110295529,-5.7887030902679,-0.031900479647280676
2.894293744010178,-5.7887030902679,-0.02738779758856483
2.997661377724827,-5.7887030902679,-0.017793745551953066
3.101029011439476,-5.7887030902679,-0.004658064385651427
3.2043966451541253,-5.7887030902679,0.009871528792811607
3.3077642788687744,-5.7887030902679,0.023424309659974194
3.411131912583425,-5.7887030902679,0.033814147422324636
3.514499546298074,-5.7887030902679,0.03940698019258719
3.6178671800127233,-5.7887030902679,0.03939467485829314
3.7212348137273725,-5.7887030902679,0.033933532406532595
3.8246024474420213,-5.7887030902679,0.024120522503547574
3.9279700811566705,-5.7887030902679,0.011800508424409693
4.031337714871319,-5.7887030902679,-0.0007753835448874684
4.134705348585968,-5.7887030902679,-0.011388601495461063
4.238072982300618,-5.7887030902679,-0.018308113818630786
4.341440616015267,-5.7887030902679,-0.020662859521598503
4.444808249729916,-5.7887030902679,-0.018637243958602133
4.548175883444565,-5.7887030902679,-0.013426134583384796
4.651543517159214,-5.7887030902679,-0.006940480601661858
4.754911150873865,-5.7887030902679,-0.0013209939087845293
4.858278784588514,-5.7887030902679,0.0016234409747348441
4.961646418303163,-5.7887030902679,0.0009036315597030968
5.065014052017812,-5.7887030902679,-0.0033761841359793683
5.168381685732461,-5.7887030902679,-0.010047198404683528
5.27174931944711,-5.7887030902679,-0.017212349006468876
5.3751169531617595,-5.7887030902679,-0.022803064721057784
5.478484586876409,-5.7887030902679,-0.02519782429528985
5.581852220591058,-5.7887030902679,-0.02371711534367072
5.685219854305707,-5.7887030902679,-0.0188392205065531
5.788587488020356,-5.7887030902679,-0.01206187124223501
5.8919551217350055,-5.7887030902679,-0.005443240841233842
5.995322755449654,-5.7887030902679,-0.00095843988687186
6.098690389164305,-5.7887030902679,0.00012899807332558095
6.202058022878954,-5.7887030902679,-0.0023203356047309886
6.305425656593603,-5.7887030902679,-0.00726258083261028
6.408793290308252,-5.7887030902679,-0.012791885141655066
-6.408793290308252,-5.685333392227402,-0.018473099079884633
-6.305425656593603,-5.685333392227402,-0.017825944268972754
-6.202058022878954,-5.685333392227402,-0.013351464422255892
-6.098690389164304,-5.685333392227402,-0.005943684511974696
-5.995322755449655,-5.685333392227402,0.002666189464555023
-5.8919551217350055,-5.685333392227402,0.010459393051075721
-5.788587488020356,-5.685333392227402,0.015764558729055328
-5.685219854305708,-5.685333392227402,0.017774459145856594
-5.581852220591058,-5.685333392227402,0.0167769439843052
-5.478484586876409,-5.685333392227402,0.014022696065343438
-5.3751169531617595,-5.685333392227402,0.011269076296037264
-5.27174931944711,-5.685333392227402,0.010145572191216274
-5.168381685732461,-5.685333392227402,0.01154796102031023
-5.065014052017812,-5.685333392227402,0.015264532150198629
-4.961646418303163,-5.685333392227402,0.01996827256057621
-4.858278784588514,-5.685333392227402,0.023594403012494353
-4.754911150873865,-5.685333392227402,0.02399843943975691
-4.651543517159215,-5.685333392227402,0.019695277204360758
-4.548175883444566,-5.685333392227402,0.010445403143061138
-4.444808249729917,-5.685333392227402,-0.0025073617139270295
-4.341440616015267,-5.685333392227402,-0.016641357817414926
-4.238072982300618,-5.685333392227402,-0.02876714618488478
-4.134705348585968,-5.685333392227402,-0.03587801584899891
-4.031337714871319,-5.685333392227402,-0.035998212203530486
-3.9279700811566705,-5.685333392227402,-0.02877933402451516
-3.8246024474420213,-5.685333392227402,-0.01566355015792503
-3.7212348137273725,-5.685333392227402,0.0004441338674757734
-3.6178671800127233,-5.685333392227402,0.015910020103389166
-3.514499546298074,-5.685333392227402,0.027309189510335927
-3.411131912583425,-5.685333392227402,0.03230383686159013
-3.3077642788687753,-5.685333392227402,0.030217364599103933
-3.204396645154126,-5.685333392227402,0.02214774363834376
-3.101029011439477,-5.685333392227402,0.0105968083926673
-2.9976613777248278,-5.685333392227402,-0.00126980192209253
-2.8942937440101786,-5.685333392227402,-0.01051494074158392
-2.790926110295529,-5.685333392227402,-0.015219852211552424
-2.6875584765808798,-5.685333392227402,-0.014953821046339622
-2.5841908428662306,-5.685333392227402,-0.010804098268447361
-2.4808232091515814,-5.685333392227402,-0.004976067692668913
-2.3774555754369326,-5.685333392227402,-0.00009542839135630249
-2.2740879417222835,-5.685333392227402,0.0015767630146305484
-2.1707203080076334,-5.685333392227402,-0.0012097565263931593
-2.067352674292984,-5.685333392227402,-0.008362621871666264
-1.9639850405783352,-5.685333392227402,-0.018506578306330856
-1.8606174068636863,-5.685333392227402,-0.02939688371117284
-1.757249773149037,-5.685333392227402,-0.038550677261597645
-1.6538821394343879,-5.685333392227402,-0.043907554809726836
-1.550514505719738,-5.685333392227402,-0.04433491877080589
-1.447146872005089,-5.685333392227402,-0.039850453895474876
-1.3437792382904399,-5.685333392227402,-0.03152330181474481
-1.2404116045757907,-5.685333392227402,-0.021108956066884392
-1.1370439708611417,-5.685333392227402,-0.010543094317856466
-1.0336763371464925,-5.685333392227402,-0.0014478804685414202
-0.9303087034318435,-5.685333392227402,0.005214145921254675
-0.8269410697171936,-5.685333392227402,0.009259273977040263
-0.7235734360025445,-5.685333392227402,0.011169118868254726
-0.6202058022878953,-5.685333392227402,0.011806578648120703
-0.5168381685732463,-5.685333392227402,0.012066237645270976
-0.4134705348585972,-5.685333392227402,0.012571546894695891
-0.31010290114394806,-5.685333392227402,0.013504234641368865
-0.2067352674292982,-5.685333392227402,0.01460174809943831
-0.1033676337146491,-5.685333392227402,0.01530335422055132
0.,-5.685333392227402,0.014982114885892642
0.1033676337146491,-5.685333392227402,0.013180337533163144
0.2067352674292982,-5.685333392227402,0.009773881514974802
0.31010290114394734,-5.685333392227402,0.005020714018750887
0.4134705348585964,-5.685333392227402,-0.0005101508246081226
0.5168381685732455,-5.685333392227402,-0.0060954466131638504
0.6202058022878947,-5.685333392227402,-0.01104302708590398
0.7235734360025438,-5.685333392227402,-0.014845774462474388
0.8269410697171944,-5.685333392227402,-0.017260516301880507
0.9303087034318435,-5.685333392227402,-0.01829737010333049
1.0336763371464925,-5.685333392227402,-0.0181360336117602
1.1370439708611417,-5.685333392227402,-0.01700864378170105
1.2404116045757907,-5.685333392227402,-0.01509703795772713
1.3437792382904399,-5.685333392227402,-0.012483785353450195
1.447146872005089,-5.685333392227402,-0.00917474542128017
1.550514505719738,-5.685333392227402,-0.005183599966466787
1.6538821394343872,-5.685333392227402,-0.0006447245233524736
1.7572497731490362,-5.685333392227402,0.004092384701572594
1.8606174068636854,-5.685333392227402,0.008431839950001296
1.9639850405783346,-5.685333392227402,0.01159091689089998
2.0673526742929837,-5.685333392227402,0.012750726673658614
2.1707203080076343,-5.685333392227402,0.011268277828673743
2.2740879417222835,-5.685333392227402,0.006896223351551688
2.3774555754369326,-5.685333392227402,-0.00005398502911471151
2.4808232091515814,-5.685333392227402,-0.008662909212444609
2.5841908428662306,-5.685333392227402,-0.01750130137817071
2.6875584765808798,-5.685333392227402,-0.024873007735795673
2.790926110295529,-5.685333392227402,-0.029160496204219993
2.894293744010178,-5.685333392227402,-0.029198302635044398
2.997661377724827,-5.685333392227402,-0.024583395964431966
3.101029011439476,-5.685333392227402,-0.01583753020965523
3.2043966451541253,-5.685333392227402,-0.0043658060933083305
3.3077642788687744,-5.685333392227402,0.007797462803701718
3.411131912583425,-5.685333392227402,0.018410600208532746
3.514499546298074,-5.685333392227402,0.025522000896631935
3.6178671800127233,-5.685333392227402,0.027923952959493174
3.7212348137273725,-5.685333392227402,0.02544591973342891
3.8246024474420213,-5.685333392227402,0.019004021282728656
3.9279700811566705,-5.685333392227402,0.010382075225958447
4.031337714871319,-5.685333392227402,0.0017890856541310962
4.134705348585968,-5.685333392227402,-0.004699878498417217
4.238072982300618,-5.685333392227402,-0.0076757542022540095
4.341440616015267,-5.685333392227402,-0.006757558351565717
4.444808249729916,-5.685333392227402,-0.0026819832713064215
4.548175883444565,-5.685333392227402,0.002910734494828906
4.651543517159214,-5.685333392227402,0.007942444662367246
4.754911150873865,-5.685333392227402,0.010489582841483094
4.858278784588514,-5.685333392227402,0.009338095409274726
4.961646418303163,-5.685333392227402,0.004342296051311751
5.065014052017812,-5.685333392227402,-0.003518765842570262
5.168381685732461,-5.685333392227402,-0.012408976829495714
5.27174931944711,-5.685333392227402,-0.020154523375453915
5.3751169531617595,-5.685333392227402,-0.02486721721349231
5.478484586876409,-5.685333392227402,-0.025490332854481032
5.581852220591058,-5.685333392227402,-0.02210493849577323
5.685219854305707,-5.685333392227402,-0.01590307525510435
5.788587488020356,-5.685333392227402,-0.00883220424073571
5.8919551217350055,-5.685333392227402,-0.0030141384798990653
5.995322755449654,-5.685333392227402,-0.00011112664995965704
6.098690389164305,-5.685333392227402,-0.0008299262037099638
6.202058022878954,-5.685333392227402,-0.0047148824572396395
6.305425656593603,-5.685333392227402,-0.010294278756154056
6.408793290308252,-5.685333392227402,-0.01553643959489548
-6.408793290308252,-5.5819636941869035,-0.020229902065939182
-6.305425656593603,-5.5819636941869035,-0.017989223564491074
-6.202058022878954,-5.5819636941869035,-0.01210294362454169
-6.098690389164304,-5.5819636941869035,-0.0039057361653409618
-5.995322755449655,-5.5819636941869035,0.004704395810093012
-5.8919551217350055,-5.5819636941869035,0.01186181971936947
-5.788587488020356,-5.5819636941869035,0.01629397241607959
-5.685219854305708,-5.5819636941869035,0.017671816630977437
-5.581852220591058,-5.5819636941869035,0.016644227218022885
-5.478484586876409,-5.5819636941869035,0.014551943589157621
-5.3751169531617595,-5.5819636941869035,0.012918302218034649
-5.27174931944711,-5.5819636941869035,0.012884117708512976
-5.168381685732461,-5.5819636941869035,0.014771370615357896
-5.065014052017812,-5.5819636941869035,0.017919867971501014
-4.961646418303163,-5.5819636941869035,0.020855639530576658
-4.858278784588514,-5.5819636941869035,0.021745994424198046
-4.754911150873865,-5.5819636941869035,0.01900572557869296
-4.651543517159215,-5.5819636941869035,0.011869395860313547
-4.548175883444566,-5.5819636941869035,0.0007508824476351945
-4.444808249729917,-5.5819636941869035,-0.012728549059942737
-4.341440616015267,-5.5819636941869035,-0.026066383863308933
-4.238072982300618,-5.5819636941869035,-0.03647847994750875
-4.134705348585968,-5.5819636941869035,-0.041610782365834875
-4.031337714871319,-5.5819636941869035,-0.04016719391398441
-3.9279700811566705,-5.5819636941869035,-0.03227889482418189
-3.8246024474420213,-5.5819636941869035,-0.019510914028159958
-3.7212348137273725,-5.5819636941869035,-0.004501115659731939
-3.6178671800127233,-5.5819636941869035,0.009673246280186046
-3.514499546298074,-5.5819636941869035,0.020233472047974876
-3.411131912583425,-5.5819636941869035,0.025347993967968104
-3.3077642788687753,-5.5819636941869035,0.024524826845847815
-3.204396645154126,-5.5819636941869035,0.018652688148070133
-3.101029011439477,-5.5819636941869035,0.009691068968671323
-2.9976613777248278,-5.5819636941869035,0.00010248185836361155
-2.8942937440101786,-5.5819636941869035,-0.007814471921491938
-2.790926110295529,-5.5819636941869035,-0.012511474068819
-2.6875584765808798,-5.5819636941869035,-0.013544115565474014
-2.5841908428662306,-5.5819636941869035,-0.01160795960487753
-2.4808232091515814,-5.5819636941869035,-0.008260181307821062
-2.3774555754369326,-5.5819636941869035,-0.005414357944963698
-2.2740879417222835,-5.5819636941869035,-0.004754440576753631
-2.1707203080076334,-5.5819636941869035,-0.0072315257682253565
-2.067352674292984,-5.5819636941869035,-0.012780140151950923
-1.9639850405783352,-5.5819636941869035,-0.02032763956600811
-1.8606174068636863,-5.5819636941869035,-0.028088723105655525
-1.757249773149037,-5.5819636941869035,-0.034059230895356445
-1.6538821394343879,-5.5819636941869035,-0.03657018117890406
-1.550514505719738,-5.5819636941869035,-0.034748365692029236
-1.447146872005089,-5.5819636941869035,-0.028757230810464277
-1.3437792382904399,-5.5819636941869035,-0.01975338801910377
-1.2404116045757907,-5.5819636941869035,-0.009572933885967912
-1.1370439708611417,-5.5819636941869035,-0.00023624482061948077
-1.0336763371464925,-5.5819636941869035,0.006590324670656046
-0.9303087034318435,-5.5819636941869035,0.010026038164753158
-0.8269410697171936,-5.5819636941869035,0.010181095878432663
-0.7235734360025445,-5.5819636941869035,0.008079718091027024
-0.6202058022878953,-5.5819636941869035,0.0053245028516606925
-0.5168381685732463,-5.5819636941869035,0.003598753835318813
-0.4134705348585972,-5.5819636941869035,0.0041497305506996525
-0.31010290114394806,-5.5819636941869035,0.007401745188278946
-0.2067352674292982,-5.5819636941869035,0.012811569023492063
-0.1033676337146491,-5.5819636941869035,0.01900961538285435
0.,-5.5819636941869035,0.02418821610459072
0.1033676337146491,-5.5819636941869035,0.026626506224925985
0.2067352674292982,-5.5819636941869035,0.025200897470852978
0.31010290114394734,-5.5819636941869035,0.019733048733423793
0.4134705348585964,-5.5819636941869035,0.011073332814980142
0.5168381685732455,-5.5819636941869035,0.0008940711408874887
0.6202058022878947,-5.5819636941869035,-0.008748842935599676
0.7235734360025438,-5.5819636941869035,-0.015959734994384776
0.8269410697171944,-5.5819636941869035,-0.019495574201081813
0.9303087034318435,-5.5819636941869035,-0.019066085298298455
1.0336763371464925,-5.5819636941869035,-0.015358422729803365
1.1370439708611417,-5.5819636941869035,-0.009785893988676953
1.2404116045757907,-5.5819636941869035,-0.004042678870833656
1.3437792382904399,-5.5819636941869035,0.0003963751135104893
1.447146872005089,-5.5819636941869035,0.002677637009206637
1.550514505719738,-5.5819636941869035,0.002752337730070188
1.6538821394343872,-5.5819636941869035,0.0012926442727448006
1.7572497731490362,-5.5819636941869035,-0.000623339725314703
1.8606174068636854,-5.5819636941869035,-0.0019471550071496584
1.9639850405783346,-5.5819636941869035,-0.002067165024519883
2.0673526742929837,-5.5819636941869035,-0.001048041646489863
2.1707203080076343,-5.5819636941869035,0.0003813963713502746
2.2740879417222835,-5.5819636941869035,0.0010922298262903373
2.3774555754369326,-5.5819636941869035,-0.000013749564136741177
2.4808232091515814,-5.5819636941869035,-0.003550750190543458
2.5841908428662306,-5.5819636941869035,-0.009330497124648184
2.6875584765808798,-5.5819636941869035,-0.016297162149280554
2.790926110295529,-5.5819636941869035,-0.02275508545664464
2.894293744010178,-5.5819636941869035,-0.026833453159944193
2.997661377724827,-5.5819636941869035,-0.027051344575383475
3.101029011439476,-5.5819636941869035,-0.022806942358973098
3.2043966451541253,-5.5819636941869035,-0.014630399527957446
3.3077642788687744,-5.5819636941869035,-0.0041076990601778005
3.411131912583425,-5.5819636941869035,0.006517174861068776
3.514499546298074,-5.5819636941869035,0.014953163374906599
3.6178671800127233,-5.5819636941869035,0.019507131634532323
3.7212348137273725,-5.5819636941869035,0.019567496640958464
3.8246024474420213,-5.5819636941869035,0.015775288338371093
3.9279700811566705,-5.5819636941869035,0.009823986096900921
4.031337714871319,-5.5819636941869035,0.0039424199062879604
4.134705348585968,-5.5819636941869035,0.00021349752640819158
4.238072982300618,-5.5819636941869035,-0.00006549218545825386
4.341440616015267,-5.5819636941869035,0.003214961647156582
4.444808249729916,-5.5819636941869035,0.008937438686664273
4.548175883444565,-5.5819636941869035,0.015096776384659226
4.651543517159214,-5.5819636941869035,0.01941685999957829
4.754911150873865,-5.5819636941869035,0.020058158858393654
4.858278784588514,-5.5819636941869035,0.01619992137959718
4.961646418303163,-5.5819636941869035,0.008318031510773996
5.065014052017812,-5.5819636941869035,-0.0019281525740107194
5.168381685732461,-5.5819636941869035,-0.012167388711519598
5.27174931944711,-5.5819636941869035,-0.02000448104617398
5.3751169531617595,-5.5819636941869035,-0.023716479768866157
5.478484586876409,-5.5819636941869035,-0.02274690397127302
5.581852220591058,-5.5819636941869035,-0.0178499025892748
5.685219854305707,-5.5819636941869035,-0.010843416590217543
5.788587488020356,-5.5819636941869035,-0.0040493808975929505
5.8919551217350055,-5.5819636941869035,0.0004068142459612591
5.995322755449654,-5.5819636941869035,0.0012247074611955535
6.098690389164305,-5.5819636941869035,-0.001703103210601412
6.202058022878954,-5.5819636941869035,-0.007289259153335503
6.305425656593603,-5.5819636941869035,-0.013609366170416167
6.408793290308252,-5.5819636941869035,-0.01850290959278694
-6.408793290308252,-5.478593996146405,-0.02126290613216246
-6.305425656593603,-5.478593996146405,-0.017815737489066057
-6.202058022878954,-5.478593996146405,-0.01089329020962012
-6.098690389164304,-5.478593996146405,-0.002141317779778242
-5.995322755449655,-5.478593996146405,0.006431453438456611
-5.8919551217350055,-5.478593996146405,0.013076439726550704
-5.788587488020356,-5.478593996146405,0.016809411353401152
-5.685219854305708,-5.478593996146405,0.01764048117585506
-5.581852220591058,-5.478593996146405,0.01646782630002628
-5.478484586876409,-5.478593996146405,0.014683156205020769
-5.3751169531617595,-5.478593996146405,0.013628299492226919
-5.27174931944711,-5.478593996146405,0.014086523191106873
-5.168381685732461,-5.478593996146405,0.01597672206455358
-5.065014052017812,-5.478593996146405,0.018350062820303308
-4.961646418303163,-5.478593996146405,0.01969014554302918
-4.858278784588514,-5.478593996146405,0.01842096718051945
-4.754911150873865,-5.478593996146405,0.013462028004756606
-4.651543517159215,-5.478593996146405,0.004655981840012731
-4.548175883444566,-5.478593996146405,-0.007065932003680406
-4.444808249729917,-5.478593996146405,-0.019835587609943778
-4.341440616015267,-5.478593996146405,-0.03127719309148392
-4.238072982300618,-5.478593996146405,-0.039093894972392684
-4.134705348585968,-5.478593996146405,-0.04164827483910583
-4.031337714871319,-5.478593996146405,-0.03837814268095229
-3.9279700811566705,-5.478593996146405,-0.029938570793537313
-3.8246024474420213,-5.478593996146405,-0.01803899110928367
-3.7212348137273725,-5.478593996146405,-0.00502699303301461
-3.6178671800127233,-5.478593996146405,0.006665043781573427
-3.514499546298074,-5.478593996146405,0.015064652653696886
-3.411131912583425,-5.478593996146405,0.019060230906556695
-3.3077642788687753,-5.478593996146405,0.018568491757337477
-3.204396645154126,-5.478593996146405,0.01444397964352323
-3.101029011439477,-5.478593996146405,0.008172885073624344
-2.9976613777248278,-5.478593996146405,0.0014442154257544731
-2.8942937440101786,-5.478593996146405,-0.004285146160877494
-2.790926110295529,-5.478593996146405,-0.0081223163858848
-2.6875584765808798,-5.478593996146405,-0.009891785012737778
-2.5841908428662306,-5.478593996146405,-0.010084628601111699
-2.4808232091515814,-5.478593996146405,-0.009630612329339563
-2.3774555754369326,-5.478593996146405,-0.009563261246390243
-2.2740879417222835,-5.478593996146405,-0.01067193788488318
-2.1707203080076334,-5.478593996146405,-0.013235253438647255
-2.067352674292984,-5.478593996146405,-0.016907508447530292
-1.9639850405783352,-5.478593996146405,-0.020789915012605437
-1.8606174068636863,-5.478593996146405,-0.023670349878338787
-1.757249773149037,-5.478593996146405,-0.02437045553644078
-1.6538821394343879,-5.478593996146405,-0.022107910282228898
-1.550514505719738,-5.478593996146405,-0.016772942813962348
-1.447146872005089,-5.478593996146405,-0.009035345381682706
-1.3437792382904399,-5.478593996146405,-0.00023895618846532385
-1.2404116045757907,-5.478593996146405,0.007903822508038314
-1.1370439708611417,-5.478593996146405,0.013747996596983506
-1.0336763371464925,-5.478593996146405,0.016170264544250166
-0.9303087034318435,-5.478593996146405,0.014914347519644464
-0.8269410697171936,-5.478593996146405,0.010719793319493489
-0.7235734360025445,-5.478593996146405,0.005179123201008313
-0.6202058022878953,-5.478593996146405,0.00034151280900194376
-0.5168381685732463,-5.478593996146405,-0.001843984430080873
-0.4134705348585972,-5.478593996146405,-0.00009829293332827834
-0.31010290114394806,-5.478593996146405,0.005767966045015904
-0.2067352674292982,-5.478593996146405,0.014717171526800278
-0.1033676337146491,-5.478593996146405,0.024689568840810104
0.,-5.478593996146405,0.03311426969410427
0.1033676337146491,-5.478593996146405,0.03759831205994845
0.2067352674292982,-5.478593996146405,0.03660545895107867
0.31010290114394734,-5.478593996146405,0.029928381838960457
0.4134705348585964,-5.478593996146405,0.018807885845221677
0.5168381685732455,-5.478593996146405,0.005649250206106593
0.6202058022878947,-5.478593996146405,-0.0065980768923367215
0.7235734360025438,-5.478593996146405,-0.01522955461389697
0.8269410697171944,-5.478593996146405,-0.018520033110508656
0.9303087034318435,-5.478593996146405,-0.01618983618379306
1.0336763371464925,-5.478593996146405,-0.009462847621932037
1.1370439708611417,-5.478593996146405,-0.0006954280539837778
1.2404116045757907,-5.478593996146405,0.007317319936624596
1.3437792382904399,-5.478593996146405,0.012153467972313942
1.447146872005089,-5.478593996146405,0.012452603045865266
1.550514505719738,-5.478593996146405,0.008275044529510249
1.6538821394343872,-5.478593996146405,0.0010262161464332019
1.7572497731490362,-5.478593996146405,-0.007026160041031449
1.8606174068636854,-5.478593996146405,-0.013488648695573044
1.9639850405783346,-5.478593996146405,-0.01660051414018235
2.0673526742929837,-5.478593996146405,-0.015775851786289673
2.1707203080076343,-5.478593996146405,-0.011760163763554637
2.2740879417222835,-5.478593996146405,-0.00635470901857418
2.3774555754369326,-5.478593996146405,-0.0017997208962293332
2.4808232091515814,-5.478593996146405,-0.00001665495531379027
2.5841908428662306,-5.478593996146405,-0.001954942298811977
2.6875584765808798,-5.478593996146405,-0.007255389259796429
2.790926110295529,-5.478593996146405,-0.014340677691502575
2.894293744010178,-5.478593996146405,-0.020905775841154103
2.997661377724827,-5.478593996146405,-0.024651681130557667
3.101029011439476,-5.478593996146405,-0.024026599586885546
3.2043966451541253,-5.478593996146405,-0.018735278167391203
3.3077642788687744,-5.478593996146405,-0.009851154678001826
3.411131912583425,-5.478593996146405,0.0005063626742506837
3.514499546298074,-5.478593996146405,0.009826969531438308
3.6178671800127233,-5.478593996146405,0.015986979010008534
3.7212348137273725,-5.478593996146405,0.01789963438485164
3.8246024474420213,-5.478593996146405,0.015829529611565626
3.9279700811566705,-5.478593996146405,0.01127092707503983
4.031337714871319,-5.478593996146405,0.006430702078888873
4.134705348585968,-5.478593996146405,0.0034844088116698234
4.238072982300618,-5.478593996146405,0.0038471747209168363
4.341440616015267,-5.478593996146405,0.007696108242927758
4.444808249729916,-5.478593996146405,0.013899343296208538
4.548175883444565,-5.478593996146405,0.02037523024799243
4.651543517159214,-5.478593996146405,0.024766154742210746
4.754911150873865,-5.478593996146405,0.025209942500924204
4.858278784588514,-5.478593996146405,0.02096043071882936
4.961646418303163,-5.478593996146405,0.012657404167233254
5.065014052017812,-5.478593996146405,0.002158698904467032
5.168381685732461,-5.478593996146405,-0.008012662418994503
5.27174931944711,-5.478593996146405,-0.015431034870894039
5.3751169531617595,-5.478593996146405,-0.018499471445771194
5.478484586876409,-5.478593996146405,-0.016920411980449798
5.581852220591058,-5.478593996146405,-0.011760667071670096
5.685219854305707,-5.478593996146405,-0.00509497359140765
5.788587488020356,-5.478593996146405,0.0006549758310911281
5.8919551217350055,-5.478593996146405,0.0034754275936584433
5.995322755449654,-5.478593996146405,0.0023731169699505008
6.098690389164305,-5.478593996146405,-0.0023415243428352955
6.202058022878954,-5.478593996146405,-0.009180385751827431
6.305425656593603,-5.478593996146405,-0.01596300671442163
6.408793290308252,-5.478593996146405,-0.020500432117395787
-6.408793290308252,-5.375224298105907,-0.02057881348997838
-6.305425656593603,-5.375224298105907,-0.01690802039307138
-6.202058022878954,-5.375224298105907,-0.009972508004130624
-6.098690389164304,-5.375224298105907,-0.0013977545590636749
-5.995322755449655,-5.375224298105907,0.006894120106654596
-5.8919551217350055,-5.375224298105907,0.013273099491447813
-5.788587488020356,-5.375224298105907,0.016859865842043693
-5.685219854305708,-5.375224298105907,0.01771206541548345
-5.581852220591058,-5.375224298105907,0.01669053215715317
-5.478484586876409,-5.375224298105907,0.015064774574928457
-5.3751169531617595,-5.375224298105907,0.014001215498494998
-5.27174931944711,-5.375224298105907,0.014112156960021662
-5.168381685732461,-5.375224298105907,0.015218380181018083
-5.065014052017812,-5.375224298105907,0.016403559838390213
-4.961646418303163,-5.375224298105907,0.01634003256228869
-4.858278784588514,-5.375224298105907,0.013775667923193197
-4.754911150873865,-5.375224298105907,0.008019534339865072
-4.651543517159215,-5.375224298105907,-0.0007344706030490233
-4.548175883444566,-5.375224298105907,-0.011353781398392292
-4.444808249729917,-5.375224298105907,-0.022004597506545567
-4.341440616015267,-5.375224298105907,-0.030610917579989676
-4.238072982300618,-5.375224298105907,-0.03539828924056931
-4.134705348585968,-5.375224298105907,-0.035362218666966955
-4.031337714871319,-5.375224298105907,-0.03052750372011466
-3.9279700811566705,-5.375224298105907,-0.021930343547428767
-3.8246024474420213,-5.375224298105907,-0.011338081525739924
-3.7212348137273725,-5.375224298105907,-0.0007958463280660557
-3.6178671800127233,-5.375224298105907,0.007866662722171052
-3.514499546298074,-5.375224298105907,0.013432612498043872
-3.411131912583425,-5.375224298105907,0.015501075542487025
-3.3077642788687753,-5.375224298105907,0.014459583296417748
-3.204396645154126,-5.375224298105907,0.011257744546258117
-3.101029011439477,-5.375224298105907,0.007066052373018633
-2.9976613777248278,-5.375224298105907,0.002927629025035057
-2.8942937440101786,-5.375224298105907,-0.0004986846139588155
-2.790926110295529,-5.375224298105907,-0.003041791278213075
-2.6875584765808798,-5.375224298105907,-0.00495635654640788
-2.5841908428662306,-5.375224298105907,-0.006731701366543409
-2.4808232091515814,-5.375224298105907,-0.008841169332546429
-2.3774555754369326,-5.375224298105907,-0.01151242842826911
-2.2740879417222835,-5.375224298105907,-0.014587251186419068
-2.1707203080076334,-5.375224298105907,-0.017510328490299647
-2.067352674292984,-5.375224298105907,-0.01944983279293631
-1.9639850405783352,-5.375224298105907,-0.01951751819867844
-1.8606174068636863,-5.375224298105907,-0.01703098234596686
-1.757249773149037,-5.375224298105907,-0.011749928517152803
-1.6538821394343879,-5.375224298105907,-0.004023032735987683
-1.550514505719738,-5.375224298105907,0.005199339565657
-1.447146872005089,-5.375224298105907,0.014502535297468661
-1.3437792382904399,-5.375224298105907,0.022277288458289978
-1.2404116045757907,-5.375224298105907,0.02707108040416934
-1.1370439708611417,-5.375224298105907,0.027945575494806144
-1.0336763371464925,-5.375224298105907,0.024753634749987263
-0.9303087034318435,-5.375224298105907,0.018257501590145157
-0.8269410697171936,-5.375224298105907,0.010038360803641682
-0.7235734360025445,-5.375224298105907,0.002193268877672367
-0.6202058022878953,-5.375224298105907,-0.0031303320591308274
-0.5168381685732463,-5.375224298105907,-0.004262827804271042
-0.4134705348585972,-5.375224298105907,-0.00047357406779680375
-0.31010290114394806,-5.375224298105907,0.0077637004302993666
-0.2067352674292982,-5.375224298105907,0.018792750439665096
-0.1033676337146491,-5.375224298105907,0.030107548592491516
0.,-5.375224298105907,0.03893631153294755
0.1033676337146491,-5.375224298105907,0.042941173326221486
0.2067352674292982,-5.375224298105907,0.04085234664152324
0.31010290114394734,-5.375224298105907,0.032857703184016714
0.4134705348585964,-5.375224298105907,0.020622903008788093
0.5168381685732455,-5.375224298105907,0.006912513099760214
0.6202058022878947,-5.375224298105907,-0.005105760226693593
0.7235734360025438,-5.375224298105907,-0.012695635239699958
0.8269410697171944,-5.375224298105907,-0.014297315223343047
0.9303087034318435,-5.375224298105907,-0.009968648010189107
1.0336763371464925,-5.375224298105907,-0.001385978422178348
1.1370439708611417,-5.375224298105907,0.00860938061530266
1.2404116045757907,-5.375224298105907,0.016801066930825552
1.3437792382904399,-5.375224298105907,0.020503716627317706
1.447146872005089,-5.375224298105907,0.018324735860641334
1.550514505719738,-5.375224298105907,0.010557996537914859
1.6538821394343872,-5.375224298105907,-0.0009095016951588137
1.7572497731490362,-5.375224298105907,-0.013153828841745454
1.8606174068636854,-5.375224298105907,-0.023070391117877898
1.9639850405783346,-5.375224298105907,-0.028276024640751032
2.0673526742929837,-5.375224298105907,-0.02778745124953809
2.1707203080076343,-5.375224298105907,-0.022273589490820297
2.2740879417222835,-5.375224298105907,-0.013808752702096527
2.3774555754369326,-5.375224298105907,-0.005206379245039947
2.4808232091515814,-5.375224298105907,0.0008586590694094165
2.5841908428662306,-5.375224298105907,0.002667145714162984
2.6875584765808798,-5.375224298105907,-0.000039295956290068565
2.790926110295529,-5.375224298105907,-0.006017119884022887
2.894293744010178,-5.375224298105907,-0.012949745152854667
2.997661377724827,-5.375224298105907,-0.018204962517923147
3.101029011439476,-5.375224298105907,-0.019677716732100017
3.2043966451541253,-5.375224298105907,-0.016451151242027885
3.3077642788687744,-5.375224298105907,-0.009069787127154559
3.411131912583425,-5.375224298105907,0.0006553173111522258
3.514499546298074,-5.375224298105907,0.010239350668002089
3.6178671800127233,-5.375224298105907,0.017318258041124086
3.7212348137273725,-5.375224298105907,0.020387023185931823
3.8246024474420213,-5.375224298105907,0.01924573420777845
3.9279700811566705,-5.375224298105907,0.015015212791643745
4.031337714871319,-5.375224298105907,0.009725187061079145
4.134705348585968,-5.375224298105907,0.005616427923835731
4.238072982300618,-5.375224298105907,0.004389055539341111
4.341440616015267,-5.375224298105907,0.006643372009056696
4.444808249729916,-5.375224298105907,0.011693336270526888
4.548175883444565,-5.375224298105907,0.01780865922793575
4.651543517159214,-5.375224298105907,0.022800616224595636
4.754911150873865,-5.375224298105907,0.024755239083887354
4.858278784588514,-5.375224298105907,0.022671625563842095
4.961646418303163,-5.375224298105907,0.016796931209276986
5.065014052017812,-5.375224298105907,0.008551177965404352
5.168381685732461,-5.375224298105907,0.000070296123040853
5.27174931944711,-5.375224298105907,-0.006479830318114106
5.3751169531617595,-5.375224298105907,-0.009592616807567414
5.478484586876409,-5.375224298105907,-0.008889267566718631
5.581852220591058,-5.375224298105907,-0.005217072927246121
5.685219854305707,-5.375224298105907,-0.0003503146984194443
5.788587488020356,-5.375224298105907,0.003604167051468726
5.8919551217350055,-5.375224298105907,0.004900627227968498
5.995322755449654,-5.375224298105907,0.0027223082282846014
6.098690389164305,-5.375224298105907,-0.002556860791362977
6.202058022878954,-5.375224298105907,-0.00949511863017029
6.305425656593603,-5.375224298105907,-0.01604336931003095
6.408793290308252,-5.375224298105907,-0.020189104316016632
-6.408793290308252,-5.271854600065409,-0.017199817695613448
-6.305425656593603,-5.271854600065409,-0.014661632107253334
-6.202058022878954,-5.271854600065409,-0.009224154538859391
-6.098690389164304,-5.271854600065409,-0.0020334228256509747
-5.995322755449655,-5.271854600065409,0.005391233275773237
-5.8919551217350055,-5.271854600065409,0.011615728362803395
-5.788587488020356,-5.271854600065409,0.01569490405403896
-5.685219854305708,-5.271854600065409,0.017392112368228393
-5.581852220591058,-5.271854600065409,0.017151506929837964
-5.478484586876409,-5.271854600065409,0.015845288121297856
-5.3751169531617595,-5.271854600065409,0.014393783749835862
-5.27174931944711,-5.271854600065409,0.013396784236029762
-5.168381685732461,-5.271854600065409,0.01290700569163308
-5.065014052017812,-5.271854600065409,0.012424378182274914
-4.961646418303163,-5.271854600065409,0.011111481173186123
-4.858278784588514,-5.271854600065409,0.008152831197856283
-4.754911150873865,-5.271854600065409,0.0031301614121342558
-4.651543517159215,-5.271854600065409,-0.0037208545590736775
-4.548175883444566,-5.271854600065409,-0.01146791062760124
-4.444808249729917,-5.271854600065409,-0.018677510467310147
-4.341440616015267,-5.271854600065409,-0.023793035980582803
-4.238072982300618,-5.271854600065409,-0.025578593052549337
-4.134705348585968,-5.271854600065409,-0.023488835648852655
-4.031337714871319,-5.271854600065409,-0.01784760944788945
-3.9279700811566705,-5.271854600065409,-0.009778625489623567
-3.8246024474420213,-5.271854600065409,-0.0009094193025571003
-3.7212348137273725,-5.271854600065409,0.007059867515937779
-3.6178671800127233,-5.271854600065409,0.012791245212305334
-3.514499546298074,-5.271854600065409,0.015617800962185905
-3.411131912583425,-5.271854600065409,0.015640322510960803
-3.3077642788687753,-5.271854600065409,0.013593985534431814
-3.204396645154126,-5.271854600065409,0.010539653310067221
-3.101029011439477,-5.271854600065409,0.007486898271268604
-2.9976613777248278,-5.271854600065409,0.0050727817667332534
-2.8942937440101786,-5.271854600065409,0.0033975274798244996
-2.790926110295529,-5.271854600065409,0.002064023687371175
-2.6875584765808798,-5.271854600065409,0.0004006660630505614
-2.5841908428662306,-5.271854600065409,-0.0022120259136690023
-2.4808232091515814,-5.271854600065409,-0.0060231402634461275
-2.3774555754369326,-5.271854600065409,-0.010710304006353717
-2.2740879417222835,-5.271854600065409,-0.015367612976501244
-2.1707203080076334,-5.271854600065409,-0.018695724728155068
-2.067352674292984,-5.271854600065409,-0.019345239221437733
-1.9639850405783352,-5.271854600065409,-0.016317440467888838
-1.8606174068636863,-5.271854600065409,-0.00930760543958747
-1.757249773149037,-5.271854600065409,0.001110093384398309
-1.6538821394343879,-5.271854600065409,0.013515442994159362
-1.550514505719738,-5.271854600065409,0.02589495348722237
-1.447146872005089,-5.271854600065409,0.03605956012092069
-1.3437792382904399,-5.271854600065409,0.042129892597989764
-1.2404116045757907,-5.271854600065409,0.042974012615505416
-1.1370439708611417,-5.271854600065409,0.03849271789917434
-1.0336763371464925,-5.271854600065409,0.029682107388916735
-0.9303087034318435,-5.271854600065409,0.018453335270230447
-0.8269410697171936,-5.271854600065409,0.007243820643558055
-0.7235734360025445,-5.271854600065409,-0.0014990390231513942
-0.6202058022878953,-5.271854600065409,-0.0058509604102866064
-0.5168381685732463,-5.271854600065409,-0.004843467299078768
-0.4134705348585972,-5.271854600065409,0.0013028061564058194
-0.31010290114394806,-5.271854600065409,0.011203205093167013
-0.2067352674292982,-5.271854600065409,0.022596959967273282
-0.1033676337146491,-5.271854600065409,0.03284367015792139
0.,-5.271854600065409,0.03952370238563292
0.1033676337146491,-5.271854600065409,0.04100760057355225
0.2067352674292982,-5.271854600065409,0.03685846181036354
0.31010290114394734,-5.271854600065409,0.02796245874204106
0.4134705348585964,-5.271854600065409,0.016342086776743776
0.5168381685732455,-5.271854600065409,0.004682401711389626
0.6202058022878947,-5.271854600065409,-0.004325196822208924
0.7235734360025438,-5.271854600065409,-0.008663748153731117
0.8269410697171944,-5.271854600065409,-0.007522051791488803
0.9303087034318435,-5.271854600065409,-0.0015313810220802886
1.0336763371464925,-5.271854600065409,0.007367575020003264
1.1370439708611417,-5.271854600065409,0.016407563738830462
1.2404116045757907,-5.271854600065409,0.022711759982567015
1.3437792382904399,-5.271854600065409,0.0240599441189895
1.447146872005089,-5.271854600065409,0.019497450443817597
1.550514505719738,-5.271854600065409,0.009615930980090349
1.6538821394343872,-5.271854600065409,-0.0035795960307796067
1.7572497731490362,-5.271854600065409,-0.01718967128438487
1.8606174068636854,-5.271854600065409,-0.028188045785014233
1.9639850405783346,-5.271854600065409,-0.03422721086160139
2.0673526742929837,-5.271854600065409,-0.034256213018402634
2.1707203080076343,-5.271854600065409,-0.028775582971311255
2.2740879417222835,-5.271854600065409,-0.019656795913280418
2.3774555754369326,-5.271854600065409,-0.009579281611678975
2.4808232091515814,-5.271854600065409,-0.001249650316518695
2.5841908428662306,-5.271854600065409,0.0033682030250641475
2.6875584765808798,-5.271854600065409,0.003587071044402188
2.790926110295529,-5.271854600065409,0.00014038982513030622
2.894293744010178,-5.271854600065409,-0.0051005123968287745
2.997661377724827,-5.271854600065409,-0.009744127406173553
3.101029011439476,-5.271854600065409,-0.011639402478788077
3.2043966451541253,-5.271854600065409,-0.009545915815908898
3.3077642788687744,-5.271854600065409,-0.0035105248970594095
3.411131912583425,-5.271854600065409,0.005160097961749017
3.514499546298074,-5.271854600065409,0.014315852811005008
3.6178671800127233,-5.271854600065409,0.021633512895349268
3.7212348137273725,-5.271854600065409,0.025329358901997646
3.8246024474420213,-5.271854600065409,0.024692804372226325
3.9279700811566705,-5.271854600065409,0.020279116790598087
4.031337714871319,-5.271854600065409,0.013708542342829621
4.134705348585968,-5.271854600065409,0.007143085627033805
4.238072982300618,-5.271854600065409,0.002611545773526322
4.341440616015267,-5.271854600065409,0.00139710220084069
4.444808249729916,-5.271854600065409,0.0036768362225499084
4.548175883444565,-5.271854600065409,0.00851821056715242
4.651543517159214,-5.271854600065409,0.01422173859150775
4.754911150873865,-5.271854600065409,0.018889517017042477
4.858278784588514,-5.271854600065409,0.021030977590917106
4.961646418303163,-5.271854600065409,0.02001121290816951
5.065014052017812,-5.271854600065409,0.0162040872068942
5.168381685732461,-5.271854600065409,0.010812209678926677
5.27174931944711,-5.271854600065409,0.005425300594181298
5.3751169531617595,-5.271854600065409,0.0014716503220551843
5.478484586876409,-5.271854600065409,-0.00025228944531378
5.581852220591058,-5.271854600065409,0.00017966237051351337
5.685219854305707,-5.271854600065409,0.0018897423951646994
5.788587488020356,-5.271854600065409,0.00353699260589781
5.8919551217350055,-5.271854600065409,0.003811433191259512
5.995322755449654,-5.271854600065409,0.001912122235779522
6.098690389164305,-5.271854600065409,-0.0021516894634419324
6.202058022878954,-5.271854600065409,-0.007535185919515843
6.305425656593603,-5.271854600065409,-0.012813823705355649
6.408793290308252,-5.271854600065409,-0.01643246560314022
-6.408793290308252,-5.168484902024911,-0.010509656129962158
-6.305425656593603,-5.168484902024911,-0.010507796481642654
-6.202058022878954,-5.168484902024911,-0.008268157434897084
-6.098690389164304,-5.168484902024911,-0.0039841594485672364
-5.995322755449655,-5.168484902024911,0.0016024362949950976
-5.8919551217350055,-5.168484902024911,0.007420676690758522
-5.788587488020356,-5.168484902024911,0.012383829452747764
-5.685219854305708,-5.168484902024911,0.01568958315049598
-5.581852220591058,-5.168484902024911,0.01700902054264907
-5.478484586876409,-5.168484902024911,0.0165092624583586
-5.3751169531617595,-5.168484902024911,0.014715056656689688
-5.27174931944711,-5.168484902024911,0.012270740751913062
-5.168381685732461,-5.168484902024911,0.009696225882590349
-5.065014052017812,-5.168484902024911,0.007228067511010764
-4.961646418303163,-5.168484902024911,0.004800998805048187
-4.858278784588514,-5.168484902024911,0.002169986049992451
-4.754911150873865,-5.168484902024911,-0.0008816878373713948
-4.651543517159215,-5.168484902024911,-0.00433660761106916
-4.548175883444566,-5.168484902024911,-0.007828566801675351
-4.444808249729917,-5.168484902024911,-0.01067486883323071
-4.341440616015267,-5.168484902024911,-0.012056357650431119
-4.238072982300618,-5.168484902024911,-0.011288785423057744
-4.134705348585968,-5.168484902024911,-0.008090737959176676
-4.031337714871319,-5.168484902024911,-0.0027482640240356336
-3.9279700811566705,-5.168484902024911,0.003892512907259813
-3.8246024474420213,-5.168484902024911,0.010616165668665984
-3.7212348137273725,-5.168484902024911,0.016159478543279808
-3.6178671800127233,-5.168484902024911,0.019562881817872493
-3.514499546298074,-5.168484902024911,0.020436138026565173
-3.411131912583425,-5.168484902024911,0.019047452313109108
-3.3077642788687753,-5.168484902024911,0.01620238579531916
-3.204396645154126,-5.168484902024911,0.012949760981282426
-3.101029011439477,-5.168484902024911,0.01021215685710815
-2.9976613777248278,-5.168484902024911,0.008467476101103062
-2.8942937440101786,-5.168484902024911,0.0075944881731634445
-2.790926110295529,-5.168484902024911,0.0069424262711238385
-2.6875584765808798,-5.168484902024911,0.005609268173157307
-2.5841908428662306,-5.168484902024911,0.002840009425089781
-2.4808232091515814,-5.168484902024911,-0.0015901922115915596
-2.3774555754369326,-5.168484902024911,-0.00714613108430881
-2.2740879417222835,-5.168484902024911,-0.012551010538275773
-2.1707203080076334,-5.168484902024911,-0.016071645309690637
-2.067352674292984,-5.168484902024911,-0.01600221642882975
-1.9639850405783352,-5.168484902024911,-0.011209413732890864
-1.8606174068636863,-5.168484902024911,-0.0015730230839466383
-1.757249773149037,-5.168484902024911,0.011822229332341483
-1.6538821394343879,-5.168484902024911,0.026820767185014197
-1.550514505719738,-5.168484902024911,0.04064053436335122
-1.447146872005089,-5.168484902024911,0.050520831940792335
-1.3437792382904399,-5.168484902024911,0.05440455968660711
-1.2404116045757907,-5.168484902024911,0.05147109084443439
-1.1370439708611417,-5.168484902024911,0.04237333109130325
-1.0336763371464925,-5.168484902024911,0.02911107537277882
-0.9303087034318435,-5.168484902024911,0.014569988397976472
-0.8269410697171936,-5.168484902024911,0.0018439117844414516
-0.7235734360025445,-5.168484902024911,-0.006486514026197794
-0.6202058022878953,-5.168484902024911,-0.00893791733923044
-0.5168381685732463,-5.168484902024911,-0.005429747554546418
-0.4134705348585972,-5.168484902024911,0.0027549027676983715
-0.31010290114394806,-5.168484902024911,0.013330691468835146
-0.2067352674292982,-5.168484902024911,0.023592487146996504
-0.1033676337146491,-5.168484902024911,0.031068767241718302
0.,-5.168484902024911,0.03408687597731306
0.1033676337146491,-5.168484902024911,0.03212141705650168
0.2067352674292982,-5.168484902024911,0.025856151882730848
0.31010290114394734,-5.168484902024911,0.01696097889211764
0.4134705348585964,-5.168484902024911,0.00765104673597264
0.5168381685732455,-5.168484902024911,0.00014027428486366853
0.6202058022878947,-5.168484902024911,-0.0038817099660712327
0.7235734360025438,-5.168484902024911,-0.003632886701166061
0.8269410697171944,-5.168484902024911,0.000597198648807324
0.9303087034318435,-5.168484902024911,0.007531400803513745
1.0336763371464925,-5.168484902024911,0.015211309150583344
1.1370439708611417,-5.168484902024911,0.021453953029159516
1.2404116045757907,-5.168484902024911,0.024356528871016997
1.3437792382904399,-5.168484902024911,0.02273774143602334
1.447146872005089,-5.168484902024911,0.01641805832531229
1.550514505719738,-5.168484902024911,0.006275260219369275
1.6538821394343872,-5.168484902024911,-0.005939975450273791
1.7572497731490362,-5.168484902024911,-0.017990326787387545
1.8606174068636854,-5.168484902024911,-0.027654486147907786
1.9639850405783346,-5.168484902024911,-0.0332306423998912
2.0673526742929837,-5.168484902024911,-0.03392064040248851
2.1707203080076343,-5.168484902024911,-0.029999006999992247
2.2740879417222835,-5.168484902024911,-0.022720709732796263
2.3774555754369326,-5.168484902024911,-0.01398595697202259
2.4808232091515814,-5.168484902024911,-0.005843835731587468
2.5841908428662306,-5.168484902024911,0.000038014309490510347
2.6875584765808798,-5.168484902024911,0.002796962801514589
2.790926110295529,-5.168484902024911,0.0025758329803904057
2.894293744010178,-5.168484902024911,0.00044181430607667313
2.997661377724827,-5.168484902024911,-0.001957494350946141
3.101029011439476,-5.168484902024911,-0.0029071355943011525
3.2043966451541253,-5.168484902024911,-0.00116196085383795
3.3077642788687744,-5.168484902024911,0.0036481510935239166
3.411131912583425,-5.168484902024911,0.010866933554502111
3.514499546298074,-5.168484902024911,0.01896494291479158
3.6178671800127233,-5.168484902024911,0.025959599306309845
3.7212348137273725,-5.168484902024911,0.029984467037849356
3.8246024474420213,-5.168484902024911,0.029843209467081525
3.9279700811566705,-5.168484902024911,0.025384650567970728
4.031337714871319,-5.168484902024911,0.01758526640302635
4.134705348585968,-5.168484902024911,0.008310200088698707
4.238072982300618,-5.168484902024911,-0.0001814870287233255
4.341440616015267,-5.168484902024911,-0.005845689406168048
4.444808249729916,-5.168484902024911,-0.007400629264729218
4.548175883444565,-5.168484902024911,-0.004655657979278878
4.651543517159214,-5.168484902024911,0.0014699809107835248
4.754911150873865,-5.168484902024911,0.009237312208842456
4.858278784588514,-5.168484902024911,0.016594459054971717
4.961646418303163,-5.168484902024911,0.0217460897439063
5.065014052017812,-5.168484902024911,0.02361756674916515
5.168381685732461,-5.168484902024911,0.02208342241290524
5.27174931944711,-5.168484902024911,0.017906059074889902
5.3751169531617595,-5.168484902024911,0.012420943893388152
5.478484586876409,-5.168484902024911,0.00708041301858733
5.581852220591058,-5.168484902024911,0.003006091151556028
5.685219854305707,-5.168484902024911,0.0006890695536298996
5.788587488020356,-5.168484902024911,-0.00007756400109781875
5.8919551217350055,-5.168484902024911,-0.000028501674919899283
5.995322755449654,-5.168484902024911,-0.00009046605265582277
6.098690389164305,-5.168484902024911,-0.0010037497458626485
6.202058022878954,-5.168484902024911,-0.0030320423826559846
6.305425656593603,-5.168484902024911,-0.005856075792934841
6.408793290308252,-5.168484902024911,-0.008680763510861904
-6.408793290308252,-5.065115203984413,-0.0005697323574253262
-6.305425656593603,-5.065115203984413,-0.0042019461374518926
-6.202058022878954,-5.065115203984413,-0.006666595421778792
-6.098690389164304,-5.065115203984413,-0.006841323449942653
-5.995322755449655,-5.065115203984413,-0.00434312123768008
-5.8919551217350055,-5.065115203984413,0.0003563299092427919
-5.788587488020356,-5.065115203984413,0.0060970396653664514
-5.685219854305708,-5.065115203984413,0.011409799649483203
-5.581852220591058,-5.065115203984413,0.014973302218965995
-5.478484586876409,-5.065115203984413,0.015997313229562982
-5.3751169531617595,-5.065115203984413,0.014414260838825532
-5.27174931944711,-5.065115203984413,0.010833132103922612
-5.168381685732461,-5.065115203984413,0.006291854729440626
-5.065014052017812,-5.065115203984413,0.001908566856961804
-4.961646418303163,-5.065115203984413,-0.0014427457836059926
-4.858278784588514,-5.065115203984413,-0.0033271584865497317
-4.754911150873865,-5.065115203984413,-0.003764988116820741
-4.651543517159215,-5.065115203984413,-0.0030890398137918195
-4.548175883444566,-5.065115203984413,-0.001719181583431898
-4.444808249729917,-5.065115203984413,0.00004568589669136299
-4.341440616015267,-5.065115203984413,0.002134211183028775
-4.238072982300618,-5.065115203984413,0.004671540246499007
-4.134705348585968,-5.065115203984413,0.00783445125714388
-4.031337714871319,-5.065115203984413,0.011664819763965122
-3.9279700811566705,-5.065115203984413,0.015931322005724145
-3.8246024474420213,-5.065115203984413,0.020109658920647203
-3.7212348137273725,-5.065115203984413,0.02350233211193548
-3.6178671800127233,-5.065115203984413,0.025459533217648204
-3.514499546298074,-5.065115203984413,0.02561671863873607
-3.411131912583425,-5.065115203984413,0.024050877438719885
-3.3077642788687753,-5.065115203984413,0.021283172712195465
-3.204396645154126,-5.065115203984413,0.018112284107950904
-3.101029011439477,-5.065115203984413,0.01532974319595018
-2.9976613777248278,-5.065115203984413,0.013420196221976662
-2.8942937440101786,-5.065115203984413,0.012364755771687186
-2.790926110295529,-5.065115203984413,0.011636025375492926
-2.6875584765808798,-5.065115203984413,0.010407070267245315
-2.5841908428662306,-5.065115203984413,0.0079159175701384
-2.4808232091515814,-5.065115203984413,0.003861222383893534
-2.3774555754369326,-5.065115203984413,-0.0013208904081009774
-2.2740879417222835,-5.065115203984413,-0.00642156217567291
-2.1707203080076334,-5.065115203984413,-0.009713885701373742
-2.067352674292984,-5.065115203984413,-0.009447303562342047
-1.9639850405783352,-5.065115203984413,-0.004441577779704082
-1.8606174068636863,-5.065115203984413,0.005409109718441916
-1.757249773149037,-5.065115203984413,0.0189002993995543
-1.6538821394343879,-5.065115203984413,0.03365634105461712
-1.550514505719738,-5.065115203984413,0.04663907679290557
-1.447146872005089,-5.065115203984413,0.05490304356426543
-1.3437792382904399,-5.065115203984413,0.056388812531753464
-1.2404116045757907,-5.065115203984413,0.05052215865695608
-1.1370439708611417,-5.065115203984413,0.03843422393931357
-1.0336763371464925,-5.065115203984413,0.02272401817428658
-0.9303087034318435,-5.065115203984413,0.006817768683082603
-0.8269410697171936,-5.065115203984413,-0.005901041028269223
-0.7235734360025445,-5.065115203984413,-0.012948550875193976
-0.6202058022878953,-5.065115203984413,-0.013345401509209862
-0.5168381685732463,-5.065115203984413,-0.007805004875657301
-0.4134705348585972,-5.065115203984413,0.0015373578509453245
-0.31010290114394806,-5.065115203984413,0.011764966497478905
-0.2067352674292982,-5.065115203984413,0.01999756022426595
-0.1033676337146491,-5.065115203984413,0.024151846271001972
0.,-5.065115203984413,0.02343722527532875
0.1033676337146491,-5.065115203984413,0.01846584237130074
0.2067352674292982,-5.065115203984413,0.010972872949673338
0.31010290114394734,-5.065115203984413,0.003253523486291316
0.4134705348585964,-5.065115203984413,-0.00250495508417552
0.5168381685732455,-5.065115203984413,-0.004803482541397976
0.6202058022878947,-5.065115203984413,-0.0031734612746613217
0.7235734360025438,-5.065115203984413,0.0017869776983606331
0.8269410697171944,-5.065115203984413,0.008657959727323429
0.9303087034318435,-5.065115203984413,0.015624270880339098
1.0336763371464925,-5.065115203984413,0.020946877809159544
1.1370439708611417,-5.065115203984413,0.023351384149058463
1.2404116045757907,-5.065115203984413,0.022249277694606495
1.3437792382904399,-5.065115203984413,0.017768711735985675
1.447146872005089,-5.065115203984413,0.010627477392938957
1.550514505719738,-5.065115203984413,0.0019149064302334193
1.6538821394343872,-5.065115203984413,-0.007144981232431378
1.7572497731490362,-5.065115203984413,-0.015395199701296877
1.8606174068636854,-5.065115203984413,-0.0218884539138502
1.9639850405783346,-5.065115203984413,-0.025973685443975287
2.0673526742929837,-5.065115203984413,-0.027342709408695258
2.1707203080076343,-5.065115203984413,-0.026050116376872625
2.2740879417222835,-5.065115203984413,-0.022505969867620376
2.3774555754369326,-5.065115203984413,-0.017427315767933865
2.4808232091515814,-5.065115203984413,-0.011731641097554361
2.5841908428662306,-5.065115203984413,-0.0063682856793134705
2.6875584765808798,-5.065115203984413,-0.0021093278995087806
2.790926110295529,-5.065115203984413,0.0006508759678461505
2.894293744010178,-5.065115203984413,0.00202227982773875
2.997661377724827,-5.065115203984413,0.002613280644665444
3.101029011439476,-5.065115203984413,0.003366140455875553
3.2043966451541253,-5.065115203984413,0.005257960657745327
3.3077642788687744,-5.065115203984413,0.008943806799016204
3.411131912583425,-5.065115203984413,0.014452901338917976
3.514499546298074,-5.065115203984413,0.02104919425927991
3.6178671800127233,-5.065115203984413,0.02732872246482007
3.7212348137273725,-5.065115203984413,0.03155642748452454
3.8246024474420213,-5.065115203984413,0.032165178073660775
3.9279700811566705,-5.065115203984413,0.028276253039011594
4.031337714871319,-5.065115203984413,0.020077074826448566
4.134705348585968,-5.065115203984413,0.008920505452382212
4.238072982300618,-5.065115203984413,-0.00291429516739216
4.341440616015267,-5.065115203984413,-0.012757801065001123
4.444808249729916,-5.065115203984413,-0.018245071099095768
4.548175883444565,-5.065115203984413,-0.017973073919979255
4.651543517159214,-5.065115203984413,-0.011923417865155762
4.754911150873865,-5.065115203984413,-0.0015149487893327143
4.858278784588514,-5.065115203984413,0.010742925899562864
4.961646418303163,-5.065115203984413,0.021906034321661036
5.065014052017812,-5.065115203984413,0.029375346084337662
5.168381685732461,-5.065115203984413,0.03157608660193169
5.27174931944711,-5.065115203984413,0.028339841254282624
5.3751169531617595,-5.065115203984413,0.020882570946525354
5.478484586876409,-5.065115203984413,0.01139352762688716
5.581852220591058,-5.065115203984413,0.002366811971377412
5.685219854305707,-5.065115203984413,-0.00411787837540879
5.788587488020356,-5.065115203984413,-0.006949063132055278
5.8919551217350055,-5.065115203984413,-0.006213221016167596
5.995322755449654,-5.065115203984413,-0.003047380870494244
6.098690389164305,-5.065115203984413,0.000819477239419017
6.202058022878954,-5.065115203984413,0.0036759217193926873
6.305425656593603,-5.065115203984413,0.0043879926553474025
6.408793290308252,-5.065115203984413,0.002734254078674247
-6.408793290308252,-4.961745505943915,0.011716103023825182
-6.305425656593603,-4.961745505943915,0.003956136642457942
-6.202058022878954,-4.961745505943915,-0.004144161097706624
-6.098690389164304,-4.961745505943915,-0.00999487079979607
-5.995322755449655,-4.961745505943915,-0.011859966961109015
-5.8919551217350055,-4.961745505943915,-0.009361394743981946
-5.788587488020356,-4.961745505943915,-0.003523202690179172
-5.685219854305708,-4.961745505943915,0.0036336413710175994
-5.581852220591058,-4.961745505943915,0.009791010286878753
-5.478484586876409,-4.961745505943915,0.013086573522853584
-5.3751169531617595,-4.961745505943915,0.012675141179058018
-5.27174931944711,-4.961745505943915,0.008930391598833127
-5.168381685732461,-4.961745505943915,0.003246473622659378
-5.065014052017812,-4.961745505943915,-0.0024678958107361925
-4.961646418303163,-4.961745505943915,-0.006416155280344
-4.858278784588514,-4.961745505943915,-0.00744898280326741
-4.754911150873865,-4.961745505943915,-0.0053423019495212175
-4.651543517159215,-4.961745505943915,-0.0007520485051499738
-4.548175883444566,-4.961745505943915,0.0051062421503442305
-4.444808249729917,-4.961745505943915,0.010916116744709001
-4.341440616015267,-4.961745505943915,0.01568588951419981
-4.238072982300618,-4.961745505943915,0.018998479194954704
-4.134705348585968,-4.961745505943915,0.021019277155009963
-4.031337714871319,-4.961745505943915,0.02229008775235486
-3.9279700811566705,-4.961745505943915,0.023413355445360617
-3.8246024474420213,-4.961745505943915,0.024762194890804216
-3.7212348137273725,-4.961745505943915,0.026329283613267255
-3.6178671800127233,-4.961745505943915,0.02776310671132612
-3.514499546298074,-4.961745505943915,0.028560413017230363
-3.411131912583425,-4.961745505943915,0.028320814700493552
-3.3077642788687753,-4.961745505943915,0.026947515831783717
-3.204396645154126,-4.961745505943915,0.024704860556090003
-3.101029011439477,-4.961745505943915,0.02210712278660836
-2.9976613777248278,-4.961745505943915,0.0196874839521163
-2.8942937440101786,-4.961745505943915,0.01775087922833262
-2.790926110295529,-4.961745505943915,0.016226341595382155
-2.6875584765808798,-4.961745505943915,0.014697344086208257
-2.5841908428662306,-4.961745505943915,0.012615648090892663
-2.4808232091515814,-4.961745505943915,0.009623387753128945
-2.3774555754369326,-4.961745505943915,0.005852037409090054
-2.2740879417222835,-4.961745505943915,0.002059952956499791
-2.1707203080076334,-4.961745505943915,-0.0004810614469624166
-2.067352674292984,-4.961745505943915,-0.00034987429545536267
-1.9639850405783352,-4.961745505943915,0.0035089714793907286
-1.8606174068636863,-4.961745505943915,0.011291187165475357
-1.757249773149037,-4.961745505943915,0.022046467815880478
-1.6538821394343879,-4.961745505943915,0.03373465763010151
-1.550514505719738,-4.961745505943915,0.04365302008540147
-1.447146872005089,-4.961745505943915,0.04913742534180881
-1.3437792382904399,-4.961745505943915,0.04833753983255334
-1.2404116045757907,-4.961745505943915,0.04082386233773469
-1.1370439708611417,-4.961745505943915,0.027820971243211024
-1.0336763371464925,-4.961745505943915,0.011968609357829429
-0.9303087034318435,-4.961745505943915,-0.003342348550917391
-0.8269410697171936,-4.961745505943915,-0.014875257726025978
-0.7235734360025445,-4.961745505943915,-0.02042809002964357
-0.6202058022878953,-4.961745505943915,-0.01942302103074681
-0.5168381685732463,-4.961745505943915,-0.013024755981880623
-0.4134705348585972,-4.961745505943915,-0.0037512120939500117
-0.31010290114394806,-4.961745505943915,0.005302925165001387
-0.2067352674292982,-4.961745505943915,0.011390079064096259
-0.1033676337146491,-4.961745505943915,0.012898377895630322
0.,-4.961745505943915,0.009768916984539732
0.1033676337146491,-4.961745505943915,0.003426151444365766
0.2067352674292982,-4.961745505943915,-0.0037395274521249337
0.31010290114394734,-4.961745505943915,-0.009159699056196876
0.4134705348585964,-4.961745505943915,-0.010891157139583794
0.5168381685732455,-4.961745505943915,-0.008185417717196216
0.6202058022878947,-4.961745505943915,-0.0016606965054945105
0.7235734360025438,-4.961745505943915,0.006953530311397526
0.8269410697171944,-4.961745505943915,0.015392334200126078
0.9303087034318435,-4.961745505943915,0.021549449785334584
1.0336763371464925,-4.961745505943915,0.024063769898212305
1.1370439708611417,-4.961745505943915,0.022623770515866906
1.2404116045757907,-4.961745505943915,0.0179209040671643
1.3437792382904399,-4.961745505943915,0.011303889705194407
1.447146872005089,-4.961745505943915,0.004280177062115617
1.550514505719738,-4.961745505943915,-0.0019519901450450812
1.6538821394343872,-4.961745505943915,-0.006786708711863812
1.7572497731490362,-4.961745505943915,-0.010235535836545653
1.8606174068636854,-4.961745505943915,-0.012721914764246979
1.9639850405783346,-4.961745505943915,-0.014754710434927152
2.0673526742929837,-4.961745505943915,-0.016625898589357996
2.1707203080076343,-4.961745505943915,-0.018254973108914253
2.2740879417222835,-4.961745505943915,-0.01923390733903222
2.3774555754369326,-4.961745505943915,-0.019040022207519564
2.4808232091515814,-4.961745505943915,-0.017314297768188908
2.5841908428662306,-4.961745505943915,-0.014076735996228818
2.6875584765808798,-4.961745505943915,-0.009778092399916217
2.790926110295529,-4.961745505943915,-0.005157305317380549
2.894293744010178,-4.961745505943915,-0.000958204578014481
2.997661377724827,-4.961745505943915,0.0023764765789292225
3.101029011439476,-4.961745505943915,0.004898060799213079
3.2043966451541253,-4.961745505943915,0.007134378563645856
3.3077642788687744,-4.961745505943915,0.00984584925831062
3.411131912583425,-4.961745505943915,0.013634060610324388
3.514499546298074,-4.961745505943915,0.018552596332696587
3.6178671800127233,-4.961745505943915,0.02388706976180169
3.7212348137273725,-4.961745505943915,0.028223890783191017
3.8246024474420213,-4.961745505943915,0.029828237547640475
3.9279700811566705,-4.961745505943915,0.02723443479828643
4.031337714871319,-4.961745505943915,0.019858979475347642
4.134705348585968,-4.961745505943915,0.008414277692503138
4.238072982300618,-4.961745505943915,-0.005053470000977663
4.341440616015267,-4.961745505943915,-0.017565996887978316
4.444808249729916,-4.961745505943915,-0.025972704404603048
4.548175883444565,-4.961745505943915,-0.02785739814959901
4.651543517159214,-4.961745505943915,-0.022313432888243823
4.754911150873865,-4.961745505943915,-0.010329900143456673
4.858278784588514,-4.961745505943915,0.005360497846541803
4.961646418303163,-4.961745505943915,0.0209580527846778
5.065014052017812,-4.961745505943915,0.032616479670747545
5.168381685732461,-4.961745505943915,0.0375108197583909
5.27174931944711,-4.961745505943915,0.03463150662822652
5.3751169531617595,-4.961745505943915,0.025059862576357037
5.478484586876409,-4.961745505943915,0.011636102854036311
5.581852220591058,-4.961745505943915,-0.001882703871140167
5.685219854305707,-4.961745505943915,-0.011919719479859314
5.788587488020356,-4.961745505943915,-0.01609739247289666
5.8919551217350055,-4.961745505943915,-0.013872035030427604
5.995322755449654,-4.961745505943915,-0.00660016751832109
6.098690389164305,-4.961745505943915,0.0029680225435298534
6.202058022878954,-4.961745505943915,0.011594943011863795
6.305425656593603,-4.961745505943915,0.01656863079586749
6.408793290308252,-4.961745505943915,0.016505126138576468
-6.408793290308252,-4.858375807903417,0.024672375157456253
-6.305425656593603,-4.858375807903417,0.013066143797457621
-6.202058022878954,-4.858375807903417,-0.0007363595058398493
-6.098690389164304,-4.858375807903417,-0.012788826881908284
-5.995322755449655,-4.858375807903417,-0.019965425767710154
-5.8919551217350055,-4.858375807903417,-0.020848436549323338
-5.788587488020356,-4.858375807903417,-0.016032524455556977
-5.685219854305708,-4.858375807903417,-0.007781408111518817
-5.581852220591058,-4.858375807903417,0.0008180108459512889
-5.478484586876409,-4.858375807903417,0.0069056487903048965
-5.3751169531617595,-4.858375807903417,0.008754154658178538
-5.27174931944711,-4.858375807903417,0.006248055694765301
-5.168381685732461,-4.858375807903417,0.0008077069482880205
-5.065014052017812,-4.858375807903417,-0.005182218525215664
-4.961646418303163,-4.858375807903417,-0.009221559106115341
-4.858278784588514,-4.858375807903417,-0.009524949823962086
-4.754911150873865,-4.858375807903417,-0.005562286627661864
-4.651543517159215,-4.858375807903417,0.001848676011947493
-4.548175883444566,-4.858375807903417,0.010896560432468446
-4.444808249729917,-4.858375807903417,0.019427574379649065
-4.341440616015267,-4.858375807903417,0.025654965433580073
-4.238072982300618,-4.858375807903417,0.028685712696897344
-4.134705348585968,-4.858375807903417,0.02870328182574424
-4.031337714871319,-4.858375807903417,0.02677472130747339
-3.9279700811566705,-4.858375807903417,0.02438158599686192
-3.8246024474420213,-4.858375807903417,0.022861377601360085
-3.7212348137273725,-4.858375807903417,0.02296167969196975
-3.6178671800127233,-4.858375807903417,0.024652151257584617
-3.514499546298074,-4.858375807903417,0.027235101967783507
-3.411131912583425,-4.858375807903417,0.02968418706311034
-3.3077642788687753,-4.858375807903417,0.031063694736898156
-3.204396645154126,-4.858375807903417,0.030864135019031916
-3.101029011439477,-4.858375807903417,0.02913593255612509
-2.9976613777248278,-4.858375807903417,0.026390954578152392
-2.8942937440101786,-4.858375807903417,0.023335520237700236
-2.790926110295529,-4.858375807903417,0.02056175515968717
-2.6875584765808798,-4.858375807903417,0.01833308903321651
-2.5841908428662306,-4.858375807903417,0.016552539533967764
-2.4808232091515814,-4.858375807903417,0.01491944088830644
-2.3774555754369326,-4.858375807903417,0.01319566320704174
-2.2740879417222835,-4.858375807903417,0.011450892759910984
-2.1707203080076334,-4.858375807903417,0.010159954945872136
-2.067352674292984,-4.858375807903417,0.010083577061078191
-1.9639850405783352,-4.858375807903417,0.011955502835089024
-1.8606174068636863,-4.858375807903417,0.016087629013534895
-1.757249773149037,-4.858375807903417,0.022054601864990742
-1.6538821394343879,-4.858375807903417,0.028607513761166478
-1.550514505719738,-4.858375807903417,0.03389327930537267
-1.447146872005089,-4.858375807903417,0.03594595101699872
-1.3437792382904399,-4.858375807903417,0.03330827688661593
-1.2404116045757907,-4.858375807903417,0.02557722314448403
-1.1370439708611417,-4.858375807903417,0.01367314650715838
-1.0336763371464925,-4.858375807903417,-0.0002885782117403132
-0.9303087034318435,-4.858375807903417,-0.013516365225228467
-0.8269410697171936,-4.858375807903417,-0.02331006617787699
-0.7235734360025445,-4.858375807903417,-0.027842492730530542
-0.6202058022878953,-4.858375807903417,-0.02670237926944919
-0.5168381685732463,-4.858375807903417,-0.02101425339333033
-0.4134705348585972,-4.858375807903417,-0.01308387499294459
-0.31010290114394806,-4.858375807903417,-0.005672920069163881
-0.2067352674292982,-4.858375807903417,-0.0011311199088709625
-0.1033676337146491,-4.858375807903417,-0.0006649867509477496
0.,-4.858375807903417,-0.003980773537281327
0.1033676337146491,-4.858375807903417,-0.00941794231604335
0.2067352674292982,-4.858375807903417,-0.01452815292520254
0.31010290114394734,-4.858375807903417,-0.01690769921852881
0.4134705348585964,-4.858375807903417,-0.015008104886569217
0.5168381685732455,-4.858375807903417,-0.008658455774577724
0.6202058022878947,-4.858375807903417,0.0008690729421372187
0.7235734360025438,-4.858375807903417,0.011265511220005138
0.8269410697171944,-4.858375807903417,0.019921300692842592
0.9303087034318435,-4.858375807903417,0.02474331801681715
1.0336763371464925,-4.858375807903417,0.024781946155011003
1.1370439708611417,-4.858375807903417,0.020467452340253267
1.2404116045757907,-4.858375807903417,0.013391348246336416
1.3437792382904399,-4.858375807903417,0.00572341946780809
1.447146872005089,-4.858375807903417,-0.0005247886333652897
1.550514505719738,-4.858375807903417,-0.004134641726190374
1.6538821394343872,-4.858375807903417,-0.00500246539568286
1.7572497731490362,-4.858375807903417,-0.004054409741898579
1.8606174068636854,-4.858375807903417,-0.0028050790487847525
1.9639850405783346,-4.858375807903417,-0.002733883690631247
2.0673526742929837,-4.858375807903417,-0.00471070502788322
2.1707203080076343,-4.858375807903417,-0.008675849675783841
2.2740879417222835,-4.858375807903417,-0.013679922408314275
2.3774555754369326,-4.858375807903417,-0.018254566188145013
2.4808232091515814,-4.858375807903417,-0.02096455183860829
2.5841908428662306,-4.858375807903417,-0.020929142592138402
2.6875584765808798,-4.858375807903417,-0.018118057287206
2.790926110295529,-4.858375807903417,-0.013317214785952046
2.894293744010178,-4.858375807903417,-0.007787573283867931
2.997661377724827,-4.858375807903417,-0.002758481808774755
3.101029011439476,-4.858375807903417,0.0010395957950962735
3.2043966451541253,-4.858375807903417,0.0036137693679787995
3.3077642788687744,-4.858375807903417,0.0056193011149686155
3.411131912583425,-4.858375807903417,0.007973252036284557
3.514499546298074,-4.858375807903417,0.011324844722975272
3.6178671800127233,-4.858375807903417,0.015602989243738789
3.7212348137273725,-4.858375807903417,0.019844605914949617
3.8246024474420213,-4.858375807903417,0.022409494573372317
3.9279700811566705,-4.858375807903417,0.02154164178876129
4.031337714871319,-4.858375807903417,0.016095569125573275
4.134705348585968,-4.858375807903417,0.006163029787179481
4.238072982300618,-4.858375807903417,-0.006655160303781554
4.341440616015267,-4.858375807903417,-0.0194824413484862
4.444808249729916,-4.858375807903417,-0.02888670415942854
4.548175883444565,-4.858375807903417,-0.031893340374443725
4.651543517159214,-4.858375807903417,-0.02697624092874582
4.754911150873865,-4.858375807903417,-0.014691747518712031
4.858278784588514,-4.858375807903417,0.0022857160586227756
4.961646418303163,-4.858375807903417,0.019785895190329368
5.065014052017812,-4.858375807903417,0.03326994862619026
5.168381685732461,-4.858375807903417,0.039136761000571875
5.27174931944711,-4.858375807903417,0.03580833737346079
5.3751169531617595,-4.858375807903417,0.024247605730896696
5.478484586876409,-4.858375807903417,0.007729407107534258
5.581852220591058,-4.858375807903417,-0.009084439017551798
5.685219854305707,-4.858375807903417,-0.02149573710311186
5.788587488020356,-4.858375807903417,-0.026138599211108043
5.8919551217350055,-4.858375807903417,-0.02194888571216255
5.995322755449654,-4.858375807903417,-0.010439381563489874
6.098690389164305,-4.858375807903417,0.004798448456532056
6.202058022878954,-4.858375807903417,0.019204853229597845
6.305425656593603,-4.858375807903417,0.02862503520704709
6.408793290308252,-4.858375807903417,0.03052003353555805
-6.408793290308252,-4.755006109862919,0.036171491446106784
-6.305425656593603,-4.755006109862919,0.021775480971640535
-6.202058022878954,-4.755006109862919,0.0031882541813592928
-6.098690389164304,-4.755006109862919,-0.014649590295528378
-5.995322755449655,-4.755006109862919,-0.027409977027442727
-5.8919551217350055,-4.755006109862919,-0.032579210842204206
-5.788587488020356,-4.755006109862919,-0.030038123970037033
-5.685219854305708,-4.755006109862919,-0.021874948774096615
-5.581852220591058,-4.755006109862919,-0.01153326849881359
-5.478484586876409,-4.755006109862919,-0.0026027774068349578
-5.3751169531617595,-4.755006109862919,0.0023413623651735794
-5.27174931944711,-4.755006109862919,0.0024817966467768266
-5.168381685732461,-4.755006109862919,-0.0011291369960724287
-5.065014052017812,-4.755006109862919,-0.006085810635553424
-4.961646418303163,-4.755006109862919,-0.009565199962266504
-4.858278784588514,-4.755006109862919,-0.009346472051810243
-4.754911150873865,-4.755006109862919,-0.004568663370055989
-4.651543517159215,-4.755006109862919,0.004013749753776745
-4.548175883444566,-4.755006109862919,0.014337302572758556
-4.444808249729917,-4.755006109862919,0.023766459412466284
-4.341440616015267,-4.755006109862919,0.029991505389483343
-4.238072982300618,-4.755006109862919,0.03177740264406597
-4.134705348585968,-4.755006109862919,0.029319550753638138
-4.031337714871319,-4.755006109862919,0.024107393295703303
-3.9279700811566705,-4.755006109862919,0.018367852860841652
-3.8246024474420213,-4.755006109862919,0.014298230517879687
-3.7212348137273725,-4.755006109862919,0.013357264395668826
-3.6178671800127233,-4.755006109862919,0.015847415880730756
-3.514499546298074,-4.755006109862919,0.02090840979349634
-3.411131912583425,-4.755006109862919,0.02689473049109929
-3.3077642788687753,-4.755006109862919,0.031980990180458496
-3.204396645154126,-4.755006109862919,0.03477246559917093
-3.101029011439477,-4.755006109862919,0.03471321542009804
-2.9976613777248278,-4.755006109862919,0.03217079775574839
-2.8942937440101786,-4.755006109862919,0.0281996808874782
-2.790926110295529,-4.755006109862919,0.024098825407383777
-2.6875584765808798,-4.755006109862919,0.020942399682549157
-2.5841908428662306,-4.755006109862919,0.019256159469682503
-2.4808232091515814,-4.755006109862919,0.018942258421984624
-2.3774555754369326,-4.755006109862919,0.019451810294353417
-2.2740879417222835,-4.755006109862919,0.020108256611964248
-2.1707203080076334,-4.755006109862919,0.020431959820495303
-2.067352674292984,-4.755006109862919,0.02032595792981344
-1.9639850405783352,-4.755006109862919,0.02004856461759467
-1.8606174068636863,-4.755006109862919,0.019992934342913046
-1.757249773149037,-4.755006109862919,0.020378573085990167
-1.6538821394343879,-4.755006109862919,0.021000905844615562
-1.550514505719738,-4.755006109862919,0.021165506446105896
-1.447146872005089,-4.755006109862919,0.01986033585758191
-1.3437792382904399,-4.755006109862919,0.016120478506443957
-1.2404116045757907,-4.755006109862919,0.009454213194096624
-1.1370439708611417,-4.755006109862919,0.0001614690819961009
-1.0336763371464925,-4.755006109862919,-0.010597084219806433
-0.9303087034318435,-4.755006109862919,-0.02103728820888458
-0.8269410697171936,-4.755006109862919,-0.029239496502145815
-0.7235734360025445,-4.755006109862919,-0.03373291292603854
-0.6202058022878953,-4.755006109862919,-0.033974801425035665
-0.5168381685732463,-4.755006109862919,-0.03054797108023458
-0.4134705348585972,-4.755006109862919,-0.024990940510555688
-0.31010290114394806,-4.755006109862919,-0.019301891141783777
-0.2067352674292982,-4.755006109862919,-0.015275270086717228
-0.1033676337146491,-4.755006109862919,-0.013895711012861977
0.,-4.755006109862919,-0.015002185418578192
0.1033676337146491,-4.755006109862919,-0.01734751137356091
0.2067352674292982,-4.755006109862919,-0.01904341212304491
0.31010290114394734,-4.755006109862919,-0.018245789485579336
0.4134705348585964,-4.755006109862919,-0.013846746871903591
0.5168381685732455,-4.755006109862919,-0.0059314855697761674
0.6202058022878947,-4.755006109862919,0.00416568544997511
0.7235734360025438,-4.755006109862919,0.014236300973090423
0.8269410697171944,-4.755006109862919,0.02188490442811163
0.9303087034318435,-4.755006109862919,0.02529956356723293
1.0336763371464925,-4.755006109862919,0.023844509978167228
1.1370439708611417,-4.755006109862919,0.018271366960382722
1.2404116045757907,-4.755006109862919,0.010474089040525731
1.3437792382904399,-4.755006109862919,0.002868258085301495
1.447146872005089,-4.755006109862919,-0.0023960865724262717
1.550514505719738,-4.755006109862919,-0.004122125969840544
1.6538821394343872,-4.755006109862919,-0.002423360525646587
1.7572497731490362,-4.755006109862919,0.0013665033941166894
1.8606174068636854,-4.755006109862919,0.005193388568237714
1.9639850405783346,-4.755006109862919,0.0070148994962780445
2.0673526742929837,-4.755006109862919,0.005509926165970857
2.1707203080076343,-4.755006109862919,0.0005233408370745095
2.2740879417222835,-4.755006109862919,-0.006900140288885555
2.3774555754369326,-4.755006109862919,-0.014892788987322799
2.4808232091515814,-4.755006109862919,-0.021407758345688102
2.5841908428662306,-4.755006109862919,-0.02489636737405181
2.6875584765808798,-4.755006109862919,-0.024779993674196976
2.790926110295529,-4.755006109862919,-0.02155843343880562
2.894293744010178,-4.755006109862919,-0.016532906582442566
2.997661377724827,-4.755006109862919,-0.01126374308098983
3.101029011439476,-4.755006109862919,-0.006978128823574908
3.2043966451541253,-4.755006109862919,-0.004157075646475273
3.3077642788687744,-4.755006109862919,-0.0024578889809256078
3.411131912583425,-4.755006109862919,-0.0009957741315715237
3.514499546298074,-4.755006109862919,0.0011346818506779183
3.6178671800127233,-4.755006109862919,0.004316484325382375
3.7212348137273725,-4.755006109862919,0.008080382113166576
3.8246024474420213,-4.755006109862919,0.01114775854175578
3.9279700811566705,-4.755006109862919,0.011864306152056974
4.031337714871319,-4.755006109862919,0.00888561034764533
4.134705348585968,-4.755006109862919,0.0018622637650886076
4.238072982300618,-4.755006109862919,-0.008152630101645056
4.341440616015267,-4.755006109862919,-0.01877203105253412
4.444808249729916,-4.755006109862919,-0.02685854182443272
4.548175883444565,-4.755006109862919,-0.02947479935513713
4.651543517159214,-4.755006109862919,-0.024903941527111007
4.754911150873865,-4.755006109862919,-0.013389382887664348
4.858278784588514,-4.755006109862919,0.002691037839375104
4.961646418303163,-4.755006109862919,0.019331347343188775
5.065014052017812,-4.755006109862919,0.03197735539751496
5.168381685732461,-4.755006109862919,0.03687354037017351
5.27174931944711,-4.755006109862919,0.03226136828791215
5.3751169531617595,-4.755006109862919,0.019036859243481627
5.478484586876409,-4.755006109862919,0.0006289859047860592
5.581852220591058,-4.755006109862919,-0.01790098703956831
5.685219854305707,-4.755006109862919,-0.031291319790679666
5.788587488020356,-4.755006109862919,-0.035618611934286684
5.8919551217350055,-4.755006109862919,-0.02947404103759448
5.995322755449654,-4.755006109862919,-0.014410533275568916
6.098690389164305,-4.755006109862919,0.00548461430809611
6.202058022878954,-4.755006109862919,0.024767596124901547
6.305425656593603,-4.755006109862919,0.03821015382916474
6.408793290308252,-4.755006109862919,0.04228891712500538
-6.408793290308252,-4.6516364118224205,0.04413242464734371
-6.305425656593603,-4.6516364118224205,0.02860024205639344
-6.202058022878954,-4.6516364118224205,0.007034534082524972
-6.098690389164304,-4.6516364118224205,-0.015170258819130795
-5.995322755449655,-4.6516364118224205,-0.032877786312184444
-5.8919551217350055,-4.6516364118224205,-0.042603224947241176
-5.788587488020356,-4.6516364118224205,-0.04333831802129508
-5.685219854305708,-4.6516364118224205,-0.036588951462493996
-5.581852220591058,-4.6516364118224205,-0.02565969154965439
-5.478484586876409,-4.6516364118224205,-0.014453322402524017
-5.3751169531617595,-4.6516364118224205,-0.006192822297651832
-5.27174931944711,-4.6516364118224205,-0.0024765172653462156
-5.168381685732461,-4.6516364118224205,-0.0029479080377623184
-5.065014052017812,-4.6516364118224205,-0.005646649914847884
-4.961646418303163,-4.6516364118224205,-0.00787986172334867
-4.858278784588514,-4.6516364118224205,-0.007288578496936387
-4.754911150873865,-4.6516364118224205,-0.002734744512655661
-4.651543517159215,-4.6516364118224205,0.005288174389751387
-4.548175883444566,-4.6516364118224205,0.01484367757864701
-4.444808249729917,-4.6516364118224205,0.023253642189843767
-4.341440616015267,-4.6516364118224205,0.0280543345805544
-4.238072982300618,-4.6516364118224205,0.027870017819153974
-4.134705348585968,-4.6516364118224205,0.022905353686234354
-4.031337714871319,-4.6516364118224205,0.014896070367261385
-3.9279700811566705,-4.6516364118224205,0.006545629350355751
-3.8246024474420213,-4.6516364118224205,0.0006485174324511139
-3.7212348137273725,-4.6516364118224205,-0.0007996823755276044
-3.6178671800127233,-4.6516364118224205,0.0027896960980483406
-3.514499546298074,-4.6516364118224205,0.010463233420428776
-3.411131912583425,-4.6516364118224205,0.020089466018973653
-3.3077642788687753,-4.6516364118224205,0.02908152941738239
-3.204396645154126,-4.6516364118224205,0.035225006304788434
-3.101029011439477,-4.6516364118224205,0.0373349364306072
-2.9976613777248278,-4.6516364118224205,0.0355372091196122
-2.8942937440101786,-4.6516364118224205,0.03110624563452178
-2.790926110295529,-4.6516364118224205,0.025943307997274206
-2.6875584765808798,-4.6516364118224205,0.021895058763789017
-2.5841908428662306,-4.6516364118224205,0.020152485423052334
-2.4808232091515814,-4.6516364118224205,0.020926004601705742
-2.3774555754369326,-4.6516364118224205,0.023483463070438554
-2.2740879417222835,-4.6516364118224205,0.026505535182112138
-2.1707203080076334,-4.6516364118224205,0.02860545344815565
-2.067352674292984,-4.6516364118224205,0.028813809756845835
-1.9639850405783352,-4.6516364118224205,0.026857391591746573
-1.8606174068636863,-4.6516364118224205,0.023149402889506673
-1.757249773149037,-4.6516364118224205,0.018521608920347352
-1.6538821394343879,-4.6516364118224205,0.013824117368259073
-1.550514505719738,-4.6516364118224205,0.009561241079246267
-1.447146872005089,-4.6516364118224205,0.005708469133699032
-1.3437792382904399,-4.6516364118224205,0.0017773811278671496
-1.2404116045757907,-4.6516364118224205,-0.0029060996190882946
-1.1370439708611417,-4.6516364118224205,-0.008829981080554628
-1.0336763371464925,-4.6516364118224205,-0.015987541012084182
-0.9303087034318435,-4.6516364118224205,-0.023762946637627128
-0.8269410697171936,-4.6516364118224205,-0.031065455624395506
-0.7235734360025445,-4.6516364118224205,-0.036667958324875044
-0.6202058022878953,-4.6516364118224205,-0.03962355950399626
-0.5168381685732463,-4.6516364118224205,-0.03960010468532274
-0.4134705348585972,-4.6516364118224205,-0.037000496738865386
-0.31010290114394806,-4.6516364118224205,-0.032816328500811065
-0.2067352674292982,-4.6516364118224205,-0.02826397709456877
-0.1033676337146491,-4.6516364118224205,-0.024337350047921945
0.,-4.6516364118224205,-0.02144713946108834
0.1033676337146491,-4.6516364118224205,-0.01928805463267846
0.2067352674292982,-4.6516364118224205,-0.016992298450825425
0.31010290114394734,-4.6516364118224205,-0.013519601955559152
0.4134705348585964,-4.6516364118224205,-0.008141483261167053
0.5168381685732455,-4.6516364118224205,-0.0008353377004204038
0.6202058022878947,-4.6516364118224205,0.007570196400292671
0.7235734360025438,-4.6516364118224205,0.015570889128381058
0.8269410697171944,-4.6516364118224205,0.021439233616047108
0.9303087034318435,-4.6516364118224205,0.02380410082329807
1.0336763371464925,-4.6516364118224205,0.0221540448854228
1.1370439708611417,-4.6516364118224205,0.017078292544559025
1.2404116045757907,-4.6516364118224205,0.010145094125716207
1.3437792382904399,-4.6516364118224205,0.0034418065013490846
1.447146872005089,-4.6516364118224205,-0.001078829916518427
1.550514505719738,-4.6516364118224205,-0.0022292545717322518
1.6538821394343872,-4.6516364118224205,0.00002053111320448788
1.7572497731490362,-4.6516364118224205,0.004526567918600848
1.8606174068636854,-4.6516364118224205,0.009341759558074723
1.9639850405783346,-4.6516364118224205,0.012352991105013335
2.0673526742929837,-4.6516364118224205,0.011972177200682088
2.1707203080076343,-4.6516364118224205,0.007650444486596691
2.2740879417222835,-4.6516364118224205,0.00004599275693543376
2.3774555754369326,-4.6516364118224205,-0.009204127237699656
2.4808232091515814,-4.6516364118224205,-0.018022147264579638
2.5841908428662306,-4.6516364118224205,-0.02454717006832256
2.6875584765808798,-4.6516364118224205,-0.02768570707907052
2.790926110295529,-4.6516364118224205,-0.027372999370402468
2.894293744010178,-4.6516364118224205,-0.024470997110431308
2.997661377724827,-4.6516364118224205,-0.020361046539963474
3.101029011439476,-4.6516364118224205,-0.016397456370796995
3.2043966451541253,-4.6516364118224205,-0.013432873975924735
3.3077642788687744,-4.6516364118224205,-0.011591746518589604
3.411131912583425,-4.6516364118224205,-0.010367327493397478
3.514499546298074,-4.6516364118224205,-0.008988654971445962
3.6178671800127233,-4.6516364118224205,-0.006895558914492566
3.7212348137273725,-4.6516364118224205,-0.0041138919870986205
3.8246024474420213,-4.6516364118224205,-0.0013588865794178506
3.9279700811566705,-4.6516364118224205,0.00019955607085143264
4.031337714871319,-4.6516364118224205,-0.0005618340249993392
4.134705348585968,-4.6516364118224205,-0.004140740620278649
4.238072982300618,-4.6516364118224205,-0.009992198912517522
4.341440616015267,-4.6516364118224205,-0.016473082287590635
4.444808249729916,-4.6516364118224205,-0.021226514732317375
4.548175883444565,-4.6516364118224205,-0.021922000093539062
4.651543517159214,-4.6516364118224205,-0.017121025676485303
4.754911150873865,-4.6516364118224205,-0.006963820817365032
4.858278784588514,-4.6516364118224205,0.006596461100529636
4.961646418303163,-4.6516364118224205,0.020153612686621778
5.065014052017812,-4.6516364118224205,0.029749393610450967
5.168381685732461,-4.6516364118224205,0.03207031510242954
5.27174931944711,-4.6516364118224205,0.025571421126487286
5.3751169531617595,-4.6516364118224205,0.011151145418568448
5.478484586876409,-4.6516364118224205,-0.00787988030343498
5.581852220591058,-4.6516364118224205,-0.026581170651884263
5.685219854305707,-4.6516364118224205,-0.039721575205001504
5.788587488020356,-4.6516364118224205,-0.043292151104218725
5.8919551217350055,-4.6516364118224205,-0.035735522842372865
5.995322755449654,-4.6516364118224205,-0.018503899064772303
6.098690389164305,-4.6516364118224205,0.004246983013747343
6.202058022878954,-4.6516364118224205,0.026759165874162327
6.305425656593603,-4.6516364118224205,0.04325450030409011
6.408793290308252,-4.6516364118224205,0.04953166417189731
-6.408793290308252,-4.548266713781922,0.04706303356365503
-6.305425656593603,-4.548266713781922,0.03232371020421644
-6.202058022878954,-4.548266713781922,0.010169766654998892
-6.098690389164304,-4.548266713781922,-0.014155146459152286
-5.995322755449655,-4.548266713781922,-0.035239832973793114
-5.8919551217350055,-4.548266713781922,-0.048938571944974106
-5.788587488020356,-4.548266713781922,-0.053362401673212545
-5.685219854305708,-4.548266713781922,-0.04915867483864756
-5.581852220591058,-4.548266713781922,-0.039036838660283686
-5.478484586876409,-4.548266713781922,-0.02673253805236122
-5.3751169531617595,-4.548266713781922,-0.015767560507777726
-5.27174931944711,-4.548266713781922,-0.008408529027988082
-5.168381685732461,-4.548266713781922,-0.005141389576779538
-5.065014052017812,-4.548266713781922,-0.0047935658286573
-4.961646418303163,-4.548266713781922,-0.005214967332657778
-4.858278784588514,-4.548266713781922,-0.0042467992871055476
-4.754911150873865,-4.548266713781922,-0.000622693081316672
-4.651543517159215,-4.548266713781922,0.005514676413143117
-4.548175883444566,-4.548266713781922,0.012653179648847433
-4.444808249729917,-4.548266713781922,0.018479094296865523
-4.341440616015267,-4.548266713781922,0.020760409380939118
-4.238072982300618,-4.548266713781922,0.01822528355133078
-4.134705348585968,-4.548266713781922,0.011120477077519486
-4.031337714871319,-4.548266713781922,0.0012484064307658564
-3.9279700811566705,-4.548266713781922,-0.008536761964441893
-3.8246024474420213,-4.548266713781922,-0.015207052036331778
-3.7212348137273725,-4.548266713781922,-0.016518196665412085
-3.6178671800127233,-4.548266713781922,-0.01172630341547911
-3.514499546298074,-4.548266713781922,-0.0018261346200433054
-3.411131912583425,-4.548266713781922,0.01076454447546279
-3.3077642788687753,-4.548266713781922,0.0229651050919288
-3.204396645154126,-4.548266713781922,0.03198206869414042
-3.101029011439477,-4.548266713781922,0.03613713168889425
-2.9976613777248278,-4.548266713781922,0.035309344789609065
-2.8942937440101786,-4.548266713781922,0.03086221828953883
-2.790926110295529,-4.548266713781922,0.02510030773406215
-2.6875584765808798,-4.548266713781922,0.020453295065649378
-2.5841908428662306,-4.548266713781922,0.018667742107635495
-2.4808232091515814,-4.548266713781922,0.02027219605790758
-2.3774555754369326,-4.548266713781922,0.024478354126486034
-2.2740879417222835,-4.548266713781922,0.029527519008455964
-2.1707203080076334,-4.548266713781922,0.03334150167107438
-2.067352674292984,-4.548266713781922,0.03424134943207664
-1.9639850405783352,-4.548266713781922,0.031486324537739176
-1.8606174068636863,-4.548266713781922,0.025459756888965783
-1.757249773149037,-4.548266713781922,0.017458750243300646
-1.6538821394343879,-4.548266713781922,0.009183922531044032
-1.550514505719738,-4.548266713781922,0.002124796160055728
-1.447146872005089,-4.548266713781922,-0.0029368451873801
-1.3437792382904399,-4.548266713781922,-0.006135713027015681
-1.2404116045757907,-4.548266713781922,-0.008383891584622164
-1.1370439708611417,-4.548266713781922,-0.01095032069253243
-1.0336763371464925,-4.548266713781922,-0.014923064816868233
-0.9303087034318435,-4.548266713781922,-0.020753933948010134
-0.8269410697171936,-4.548266713781922,-0.028047846312311206
-0.7235734360025445,-4.548266713781922,-0.03566550749482822
-0.6202058022878953,-4.548266713781922,-0.042093117439651835
-0.5168381685732463,-4.548266713781922,-0.04593884202797882
-0.4134705348585972,-4.548266713781922,-0.04637575860495407
-0.31010290114394806,-4.548266713781922,-0.04337746415058448
-0.2067352674292982,-4.548266713781922,-0.037673637699276834
-0.1033676337146491,-4.548266713781922,-0.030457226046168587
0.,-4.548266713781922,-0.02296365929144606
0.1033676337146491,-4.548266713781922,-0.016083494738223004
0.2067352674292982,-4.548266713781922,-0.01014942368130382
0.31010290114394734,-4.548266713781922,-0.004965978873327605
0.4134705348585964,-4.548266713781922,-0.000054025759182166336
0.5168381685732455,-4.548266713781922,0.0050010190032518265
0.6202058022878947,-4.548266713781922,0.01024700882831862
0.7235734360025438,-4.548266713781922,0.015238704809746326
0.8269410697171944,-4.548266713781922,0.01914625857379812
0.9303087034318435,-4.548266713781922,0.021063140546396006
1.0336763371464925,-4.548266713781922,0.020396052937316465
1.1370439708611417,-4.548266713781922,0.017181235222520446
1.2404116045757907,-4.548266713781922,0.012192645484225951
1.3437792382904399,-4.548266713781922,0.006780990127021083
1.447146872005089,-4.548266713781922,0.002481968501311242
1.550514505719738,-4.548266713781922,0.0005208234259174534
1.6538821394343872,-4.548266713781922,0.001385123068238869
1.7572497731490362,-4.548266713781922,0.004621056902702703
1.8606174068636854,-4.548266713781922,0.00893508714726768
1.9639850405783346,-4.548266713781922,0.01257803097748268
2.0673526742929837,-4.548266713781922,0.013889747343676968
2.1707203080076343,-4.548266713781922,0.01182505536962942
2.2740879417222835,-4.548266713781922,0.006286227781213521
2.3774555754369326,-4.548266713781922,-0.0018469437543344345
2.4808232091515814,-4.548266713781922,-0.010995100885537486
2.5841908428662306,-4.548266713781922,-0.019366414791394147
2.6875584765808798,-4.548266713781922,-0.025485433095628916
2.790926110295529,-4.548266713781922,-0.028587605972024022
2.894293744010178,-4.548266713781922,-0.028756757590268526
2.997661377724827,-4.548266713781922,-0.0267778591481348
3.101029011439476,-4.548266713781922,-0.023779085912767537
3.2043966451541253,-4.548266713781922,-0.020808104557085465
3.3077642788687744,-4.548266713781922,-0.018502372174590838
3.411131912583425,-4.548266713781922,-0.016967608095174808
3.514499546298074,-4.548266713781922,-0.01589093370477541
3.6178671800127233,-4.548266713781922,-0.014819737543887396
3.7212348137273725,-4.548266713781922,-0.013471375993644098
3.8246024474420213,-4.548266713781922,-0.011928462660058882
3.9279700811566705,-4.548266713781922,-0.010624506893310393
4.031337714871319,-4.548266713781922,-0.010116202427863985
4.134705348585968,-4.548266713781922,-0.010735933926799352
4.238072982300618,-4.548266713781922,-0.012281563997112294
4.341440616015267,-4.548266713781922,-0.013902240349618834
4.444808249729916,-4.548266713781922,-0.014273606909925629
4.548175883444565,-4.548266713781922,-0.01204423537565203
4.651543517159214,-4.548266713781922,-0.006417682151125706
4.754911150873865,-4.548266713781922,0.002342951704795392
4.858278784588514,-4.548266713781922,0.012704592413523402
4.961646418303163,-4.548266713781922,0.022085096091637547
5.065014052017812,-4.548266713781922,0.027501634243153245
5.168381685732461,-4.548266713781922,0.026485939255268088
5.27174931944711,-4.548266713781922,0.01798871190459341
5.3751169531617595,-4.548266713781922,0.0029637660373359287
5.478484586876409,-4.548266713781922,-0.015604974189432217
5.581852220591058,-4.548266713781922,-0.033309937936050915
5.685219854305707,-4.548266713781922,-0.04543544986632925
5.788587488020356,-4.548266713781922,-0.048282001498749665
5.8919551217350055,-4.548266713781922,-0.040308136717365134
5.995322755449654,-4.548266713781922,-0.022728545374293235
6.098690389164305,-4.548266713781922,0.0006459042765337039
6.202058022878954,-4.548266713781922,0.024317907120431567
6.305425656593603,-4.548266713781922,0.04252546114750447
6.408793290308252,-4.548266713781922,0.05077459383928724
-6.408793290308252,-4.444897015741423,0.044484746649562264
-6.305425656593603,-4.444897015741423,0.03234509959912909
-6.202058022878954,-4.444897015741423,0.012120323256816095
-6.098690389164304,-4.444897015741423,-0.011639117047022175
-5.995322755449655,-4.444897015741423,-0.033819074863329496
-5.8919551217350055,-4.444897015741423,-0.05006378134023019
-5.788587488020356,-4.444897015741423,-0.05781913228190279
-5.685219854305708,-4.444897015741423,-0.056809953791938074
-5.581852220591058,-4.444897015741423,-0.0488446403053488
-5.478484586876409,-4.444897015741423,-0.03704972192229059
-5.3751169531617595,-4.444897015741423,-0.02480732303026944
-5.27174931944711,-4.444897015741423,-0.01474618397999591
-5.168381685732461,-4.444897015741423,-0.008099042221598752
-5.065014052017812,-4.444897015741423,-0.00460118563143812
-4.961646418303163,-4.444897015741423,-0.002915212042607768
-4.858278784588514,-4.444897015741423,-0.0013901041383282558
-4.754911150873865,-4.444897015741423,0.001142235050189965
-4.651543517159215,-4.444897015741423,0.004829119287272716
-4.548175883444566,-4.444897015741423,0.008710366964419926
-4.444808249729917,-4.444897015741423,0.011106482380060153
-4.341440616015267,-4.444897015741423,0.010331305884088284
-4.238072982300618,-4.444897015741423,0.0054599127337707195
-4.134705348585968,-4.444897015741423,-0.0031398058251827423
-4.031337714871319,-4.444897015741423,-0.013721974500370996
-3.9279700811566705,-4.444897015741423,-0.023577456917174812
-3.8246024474420213,-4.444897015741423,-0.029824833203912413
-3.7212348137273725,-4.444897015741423,-0.030318065043759102
-3.6178671800127233,-4.444897015741423,-0.024363961780895074
-3.514499546298074,-4.444897015741423,-0.013000722589410036
-3.411131912583425,-4.444897015741423,0.0012669654913344585
-3.3077642788687753,-4.444897015741423,0.015199549436691055
-3.204396645154126,-4.444897015741423,0.025787651646313983
-3.101029011439477,-4.444897015741423,0.031138578844122574
-2.9976613777248278,-4.444897015741423,0.03099824825845601
-2.8942937440101786,-4.444897015741423,0.026743954682109626
-2.790926110295529,-4.444897015741423,0.020859089643037603
-2.6875584765808798,-4.444897015741423,0.01607135871102945
-2.5841908428662306,-4.444897015741423,0.014443995960321383
-2.4808232091515814,-4.444897015741423,0.01671937638388425
-2.3774555754369326,-4.444897015741423,0.0221242353298313
-2.2740879417222835,-4.444897015741423,0.028687231525590072
-2.1707203080076334,-4.444897015741423,0.03394729625972566
-2.067352674292984,-4.444897015741423,0.035803410795825434
-1.9639850405783352,-4.444897015741423,0.03321545266359027
-1.8606174068636863,-4.444897015741423,0.026523707609639343
-1.757249773149037,-4.444897015741423,0.017289916119831574
-1.6538821394343879,-4.444897015741423,0.007727804750738244
-1.550514505719738,-4.444897015741423,-0.0000707904714886096
-1.447146872005089,-4.444897015741423,-0.004843315276187348
-1.3437792382904399,-4.444897015741423,-0.006555595129011557
-1.2404116045757907,-4.444897015741423,-0.006361840992064595
-1.1370439708611417,-4.444897015741423,-0.006148026409012404
-1.0336763371464925,-4.444897015741423,-0.007823357820017949
-0.9303087034318435,-4.444897015741423,-0.012607482210321534
-0.8269410697171936,-4.444897015741423,-0.020557703623191093
-0.7235734360025445,-4.444897015741423,-0.03049399202501938
-0.6202058022878953,-4.444897015741423,-0.04034150095472087
-0.5168381685732463,-4.444897015741423,-0.04776906446969468
-0.4134705348585972,-4.444897015741423,-0.05090594843492229
-0.31010290114394806,-4.444897015741423,-0.048899472391977006
-0.2067352674292982,-4.444897015741423,-0.042137347559562804
-0.1033676337146491,-4.444897015741423,-0.03207715401367169
0.,-4.444897015741423,-0.020758787455233147
0.1033676337146491,-4.444897015741423,-0.01017770173312718
0.2067352674292982,-4.444897015741423,-0.001733529082734864
0.31010290114394734,-4.444897015741423,0.004069866782236029
0.4134705348585964,-4.444897015741423,0.007594158180350519
0.5168381685732455,-4.444897015741423,0.009747045456805055
0.6202058022878947,-4.444897015741423,0.011513403944476806
0.7235734360025438,-4.444897015741423,0.013521262965071794
0.8269410697171944,-4.444897015741423,0.01580271850338092
0.9303087034318435,-4.444897015741423,0.01782874660859278
1.0336763371464925,-4.444897015741423,0.018790034852774338
1.1370439708611417,-4.444897015741423,0.018003057060482452
1.2404116045757907,-4.444897015741423,0.015275243443134617
1.3437792382904399,-4.444897015741423,0.011080773192955837
1.447146872005089,-4.444897015741423,0.006471538460247102
1.550514505719738,-4.444897015741423,0.0027485160865417103
1.6538821394343872,-4.444897015741423,0.0010098444117621597
1.7572497731490362,-4.444897015741423,0.0017400726503270173
1.8606174068636854,-4.444897015741423,0.004593046260633709
1.9639850405783346,-4.444897015741423,0.008453412276021314
2.0673526742929837,-4.444897015741423,0.011763445965325492
2.1707203080076343,-4.444897015741423,0.013008292689800647
2.2740879417222835,-4.444897015741423,0.011197157605641384
2.3774555754369326,-4.444897015741423,0.006179774101953087
2.4808232091515814,-4.444897015741423,-0.0013048053407698176
2.5841908428662306,-4.444897015741423,-0.009857747285328906
2.6875584765808798,-4.444897015741423,-0.017845240357437155
2.790926110295529,-4.444897015741423,-0.02387327334099286
2.894293744010178,-4.444897015741423,-0.027157183190572094
2.997661377724827,-4.444897015741423,-0.02767471662179927
3.101029011439476,-4.444897015741423,-0.026071403072868208
3.2043966451541253,-4.444897015741423,-0.023373106693880593
3.3077642788687744,-4.444897015741423,-0.020621618147882208
3.411131912583425,-4.444897015741423,-0.018564401869281478
3.514499546298074,-4.444897015741423,-0.017496216285008286
3.6178671800127233,-4.444897015741423,-0.01728365258397311
3.7212348137273725,-4.444897015741423,-0.017531035258012837
3.8246024474420213,-4.444897015741423,-0.01779615573357556
3.9279700811566705,-4.444897015741423,-0.017755687760446903
4.031337714871319,-4.444897015741423,-0.0172545747161762
4.134705348585968,-4.444897015741423,-0.016235370509603164
4.238072982300618,-4.444897015741423,-0.014605454322948883
4.341440616015267,-4.444897015741423,-0.012134849494727915
4.444808249729916,-4.444897015741423,-0.008468468522127804
4.548175883444565,-4.444897015741423,-0.0032853336700897147
4.651543517159214,-4.444897015741423,0.00343676364831487
4.754911150873865,-4.444897015741423,0.011158846390177756
4.858278784588514,-4.444897015741423,0.018656306794678234
4.961646418303163,-4.444897015741423,0.024140805866102105
5.065014052017812,-4.444897015741423,0.025657670775332844
5.168381685732461,-4.444897015741423,0.021681659134080353
5.27174931944711,-4.444897015741423,0.011738922851154913
5.3751169531617595,-4.444897015741423,-0.0031624398304453314
5.478484586876409,-4.444897015741423,-0.02048284251394542
5.581852220591058,-4.444897015741423,-0.036571629039743946
5.685219854305707,-4.444897015741423,-0.04750050132874074
5.788587488020356,-4.444897015741423,-0.05010813898813646
5.8919551217350055,-4.444897015741423,-0.04296055101089897
5.995322755449654,-4.444897015741423,-0.02692598636790005
6.098690389164305,-4.444897015741423,-0.005154918862526677
6.202058022878954,-4.444897015741423,0.0175780986675122
6.305425656593603,-4.444897015741423,0.036022303767825226
6.408793290308252,-4.444897015741423,0.04578346014114165
-6.408793290308252,-4.341527317700925,0.03710399650778499
-6.305425656593603,-4.341527317700925,0.028862620167087575
-6.202058022878954,-4.341527317700925,0.012701996673348221
-6.098690389164304,-4.341527317700925,-0.00789364912076407
-5.995322755449655,-4.341527317700925,-0.028606774064092066
-5.8919551217350055,-4.341527317700925,-0.045378130122056014
-5.788587488020356,-4.341527317700925,-0.05537448530364039
-5.685219854305708,-4.341527317700925,-0.05756586222805348
-5.581852220591058,-4.341527317700925,-0.052771073393846984
-5.478484586876409,-4.341527317700925,-0.043196431874453226
-5.3751169531617595,-4.341527317700925,-0.03164551935442798
-5.27174931944711,-4.341527317700925,-0.02066866349351874
-5.168381685732461,-4.341527317700925,-0.011921257251541901
-5.065014052017812,-4.341527317700925,-0.0059125856140016765
-4.961646418303163,-4.341527317700925,-0.0021831733656947016
-4.858278784588514,-4.341527317700925,0.0002009671102569629
-4.754911150873865,-4.341527317700925,0.00205304686529812
-4.651543517159215,-4.341527317700925,0.0036089373668882698
-4.548175883444566,-4.341527317700925,0.00438611459467107
-4.444808249729917,-4.341527317700925,0.003408907096046897
-4.341440616015267,-4.341527317700925,-0.0002922586540413778
-4.238072982300618,-4.341527317700925,-0.007108408870655659
-4.134705348585968,-4.341527317700925,-0.016441627008078472
-4.031337714871319,-4.341527317700925,-0.026639258446104992
-3.9279700811566705,-4.341527317700925,-0.03533324635966156
-3.8246024474420213,-4.341527317700925,-0.04009663030031126
-3.7212348137273725,-4.341527317700925,-0.03920713960670948
-3.6178671800127233,-4.341527317700925,-0.032256524276637194
-3.514499546298074,-4.341527317700925,-0.020383972186738968
-3.411131912583425,-4.341527317700925,-0.006031190019789079
-3.3077642788687753,-4.341527317700925,0.007724110066924062
-3.204396645154126,-4.341527317700925,0.018054779165109527
-3.101029011439477,-4.341527317700925,0.023209236053158493
-2.9976613777248278,-4.341527317700925,0.02300679987232391
-2.8942937440101786,-4.341527317700925,0.018839482959848216
-2.790926110295529,-4.341527317700925,0.013177325616828512
-2.6875584765808798,-4.341527317700925,0.00873818799025915
-2.5841908428662306,-4.341527317700925,0.007594252592491125
-2.4808232091515814,-4.341527317700925,0.010508337860284584
-2.3774555754369326,-4.341527317700925,0.01671596419396513
-2.2740879417222835,-4.341527317700925,0.024219651280410922
-2.1707203080076334,-4.341527317700925,0.030490463280070337
-2.067352674292984,-4.341527317700925,0.033336212301410595
-1.9639850405783352,-4.341527317700925,0.031641718913640184
-1.8606174068636863,-4.341527317700925,0.025732170968436066
-1.757249773149037,-4.341527317700925,0.017240169615019757
-1.6538821394343879,-4.341527317700925,0.008526341180095577
-1.550514505719738,-4.341527317700925,0.00185491518456198
-1.447146872005089,-4.341527317700925,-0.0013918584013963397
-1.3437792382904399,-4.341527317700925,-0.0011908101049299057
-1.2404116045757907,-4.341527317700925,0.0011174992456723998
-1.1370439708611417,-4.341527317700925,0.0032996590511644185
-1.0336763371464925,-4.341527317700925,0.0030175143711302934
-0.9303087034318435,-4.341527317700925,-0.0013321457316195903
-0.8269410697171936,-4.341527317700925,-0.010009367229587096
-0.7235734360025445,-4.341527317700925,-0.021759587251560242
-0.6202058022878953,-4.341527317700925,-0.03413830954239254
-0.5168381685732463,-4.341527317700925,-0.04422667531409751
-0.4134705348585972,-4.341527317700925,-0.04950484114961915
-0.31010290114394806,-4.341527317700925,-0.048601135655652446
-0.2067352674292982,-4.341527317700925,-0.04168002711436354
-0.1033676337146491,-4.341527317700925,-0.030354261392491415
0.,-4.341527317700925,-0.017163771482398244
0.1033676337146491,-4.341527317700925,-0.004802923497133277
0.2067352674292982,-4.341527317700925,0.004647501609678097
0.31010290114394734,-4.341527317700925,0.010239650298288107
0.4134705348585964,-4.341527317700925,0.01227823224994297
0.5168381685732455,-4.341527317700925,0.01202897429249251
0.6202058022878947,-4.341527317700925,0.011142007859472629
0.7235734360025438,-4.341527317700925,0.01100544640465364
0.8269410697171944,-4.341527317700925,0.01225653333906489
0.9303087034318435,-4.341527317700925,0.014611472802210503
1.0336763371464925,-4.341527317700925,0.017055926149134867
1.1370439708611417,-4.341527317700925,0.018309082527108438
1.2404116045757907,-4.341527317700925,0.01738023200188473
1.3437792382904399,-4.341527317700925,0.014009448147004054
1.447146872005089,-4.341527317700925,0.008830870296003964
1.550514505719738,-4.341527317700925,0.003199731968883992
1.6538821394343872,-4.341527317700925,-0.0012546115009466937
1.7572497731490362,-4.341527317700925,-0.003190606630159969
1.8606174068636854,-4.341527317700925,-0.0020330474422239064
1.9639850405783346,-4.341527317700925,0.0017994775835976208
2.0673526742929837,-4.341527317700925,0.006997668564572556
2.1707203080076343,-4.341527317700925,0.011760475881068475
2.2740879417222835,-4.341527317700925,0.014355373720131152
2.3774555754369326,-4.341527317700925,0.013653577595812014
2.4808232091515814,-4.341527317700925,0.009466499987330564
2.5841908428662306,-4.341527317700925,0.0025805050745839916
2.6875584765808798,-4.341527317700925,-0.005510213241843587
2.790926110295529,-4.341527317700925,-0.01307416461246686
2.894293744010178,-4.341527317700925,-0.018656758817816855
2.997661377724827,-4.341527317700925,-0.021473437612307692
3.101029011439476,-4.341527317700925,-0.021567021218686238
3.2043966451541253,-4.341527317700925,-0.019699359212479024
3.3077642788687744,-4.341527317700925,-0.01703591355411526
3.411131912583425,-4.341527317700925,-0.014743679261883613
3.514499546298074,-4.341527317700925,-0.01363870282559071
3.6178671800127233,-4.341527317700925,-0.01398772074752139
3.7212348137273725,-4.341527317700925,-0.01550448856213336
3.8246024474420213,-4.341527317700925,-0.017510998754124867
3.9279700811566705,-4.341527317700925,-0.01918307253640264
4.031337714871319,-4.341527317700925,-0.019785374257449164
4.134705348585968,-4.341527317700925,-0.018824174740096306
4.238072982300618,-4.341527317700925,-0.016093761348313616
4.341440616015267,-4.341527317700925,-0.011642053025335615
4.444808249729916,-4.341527317700925,-0.005711068219001368
4.548175883444565,-4.341527317700925,0.0012938119251573032
4.651543517159214,-4.341527317700925,0.008783180672125572
4.754911150873865,-4.341527317700925,0.015934303124349063
4.858278784588514,-4.341527317700925,0.021672778733172804
4.961646418303163,-4.341527317700925,0.024753152887829043
5.065014052017812,-4.341527317700925,0.02397784709102124
5.168381685732461,-4.341527317700925,0.01853557945052654
5.27174931944711,-4.341527317700925,0.008374238400183176
5.3751169531617595,-4.341527317700925,-0.0055230014880780585
5.478484586876409,-4.341527317700925,-0.021092047442467798
5.581852220591058,-4.341527317700925,-0.03545614364166386
5.685219854305707,-4.341527317700925,-0.04549873270492953
5.788587488020356,-4.341527317700925,-0.04862478526008828
5.8919551217350055,-4.341527317700925,-0.043510493663295874
5.995322755449654,-4.341527317700925,-0.030613199869713635
6.098690389164305,-4.341527317700925,-0.012257931567565558
6.202058022878954,-4.341527317700925,0.007773311101908635
6.305425656593603,-4.341527317700925,0.025078828829954786
6.408793290308252,-4.341527317700925,0.035695825840880914
-6.408793290308252,-4.238157619660427,0.02666599294688884
-6.305425656593603,-4.238157619660427,0.022826629607497095
-6.202058022878954,-4.238157619660427,0.012039130050965095
-6.098690389164304,-4.238157619660427,-0.003419687471537821
-5.995322755449655,-4.238157619660427,-0.020362491642947733
-5.8919551217350055,-4.238157619660427,-0.035485062459041754
-5.788587488020356,-4.238157619660427,-0.04614405129470054
-5.685219854305708,-4.238157619660427,-0.05090701580021676
-5.581852220591058,-4.238157619660427,-0.04973904618433642
-5.478484586876409,-4.238157619660427,-0.04380568400688574
-5.3751169531617595,-4.238157619660427,-0.03498848425370453
-5.27174931944711,-4.238157619660427,-0.025289608046051116
-5.168381685732461,-4.238157619660427,-0.016320238101721833
-5.065014052017812,-4.238157619660427,-0.009020634087195757
-4.961646418303163,-4.238157619660427,-0.003665897305790512
-4.858278784588514,-4.238157619660427,-0.00010529804956684646
-4.754911150873865,-4.238157619660427,0.0018977744841474306
-4.651543517159215,-4.238157619660427,0.002385417286395838
-4.548175883444566,-4.238157619660427,0.0011097513186319823
-4.444808249729917,-4.238157619660427,-0.0023349603302731596
-4.341440616015267,-4.238157619660427,-0.008209030050896488
-4.238072982300618,-4.238157619660427,-0.016287009722612045
-4.134705348585968,-4.238157619660427,-0.025640592731677823
-4.031337714871319,-4.238157619660427,-0.03466822377395045
-3.9279700811566705,-4.238157619660427,-0.04140675359923047
-3.8246024474420213,-4.238157619660427,-0.044052145267879886
-3.7212348137273725,-4.238157619660427,-0.04152740229663179
-3.6178671800127233,-4.238157619660427,-0.03390064180660738
-3.514499546298074,-4.238157619660427,-0.022490556739726986
-3.411131912583425,-4.238157619660427,-0.009591905647901538
-3.3077642788687753,-4.238157619660427,0.0021206306217113266
-3.204396645154126,-4.238157619660427,0.010338736406466022
-3.101029011439477,-4.238157619660427,0.01378500200326981
-2.9976613777248278,-4.238157619660427,0.012579477868093174
-2.8942937440101786,-4.238157619660427,0.008181424588648359
-2.790926110295529,-4.238157619660427,0.0029147796501085635
-2.6875584765808798,-4.238157619660427,-0.0007773938638772009
-2.5841908428662306,-4.238157619660427,-0.0011123175962309008
-2.4808232091515814,-4.238157619660427,0.00247129246291917
-2.3774555754369326,-4.238157619660427,0.009153488466507683
-2.2740879417222835,-4.238157619660427,0.017027185388519453
-2.1707203080076334,-4.238157619660427,0.02374841802692229
-2.067352674292984,-4.238157619660427,0.027326111198755478
-1.9639850405783352,-4.238157619660427,0.026787179285383413
-1.8606174068636863,-4.238157619660427,0.02249345524832913
-1.757249773149037,-4.238157619660427,0.016003028361035867
-1.6538821394343879,-4.238157619660427,0.009521641053687144
-1.550514505719738,-4.238157619660427,0.005128621503741583
-1.447146872005089,-4.238157619660427,0.004039552583983499
-1.3437792382904399,-4.238157619660427,0.006157885197125064
-1.2404116045757907,-4.238157619660427,0.010072740196280473
-1.1370439708611417,-4.238157619660427,0.013511551531843679
-1.0336763371464925,-4.238157619660427,0.014103499345971805
-0.9303087034318435,-4.238157619660427,0.010203958265645017
-0.8269410697171936,-4.238157619660427,0.001506949712958314
-0.7235734360025445,-4.238157619660427,-0.0107601752962574
-0.6202058022878953,-4.238157619660427,-0.024130090896675935
-0.5168381685732463,-4.238157619660427,-0.03558830583764038
-0.4134705348585972,-4.238157619660427,-0.04244720404241214
-0.31010290114394806,-4.238157619660427,-0.04312526866198646
-0.2067352674292982,-4.238157619660427,-0.03758794355972284
-0.1033676337146491,-4.238157619660427,-0.027317845359784893
0.,-4.238157619660427,-0.014834553242175629
0.1033676337146491,-4.238157619660427,-0.002927314834789858
0.2067352674292982,-4.238157619660427,0.006149062419820188
0.31010290114394734,-4.238157619660427,0.01126149436491193
0.4134705348585964,-4.238157619660427,0.012594809042313948
0.5168381685732455,-4.238157619660427,0.011416448795151555
0.6202058022878947,-4.238157619660427,0.009511969845936904
0.7235734360025438,-4.238157619660427,0.008497559383948911
0.8269410697171944,-4.238157619660427,0.009247547095185254
0.9303087034318435,-4.238157619660427,0.011626012649931253
1.0336763371464925,-4.238157619660427,0.014600860338337386
1.1370439708611417,-4.238157619660427,0.01668518546159404
1.2404116045757907,-4.238157619660427,0.016540056788737646
1.3437792382904399,-4.238157619660427,0.013521722448849983
1.447146872005089,-4.238157619660427,0.007980366258899694
1.550514505719738,-4.238157619660427,0.0012067352499811933
1.6538821394343872,-4.238157619660427,-0.004954634279383431
1.7572497731490362,-4.238157619660427,-0.008693458175396978
1.8606174068636854,-4.238157619660427,-0.008824494215257413
1.9639850405783346,-4.238157619660427,-0.005184310877781181
2.0673526742929837,-4.238157619660427,0.0012952723182106096
2.1707203080076343,-4.238157619660427,0.008857627286159611
2.2740879417222835,-4.238157619660427,0.015443639732526234
2.3774555754369326,-4.238157619660427,0.019295038276343903
2.4808232091515814,-4.238157619660427,0.019447557370698414
2.5841908428662306,-4.238157619660427,0.01596541840897862
2.6875584765808798,-4.238157619660427,0.0098574699947243
2.790926110295529,-4.238157619660427,0.0027190213393915924
2.894293744010178,-4.238157619660427,-0.003772824700210175
2.997661377724827,-4.238157619660427,-0.008344975657414743
3.101029011439476,-4.238157619660427,-0.01044800961171788
3.2043966451541253,-4.238157619660427,-0.010326448821300198
3.3077642788687744,-4.238157619660427,-0.008842024809308223
3.411131912583425,-4.238157619660427,-0.0071296588675641
3.514499546298074,-4.238157619660427,-0.006210164409317945
3.6178671800127233,-4.238157619660427,-0.006683314561779878
3.7212348137273725,-4.238157619660427,-0.00858453638393536
3.8246024474420213,-4.238157619660427,-0.01142602410797962
3.9279700811566705,-4.238157619660427,-0.014382318580162676
4.031337714871319,-4.238157619660427,-0.01654206004479756
4.134705348585968,-4.238157619660427,-0.01714202109829189
4.238072982300618,-4.238157619660427,-0.01572377945573527
4.341440616015267,-4.238157619660427,-0.012193683290984624
4.444808249729916,-4.238157619660427,-0.006804674777089746
4.548175883444565,-4.238157619660427,-0.00009876144814515155
4.651543517159214,-4.238157619660427,0.007154682372085992
4.754911150873865,-4.238157619660427,0.014011961252064734
4.858278784588514,-4.238157619660427,0.01941410108372429
4.961646418303163,-4.238157619660427,0.022283154673007764
5.065014052017812,-4.238157619660427,0.02168173774862492
5.168381685732461,-4.238157619660427,0.01703367171174081
5.27174931944711,-4.238157619660427,0.008363126070402812
5.3751169531617595,-4.238157619660427,-0.003525236447273347
5.478484586876409,-4.238157619660427,-0.01701350262670138
5.581852220591058,-4.238157619660427,-0.029849523203912053
5.685219854305707,-4.238157619660427,-0.03954528547200803
5.788587488020356,-4.238157619660427,-0.04392851697400426
5.8919551217350055,-4.238157619660427,-0.04171576292390304
5.995322755449654,-4.238157619660427,-0.03294313901740017
6.098690389164305,-4.238157619660427,-0.01910893768593911
6.202058022878954,-4.238157619660427,-0.0029506063887067445
6.305425656593603,-4.238157619660427,0.012120053801652821
6.408793290308252,-4.238157619660427,0.022795727062735204
-6.408793290308252,-4.134787921619929,0.015521707839433001
-6.305425656593603,-4.134787921619929,0.01567339060831962
-6.202058022878954,-4.134787921619929,0.010472679601865677
-6.098690389164304,-4.134787921619929,0.0010852746719810277
-5.995322755449655,-4.134787921619929,-0.010545379880454885
-5.8919551217350055,-4.134787921619929,-0.02218541148847499
-5.788587488020356,-4.134787921619929,-0.031820599480050414
-5.685219854305708,-4.134787921619929,-0.03805521756770391
-5.581852220591058,-4.134787921619929,-0.04030908008970086
-5.478484586876409,-4.134787921619929,-0.03878977025553063
-5.3751169531617595,-4.134787921619929,-0.03428569450356835
-5.27174931944711,-4.134787921619929,-0.02787293883851449
-5.168381685732461,-4.134787921619929,-0.02064059880199897
-5.065014052017812,-4.134787921619929,-0.013513928704682546
-4.961646418303163,-4.134787921619929,-0.007204016676948755
-4.858278784588514,-4.134787921619929,-0.0022570803319870206
-4.754911150873865,-4.134787921619929,0.000862656206768994
-4.651543517159215,-4.134787921619929,0.0017305313459330895
-4.548175883444566,-4.134787921619929,7.861593331859725e-6
-4.444808249729917,-4.134787921619929,-0.004422955810148137
-4.341440616015267,-4.134787921619929,-0.0112863859903047
-4.238072982300618,-4.134787921619929,-0.019789334451824316
-4.134705348585968,-4.134787921619929,-0.02862783067878115
-4.031337714871319,-4.134787921619929,-0.03617052189298766
-3.9279700811566705,-4.134787921619929,-0.040801809719261825
-3.8246024474420213,-4.134787921619929,-0.041341639616909134
-3.7212348137273725,-4.134787921619929,-0.0374152425160517
-3.6178671800127233,-4.134787921619929,-0.029643349054377294
-3.514499546298074,-4.134787921619929,-0.019566788052423446
-3.411131912583425,-4.134787921619929,-0.00929781518429893
-3.3077642788687753,-4.134787921619929,-0.0009794663987768627
-3.204396645154126,-4.134787921619929,0.003796327485189016
-3.101029011439477,-4.134787921619929,0.004436445159393662
-2.9976613777248278,-4.134787921619929,0.0015161435987204321
-2.8942937440101786,-4.134787921619929,-0.0033930034254774167
-2.790926110295529,-4.134787921619929,-0.008194995985289926
-2.6875584765808798,-4.134787921619929,-0.010902889775817779
-2.5841908428662306,-4.134787921619929,-0.01024024508740155
-2.4808232091515814,-4.134787921619929,-0.00602233551634206
-2.3774555754369326,-4.134787921619929,0.0008046521182082395
-2.2740879417222835,-4.134787921619929,0.008480753034402811
-2.1707203080076334,-4.134787921619929,0.015005736525313083
-2.067352674292984,-4.134787921619929,0.018785193291002533
-1.9639850405783352,-4.134787921619929,0.01914006742761327
-1.8606174068636863,-4.134787921619929,0.0165130197825298
-1.757249773149037,-4.134787921619929,0.012302506099763898
-1.6538821394343879,-4.134787921619929,0.008376741695463675
-1.550514505719738,-4.134787921619929,0.006425335891241741
-1.447146872005089,-4.134787921619929,0.0073615002023905175
-1.3437792382904399,-4.134787921619929,0.01097375612005895
-1.2404116045757907,-4.134787921619929,0.015946891602058626
-1.1370439708611417,-4.134787921619929,0.020252857177364605
-1.0336763371464925,-4.134787921619929,0.021791905896576712
-0.9303087034318435,-4.134787921619929,0.019081757724444377
-0.8269410697171936,-4.134787921619929,0.011774880857928126
-0.7235734360025445,-4.134787921619929,0.000837022629225206
-0.6202058022878953,-4.134787921619929,-0.011673224450595678
-0.5168381685732463,-4.134787921619929,-0.023158257486061408
-0.4134705348585972,-4.134787921619929,-0.031198765641055906
-0.31010290114394806,-4.134787921619929,-0.03421493715686245
-0.2067352674292982,-4.134787921619929,-0.03187244117218745
-0.1033676337146491,-4.134787921619929,-0.0251170602068443
0.,-4.134787921619929,-0.01583983511809839
0.1033676337146491,-4.134787921619929,-0.006289119478200557
0.2067352674292982,-4.134787921619929,0.0015795649342935307
0.31010290114394734,-4.134787921619929,0.0066133964184854665
0.4134705348585964,-4.134787921619929,0.008682674687638768
0.5168381685732455,-4.134787921619929,0.008561707140638124
0.6202058022878947,-4.134787921619929,0.007531463410883452
0.7235734360025438,-4.134787921619929,0.006852462380861226
0.8269410697171944,-4.134787921619929,0.007291710171708193
0.9303087034318435,-4.134787921619929,0.008861234484768603
1.0336763371464925,-4.134787921619929,0.010848519364767975
1.1370439708611417,-4.134787921619929,0.012117986053879672
1.2404116045757907,-4.134787921619929,0.0115716609971613
1.3437792382904399,-4.134787921619929,0.008605999048304258
1.447146872005089,-4.134787921619929,0.0034061509799329574
1.550514505719738,-4.134787921619929,-0.003024277199473057
1.6538821394343872,-4.134787921619929,-0.009110889911433927
1.7572497731490362,-4.134787921619929,-0.013155265314074058
1.8606174068636854,-4.134787921619929,-0.013838810823862584
1.9639850405783346,-4.134787921619929,-0.010625342223851787
2.0673526742929837,-4.134787921619929,-0.003938631727105136
2.1707203080076343,-4.134787921619929,0.004936196142783173
2.2740879417222835,-4.134787921619929,0.014192527739530768
2.3774555754369326,-4.134787921619929,0.021976875665236106
2.4808232091515814,-4.134787921619929,0.026856300146295267
2.5841908428662306,-4.134787921619929,0.028146483956060026
2.6875584765808798,-4.134787921619929,0.026017500211703366
2.790926110295529,-4.134787921619929,0.021364993526036182
2.894293744010178,-4.134787921619929,0.015503270443307182
2.997661377724827,-4.134787921619929,0.009782715533280948
3.101029011439476,-4.134787921619929,0.005245060058652784
3.2043966451541253,-4.134787921619929,0.0024064481037437335
3.3077642788687744,-4.134787921619929,0.0012109965204406094
3.411131912583425,-4.134787921619929,0.0011438893365329243
3.514499546298074,-4.134787921619929,0.0014501703553634752
3.6178671800127233,-4.134787921619929,0.0013847753198404315
3.7212348137273725,-4.134787921619929,0.0004236604151467545
3.8246024474420213,-4.134787921619929,-0.0016106703878419025
3.9279700811566705,-4.134787921619929,-0.004524420269967746
4.031337714871319,-4.134787921619929,-0.007815741105972641
4.134705348585968,-4.134787921619929,-0.010796610788654497
4.238072982300618,-4.134787921619929,-0.012740729890166209
4.341440616015267,-4.134787921619929,-0.0130310865141442
4.444808249729916,-4.134787921619929,-0.011289896251788204
4.548175883444565,-4.134787921619929,-0.007479374786090548
4.651543517159214,-4.134787921619929,-0.0019617583588008394
4.754911150873865,-4.134787921619929,0.004496657729396322
4.858278784588514,-4.134787921619929,0.010794356385121395
4.961646418303163,-4.134787921619929,0.01564695303151317
5.065014052017812,-4.134787921619929,0.01781670097464856
5.168381685732461,-4.134787921619929,0.016387565732063788
5.27174931944711,-4.134787921619929,0.011028779265087468
5.3751169531617595,-4.134787921619929,0.002174748329415658
5.478484586876409,-4.134787921619929,-0.008945983274963492
5.581852220591058,-4.134787921619929,-0.020471600795989097
5.685219854305707,-4.134787921619929,-0.030249120247096754
5.788587488020356,-4.134787921619929,-0.036295073664941085
5.8919551217350055,-4.134787921619929,-0.03726844001535194
5.995322755449654,-4.134787921619929,-0.03283204456806653
6.098690389164305,-4.134787921619929,-0.023796450445514435
6.202058022878954,-4.134787921619929,-0.011991628588534435
6.305425656593603,-4.134787921619929,0.00011655035908807579
6.408793290308252,-4.134787921619929,0.009976391866663893
-6.408793290308252,-4.031418223579431,0.0060280197591250926
-6.305425656593603,-4.031418223579431,0.008922351338618219
-6.202058022878954,-4.031418223579431,0.008400723566058282
-6.098690389164304,-4.031418223579431,0.004803104951447799
-5.995322755449655,-4.031418223579431,-0.0010620010494322965
-5.8919551217350055,-4.031418223579431,-0.008142322540932867
-5.788587488020356,-4.031418223579431,-0.015357380791846599
-5.685219854305708,-4.031418223579431,-0.021756714136251194
-5.581852220591058,-4.031418223579431,-0.026603926116566097
-5.478484586876409,-4.031418223579431,-0.02940020714753345
-5.3751169531617595,-4.031418223579431,-0.02987932139117839
-5.27174931944711,-4.031418223579431,-0.028006345220427383
-5.168381685732461,-4.031418223579431,-0.023996209330910036
-5.065014052017812,-4.031418223579431,-0.018343511584498578
-4.961646418303163,-4.031418223579431,-0.011833742360855387
-4.858278784588514,-4.031418223579431,-0.0054985096832529425
-4.754911150873865,-4.031418223579431,-0.0004887857960426506
-4.651543517159215,-4.031418223579431,0.002131765119196019
-4.548175883444566,-4.031418223579431,0.001636191066368575
-4.444808249729917,-4.031418223579431,-0.00213955519901308
-4.341440616015267,-4.031418223579431,-0.008669397034987262
-4.238072982300618,-4.031418223579431,-0.01676867020382239
-4.134705348585968,-4.031418223579431,-0.024804312355008126
-4.031337714871319,-4.031418223579431,-0.031050561346655427
-3.9279700811566705,-4.031418223579431,-0.03410736845625198
-3.8246024474420213,-4.031418223579431,-0.033269531567526135
-3.7212348137273725,-4.031418223579431,-0.028737533986485025
-3.6178671800127233,-4.031418223579431,-0.02159826624271039
-3.514499546298074,-4.031418223579431,-0.013566176572911686
-3.411131912583425,-4.031418223579431,-0.0065451118409600014
-3.3077642788687753,-4.031418223579431,-0.0021268621382509
-3.204396645154126,-4.031418223579431,-0.0011661342908000666
-3.101029011439477,-4.031418223579431,-0.003554483442396545
-2.9976613777248278,-4.031418223579431,-0.008261196432019887
-2.8942937440101786,-4.031418223579431,-0.013632595838183163
-2.790926110295529,-4.031418223579431,-0.017865399172443883
-2.6875584765808798,-4.031418223579431,-0.01951771615695909
-2.5841908428662306,-4.031418223579431,-0.017909280626566448
-2.4808232091515814,-4.031418223579431,-0.013294839821179303
-2.3774555754369326,-4.031418223579431,-0.0067619491105848015
-2.2740879417222835,-4.031418223579431,0.00011341786009761885
-2.1707203080076334,-4.031418223579431,0.005747903900243985
-2.067352674292984,-4.031418223579431,0.009022722471965035
-1.9639850405783352,-4.031418223579431,0.009604738285058865
-1.8606174068636863,-4.031418223579431,0.008021603431311333
-1.757249773149037,-4.031418223579431,0.00547099313804749
-1.6538821394343879,-4.031418223579431,0.003424512282906569
-1.550514505719738,-4.031418223579431,0.003148335957552026
-1.447146872005089,-4.031418223579431,0.0052867010788292
-1.3437792382904399,-4.031418223579431,0.009634183358093133
-1.2404116045757907,-4.031418223579431,0.01516499356615198
-1.1370439708611417,-4.031418223579431,0.020310267776785608
-1.0336763371464925,-4.031418223579431,0.02340102245115814
-0.9303087034318435,-4.031418223579431,0.02314690095618376
-0.8269410697171936,-4.031418223579431,0.019012579213026126
-0.7235734360025445,-4.031418223579431,0.011386107496940901
-0.6202058022878953,-4.031418223579431,0.0014957337251318948
-0.5168381685732463,-4.031418223579431,-0.008895457697039063
-0.4134705348585972,-4.031418223579431,-0.017926190933778757
-0.31010290114394806,-4.031418223579431,-0.024081208720496277
-0.2067352674292982,-4.031418223579431,-0.02652349523268436
-0.1033676337146491,-4.031418223579431,-0.02523302253785673
0.,-4.031418223579431,-0.020929554235431764
0.1033676337146491,-4.031418223579431,-0.014818618830768897
0.2067352674292982,-4.031418223579431,-0.008245823248039526
0.31010290114394734,-4.031418223579431,-0.0023628362883620184
0.4134705348585964,-4.031418223579431,0.002104703102759595
0.5168381685732455,-4.031418223579431,0.004935284496064882
0.6202058022878947,-4.031418223579431,0.006333732061659616
0.7235734360025438,-4.031418223579431,0.006742024784678491
0.8269410697171944,-4.031418223579431,0.006612394019055767
0.9303087034318435,-4.031418223579431,0.00622088921080758
1.0336763371464925,-4.031418223579431,0.005579975758557987
1.1370439708611417,-4.031418223579431,0.004472553688638628
1.2404116045757907,-4.031418223579431,0.002589022073912984
1.3437792382904399,-4.031418223579431,-0.0002838631268573215
1.447146872005089,-4.031418223579431,-0.004089266608546137
1.550514505719738,-4.031418223579431,-0.008403387537359645
1.6538821394343872,-4.031418223579431,-0.012453512751730213
1.7572497731490362,-4.031418223579431,-0.015254719947875818
1.8606174068636854,-4.031418223579431,-0.015833874313554562
1.9639850405783346,-4.031418223579431,-0.013483527441022037
2.0673526742929837,-4.031418223579431,-0.007978062410710324
2.1707203080076343,-4.031418223579431,0.0003078178905079471
2.2740879417222835,-4.031418223579431,0.01041484623859321
2.3774555754369326,-4.031418223579431,0.020953087517203657
2.4808232091515814,-4.031418223579431,0.030363976475360935
2.5841908428662306,-4.031418223579431,0.03723351766725305
2.6875584765808798,-4.031418223579431,0.040585883226547624
2.790926110295529,-4.031418223579431,0.04008922945688079
2.894293744010178,-4.031418223579431,0.036124042824243995
2.997661377724827,-4.031418223579431,0.02969478808547251
3.101029011439476,-4.031418223579431,0.0222014746327703
3.2043966451541253,-4.031418223579431,0.015121020391393545
3.3077642788687744,-4.031418223579431,0.009671234302965665
3.411131912583425,-4.031418223579431,0.006536995478267292
3.514499546298074,-4.031418223579431,0.005726234014099425
3.6178671800127233,-4.031418223579431,0.0065942804747400816
3.7212348137273725,-4.031418223579431,0.00803496951132252
3.8246024474420213,-4.031418223579431,0.008794757137000368
3.9279700811566705,-4.031418223579431,0.007832569226518158
4.031337714871319,-4.031418223579431,0.004632423387494858
4.134705348585968,-4.031418223579431,-0.0006165034017746547
4.238072982300618,-4.031418223579431,-0.007027042064086955
4.341440616015267,-4.031418223579431,-0.013215985104928702
4.444808249729916,-4.031418223579431,-0.017656350927577873
4.548175883444565,-4.031418223579431,-0.019092412683483807
4.651543517159214,-4.031418223579431,-0.01690823475111761
4.754911150873865,-4.031418223579431,-0.011347403416625823
4.858278784588514,-4.031418223579431,-0.003516944255054603
4.961646418303163,-4.031418223579431,0.004836235502410894
5.065014052017812,-4.031418223579431,0.011727112316869672
5.168381685732461,-4.031418223579431,0.015413490057618844
5.27174931944711,-4.031418223579431,0.014832790976647381
5.3751169531617595,-4.031418223579431,0.00988008760972264
5.478484586876409,-4.031418223579431,0.0014528974206653724
5.581852220591058,-4.031418223579431,-0.008750835697429538
5.685219854305707,-4.031418223579431,-0.018630225454002437
5.788587488020356,-4.031418223579431,-0.026172183221940426
5.8919551217350055,-4.031418223579431,-0.029910525608610017
5.995322755449654,-4.031418223579431,-0.029240049329014868
6.098690389164305,-4.031418223579431,-0.02451392167838983
6.202058022878954,-4.031418223579431,-0.016912180424810064
6.305425656593603,-4.031418223579431,-0.00812892168848232
6.408793290308252,-4.031418223579431,0.0000309854999372239
-6.408793290308252,-3.928048525538933,-0.000045377878430985696
-6.305425656593603,-3.928048525538933,0.003765087262612349
-6.202058022878954,-3.928048525538933,0.0061201246169197724
-6.098690389164304,-3.928048525538933,0.006923002100531628
-5.995322755449655,-3.928048525538933,0.006132322689484004
-5.8919551217350055,-3.928048525538933,0.0037222926032032797
-5.788587488020356,-3.928048525538933,-0.0002638230255803524
-5.685219854305708,-3.928048525538933,-0.005597371535073956
-5.581852220591058,-3.928048525538933,-0.011752584171350356
-5.478484586876409,-3.928048525538933,-0.017874854601036348
-5.3751169531617595,-3.928048525538933,-0.02287904165983862
-5.27174931944711,-3.928048525538933,-0.02567794537784097
-5.168381685732461,-3.928048525538933,-0.02548534405652825
-5.065014052017812,-3.928048525538933,-0.022097871166837674
-4.961646418303163,-3.928048525538933,-0.01605214389269556
-4.858278784588514,-3.928048525538933,-0.008583342240336418
-4.754911150873865,-3.928048525538933,-0.0013708115217374683
-4.651543517159215,-3.928048525538933,0.003873859446640517
-4.548175883444566,-3.928048525538933,0.005864135851981298
-4.444808249729917,-3.928048525538933,0.004105703496529926
-4.341440616015267,-3.928048525538933,-0.0009424638958002645
-4.238072982300618,-3.928048525538933,-0.00797124493940232
-4.134705348585968,-3.928048525538933,-0.015168119649154009
-4.031337714871319,-3.928048525538933,-0.02071214328312707
-3.9279700811566705,-3.928048525538933,-0.02327485710395195
-3.8246024474420213,-3.928048525538933,-0.022381098965222383
-3.7212348137273725,-3.928048525538933,-0.018524647899981067
-3.6178671800127233,-3.928048525538933,-0.013006677379770704
-3.514499546298074,-3.928048525538933,-0.007547366125128811
-3.411131912583425,-3.928048525538933,-0.0037872661357266045
-3.3077642788687753,-3.928048525538933,-0.002825108526257033
-3.204396645154126,-3.928048525538933,-0.004924239251110681
-3.101029011439477,-3.928048525538933,-0.009466425207308784
-2.9976613777248278,-3.928048525538933,-0.015156793803691764
-2.8942937440101786,-3.928048525538933,-0.020410571778195125
-2.790926110295529,-3.928048525538933,-0.023802917759343095
-2.6875584765808798,-3.928048525538933,-0.024451075131973136
-2.5841908428662306,-3.928048525538933,-0.02222484017576491
-2.4808232091515814,-3.928048525538933,-0.017736650327222173
-2.3774555754369326,-3.928048525538933,-0.01212824147157378
-2.2740879417222835,-3.928048525538933,-0.006726817161216913
-2.1707203080076334,-3.928048525538933,-0.00267450139794284
-2.067352674292984,-3.928048525538933,-0.000633816573077969
-1.9639850405783352,-3.928048525538933,-0.0006423862771804509
-1.8606174068636863,-3.928048525538933,-0.002143364084522721
-1.757249773149037,-3.928048525538933,-0.004169274643598341
-1.6538821394343879,-3.928048525538933,-0.0056197648096131085
-1.550514505719738,-3.928048525538933,-0.005556689236673731
-1.447146872005089,-3.928048525538933,-0.0034444732163584546
-1.3437792382904399,-3.928048525538933,0.000715003189999847
-1.2404116045757907,-3.928048525538933,0.006374149663425165
-1.1370439708611417,-3.928048525538933,0.012550103982309806
-1.0336763371464925,-3.928048525538933,0.018023788681503793
-0.9303087034318435,-3.928048525538933,0.021585038896063644
-0.8269410697171936,-3.928048525538933,0.02227784632960311
-0.7235734360025445,-3.928048525538933,0.019603028443222415
-0.6202058022878953,-3.928048525538933,0.01364320855223423
-0.5168381685732463,-3.928048525538933,0.005085737398956148
-0.4134705348585972,-3.928048525538933,-0.004866795689929736
-0.31010290114394806,-3.928048525538933,-0.014691203285553758
-0.2067352674292982,-3.928048525538933,-0.022815959807368086
-0.1033676337146491,-3.928048525538933,-0.027923814562710474
0.,-3.928048525538933,-0.029223624149496304
0.1033676337146491,-3.928048525538933,-0.026628205000195124
0.2067352674292982,-3.928048525538933,-0.020788844862846424
0.31010290114394734,-3.928048525538933,-0.01296672909934157
0.4134705348585964,-3.928048525538933,-0.004761353063009191
0.5168381685732455,-3.928048525538933,0.002244310738826813
0.6202058022878947,-3.928048525538933,0.006834838440243139
0.7235734360025438,-3.928048525538933,0.008417881500499097
0.8269410697171944,-3.928048525538933,0.007114706332744809
0.9303087034318435,-3.928048525538933,0.0036611237566142965
1.0336763371464925,-3.928048525538933,-0.0008504975125657095
1.1370439708611417,-3.928048525538933,-0.005308624531397512
1.2404116045757907,-3.928048525538933,-0.00889390487760576
1.3437792382904399,-3.928048525538933,-0.011266011663321803
1.447146872005089,-3.928048525538933,-0.012567266194353912
1.550514505719738,-3.928048525538933,-0.013245430881613679
1.6538821394343872,-3.928048525538933,-0.013761140781337378
1.7572497731490362,-3.928048525538933,-0.014289035389237705
1.8606174068636854,-3.928048525538933,-0.014529542631926178
1.9639850405783346,-3.928048525538933,-0.013715416168767805
2.0673526742929837,-3.928048525538933,-0.01083219041536461
2.1707203080076343,-3.928048525538933,-0.004994998297751697
2.2740879417222835,-3.928048525538933,0.004138548963448927
2.3774555754369326,-3.928048525538933,0.016065752679476953
2.4808232091515814,-3.928048525538933,0.029370385693356257
2.5841908428662306,-3.928048525538933,0.04194535786527152
2.6875584765808798,-3.928048525538933,0.05147123394157699
2.790926110295529,-3.928048525538933,0.05602699635392213
2.894293744010178,-3.928048525538933,0.05465460717049048
2.997661377724827,-3.928048525538933,0.0476980050245931
3.101029011439476,-3.928048525538933,0.03679402155836999
3.2043966451541253,-3.928048525538933,0.024492468603949935
3.3077642788687744,-3.928048525538933,0.013595736112924521
3.411131912583425,-3.928048525538933,0.006399288771551024
3.514499546298074,-3.928048525538933,0.004053562638551161
3.6178671800127233,-3.928048525538933,0.006240392127682659
3.7212348137273725,-3.928048525538933,0.011269264388413662
3.8246024474420213,-3.928048525538933,0.01657572987383056
3.9279700811566705,-3.928048525538933,0.019483301136805187
4.031337714871319,-3.928048525538933,0.018008540280602822
4.134705348585968,-3.928048525538933,0.01147262760541769
4.238072982300618,-3.928048525538933,0.0007375004080396616
4.341440616015267,-3.928048525538933,-0.012005374666366274
4.444808249729916,-3.928048525538933,-0.023833575736937583
4.548175883444565,-3.928048525538933,-0.03190574681603062
4.651543517159214,-3.928048525538933,-0.03425178556322178
4.754911150873865,-3.928048525538933,-0.030315114208940494
4.858278784588514,-3.928048525538933,-0.021096966889718415
4.961646418303163,-3.928048525538933,-0.008871302657112792
5.065014052017812,-3.928048525538933,0.003436430242852765
5.168381685732461,-3.928048525538933,0.01302050376599076
5.27174931944711,-3.928048525538933,0.017895417666675524
5.3751169531617595,-3.928048525538933,0.017336919894159784
5.478484586876409,-3.928048525538933,0.0119602968302404
5.581852220591058,-3.928048525538933,0.0034432355373696768
5.685219854305707,-3.928048525538933,-0.005998799277136617
5.788587488020356,-3.928048525538933,-0.01421588364029124
5.8919551217350055,-3.928048525538933,-0.019631476072527305
5.995322755449654,-3.928048525538933,-0.021527937001852696
6.098690389164305,-3.928048525538933,-0.020063680576384847
6.202058022878954,-3.928048525538933,-0.0160616985497218
6.305425656593603,-3.928048525538933,-0.010672102736850963
6.408793290308252,-3.928048525538933,-0.0050332714214968086
-6.408793290308252,-3.8246788274984347,-0.0019287754265705035
-6.305425656593603,-3.8246788274984347,0.0007764333666697781
-6.202058022878954,-3.8246788274984347,0.00373576489794924
-6.098690389164304,-3.8246788274984347,0.0068110247353871615
-5.995322755449655,-3.8246788274984347,0.009491254607687571
-5.8919551217350055,-3.8246788274984347,0.010950064685456081
-5.788587488020356,-3.8246788274984347,0.010301180309278145
-5.685219854305708,-3.8246788274984347,0.006962963979206151
-5.581852220591058,-3.8246788274984347,0.0009892412411753601
-5.478484586876409,-3.8246788274984347,-0.006775401895143539
-5.3751169531617595,-3.8246788274984347,-0.01480168690398875
-5.27174931944711,-3.8246788274984347,-0.021237312044196953
-5.168381685732461,-3.8246788274984347,-0.02442412193809693
-5.065014052017812,-3.8246788274984347,-0.023407930474721714
-4.961646418303163,-3.8246788274984347,-0.018270452303359417
-4.858278784588514,-3.8246788274984347,-0.010164322295597687
-4.754911150873865,-3.8246788274984347,-0.0010262677522833773
-4.651543517159215,-3.8246788274984347,0.006951549992344208
-4.548175883444566,-3.8246788274984347,0.011931869783206255
-4.444808249729917,-3.8246788274984347,0.012936149384276986
-4.341440616015267,-3.8246788274984347,0.010087266130943252
-4.238072982300618,-3.8246788274984347,0.004520328842543984
-4.134705348585968,-3.8246788274984347,-0.0020032863561977887
-4.031337714871319,-3.8246788274984347,-0.007650826782018967
-3.9279700811566705,-3.8246788274984347,-0.011064713174366374
-3.8246024474420213,-3.8246788274984347,-0.011732458359826172
-3.7212348137273725,-3.8246788274984347,-0.010074318280969505
-3.6178671800127233,-3.8246788274984347,-0.007237019156905066
-3.514499546298074,-3.8246788274984347,-0.004675306489278427
-3.411131912583425,-3.8246788274984347,-0.003665483195895008
-3.3077642788687753,-3.8246788274984347,-0.004907780765161442
-3.204396645154126,-3.8246788274984347,-0.008335983813713234
-3.101029011439477,-3.8246788274984347,-0.01317885366427992
-2.9976613777248278,-3.8246788274984347,-0.01823504074790408
-2.8942937440101786,-3.8246788274984347,-0.02225906598479684
-2.790926110295529,-3.8246788274984347,-0.02433010289690259
-2.6875584765808798,-3.8246788274984347,-0.024092924795781193
-2.5841908428662306,-3.8246788274984347,-0.021811668567044834
-2.4808232091515814,-3.8246788274984347,-0.018241681713017117
-2.3774555754369326,-3.8246788274984347,-0.014379755786103362
-2.2740879417222835,-3.8246788274984347,-0.011181277919898704
-2.1707203080076334,-3.8246788274984347,-0.009328292647175343
-2.067352674292984,-3.8246788274984347,-0.009101520110249008
-1.9639850405783352,-3.8246788274984347,-0.010367120809060134
-1.8606174068636863,-3.8246788274984347,-0.012652675440083411
-1.757249773149037,-3.8246788274984347,-0.015268959541051284
-1.6538821394343879,-3.8246788274984347,-0.01743788283597931
-1.550514505719738,-3.8246788274984347,-0.01840596637134046
-1.447146872005089,-3.8246788274984347,-0.01754436456208624
-1.3437792382904399,-3.8246788274984347,-0.014448049066750311
-1.2404116045757907,-3.8246788274984347,-0.009041548375003143
-1.1370439708611417,-3.8246788274984347,-0.0016789093365187416
-1.0336763371464925,-3.8246788274984347,0.006797994289528709
-0.9303087034318435,-3.8246788274984347,0.015091596110234817
-0.8269410697171936,-3.8246788274984347,0.02161073315930365
-0.7235734360025445,-3.8246788274984347,0.024767993654264516
-0.6202058022878953,-3.8246788274984347,0.023367044374352226
-0.5168381685732463,-3.8246788274984347,0.01698573613109615
-0.4134705348585972,-3.8246788274984347,0.006234513189340657
-0.31010290114394806,-3.8246788274984347,-0.007218202451789122
-0.2067352674292982,-3.8246788274984347,-0.02090811803503931
-0.1033676337146491,-3.8246788274984347,-0.03209581407082521
0.,-3.8246788274984347,-0.03842970711576648
0.1033676337146491,-3.8246788274984347,-0.038573316058733056
0.2067352674292982,-3.8246788274984347,-0.03260828808628996
0.31010290114394734,-3.8246788274984347,-0.022074541833737586
0.4134705348585964,-3.8246788274984347,-0.00960883322174157
0.5168381685732455,-3.8246788274984347,0.0017357547449089383
0.6202058022878947,-3.8246788274984347,0.009303037757984549
0.7235734360025438,-3.8246788274984347,0.011542500139514541
0.8269410697171944,-3.8246788274984347,0.008398953032813825
0.9303087034318435,-3.8246788274984347,0.0012611016423591179
1.0336763371464925,-3.8246788274984347,-0.0075170905925464855
1.1370439708611417,-3.8246788274984347,-0.015372215929725005
1.2404116045757907,-3.8246788274984347,-0.020323069542229077
1.3437792382904399,-3.8246788274984347,-0.021542307523988318
1.447146872005089,-3.8246788274984347,-0.01952214513868603
1.550514505719738,-3.8246788274984347,-0.01578166610595682
1.6538821394343872,-3.8246788274984347,-0.012217648652256592
1.7572497731490362,-3.8246788274984347,-0.010324497821753015
1.8606174068636854,-3.8246788274984347,-0.010559061138035305
1.9639850405783346,-3.8246788274984347,-0.01208340194343802
2.0673526742929837,-3.8246788274984347,-0.012994466141097923
2.1707203080076343,-3.8246788274984347,-0.010983473270096668
2.2740879417222835,-3.8246788274984347,-0.004214839860787408
2.3774555754369326,-3.8246788274984347,0.007872988359253803
2.4808232091515814,-3.8246788274984347,0.02413211014190104
2.5841908428662306,-3.8246788274984347,0.041814113980714586
2.6875584765808798,-3.8246788274984347,0.057228611998275974
2.790926110295529,-3.8246788274984347,0.0667730656827686
2.894293744010178,-3.8246788274984347,0.06802303374285185
2.997661377724827,-3.8246788274984347,0.06053604115221484
3.101029011439476,-3.8246788274984347,0.04609811264587251
3.2043966451541253,-3.8246788274984347,0.028308439931992533
3.3077642788687744,-3.8246788274984347,0.011603286942495336
3.411131912583425,-3.8246788274984347,-2.4694285372760626e-7
3.514499546298074,-3.8246788274984347,-0.00406478845252625
3.6178671800127233,-3.8246788274984347,-0.00044289745751524654
3.7212348137273725,-3.8246788274984347,0.008685174138218286
3.8246024474420213,-3.8246788274984347,0.01946481901664491
3.9279700811566705,-3.8246788274984347,0.02751931600206643
4.031337714871319,-3.8246788274984347,0.029256617344972063
4.134705348585968,-3.8246788274984347,0.022940322874235575
4.238072982300618,-3.8246788274984347,0.009208464487755438
4.341440616015267,-3.8246788274984347,-0.009106383643196093
4.444808249729916,-3.8246788274984347,-0.027790285829166417
4.548175883444565,-3.8246788274984347,-0.04244145024800837
4.651543517159214,-3.8246788274984347,-0.04968513798683701
4.754911150873865,-3.8246788274984347,-0.04805713952063627
4.858278784588514,-3.8246788274984347,-0.03831558530726625
4.961646418303163,-3.8246788274984347,-0.023121277408183465
5.065014052017812,-3.8246788274984347,-0.00621642972251676
5.168381685732461,-3.8246788274984347,0.008628359662329568
5.27174931944711,-3.8246788274984347,0.018579610271012608
5.3751169531617595,-3.8246788274984347,0.02235075030342679
5.478484586876409,-3.8246788274984347,0.020317376440745365
5.581852220591058,-3.8246788274984347,0.014160804693578388
5.685219854305707,-3.8246788274984347,0.00620315275250634
5.788587488020356,-3.8246788274984347,-0.0013267870515651843
5.8919551217350055,-3.8246788274984347,-0.0068652673424061065
5.995322755449654,-3.8246788274984347,-0.009772966062075892
6.098690389164305,-3.8246788274984347,-0.010254270784922796
6.202058022878954,-3.8246788274984347,-0.009026640689870297
6.305425656593603,-3.8246788274984347,-0.006903881178482858
6.408793290308252,-3.8246788274984347,-0.004464710603937068
-6.408793290308252,-3.7213091294579366,0.00003371415971615077
-6.305425656593603,-3.7213091294579366,-0.0001631530404130729
-6.202058022878954,-3.7213091294579366,0.0011752029566978197
-6.098690389164304,-3.7213091294579366,0.004187107719278977
-5.995322755449655,-3.7213091294579366,0.00827584942011061
-5.8919551217350055,-3.7213091294579366,0.01218681331419352
-5.788587488020356,-3.7213091294579366,0.01437611832300616
-5.685219854305708,-3.7213091294579366,0.013548530148213852
-5.581852220591058,-3.7213091294579366,0.00917178602136225
-5.478484586876409,-3.7213091294579366,0.001774204103901039
-5.3751169531617595,-3.7213091294579366,-0.007097046020838069
-5.27174931944711,-3.7213091294579366,-0.015263465732260824
-5.168381685732461,-3.7213091294579366,-0.020534439091219048
-5.065014052017812,-3.7213091294579366,-0.021361658328579423
-4.961646418303163,-3.7213091294579366,-0.0173168958627674
-4.858278784588514,-3.7213091294579366,-0.00923792676222078
-4.754911150873865,-3.7213091294579366,0.001003889832402223
-4.651543517159215,-3.7213091294579366,0.01103782427284202
-4.548175883444566,-3.7213091294579366,0.0186577762920354
-4.444808249729917,-3.7213091294579366,0.02240766447547852
-4.341440616015267,-3.7213091294579366,0.021912973852769458
-4.238072982300618,-3.7213091294579366,0.017872409233320653
-4.134705348585968,-3.7213091294579366,0.011736686977804315
-4.031337714871319,-3.7213091294579366,0.005199544458266995
-3.9279700811566705,-3.7213091294579366,-0.0003230295764483742
-3.8246024474420213,-3.7213091294579366,-0.004059976125708944
-3.7212348137273725,-3.7213091294579366,-0.005998188765686502
-3.6178671800127233,-3.7213091294579366,-0.006734175907050812
-3.514499546298074,-3.7213091294579366,-0.007145179612691168
-3.411131912583425,-3.7213091294579366,-0.00801333836769201
-3.3077642788687753,-3.7213091294579366,-0.009738428813520694
-3.204396645154126,-3.7213091294579366,-0.012229276256910913
-3.101029011439477,-3.7213091294579366,-0.014991127670062094
-2.9976613777248278,-3.7213091294579366,-0.017354516819080262
-2.8942937440101786,-3.7213091294579366,-0.0187462784430883
-2.790926110295529,-3.7213091294579366,-0.01889937745776853
-2.6875584765808798,-3.7213091294579366,-0.01793280097574858
-2.5841908428662306,-3.7213091294579366,-0.016289232712114573
-2.4808232091515814,-3.7213091294579366,-0.014572820850729716
-2.3774555754369326,-3.7213091294579366,-0.013360859077994893
-2.2740879417222835,-3.7213091294579366,-0.013061206555549432
-2.1707203080076334,-3.7213091294579366,-0.013855758882106611
-2.067352674292984,-3.7213091294579366,-0.01572535378811664
-1.9639850405783352,-3.7213091294579366,-0.018514228344164496
-1.8606174068636863,-3.7213091294579366,-0.021979503335674062
-1.757249773149037,-3.7213091294579366,-0.02578869466920493
-1.6538821394343879,-3.7213091294579366,-0.029467516551161557
-1.550514505719738,-3.7213091294579366,-0.03234221311002933
-1.447146872005089,-3.7213091294579366,-0.033543703471051095
-1.3437792382904399,-3.7213091294579366,-0.032130234656206645
-1.2404116045757907,-3.7213091294579366,-0.02734034359088028
-1.1370439708611417,-3.7213091294579366,-0.018923799856995473
-1.0336763371464925,-3.7213091294579366,-0.007440809427030778
-0.9303087034318435,-3.7213091294579366,0.0056038205350951165
-0.8269410697171936,-3.7213091294579366,0.017897665408946307
-0.7235734360025445,-3.7213091294579366,0.026758353603467358
-0.6202058022878953,-3.7213091294579366,0.02979699244255366
-0.5168381685732463,-3.7213091294579366,0.025635642467670437
-0.4134705348585972,-3.7213091294579366,0.014455687519408445
-0.31010290114394806,-3.7213091294579366,-0.0018265441060439252
-0.2067352674292982,-3.7213091294579366,-0.019867384140556273
-0.1033676337146491,-3.7213091294579366,-0.03565393053818909
0.,-3.7213091294579366,-0.04553072034638369
0.1033676337146491,-3.7213091294579366,-0.04720837808353926
0.2067352674292982,-3.7213091294579366,-0.040447319849550495
0.31010290114394734,-3.7213091294579366,-0.02718773183754041
0.4134705348585964,-3.7213091294579366,-0.0110552718806682
0.5168381685732455,-3.7213091294579366,0.0036365959939484143
0.6202058022878947,-3.7213091294579366,0.013103177633197917
0.7235734360025438,-3.7213091294579366,0.015159384767573902
0.8269410697171944,-3.7213091294579366,0.009813909429911201
0.9303087034318435,-3.7213091294579366,-0.0008024689604634871
1.0336763371464925,-3.7213091294579366,-0.013156139643777735
1.1370439708611417,-3.7213091294579366,-0.023451713459012827
1.2404116045757907,-3.7213091294579366,-0.028830009612461613
1.3437792382904399,-3.7213091294579366,-0.028235317050441817
1.447146872005089,-3.7213091294579366,-0.02266851462493502
1.550514505719738,-3.7213091294579366,-0.014742621988249858
1.6538821394343872,-3.7213091294579366,-0.007688941873882927
1.7572497731490362,-3.7213091294579366,-0.004148695704958562
1.8606174068636854,-3.7213091294579366,-0.005163484794908118
1.9639850405783346,-3.7213091294579366,-0.009719175909029631
2.0673526742929837,-3.7213091294579366,-0.015018235587323339
2.1707203080076343,-3.7213091294579366,-0.01741228327820325
2.2740879417222835,-3.7213091294579366,-0.013699557257139451
2.3774555754369326,-3.7213091294579366,-0.002357483120058608
2.4808232091515814,-3.7213091294579366,0.015714046167751506
2.5841908428662306,-3.7213091294579366,0.03721582972569714
2.6875584765808798,-3.7213091294579366,0.05727218750444462
2.790926110295529,-3.7213091294579366,0.0708242240061125
2.894293744010178,-3.7213091294579366,0.07416918675792629
2.997661377724827,-3.7213091294579366,0.06615928594844792
3.101029011439476,-3.7213091294579366,0.048667009294310636
3.2043966451541253,-3.7213091294579366,0.026146244682545467
3.3077642788687744,-3.7213091294579366,0.004399884800696912
3.411131912583425,-3.7213091294579366,-0.011084441607209216
3.514499546298074,-3.7213091294579366,-0.016728795008781033
3.6178671800127233,-3.7213091294579366,-0.011904025069891036
3.7212348137273725,-3.7213091294579366,0.0009038550739355367
3.8246024474420213,-3.7213091294579366,0.016850398029176254
3.9279700811566705,-3.7213091294579366,0.030181189019326444
4.031337714871319,-3.7213091294579366,0.03593257664642162
4.134705348585968,-3.7213091294579366,0.031374904806019746
4.238072982300618,-3.7213091294579366,0.016775806718700426
4.341440616015267,-3.7213091294579366,-0.004724180328381751
4.444808249729916,-3.7213091294579366,-0.028059058851859255
4.548175883444565,-3.7213091294579366,-0.047699339077256514
4.651543517159214,-3.7213091294579366,-0.05917920455945197
4.754911150873865,-3.7213091294579366,-0.06024164927998261
4.858278784588514,-3.7213091294579366,-0.05129265245222879
4.961646418303163,-3.7213091294579366,-0.03508055713610057
5.065014052017812,-3.7213091294579366,-0.01575410810393334
5.168381685732461,-3.7213091294579366,0.0023727744932657913
5.27174931944711,-3.7213091294579366,0.01596045336598692
5.3751169531617595,-3.7213091294579366,0.023362746758366786
5.478484586876409,-3.7213091294579366,0.02476204934675687
5.581852220591058,-3.7213091294579366,0.021755063109282814
5.685219854305707,-3.7213091294579366,0.01659285286245045
5.788587488020356,-3.7213091294579366,0.011365706040192169
5.8919551217350055,-3.7213091294579366,0.007405759018283493
5.995322755449654,-3.7213091294579366,0.005073027857120335
6.098690389164305,-3.7213091294579366,0.003937241778616761
6.202058022878954,-3.7213091294579366,0.0032253387404339467
6.305425656593603,-3.7213091294579366,0.002321779280314633
6.408793290308252,-3.7213091294579366,0.0011109970003144452
-6.408793290308252,-3.617939431417438,0.004595172380671752
-6.305425656593603,-3.617939431417438,0.0002836167023454941
-6.202058022878954,-3.617939431417438,-0.001697155148925517
-6.098690389164304,-3.617939431417438,-0.0007415080659561462
-5.995322755449655,-3.617939431417438,0.002777162285354231
-5.8919551217350055,-3.617939431417438,0.007550023154873024
-5.788587488020356,-3.617939431417438,0.011725096533610457
-5.685219854305708,-3.617939431417438,0.013519218952500606
-5.581852220591058,-3.617939431417438,0.011839682136359348
-5.478484586876409,-3.617939431417438,0.006699314973878261
-5.3751169531617595,-3.617939431417438,-0.0007216865228416537
-5.27174931944711,-3.617939431417438,-0.00839404935424977
-5.168381685732461,-3.617939431417438,-0.01403701708282347
-5.065014052017812,-3.617939431417438,-0.01580288431292878
-4.961646418303163,-3.617939431417438,-0.012830921149686543
-4.858278784588514,-3.617939431417438,-0.0055007365879546355
-4.754911150873865,-3.617939431417438,0.004683177112035852
-4.651543517159215,-3.617939431417438,0.015524539246074318
-4.548175883444566,-3.617939431417438,0.02473833862216294
-4.444808249729917,-3.617939431417438,0.030533406810397155
-4.341440616015267,-3.617939431417438,0.03200577588045076
-4.238072982300618,-3.617939431417438,0.02924843339863511
-4.134705348585968,-3.617939431417438,0.02318103892923591
-4.031337714871319,-3.617939431417438,0.015189763758905973
-3.9279700811566705,-3.617939431417438,0.006714421265472675
-3.8246024474420213,-3.617939431417438,-0.0010845408146024072
-3.7212348137273725,-3.617939431417438,-0.007495517311863952
-3.6178671800127233,-3.617939431417438,-0.012248749310469561
-3.514499546298074,-3.617939431417438,-0.015384210128340577
-3.411131912583425,-3.617939431417438,-0.01708051760994535
-3.3077642788687753,-3.617939431417438,-0.01752668545373955
-3.204396645154126,-3.617939431417438,-0.016881592821772033
-3.101029011439477,-3.617939431417438,-0.015315436920276735
-2.9976613777248278,-3.617939431417438,-0.013086083046171374
-2.8942937440101786,-3.617939431417438,-0.010588540688969156
-2.790926110295529,-3.617939431417438,-0.008332692115127252
-2.6875584765808798,-3.617939431417438,-0.006843718824899232
-2.5841908428662306,-3.617939431417438,-0.006522435389210092
-2.4808232091515814,-3.617939431417438,-0.007528487053975031
-2.3774555754369326,-3.617939431417438,-0.009745098928462877
-2.2740879417222835,-3.617939431417438,-0.012850123759964688
-2.1707203080076334,-3.617939431417438,-0.01646852081111553
-2.067352674292984,-3.617939431417438,-0.020338242390054134
-1.9639850405783352,-3.617939431417438,-0.024405814198757887
-1.8606174068636863,-3.617939431417438,-0.028790249633350258
-1.757249773149037,-3.617939431417438,-0.03360900082981764
-1.6538821394343879,-3.617939431417438,-0.038726996317133576
-1.550514505719738,-3.617939431417438,-0.04354114726116142
-1.447146872005089,-3.617939431417438,-0.04692295864420539
-1.3437792382904399,-3.617939431417438,-0.04740003618228502
-1.2404116045757907,-3.617939431417438,-0.043572485040064855
-1.1370439708611417,-3.617939431417438,-0.03466040904870899
-1.0336763371464925,-3.617939431417438,-0.021001737931540927
-0.9303087034318435,-3.617939431417438,-0.0042993582867860885
-0.8269410697171936,-3.617939431417438,0.01253053720629054
-0.7235734360025445,-3.617939431417438,0.025940092517801255
-0.6202058022878953,-3.617939431417438,0.03264612970212324
-0.5168381685732463,-3.617939431417438,0.030599050496475103
-0.4134705348585972,-3.617939431417438,0.019722700175699125
-0.31010290114394806,-3.617939431417438,0.0021602528870841384
-0.2067352674292982,-3.617939431417438,-0.01810837846859825
-0.1033676337146491,-3.617939431417438,-0.03622319024616576
0.,-3.617939431417438,-0.047731656221341456
0.1033676337146491,-3.617939431417438,-0.04983898628406645
0.2067352674292982,-3.617939431417438,-0.04223802678101172
0.31010290114394734,-3.617939431417438,-0.027243897822194243
0.4134705348585964,-3.617939431417438,-0.009161788264783043
0.5168381685732455,-3.617939431417438,0.006946425567043877
0.6202058022878947,-3.617939431417438,0.01673582328993353
0.7235734360025438,-3.617939431417438,0.0178439680323698
0.8269410697171944,-3.617939431417438,0.01055336637487843
0.9303087034318435,-3.617939431417438,-0.002361872754935267
1.0336763371464925,-3.617939431417438,-0.01656201415913115
1.1370439708611417,-3.617939431417438,-0.02754893936971512
1.2404116045757907,-3.617939431417438,-0.03210425077730005
1.3437792382904399,-3.617939431417438,-0.02929240750122513
1.447146872005089,-3.617939431417438,-0.020699760535346827
1.550514505719738,-3.617939431417438,-0.009827605442786876
1.6538821394343872,-3.617939431417438,-0.0008360178134396588
1.7572497731490362,-3.617939431417438,0.0029461124617363526
1.8606174068636854,-3.617939431417438,0.0002443419553581517
1.9639850405783346,-3.617939431417438,-0.0076258905716922116
2.0673526742929837,-3.617939431417438,-0.017111814174713323
2.1707203080076343,-3.617939431417438,-0.023571714355849552
2.2740879417222835,-3.617939431417438,-0.02285856446291997
2.3774555754369326,-3.617939431417438,-0.012822871385648712
2.4808232091515814,-3.617939431417438,0.005770157859227839
2.5841908428662306,-3.617939431417438,0.029236617349586873
2.6875584765808798,-3.617939431417438,0.051921760533789454
2.790926110295529,-3.617939431417438,0.06783041153030316
2.894293744010178,-3.617939431417438,0.07244323444890444
2.997661377724827,-3.617939431417438,0.06415024221053565
3.101029011439476,-3.617939431417438,0.044841767672580975
3.2043966451541253,-3.617939431417438,0.019453854205130836
3.3077642788687744,-3.617939431417438,-0.0054110621259339416
3.411131912583425,-3.617939431417438,-0.02337883494380183
3.514499546298074,-3.617939431417438,-0.030142752163520664
3.6178671800127233,-3.617939431417438,-0.024692507283887305
3.7212348137273725,-3.617939431417438,-0.00956663651442176
3.8246024474420213,-3.617939431417438,0.009937955071352134
3.9279700811566705,-3.617939431417438,0.0273490452117619
4.031337714871319,-3.617939431417438,0.03690988309144273
4.134705348585968,-3.617939431417438,0.035211863584625545
4.238072982300618,-3.617939431417438,0.02209721759115455
4.341440616015267,-3.617939431417438,0.0005947825078172739
4.444808249729916,-3.617939431417438,-0.024049544400010545
4.548175883444565,-3.617939431417438,-0.04591874216413721
4.651543517159214,-3.617939431417438,-0.06006351849043789
4.754911150873865,-3.617939431417438,-0.06375163251731258
4.858278784588514,-3.617939431417438,-0.056993695274495895
4.961646418303163,-3.617939431417438,-0.042252956093093985
5.065014052017812,-3.617939431417438,-0.023500008973415237
5.168381685732461,-3.617939431417438,-0.004958195376473234
5.27174931944711,-3.617939431417438,0.010052181521423197
5.3751169531617595,-3.617939431417438,0.019834107163303114
5.478484586876409,-3.617939431417438,0.024434156608916992
5.581852220591058,-3.617939431417438,0.025208047122109542
5.685219854305707,-3.617939431417438,0.024051913302918154
5.788587488020356,-3.617939431417438,0.02260529203347374
5.8919551217350055,-3.617939431417438,0.021705980144564638
5.995322755449654,-3.617939431417438,0.021257276037862927
6.098690389164305,-3.617939431417438,0.020503014804019844
6.202058022878954,-3.617939431417438,0.018556171865205112
6.305425656593603,-3.617939431417438,0.014944409790785
6.408793290308252,-3.617939431417438,0.009945929476629018
-6.408793290308252,-3.5145697333769395,0.010066496093289815
-6.305425656593603,-3.5145697333769395,0.0012313671559026167
-6.202058022878954,-3.5145697333769395,-0.004914453089484266
-6.098690389164304,-3.5145697333769395,-0.0072426243782016545
-5.995322755449655,-3.5145697333769395,-0.005714477384143965
-5.8919551217350055,-3.5145697333769395,-0.0013979229234015356
-5.788587488020356,-3.5145697333769395,0.003876227178933795
-5.685219854305708,-3.5145697333769395,0.008104279227442718
-5.581852220591058,-3.5145697333769395,0.00975083533542178
-5.478484586876409,-3.5145697333769395,0.008232669492914185
-5.3751169531617595,-3.5145697333769395,0.004093223721513794
-5.27174931944711,-3.5145697333769395,-0.0011799968919523158
-5.168381685732461,-3.5145697333769395,-0.005627336130019314
-5.065014052017812,-3.5145697333769395,-0.007422365270725034
-4.961646418303163,-3.5145697333769395,-0.005421533118090034
-4.858278784588514,-3.5145697333769395,0.0005024858945409151
-4.754911150873865,-3.5145697333769395,0.009427518216064693
-4.651543517159215,-3.5145697333769395,0.01963617879754028
-4.548175883444566,-3.5145697333769395,0.029062124601090603
-4.444808249729917,-3.5145697333769395,0.03578802175741588
-4.341440616015267,-3.5145697333769395,0.038458545232385594
-4.238072982300618,-3.5145697333769395,0.03651605770777178
-4.134705348585968,-3.5145697333769395,0.030231388455658686
-4.031337714871319,-3.5145697333769395,0.02056283247003537
-3.9279700811566705,-3.5145697333769395,0.00891370334963503
-3.8246024474420213,-3.5145697333769395,-0.003135317182359227
-3.7212348137273725,-3.5145697333769395,-0.01406298184971857
-3.6178671800127233,-3.5145697333769395,-0.022589230714020025
-3.514499546298074,-3.5145697333769395,-0.027804621420516866
-3.411131912583425,-3.5145697333769395,-0.02926079934955239
-3.3077642788687753,-3.5145697333769395,-0.027028092174768075
-3.204396645154126,-3.5145697333769395,-0.021709233784286696
-3.101029011439477,-3.5145697333769395,-0.014384768164233381
-2.9976613777248278,-3.5145697333769395,-0.006467786030637841
-2.8942937440101786,-3.5145697333769395,0.0005324552544501585
-2.790926110295529,-3.5145697333769395,0.005303055587322718
-2.6875584765808798,-3.5145697333769395,0.007007060931039012
-2.5841908428662306,-3.5145697333769395,0.005465574349312053
-2.4808232091515814,-3.5145697333769395,0.001173016682382548
-2.3774555754369326,-3.5145697333769395,-0.004877647178183539
-2.2740879417222835,-3.5145697333769395,-0.011518804832814745
-2.1707203080076334,-3.5145697333769395,-0.0177812101910447
-2.067352674292984,-3.5145697333769395,-0.023186455469669447
-1.9639850405783352,-3.5145697333769395,-0.027845133146721796
-1.8606174068636863,-3.5145697333769395,-0.032308525157891406
-1.757249773149037,-3.5145697333769395,-0.037211158576753695
-1.6538821394343879,-3.5145697333769395,-0.04282800566237643
-1.550514505719738,-3.5145697333769395,-0.0487198915032625
-1.447146872005089,-3.5145697333769395,-0.05363021639837969
-1.3437792382904399,-3.5145697333769395,-0.05572191126285434
-1.2404116045757907,-3.5145697333769395,-0.05312570974160399
-1.1370439708611417,-3.5145697333769395,-0.0446479661210997
-1.0336763371464925,-3.5145697333769395,-0.03040311349593317
-0.9303087034318435,-3.5145697333769395,-0.012127461541392034
-0.8269410697171936,-3.5145697333769395,0.006991026105535674
-0.7235734360025445,-3.5145697333769395,0.022986279453724567
-0.6202058022878953,-3.5145697333769395,0.03214035668971752
-0.5168381685732463,-3.5145697333769395,0.032074705745480124
-0.4134705348585972,-3.5145697333769395,0.022565126450991013
-0.31010290114394806,-3.5145697333769395,0.005794709545208083
-0.2067352674292982,-3.5145697333769395,-0.014085584873136782
-0.1033676337146491,-3.5145697333769395,-0.032008077629585865
0.,-3.5145697333769395,-0.04337023980957749
0.1033676337146491,-3.5145697333769395,-0.045343528784055925
0.2067352674292982,-3.5145697333769395,-0.03770558412965728
0.31010290114394734,-3.5145697333769395,-0.022922161607963204
0.4134705348585964,-3.5145697333769395,-0.005429266456352454
0.5168381685732455,-3.5145697333769395,0.009684482202160718
0.6202058022878947,-3.5145697333769395,0.018200288037174408
0.7235734360025438,-3.5145697333769395,0.018026616940162346
0.8269410697171944,-3.5145697333769395,0.009795608174134735
0.9303087034318435,-3.5145697333769395,-0.003394515255584546
1.0336763371464925,-3.5145697333769395,-0.01701402322823337
1.1370439708611417,-3.5145697333769395,-0.026585489775190003
1.2404116045757907,-3.5145697333769395,-0.029139816601643588
1.3437792382904399,-3.5145697333769395,-0.024170650729461913
1.447146872005089,-3.5145697333769395,-0.013771207024069879
1.550514505719738,-3.5145697333769395,-0.0019013669645583247
1.6538821394343872,-3.5145697333769395,0.006981641171942815
1.7572497731490362,-3.5145697333769395,0.00948191426926038
1.8606174068636854,-3.5145697333769395,0.004495231967403759
1.9639850405783346,-3.5145697333769395,-0.006308220308540091
2.0673526742929837,-3.5145697333769395,-0.01893000272710258
2.1707203080076343,-3.5145697333769395,-0.028297401453108297
2.2740879417222835,-3.5145697333769395,-0.029935485059392787
2.3774555754369326,-3.5145697333769395,-0.021520669263080123
2.4808232091515814,-3.5145697333769395,-0.003804129573673669
2.5841908428662306,-3.5145697333769395,0.019415364733219857
2.6875584765808798,-3.5145697333769395,0.042291518887715235
2.790926110295529,-3.5145697333769395,0.05861552620648914
2.894293744010178,-3.5145697333769395,0.06367509564616965
2.997661377724827,-3.5145697333769395,0.05571300937561115
3.101029011439476,-3.5145697333769395,0.03652795929292499
3.2043966451541253,-3.5145697333769395,0.011022066583879449
3.3077642788687744,-3.5145697333769395,-0.014176829104129067
3.411131912583425,-3.5145697333769395,-0.03260622229904974
3.514499546298074,-3.5145697333769395,-0.039806274411193145
3.6178671800127233,-3.5145697333769395,-0.03455720987812519
3.7212348137273725,-3.5145697333769395,-0.019158811184340034
3.8246024474420213,-3.5145697333769395,0.0013114076808927193
3.9279700811566705,-3.5145697333769395,0.02051728986506994
4.031337714871319,-3.5145697333769395,0.03269128674414136
4.134705348585968,-3.5145697333769395,0.03422531514821787
4.238072982300618,-3.5145697333769395,0.024573181348511376
4.341440616015267,-3.5145697333769395,0.006238260934913793
4.444808249729916,-3.5145697333769395,-0.016096117765928408
4.548175883444565,-3.5145697333769395,-0.036984678185667794
4.651543517159214,-3.5145697333769395,-0.05173472531804716
4.754911150873865,-3.5145697333769395,-0.05756932866032039
4.858278784588514,-3.5145697333769395,-0.05413231886827621
4.961646418303163,-3.5145697333769395,-0.04325355801333513
5.065014052017812,-3.5145697333769395,-0.028125955366183713
5.168381685732461,-3.5145697333769395,-0.012212025775068604
5.27174931944711,-3.5145697333769395,0.0017508349480356165
5.3751169531617595,-3.5145697333769395,0.01234863506453407
5.478484586876409,-3.5145697333769395,0.019556449484731824
5.581852220591058,-3.5145697333769395,0.024326723749081406
5.685219854305707,-3.5145697333769395,0.02791080803234817
5.788587488020356,-3.5145697333769395,0.031194023789350905
5.8919551217350055,-3.5145697333769395,0.034291364503669375
5.995322755449654,-3.5145697333769395,0.03653365840725281
6.098690389164305,-3.5145697333769395,0.03681917548551754
6.202058022878954,-3.5145697333769395,0.03416994311073523
6.305425656593603,-3.5145697333769395,0.02826229071063528
6.408793290308252,-3.5145697333769395,0.01971869722063237
-6.408793290308252,-3.4112000353364413,0.014874438901414487
-6.305425656593603,-3.4112000353364413,0.001945595679810514
-6.202058022878954,-3.4112000353364413,-0.008262813405254995
-6.098690389164304,-3.4112000353364413,-0.014150691347221562
-5.995322755449655,-3.4112000353364413,-0.015203695476245659
-5.8919551217350055,-3.4112000353364413,-0.012078587949441168
-5.788587488020356,-3.4112000353364413,-0.006354238362095561
-5.685219854305708,-3.4112000353364413,-0.00003307312354043378
-5.581852220591058,-3.4112000353364413,0.005049721752158416
-5.478484586876409,-3.4112000353364413,0.007731800243151777
-5.3751169531617595,-3.4112000353364413,0.0078019450634304035
-5.27174931944711,-3.4112000353364413,0.005984896656122059
-5.168381685732461,-3.4112000353364413,0.0036566222522500945
-5.065014052017812,-3.4112000353364413,0.0023893896622429753
-4.961646418303163,-3.4112000353364413,0.0034655561228772113
-4.858278784588514,-3.4112000353364413,0.007494722009453148
-4.754911150873865,-3.4112000353364413,0.014227402839505096
-4.651543517159215,-3.4112000353364413,0.02259673950363519
-4.548175883444566,-3.4112000353364413,0.030958647776702448
-4.444808249729917,-3.4112000353364413,0.037457175360244024
-4.341440616015267,-3.4112000353364413,0.040424082986538504
-4.238072982300618,-3.4112000353364413,0.03872851452243863
-4.134705348585968,-3.4112000353364413,0.03201568808189976
-4.031337714871319,-3.4112000353364413,0.020802077488647625
-3.9279700811566705,-3.4112000353364413,0.0064201382666700625
-3.8246024474420213,-3.4112000353364413,-0.00917512754258349
-3.7212348137273725,-3.4112000353364413,-0.023711137682693815
-3.6178671800127233,-3.4112000353364413,-0.034974557696220834
-3.514499546298074,-3.4112000353364413,-0.04120640120462816
-3.411131912583425,-3.4112000353364413,-0.041448876483622346
-3.3077642788687753,-3.4112000353364413,-0.035771584327994606
-3.204396645154126,-3.4112000353364413,-0.025313617237612607
-3.101029011439477,-3.4112000353364413,-0.012107000704982149
-2.9976613777248278,-3.4112000353364413,0.0013057819683170557
-2.8942937440101786,-3.4112000353364413,0.012391696142006792
-2.790926110295529,-3.4112000353364413,0.01916842296097025
-2.6875584765808798,-3.4112000353364413,0.020629527627913542
-2.5841908428662306,-3.4112000353364413,0.016933421890725747
-2.4808232091515814,-3.4112000353364413,0.009293133053552349
-2.3774555754369326,-3.4112000353364413,-0.0004122239464741664
-2.2740879417222835,-3.4112000353364413,-0.010197218087863972
-2.1707203080076334,-3.4112000353364413,-0.018534332549469273
-2.067352674292984,-3.4112000353364413,-0.024745617047180875
-1.9639850405783352,-3.4112000353364413,-0.029092373520791276
-1.8606174068636863,-3.4112000353364413,-0.03252814508844729
-1.757249773149037,-3.4112000353364413,-0.036193582031968194
-1.6538821394343879,-3.4112000353364413,-0.04082618910405883
-1.550514505719738,-3.4112000353364413,-0.046299247282102586
-1.447146872005089,-3.4112000353364413,-0.05147370234239701
-1.3437792382904399,-3.4112000353364413,-0.05444938632470432
-1.2404116045757907,-3.4112000353364413,-0.05316618782016061
-1.1370439708611417,-3.4112000353364413,-0.04617593010004955
-1.0336763371464925,-3.4112000353364413,-0.03332735955271305
-0.9303087034318435,-3.4112000353364413,-0.01611103016556468
-0.8269410697171936,-3.4112000353364413,0.0024970032438163905
-0.7235734360025445,-3.4112000353364413,0.01869870118859502
-0.6202058022878953,-3.4112000353364413,0.02888087267362995
-0.5168381685732463,-3.4112000353364413,0.030673130313506047
-0.4134705348585972,-3.4112000353364413,0.023724141657983647
-0.31010290114394806,-3.4112000353364413,0.009929787372116802
-0.2067352674292982,-3.4112000353364413,-0.006995045866374357
-0.1033676337146491,-3.4112000353364413,-0.022506416766908753
0.,-3.4112000353364413,-0.032505059466624436
0.1033676337146491,-3.4112000353364413,-0.034513207755306
0.2067352674292982,-3.4112000353364413,-0.02838903279862833
0.31010290114394734,-3.4112000353364413,-0.016346396905198086
0.4134705348585964,-3.4112000353364413,-0.0022600480432097185
0.5168381685732455,-3.4112000353364413,0.009538164433886465
0.6202058022878947,-3.4112000353364413,0.01560075479155419
0.7235734360025438,-3.4112000353364413,0.014422004251056525
0.8269410697171944,-3.4112000353364413,0.006873836522421108
0.9303087034318435,-3.4112000353364413,-0.00412240362001828
1.0336763371464925,-3.4112000353364413,-0.014586220628446387
1.1370439708611417,-3.4112000353364413,-0.020812506876684022
1.2404116045757907,-3.4112000353364413,-0.020616612632888734
1.3437792382904399,-3.4112000353364413,-0.014079742992519795
1.447146872005089,-3.4112000353364413,-0.0035423453652022982
1.550514505719738,-3.4112000353364413,0.007163855183633816
1.6538821394343872,-3.4112000353364413,0.014004331544412786
1.7572497731490362,-3.4112000353364413,0.014134143930095013
1.8606174068636854,-3.4112000353364413,0.006934955512898046
1.9639850405783346,-3.4112000353364413,-0.005656106692119807
2.0673526742929837,-3.4112000353364413,-0.019655070078785065
2.1707203080076343,-3.4112000353364413,-0.030236873060028993
2.2740879417222835,-3.4112000353364413,-0.0332687135918888
2.3774555754369326,-3.4112000353364413,-0.026687304426182286
2.4808232091515814,-3.4112000353364413,-0.011275525549394445
2.5841908428662306,-3.4112000353364413,0.009424314311293742
2.6875584765808798,-3.4112000353364413,0.03005574275209826
2.790926110295529,-3.4112000353364413,0.044977910317759266
2.894293744010178,-3.4112000353364413,0.04992049751842325
2.997661377724827,-3.4112000353364413,0.04326142115414164
3.101029011439476,-3.4112000353364413,0.02653809728232652
3.2043966451541253,-3.4112000353364413,0.00403629121898516
3.3077642788687744,-3.4112000353364413,-0.018419362523059556
3.411131912583425,-3.4112000353364413,-0.03510964444945677
3.514499546298074,-3.4112000353364413,-0.04201101418320341
3.6178671800127233,-3.4112000353364413,-0.037868539974871655
3.7212348137273725,-3.4112000353364413,-0.0244534002779443
3.8246024474420213,-3.4112000353364413,-0.005957460073057369
3.9279700811566705,-3.4112000353364413,0.012266010436058686
4.031337714871319,-3.4112000353364413,0.02522266537590161
4.134705348585968,-3.4112000353364413,0.029608140444158274
4.238072982300618,-3.4112000353364413,0.024580324035505568
4.341440616015267,-3.4112000353364413,0.011790972145763053
4.444808249729916,-3.4112000353364413,-0.005274053897439061
4.548175883444565,-3.4112000353364413,-0.02239574728311474
4.651543517159214,-3.4112000353364413,-0.035803587289949326
4.754911150873865,-3.4112000353364413,-0.04308587447835093
4.858278784588514,-3.4112000353364413,-0.043593284424604896
4.961646418303163,-3.4112000353364413,-0.03827993279053722
5.065014052017812,-3.4112000353364413,-0.02910732862107507
5.168381685732461,-3.4112000353364413,-0.018260732634163692
5.27174931944711,-3.4112000353364413,-0.007458875491673353
5.3751169531617595,-3.4112000353364413,0.002426180132233186
5.478484586876409,-3.4112000353364413,0.011353134702336514
5.581852220591058,-3.4112000353364413,0.019762034909004612
5.685219854305707,-3.4112000353364413,0.028068055552212656
5.788587488020356,-3.4112000353364413,0.036218260776888556
5.8919551217350055,-3.4112000353364413,0.04349274592563311
5.995322755449654,-3.4112000353364413,0.04862993929660677
6.098690389164305,-3.4112000353364413,0.05022998390779573
6.202058022878954,-3.4112000353364413,0.04728542085314641
6.305425656593603,-3.4112000353364413,0.03964079306640984
6.408793290308252,-3.4112000353364413,0.028206904126113597
-6.408793290308252,-3.3078303372959432,0.018037122887345294
-6.305425656593603,-3.3078303372959432,0.002136001362031494
-6.202058022878954,-3.3078303372959432,-0.011227156171622236
-6.098690389164304,-3.3078303372959432,-0.02008622889627407
-5.995322755449655,-3.3078303372959432,-0.023481303402705184
-5.8919551217350055,-3.3078303372959432,-0.021614421066794818
-5.788587488020356,-3.3078303372959432,-0.015716054282717162
-5.685219854305708,-3.3078303372959432,-0.007669480542990615
-5.581852220591058,-3.3078303372959432,0.0004977064235054606
-5.478484586876409,-3.3078303372959432,0.007117131675640348
-5.3751169531617595,-3.3078303372959432,0.011250619926474961
-5.27174931944711,-3.3078303372959432,0.0128439295013993
-5.168381685732461,-3.3078303372959432,0.012639682983913091
-5.065014052017812,-3.3078303372959432,0.011887625502899759
-4.961646418303163,-3.3078303372959432,0.011937039027250964
-4.858278784588514,-3.3078303372959432,0.013818312812764213
-4.754911150873865,-3.3078303372959432,0.017916230532911134
-4.651543517159215,-3.3078303372959432,0.02381089763822132
-4.548175883444566,-3.3078303372959432,0.03032180089806753
-4.444808249729917,-3.3078303372959432,0.03574578166954366
-4.341440616015267,-3.3078303372959432,0.03823914127485545
-4.238072982300618,-3.3078303372959432,0.03626398263805343
-4.134705348585968,-3.3078303372959432,0.029003386035843497
-4.031337714871319,-3.3078303372959432,0.0166515286434704
-3.9279700811566705,-3.3078303372959432,0.0005041834928088587
-3.8246024474420213,-3.3078303372959432,-0.017189117270163447
-3.7212348137273725,-3.3078303372959432,-0.03360186546747626
-3.6178671800127233,-3.3078303372959432,-0.045874451621755755
-3.514499546298074,-3.3078303372959432,-0.05171757245986225
-3.411131912583425,-3.3078303372959432,-0.04994106440149671
-3.3077642788687753,-3.3078303372959432,-0.040776971974337876
-3.204396645154126,-3.3078303372959432,-0.025902398208274443
-3.101029011439477,-3.3078303372959432,-0.008133716979740779
-2.9976613777248278,-3.3078303372959432,0.009154953054663495
-2.8942937440101786,-3.3078303372959432,0.022760437141457007
-2.790926110295529,-3.3078303372959432,0.030350145626063973
-2.6875584765808798,-3.3078303372959432,0.03095379371045824
-2.5841908428662306,-3.3078303372959432,0.025115880996324565
-2.4808232091515814,-3.3078303372959432,0.014665763642146721
-2.3774555754369326,-3.3078303372959432,0.002167764078159939
-2.2740879417222835,-3.3078303372959432,-0.009793798961201713
-2.1707203080076334,-3.3078303372959432,-0.01928949880395319
-2.067352674292984,-3.3078303372959432,-0.025484165318524085
-1.9639850405783352,-3.3078303372959432,-0.028715034814267126
-1.8606174068636863,-3.3078303372959432,-0.030193700349909033
-1.757249773149037,-3.3078303372959432,-0.03143526415005796
-1.6538821394343879,-3.3078303372959432,-0.03360666289777301
-1.550514505719738,-3.3078303372959432,-0.03701518880120234
-1.447146872005089,-3.3078303372959432,-0.04091604127341177
-1.3437792382904399,-3.3078303372959432,-0.043715363276905554
-1.2404116045757907,-3.3078303372959432,-0.04351394763168535
-1.1370439708611417,-3.3078303372959432,-0.038818820069677545
-1.0336763371464925,-3.3078303372959432,-0.02918480139479747
-0.9303087034318435,-3.3078303372959432,-0.01555967088856181
-0.8269410697171936,-3.3078303372959432,-0.00019405131583158182
-0.7235734360025445,-3.3078303372959432,0.013885233004994743
-0.6202058022878953,-3.3078303372959432,0.02369529528874441
-0.5168381685732463,-3.3078303372959432,0.027164253823857842
-0.4134705348585972,-3.3078303372959432,0.023771579047507874
-0.31010290114394806,-3.3078303372959432,0.014749238767337728
-0.2067352674292982,-3.3078303372959432,0.002763691590550498
-0.1033676337146491,-3.3078303372959432,-0.008838261758130092
0.,-3.3078303372959432,-0.01699560566380115
0.1033676337146491,-3.3078303372959432,-0.019814340559553625
0.2067352674292982,-3.3078303372959432,-0.017088175160836105
0.31010290114394734,-3.3078303372959432,-0.010293601691914218
0.4134705348585964,-3.3078303372959432,-0.002060191160434171
0.5168381685732455,-3.3078303372959432,0.004714666564934414
0.6202058022878947,-3.3078303372959432,0.00782130968144746
0.7235734360025438,-3.3078303372959432,0.006453443710355709
0.8269410697171944,-3.3078303372959432,0.001449526564840229
0.9303087034318435,-3.3078303372959432,-0.0050210164445330325
1.0336763371464925,-3.3078303372959432,-0.010225674160504418
1.1370439708611417,-3.3078303372959432,-0.01183841076838891
1.2404116045757907,-3.3078303372959432,-0.008787910303869308
1.3437792382904399,-3.3078303372959432,-0.0016961336329968629
1.447146872005089,-3.3078303372959432,0.007250997041375603
1.550514505719738,-3.3078303372959432,0.014974297805571071
1.6538821394343872,-3.3078303372959432,0.018507265444811564
1.7572497731490362,-3.3078303372959432,0.01601523934658502
1.8606174068636854,-3.3078303372959432,0.007492475290401054
1.9639850405783346,-3.3078303372959432,-0.005102831372874253
2.0673526742929837,-3.3078303372959432,-0.018340638153023742
2.1707203080076343,-3.3078303372959432,-0.02830398908887215
2.2740879417222835,-3.3078303372959432,-0.03177229844075295
2.3774555754369326,-3.3078303372959432,-0.027239006138635495
2.4808232091515814,-3.3078303372959432,-0.015443887097988346
2.5841908428662306,-3.3078303372959432,0.0007547331588342453
2.6875584765808798,-3.3078303372959432,0.017141907034908793
2.790926110295529,-3.3078303372959432,0.029322358612577096
2.894293744010178,-3.3078303372959432,0.03396470280877083
2.997661377724827,-3.3078303372959432,0.029746615529774454
3.101029011439476,-3.3078303372959432,0.017725091822822166
3.2043966451541253,-3.3078303372959432,0.0010294223422766095
3.3077642788687744,-3.3078303372959432,-0.016023961769542495
3.411131912583425,-3.3078303372959432,-0.029128061166100706
3.514499546298074,-3.3078303372959432,-0.03514305356016666
3.6178671800127233,-3.3078303372959432,-0.032888317959763845
3.7212348137273725,-3.3078303372959432,-0.0233613350954289
3.8246024474420213,-3.3078303372959432,-0.009351787265071743
3.9279700811566705,-3.3078303372959432,0.005404462433264612
4.031337714871319,-3.3078303372959432,0.01726319609415232
4.134705348585968,-3.3078303372959432,0.0235967848993667
4.238072982300618,-3.3078303372959432,0.023358253063762994
4.341440616015267,-3.3078303372959432,0.01716287423066256
4.444808249729916,-3.3078303372959432,0.006918242295015579
4.548175883444565,-3.3078303372959432,-0.004836557507332969
4.651543517159214,-3.3078303372959432,-0.01565369357350739
4.754911150873865,-3.3078303372959432,-0.023741590623721193
4.858278784588514,-3.3078303372959432,-0.02822990923728658
4.961646418303163,-3.3078303372959432,-0.02910680553036234
5.065014052017812,-3.3078303372959432,-0.02691191527422788
5.168381685732461,-3.3078303372959432,-0.022339711435458477
5.27174931944711,-3.3078303372959432,-0.01591860033956359
5.3751169531617595,-3.3078303372959432,-0.007882568377282654
5.478484586876409,-3.3078303372959432,0.0017343843863075706
5.581852220591058,-3.3078303372959432,0.012842448238681045
5.685219854305707,-3.3078303372959432,0.025004198529064884
5.788587488020356,-3.3078303372959432,0.03724678228286283
5.8919551217350055,-3.3078303372959432,0.04807997569155478
5.995322755449654,-3.3078303372959432,0.055746031372609015
6.098690389164305,-3.3078303372959432,0.058640926474629124
6.202058022878954,-3.3078303372959432,0.05578019040827318
6.305425656593603,-3.3078303372959432,0.04715859096133738
6.408793290308252,-3.3078303372959432,0.033879371339015314
-6.408793290308252,-3.204460639255445,0.01940749335406867
-6.305425656593603,-3.204460639255445,0.0020649469273886396
-6.202058022878954,-3.204460639255445,-0.013066543205810582
-6.098690389164304,-3.204460639255445,-0.023760982231418287
-5.995322755449655,-3.204460639255445,-0.028684107136777985
-5.8919551217350055,-3.204460639255445,-0.027628422192130127
-5.788587488020356,-3.204460639255445,-0.021499527992035642
-5.685219854305708,-3.204460639255445,-0.012059218699901253
-5.581852220591058,-3.204460639255445,-0.001488659471009355
-5.478484586876409,-3.204460639255445,0.00812274282282153
-5.3751169531617595,-3.204460639255445,0.015240504370596751
-5.27174931944711,-3.204460639255445,0.01919075421281848
-5.168381685732461,-3.204460639255445,0.020237879552192698
-5.065014052017812,-3.204460639255445,0.0194193646906905
-4.961646418303163,-3.204460639255445,0.0181825828972102
-4.858278784588514,-3.204460639255445,0.017917527162790707
-4.754911150873865,-3.204460639255445,0.019506634218392997
-4.651543517159215,-3.204460639255445,0.02301105989819847
-4.548175883444566,-3.204460639255445,0.027581587015456765
-4.444808249729917,-3.204460639255445,0.03162818706429236
-4.341440616015267,-3.204460639255445,0.033217210756719344
-4.238072982300618,-3.204460639255445,0.03060460766921834
-4.134705348585968,-3.204460639255445,0.022772717424816617
-4.031337714871319,-3.204460639255445,0.009828499410713398
-3.9279700811566705,-3.204460639255445,-0.0068528758866295576
-3.8246024474420213,-3.204460639255445,-0.024797494560054784
-3.7212348137273725,-3.204460639255445,-0.04089695239979235
-3.6178671800127233,-3.204460639255445,-0.05207190520211557
-3.514499546298074,-3.204460639255445,-0.055981830151660604
-3.411131912583425,-3.204460639255445,-0.05160644523635861
-3.3077642788687753,-3.204460639255445,-0.03954699425411943
-3.204396645154126,-3.204460639255445,-0.02195934162937538
-3.101029011439477,-3.204460639255445,-0.0021209179493398623
-2.9976613777248278,-3.204460639255445,0.016272759384442365
-2.8942937440101786,-3.204460639255445,0.029914116907462294
-2.790926110295529,-3.204460639255445,0.036594148975706946
-2.6875584765808798,-3.204460639255445,0.03564148279395493
-2.5841908428662306,-3.204460639255445,0.027983151174385358
-2.4808232091515814,-3.204460639255445,0.015819504927512208
-2.3774555754369326,-3.204460639255445,0.0020077016007098267
-2.2740879417222835,-3.204460639255445,-0.010675448654395646
-2.1707203080076334,-3.204460639255445,-0.020191645110858296
-2.067352674292984,-3.204460639255445,-0.025647809123779387
-1.9639850405783352,-3.204460639255445,-0.02735447487986966
-1.8606174068636863,-3.204460639255445,-0.026541076302520124
-1.757249773149037,-3.204460639255445,-0.024832027957061697
-1.6538821394343879,-3.204460639255445,-0.023653688343716065
-1.550514505719738,-3.204460639255445,-0.023756549432070007
-1.447146872005089,-3.204460639255445,-0.024995514835633635
-1.3437792382904399,-3.204460639255445,-0.026427047754329688
-1.2404116045757907,-3.204460639255445,-0.02668143988304634
-1.1370439708611417,-3.204460639255445,-0.024482624419698198
-1.0336763371464925,-3.204460639255445,-0.019143323726543312
-0.9303087034318435,-3.204460639255445,-0.010873441291345385
-0.8269410697171936,-3.204460639255445,-0.0008008262928471272
-0.7235734360025445,-3.204460639255445,0.009303865982949447
-0.6202058022878953,-3.204460639255445,0.017512082031788726
-0.5168381685732463,-3.204460639255445,0.022279685636640945
-0.4134705348585972,-3.204460639255445,0.022877174154554567
-0.31010290114394806,-3.204460639255445,0.019575329714714342
-0.2067352674292982,-3.204460639255445,0.0135327792192076
-0.1033676337146491,-3.204460639255445,0.0064270753594743045
0.,-3.204460639255445,-0.0000485444808365144
0.1033676337146491,-3.204460639255445,-0.004660521341150824
0.2067352674292982,-3.204460639255445,-0.006933341373922555
0.31010290114394734,-3.204460639255445,-0.007183247613108576
0.4134705348585964,-3.204460639255445,-0.006288933332778628
0.5168381685732455,-3.204460639255445,-0.005288379721362796
0.6202058022878947,-3.204460639255445,-0.0049478058505696325
0.7235734360025438,-3.204460639255445,-0.005456001357831131
0.8269410697171944,-3.204460639255445,-0.006352705227255242
0.9303087034318435,-3.204460639255445,-0.00671799002864407
1.0336763371464925,-3.204460639255445,-0.005558026458161199
1.1370439708611417,-3.204460639255445,-0.002251840505128045
1.2404116045757907,-3.204460639255445,0.00310218982218403
1.3437792382904399,-3.204460639255445,0.009572869505792484
1.447146872005089,-3.204460639255445,0.015574121914318317
1.550514505719738,-3.204460639255445,0.019296089444507454
1.6538821394343872,-3.204460639255445,0.019263770396832053
1.7572497731490362,-3.204460639255445,0.01484831528310551
1.8606174068636854,-3.204460639255445,0.0065620307125305085
1.9639850405783346,-3.204460639255445,-0.003971285287519339
2.0673526742929837,-3.204460639255445,-0.014381905199376576
2.1707203080076343,-3.204460639255445,-0.02216314131854042
2.2740879417222835,-3.204460639255445,-0.025353394732279943
2.3774555754369326,-3.204460639255445,-0.023093635107555435
2.4808232091515814,-3.204460639255445,-0.015894895570944728
2.5841908428662306,-3.204460639255445,-0.005532761802196581
2.6875584765808798,-3.204460639255445,0.005406448767227633
2.790926110295529,-3.204460639255445,0.014202568660219617
2.894293744010178,-3.204460639255445,0.018712913128976365
2.997661377724827,-3.204460639255445,0.017921662832783243
3.101029011439476,-3.204460639255445,0.012179981604984453
3.2043966451541253,-3.204460639255445,0.0030797348516007008
3.3077642788687744,-3.204460639255445,-0.006992674494250112
3.411131912583425,-3.204460639255445,-0.01548942670339023
3.514499546298074,-3.204460639255445,-0.020343660447535904
3.6178671800127233,-3.204460639255445,-0.020451195666951267
3.7212348137273725,-3.204460639255445,-0.015876849890093622
3.8246024474420213,-3.204460639255445,-0.0077541187923393495
3.9279700811566705,-3.204460639255445,0.0020673561163708173
4.031337714871319,-3.204460639255445,0.011509425862046334
4.134705348585968,-3.204460639255445,0.018747715328901654
4.238072982300618,-3.204460639255445,0.022567256640031213
4.341440616015267,-3.204460639255445,0.022521887329312214
4.444808249729916,-3.204460639255445,0.018892973131425673
4.548175883444565,-3.204460639255445,0.012500131826366973
4.651543517159214,-3.204460639255445,0.004448864976574828
4.754911150873865,-3.204460639255445,-0.004099854121829897
4.858278784588514,-3.204460639255445,-0.012080926447426428
4.961646418303163,-3.204460639255445,-0.01858330757045191
5.065014052017812,-3.204460639255445,-0.022842029727180246
5.168381685732461,-3.204460639255445,-0.02421536858662105
5.27174931944711,-3.204460639255445,-0.02219808063599921
5.3751169531617595,-3.204460639255445,-0.016498107042497247
5.478484586876409,-3.204460639255445,-0.007167397094834173
5.581852220591058,-3.204460639255445,0.0052578669957556385
5.685219854305707,-3.204460639255445,0.01967234847947985
5.788587488020356,-3.204460639255445,0.03443266118664594
5.8919551217350055,-3.204460639255445,0.04753703710876168
5.995322755449654,-3.204460639255445,0.05694187278934323
6.098690389164305,-3.204460639255445,0.06095711124390045
6.202058022878954,-3.204460639255445,0.05862901265617506
6.305425656593603,-3.204460639255445,0.05000989418736575
6.408793290308252,-3.204460639255445,0.0362341162192361
-6.408793290308252,-3.101090941214947,0.019613839999127917
-6.305425656593603,-3.101090941214947,0.002430939099412666
-6.202058022878954,-3.101090941214947,-0.01301117363886577
-6.098690389164304,-3.101090941214947,-0.02429425658542161
-5.995322755449655,-3.101090941214947,-0.029768699407967142
-5.8919551217350055,-3.101090941214947,-0.028891026529584155
-5.788587488020356,-3.101090941214947,-0.022330317104721675
-5.685219854305708,-3.101090941214947,-0.011804358765802221
-5.581852220591058,-3.101090941214947,0.0003270386099862625
-5.478484586876409,-3.101090941214947,0.011619094090237668
-5.3751169531617595,-3.101090941214947,0.02011230811732561
-5.27174931944711,-3.101090941214947,0.024768917490680175
-5.168381685732461,-3.101090941214947,0.025658954990929454
-5.065014052017812,-3.101090941214947,0.023843864611753467
-4.961646418303163,-3.101090941214947,0.020987776683607916
-4.858278784588514,-3.101090941214947,0.018803598797176944
-4.754911150873865,-3.101090941214947,0.01849059598780602
-4.651543517159215,-3.101090941214947,0.020326663410840953
-4.548175883444566,-3.101090941214947,0.023538484110645203
-4.444808249729917,-3.101090941214947,0.02649611397535639
-4.341440616015267,-3.101090941214947,0.02718617323875653
-4.238072982300618,-3.101090941214947,0.023835896982733223
-4.134705348585968,-3.101090941214947,0.015512640085809052
-4.031337714871319,-3.101090941214947,0.0025245282028305404
-3.9279700811566705,-3.101090941214947,-0.013501488349456253
-3.8246024474420213,-3.101090941214947,-0.029901367503770156
-3.7212348137273725,-3.101090941214947,-0.043554084532092315
-3.6178671800127233,-3.101090941214947,-0.05161563108725379
-3.514499546298074,-3.101090941214947,-0.052218154331180384
-3.411131912583425,-3.101090941214947,-0.044952373279704166
-3.3077642788687753,-3.101090941214947,-0.031007378674009874
-3.204396645154126,-3.101090941214947,-0.012931232665401006
-3.101029011439477,-3.101090941214947,0.005926321110041852
-2.9976613777248278,-3.101090941214947,0.022147864685178018
-2.8942937440101786,-3.101090941214947,0.03297698963460554
-2.790926110295529,-3.101090941214947,0.036867361120214846
-2.6875584765808798,-3.101090941214947,0.033730227038018576
-2.5841908428662306,-3.101090941214947,0.024839486509602778
-2.4808232091515814,-3.101090941214947,0.01244028318174412
-2.3774555754369326,-3.101090941214947,-0.0008234068684341236
-2.2740879417222835,-3.101090941214947,-0.012511581385025903
-2.1707203080076334,-3.101090941214947,-0.020876627130838713
-2.067352674292984,-3.101090941214947,-0.025134479200867203
-1.9639850405783352,-3.101090941214947,-0.0254795572780176
-1.8606174068636863,-3.101090941214947,-0.022871675978051488
-1.757249773149037,-3.101090941214947,-0.018675794861645074
-1.6538821394343879,-3.101090941214947,-0.014261598189337645
-1.550514505719738,-3.101090941214947,-0.010665834661338601
-1.447146872005089,-3.101090941214947,-0.00839091862311466
-1.3437792382904399,-3.101090941214947,-0.007369433635162211
-1.2404116045757907,-3.101090941214947,-0.007079169361675471
-1.1370439708611417,-3.101090941214947,-0.006758838450674851
-1.0336763371464925,-3.101090941214947,-0.005657772251652406
-0.9303087034318435,-3.101090941214947,-0.0032549992187576276
-0.8269410697171936,-3.101090941214947,0.0005996990067969383
-0.7235734360025445,-3.101090941214947,0.005644939543237662
-0.6202058022878953,-3.101090941214947,0.011263732417600057
-0.5168381685732463,-3.101090941214947,0.016613154764266988
-0.4134705348585972,-3.101090941214947,0.020793673649152206
-0.31010290114394806,-3.101090941214947,0.02302225643569451
-0.2067352674292982,-3.101090941214947,0.022778493759110025
-0.1033676337146491,-3.101090941214947,0.019901906351886923
0.,-3.101090941214947,0.014628652068674836
0.1033676337146491,-3.101090941214947,0.00756525466468457
0.2067352674292982,-3.101090941214947,-0.00039489756867883765
0.31010290114394734,-3.101090941214947,-0.00819966321404224
0.4134705348585964,-3.101090941214947,-0.014792572624900437
0.5168381685732455,-3.101090941214947,-0.019271158280417627
0.6202058022878947,-3.101090941214947,-0.021025100541119876
0.7235734360025438,-3.101090941214947,-0.01983185448990125
0.8269410697171944,-3.101090941214947,-0.015893185138290702
0.9303087034318435,-3.101090941214947,-0.009805413592394018
1.0336763371464925,-3.101090941214947,-0.0024676312122187734
1.1370439708611417,-3.101090941214947,0.0050567208710354025
1.2404116045757907,-3.101090941214947,0.011701259604747837
1.3437792382904399,-3.101090941214947,0.016553988459787616
1.447146872005089,-3.101090941214947,0.018985550447167064
1.550514505719738,-3.101090941214947,0.01873014060478731
1.6538821394343872,-3.101090941214947,0.01591019796870575
1.7572497731490362,-3.101090941214947,0.011005573539243134
1.8606174068636854,-3.101090941214947,0.004775561850000647
1.9639850405783346,-3.101090941214947,-0.0018530655988194939
2.0673526742929837,-3.101090941214947,-0.00791692719907382
2.1707203080076343,-3.101090941214947,-0.012550507062110888
2.2740879417222835,-3.101090941214947,-0.015109304873367401
2.3774555754369326,-3.101090941214947,-0.015266953478479247
2.4808232091515814,-3.101090941214947,-0.013071997819605583
2.5841908428662306,-3.101090941214947,-0.00895179886380826
2.6875584765808798,-3.101090941214947,-0.003655666754560879
2.790926110295529,-3.101090941214947,0.0018622528425076563
2.894293744010178,-3.101090941214947,0.0066081077854163
2.997661377724827,-3.101090941214947,0.009736484057586498
3.101029011439476,-3.101090941214947,0.010726327631949011
3.2043966451541253,-3.101090941214947,0.009505606853944281
3.3077642788687744,-3.101090941214947,0.0064911423044471585
3.411131912583425,-3.101090941214947,0.002525219271293748
3.514499546298074,-3.101090941214947,-0.0012870171817522301
3.6178671800127233,-3.101090941214947,-0.003810986287454474
3.7212348137273725,-3.101090941214947,-0.004138643576334753
3.8246024474420213,-3.101090941214947,-0.001809360999254876
3.9279700811566705,-3.101090941214947,0.0030572977094827343
4.031337714871319,-3.101090941214947,0.009751579425519304
4.134705348585968,-3.101090941214947,0.017093163336848394
4.238072982300618,-3.101090941214947,0.023657003220306765
4.341440616015267,-3.101090941214947,0.02805726251555447
4.444808249729916,-3.101090941214947,0.029228413519755858
4.548175883444565,-3.101090941214947,0.026644713169622327
4.651543517159214,-3.101090941214947,0.02043512925254949
4.754911150873865,-3.101090941214947,0.011375424134676551
4.858278784588514,-3.101090941214947,0.0007655054455321088
4.961646418303163,-3.101090941214947,-0.009778474009334598
5.065014052017812,-3.101090941214947,-0.018575966878428954
5.168381685732461,-3.101090941214947,-0.02413534346776819
5.27174931944711,-3.101090941214947,-0.025373331198539347
5.3751169531617595,-3.101090941214947,-0.021776373369373755
5.478484586876409,-3.101090941214947,-0.013490279112311536
5.581852220591058,-3.101090941214947,-0.0013317457516269574
5.685219854305707,-3.101090941214947,0.013280938394487797
5.788587488020356,-3.101090941214947,0.028478073325436726
5.8919551217350055,-3.101090941214947,0.04216463330142211
5.995322755449654,-3.101090941214947,0.05230720409710363
6.098690389164305,-3.101090941214947,0.05725162106574023
6.202058022878954,-3.101090941214947,0.056024512844853464
6.305425656593603,-3.101090941214947,0.04855998007464595
6.408793290308252,-3.101090941214947,0.03579223847776915
-6.408793290308252,-2.997721243174449,0.0197276333750698
-6.305425656593603,-2.997721243174449,0.0040657670679188
-6.202058022878954,-2.997721243174449,-0.010525961992541707
-6.098690389164304,-2.997721243174449,-0.02145386193876815
-5.995322755449655,-2.997721243174449,-0.026764705791490474
-5.8919551217350055,-2.997721243174449,-0.025621743378199866
-5.788587488020356,-2.997721243174449,-0.018537610330781152
-5.685219854305708,-2.997721243174449,-0.007276308290862974
-5.581852220591058,-2.997721243174449,0.005572677335950298
-5.478484586876409,-2.997721243174449,0.017246574140515968
-5.3751169531617595,-2.997721243174449,0.02551195142233457
-5.27174931944711,-2.997721243174449,0.029217671441165664
-5.168381685732461,-2.997721243174449,0.02853491927968276
-5.065014052017812,-2.997721243174449,0.024810496477636248
-4.961646418303163,-2.997721243174449,0.020075404174414117
-4.858278784588514,-2.997721243174449,0.01635713580415569
-4.754911150873865,-2.997721243174449,0.015006946109758546
-4.651543517159215,-2.997721243174449,0.016251559429072627
-4.548175883444566,-2.997721243174449,0.019111460230031324
-4.444808249729917,-2.997721243174449,0.021715170929625556
-4.341440616015267,-2.997721243174449,0.021915681125273673
-4.238072982300618,-2.997721243174449,0.018020099299027065
-4.134705348585968,-2.997721243174449,0.009406634542220217
-4.031337714871319,-2.997721243174449,-0.0031641563919038644
-3.9279700811566705,-2.997721243174449,-0.017644679681604842
-3.8246024474420213,-2.997721243174449,-0.031180332366333708
-3.7212348137273725,-2.997721243174449,-0.040837521159146184
-3.6178671800127233,-2.997721243174449,-0.044370977670996424
-3.514499546298074,-2.997721243174449,-0.04081363040297308
-3.411131912583425,-2.997721243174449,-0.03072874028053498
-3.3077642788687753,-2.997721243174449,-0.016065509140652735
-3.204396645154126,-2.997721243174449,0.0003266591059599734
-3.101029011439477,-2.997721243174449,0.015378526888155214
-2.9976613777248278,-2.997721243174449,0.02648625931695013
-2.8942937440101786,-2.997721243174449,0.03202665359720785
-2.790926110295529,-2.997721243174449,0.03159111349352075
-2.6875584765808798,-2.997721243174449,0.025915849791776982
-2.5841908428662306,-2.997721243174449,0.01657019782894319
-2.4808232091515814,-2.997721243174449,0.005519840035842609
-2.3774555754369326,-2.997721243174449,-0.005305961713897651
-2.2740879417222835,-2.997721243174449,-0.01434199488272922
-2.1707203080076334,-2.997721243174449,-0.020561356234962202
-2.067352674292984,-2.997721243174449,-0.023504120415944425
-1.9639850405783352,-2.997721243174449,-0.0232074303229546
-1.8606174068636863,-2.997721243174449,-0.020095556864836234
-1.757249773149037,-2.997721243174449,-0.014873505221956653
-1.6538821394343879,-2.997721243174449,-0.008437967559139446
-1.550514505719738,-2.997721243174449,-0.0017914647839847794
-1.447146872005089,-2.997721243174449,0.004066287292389689
-1.3437792382904399,-2.997721243174449,0.008285392775404262
-1.2404116045757907,-2.997721243174449,0.010339022967580644
-1.1370439708611417,-2.997721243174449,0.010179146409514703
-1.0336763371464925,-2.997721243174449,0.00831216429945447
-0.9303087034318435,-2.997721243174449,0.005738357068915171
-0.8269410697171936,-2.997721243174449,0.0037335137043323302
-0.7235734360025445,-2.997721243174449,0.0035043165945165987
-0.6202058022878953,-2.997721243174449,0.005802474342462737
-0.5168381685732463,-2.997721243174449,0.01061499344527832
-0.4134705348585972,-2.997721243174449,0.017043509971513587
-0.31010290114394806,-2.997721243174449,0.02344047109632246
-0.2067352674292982,-2.997721243174449,0.02779502179592187
-0.1033676337146491,-2.997721243174449,0.028279545777156412
0.,-2.997721243174449,0.02380646579486579
0.1033676337146491,-2.997721243174449,0.01442689601505031
0.2067352674292982,-2.997721243174449,0.0014377008318983285
0.31010290114394734,-2.997721243174449,-0.01285624235797503
0.4134705348585964,-2.997721243174449,-0.025675651808513895
0.5168381685732455,-2.997721243174449,-0.03445533213151108
0.6202058022878947,-2.997721243174449,-0.03749464423791563
0.7235734360025438,-2.997721243174449,-0.03438334964622715
0.8269410697171944,-2.997721243174449,-0.026080338061444858
0.9303087034318435,-2.997721243174449,-0.014625451477497073
1.0336763371464925,-2.997721243174449,-0.002573813441829399
1.1370439708611417,-2.997721243174449,0.007676823283022021
1.2404116045757907,-2.997721243174449,0.014467866212144555
1.3437792382904399,-2.997721243174449,0.017207658083801976
1.447146872005089,-2.997721243174449,0.016366851386056192
1.550514505719738,-2.997721243174449,0.013169656968883451
1.6538821394343872,-2.997721243174449,0.009102798480341958
1.7572497731490362,-2.997721243174449,0.0054143196372867
1.8606174068636854,-2.997721243174449,0.002766184192925006
1.9639850405783346,-2.997721243174449,0.0011423954366436462
2.0673526742929837,-2.997721243174449,0.000020676837046468556
2.1707203080076343,-2.997721243174449,-0.0012767137451138353
2.2740879417222835,-2.997721243174449,-0.003197109401276622
2.3774555754369326,-2.997721243174449,-0.005687622859731401
2.4808232091515814,-2.997721243174449,-0.008145649092650456
2.5841908428662306,-2.997721243174449,-0.00961047566396317
2.6875584765808798,-2.997721243174449,-0.00912658266180323
2.790926110295529,-2.997721243174449,-0.006144144372644463
2.894293744010178,-2.997721243174449,-0.0008052392158950566
2.997661377724827,-2.997721243174449,0.005998589954704587
3.101029011439476,-2.997721243174449,0.012833283804697674
3.2043966451541253,-2.997721243174449,0.01813685447174762
3.3077642788687744,-2.997721243174449,0.02070987811790566
3.411131912583425,-2.997721243174449,0.02011914032589903
3.514499546298074,-2.997721243174449,0.016875529772496577
3.6178671800127233,-2.997721243174449,0.012318329913039964
3.7212348137273725,-2.997721243174449,0.008232706328159648
3.8246024474420213,-2.997721243174449,0.006313974642987253
3.9279700811566705,-2.997721243174449,0.007642546746837287
4.031337714871319,-2.997721243174449,0.012331086034974147
4.134705348585968,-2.997721243174449,0.019451773523664482
4.238072982300618,-2.997721243174449,0.027264906499664596
4.341440616015267,-2.997721243174449,0.03367885707295805
4.444808249729916,-2.997721243174449,0.036804805528522715
4.548175883444565,-2.997721243174449,0.03544762910280699
4.651543517159214,-2.997721243174449,0.029401506887736115
4.754911150873865,-2.997721243174449,0.01948363656583825
4.858278784588514,-2.997721243174449,0.00731887802342489
4.961646418303163,-2.997721243174449,-0.0050440573670612185
5.065014052017812,-2.997721243174449,-0.015568365512466256
5.168381685732461,-2.997721243174449,-0.022604278057501145
5.27174931944711,-2.997721243174449,-0.025128419618539864
5.3751169531617595,-2.997721243174449,-0.022826011317356728
5.478484586876409,-2.997721243174449,-0.016043572767625795
5.581852220591058,-2.997721243174449,-0.00566720235544765
5.685219854305707,-2.997721243174449,0.007019363236380871
5.788587488020356,-2.997721243174449,0.02046655342511839
5.8919551217350055,-2.997721243174449,0.032982576610698415
5.995322755449654,-2.997721243174449,0.042874258844363244
6.098690389164305,-2.997721243174449,0.048632478258857866
6.202058022878954,-2.997721243174449,0.04916736977748565
6.305425656593603,-2.997721243174449,0.04406097101393989
6.408793290308252,-2.997721243174449,0.03376920181541995
-6.408793290308252,-2.8943515451339508,0.02077939886402325
-6.305425656593603,-2.8943515451339508,0.007550331771006454
-6.202058022878954,-2.8943515451339508,-0.0055552360901239975
-6.098690389164304,-2.8943515451339508,-0.015749557271727856
-5.995322755449655,-2.8943515451339508,-0.020735036346872453
-5.8919551217350055,-2.8943515451339508,-0.01935754395313706
-5.788587488020356,-2.8943515451339508,-0.011982395633147187
-5.685219854305708,-2.8943515451339508,-0.00045126895581193763
-5.581852220591058,-2.8943515451339508,0.012394191095689538
-5.478484586876409,-2.8943515451339508,0.023495661590584863
-5.3751169531617595,-2.8943515451339508,0.03043591433153254
-5.27174931944711,-2.8943515451339508,0.03210530550727393
-5.168381685732461,-2.8943515451339508,0.02896488385099246
-5.065014052017812,-2.8943515451339508,0.02281968641249133
-4.961646418303163,-2.8943515451339508,0.01617333400072267
-4.858278784588514,-2.8943515451339508,0.011372381257447097
-4.754911150873865,-2.8943515451339508,0.009819584425467657
-4.651543517159215,-2.8943515451339508,0.011514523623045475
-4.548175883444566,-2.8943515451339508,0.015073515458374442
-4.444808249729917,-2.8943515451339508,0.018223095365866325
-4.341440616015267,-2.8943515451339508,0.018604687686307846
-4.238072982300618,-2.8943515451339508,0.014624578397945776
-4.134705348585968,-2.8943515451339508,0.006067500940043811
-4.031337714871319,-2.8943515451339508,-0.005730746399363999
-3.9279700811566705,-2.8943515451339508,-0.018212072218373673
-3.8246024474420213,-2.8943515451339508,-0.02832358103167634
-3.7212348137273725,-2.8943515451339508,-0.03341312849616446
-3.6178671800127233,-2.8943515451339508,-0.03201114882829405
-3.514499546298074,-2.8943515451339508,-0.024258154626466966
-3.411131912583425,-2.8943515451339508,-0.011855284863942656
-3.3077642788687753,-2.8943515451339508,0.002430783654531608
-3.204396645154126,-2.8943515451339508,0.015539115282985433
-3.101029011439477,-2.8943515451339508,0.02491516309616432
-2.9976613777248278,-2.8943515451339508,0.02910038348707393
-2.8942937440101786,-2.8943515451339508,0.02795455293655347
-2.790926110295529,-2.8943515451339508,0.02248417430554411
-2.6875584765808798,-2.8943515451339508,0.014379176209353946
-2.5841908428662306,-2.8943515451339508,0.005444163043102234
-2.4808232091515814,-2.8943515451339508,-0.002876466002584847
-2.3774555754369326,-2.8943515451339508,-0.009738072517127752
-2.2740879417222835,-2.8943515451339508,-0.014861935985950476
-2.1707203080076334,-2.8943515451339508,-0.018298125245560983
-2.067352674292984,-2.8943515451339508,-0.02012744650895036
-1.9639850405783352,-2.8943515451339508,-0.02025536098888601
-1.8606174068636863,-2.8943515451339508,-0.018397977397576096
-1.757249773149037,-2.8943515451339508,-0.014266873265469526
-1.6538821394343879,-2.8943515451339508,-0.007863819761430482
-1.550514505719738,-2.8943515451339508,0.0002624239355543519
-1.447146872005089,-2.8943515451339508,0.008942218370507639
-1.3437792382904399,-2.8943515451339508,0.016573254725622055
-1.2404116045757907,-2.8943515451339508,0.021545019571947353
-1.1370439708611417,-2.8943515451339508,0.02276932455673807
-1.0336763371464925,-2.8943515451339508,0.020124692136655808
-0.9303087034318435,-2.8943515451339508,0.014630164820463849
-0.8269410697171936,-2.8943515451339508,0.008244061718764177
-0.7235734360025445,-2.8943515451339508,0.003310617937633023
-0.6202058022878953,-2.8943515451339508,0.001808393395846062
-0.5168381685732463,-2.8943515451339508,0.00464096928194194
-0.4134705348585972,-2.8943515451339508,0.01121822651426198
-0.31010290114394806,-2.8943515451339508,0.019497314448253505
-0.2067352674292982,-2.8943515451339508,0.02650870253809662
-0.1033676337146491,-2.8943515451339508,0.0292308048474202
0.,-2.8943515451339508,0.025551492616115844
0.1033676337146491,-2.8943515451339508,0.015010980467543546
0.2067352674292982,-2.8943515451339508,-0.000923461493863674
0.31010290114394734,-2.8943515451339508,-0.019159699745497395
0.4134705348585964,-2.8943515451339508,-0.03578710222370126
0.5168381685732455,-2.8943515451339508,-0.04715139081579808
0.6202058022878947,-2.8943515451339508,-0.050872186600098845
0.7235734360025438,-2.8943515451339508,-0.04649121896911499
0.8269410697171944,-2.8943515451339508,-0.03555368601720184
0.9303087034318435,-2.8943515451339508,-0.021103846743361295
1.0336763371464925,-2.8943515451339508,-0.006760367854535363
1.1370439708611417,-2.8943515451339508,0.004333151128249063
1.2404116045757907,-2.8943515451339508,0.010354006607629654
1.3437792382904399,-2.8943515451339508,0.011187958663891311
1.447146872005089,-2.8943515451339508,0.008259124246131656
1.550514505719738,-2.8943515451339508,0.0038869063083331466
1.6538821394343872,-2.8943515451339508,0.00040618869758061603
1.7572497731490362,-2.8943515451339508,-0.0006439137977484189
1.8606174068636854,-2.8943515451339508,0.0010076563862302947
1.9639850405783346,-2.8943515451339508,0.004376004033023346
2.0673526742929837,-2.8943515451339508,0.007691228201029326
2.1707203080076343,-2.8943515451339508,0.0091446750704239
2.2740879417222835,-2.8943515451339508,0.007635624499356035
2.3774555754369326,-2.8943515451339508,0.0032489524917258747
2.4808232091515814,-2.8943515451339508,-0.0027069596424154686
2.5841908428662306,-2.8943515451339508,-0.008116120398783597
2.6875584765808798,-2.8943515451339508,-0.010778830379440411
2.790926110295529,-2.8943515451339508,-0.009189953127011307
2.894293744010178,-2.8943515451339508,-0.0030987250252097376
2.997661377724827,-2.8943515451339508,0.006347496029250924
3.101029011439476,-2.8943515451339508,0.01693019850431649
3.2043966451541253,-2.8943515451339508,0.026051011246814852
3.3077642788687744,-2.8943515451339508,0.03155701755111501
3.411131912583425,-2.8943515451339508,0.03242486211792763
3.514499546298074,-2.8943515451339508,0.029076871306442664
3.6178671800127233,-2.8943515451339508,0.02322662012247015
3.7212348137273725,-2.8943515451339508,0.01730831643797234
3.8246024474420213,-2.8943515451339508,0.01368068602849856
3.9279700811566705,-2.8943515451339508,0.013866446447358285
4.031337714871319,-2.8943515451339508,0.018070962643891526
4.134705348585968,-2.8943515451339508,0.025126502275430118
4.238072982300618,-2.8943515451339508,0.032866487657927004
4.341440616015267,-2.8943515451339508,0.03879609629148455
4.444808249729916,-2.8943515451339508,0.04083722854250375
4.548175883444565,-2.8943515451339508,0.03791438599273506
4.651543517159214,-2.8943515451339508,0.030213345038112818
4.754911150873865,-2.8943515451339508,0.019060531759064265
4.858278784588514,-2.8943515451339508,0.006495595947599775
4.961646418303163,-2.8943515451339508,-0.005299916921702073
5.065014052017812,-2.8943515451339508,-0.014527128513815714
5.168381685732461,-2.8943515451339508,-0.020096608095490798
5.27174931944711,-2.8943515451339508,-0.021693997746272637
5.3751169531617595,-2.8943515451339508,-0.019621265922244568
5.478484586876409,-2.8943515451339508,-0.014525167495685382
5.581852220591058,-2.8943515451339508,-0.007147719384512027
5.685219854305707,-2.8943515451339508,0.001800045518976726
5.788587488020356,-2.8943515451339508,0.011613088997229687
5.8919551217350055,-2.8943515451339508,0.021469135604482197
5.995322755449654,-2.8943515451339508,0.03031430891957507
6.098690389164305,-2.8943515451339508,0.03686870293839759
6.202058022878954,-2.8943515451339508,0.039813765701585756
6.305425656593603,-2.8943515451339508,0.038139809482939206
6.408793290308252,-2.8943515451339508,0.031547605367772326
-6.408793290308252,-2.7909818470934527,0.023293535217528374
-6.305425656593603,-2.7909818470934527,0.012885760075187654
-6.202058022878954,-2.7909818470934527,0.0013391319790903797
-6.098690389164304,-2.7909818470934527,-0.00834497156253252
-5.995322755449655,-2.7909818470934527,-0.013456517192760099
-5.8919551217350055,-2.7909818470934527,-0.012433581729673555
-5.788587488020356,-2.7909818470934527,-0.00540416868675027
-5.685219854305708,-2.7909818470934527,0.005787269492094785
-5.581852220591058,-2.7909818470934527,0.018100993156148708
-5.478484586876409,-2.7909818470934527,0.02821742725486464
-5.3751169531617595,-2.7909818470934527,0.033554606743926046
-5.27174931944711,-2.7909818470934527,0.03305318885032632
-5.168381685732461,-2.7909818470934527,0.027466355413576816
-5.065014052017812,-2.7909818470934527,0.019055188981287188
-4.961646418303163,-2.7909818470934527,0.010790149987451285
-4.858278784588514,-2.7909818470934527,0.00532764202499237
-4.754911150873865,-2.7909818470934527,0.004108829749336614
-4.651543517159215,-2.7909818470934527,0.006887865731548685
-4.548175883444566,-2.7909818470934527,0.01185108282396613
-4.444808249729917,-2.7909818470934527,0.01628674587876531
-4.341440616015267,-2.7909818470934527,0.017575726255273368
-4.238072982300618,-2.7909818470934527,0.014162115438899293
-4.134705348585968,-2.7909818470934527,0.006167948040727802
-4.031337714871319,-2.7909818470934527,-0.004563538212376092
-3.9279700811566705,-2.7909818470934527,-0.015017368157645797
-3.8246024474420213,-2.7909818470934527,-0.021968500910002707
-3.7212348137273725,-2.7909818470934527,-0.023035043295592868
-3.6178671800127233,-2.7909818470934527,-0.01747159765044501
-3.514499546298074,-2.7909818470934527,-0.006439968557099331
-3.411131912583425,-2.7909818470934527,0.00732865346257711
-3.3077642788687753,-2.7909818470934527,0.020361985038963196
-3.204396645154126,-2.7909818470934527,0.029486372265086068
-3.101029011439477,-2.7909818470934527,0.03273522659020397
-2.9976613777248278,-2.7909818470934527,0.029837261515920588
-2.8942937440101786,-2.7909818470934527,0.022146131964475485
-2.790926110295529,-2.7909818470934527,0.012066352682820783
-2.6875584765808798,-2.7909818470934527,0.0021985069372475086
-2.5841908428662306,-2.7909818470934527,-0.00548814103910967
-2.4808232091515814,-2.7909818470934527,-0.010173128347928639
-2.3774555754369326,-2.7909818470934527,-0.012234304487377381
-2.2740879417222835,-2.7909818470934527,-0.012847820851646014
-2.1707203080076334,-2.7909818470934527,-0.013321089430380259
-2.067352674292984,-2.7909818470934527,-0.014433649003898189
-1.9639850405783352,-2.7909818470934527,-0.01604920190375892
-1.8606174068636863,-2.7909818470934527,-0.017151873583853925
-1.757249773149037,-2.7909818470934527,-0.01629250908818845
-1.6538821394343879,-2.7909818470934527,-0.012268867541500065
-1.550514505719738,-2.7909818470934527,-0.004767399824864559
-1.447146872005089,-2.7909818470934527,0.005299461235339798
-1.3437792382904399,-2.7909818470934527,0.015918625914942187
-1.2404116045757907,-2.7909818470934527,0.02455096140433325
-1.1370439708611417,-2.7909818470934527,0.028969114751754694
-1.0336763371464925,-2.7909818470934527,0.02806238222092629
-0.9303087034318435,-2.7909818470934527,0.02230758770546714
-0.8269410697171936,-2.7909818470934527,0.013710572387579062
-0.7235734360025445,-2.7909818470934527,0.005204455192481329
-0.6202058022878953,-2.7909818470934527,-0.0003146122583710547
-0.5168381685732463,-2.7909818470934527,-0.0009952208659289557
-0.4134705348585972,-2.7909818470934527,0.0032677535101569926
-0.31010290114394806,-2.7909818470934527,0.010696504471111022
-0.2067352674292982,-2.7909818470934527,0.018132420373772735
-0.1033676337146491,-2.7909818470934527,0.02203414435879658
0.,-2.7909818470934527,0.019654454745272446
0.1033676337146491,-2.7909818470934527,0.01000820622714573
0.2067352674292982,-2.7909818470934527,-0.005696904043875179
0.31010290114394734,-2.7909818470934527,-0.024323148103873624
0.4134705348585964,-2.7909818470934527,-0.04168809819809268
0.5168381685732455,-2.7909818470934527,-0.05379475314896572
0.6202058022878947,-2.7909818470934527,-0.05801295007112638
0.7235734360025438,-2.7909818470934527,-0.05383330236995999
0.8269410697171944,-2.7909818470934527,-0.042955672197577545
0.9303087034318435,-2.7909818470934527,-0.02869365714088507
1.0336763371464925,-2.7909818470934527,-0.014900737580732995
1.1370439708611417,-2.7909818470934527,-0.004777165148258574
1.2404116045757907,-2.7909818470934527,0.000051716086527928205
1.3437792382904399,-2.7909818470934527,-0.00010536955695303693
1.447146872005089,-2.7909818470934527,-0.003304541146041503
1.550514505719738,-2.7909818470934527,-0.006795463243046093
1.6538821394343872,-2.7909818470934527,-0.008075954193434348
1.7572497731490362,-2.7909818470934527,-0.005800394700397693
1.8606174068636854,-2.7909818470934527,-0.0002305957370522716
1.9639850405783346,-2.7909818470934527,0.0069154464246998885
2.0673526742929837,-2.7909818470934527,0.013147893252342568
2.1707203080076343,-2.7909818470934527,0.01616766142442329
2.2740879417222835,-2.7909818470934527,0.014758389679913494
2.3774555754369326,-2.7909818470934527,0.009288076321130611
2.4808232091515814,-2.7909818470934527,0.0016414151353723791
2.5841908428662306,-2.7909818470934527,-0.005394173988170935
2.6875584765808798,-2.7909818470934527,-0.009073651034202762
2.790926110295529,-2.7909818470934527,-0.007639936985621784
2.894293744010178,-2.7909818470934527,-0.0009400233664616037
2.997661377724827,-2.7909818470934527,0.009502700326584212
3.101029011439476,-2.7909818470934527,0.020984882189991373
3.2043966451541253,-2.7909818470934527,0.030516780233831888
3.3077642788687744,-2.7909818470934527,0.03580570664021192
3.411131912583425,-2.7909818470934527,0.03599374862569851
3.514499546298074,-2.7909818470934527,0.03190173815336254
3.6178671800127233,-2.7909818470934527,0.025703230787300434
3.7212348137273725,-2.7909818470934527,0.020147844561842636
3.8246024474420213,-2.7909818470934527,0.017604925376412995
3.9279700811566705,-2.7909818470934527,0.01925465737534721
4.031337714871319,-2.7909818470934527,0.0246968542413549
4.134705348585968,-2.7909818470934527,0.03209963177375729
4.238072982300618,-2.7909818470934527,0.03882398605108767
4.341440616015267,-2.7909818470934527,0.042301073232156226
4.444808249729916,-2.7909818470934527,0.040860928480118616
4.548175883444565,-2.7909818470934527,0.03423911591614301
4.651543517159214,-2.7909818470934527,0.023608463822989673
4.754911150873865,-2.7909818470934527,0.011151557199047993
4.858278784588514,-2.7909818470934527,-0.0006545284012759649
4.961646418303163,-2.7909818470934527,-0.009780940707492747
5.065014052017812,-2.7909818470934527,-0.01516393298161205
5.168381685732461,-2.7909818470934527,-0.016839310092001868
5.27174931944711,-2.7909818470934527,-0.015685905634044074
5.3751169531617595,-2.7909818470934527,-0.012913266606651777
5.478484586876409,-2.7909818470934527,-0.009515386427199075
5.581852220591058,-2.7909818470934527,-0.005911500842408354
5.685219854305707,-2.7909818470934527,-0.0019092463561834966
5.788587488020356,-2.7909818470934527,0.0030108597888135425
5.8919551217350055,-2.7909818470934527,0.00922468999883481
5.995322755449654,-2.7909818470934527,0.01652250638626565
6.098690389164305,-2.7909818470934527,0.023905102387200148
6.202058022878954,-2.7909818470934527,0.029737371897484006
6.305425656593603,-2.7909818470934527,0.03223701233490164
6.408793290308252,-2.7909818470934527,0.030136336472102974
-6.408793290308252,-2.6876121490529545,0.027006453579044312
-6.305425656593603,-2.6876121490529545,0.019342243742922864
-6.202058022878954,-2.6876121490529545,0.009006138213459218
-6.098690389164304,-2.6876121490529545,-0.0008045526442668185
-5.995322755449655,-2.6876121490529545,-0.006917092423879733
-5.8919551217350055,-2.6876121490529545,-0.007241903452698558
-5.788587488020356,-2.6876121490529545,-0.001498574571559012
-5.685219854305708,-2.6876121490529545,0.008650684455748504
-5.581852220591058,-2.6876121490529545,0.020119037534170926
-5.478484586876409,-2.6876121490529545,0.029398100190843088
-5.3751169531617595,-2.6876121490529545,0.033709202585130625
-5.27174931944711,-2.6876121490529545,0.03191072241659246
-5.168381685732461,-2.6876121490529545,0.02485017058078479
-5.065014052017812,-2.6876121490529545,0.015039651706610169
-4.961646418303163,-2.6876121490529545,0.005766974660636108
-4.858278784588514,-2.6876121490529545,-0.000049259762540834435
-4.754911150873865,-2.6876121490529545,-0.0008625888130622524
-4.651543517159215,-2.6876121490529545,0.002989662978925053
-4.548175883444566,-2.6876121490529545,0.009444444995173504
-4.444808249729917,-2.6876121490529545,0.015485219198513612
-4.341440616015267,-2.6876121490529545,0.0182572533885854
-4.238072982300618,-2.6876121490529545,0.01613308857600827
-4.134705348585968,-2.6876121490529545,0.00935039062307511
-4.031337714871319,-2.6876121490529545,-8.283076145396464e-6
-3.9279700811566705,-2.6876121490529545,-0.00869554881968374
-3.8246024474420213,-2.6876121490529545,-0.01341015829547422
-3.7212348137273725,-2.6876121490529545,-0.011957675786908465
-3.6178671800127233,-2.6876121490529545,-0.004059169214586769
-3.514499546298074,-2.6876121490529545,0.00847505500690655
-3.411131912583425,-2.6876121490529545,0.022272589693000087
-3.3077642788687753,-2.6876121490529545,0.03345264475744476
-3.204396645154126,-2.6876121490529545,0.03885190884151688
-3.101029011439477,-2.6876121490529545,0.03701031659806933
-2.9976613777248278,-2.6876121490529545,0.02858868640869052
-2.8942937440101786,-2.6876121490529545,0.016086673578796527
-2.790926110295529,-2.6876121490529545,0.0029696041223276374
-2.6875584765808798,-2.6876121490529545,-0.007486986460760364
-2.5841908428662306,-2.6876121490529545,-0.013235068115391734
-2.4808232091515814,-2.6876121490529545,-0.014022637120443802
-2.3774555754369326,-2.6876121490529545,-0.011311771338330914
-2.2740879417222835,-2.6876121490529545,-0.007596088703346942
-2.1707203080076334,-2.6876121490529545,-0.005378009560969864
-2.067352674292984,-2.6876121490529545,-0.0061823291028443635
-1.9639850405783352,-2.6876121490529545,-0.009964115319009424
-1.8606174068636863,-2.6876121490529545,-0.015123324409727114
-1.757249773149037,-2.6876121490529545,-0.0191180638042815
-1.6538821394343879,-2.6876121490529545,-0.01945168573226011
-1.550514505719738,-2.6876121490529545,-0.014672896594250067
-1.447146872005089,-2.6876121490529545,-0.005021145327964537
-1.3437792382904399,-2.6876121490529545,0.00752570927530678
-1.2404116045757907,-2.6876121490529545,0.019832108405276588
-1.1370439708611417,-2.6876121490529545,0.028619721239603314
-1.0336763371464925,-2.6876121490529545,0.03156485992227206
-0.9303087034318435,-2.6876121490529545,0.028092487291624328
-0.8269410697171936,-2.6876121490529545,0.019582944139898875
-0.7235734360025445,-2.6876121490529545,0.008910531433844342
-0.6202058022878953,-2.6876121490529545,-0.0005337926315161783
-0.5168381685732463,-2.6876121490529545,-0.006001799016742384
-0.4134705348585972,-2.6876121490529545,-0.006329551110519848
-0.31010290114394806,-2.6876121490529545,-0.0023341581941613825
-0.2067352674292982,-2.6876121490529545,0.0034743095477378734
-0.1033676337146491,-2.6876121490529545,0.0077696228805542375
0.,-2.6876121490529545,0.007575486829373585
0.1033676337146491,-2.6876121490529545,0.0013216133663289152
0.2067352674292982,-2.6876121490529545,-0.010571512356665305
0.31010290114394734,-2.6876121490529545,-0.02577804595041654
0.4134705348585964,-2.6876121490529545,-0.04079114306401729
0.5168381685732455,-2.6876121490529545,-0.052037158690528024
0.6202058022878947,-2.6876121490529545,-0.05700017573148717
0.7235734360025438,-2.6876121490529545,-0.0549787540117694
0.8269410697171944,-2.6876121490529545,-0.04722820837201341
0.9303087034318435,-2.6876121490529545,-0.03645619018349244
1.0336763371464925,-2.6876121490529545,-0.025861462206845535
1.1370439708611417,-2.6876121490529545,-0.018058263815172646
1.2404116045757907,-2.6876121490529545,-0.01425946855241705
1.3437792382904399,-2.6876121490529545,-0.01399190587055278
1.447146872005089,-2.6876121490529545,-0.01542369231776981
1.550514505719738,-2.6876121490529545,-0.01616558231556631
1.6538821394343872,-2.6876121490529545,-0.014243318443204863
1.7572497731490362,-2.6876121490529545,-0.00888333136437575
1.8606174068636854,-2.6876121490529545,-0.0008278418148769157
1.9639850405783346,-2.6876121490529545,0.007930269780912122
2.0673526742929837,-2.6876121490529545,0.01489071841248612
2.1707203080076343,-2.6876121490529545,0.01799188622296397
2.2740879417222835,-2.6876121490529545,0.016411443493493317
2.3774555754369326,-2.6876121490529545,0.010926118117155962
2.4808232091515814,-2.6876121490529545,0.003694461976647964
2.5841908428662306,-2.6876121490529545,-0.0024652588855695605
2.6875584765808798,-2.6876121490529545,-0.0050473179030797385
2.790926110295529,-2.6876121490529545,-0.0027346532608869133
2.894293744010178,-2.6876121490529545,0.004135071779204809
2.997661377724827,-2.6876121490529545,0.013682607254245579
3.101029011439476,-2.6876121490529545,0.02314283391618083
3.2043966451541253,-2.6876121490529545,0.029832999118579034
3.3077642788687744,-2.6876121490529545,0.032091220521714287
3.411131912583425,-2.6876121490529545,0.02985216885168503
3.514499546298074,-2.6876121490529545,0.02465436504982069
3.6178671800127233,-2.6876121490529545,0.019074386173351453
3.7212348137273725,-2.6876121490529545,0.015786376153026103
3.8246024474420213,-2.6876121490529545,0.016578657608461528
3.9279700811566705,-2.6876121490529545,0.02167564577236658
4.031337714871319,-2.6876121490529545,0.02960678199917909
4.134705348585968,-2.6876121490529545,0.03767240549918536
4.238072982300618,-2.6876121490529545,0.0428470716089675
4.341440616015267,-2.6876121490529545,0.0428076434922708
4.444808249729916,-2.6876121490529545,0.03673037381825568
4.548175883444565,-2.6876121490529545,0.02558298841737865
4.651543517159214,-2.6876121490529545,0.011815157711352362
4.754911150873865,-2.6876121490529545,-0.0014392898876893765
4.858278784588514,-2.6876121490529545,-0.01136672127695221
4.961646418303163,-2.6876121490529545,-0.016335341425625437
5.065014052017812,-2.6876121490529545,-0.016321107811862415
5.168381685732461,-2.6876121490529545,-0.012764003594160639
5.27174931944711,-2.6876121490529545,-0.00792524540935742
5.3751169531617595,-2.6876121490529545,-0.003992548663642392
5.478484586876409,-2.6876121490529545,-0.0022662015908610665
5.581852220591058,-2.6876121490529545,-0.0027232656449754857
5.685219854305707,-2.6876121490529545,-0.004114149179095225
5.788587488020356,-2.6876121490529545,-0.004547239094138335
5.8919551217350055,-2.6876121490529545,-0.0023353713891350455
5.995322755449654,-2.6876121490529545,0.003221082131610182
6.098690389164305,-2.6876121490529545,0.011419364984281094
6.202058022878954,-2.6876121490529545,0.020279398953564173
6.305425656593603,-2.6876121490529545,0.027181916946198863
6.408793290308252,-2.6876121490529545,0.029800546004753126
-6.408793290308252,-2.5842424510124564,0.030871315644118852
-6.305425656593603,-2.5842424510124564,0.02555244464768278
-6.202058022878954,-2.5842424510124564,0.015911385752954667
-6.098690389164304,-2.5842424510124564,0.005260688451063804
-5.995322755449655,-2.5842424510124564,-0.0027790962963494025
-5.8919551217350055,-2.5842424510124564,-0.005501365499774966
-5.788587488020356,-2.5842424510124564,-0.002024449536431776
-5.685219854305708,-2.5842424510124564,0.006422100752444044
-5.581852220591058,-2.5842424510124564,0.016933421367434698
-5.478484586876409,-2.5842424510124564,0.025934852982665183
-5.3751169531617595,-2.5842424510124564,0.030407669124406986
-5.27174931944711,-2.5842424510124564,0.028910615116749923
-5.168381685732461,-2.5842424510124564,0.02204571174816987
-5.065014052017812,-2.5842424510124564,0.012211881323390947
-4.961646418303163,-2.5842424510124564,0.0027389980793567584
-4.858278784588514,-2.5842424510124564,-0.0032891863004390655
-4.754911150873865,-2.5842424510124564,-0.004107615281797094
-4.651543517159215,-2.5842424510124564,0.00013873901119139398
-4.548175883444566,-2.5842424510124564,0.007490362914534085
-4.444808249729917,-2.5842424510124564,0.014917849244624673
-4.341440616015267,-2.5842424510124564,0.01944821676729176
-4.238072982300618,-2.5842424510124564,0.01926985197644308
-4.134705348585968,-2.5842424510124564,0.014419590864477026
-4.031337714871319,-2.5842424510124564,0.006802171662882081
-3.9279700811566705,-2.5842424510124564,-0.00047206207407845835
-3.8246024474420213,-2.5842424510124564,-0.004203332139702135
-3.7212348137273725,-2.5842424510124564,-0.002281333947076574
-3.6178671800127233,-2.5842424510124564,0.005491003437462592
-3.514499546298074,-2.5842424510124564,0.017226874274575078
-3.411131912583425,-2.5842424510124564,0.02951060813465505
-3.3077642788687753,-2.5842424510124564,0.03849815293217842
-3.204396645154126,-2.5842424510124564,0.04119090526171502
-3.101029011439477,-2.5842424510124564,0.03644682236551933
-2.9976613777248278,-2.5842424510124564,0.025379680144345416
-2.8942937440101786,-2.5842424510124564,0.011005613180348395
-2.790926110295529,-2.5842424510124564,-0.00274607208550366
-2.6875584765808798,-2.5842424510124564,-0.012322488254496987
-2.5841908428662306,-2.5842424510124564,-0.015698568888472923
-2.4808232091515814,-2.5842424510124564,-0.012999245447219867
-2.3774555754369326,-2.5842424510124564,-0.006383359392746841
-2.2740879417222835,-2.5842424510124564,0.0007661178692247205
-2.1707203080076334,-2.5842424510124564,0.005063209587505917
-2.067352674292984,-2.5842424510124564,0.004328919100778059
-1.9639850405783352,-2.5842424510124564,-0.0016269951119083196
-1.8606174068636863,-2.5842424510124564,-0.010920961802572876
-1.757249773149037,-2.5842424510124564,-0.02023570547008205
-1.6538821394343879,-2.5842424510124564,-0.025965275035194347
-1.550514505719738,-2.5842424510124564,-0.025472742005345404
-1.447146872005089,-2.5842424510124564,-0.018031401494211934
-1.3437792382904399,-2.5842424510124564,-0.005130063390239183
-1.2404116045757907,-2.5842424510124564,0.009959370465608498
-1.1370439708611417,-2.5842424510124564,0.02320376464132973
-1.0336763371464925,-2.5842424510124564,0.031074856616894568
-0.9303087034318435,-2.5842424510124564,0.031637054930603786
-0.8269410697171936,-2.5842424510124564,0.025101080268655342
-0.7235734360025445,-2.5842424510124564,0.013673260457621772
-0.6202058022878953,-2.5842424510124564,0.000769518804677302
-0.5168381685732463,-2.5842424510124564,-0.010126596427354402
-0.4134705348585972,-2.5842424510124564,-0.0165720169413054
-0.31010290114394806,-2.5842424510124564,-0.017873069605974113
-0.2067352674292982,-2.5842424510124564,-0.01517735942556079
-0.1033676337146491,-2.5842424510124564,-0.010947275988988595
0.,-2.5842424510124564,-0.008022988180868374
0.1033676337146491,-2.5842424510124564,-0.008613045232705575
0.2067352674292982,-2.5842424510124564,-0.0135597503685673
0.31010290114394734,-2.5842424510124564,-0.022115439591454424
0.4134705348585964,-2.5842424510124564,-0.03227763609898238
0.5168381685732455,-2.5842424510124564,-0.04153435854994029
0.6202058022878947,-2.5842424510124564,-0.0477350491469317
0.7235734360025438,-2.5842424510124564,-0.049773341059155235
0.8269410697171944,-2.5842424510124564,-0.0478516062678321
0.9303087034318435,-2.5842424510124564,-0.04325979822569226
1.0336763371464925,-2.5842424510124564,-0.03778114692258379
1.1370439708611417,-2.5842424510124564,-0.03296886552054384
1.2404116045757907,-2.5842424510124564,-0.029574649261545842
1.3437792382904399,-2.5842424510124564,-0.027340681032076677
1.447146872005089,-2.5842424510124564,-0.025220419389664257
1.550514505719738,-2.5842424510124564,-0.021925932433393414
1.6538821394343872,-2.5842424510124564,-0.01657414223992292
1.7572497731490362,-2.5842424510124564,-0.009167766188204713
1.8606174068636854,-2.5842424510124564,-0.0007120982537927159
1.9639850405783346,-2.5842424510124564,0.007089057457412362
2.0673526742929837,-2.5842424510124564,0.012449910816248135
2.1707203080076343,-2.5842424510124564,0.014197921497666598
2.2740879417222835,-2.5842424510124564,0.012276436556092753
2.3774555754369326,-2.5842424510124564,0.007849177936048838
2.4808232091515814,-2.5842424510124564,0.002947049522005525
2.5841908428662306,-2.5842424510124564,-0.00022946990073247824
2.6875584765808798,-2.5842424510124564,-0.0001039526576737456
2.790926110295529,-2.5842424510124564,0.003680528462074827
2.894293744010178,-2.5842424510124564,0.010095262398801494
2.997661377724827,-2.5842424510124564,0.017068694298145302
3.101029011439476,-2.5842424510124564,0.02223143030053644
3.2043966451541253,-2.5842424510124564,0.02380339019307236
3.3077642788687744,-2.5842424510124564,0.021300191031090588
3.411131912583425,-2.5842424510124564,0.01578936491660319
3.514499546298074,-2.5842424510124564,0.009581029992116274
3.6178671800127233,-2.5842424510124564,0.005439280924781582
3.7212348137273725,-2.5842424510124564,0.005578262157405105
3.8246024474420213,-2.5842424510124564,0.010795739496784541
3.9279700811566705,-2.5842424510124564,0.020062307174027728
4.031337714871319,-2.5842424510124564,0.030734835822708473
4.134705348585968,-2.5842424510124564,0.03934831108046547
4.238072982300618,-2.5842424510124564,0.042735120974679186
4.341440616015267,-2.5842424510124564,0.03909786912431556
4.444808249729916,-2.5842424510124564,0.02866628649695206
4.548175883444565,-2.5842424510124564,0.01370218297490764
4.651543517159214,-2.5842424510124564,-0.002165265383859185
4.754911150873865,-2.5842424510124564,-0.015062763330020284
4.858278784588514,-2.5842424510124564,-0.022083673980744054
4.961646418303163,-2.5842424510124564,-0.022180987572432018
5.065014052017812,-2.5842424510124564,-0.01644192125576606
5.168381685732461,-2.5842424510124564,-0.007652763709044792
5.27174931944711,-2.5842424510124564,0.0006952939521838251
5.3751169531617595,-2.5842424510124564,0.005617114345594252
5.478484586876409,-2.5842424510124564,0.005644976266562609
5.581852220591058,-2.5842424510124564,0.0012935084141357392
5.685219854305707,-2.5842424510124564,-0.00517885131248664
5.788587488020356,-2.5842424510124564,-0.010624326359906944
5.8919551217350055,-2.5842424510124564,-0.012174126368057394
5.995322755449654,-2.5842424510124564,-0.008308860674786688
6.098690389164305,-2.5842424510124564,0.0005470182018198343
6.202058022878954,-2.5842424510124564,0.01211899303938508
6.305425656593603,-2.5842424510124564,0.02303625366947759
6.408793290308252,-2.5842424510124564,0.029985772311176807
-6.408793290308252,-2.480872752971958,0.03335697504976382
-6.305425656593603,-2.480872752971958,0.029837203339336423
-6.202058022878954,-2.480872752971958,0.02047601133996146
-6.098690389164304,-2.480872752971958,0.0085561608138775
-5.995322755449655,-2.480872752971958,-0.0019645914737743846
-5.8919551217350055,-2.480872752971958,-0.007764748770570832
-5.788587488020356,-2.480872752971958,-0.0072278173515069166
-5.685219854305708,-2.480872752971958,-0.000915540350096262
-5.581852220591058,-2.480872752971958,0.00870043224102583
-5.478484586876409,-2.480872752971958,0.01814094740656887
-5.3751169531617595,-2.480872752971958,0.024135178677577994
-5.27174931944711,-2.480872752971958,0.024728789632087786
-5.168381685732461,-2.480872752971958,0.01990856986732914
-5.065014052017812,-2.480872752971958,0.011541165832346626
-4.961646418303163,-2.480872752971958,0.0026638790742396956
-4.858278784588514,-2.480872752971958,-0.0036110948190901443
-4.754911150873865,-2.480872752971958,-0.005188262147646253
-4.651543517159215,-2.480872752971958,-0.0016939892622968682
-4.548175883444566,-2.480872752971958,0.005445298979499198
-4.444808249729917,-2.480872752971958,0.013568195503779476
-4.341440616015267,-2.480872752971958,0.019775494867200677
-4.238072982300618,-2.480872752971958,0.021997322392518982
-4.134705348585968,-2.480872752971958,0.019746059464268724
-4.031337714871319,-2.480872752971958,0.01428500575401957
-3.9279700811566705,-2.480872752971958,0.008152206719880591
-3.8246024474420213,-2.480872752971958,0.00420970315416876
-3.7212348137273725,-2.480872752971958,0.0045591776096089755
-3.6178671800127233,-2.480872752971958,0.00971525107626602
-3.514499546298074,-2.480872752971958,0.018339423160001582
-3.411131912583425,-2.480872752971958,0.027641336344165126
-3.3077642788687753,-2.480872752971958,0.034318155217875415
-3.204396645154126,-2.480872752971958,0.035710003569816934
-3.101029011439477,-2.480872752971958,0.030767564044269682
-2.9976613777248278,-2.480872752971958,0.020486704200276665
-2.8942937440101786,-2.480872752971958,0.007645132801305779
-2.790926110295529,-2.480872752971958,-0.004083910118574519
-2.6875584765808798,-2.480872752971958,-0.011348722364673172
-2.5841908428662306,-2.480872752971958,-0.012255632747608679
-2.4808232091515814,-2.480872752971958,-0.0070344348838845905
-2.3774555754369326,-2.480872752971958,0.002002877944236257
-2.2740879417222835,-2.480872752971958,0.011208810393783424
-2.1707203080076334,-2.480872752971958,0.016812417377584453
-2.067352674292984,-2.480872752971958,0.016196941457093984
-1.9639850405783352,-2.480872752971958,0.008816989353876542
-1.8606174068636863,-2.480872752971958,-0.0035544847311292428
-1.757249773149037,-2.480872752971958,-0.017339126339243234
-1.6538821394343879,-2.480872752971958,-0.028265734911552706
-1.550514505719738,-2.480872752971958,-0.03272526492708904
-1.447146872005089,-2.480872752971958,-0.02893239559026478
-1.3437792382904399,-2.480872752971958,-0.017522127597855763
-1.2404116045757907,-2.480872752971958,-0.0013944145931348718
-1.1370439708611417,-2.480872752971958,0.015137670649465957
-1.0336763371464925,-2.480872752971958,0.027620547164802993
-0.9303087034318435,-2.480872752971958,0.0327511135188766
-0.8269410697171936,-2.480872752971958,0.02928915167417968
-0.7235734360025445,-2.480872752971958,0.018325991742105096
-0.6202058022878953,-2.480872752971958,0.0028554422181999517
-0.5168381685732463,-2.480872752971958,-0.013187795495889694
-0.4134705348585972,-2.480872752971958,-0.02610081613103196
-0.31010290114394806,-2.480872752971958,-0.033429002035977644
-0.2067352674292982,-2.480872752971958,-0.034532246142467846
-0.1033676337146491,-2.480872752971958,-0.030568394693484845
0.,-2.480872752971958,-0.02395315729844292
0.1033676337146491,-2.480872752971958,-0.017513159145204987
0.2067352674292982,-2.480872752971958,-0.013623040949677019
0.31010290114394734,-2.480872752971958,-0.013590922261292455
0.4134705348585964,-2.480872752971958,-0.01744675488690566
0.5168381685732455,-2.480872752971958,-0.02413958379678302
0.6202058022878947,-2.480872752971958,-0.032016600505462844
0.7235734360025438,-2.480872752971958,-0.03938325952423254
0.8269410697171944,-2.480872752971958,-0.044948955675961653
0.9303087034318435,-2.480872752971958,-0.04803625386343095
1.0336763371464925,-2.480872752971958,-0.04853898073061095
1.1370439708611417,-2.480872752971958,-0.04671171721707168
1.2404116045757907,-2.480872752971958,-0.04292406806171185
1.3437792382904399,-2.480872752971958,-0.03750213642101936
1.447146872005089,-2.480872752971958,-0.030717121904161874
1.550514505719738,-2.480872752971958,-0.022897373185380376
1.6538821394343872,-2.480872752971958,-0.014573267209027772
1.7572497731490362,-2.480872752971958,-0.0065433811714736825
1.8606174068636854,-2.480872752971958,0.00021517561465083862
1.9639850405783346,-2.480872752971958,0.0047942955395974965
2.0673526742929837,-2.480872752971958,0.006679010202432653
2.1707203080076343,-2.480872752971958,0.006012737682252827
2.2740879417222835,-2.480872752971958,0.0036695682800756053
2.3774555754369326,-2.480872752971958,0.0010611133610168673
2.4808232091515814,-2.480872752971958,-0.0002932825585533112
2.5841908428662306,-2.480872752971958,0.000698257867077334
2.6875584765808798,-2.480872752971958,0.004252237810653709
2.790926110295529,-2.480872752971958,0.00953337060115993
2.894293744010178,-2.480872752971958,0.014851725647497541
2.997661377724827,-2.480872752971958,0.01820471009814243
3.101029011439476,-2.480872752971958,0.018001548166509507
3.2043966451541253,-2.480872752971958,0.01372211677977635
3.3077642788687744,-2.480872752971958,0.006260514690738952
3.411131912583425,-2.480872752971958,-0.002205695122441679
3.514499546298074,-2.480872752971958,-0.00882286875474297
3.6178671800127233,-2.480872752971958,-0.010976654152965195
3.7212348137273725,-2.480872752971958,-0.007222378819469841
3.8246024474420213,-2.480872752971958,0.0020923216536250155
3.9279700811566705,-2.480872752971958,0.014753612871122257
4.031337714871319,-2.480872752971958,0.02722556319587817
4.134705348585968,-2.480872752971958,0.03567456416979408
4.238072982300618,-2.480872752971958,0.03716433096478429
4.341440616015267,-2.480872752971958,0.03063599317598844
4.444808249729916,-2.480872752971958,0.017339250605385697
4.548175883444565,-2.480872752971958,0.0005475080209743635
4.651543517159214,-2.480872752971958,-0.015379693071485089
4.754911150873865,-2.480872752971958,-0.02630554448126287
4.858278784588514,-2.480872752971958,-0.029583230774494727
4.961646418303163,-2.480872752971958,-0.02487086782245908
5.065014052017812,-2.480872752971958,-0.014222396573087317
5.168381685732461,-2.480872752971958,-0.0014152369740484181
5.27174931944711,-2.480872752971958,0.009274360623860058
5.3751169531617595,-2.480872752971958,0.014453091411342487
5.478484586876409,-2.480872752971958,0.012698792876090641
5.581852220591058,-2.480872752971958,0.00499795351070434
5.685219854305707,-2.480872752971958,-0.005611411771361059
5.788587488020356,-2.480872752971958,-0.015072946670368927
5.8919551217350055,-2.480872752971958,-0.019678301269568533
5.995322755449654,-2.480872752971958,-0.01731301259923541
6.098690389164305,-2.480872752971958,-0.008168758404684283
6.202058022878954,-2.480872752971958,0.005312678200263493
6.305425656593603,-2.480872752971958,0.019241638192564203
6.408793290308252,-2.480872752971958,0.029558184999518296
-6.408793290308252,-2.3775030549314597,0.03294972733350351
-6.305425656593603,-2.3775030549314597,0.03067430482600014
-6.202058022878954,-2.3775030549314597,0.02146169713086224
-6.098690389164304,-2.3775030549314597,0.008381918138920095
-5.995322755449655,-2.3775030549314597,-0.004476382530535932
-5.8919551217350055,-2.3775030549314597,-0.013309271954690094
-5.788587488020356,-2.3775030549314597,-0.015765699102317565
-5.685219854305708,-2.3775030549314597,-0.011610565907108399
-5.581852220591058,-2.3775030549314597,-0.002686043196092149
-5.478484586876409,-2.3775030549314597,0.007791877498140757
-5.3751169531617595,-2.3775030549314597,0.01634867258792486
-5.27174931944711,-2.3775030549314597,0.020398278008918105
-5.168381685732461,-2.3775030549314597,0.01904344032672652
-5.065014052017812,-2.3775030549314597,0.013278430906386534
-4.961646418303163,-2.3775030549314597,0.005550634322712885
-4.858278784588514,-2.3775030549314597,-0.0011462392911256122
-4.754911150873865,-2.3775030549314597,-0.00432258681745831
-4.651543517159215,-2.3775030549314597,-0.002824392725586625
-4.548175883444566,-2.3775030549314597,0.002830383932319092
-4.444808249729917,-2.3775030549314597,0.010708164927848256
-4.341440616015267,-2.3775030549314597,0.01819907495033145
-4.238072982300618,-2.3775030549314597,0.02296499011789186
-4.134705348585968,-2.3775030549314597,0.023756479556250154
-4.031337714871319,-2.3775030549314597,0.020813022399939998
-3.9279700811566705,-2.3775030549314597,0.01571410257876349
-3.8246024474420213,-2.3775030549314597,0.010746129444301285
-3.7212348137273725,-2.3775030549314597,0.008021991392271787
-3.6178671800127233,-2.3775030549314597,0.00867633812790701
-3.514499546298074,-2.3775030549314597,0.012430636802277755
-3.411131912583425,-2.3775030549314597,0.017688372571261383
-3.3077642788687753,-2.3775030549314597,0.022129762203363917
-3.204396645154126,-2.3775030549314597,0.02359434557614135
-3.101029011439477,-2.3775030549314597,0.020932724841464426
-2.9976613777248278,-2.3775030549314597,0.01451380878814542
-2.8942937440101786,-2.3775030549314597,0.006190487048184026
-2.790926110295529,-2.3775030549314597,-0.0012848564461291137
-2.6875584765808798,-2.3775030549314597,-0.0052080776974176915
-2.5841908428662306,-2.3775030549314597,-0.003912787727363691
-2.4808232091515814,-2.3775030549314597,0.002545756139207176
-2.3774555754369326,-2.3775030549314597,0.012266225933339975
-2.2740879417222835,-2.3775030549314597,0.02200691220487154
-2.1707203080076334,-2.3775030549314597,0.02818006073178446
-2.067352674292984,-2.3775030549314597,0.028023559176056864
-1.9639850405783352,-2.3775030549314597,0.02056885230774178
-1.8606174068636863,-2.3775030549314597,0.00707897622946902
-1.757249773149037,-2.3775030549314597,-0.009206016159177951
-1.6538821394343879,-2.3775030549314597,-0.023959572118050654
-1.550514505719738,-2.3775030549314597,-0.033033969523245776
-1.447146872005089,-2.3775030549314597,-0.033715973804765764
-1.3437792382904399,-2.3775030549314597,-0.02558587944227132
-1.2404116045757907,-2.3775030549314597,-0.010712133421307538
-1.1370439708611417,-2.3775030549314597,0.006883744515303017
-1.0336763371464925,-2.3775030549314597,0.022335609859575046
-0.9303087034318435,-2.3775030549314597,0.03128674473534274
-0.8269410697171936,-2.3775030549314597,0.03109263108334471
-0.7235734360025445,-2.3775030549314597,0.021527622290239076
-0.6202058022878953,-2.3775030549314597,0.0048045666762018754
-0.5168381685732463,-2.3775030549314597,-0.015078034187543983
-0.4134705348585972,-2.3775030549314597,-0.03345361391629284
-0.31010290114394806,-2.3775030549314597,-0.046238740724908516
-0.2067352674292982,-2.3775030549314597,-0.05096620452629508
-0.1033676337146491,-2.3775030549314597,-0.04733049682827516
0.,-2.3775030549314597,-0.037130147248622215
0.1033676337146491,-2.3775030549314597,-0.02366662157312326
0.2067352674292982,-2.3775030549314597,-0.010803181558811012
0.31010290114394734,-2.3775030549314597,-0.001960477786845887
0.4134705348585964,-2.3775030549314597,0.0006853994156509563
0.5168381685732455,-2.3775030549314597,-0.0033803291654993144
0.6202058022878947,-2.3775030549314597,-0.013039749389124902
0.7235734360025438,-2.3775030549314597,-0.02595419926817274
0.8269410697171944,-2.3775030549314597,-0.03920990000480549
0.9303087034318435,-2.3775030549314597,-0.05001340975939299
1.0336763371464925,-2.3775030549314597,-0.056272042676230795
1.1370439708611417,-2.3775030549314597,-0.05695080987464933
1.2404116045757907,-2.3775030549314597,-0.05216773929484317
1.3437792382904399,-2.3775030549314597,-0.043051588097515206
1.447146872005089,-2.3775030549314597,-0.031426394533383605
1.550514505719738,-2.3775030549314597,-0.019403380595875448
1.6538821394343872,-2.3775030549314597,-0.008958476510780335
1.7572497731490362,-2.3775030549314597,-0.001562682252804186
1.8606174068636854,-2.3775030549314597,0.0020800961772058047
1.9639850405783346,-2.3775030549314597,0.0021454579688852094
2.0673526742929837,-2.3775030549314597,-0.00037543590755734235
2.1707203080076343,-2.3775030549314597,-0.0039185212942059264
2.2740879417222835,-2.3775030549314597,-0.006735702844154204
2.3774555754369326,-2.3775030549314597,-0.007356769841819885
2.4808232091515814,-2.3775030549314597,-0.005016716895327242
2.5841908428662306,-2.3775030549314597,0.00007194873672630213
2.6875584765808798,-2.3775030549314597,0.006700983619708133
2.790926110295529,-2.3775030549314597,0.012943229897355716
2.894293744010178,-2.3775030549314597,0.016681630464536107
2.997661377724827,-2.3775030549314597,0.016261624657094232
3.101029011439476,-2.3775030549314597,0.011079443082323332
3.2043966451541253,-2.3775030549314597,0.0019125901644706273
3.3077642788687744,-2.3775030549314597,-0.009144329811320087
3.411131912583425,-2.3775030549314597,-0.019165371299005744
3.514499546298074,-2.3775030549314597,-0.025194652048701
3.6178671800127233,-2.3775030549314597,-0.025143666339984837
3.7212348137273725,-2.3775030549314597,-0.01851054184190464
3.8246024474420213,-2.3775030549314597,-0.006677213733670657
3.9279700811566705,-2.3775030549314597,0.007346943280599113
4.031337714871319,-2.3775030549314597,0.019700966198471094
4.134705348585968,-2.3775030549314597,0.02676527422573605
4.238072982300618,-2.3775030549314597,0.026253548607981365
4.341440616015267,-2.3775030549314597,0.01796388845944682
4.444808249729916,-2.3775030549314597,0.003936142355476113
4.548175883444565,-2.3775030549314597,-0.012064563818769239
4.651543517159214,-2.3775030549314597,-0.025609667920806756
4.754911150873865,-2.3775030549314597,-0.032908058553133945
4.858278784588514,-2.3775030549314597,-0.03195152700564166
4.961646418303163,-2.3775030549314597,-0.023144469597245393
5.065014052017812,-2.3775030549314597,-0.009207985401479669
5.168381685732461,-2.3775030549314597,0.0056290179060074375
5.27174931944711,-2.3775030549314597,0.016914014321336608
5.3751169531617595,-2.3775030549314597,0.021337467965546093
5.478484586876409,-2.3775030549314597,0.01775557853883726
5.581852220591058,-2.3775030549314597,0.007544857349683807
5.685219854305707,-2.3775030549314597,-0.005828546992027308
5.788587488020356,-2.3775030549314597,-0.017894343147072223
5.8919551217350055,-2.3775030549314597,-0.024579383848356746
5.995322755449654,-2.3775030549314597,-0.0234837508519372
6.098690389164305,-2.3775030549314597,-0.014629185515863443
6.202058022878954,-2.3775030549314597,-0.00044497175887980525
6.305425656593603,-2.3775030549314597,0.015000593299162188
6.408793290308252,-2.3775030549314597,0.027274891626434213
-6.408793290308252,-2.274133356890961,0.02869644930397431
-6.305425656593603,-2.274133356890961,0.027171089425965345
-6.202058022878954,-2.274133356890961,0.018297378143884734
-6.098690389164304,-2.274133356890961,0.004759341718104784
-5.995322755449655,-2.274133356890961,-0.009491166904557775
-5.8919551217350055,-2.274133356890961,-0.02043059561978394
-5.788587488020356,-2.274133356890961,-0.025148351731939227
-5.685219854305708,-2.274133356890961,-0.022659912098234217
-5.581852220591058,-2.274133356890961,-0.014110562453655294
-5.478484586876409,-2.274133356890961,-0.0023261924821424427
-5.3751169531617595,-2.274133356890961,0.009128490376285162
-5.27174931944711,-2.274133356890961,0.017074981970663098
-5.168381685732461,-2.274133356890961,0.019672080046896245
-5.065014052017812,-2.274133356890961,0.01690240057405257
-4.961646418303163,-2.274133356890961,0.010460683967462813
-4.858278784588514,-2.274133356890961,0.00310534139467554
-4.754911150873865,-2.274133356890961,-0.0022959355956867315
-4.651543517159215,-2.274133356890961,-0.0037061038610015115
-4.548175883444566,-2.274133356890961,-0.000541004988450804
-4.444808249729917,-2.274133356890961,0.006213958507278008
-4.341440616015267,-2.274133356890961,0.014407593830119513
-4.238072982300618,-2.274133356890961,0.021490048582420464
-4.134705348585968,-2.274133356890961,0.025372169191703348
-4.031337714871319,-2.274133356890961,0.02508616774321657
-3.9279700811566705,-2.274133356890961,0.02103515222847569
-3.8246024474420213,-2.274133356890961,0.014766734526063686
-3.7212348137273725,-2.274133356890961,0.008370975839940233
-3.6178671800127233,-2.274133356890961,0.0037287026686512923
-3.514499546298074,-2.274133356890961,0.0018804855739878897
-3.411131912583425,-2.274133356890961,0.002735661387192643
-3.3077642788687753,-2.274133356890961,0.005213943553816812
-3.204396645154126,-2.274133356890961,0.0077546367127635275
-3.101029011439477,-2.274133356890961,0.008995737700404138
-2.9976613777248278,-2.274133356890961,0.008363862760262623
-2.8942937440101786,-2.274133356890961,0.006347660239872568
-2.790926110295529,-2.274133356890961,0.0043414175584378266
-2.6875584765808798,-2.274133356890961,0.0041024332218692955
-2.5841908428662306,-2.274133356890961,0.00701057412765827
-2.4808232091515814,-2.274133356890961,0.013399911475198978
-2.3774555754369326,-2.274133356890961,0.02222022035815718
-2.2740879417222835,-2.274133356890961,0.031182014737677496
-2.1707203080076334,-2.274133356890961,0.03737594805996874
-2.067352674292984,-2.274133356890961,0.038190004493139154
-1.9639850405783352,-2.274133356890961,0.03223301316467975
-1.8606174068636863,-2.274133356890961,0.01995146984458895
-1.757249773149037,-2.274133356890961,0.0037090831929223527
-1.6538821394343879,-2.274133356890961,-0.012738759928445864
-1.550514505719738,-2.274133356890961,-0.025250995772835037
-1.447146872005089,-2.274133356890961,-0.030502272748249206
-1.3437792382904399,-2.274133356890961,-0.027018758261529285
-1.2404116045757907,-2.274133356890961,-0.015722604363406962
-1.1370439708611417,-2.274133356890961,0.0002027323540859005
-1.0336763371464925,-2.274133356890961,0.016114319728465967
-0.9303087034318435,-2.274133356890961,0.027165806353282574
-0.8269410697171936,-2.274133356890961,0.0296643179685022
-0.7235734360025445,-2.274133356890961,0.022138075073872082
-0.6202058022878953,-2.274133356890961,0.005803268899879349
-0.5168381685732463,-2.274133356890961,-0.015710559167239138
-0.4134705348585972,-2.274133356890961,-0.03730548372390929
-0.31010290114394806,-2.274133356890961,-0.053768846621459115
-0.2067352674292982,-2.274133356890961,-0.061160127639028075
-0.1033676337146491,-2.274133356890961,-0.05785013807455403
0.,-2.274133356890961,-0.04493385161622094
0.1033676337146491,-2.274133356890961,-0.025916119973512883
0.2067352674292982,-2.274133356890961,-0.005770515699278849
0.31010290114394734,-2.274133356890961,0.010361661780598204
0.4134705348585964,-2.274133356890961,0.0184777147377847
0.5168381685732455,-2.274133356890961,0.016683219730534448
0.6202058022878947,-2.274133356890961,0.00558717089323757
0.7235734360025438,-2.274133356890961,-0.011952860075966071
0.8269410697171944,-2.274133356890961,-0.0316375677110034
0.9303087034318435,-2.274133356890961,-0.04884948010725095
1.0336763371464925,-2.274133356890961,-0.059790822687223445
1.1370439708611417,-2.274133356890961,-0.062348918252818145
1.2404116045757907,-2.274133356890961,-0.05649054868634146
1.3437792382904399,-2.274133356890961,-0.04411898971993267
1.447146872005089,-2.274133356890961,-0.02846650520504251
1.550514505719738,-2.274133356890961,-0.01320533656997223
1.6538821394343872,-2.274133356890961,-0.001516650863974645
1.7572497731490362,-2.274133356890961,0.004649755622455241
1.8606174068636854,-2.274133356890961,0.00495501168561762
1.9639850405783346,-2.274133356890961,0.0006193130017611289
2.0673526742929837,-2.274133356890961,-0.006022479446666019
2.1707203080076343,-2.274133356890961,-0.012225381042030992
2.2740879417222835,-2.274133356890961,-0.015609486763742391
2.3774555754369326,-2.274133356890961,-0.014806689855352533
2.4808232091515814,-2.274133356890961,-0.009817563126431662
2.5841908428662306,-2.274133356890961,-0.001992223282430462
2.6875584765808798,-2.274133356890961,0.006356209489768039
2.790926110295529,-2.274133356890961,0.012604351565868902
2.894293744010178,-2.274133356890961,0.014567481289584848
2.997661377724827,-2.274133356890961,0.01114653908851707
3.101029011439476,-2.274133356890961,0.0026960768621778182
3.2043966451541253,-2.274133356890961,-0.008996678780271565
3.3077642788687744,-2.274133356890961,-0.02113225117980221
3.411131912583425,-2.274133356890961,-0.030621906160247844
3.514499546298074,-2.274133356890961,-0.03492840981539718
3.6178671800127233,-2.274133356890961,-0.03279676008556606
3.7212348137273725,-2.274133356890961,-0.024664337804048968
3.8246024474420213,-2.274133356890961,-0.01261733034994109
3.9279700811566705,-2.274133356890961,0.00011931041910848123
4.031337714871319,-2.274133356890961,0.010038852550055313
4.134705348585968,-2.274133356890961,0.01433046424584166
4.238072982300618,-2.274133356890961,0.011703255362751325
4.341440616015267,-2.274133356890961,0.002811311507989834
4.444808249729916,-2.274133356890961,-0.009862807069423522
4.548175883444565,-2.274133356890961,-0.02265758016489304
4.651543517159214,-2.274133356890961,-0.03174938830553533
4.754911150873865,-2.274133356890961,-0.034254664488075286
4.858278784588514,-2.274133356890961,-0.02909712031190097
4.961646418303163,-2.274133356890961,-0.017375727237493786
5.065014052017812,-2.274133356890961,-0.0021069895262904137
5.168381685732461,-2.274133356890961,0.012603087074553973
5.27174931944711,-2.274133356890961,0.022729468749884938
5.3751169531617595,-2.274133356890961,0.025503138326654788
5.478484586876409,-2.274133356890961,0.02024135546359166
5.581852220591058,-2.274133356890961,0.008577877945457588
5.685219854305707,-2.274133356890961,-0.005987793798364254
5.788587488020356,-2.274133356890961,-0.019099662865600595
5.8919551217350055,-2.274133356890961,-0.026819687808596206
5.995322755449654,-2.274133356890961,-0.026789317484801685
6.098690389164305,-2.274133356890961,-0.018929062347772325
6.202058022878954,-2.274133356890961,-0.005463173297242649
6.305425656593603,-2.274133356890961,0.009740689996233023
6.408793290308252,-2.274133356890961,0.02231922867007147
-6.408793290308252,-2.1707636588504626,0.02060951162965601
-6.305425656593603,-2.1707636588504626,0.01939486538452254
-6.202058022878954,-2.1707636588504626,0.011256959521762621
-6.098690389164304,-2.1707636588504626,-0.0016152373601544803
-5.995322755449655,-2.1707636588504626,-0.015675087590314482
-5.8919551217350055,-2.1707636588504626,-0.02702973143363367
-5.788587488020356,-2.1707636588504626,-0.03254894771306665
-5.685219854305708,-2.1707636588504626,-0.030746865072434588
-5.581852220591058,-2.1707636588504626,-0.02217851542520542
-5.478484586876409,-2.1707636588504626,-0.009237744530069942
-5.3751169531617595,-2.1707636588504626,0.004577759050518837
-5.27174931944711,-2.1707636588504626,0.015709080721443988
-5.168381685732461,-2.1707636588504626,0.021570348266013527
-5.065014052017812,-2.1707636588504626,0.021264648808254398
-4.961646418303163,-2.1707636588504626,0.015772444612924222
-4.858278784588514,-2.1707636588504626,0.007567583676032765
-4.754911150873865,-2.1707636588504626,-0.0002076899694721077
-4.651543517159215,-2.1707636588504626,-0.004744006251036062
-4.548175883444566,-2.1707636588504626,-0.004428726019027667
-4.444808249729917,-2.1707636588504626,0.0006914509625524013
-4.341440616015267,-2.1707636588504626,0.008981230272838422
-4.238072982300618,-2.1707636588504626,0.01778219773340733
-4.134705348585968,-2.1707636588504626,0.024279612558753143
-4.031337714871319,-2.1707636588504626,0.026387447215271528
-3.9279700811566705,-2.1707636588504626,0.023371664631446534
-3.8246024474420213,-2.1707636588504626,0.016024694898819133
-3.7212348137273725,-2.1707636588504626,0.006354919593359985
-3.6178671800127233,-2.1707636588504626,-0.0030868004937476268
-3.514499546298074,-2.1707636588504626,-0.010008063679012039
-3.411131912583425,-2.1707636588504626,-0.013035709534551335
-3.3077642788687753,-2.1707636588504626,-0.012026954983223072
-3.204396645154126,-2.1707636588504626,-0.00794837336933581
-3.101029011439477,-2.1707636588504626,-0.002391676673118942
-2.9976613777248278,-2.1707636588504626,0.0030809581208168712
-2.8942937440101786,-2.1707636588504626,0.007515471058508569
-2.790926110295529,-2.1707636588504626,0.010856038985287562
-2.6875584765808798,-2.1707636588504626,0.013844095874874
-2.5841908428662306,-2.1707636588504626,0.01757022493608332
-2.4808232091515814,-2.1707636588504626,0.02285460492424421
-2.3774555754369326,-2.1707636588504626,0.029701393230863515
-2.2740879417222835,-2.1707636588504626,0.03705400352550233
-2.1707203080076334,-2.1707636588504626,0.042975934835168234
-2.067352674292984,-2.1707636588504626,0.04522935509824621
-1.9639850405783352,-2.1707636588504626,0.042073247891450595
-1.8606174068636863,-2.1707636588504626,0.03300778392159696
-1.757249773149037,-2.1707636588504626,0.019187618402071234
-1.6538821394343879,-2.1707636588504626,0.003319944358064842
-1.550514505719738,-2.1707636588504626,-0.010973722944351918
-1.447146872005089,-2.1707636588504626,-0.020171849161829347
-1.3437792382904399,-2.1707636588504626,-0.021944016294407693
-1.2404116045757907,-2.1707636588504626,-0.015971298438247624
-1.1370439708611417,-2.1707636588504626,-0.004211210216528813
-1.0336763371464925,-2.1707636588504626,0.009518463952606826
-0.9303087034318435,-2.1707636588504626,0.020554688011001628
-0.8269410697171936,-2.1707636588504626,0.024728383511777165
-0.7235734360025445,-2.1707636588504626,0.019638101330265556
-0.6202058022878953,-2.1707636588504626,0.005469732518300681
-0.5168381685732463,-2.1707636588504626,-0.014905023946309132
-0.4134705348585972,-2.1707636588504626,-0.03661170595508344
-0.31010290114394806,-2.1707636588504626,-0.05406641495775836
-0.2067352674292982,-2.1707636588504626,-0.0625222700631643
-0.1033676337146491,-2.1707636588504626,-0.05942861350381594
0.,-2.1707636588504626,-0.04520854796188501
0.1033676337146491,-2.1707636588504626,-0.023223076279069867
0.2067352674292982,-2.1707636588504626,0.0010781034648641992
0.31010290114394734,-2.1707636588504626,0.021586553081803884
0.4134705348585964,-2.1707636588504626,0.03314820666810378
0.5168381685732455,-2.1707636588504626,0.03291235211609914
0.6202058022878947,-2.1707636588504626,0.021047996240369207
0.7235734360025438,-2.1707636588504626,0.0006416800474249182
0.8269410697171944,-2.1707636588504626,-0.023177501627212306
0.9303087034318435,-2.1707636588504626,-0.04462676003991735
1.0336763371464925,-2.1707636588504626,-0.05877925689066328
1.1370439708611417,-2.1707636588504626,-0.06278199440186046
1.2404116045757907,-2.1707636588504626,-0.05646615156503814
1.3437792382904399,-2.1707636588504626,-0.04221499980784639
1.447146872005089,-2.1707636588504626,-0.024164889381771908
1.550514505719738,-2.1707636588504626,-0.0069938891756764505
1.6538821394343872,-2.1707636588504626,0.005348346269035678
1.7572497731490362,-2.1707636588504626,0.010620568394092408
1.8606174068636854,-2.1707636588504626,0.008732081245806246
1.9639850405783346,-2.1707636588504626,0.001563144304319896
2.0673526742929837,-2.1707636588504626,-0.007743394201681304
2.1707203080076343,-2.1707636588504626,-0.01578639350743571
2.2740879417222835,-2.1707636588504626,-0.019907409632190686
2.3774555754369326,-2.1707636588504626,-0.018909762780713046
2.4808232091515814,-2.1707636588504626,-0.013313192590723454
2.5841908428662306,-2.1707636588504626,-0.005101703979029677
2.6875584765808798,-2.1707636588504626,0.002935073952139456
2.790926110295529,-2.1707636588504626,0.008060413696495834
2.894293744010178,-2.1707636588504626,0.00839881852904855
2.997661377724827,-2.1707636588504626,0.003470974782912514
3.101029011439476,-2.1707636588504626,-0.005682274868198321
3.2043966451541253,-2.1707636588504626,-0.016806624614572094
3.3077642788687744,-2.1707636588504626,-0.027074052320722148
3.411131912583425,-2.1707636588504626,-0.03387190605357214
3.514499546298074,-2.1707636588504626,-0.03552338818462329
3.6178671800127233,-2.1707636588504626,-0.0317454911737421
3.7212348137273725,-2.1707636588504626,-0.02372413209100478
3.8246024474420213,-2.1707636588504626,-0.013789222710662621
3.9279700811566705,-2.1707636588504626,-0.004777949925238018
4.031337714871319,-2.1707636588504626,0.0007438806919902623
4.134705348585968,-2.1707636588504626,0.0011950643657031006
4.238072982300618,-2.1707636588504626,-0.0035648780277705286
4.341440616015267,-2.1707636588504626,-0.01216311975463655
4.444808249729916,-2.1707636588504626,-0.022052075556973694
4.548175883444565,-2.1707636588504626,-0.030178520439165222
4.651543517159214,-2.1707636588504626,-0.03381268335013649
4.754911150873865,-2.1707636588504626,-0.03131860291371991
4.858278784588514,-2.1707636588504626,-0.02265503686392759
4.961646418303163,-2.1707636588504626,-0.00946074416103021
5.065014052017812,-2.1707636588504626,0.005315404255254511
5.168381685732461,-2.1707636588504626,0.018156775287554213
5.27174931944711,-2.1707636588504626,0.025905569977967186
5.3751169531617595,-2.1707636588504626,0.026626570868714457
5.478484586876409,-2.1707636588504626,0.020167595231397748
5.581852220591058,-2.1707636588504626,0.008250191832250271
5.685219854305707,-2.1707636588504626,-0.00595167703775505
5.788587488020356,-2.1707636588504626,-0.01864530858232144
5.8919551217350055,-2.1707636588504626,-0.026445581860758727
5.995322755449654,-2.1707636588504626,-0.027311639313301654
6.098690389164305,-2.1707636588504626,-0.02112737574580403
6.202058022878954,-2.1707636588504626,-0.009752278959336684
6.305425656593603,-2.1707636588504626,0.0034841826563615863
6.408793290308252,-2.1707636588504626,0.01471202295260727
-6.408793290308252,-2.0673939608099645,0.009793551679818824
-6.305425656593603,-2.0673939608099645,0.00845367107551589
-6.202058022878954,-2.0673939608099645,0.0014374850124065537
-6.098690389164304,-2.0673939608099645,-0.009562738752742607
-5.995322755449655,-2.0673939608099645,-0.021605324216482067
-5.8919551217350055,-2.0673939608099645,-0.03129032343782417
-5.788587488020356,-2.0673939608099645,-0.03571088069300943
-5.685219854305708,-2.0673939608099645,-0.03329455127135391
-5.581852220591058,-2.0673939608099645,-0.024285210888124503
-5.478484586876409,-2.0673939608099645,-0.010713062018447026
-5.3751169531617595,-2.0673939608099645,0.004152653032357352
-5.27174931944711,-2.0673939608099645,0.01671909315707413
-5.168381685732461,-2.0673939608099645,0.024089608442500434
-5.065014052017812,-2.0673939608099645,0.024886254566256965
-4.961646418303163,-2.0673939608099645,0.019626847264155683
-4.858278784588514,-2.0673939608099645,0.010539330194836898
-4.754911150873865,-2.0673939608099645,0.0008660652276943518
-4.651543517159215,-2.0673939608099645,-0.006132724360704541
-4.548175883444566,-2.0673939608099645,-0.008173035212798161
-4.444808249729917,-2.0673939608099645,-0.004634456723417175
-4.341440616015267,-2.0673939608099645,0.003269460874866583
-4.238072982300618,-2.0673939608099645,0.012887874307208367
-4.134705348585968,-2.0673939608099645,0.02096990371740714
-4.031337714871319,-2.0673939608099645,0.024679238867492834
-3.9279700811566705,-2.0673939608099645,0.022469428549534234
-3.8246024474420213,-2.0673939608099645,0.014550258880206416
-3.7212348137273725,-2.0673939608099645,0.0028079543948025865
-3.6178671800127233,-2.0673939608099645,-0.00978338417217657
-3.514499546298074,-2.0673939608099645,-0.020061349170641386
-3.411131912583425,-2.0673939608099645,-0.02559396023028503
-3.3077642788687753,-2.0673939608099645,-0.025327915573034612
-3.204396645154126,-2.0673939608099645,-0.019773344227172068
-3.101029011439477,-2.0673939608099645,-0.010689985633754978
-2.9976613777248278,-2.0673939608099645,-0.0004056096632435127
-2.8942937440101786,-2.0673939608099645,0.008984404240684557
-2.790926110295529,-2.0673939608099645,0.016256404199979823
-2.6875584765808798,-2.0673939608099645,0.021322485601715957
-2.5841908428662306,-2.0673939608099645,0.02504390455153395
-2.4808232091515814,-2.0673939608099645,0.02868220805553199
-2.3774555754369326,-2.0673939608099645,0.033207479815641885
-2.2740879417222835,-2.0673939608099645,0.03873544137178717
-2.1707203080076334,-2.0673939608099645,0.04431960578233373
-2.067352674292984,-2.0673939608099645,0.04819610459743734
-1.9639850405783352,-2.0673939608099645,0.04841139407411101
-1.8606174068636863,-2.0673939608099645,0.043615508364627256
-1.757249773149037,-2.0673939608099645,0.03372901558087933
-1.6538821394343879,-2.0673939608099645,0.02021937606800458
-1.550514505719738,-2.0673939608099645,0.005846257680557078
-1.447146872005089,-2.0673939608099645,-0.0060839403877866755
-1.3437792382904399,-2.0673939608099645,-0.012737144391462585
-1.2404116045757907,-2.0673939608099645,-0.012715356977942887
-1.1370439708611417,-2.0673939608099645,-0.0066313520769672755
-1.0336763371464925,-2.0673939608099645,0.0029307230534651443
-0.9303087034318435,-2.0673939608099645,0.01210297596817024
-0.8269410697171936,-2.0673939608099645,0.01689088176041324
-0.7235734360025445,-2.0673939608099645,0.014456056705087565
-0.6202058022878953,-2.0673939608099645,0.004120073368778417
-0.5168381685732463,-2.0673939608099645,-0.012247683441762915
-0.4134705348585972,-2.0673939608099645,-0.030616101424515256
-0.31010290114394806,-2.0673939608099645,-0.0458735799180728
-0.2067352674292982,-2.0673939608099645,-0.053304855030716955
-0.1033676337146491,-2.0673939608099645,-0.05002949902409577
0.,-2.0673939608099645,-0.035964789286695165
0.1033676337146491,-2.0673939608099645,-0.014007161876097834
0.2067352674292982,-2.0673939608099645,0.010645467735179687
0.31010290114394734,-2.0673939608099645,0.031852608680608734
0.4134705348585964,-2.0673939608099645,0.04418836798548992
0.5168381685732455,-2.0673939608099645,0.044422332223741874
0.6202058022878947,-2.0673939608099645,0.03239943951589066
0.7235734360025438,-2.0673939608099645,0.011069991732487771
0.8269410697171944,-2.0673939608099645,-0.014330931848749437
0.9303087034318435,-2.0673939608099645,-0.03771020567188611
1.0336763371464925,-2.0673939608099645,-0.05373595559074099
1.1370439708611417,-2.0673939608099645,-0.05919154903105587
1.2404116045757907,-2.0673939608099645,-0.05369692896691619
1.3437792382904399,-2.0673939608099645,-0.03962444145937143
1.447146872005089,-2.0673939608099645,-0.021273656349621247
1.550514505719738,-2.0673939608099645,-0.0035780497510257653
1.6538821394343872,-2.0673939608099645,0.009264540296980865
1.7572497731490362,-2.0673939608099645,0.014847062339193199
1.8606174068636854,-2.0673939608099645,0.013018526432712871
1.9639850405783346,-2.0673939608099645,0.005672672532404478
2.0673526742929837,-2.0673939608099645,-0.004024520033316842
2.1707203080076343,-2.0673939608099645,-0.012698211030838822
2.2740879417222835,-2.0673939608099645,-0.017784198428330036
2.3774555754369326,-2.0673939608099645,-0.01820878131935374
2.4808232091515814,-2.0673939608099645,-0.014556989374642603
2.5841908428662306,-2.0673939608099645,-0.008722747276299481
2.6875584765808798,-2.0673939608099645,-0.003189428028866292
2.790926110295529,-2.0673939608099645,-0.00018798409854937155
2.894293744010178,-2.0673939608099645,-0.0009972157256609407
2.997661377724827,-2.0673939608099645,-0.00558786145238245
3.101029011439476,-2.0673939608099645,-0.012694119494673852
3.2043966451541253,-2.0673939608099645,-0.0202624090369946
3.3077642788687744,-2.0673939608099645,-0.026118513386329024
3.411131912583425,-2.0673939608099645,-0.02864062393067232
3.514499546298074,-2.0673939608099645,-0.02723830832384265
3.6178671800127233,-2.0673939608099645,-0.02250683578490672
3.7212348137273725,-2.0673939608099645,-0.01602780051537845
3.8246024474420213,-2.0673939608099645,-0.009889022916506809
3.9279700811566705,-2.0673939608099645,-0.006070746368620317
4.031337714871319,-2.0673939608099645,-0.005873420309519526
4.134705348585968,-2.0673939608099645,-0.009541514053977176
4.238072982300618,-2.0673939608099645,-0.01617796473998944
4.341440616015267,-2.0673939608099645,-0.02396409710866347
4.444808249729916,-2.0673939608099645,-0.030621945198999637
4.548175883444565,-2.0673939608099645,-0.0339984856801353
4.651543517159214,-2.0673939608099645,-0.03262587745687368
4.754911150873865,-2.0673939608099645,-0.026121375779610614
4.858278784588514,-2.0673939608099645,-0.015330427750994342
4.961646418303163,-2.0673939608099645,-0.0021763464901314897
5.065014052017812,-2.0673939608099645,0.010753159071943793
5.168381685732461,-2.0673939608099645,0.020791973665696056
5.27174931944711,-2.0673939608099645,0.025821698162003373
5.3751169531617595,-2.0673939608099645,0.02479133920172545
5.478484586876409,-2.0673939608099645,0.018001863436670186
5.581852220591058,-2.0673939608099645,0.007075419067880056
5.685219854305707,-2.0673939608099645,-0.005399888903815452
5.788587488020356,-2.0673939608099645,-0.016479478455636867
5.8919551217350055,-2.0673939608099645,-0.023586856530627358
5.995322755449654,-2.0673939608099645,-0.02517426040499332
6.098690389164305,-2.0673939608099645,-0.02114361661283083
6.202058022878954,-2.0673939608099645,-0.012902607202304902
6.305425656593603,-2.0673939608099645,-0.003019935868698552
6.408793290308252,-2.0673939608099645,0.0054489019960482984
-6.408793290308252,-1.9640242627694664,-0.0017607390565137187
-6.305425656593603,-1.9640242627694664,-0.003708082184860063
-6.202058022878954,-1.9640242627694664,-0.009458866766913127
-6.098690389164304,-1.9640242627694664,-0.017695515296912687
-5.995322755449655,-1.9640242627694664,-0.026156040617884447
-5.8919551217350055,-1.9640242627694664,-0.032220804414058155
-5.788587488020356,-1.9640242627694664,-0.03365410617900325
-5.685219854305708,-1.9640242627694664,-0.02929199018574885
-5.581852220591058,-1.9640242627694664,-0.019465905726063337
-5.478484586876409,-1.9640242627694664,-0.006015530269017839
-5.3751169531617595,-1.9640242627694664,0.00814118053382428
-5.27174931944711,-1.9640242627694664,0.019779132846048837
-5.168381685732461,-1.9640242627694664,0.02626568342834275
-5.065014052017812,-1.9640242627694664,0.02632415908252901
-4.961646418303163,-1.9640242627694664,0.020424758680650284
-4.858278784588514,-1.9640242627694664,0.01066984993196533
-4.754911150873865,-1.9640242627694664,0.00019095244312599362
-4.651543517159215,-1.9640242627694664,-0.007773848099049828
-4.548175883444566,-1.9640242627694664,-0.010848857654355268
-4.444808249729917,-1.9640242627694664,-0.008240609663930318
-4.341440616015267,-1.9640242627694664,-0.0009829940515466127
-4.238072982300618,-1.9640242627694664,0.008375145316888303
-4.134705348585968,-1.9640242627694664,0.016550664414591364
-4.031337714871319,-1.9640242627694664,0.020538527068371525
-3.9279700811566705,-1.9640242627694664,0.018544689592651938
-3.8246024474420213,-1.9640242627694664,0.010550981317263692
-3.7212348137273725,-1.9640242627694664,-0.0016621288766716113
-3.6178671800127233,-1.9640242627694664,-0.015038846946280517
-3.514499546298074,-1.9640242627694664,-0.026149870342009558
-3.411131912583425,-1.9640242627694664,-0.03218752898182135
-3.3077642788687753,-1.9640242627694664,-0.03174354546781492
-3.204396645154126,-1.9640242627694664,-0.025133409792675084
-3.101029011439477,-1.9640242627694664,-0.014181535195498416
-2.9976613777248278,-1.9640242627694664,-0.0015573291863642316
-2.8942937440101786,-1.9640242627694664,0.010104126361273185
-2.790926110295529,-1.9640242627694664,0.018999287992946094
-2.6875584765808798,-1.9640242627694664,0.024610314919079068
-2.5841908428662306,-1.9640242627694664,0.027679020492462066
-2.4808232091515814,-1.9640242627694664,0.02973189166321927
-2.3774555754369326,-1.9640242627694664,0.03234291120049376
-2.2740879417222835,-1.9640242627694664,0.036410137673568224
-2.1707203080076334,-1.9640242627694664,0.04171431510830174
-2.067352674292984,-1.9640242627694664,0.04692570983898583
-1.9639850405783352,-1.9640242627694664,0.05006397510543375
-1.8606174068636863,-1.9640242627694664,0.04925099426649707
-1.757249773149037,-1.9640242627694664,0.043486029257321576
-1.6538821394343879,-1.9640242627694664,0.03315576133548209
-1.550514505719738,-1.9640242627694664,0.020076694758671455
-1.447146872005089,-1.9640242627694664,0.007026561580316287
-1.3437792382904399,-1.9640242627694664,-0.003098795080482746
-1.2404116045757907,-1.9640242627694664,-0.008228030225793949
-1.1370439708611417,-1.9640242627694664,-0.007833340812506584
-1.0336763371464925,-1.9640242627694664,-0.0031647991822253653
-0.9303087034318435,-1.9640242627694664,0.0031069676157083705
-0.8269410697171936,-1.9640242627694664,0.007749742115056377
-0.7235734360025445,-1.9640242627694664,0.008065962838979368
-0.6202058022878953,-1.9640242627694664,0.0028696392505444014
-0.5168381685732463,-1.9640242627694664,-0.00698928657390129
-0.4134705348585972,-1.9640242627694664,-0.018751469302193246
-0.31010290114394806,-1.9640242627694664,-0.02851875883105057
-0.2067352674292982,-1.9640242627694664,-0.03245194692395077
-0.1033676337146491,-1.9640242627694664,-0.02803206060057935
0.,-1.9640242627694664,-0.014987369469093351
0.1033676337146491,-1.9640242627694664,0.004420051316137837
0.2067352674292982,-1.9640242627694664,0.025863664896698304
0.31010290114394734,-1.9640242627694664,0.04406237245581346
0.4134705348585964,-1.9640242627694664,0.05421688164650461
0.5168381685732455,-1.9640242627694664,0.05335423294509264
0.6202058022878947,-1.9640242627694664,0.04118525070809889
0.7235734360025438,-1.9640242627694664,0.02022289065749609
0.8269410697171944,-1.9640242627694664,-0.004871830064070309
0.9303087034318435,-1.9640242627694664,-0.028523055784260076
1.0336763371464925,-1.9640242627694664,-0.04569389033157196
1.1370439708611417,-1.9640242627694664,-0.05314708919354088
1.2404116045757907,-1.9640242627694664,-0.05016796799626479
1.3437792382904399,-1.9640242627694664,-0.03857334345430918
1.447146872005089,-1.9640242627694664,-0.022043948670912236
1.550514505719738,-1.9640242627694664,-0.005010298451322585
1.6538821394343872,-1.9640242627694664,0.008563640106515313
1.7572497731490362,-1.9640242627694664,0.01614891103069684
1.8606174068636854,-1.9640242627694664,0.017120716781278994
1.9639850405783346,-1.9640242627694664,0.012643501600241866
2.0673526742929837,-1.9640242627694664,0.00506685413481305
2.1707203080076343,-1.9640242627694664,-0.002936148365706155
2.2740879417222835,-1.9640242627694664,-0.009201619648774924
2.3774555754369326,-1.9640242627694664,-0.01262976375165271
2.4808232091515814,-1.9640242627694664,-0.013324609477335972
2.5841908428662306,-1.9640242627694664,-0.012325517624312152
2.6875584765808798,-1.9640242627694664,-0.011066429965000143
2.790926110295529,-1.9640242627694664,-0.010772849282434964
2.894293744010178,-1.9640242627694664,-0.012006411706151774
2.997661377724827,-1.9640242627694664,-0.014498738626992764
3.101029011439476,-1.9640242627694664,-0.017307555742845954
3.2043966451541253,-1.9640242627694664,-0.01921729389048249
3.3077642788687744,-1.9640242627694664,-0.019229659924617157
3.411131912583425,-1.9640242627694664,-0.016969261109305606
3.514499546298074,-1.9640242627694664,-0.012867594301030575
3.6178671800127233,-1.9640242627694664,-0.008068784947914446
3.7212348137273725,-1.9640242627694664,-0.004093510363318517
3.8246024474420213,-1.9640242627694664,-0.002372963083360897
3.9279700811566705,-1.9640242627694664,-0.0038001598356120687
4.031337714871319,-1.9640242627694664,-0.008433673905365969
4.134705348585968,-1.9640242627694664,-0.015436895174801837
4.238072982300618,-1.9640242627694664,-0.02326360058736993
4.341440616015267,-1.9640242627694664,-0.03003139712309542
4.444808249729916,-1.9640242627694664,-0.03397814691806524
4.548175883444565,-1.9640242627694664,-0.033883094025684006
4.651543517159214,-1.9640242627694664,-0.029353235011206517
4.754911150873865,-1.9640242627694664,-0.020916629518905543
4.858278784588514,-1.9640242627694664,-0.009913600441004956
4.961646418303163,-1.9640242627694664,0.0017792505725784161
5.065014052017812,-1.9640242627694664,0.012127318880364429
5.168381685732461,-1.9640242627694664,0.019340524684674083
5.27174931944711,-1.9640242627694664,0.022223817903329907
5.3751169531617595,-1.9640242627694664,0.020412027559415673
5.478484586876409,-1.9640242627694664,0.01444531738487814
5.581852220591058,-1.9640242627694664,0.005666640570370377
5.685219854305707,-1.9640242627694664,-0.004047997254327797
5.788587488020356,-1.9640242627694664,-0.012683626656337826
5.8919551217350055,-1.9640242627694664,-0.018531454657931264
5.995322755449654,-1.9640242627694664,-0.02059007866847222
6.098690389164305,-1.9640242627694664,-0.01882360609627471
6.202058022878954,-1.9640242627694664,-0.01419768506123487
6.305425656593603,-1.9640242627694664,-0.008460143662751734
6.408793290308252,-1.9640242627694664,-0.0036969019471839817
-6.408793290308252,-1.8606545647289683,-0.011667176616170791
-6.305425656593603,-1.8606545647289683,-0.014751424707221223
-6.202058022878954,-1.8606545647289683,-0.01948411286876255
-6.098690389164304,-1.8606545647289683,-0.02469599879190833
-5.995322755449655,-1.8606545647289683,-0.028730354432727798
-5.8919551217350055,-1.8606545647289683,-0.029888859085378323
-5.788587488020356,-1.8606545647289683,-0.026952381526051776
-5.685219854305708,-1.8606545647289683,-0.019624080260464666
-5.581852220591058,-1.8606545647289683,-0.008748266021745735
-5.478484586876409,-1.8606545647289683,0.0037876281224924896
-5.3751169531617595,-1.8606545647289683,0.01547109543952136
-5.27174931944711,-1.8606545647289683,0.023806110827041226
-5.168381685732461,-1.8606545647289683,0.02700337774889683
-5.065014052017812,-1.8606545647289683,0.02451479422014827
-4.961646418303163,-1.8606545647289683,0.01724028868679362
-4.858278784588514,-1.8606545647289683,0.007324373816368792
-4.754911150873865,-1.8606545647289683,-0.00241907352662938
-4.651543517159215,-1.8606545647289683,-0.009298856349791646
-4.548175883444566,-1.8606545647289683,-0.011526080810413368
-4.444808249729917,-1.8606545647289683,-0.00874587531209256
-4.341440616015267,-1.8606545647289683,-0.0021528102082179618
-4.238072982300618,-1.8606545647289683,0.005856082716065315
-4.134705348585968,-1.8606545647289683,0.012395948129316775
-4.031337714871319,-1.8606545647289683,0.014966276582962531
-3.9279700811566705,-1.8606545647289683,0.012217870275200377
-3.8246024474420213,-1.8606545647289683,0.004380295167787197
-3.7212348137273725,-1.8606545647289683,-0.006782319331412653
-3.6178671800127233,-1.8606545647289683,-0.018474492560763507
-3.514499546298074,-1.8606545647289683,-0.027677003037748383
-3.411131912583425,-1.8606545647289683,-0.03201032689342147
-3.3077642788687753,-1.8606545647289683,-0.030389688471858543
-3.204396645154126,-1.8606545647289683,-0.023275473634666668
-3.101029011439477,-1.8606545647289683,-0.012452620558860816
-2.9976613777248278,-1.8606545647289683,-0.000422474007290399
-2.8942937440101786,-1.8606545647289683,0.010388038506582011
-2.790926110295529,-1.8606545647289683,0.01834142182735793
-2.6875584765808798,-1.8606545647289683,0.023001488259897382
-2.5841908428662306,-1.8606545647289683,0.025119851104893655
-2.4808232091515814,-1.8606545647289683,0.026218609269809814
-2.3774555754369326,-1.8606545647289683,0.02792540245395472
-2.2740879417222835,-1.8606545647289683,0.03129767992267672
-2.1707203080076334,-1.8606545647289683,0.036373113459568625
-2.067352674292984,-1.8606545647289683,0.04210297472111517
-1.9639850405783352,-1.8606545647289683,0.046692273717754376
-1.8606174068636863,-1.8606545647289683,0.04822958986354528
-1.757249773149037,-1.8606545647289683,0.04538856258590796
-1.6538821394343879,-1.8606545647289683,0.03795629876832979
-1.550514505719738,-1.8606545647289683,0.02700085171200469
-1.447146872005089,-1.8606545647289683,0.014611537417987727
-1.3437792382904399,-1.8606545647289683,0.0032912884421325756
-1.2404116045757907,-1.8606545647289683,-0.00479970389258658
-1.1370439708611417,-1.8606545647289683,-0.008496122309604469
-1.0336763371464925,-1.8606545647289683,-0.00795406827099496
-0.9303087034318435,-1.8606545647289683,-0.0045377859079814
-0.8269410697171936,-1.8606545647289683,-0.00029977411345665075
-0.7235734360025445,-1.8606545647289683,0.00277390891008659
-0.6202058022878953,-1.8606545647289683,0.003498311762186173
-0.5168381685732463,-1.8606545647289683,0.001950570811168519
-0.4134705348585972,-1.8606545647289683,-0.0005101551669752624
-0.31010290114394806,-1.8606545647289683,-0.0016871082404142793
-0.2067352674292982,-1.8606545647289683,0.0006770197126843957
-0.1033676337146491,-1.8606545647289683,0.008037314834438775
0.,-1.8606545647289683,0.020382053498068098
0.1033676337146491,-1.8606545647289683,0.035995901601231464
0.2067352674292982,-1.8606545647289683,0.05175123300204591
0.31010290114394734,-1.8606545647289683,0.06386422040584001
0.4134705348585964,-1.8606545647289683,0.06890592405185803
0.5168381685732455,-1.8606545647289683,0.06477556946883123
0.6202058022878947,-1.8606545647289683,0.05134950111180926
0.7235734360025438,-1.8606545647289683,0.03061261836316249
0.8269410697171944,-1.8606545647289683,0.006230014429073001
0.9303087034318435,-1.8606545647289683,-0.017321762374486103
1.0336763371464925,-1.8606545647289683,-0.03582104961765386
1.1370439708611417,-1.8606545647289683,-0.04627325258592196
1.2404116045757907,-1.8606545647289683,-0.04753458324983224
1.3437792382904399,-1.8606545647289683,-0.04044225949470877
1.447146872005089,-1.8606545647289683,-0.027451023136416113
1.550514505719738,-1.8606545647289683,-0.01191154793798651
1.6538821394343872,-1.8606545647289683,0.0027868715074486445
1.7572497731490362,-1.8606545647289683,0.013971292126058337
1.8606174068636854,-1.8606545647289683,0.02015416498401579
1.9639850405783346,-1.8606545647289683,0.021134994479291444
2.0673526742929837,-1.8606545647289683,0.017767606589545685
2.1707203080076343,-1.8606545647289683,0.011516633059063494
2.2740879417222835,-1.8606545647289683,0.003968227989177033
2.3774555754369326,-1.8606545647289683,-0.0035551166940427886
2.4808232091515814,-1.8606545647289683,-0.010185977867567749
2.5841908428662306,-1.8606545647289683,-0.01550016730398426
2.6875584765808798,-1.8606545647289683,-0.01936337420597026
2.790926110295529,-1.8606545647289683,-0.02173706791158454
2.894293744010178,-1.8606545647289683,-0.022541565425574516
2.997661377724827,-1.8606545647289683,-0.021634963666869164
3.101029011439476,-1.8606545647289683,-0.018908951299699918
3.2043966451541253,-1.8606545647289683,-0.014449238967128063
3.3077642788687744,-1.8606545647289683,-0.008679018497009076
3.411131912583425,-1.8606545647289683,-0.002408042019396583
3.514499546298074,-1.8606545647289683,0.003255502314370741
3.6178671800127233,-1.8606545647289683,0.007121995244015986
3.7212348137273725,-1.8606545647289683,0.008209278994614079
3.8246024474420213,-1.8606545647289683,0.006017480225166967
3.9279700811566705,-1.8606545647289683,0.0007040702522512781
4.031337714871319,-1.8606545647289683,-0.006898037747488433
4.134705348585968,-1.8606545647289683,-0.015430319884650991
4.238072982300618,-1.8606545647289683,-0.023289117256378354
4.341440616015267,-1.8606545647289683,-0.028964458634477316
4.444808249729916,-1.8606545647289683,-0.03135285540655376
4.548175883444565,-1.8606545647289683,-0.029972014777098224
4.651543517159214,-1.8606545647289683,-0.025035777245279122
4.754911150873865,-1.8606545647289683,-0.017384882260532707
4.858278784588514,-1.8606545647289683,-0.008301908027394677
4.961646418303163,-1.8606545647289683,0.0007410709025274547
5.065014052017812,-1.8606545647289683,0.008348340677296643
5.168381685732461,-1.8606545647289683,0.013433108598398769
5.27174931944711,-1.8606545647289683,0.015383358760345574
5.3751169531617595,-1.8606545647289683,0.014141812303555212
5.478484586876409,-1.8606545647289683,0.010192708068781548
5.581852220591058,-1.8606545647289683,0.004457850700529009
5.685219854305707,-1.8606545647289683,-0.00188577681142414
5.788587488020356,-1.8606545647289683,-0.007642427969428048
5.8919551217350055,-1.8606545647289683,-0.011849552817506487
5.995322755449654,-1.8606545647289683,-0.013994550437140695
6.098690389164305,-1.8606545647289683,-0.014141392141620203
6.202058022878954,-1.8606545647289683,-0.012922252732737494
6.305425656593603,-1.8606545647289683,-0.011376122036471778
6.408793290308252,-1.8606545647289683,-0.010656372957811822
-6.408793290308252,-1.7572848666884702,-0.01778105882448214
-6.305425656593603,-1.7572848666884702,-0.022505395357228914
-6.202058022878954,-1.7572848666884702,-0.026855878618622885
-6.098690389164304,-1.7572848666884702,-0.029533827311815156
-5.995322755449655,-1.7572848666884702,-0.029282446306529
-5.8919551217350055,-1.7572848666884702,-0.02528560766277729
-5.788587488020356,-1.7572848666884702,-0.017498891882730058
-5.685219854305708,-1.7572848666884702,-0.006799759527351974
-5.581852220591058,-1.7572848666884702,0.005112297498694229
-5.478484586876409,-1.7572848666884702,0.01606429841850469
-5.3751169531617595,-1.7572848666884702,0.02392897276045163
-5.27174931944711,-1.7572848666884702,0.027177577842332844
-5.168381685732461,-1.7572848666884702,0.02530806346793557
-5.065014052017812,-1.7572848666884702,0.019016236681457622
-4.961646418303163,-1.7572848666884702,0.01004565795009435
-4.858278784588514,-1.7572848666884702,0.0007435952707903133
-4.754911150873865,-1.7572848666884702,-0.006561582226885436
-4.651543517159215,-1.7572848666884702,-0.010188954266288602
-4.548175883444566,-1.7572848666884702,-0.009559371240366172
-4.444808249729917,-1.7572848666884702,-0.0053416394507952375
-4.341440616015267,-1.7572848666884702,0.0007556817439456384
-4.238072982300618,-1.7572848666884702,0.006489685815979563
-4.134705348585968,-1.7572848666884702,0.009740466172232842
-4.031337714871319,-1.7572848666884702,0.009129475195490887
-3.9279700811566705,-1.7572848666884702,0.004419129349537625
-3.8246024474420213,-1.7572848666884702,-0.0034210274404504236
-3.7212348137273725,-1.7572848666884702,-0.012496861394761603
-3.6178671800127233,-1.7572848666884702,-0.020532629940150787
-3.514499546298074,-1.7572848666884702,-0.025510124756186664
-3.411131912583425,-1.7572848666884702,-0.02621420979096301
-3.3077642788687753,-1.7572848666884702,-0.022527351914586963
-3.204396645154126,-1.7572848666884702,-0.015395293466169989
-3.101029011439477,-1.7572848666884702,-0.006487551279620248
-2.9976613777248278,-1.7572848666884702,0.0023317833725172692
-2.8942937440101786,-1.7572848666884702,0.009553653930421768
-2.790926110295529,-1.7572848666884702,0.014424819630431683
-2.6875584765808798,-1.7572848666884702,0.017083217515129725
-2.5841908428662306,-1.7572848666884702,0.018398781814486346
-2.4808232091515814,-1.7572848666884702,0.019584521314834596
-2.3774555754369326,-1.7572848666884702,0.021713263344884715
-2.2740879417222835,-1.7572848666884702,0.02530106261896358
-2.1707203080076334,-1.7572848666884702,0.03009194510456677
-2.067352674292984,-1.7572848666884702,0.03511018733087617
-1.9639850405783352,-1.7572848666884702,0.038958669814343996
-1.8606174068636863,-1.7572848666884702,0.04026346546445602
-1.757249773149037,-1.7572848666884702,0.03812048294412517
-1.6538821394343879,-1.7572848666884702,0.03240287281113775
-1.550514505719738,-1.7572848666884702,0.023835719370296587
-1.447146872005089,-1.7572848666884702,0.013820641081746132
-1.3437792382904399,-1.7572848666884702,0.004072066805322198
-1.2404116045757907,-1.7572848666884702,-0.003816329152773214
-1.1370439708611417,-1.7572848666884702,-0.008739753544472305
-1.0336763371464925,-1.7572848666884702,-0.010276917968346216
-0.9303087034318435,-1.7572848666884702,-0.008664082362681482
-0.8269410697171936,-1.7572848666884702,-0.004575344569993164
-0.7235734360025445,-1.7572848666884702,0.0012016008237920354
-0.6202058022878953,-1.7572848666884702,0.008074123208629585
-0.5168381685732463,-1.7572848666884702,0.015827491827031647
-0.4134705348585972,-1.7572848666884702,0.024618072678053087
-0.31010290114394806,-1.7572848666884702,0.034780157788955164
-0.2067352674292982,-1.7572848666884702,0.04651523910497525
-0.1033676337146491,-1.7572848666884702,0.05957531109611704
0.,-1.7572848666884702,0.07305825943203544
0.1033676337146491,-1.7572848666884702,0.08540178499041912
0.2067352674292982,-1.7572848666884702,0.09460278955451462
0.31010290114394734,-1.7572848666884702,0.09862027767984786
0.4134705348585964,-1.7572848666884702,0.09586255658906416
0.5168381685732455,-1.7572848666884702,0.0856306924701311
0.6202058022878947,-1.7572848666884702,0.06839765732680356
0.7235734360025438,-1.7572848666884702,0.04584333192207869
0.8269410697171944,-1.7572848666884702,0.020627088598637294
0.9303087034318435,-1.7572848666884702,-0.004055536320853571
1.0336763371464925,-1.7572848666884702,-0.025034896445049002
1.1370439708611417,-1.7572848666884702,-0.03972645210200845
1.2404116045757907,-1.7572848666884702,-0.04657160155686567
1.3437792382904399,-1.7572848666884702,-0.04527672556955933
1.447146872005089,-1.7572848666884702,-0.03681486446595399
1.550514505719738,-1.7572848666884702,-0.023204937557364726
1.6538821394343872,-1.7572848666884702,-0.007124873838062551
1.7572497731490362,-1.7572848666884702,0.008560107781926299
1.8606174068636854,-1.7572848666884702,0.021266822396314874
1.9639850405783346,-1.7572848666884702,0.029084237790547706
2.0673526742929837,-1.7572848666884702,0.031029157889200163
2.1707203080076343,-1.7572848666884702,0.027138930336304164
2.2740879417222835,-1.7572848666884702,0.018399378262034485
2.3774555754369326,-1.7572848666884702,0.006529637618766938
2.4808232091515814,-1.7572848666884702,-0.006335929853385473
2.5841908428662306,-1.7572848666884702,-0.018015973360769207
2.6875584765808798,-1.7572848666884702,-0.026641834042992276
2.790926110295529,-1.7572848666884702,-0.030951670865354327
2.894293744010178,-1.7572848666884702,-0.030472149937486138
2.997661377724827,-1.7572848666884702,-0.025559128246694977
3.101029011439476,-1.7572848666884702,-0.017293273759255795
3.2043966451541253,-1.7572848666884702,-0.007253235711349006
3.3077642788687744,-1.7572848666884702,0.0027876927937559443
3.411131912583425,-1.7572848666884702,0.011181097514399744
3.514499546298074,-1.7572848666884702,0.016677357724509928
3.6178671800127233,-1.7572848666884702,0.018604436151856776
3.7212348137273725,-1.7572848666884702,0.016925166713933633
3.8246024474420213,-1.7572848666884702,0.012174662896415573
3.9279700811566705,-1.7572848666884702,0.005304924297050149
4.031337714871319,-1.7572848666884702,-0.002519908461923832
4.134705348585968,-1.7572848666884702,-0.010130517360506611
4.238072982300618,-1.7572848666884702,-0.016523046292535197
4.341440616015267,-1.7572848666884702,-0.020971579988487116
4.444808249729916,-1.7572848666884702,-0.023079137857519975
4.548175883444565,-1.7572848666884702,-0.022778024160111376
4.651543517159214,-1.7572848666884702,-0.020296404623879768
4.754911150873865,-1.7572848666884702,-0.01610568551639191
4.858278784588514,-1.7572848666884702,-0.010855899352939227
4.961646418303163,-1.7572848666884702,-0.00529898858707292
5.065014052017812,-1.7572848666884702,-0.00019734877029671614
5.168381685732461,-1.7572848666884702,0.003780596404239524
5.27174931944711,-1.7572848666884702,0.0061661850408489
5.3751169531617595,-1.7572848666884702,0.006775579549438341
5.478484586876409,-1.7572848666884702,0.005746962316859307
5.581852220591058,-1.7572848666884702,0.0035078856467596663
5.685219854305707,-1.7572848666884702,0.0006671950431385401
5.788587488020356,-1.7572848666884702,-0.0021502264345834667
5.8919551217350055,-1.7572848666884702,-0.004484242796116181
5.995322755449654,-1.7572848666884702,-0.006180494204053311
6.098690389164305,-1.7572848666884702,-0.0074398189989007
6.202058022878954,-1.7572848666884702,-0.008746768076652384
6.305425656593603,-1.7572848666884702,-0.010684771461339945
6.408793290308252,-1.7572848666884702,-0.013685810441546471
-6.408793290308252,-1.653915168647972,-0.01879731841583631
-6.305425656593603,-1.653915168647972,-0.02549901569484543
-6.202058022878954,-1.653915168647972,-0.030322821394999942
-6.098690389164304,-1.653915168647972,-0.03158558997258374
-5.995322755449655,-1.653915168647972,-0.028152392791735568
-5.8919551217350055,-1.653915168647972,-0.01988576247623143
-5.788587488020356,-1.653915168647972,-0.007849305914568762
-5.685219854305708,-1.653915168647972,0.005830372723993125
-5.581852220591058,-1.653915168647972,0.018435396454962085
-5.478484586876409,-1.653915168647972,0.027344708925546145
-5.3751169531617595,-1.653915168647972,0.03074338993194623
-5.27174931944711,-1.653915168647972,0.02813918743441797
-5.168381685732461,-1.653915168647972,0.020521453627985232
-5.065014052017812,-1.653915168647972,0.010101656092815629
-4.961646418303163,-1.653915168647972,-0.0002984045548631556
-4.858278784588514,-1.653915168647972,-0.00803486823703819
-4.754911150873865,-1.653915168647972,-0.01137396406472019
-4.651543517159215,-1.653915168647972,-0.009950508339174012
-4.548175883444566,-1.653915168647972,-0.004818249668741397
-4.444808249729917,-1.653915168647972,0.0019174135295934639
-4.341440616015267,-1.653915168647972,0.0077663455635050465
-4.238072982300618,-1.653915168647972,0.010612633126677512
-4.134705348585968,-1.653915168647972,0.009334293731652692
-4.031337714871319,-1.653915168647972,0.004101195001600844
-3.9279700811566705,-1.653915168647972,-0.003726842047575066
-3.8246024474420213,-1.653915168647972,-0.012053855582586247
-3.7212348137273725,-1.653915168647972,-0.01869873933417713
-3.6178671800127233,-1.653915168647972,-0.02203435271500942
-3.514499546298074,-1.653915168647972,-0.021419402890461545
-3.411131912583425,-1.653915168647972,-0.017302668510950768
-3.3077642788687753,-1.653915168647972,-0.010988766606152073
-3.204396645154126,-1.653915168647972,-0.0041622371533889535
-3.101029011439477,-1.653915168647972,0.001662445048286917
-2.9976613777248278,-1.653915168647972,0.005584458148383602
-2.8942937440101786,-1.653915168647972,0.007519734198721411
-2.790926110295529,-1.653915168647972,0.008116812116761362
-2.6875584765808798,-1.653915168647972,0.008435951095853223
-2.5841908428662306,-1.653915168647972,0.009516455955076993
-2.4808232091515814,-1.653915168647972,0.011985316772800996
-2.3774555754369326,-1.653915168647972,0.015835451346029084
-2.2740879417222835,-1.653915168647972,0.02043565180752097
-2.1707203080076334,-1.653915168647972,0.024751800876146573
-2.067352674292984,-1.653915168647972,0.02768926038963823
-1.9639850405783352,-1.653915168647972,0.028432674872012873
-1.8606174068636863,-1.653915168647972,0.026671081884560036
-1.757249773149037,-1.653915168647972,0.022646084683236048
-1.6538821394343879,-1.653915168647972,0.017028718391362812
-1.550514505719738,-1.653915168647972,0.010691003713115346
-1.447146872005089,-1.653915168647972,0.004469553670739571
-1.3437792382904399,-1.653915168647972,-0.0009888886302685603
-1.2404116045757907,-1.653915168647972,-0.005251589100048398
-1.1370439708611417,-1.653915168647972,-0.008003454254150447
-1.0336763371464925,-1.653915168647972,-0.008891959496726628
-0.9303087034318435,-1.653915168647972,-0.007400972762239173
-0.8269410697171936,-1.653915168647972,-0.0028309946528672714
-0.7235734360025445,-1.653915168647972,0.005578601702812207
-0.6202058022878953,-1.653915168647972,0.018407549663949162
-0.5168381685732463,-1.653915168647972,0.035766876739939626
-0.4134705348585972,-1.653915168647972,0.05706540932098357
-0.31010290114394806,-1.653915168647972,0.08092105095174618
-0.2067352674292982,-1.653915168647972,0.10526490665247504
-0.1033676337146491,-1.653915168647972,0.1276261818229
0.,-1.653915168647972,0.14552918971762205
0.1033676337146491,-1.653915168647972,0.1569005365980146
0.2067352674292982,-1.653915168647972,0.160385651232281
0.31010290114394734,-1.653915168647972,0.15550765951336315
0.4134705348585964,-1.653915168647972,0.1426547092999247
0.5168381685732455,-1.653915168647972,0.12293413308057305
0.6202058022878947,-1.653915168647972,0.0979642262941763
0.7235734360025438,-1.653915168647972,0.06967608041682974
0.8269410697171944,-1.653915168647972,0.04017030309260845
0.9303087034318435,-1.653915168647972,0.01162970651630125
1.0336763371464925,-1.653915168647972,-0.01375119801177825
1.1370439708611417,-1.653915168647972,-0.033877361143847096
1.2404116045757907,-1.653915168647972,-0.04694906106604104
1.3437792382904399,-1.653915168647972,-0.051744599712697584
1.447146872005089,-1.653915168647972,-0.04793711708752512
1.550514505719738,-1.653915168647972,-0.036347620958498444
1.6538821394343872,-1.653915168647972,-0.0190219151471144
1.7572497731490362,-1.653915168647972,0.0009531975593731685
1.8606174068636854,-1.653915168647972,0.01991291583458991
1.9639850405783346,-1.653915168647972,0.03428909405791962
2.0673526742929837,-1.653915168647972,0.04135101923015863
2.1707203080076343,-1.653915168647972,0.03982481015557278
2.2740879417222835,-1.653915168647972,0.030216080474341014
2.3774555754369326,-1.653915168647972,0.014727991438988309
2.4808232091515814,-1.653915168647972,-0.0032274871047860546
2.5841908428662306,-1.653915168647972,-0.01981413174112527
2.6875584765808798,-1.653915168647972,-0.031654993200204457
2.790926110295529,-1.653915168647972,-0.03658693285604814
2.894293744010178,-1.653915168647972,-0.034092774762725625
2.997661377724827,-1.653915168647972,-0.025308421656789853
3.101029011439476,-1.653915168647972,-0.012621954295927305
3.2043966451541253,-1.653915168647972,0.001006016056700855
3.3077642788687744,-1.653915168647972,0.012800440951159911
3.411131912583425,-1.653915168647972,0.020798679005501298
3.514499546298074,-1.653915168647972,0.024189286683511335
3.6178671800127233,-1.653915168647972,0.02330215915919905
3.7212348137273725,-1.653915168647972,0.01929696882402297
3.8246024474420213,-1.653915168647972,0.01368148986954543
3.9279700811566705,-1.653915168647972,0.007827886626001273
4.031337714871319,-1.653915168647972,0.002635074489541211
4.134705348585968,-1.653915168647972,-0.0015804850231793505
4.238072982300618,-1.653915168647972,-0.004969467634282236
4.341440616015267,-1.653915168647972,-0.007889938515676594
4.444808249729916,-1.653915168647972,-0.01062405358138096
4.548175883444565,-1.653915168647972,-0.013185999620645265
4.651543517159214,-1.653915168647972,-0.015288656101506343
4.754911150873865,-1.653915168647972,-0.016467971129383596
4.858278784588514,-1.653915168647972,-0.016300993129902967
4.961646418303163,-1.653915168647972,-0.014619220347491853
5.065014052017812,-1.653915168647972,-0.01162506503324189
5.168381685732461,-1.653915168647972,-0.00786180739866527
5.27174931944711,-1.653915168647972,-0.004048739197491892
5.3751169531617595,-1.653915168647972,-0.0008487670471960573
5.478484586876409,-1.653915168647972,0.0013363851777859058
5.581852220591058,-1.653915168647972,0.002459129825393971
5.685219854305707,-1.653915168647972,0.0027684933222316944
5.788587488020356,-1.653915168647972,0.002626123119255586
5.8919551217350055,-1.653915168647972,0.002274758082963188
5.995322755449654,-1.653915168647972,0.0016629274434237808
6.098690389164305,-1.653915168647972,0.00041298590296084216
6.202058022878954,-1.653915168647972,-0.002034217088143936
6.305425656593603,-1.653915168647972,-0.0061366987980544935
6.408793290308252,-1.653915168647972,-0.011932455182368202
-6.408793290308252,-1.550545470607474,-0.014633677290102856
-6.305425656593603,-1.550545470607474,-0.023320431483473597
-6.202058022878954,-1.550545470607474,-0.029403037609495024
-6.098690389164304,-1.550545470607474,-0.030657315052017055
-5.995322755449655,-1.550545470607474,-0.025802360962339187
-5.8919551217350055,-1.550545470607474,-0.015073228928134957
-5.788587488020356,-1.550545470607474,-0.00037100522922614397
-5.685219854305708,-1.550545470607474,0.015109847012973339
-5.581852220591058,-1.550545470607474,0.027704501936565082
-5.478484586876409,-1.550545470607474,0.034318993748457725
-5.3751169531617595,-1.550545470607474,0.03336730718140733
-5.27174931944711,-1.550545470607474,0.0252964640802699
-5.168381685732461,-1.550545470607474,0.01251097703330086
-5.065014052017812,-1.550545470607474,-0.0013040901313279014
-4.961646418303163,-1.550545470607474,-0.01226676011990473
-4.858278784588514,-1.550545470607474,-0.017456329425240624
-4.754911150873865,-1.550545470607474,-0.015782208824808464
-4.651543517159215,-1.550545470607474,-0.00828655136931562
-4.548175883444566,-1.550545470607474,0.0022171141386089907
-4.444808249729917,-1.550545470607474,0.012054005893785125
-4.341440616015267,-1.550545470607474,0.017855013095443243
-4.238072982300618,-1.550545470607474,0.017606777014433576
-4.134705348585968,-1.550545470607474,0.011251891735734185
-4.031337714871319,-1.550545470607474,0.0006555303988514338
-3.9279700811566705,-1.550545470607474,-0.011037037959649647
-3.8246024474420213,-1.550545470607474,-0.020430043880700896
-3.7212348137273725,-1.550545470607474,-0.024950511299884248
-3.6178671800127233,-1.550545470607474,-0.023615969986925965
-3.514499546298074,-1.550545470607474,-0.01725721671320805
-3.411131912583425,-1.550545470607474,-0.00814370674780035
-3.3077642788687753,-1.550545470607474,0.0008410179948750844
-3.204396645154126,-1.550545470607474,0.007181274496479597
-3.101029011439477,-1.550545470607474,0.009533266344701108
-2.9976613777248278,-1.550545470607474,0.008087805787643912
-2.8942937440101786,-1.550545470607474,0.004387652030462987
-2.790926110295529,-1.550545470607474,0.000685529834894033
-2.6875584765808798,-1.550545470607474,-0.0009161454275216692
-2.5841908428662306,-1.550545470607474,0.0007644431332405349
-2.4808232091515814,-1.550545470607474,0.005574928032424246
-2.3774555754369326,-1.550545470607474,0.012105317075576183
-2.2740879417222835,-1.550545470607474,0.018211867484598916
-2.1707203080076334,-1.550545470607474,0.021788969993684498
-2.067352674292984,-1.550545470607474,0.021507732168690213
-1.9639850405783352,-1.550545470607474,0.017259867615534774
-1.8606174068636863,-1.550545470607474,0.010158297434896366
-1.757249773149037,-1.550545470607474,0.002109681273545568
-1.6538821394343879,-1.550545470607474,-0.00487057041612499
-1.550514505719738,-1.550545470607474,-0.009339201619473254
-1.447146872005089,-1.550545470607474,-0.010845874805618346
-1.3437792382904399,-1.550545470607474,-0.009937325813495289
-1.2404116045757907,-1.550545470607474,-0.007745763573015865
-1.1370439708611417,-1.550545470607474,-0.0053203955173064385
-1.0336763371464925,-1.550545470607474,-0.0029623280814750634
-0.9303087034318435,-1.550545470607474,0.0001694531790599437
-0.8269410697171936,-1.550545470607474,0.0060036411174464385
-0.7235734360025445,-1.550545470607474,0.017033448279764447
-0.6202058022878953,-1.550545470607474,0.03547349408181076
-0.5168381685732463,-1.550545470607474,0.062366874071682045
-0.4134705348585972,-1.550545470607474,0.0969430980614015
-0.31010290114394806,-1.550545470607474,0.13645565990334216
-0.2067352674292982,-1.550545470607474,0.1765775589888009
-0.1033676337146491,-1.550545470607474,0.21225526618679139
0.,-1.550545470607474,0.23877680480527047
0.1033676337146491,-1.550545470607474,0.2527463754633806
0.2067352674292982,-1.550545470607474,0.25269626065464657
0.31010290114394734,-1.550545470607474,0.23919132909069452
0.4134705348585964,-1.550545470607474,0.2144476060490229
0.5168381685732455,-1.550545470607474,0.1816360117669707
0.6202058022878947,-1.550545470607474,0.1441246856755257
0.7235734360025438,-1.550545470607474,0.10490257747974857
0.8269410697171944,-1.550545470607474,0.06633124996632996
0.9303087034318435,-1.550545470607474,0.030229506745137247
1.0336763371464925,-1.550545470607474,-0.0018389952313278284
1.1370439708611417,-1.550545470607474,-0.028280983984338717
1.2404116045757907,-1.550545470607474,-0.0473868157781559
1.3437792382904399,-1.550545470607474,-0.05754398735382404
1.447146872005089,-1.550545470607474,-0.05771369371923034
1.550514505719738,-1.550545470607474,-0.04800097581326351
1.6538821394343872,-1.550545470607474,-0.030076447615910943
1.7572497731490362,-1.550545470607474,-0.007226306758007688
1.8606174068636854,-1.550545470607474,0.016084059195140322
1.9639850405783346,-1.550545470607474,0.03508381805228111
2.0673526742929837,-1.550545470607474,0.04579639782327376
2.1707203080076343,-1.550545470607474,0.04605145159182957
2.2740879417222835,-1.550545470607474,0.03609297441413786
2.3774555754369326,-1.550545470607474,0.018571384788590245
2.4808232091515814,-1.550545470607474,-0.002112587756207264
2.5841908428662306,-1.550545470607474,-0.020945562311244906
2.6875584765808798,-1.550545470607474,-0.03360180088145794
2.790926110295529,-1.550545470607474,-0.037532620748413355
2.894293744010178,-1.550545470607474,-0.03253382777738381
2.997661377724827,-1.550545470607474,-0.02064025232978234
3.101029011439476,-1.550545470607474,-0.005402774279836758
3.2043966451541253,-1.550545470607474,0.009211083505704367
3.3077642788687744,-1.550545470607474,0.019946313118028736
3.411131912583425,-1.550545470607474,0.02507955878228015
3.514499546298074,-1.550545470607474,0.024702728216014776
3.6178671800127233,-1.550545470607474,0.020426793786054807
3.7212348137273725,-1.550545470607474,0.014648209769747487
3.8246024474420213,-1.550545470607474,0.00965113807505005
3.9279700811566705,-1.550545470607474,0.006852752035010035
4.031337714871319,-1.550545470607474,0.006429391555864712
4.134705348585968,-1.550545470607474,0.007416546271998448
4.238072982300618,-1.550545470607474,0.008208204582558873
4.341440616015267,-1.550545470607474,0.007249207533255234
4.444808249729916,-1.550545470607474,0.003661364796190255
4.548175883444565,-1.550545470607474,-0.002415531957507997
4.651543517159214,-1.550545470607474,-0.009871916340388498
4.754911150873865,-1.550545470607474,-0.01702506760799185
4.858278784588514,-1.550545470607474,-0.022201202173315115
4.961646418303163,-1.550545470607474,-0.02428336042332063
5.065014052017812,-1.550545470607474,-0.023031432204261005
5.168381685732461,-1.550545470607474,-0.01907611049297115
5.27174931944711,-1.550545470607474,-0.013615223112971383
5.3751169531617595,-1.550545470607474,-0.007950358737272394
5.478484586876409,-1.550545470607474,-0.003053470937053814
5.581852220591058,-1.550545470607474,0.0006705340402622422
5.685219854305707,-1.550545470607474,0.0033471173612011395
5.788587488020356,-1.550545470607474,0.005359764702914745
5.8919551217350055,-1.550545470607474,0.006979327904591687
5.995322755449654,-1.550545470607474,0.008074383700944552
6.098690389164305,-1.550545470607474,0.008049657060279682
6.202058022878954,-1.550545470607474,0.0060644801216884914
6.305425656593603,-1.550545470607474,0.0014617193950481621
6.408793290308252,-1.550545470607474,-0.005762618542710095
-6.408793290308252,-1.4471757725669758,-0.006484691301820451
-6.305425656593603,-1.4471757725669758,-0.016709841015427516
-6.202058022878954,-1.4471757725669758,-0.02445015757031748
-6.098690389164304,-1.4471757725669758,-0.02693793895437698
-5.995322755449655,-1.4471757725669758,-0.022572825279543414
-5.8919551217350055,-1.4471757725669758,-0.01164376598621282
-5.788587488020356,-1.4471757725669758,0.0035117397035307543
-5.685219854305708,-1.4471757725669758,0.01902850456796153
-5.581852220591058,-1.4471757725669758,0.030599012178903047
-5.478484586876409,-1.4471757725669758,0.034799629370836915
-5.3751169531617595,-1.4471757725669758,0.030226914837848288
-5.27174931944711,-1.4471757725669758,0.018050542650496628
-5.168381685732461,-1.4471757725669758,0.0017651775997148576
-5.065014052017812,-1.4471757725669758,-0.013816930510486677
-4.961646418303163,-1.4471757725669758,-0.024034178930061007
-4.858278784588514,-1.4471757725669758,-0.0258407725001911
-4.754911150873865,-1.4471757725669758,-0.01879051251689674
-4.651543517159215,-1.4471757725669758,-0.005207038560435595
-4.548175883444566,-1.4471757725669758,0.010530397491939963
-4.444808249729917,-1.4471757725669758,0.02336602902890582
-4.341440616015267,-1.4471757725669758,0.02916976873585673
-4.238072982300618,-1.4471757725669758,0.026042903308699933
-4.134705348585968,-1.4471757725669758,0.014902272029251198
-4.031337714871319,-1.4471757725669758,-0.0008452823676149565
-3.9279700811566705,-1.4471757725669758,-0.016426087941158754
-3.8246024474420213,-1.4471757725669758,-0.027245323389675898
-3.7212348137273725,-1.4471757725669758,-0.03034299283366447
-3.6178671800127233,-1.4471757725669758,-0.02528295030837256
-3.514499546298074,-1.4471757725669758,-0.014192489434256125
-3.411131912583425,-1.4471757725669758,-0.0009580025006243794
-3.3077642788687753,-1.4471757725669758,0.010134703106696038
-3.204396645154126,-1.4471757725669758,0.015844753078791584
-3.101029011439477,-1.4471757725669758,0.015014574487503294
-2.9976613777248278,-1.4471757725669758,0.008859105708217822
-2.8942937440101786,-1.4471757725669758,0.0004254450624432764
-2.790926110295529,-1.4471757725669758,-0.0065707447217261
-2.6875584765808798,-1.4471757725669758,-0.009114024354166033
-2.5841908428662306,-1.4471757725669758,-0.005980663465378102
-2.4808232091515814,-1.4471757725669758,0.001825992350648224
-2.3774555754369326,-1.4471757725669758,0.011440867942957159
-2.2740879417222835,-1.4471757725669758,0.019165686390547994
-2.1707203080076334,-1.4471757725669758,0.021791864050641672
-2.067352674292984,-1.4471757725669758,0.017748950946931834
-1.9639850405783352,-1.4471757725669758,0.007675227899408674
-1.8606174068636863,-1.4471757725669758,-0.005785888265149821
-1.757249773149037,-1.4471757725669758,-0.018884659401152703
-1.6538821394343879,-1.4471757725669758,-0.02803355550577657
-1.550514505719738,-1.4471757725669758,-0.030989078956359366
-1.447146872005089,-1.4471757725669758,-0.027521405990951823
-1.3437792382904399,-1.4471757725669758,-0.01932865997112671
-1.2404116045757907,-1.4471757725669758,-0.009222669207861274
-1.1370439708611417,-1.4471757725669758,0.0001236941825076452
-1.0336763371464925,-1.4471757725669758,0.007413599616852594
-0.9303087034318435,-1.4471757725669758,0.013487553709170676
-0.8269410697171936,-1.4471757725669758,0.021303941182021092
-0.7235734360025445,-1.4471757725669758,0.0350984112071987
-0.6202058022878953,-1.4471757725669758,0.05896547602011733
-0.5168381685732463,-1.4471757725669758,0.09531164024629468
-0.4134705348585972,-1.4471757725669758,0.1436869491774513
-0.31010290114394806,-1.4471757725669758,0.20039101846901733
-0.2067352674292982,-1.4471757725669758,0.25900751342032496
-0.1033676337146491,-1.4471757725669758,0.311728874970787
0.,-1.4471757725669758,0.3510880326792429
0.1033676337146491,-1.4471757725669758,0.37159585843997844
0.2067352674292982,-1.4471757725669758,0.3708280340332091
0.31010290114394734,-1.4471757725669758,0.3496932008596672
0.4134705348585964,-1.4471757725669758,0.3118785303799704
0.5168381685732455,-1.4471757725669758,0.2627185338722065
0.6202058022878947,-1.4471757725669758,0.2078855886682217
0.7235734360025438,-1.4471757725669758,0.15231024025925244
0.8269410697171944,-1.4471757725669758,0.0996110131549047
0.9303087034318435,-1.4471757725669758,0.05210021878699005
1.0336763371464925,-1.4471757725669758,0.011214781428483388
1.1370439708611417,-1.4471757725669758,-0.021921638380093818
1.2404116045757907,-1.4471757725669758,-0.04611796473074606
1.3437792382904399,-1.4471757725669758,-0.06012243792895115
1.447146872005089,-1.4471757725669758,-0.06303481894543114
1.550514505719738,-1.4471757725669758,-0.05494746493399327
1.6538821394343872,-1.4471757725669758,-0.03751368153495579
1.7572497731490362,-1.4471757725669758,-0.014136712351764955
1.8606174068636854,-1.4471757725669758,0.01040688530886447
1.9639850405783346,-1.4471757725669758,0.03089156129525023
2.0673526742929837,-1.4471757725669758,0.04288294287826959
2.1707203080076343,-1.4471757725669758,0.043918065331654765
2.2740879417222835,-1.4471757725669758,0.034232445432928985
2.3774555754369326,-1.4471757725669758,0.016762254269140454
2.4808232091515814,-1.4471757725669758,-0.003626861515915763
2.5841908428662306,-1.4471757725669758,-0.0214819469714507
2.6875584765808798,-1.4471757725669758,-0.032281087284495774
2.790926110295529,-1.4471757725669758,-0.03366653118737176
2.894293744010178,-1.4471757725669758,-0.026015655816919565
2.997661377724827,-1.4471757725669758,-0.01218211760827469
3.101029011439476,-1.4471757725669758,0.0034954905516491244
3.2043966451541253,-1.4471757725669758,0.016587859124552677
3.3077642788687744,-1.4471757725669758,0.023920176867047966
3.411131912583425,-1.4471757725669758,0.024444085687922223
3.514499546298074,-1.4471757725669758,0.019378549454518116
3.6178671800127233,-1.4471757725669758,0.011609176017163441
3.7212348137273725,-1.4471757725669758,0.004579436133128483
3.8246024474420213,-1.4471757725669758,0.00106592184132757
3.9279700811566705,-1.4471757725669758,0.002252103714688235
4.031337714871319,-1.4471757725669758,0.00739735627071322
4.134705348585968,-1.4471757725669758,0.014184544107184447
4.238072982300618,-1.4471757725669758,0.019596002914581242
4.341440616015267,-1.4471757725669758,0.020994799115223946
4.444808249729916,-1.4471757725669758,0.01703290558754865
4.548175883444565,-1.4471757725669758,0.008085034779279396
4.651543517159214,-1.4471757725669758,-0.003915524096027567
4.754911150873865,-1.4471757725669758,-0.016150490096336893
4.858278784588514,-1.4471757725669758,-0.025839929827679114
4.961646418303163,-1.4471757725669758,-0.03108427762176372
5.065014052017812,-1.4471757725669758,-0.03134329115314577
5.168381685732461,-1.4471757725669758,-0.027417348719537465
5.27174931944711,-1.4471757725669758,-0.020984085590734433
5.3751169531617595,-1.4471757725669758,-0.013901246394350407
5.478484586876409,-1.4471757725669758,-0.007557775975647987
5.581852220591058,-1.4471757725669758,-0.002516316396839732
5.685219854305707,-1.4471757725669758,0.0014401710245644079
5.788587488020356,-1.4471757725669758,0.004914454008262849
5.8919551217350055,-1.4471757725669758,0.008352583128202237
5.995322755449654,-1.4471757725669758,0.011610986775160866
6.098690389164305,-1.4471757725669758,0.01384425016234495
6.202058022878954,-1.4471757725669758,0.013789516879531246
6.305425656593603,-1.4471757725669758,0.010352306079352757
6.408793290308252,-1.4471757725669758,0.003258886541994117
-6.408793290308252,-1.3438060745264775,0.0034719089538665917
-6.305425656593603,-1.3438060745264775,-0.007365992579617137
-6.202058022878954,-1.3438060745264775,-0.01654466924802941
-6.098690389164304,-1.3438060745264775,-0.020922727611870702
-5.995322755449655,-1.3438060745264775,-0.01856115149532242
-5.8919551217350055,-1.3438060745264775,-0.009563233959707675
-5.788587488020356,-1.3438060745264775,0.0037245196858434713
-5.685219854305708,-1.3438060745264775,0.017285923403360978
-5.581852220591058,-1.3438060745264775,0.026647396800522048
-5.478484586876409,-1.3438060745264775,0.028353394035971907
-5.3751169531617595,-1.3438060745264775,0.02120925307947382
-5.27174931944711,-1.3438060745264775,0.00684498203196117
-5.168381685732461,-1.3438060745264775,-0.010636887862589036
-5.065014052017812,-1.3438060745264775,-0.025862748758495934
-4.961646418303163,-1.3438060745264775,-0.03387705881159394
-4.858278784588514,-1.3438060745264775,-0.03177448992855473
-4.754911150873865,-1.3438060745264775,-0.01972705913429796
-4.651543517159215,-1.3438060745264775,-0.001042128216240755
-4.548175883444566,-1.3438060745264775,0.018798982810867223
-4.444808249729917,-1.3438060745264775,0.03383204454644559
-4.341440616015267,-1.3438060745264775,0.03949030527993626
-4.238072982300618,-1.3438060745264775,0.03406009918693876
-4.134705348585968,-1.3438060745264775,0.019229156021091688
-4.031337714871319,-1.3438060745264775,-0.0004591297375025202
-3.9279700811566705,-1.3438060745264775,-0.01907023660630836
-3.8246024474420213,-1.3438060745264775,-0.031180366299833073
-3.7212348137273725,-1.3438060745264775,-0.033587859869534886
-3.6178671800127233,-1.3438060745264775,-0.026270881705724634
-3.514499546298074,-1.3438060745264775,-0.01228241308025032
-3.411131912583425,-1.3438060745264775,0.003367924619328615
-3.3077642788687753,-1.3438060745264775,0.015454800985246021
-3.204396645154126,-1.3438060745264775,0.02030325782676016
-3.101029011439477,-1.3438060745264775,0.016979492814345323
-2.9976613777248278,-1.3438060745264775,0.007508116498959521
-2.8942937440101786,-1.3438060745264775,-0.003944715625346695
-2.790926110295529,-1.3438060745264775,-0.012626063398367169
-2.6875584765808798,-1.3438060745264775,-0.014939423247676073
-2.5841908428662306,-1.3438060745264775,-0.009764530246289078
-2.4808232091515814,-1.3438060745264775,0.0011085419086886781
-2.3774555754369326,-1.3438060745264775,0.01358358283035985
-2.2740879417222835,-1.3438060745264775,0.02269092979363907
-2.1707203080076334,-1.3438060745264775,0.024349346742158023
-2.067352674292984,-1.3438060745264775,0.016841855633659825
-1.9639850405783352,-1.3438060745264775,0.0014884210274317908
-1.8606174068636863,-1.3438060745264775,-0.017722938121399655
-1.757249773149037,-1.3438060745264775,-0.03542210566701761
-1.6538821394343879,-1.3438060745264775,-0.04661402733597492
-1.550514505719738,-1.3438060745264775,-0.04829333922628969
-1.447146872005089,-1.3438060745264775,-0.040347664907154863
-1.3437792382904399,-1.3438060745264775,-0.025424510535830967
-1.2404116045757907,-1.3438060745264775,-0.007796478646411681
-1.1370439708611417,-1.3438060745264775,0.008387874686051573
-1.0336763371464925,-1.3438060745264775,0.02085635894819896
-0.9303087034318435,-1.3438060745264775,0.03034056485973639
-0.8269410697171936,-1.3438060745264775,0.04064836612872237
-0.7235734360025445,-1.3438060745264775,0.05759950079886237
-0.6202058022878953,-1.3438060745264775,0.0871241359623051
-0.5168381685732463,-1.3438060745264775,0.13311244111498177
-0.4134705348585972,-1.3438060745264775,0.19570127678357607
-0.31010290114394806,-1.3438060745264775,0.27055953339597805
-0.2067352674292982,-1.3438060745264775,0.3494278854008193
-0.1033676337146491,-1.3438060745264775,0.42178262456235144
0.,-1.3438060745264775,0.4771526208315886
0.1033676337146491,-1.3438060745264775,0.5074317900931585
0.2067352674292982,-1.3438060745264775,0.5085521528945215
0.31010290114394734,-1.3438060745264775,0.48109996834868657
0.4134705348585964,-1.3438060745264775,0.42979168150425096
0.5168381685732455,-1.3438060745264775,0.3620645797555835
0.6202058022878947,-1.3438060745264775,0.2862701369609413
0.7235734360025438,-1.3438060745264775,0.2100174962071131
0.8269410697171944,-1.3438060745264775,0.13909372901018885
0.9303087034318435,-1.3438060745264775,0.07714103762561968
1.0336763371464925,-1.3438060745264775,0.025993179734644094
1.1370439708611417,-1.3438060745264775,-0.01363668635519204
1.2404116045757907,-1.3438060745264775,-0.0414976883068742
1.3437792382904399,-1.3438060745264775,-0.0574737808530874
1.447146872005089,-1.3438060745264775,-0.06169689650789974
1.550514505719738,-1.3438060745264775,-0.05498745982037665
1.6538821394343872,-1.3438060745264775,-0.03934387286498084
1.7572497731490362,-1.3438060745264775,-0.018160042490138955
1.8606174068636854,-1.3438060745264775,0.004053365687179949
1.9639850405783346,-1.3438060745264775,0.022469767624369304
2.0673526742929837,-1.3438060745264775,0.033071845924757114
2.1707203080076343,-1.3438060745264775,0.03374222570743664
2.2740879417222835,-1.3438060745264775,0.02492771507131974
2.3774555754369326,-1.3438060745264775,0.009599021453028175
2.4808232091515814,-1.3438060745264775,-0.00754691548211257
2.5841908428662306,-1.3438060745264775,-0.021435994838180726
2.6875584765808798,-1.3438060745264775,-0.028111399384622326
2.790926110295529,-1.3438060745264775,-0.025899885861983767
2.894293744010178,-1.3438060745264775,-0.015869668253367258
2.997661377724827,-1.3438060745264775,-0.0014255129045186638
3.101029011439476,-1.3438060745264775,0.012830280881515112
3.2043966451541253,-1.3438060745264775,0.02259870196244238
3.3077642788687744,-1.3438060745264775,0.025254150755580063
3.411131912583425,-1.3438060745264775,0.02063658295237233
3.514499546298074,-1.3438060745264775,0.011014028594135
3.6178671800127233,-1.3438060745264775,0.0002430599815726626
3.7212348137273725,-1.3438060745264775,-0.0075778800894428
3.8246024474420213,-1.3438060745264775,-0.009502816274154727
3.9279700811566705,-1.3438060745264775,-0.004713843226846722
4.031337714871319,-1.3438060745264775,0.005237604776606684
4.134705348585968,-1.3438060745264775,0.016985022428566417
4.238072982300618,-1.3438060745264775,0.02648881620321121
4.341440616015267,-1.3438060745264775,0.030366898789815744
4.444808249729916,-1.3438060745264775,0.026964915173284153
4.548175883444565,-1.3438060745264775,0.016821899290634636
4.651543517159214,-1.3438060745264775,0.0024058086981268
4.754911150873865,-1.3438060745264775,-0.012753508137561454
4.858278784588514,-1.3438060745264775,-0.025208058206466287
4.961646418303163,-1.3438060745264775,-0.032610209181565854
5.065014052017812,-1.3438060745264775,-0.03427223443086089
5.168381685732461,-1.3438060745264775,-0.03111583474182431
5.27174931944711,-1.3438060745264775,-0.025087638604792583
5.3751169531617595,-1.3438060745264775,-0.01830421785663231
5.478484586876409,-1.3438060745264775,-0.012271048006447124
5.581852220591058,-1.3438060745264775,-0.007467963252643313
5.685219854305707,-1.3438060745264775,-0.00343271418550424
5.788587488020356,-1.3438060745264775,0.000731756938339434
5.8919551217350055,-1.3438060745264775,0.005671746021204027
5.995322755449654,-1.3438060745264775,0.011234506037034077
6.098690389164305,-1.3438060745264775,0.016315048393900463
6.202058022878954,-1.3438060745264775,0.019192134212004604
6.305425656593603,-1.3438060745264775,0.01824112745885206
6.408793290308252,-1.3438060745264775,0.012742921548699014
-6.408793290308252,-1.2404363764859794,0.012635472054648622
-6.305425656593603,-1.2404363764859794,0.002478141491632629
-6.202058022878954,-1.2404363764859794,-0.007246083046917823
-6.098690389164304,-1.2404363764859794,-0.013337256105832248
-5.995322755449655,-1.2404363764859794,-0.013669035741748978
-5.8919551217350055,-1.2404363764859794,-0.008063743673527295
-5.788587488020356,-1.2404363764859794,0.0014721118692088042
-5.685219854305708,-1.2404363764859794,0.011293019022593286
-5.581852220591058,-1.2404363764859794,0.017303823975579113
-5.478484586876409,-1.2404363764859794,0.016411706464791228
-5.3751169531617595,-1.2404363764859794,0.007738023919301454
-5.27174931944711,-1.2404363764859794,-0.006859654064696256
-5.168381685732461,-1.2404363764859794,-0.023187935961745388
-5.065014052017812,-1.2404363764859794,-0.035961524840527316
-4.961646418303163,-1.2404363764859794,-0.04051197972249243
-4.858278784588514,-1.2404363764859794,-0.03440091000401739
-4.754911150873865,-1.2404363764859794,-0.018382270950588978
-4.651543517159215,-1.2404363764859794,0.003644040835681365
-4.548175883444566,-1.2404363764859794,0.02571660035464726
-4.444808249729917,-1.2404363764859794,0.04161384415036144
-4.341440616015267,-1.2404363764859794,0.04679921528755815
-4.238072982300618,-1.2404363764859794,0.039872188603753404
-4.134705348585968,-1.2404363764859794,0.023037162812297434
-4.031337714871319,-1.2404363764859794,0.00142035460613164
-3.9279700811566705,-1.2404363764859794,-0.018553748220939616
-3.8246024474420213,-1.2404363764859794,-0.031198837043996976
-3.7212348137273725,-1.2404363764859794,-0.03334654504455371
-3.6178671800127233,-1.2404363764859794,-0.025282392637125034
-3.514499546298074,-1.2404363764859794,-0.01053220242469441
-3.411131912583425,-1.2404363764859794,0.005420292097416352
-3.3077642788687753,-1.2404363764859794,0.01704330986063691
-3.204396645154126,-1.2404363764859794,0.020641443139528932
-3.101029011439477,-1.2404363764859794,0.015572312521908927
-2.9976613777248278,-1.2404363764859794,0.004383381781983177
-2.8942937440101786,-1.2404363764859794,-0.008171163882868515
-2.790926110295529,-1.2404363764859794,-0.01688698942012291
-2.6875584765808798,-1.2404363764859794,-0.018024878310416534
-2.5841908428662306,-1.2404363764859794,-0.010712992777115436
-2.4808232091515814,-1.2404363764859794,0.002660450741833178
-2.3774555754369326,-1.2404363764859794,0.01721256381858659
-2.2740879417222835,-1.2404363764859794,0.027235765571758073
-2.1707203080076334,-1.2404363764859794,0.02820166769912202
-2.067352674292984,-1.2404363764859794,0.0184059578023051
-1.9639850405783352,-1.2404363764859794,-0.0003219315842491246
-1.8606174068636863,-1.2404363764859794,-0.02310309812927543
-1.757249773149037,-1.2404363764859794,-0.04353547892256449
-1.6538821394343879,-1.2404363764859794,-0.05574715749131573
-1.550514505719738,-1.2404363764859794,-0.05627169154236533
-1.447146872005089,-1.2404363764859794,-0.04509120415142172
-1.3437792382904399,-1.2404363764859794,-0.02547009747437667
-1.2404116045757907,-1.2404363764859794,-0.002613998249608985
-1.1370439708611417,-1.2404363764859794,0.018403658965676556
-1.0336763371464925,-1.2404363764859794,0.0347398407343481
-0.9303087034318435,-1.2404363764859794,0.04716664828594503
-0.8269410697171936,-1.2404363764859794,0.06022184783579462
-0.7235734360025445,-1.2404363764859794,0.08100101438399378
-0.6202058022878953,-1.2404363764859794,0.11691338384907525
-0.5168381685732463,-1.2404363764859794,0.17307325050777497
-0.4134705348585972,-1.2404363764859794,0.2501372331946755
-0.31010290114394806,-1.2404363764859794,0.34327953008731465
-0.2067352674292982,-1.2404363764859794,0.4426606298626229
-0.1033676337146491,-1.2404363764859794,0.5352982739046369
0.,-1.2404363764859794,0.6078349055994233
0.1033676337146491,-1.2404363764859794,0.649442319702241
0.2067352674292982,-1.2404363764859794,0.6540859055979307
0.31010290114394734,-1.2404363764859794,0.6215847305173091
0.4134705348585964,-1.2404363764859794,0.557273128835097
0.5168381685732455,-1.2404363764859794,0.47047202832512686
0.6202058022878947,-1.2404363764859794,0.3722875552738067
0.7235734360025438,-1.2404363764859794,0.2733815855811763
0.8269410697171944,-1.2404363764859794,0.18227951342819593
0.9303087034318435,-1.2404363764859794,0.1045390855622578
1.0336763371464925,-1.2404363764859794,0.04279486547322277
1.1370439708611417,-1.2404363764859794,-0.0025754021733863245
1.2404116045757907,-1.2404363764859794,-0.03255814012274154
1.3437792382904399,-1.2404363764859794,-0.048762002368978645
1.447146872005089,-1.2404363764859794,-0.05305022894881097
1.550514505719738,-1.2404363764859794,-0.047554914710940734
1.6538821394343872,-1.2404363764859794,-0.03489208756475674
1.7572497731490362,-1.2404363764859794,-0.01830813287409547
1.8606174068636854,-1.2404363764859794,-0.001530126231720331
1.9639850405783346,-1.2404363764859794,0.011757652707515625
2.0673526742929837,-1.2404363764859794,0.018696419737021238
2.1707203080076343,-1.2404363764859794,0.018026677990342594
2.2740879417222835,-1.2404363764859794,0.010536402897059899
2.3774555754369326,-1.2404363764859794,-0.0010514911823804164
2.4808232091515814,-1.2404363764859794,-0.012801426284782843
2.5841908428662306,-1.2404363764859794,-0.020722991698673737
2.6875584765808798,-1.2404363764859794,-0.022013972531735072
2.790926110295529,-1.2404363764859794,-0.01597857507623151
2.894293744010178,-1.2404363764859794,-0.004296166145290042
2.997661377724827,-1.2404363764859794,0.009478065075233287
3.101029011439476,-1.2404363764859794,0.02104143902281723
3.2043966451541253,-1.2404363764859794,0.026742767855200227
3.3077642788687744,-1.2404363764859794,0.02479148382995607
3.411131912583425,-1.2404363764859794,0.015870228759842245
3.514499546298074,-1.2404363764859794,0.0029385367654135904
3.6178671800127233,-1.2404363764859794,-0.009715047453811245
3.7212348137273725,-1.2404363764859794,-0.01786224314233211
3.8246024474420213,-1.2404363764859794,-0.018706747041241364
3.9279700811566705,-1.2404363764859794,-0.011786118858805482
4.031337714871319,-1.2404363764859794,0.0008887115820307262
4.134705348585968,-1.2404363764859794,0.015491562907763556
4.238072982300618,-1.2404363764859794,0.027606036321528728
4.341440616015267,-1.2404363764859794,0.0336033171256232
4.444808249729916,-1.2404363764859794,0.031719216684563185
4.548175883444565,-1.2404363764859794,0.022492287434728527
4.651543517159214,-1.2404363764859794,0.00845163996106865
4.754911150873865,-1.2404363764859794,-0.006799991561713536
4.858278784588514,-1.2404363764859794,-0.019765449196566535
4.961646418303163,-1.2404363764859794,-0.028082061666124
5.065014052017812,-1.2404363764859794,-0.03106489379758542
5.168381685732461,-1.2404363764859794,-0.029620872531707157
5.27174931944711,-1.2404363764859794,-0.02562418786390618
5.3751169531617595,-1.2404363764859794,-0.02103312633728724
5.478484586876409,-1.2404363764859794,-0.01710624507568011
5.581852220591058,-1.2404363764859794,-0.014016242452383823
5.685219854305707,-1.2404363764859794,-0.010989020161971468
5.788587488020356,-1.2404363764859794,-0.006880344648596532
5.8919551217350055,-1.2404363764859794,-0.0009261191934326291
5.995322755449654,-1.2404363764859794,0.006667708307679723
6.098690389164305,-1.2404363764859794,0.01456600821676691
6.202058022878954,-1.2404363764859794,0.020673172495275605
6.305425656593603,-1.2404363764859794,0.022909765665385853
6.408793290308252,-1.2404363764859794,0.020100651882388534
-6.408793290308252,-1.1370666784454813,0.018653910882222992
-6.305425656593603,-1.1370666784454813,0.01059746490221188
-6.202058022878954,-1.1370666784454813,0.001733653981990943
-6.098690389164304,-1.1370666784454813,-0.005071537678501446
-5.995322755449655,-1.1370666784454813,-0.007791434194340936
-5.8919551217350055,-1.1370666784454813,-0.006034923608139982
-5.788587488020356,-1.1370666784454813,-0.0012734804423637047
-5.685219854305708,-1.1370666784454813,0.0036261265989746693
-5.581852220591058,-1.1370666784454813,0.005437376164141253
-5.478484586876409,-1.1370666784454813,0.0018323269537565158
-5.3751169531617595,-1.1370666784454813,-0.007588050838345489
-5.27174931944711,-1.1370666784454813,-0.02088914694279147
-5.168381685732461,-1.1370666784454813,-0.034220533228643844
-5.065014052017812,-1.1370666784454813,-0.04297001275427868
-4.961646418303163,-1.1370666784454813,-0.043299127826911574
-4.858278784588514,-1.1370666784454813,-0.03354816362982057
-4.754911150873865,-1.1370666784454813,-0.015013698137987261
-4.651543517159215,-1.1370666784454813,0.00820850485459887
-4.548175883444566,-1.1370666784454813,0.030316911859823853
-4.444808249729917,-1.1370666784454813,0.0455159989545956
-4.341440616015267,-1.1370666784454813,0.04980510064465835
-4.238072982300618,-1.1370666784454813,0.04225646519997273
-4.134705348585968,-1.1370666784454813,0.025346642271525704
-4.031337714871319,-1.1370666784454813,0.004209670611465336
-3.9279700811566705,-1.1370666784454813,-0.014962747835401363
-3.8246024474420213,-1.1370666784454813,-0.026860294444864853
-3.7212348137273725,-1.1370666784454813,-0.028697868671610425
-3.6178671800127233,-1.1370666784454813,-0.021021443274566693
-3.514499546298074,-1.1370666784454813,-0.007409568853808093
-3.411131912583425,-1.1370666784454813,0.006826049079322555
-3.3077642788687753,-1.1370666784454813,0.01649907701331379
-3.204396645154126,-1.1370666784454813,0.018333244474336336
-3.101029011439477,-1.1370666784454813,0.012063445715180709
-2.9976613777248278,-1.1370666784454813,0.0004753992578103541
-2.8942937440101786,-1.1370666784454813,-0.011630640637813165
-2.790926110295529,-1.1370666784454813,-0.019195162690087027
-2.6875584765808798,-1.1370666784454813,-0.018764708534354177
-2.5841908428662306,-1.1370666784454813,-0.009813739025230422
-2.4808232091515814,-1.1370666784454813,0.004949729084250707
-2.3774555754369326,-1.1370666784454813,0.020421137544782746
-2.2740879417222835,-1.1370666784454813,0.030810689973948858
-2.1707203080076334,-1.1370666784454813,0.03165278209839682
-2.067352674292984,-1.1370666784454813,0.021423855553981845
-1.9639850405783352,-1.1370666784454813,0.0022016726239349085
-1.8606174068636863,-1.1370666784454813,-0.02088057980615495
-1.757249773149037,-1.1370666784454813,-0.04122071964885869
-1.6538821394343879,-1.1370666784454813,-0.052847447387325136
-1.550514505719738,-1.1370666784454813,-0.05231801845621906
-1.447146872005089,-1.1370666784454813,-0.039751167463003265
-1.3437792382904399,-1.1370666784454813,-0.018614248170484488
-1.2404116045757907,-1.1370666784454813,0.005697472678417145
-1.1370439708611417,-1.1370666784454813,0.028033851788159984
-1.0336763371464925,-1.1370666784454813,0.04568421823084849
-0.9303087034318435,-1.1370666784454813,0.05982399092535634
-0.8269410697171936,-1.1370666784454813,0.07566182212244109
-0.7235734360025445,-1.1370666784454813,0.1011418573590926
-0.6202058022878953,-1.1370666784454813,0.14452192323450097
-0.5168381685732463,-1.1370666784454813,0.21152466896529126
-0.4134705348585972,-1.1370666784454813,0.3029231338713901
-0.31010290114394806,-1.1370666784454813,0.4133207412568095
-0.2067352674292982,-1.1370666784454813,0.5315489400111595
-0.1033676337146491,-1.1370666784454813,0.6426384197044454
0.,-1.1370666784454813,0.7308665279366738
0.1033676337146491,-1.1370666784454813,0.7830817978793295
0.2067352674292982,-1.1370666784454813,0.7914436015918002
0.31010290114394734,-1.1370666784454813,0.7549017524802714
0.4134705348585964,-1.1370666784454813,0.6791111536425605
0.5168381685732455,-1.1370666784454813,0.5749110149371706
0.6202058022878947,-1.1370666784454813,0.45586440811855716
0.7235734360025438,-1.1370666784454813,0.33554901810907983
0.8269410697171944,-1.1370666784454813,0.22527097785734781
0.9303087034318435,-1.1370666784454813,0.13266736141656257
1.0336763371464925,-1.1370666784454813,0.06135189625252268
1.1370439708611417,-1.1370666784454813,0.011450193157508696
1.2404116045757907,-1.1370666784454813,-0.019339592489961373
1.3437792382904399,-1.1370666784454813,-0.03458475296892637
1.447146872005089,-1.1370666784454813,-0.03819207370194444
1.550514505719738,-1.1370666784454813,-0.03387516434909565
1.6538821394343872,-1.1370666784454813,-0.024977972226173328
1.7572497731490362,-1.1370666784454813,-0.014483501053390361
1.8606174068636854,-1.1370666784454813,-0.005006485320587113
1.9639850405783346,-1.1370666784454813,0.0013596660245747461
2.0673526742929837,-1.1370666784454813,0.003340488314803326
2.1707203080076343,-1.1370666784454813,0.0007953972848299678
2.2740879417222835,-1.1370666784454813,-0.005139554454064994
2.3774555754369326,-1.1370666784454813,-0.012238584910757959
2.4808232091515814,-1.1370666784454813,-0.017743917388534855
2.5841908428662306,-1.1370666784454813,-0.019181010183896525
2.6875584765808798,-1.1370666784454813,-0.015189233446776732
2.790926110295529,-1.1370666784454813,-0.006079431989144662
2.894293744010178,-1.1370666784454813,0.0061082461424388605
2.997661377724827,-1.1370666784454813,0.01811769306419277
3.101029011439476,-1.1370666784454813,0.02643663103047714
3.2043966451541253,-1.1370666784454813,0.02841166489423329
3.3077642788687744,-1.1370666784454813,0.023153751687265616
3.411131912583425,-1.1370666784454813,0.01192007856381897
3.514499546298074,-1.1370666784454813,-0.0021787324043508276
3.6178671800127233,-1.1370666784454813,-0.015075436853127493
3.7212348137273725,-1.1370666784454813,-0.022971711543876127
3.8246024474420213,-1.1370666784454813,-0.023501372064640813
3.9279700811566705,-1.1370666784454813,-0.016455159576199255
4.031337714871319,-1.1370666784454813,-0.0038332832539496446
4.134705348585968,-1.1370666784454813,0.01078640765419199
4.238072982300618,-1.1370666784454813,0.023351589649919877
4.341440616015267,-1.1370666784454813,0.030545560151400624
4.444808249729916,-1.1370666784454813,0.030713626526388222
4.548175883444565,-1.1370666784454813,0.024221502700230036
4.651543517159214,-1.1370666784454813,0.013161418583277951
4.754911150873865,-1.1370666784454813,0.0005440598911887418
4.858278784588514,-1.1370666784454813,-0.01071871147400963
4.961646418303163,-1.1370666784454813,-0.01868115443073081
5.065014052017812,-1.1370666784454813,-0.022796017719279943
5.168381685732461,-1.1370666784454813,-0.02379947468050406
5.27174931944711,-1.1370666784454813,-0.023141678212577184
5.3751169531617595,-1.1370666784454813,-0.022218865095466212
5.478484586876409,-1.1370666784454813,-0.02172429412075161
5.581852220591058,-1.1370666784454813,-0.021374641521315563
5.685219854305707,-1.1370666784454813,-0.020110870640614342
5.788587488020356,-1.1370666784454813,-0.016679140092020088
5.8919551217350055,-1.1370666784454813,-0.010342319843891704
5.995322755449654,-1.1370666784454813,-0.0014159026219489675
6.098690389164305,-1.1370666784454813,0.008613741334301692
6.202058022878954,-1.1370666784454813,0.017468868752015834
6.305425656593603,-1.1370666784454813,0.022838866554223194
6.408793290308252,-1.1370666784454813,0.02323945237719813
-6.408793290308252,-1.0336969804049831,0.02002319644045271
-6.305425656593603,-1.0336969804049831,0.015296891554353702
-6.202058022878954,-1.0336969804049831,0.00886676567336018
-6.098690389164304,-1.0336969804049831,0.0028880404451400036
-5.995322755449655,-1.0336969804049831,-0.001056299902290184
-5.8919551217350055,-1.0336969804049831,-0.002558056432320512
-5.788587488020356,-1.0336969804049831,-0.002538714399392456
-5.685219854305708,-1.0336969804049831,-0.002872384630264058
-5.581852220591058,-1.0336969804049831,-0.005589917658306548
-5.478484586876409,-1.0336969804049831,-0.011943953410319612
-5.3751169531617595,-1.0336969804049831,-0.02168699718364309
-5.27174931944711,-1.0336969804049831,-0.0328606488997517
-5.168381685732461,-1.0336969804049831,-0.042226485932134884
-5.065014052017812,-1.0336969804049831,-0.04624248642423711
-4.961646418303163,-1.0336969804049831,-0.042282112635996655
-4.858278784588514,-1.0336969804049831,-0.02968191194239918
-4.754911150873865,-1.0336969804049831,-0.010232927085077271
-4.651543517159215,-1.0336969804049831,0.012101427590248688
-4.548175883444566,-1.0336969804049831,0.0322048735751681
-4.444808249729917,-1.0336969804049831,0.045273941563022314
-4.341440616015267,-1.0336969804049831,0.04827077661933075
-4.238072982300618,-1.0336969804049831,0.04088554859879311
-4.134705348585968,-1.0336969804049831,0.02567437996860018
-4.031337714871319,-1.0336969804049831,0.007301056144551845
-3.9279700811566705,-1.0336969804049831,-0.008893526059697192
-3.8246024474420213,-1.0336969804049831,-0.018541033988618387
-3.7212348137273725,-1.0336969804049831,-0.019578717098839928
-3.6178671800127233,-1.0336969804049831,-0.012825920526176348
-3.514499546298074,-1.0336969804049831,-0.0016104864944946505
-3.411131912583425,-1.0336969804049831,0.009432411333694567
-3.3077642788687753,-1.0336969804049831,0.015986518755106587
-3.204396645154126,-1.0336969804049831,0.015555649731961803
-3.101029011439477,-1.0336969804049831,0.008326807509543791
-2.9976613777248278,-1.0336969804049831,-0.0029049367039597697
-2.8942937440101786,-1.0336969804049831,-0.013731602457156968
-2.790926110295529,-1.0336969804049831,-0.01971235976374309
-2.6875584765808798,-1.0336969804049831,-0.01799651393150844
-2.5841908428662306,-1.0336969804049831,-0.008423499257013443
-2.4808232091515814,-1.0336969804049831,0.006295664129577343
-2.3774555754369326,-1.0336969804049831,0.021401310405886588
-2.2740879417222835,-1.0336969804049831,0.031653084090241645
-2.1707203080076334,-1.0336969804049831,0.03312061623171749
-2.067352674292984,-1.0336969804049831,0.02458597096391493
-1.9639850405783352,-1.0336969804049831,0.008066601708518842
-1.8606174068636863,-1.0336969804049831,-0.011740903275235748
-1.757249773149037,-1.0336969804049831,-0.02892858856910088
-1.6538821394343879,-1.0336969804049831,-0.03826937101095088
-1.550514505719738,-1.0336969804049831,-0.036885827488178424
-1.447146872005089,-1.0336969804049831,-0.02510435309651143
-1.3437792382904399,-1.0336969804049831,-0.0061648145259059275
-1.2404116045757907,-1.0336969804049831,0.015160678856099124
-1.1370439708611417,-1.0336969804049831,0.034606009777384636
-1.0336763371464925,-1.0336969804049831,0.050422918465371044
-0.9303087034318435,-1.0336969804049831,0.0646516853409625
-0.8269410697171936,-1.0336969804049831,0.08314001363421937
-0.7235734360025445,-1.0336969804049831,0.11418026443136367
-0.6202058022878953,-1.0336969804049831,0.16607498542876803
-0.5168381685732463,-1.0336969804049831,0.24430076654805968
-0.4134705348585972,-1.0336969804049831,0.34910534441565655
-0.31010290114394806,-1.0336969804049831,0.4742872384228054
-0.2067352674292982,-1.0336969804049831,0.6075935182132429
-0.1033676337146491,-1.0336969804049831,0.7327226075005713
0.,-1.0336969804049831,0.8324693423119572
0.1033676337146491,-1.0336969804049831,0.8922317577680288
0.2067352674292982,-1.0336969804049831,0.9030041856080181
0.31010290114394734,-1.0336969804049831,0.8631312773483297
0.4134705348585964,-1.0336969804049831,0.7784411988390488
0.5168381685732455,-1.0336969804049831,0.6608071647359444
0.6202058022878947,-1.0336969804049831,0.5255781327498046
0.7235734360025438,-1.0336969804049831,0.38856439607505794
0.8269410697171944,-1.0336969804049831,0.2633049572810367
0.9303087034318435,-1.0336969804049831,0.1591880885134475
1.0336763371464925,-1.0336969804049831,0.08070857773425291
1.1370439708611417,-1.0336969804049831,0.027821602239009258
1.2404116045757907,-1.0336969804049831,-0.0029094648739997593
1.3437792382904399,-1.0336969804049831,-0.01680923988510313
1.447146872005089,-1.0336969804049831,-0.019657382120537376
1.550514505719738,-1.0336969804049831,-0.0166251916944134
1.6538821394343872,-1.0336969804049831,-0.011696776818138526
1.7572497731490362,-1.0336969804049831,-0.007520347576166682
1.8606174068636854,-1.0336969804049831,-0.005532804059345278
1.9639850405783346,-1.0336969804049831,-0.0061855205084353874
2.0673526742929837,-1.0336969804049831,-0.009155593539987666
2.1707203080076343,-1.0336969804049831,-0.013514339456472565
2.2740879417222835,-1.0336969804049831,-0.017896814702087368
2.3774555754369326,-1.0336969804049831,-0.020739130090674317
2.4808232091515814,-1.0336969804049831,-0.020616719010317627
2.5841908428662306,-1.0336969804049831,-0.01664616798708964
2.6875584765808798,-1.0336969804049831,-0.008842923927997513
2.790926110295529,-1.0336969804049831,0.0017047344433819926
2.894293744010178,-1.0336969804049831,0.012956311727378782
2.997661377724827,-1.0336969804049831,0.0223592830525306
3.101029011439476,-1.0336969804049831,0.02751991482038952
3.2043966451541253,-1.0336969804049831,0.026917452767744106
3.3077642788687744,-1.0336969804049831,0.02043288931291588
3.411131912583425,-1.0336969804049831,0.009500916312478411
3.514499546298074,-1.0336969804049831,-0.0031967643589169946
3.6178671800127233,-1.0336969804049831,-0.014431393372351135
3.7212348137273725,-1.0336969804049831,-0.02132072956221406
3.8246024474420213,-1.0336969804049831,-0.022143728264488797
3.9279700811566705,-1.0336969804049831,-0.01682061161186726
4.031337714871319,-1.0336969804049831,-0.006906276611446979
4.134705348585968,-1.0336969804049831,0.004898342742874415
4.238072982300618,-1.0336969804049831,0.01555598162465203
4.341440616015267,-1.0336969804049831,0.022560793733507757
4.444808249729916,-1.0336969804049831,0.024588733182199493
4.548175883444565,-1.0336969804049831,0.021736302829290396
4.651543517159214,-1.0336969804049831,0.015298903003250361
4.754911150873865,-1.0336969804049831,0.007198016188256107
4.858278784588514,-1.0336969804049831,-0.0007189535752023091
4.961646418303163,-1.0336969804049831,-0.007251046277355539
5.065014052017812,-1.0336969804049831,-0.012094533764434798
5.168381685732461,-1.0336969804049831,-0.015708077178447036
5.27174931944711,-1.0336969804049831,-0.018877277262811767
5.3751169531617595,-1.0336969804049831,-0.022176379266781572
5.478484586876409,-1.0336969804049831,-0.02555949839702168
5.581852220591058,-1.0336969804049831,-0.028257775105015936
5.685219854305707,-1.0336969804049831,-0.029033984205931344
5.788587488020356,-1.0336969804049831,-0.02670007805161118
5.8919551217350055,-1.0336969804049831,-0.02069213401665653
5.995322755449654,-1.0336969804049831,-0.011464764155504214
6.098690389164305,-1.0336969804049831,-0.0005275523156904808
6.202058022878954,-1.0336969804049831,0.009921342229281637
6.305425656593603,-1.0336969804049831,0.017653532452831643
6.408793290308252,-1.0336969804049831,0.021130056980439807
-6.408793290308252,-0.9303272823644849,0.01645645763129224
-6.305425656593603,-0.9303272823644849,0.015787969719877545
-6.202058022878954,-0.9303272823644849,0.013093801302618132
-6.098690389164304,-0.9303272823644849,0.009552231619083303
-5.995322755449655,-0.9303272823644849,0.006003288031223254
-5.8919551217350055,-0.9303272823644849,0.0026237507956249437
-5.788587488020356,-0.9303272823644849,-0.0010947746869380333
-5.685219854305708,-0.9303272823644849,-0.006040545920171777
-5.581852220591058,-0.9303272823644849,-0.012953496024459074
-5.478484586876409,-0.9303272823644849,-0.021875727837216915
-5.3751169531617595,-0.9303272823644849,-0.03180936925386989
-5.27174931944711,-0.9303272823644849,-0.04075247433390245
-5.168381685732461,-0.9303272823644849,-0.046156051593717655
-5.065014052017812,-0.9303272823644849,-0.04569023185359035
-4.961646418303163,-0.9303272823644849,-0.03807999516325158
-4.858278784588514,-0.9303272823644849,-0.02371930464965233
-4.754911150873865,-0.9303272823644849,-0.0048211987474501596
-4.651543517159215,-0.9303272823644849,0.014999760720122674
-4.548175883444566,-0.9303272823644849,0.03163013659748938
-4.444808249729917,-0.9303272823644849,0.04159149409803899
-4.341440616015267,-0.9303272823644849,0.04305568881401145
-4.238072982300618,-0.9303272823644849,0.03640875365400426
-4.134705348585968,-0.9303272823644849,0.024160931742802826
-4.031337714871319,-0.9303272823644849,0.010205405263988493
-3.9279700811566705,-0.9303272823644849,-0.0013582306145757952
-3.8246024474420213,-0.9303272823644849,-0.007469631344460764
-3.7212348137273725,-0.9303272823644849,-0.007022938516308246
-3.6178671800127233,-0.9303272823644849,-0.0011506769679948375
-3.514499546298074,-0.9303272823644849,0.007222718958934654
-3.411131912583425,-0.9303272823644849,0.014416563277787151
-3.3077642788687753,-0.9303272823644849,0.01727890548568334
-3.204396645154126,-0.9303272823644849,0.01429199357973433
-3.101029011439477,-0.9303272823644849,0.006122822825651182
-2.9976613777248278,-0.9303272823644849,-0.004575377209465487
-2.8942937440101786,-0.9303272823644849,-0.014054267117927855
-2.790926110295529,-0.9303272823644849,-0.018761136661986703
-2.6875584765808798,-0.9303272823644849,-0.01659439077706682
-2.5841908428662306,-0.9303272823644849,-0.0076920543921053615
-2.4808232091515814,-0.9303272823644849,0.0055281045256965694
-2.3774555754369326,-0.9303272823644849,0.019108593850567217
-2.2740879417222835,-0.9303272823644849,0.028838002490791315
-2.1707203080076334,-0.9303272823644849,0.03165610397529919
-2.067352674292984,-0.9303272823644849,0.026701120425561616
-1.9639850405783352,-0.9303272823644849,0.015633862645982148
-1.8606174068636863,-0.9303272823644849,0.0021140395266783956
-1.757249773149037,-0.9303272823644849,-0.009405225494207218
-1.6538821394343879,-0.9303272823644849,-0.015155654469204617
-1.550514505719738,-0.9303272823644849,-0.013285371175593346
-1.447146872005089,-0.9303272823644849,-0.004388950584426717
-1.3437792382904399,-0.9303272823644849,0.008894063767121107
-1.2404116045757907,-0.9303272823644849,0.023126706789932595
-1.1370439708611417,-0.9303272823644849,0.035778780318924785
-1.0336763371464925,-0.9303272823644849,0.046808090570637145
-0.9303087034318435,-0.9303272823644849,0.0595313564975702
-0.8269410697171936,-0.9303272823644849,0.08038357455885549
-0.7235734360025445,-0.9303272823644849,0.11749395036304174
-0.6202058022878953,-0.9303272823644849,0.1783805823386647
-0.5168381685732463,-0.9303272823644849,0.2673691346062347
-0.4134705348585972,-0.9303272823644849,0.38347585555364677
-0.31010290114394806,-0.9303272823644849,0.5194150917669826
-0.2067352674292982,-0.9303272823644849,0.6621133668659012
-0.1033676337146491,-0.9303272823644849,0.7947136043465103
0.,-0.9303272823644849,0.8996482367029238
0.1033676337146491,-0.9303272823644849,0.9620649005523769
0.2067352674292982,-0.9303272823644849,0.9727866110011704
0.31010290114394734,-0.9303272823644849,0.9301062117850533
0.4134705348585964,-0.9303272823644849,0.8400154931696633
0.5168381685732455,-0.9303272823644849,0.7148648846350271
0.6202058022878947,-0.9303272823644849,0.5708290042935055
0.7235734360025438,-0.9303272823644849,0.42481548904602356
0.8269410697171944,-0.9303272823644849,0.29153697469115114
0.9303087034318435,-0.9303272823644849,0.18136059751052075
1.0336763371464925,-0.9303272823644849,0.09930044267131478
1.1370439708611417,-0.9303272823644849,0.045206190148631246
1.2404116045757907,-0.9303272823644849,0.014915466458268203
1.3437792382904399,-0.9303272823644849,0.0019503843655519497
1.447146872005089,-0.9303272823644849,-0.0007137280341091894
1.550514505719738,-0.9303272823644849,0.0007958848232513082
1.6538821394343872,-0.9303272823644849,0.0021335414445078976
1.7572497731490362,-0.9303272823644849,0.0010108886622189838
1.8606174068636854,-0.9303272823644849,-0.0030275092469525867
1.9639850405783346,-0.9303272823644849,-0.009131940050277823
2.0673526742929837,-0.9303272823644849,-0.015770134811861878
2.1707203080076343,-0.9303272823644849,-0.021284477391318453
2.2740879417222835,-0.9303272823644849,-0.024299741749982295
2.3774555754369326,-0.9303272823644849,-0.023967570202773365
2.4808232091515814,-0.9303272823644849,-0.02007578315928195
2.5841908428662306,-0.9303272823644849,-0.013058688643168524
2.6875584765808798,-0.9303272823644849,-0.003929397670605186
2.790926110295529,-0.9303272823644849,0.005864229158265412
2.894293744010178,-0.9303272823644849,0.014664501754993058
2.997661377724827,-0.9303272823644849,0.02089936869679075
3.101029011439476,-0.9303272823644849,0.02340768637136866
3.2043966451541253,-0.9303272823644849,0.02172298025895948
3.3077642788687744,-0.9303272823644849,0.016231865736161567
3.411131912583425,-0.9303272823644849,0.008140925837924222
3.514499546298074,-0.9303272823644849,-0.0007665900172765574
3.6178671800127233,-0.9303272823644849,-0.008539034972756225
3.7212348137273725,-0.9303272823644849,-0.013526713918798554
3.8246024474420213,-0.9303272823644849,-0.01478254725425172
3.9279700811566705,-0.9303272823644849,-0.012274809514327405
4.031337714871319,-0.9303272823644849,-0.00684815643903469
4.134705348585968,-0.9303272823644849,0.00005241551138988226
4.238072982300618,-0.9303272823644849,0.0068044028316617015
4.341440616015267,-0.9303272823644849,0.012041231257183866
4.444808249729916,-0.9303272823644849,0.014960836444234153
4.548175883444565,-0.9303272823644849,0.01542160017851889
4.651543517159214,-0.9303272823644849,0.013815534678920986
4.754911150873865,-0.9303272823644849,0.010788076683306596
4.858278784588514,-0.9303272823644849,0.0069259026440735534
4.961646418303163,-0.9303272823644849,0.0025395370999424702
5.065014052017812,-0.9303272823644849,-0.0023757238709395815
5.168381685732461,-0.9303272823644849,-0.007992467850500092
5.27174931944711,-0.9303272823644849,-0.0143879602017607
5.3751169531617595,-0.9303272823644849,-0.02128691552616035
5.478484586876409,-0.9303272823644849,-0.027935252411841836
5.581852220591058,-0.9303272823644849,-0.03318224757625088
5.685219854305707,-0.9303272823644849,-0.03576708796636491
5.788587488020356,-0.9303272823644849,-0.03472117971572505
5.8919551217350055,-0.9303272823644849,-0.029742715699807975
5.995322755449654,-0.9303272823644849,-0.02139778602416024
6.098690389164305,-0.9303272823644849,-0.011056334554403533
6.202058022878954,-0.9303272823644849,-0.0005637273635238502
6.305425656593603,-0.9303272823644849,0.008253678560611813
6.408793290308252,-0.9303272823644849,0.014084590646356539
-6.408793290308252,-0.8269575843239868,0.008932253772901733
-6.305425656593603,-0.8269575843239868,0.012337267136067698
-6.202058022878954,-0.8269575843239868,0.014008642776441071
-6.098690389164304,-0.8269575843239868,0.014064151372044843
-5.995322755449655,-0.8269575843239868,0.01244300717611226
-5.8919551217350055,-0.8269575843239868,0.008885779932347798
-5.788587488020356,-0.8269575843239868,0.0030794169212927246
-5.685219854305708,-0.8269575843239868,-0.005075398817722195
-5.581852220591058,-0.8269575843239868,-0.01517664505726067
-5.478484586876409,-0.8269575843239868,-0.02614098917042329
-5.3751169531617595,-0.8269575843239868,-0.03623821457637287
-5.27174931944711,-0.8269575843239868,-0.04338163000483065
-5.168381685732461,-0.8269575843239868,-0.045626165777196095
-5.065014052017812,-0.8269575843239868,-0.04174154483375905
-4.961646418303163,-0.8269575843239868,-0.03168031477201192
-4.858278784588514,-0.8269575843239868,-0.016770577659667222
-4.754911150873865,-0.8269575843239868,0.00046661512584362814
-4.651543517159215,-0.8269575843239868,0.016863456181654243
-4.548175883444566,-0.8269575843239868,0.029384450629339243
-4.444808249729917,-0.8269575843239868,0.035921211575078715
-4.341440616015267,-0.8269575843239868,0.035863564624115364
-4.238072982300618,-0.8269575843239868,0.03026158721263571
-4.134705348585968,-0.8269575843239868,0.021510815457983154
-4.031337714871319,-0.8269575843239868,0.012639175415484
-3.9279700811566705,-0.8269575843239868,0.0064027932419435125
-3.8246024474420213,-0.8269575843239868,0.004465673644659833
-3.7212348137273725,-0.8269575843239868,0.006920295619723259
-3.6178671800127233,-0.8269575843239868,0.012304702297010616
-3.514499546298074,-0.8269575843239868,0.01811662462827511
-3.411131912583425,-0.8269575843239868,0.0216654288713682
-3.3077642788687753,-0.8269575843239868,0.02099041007099074
-3.204396645154126,-0.8269575843239868,0.015547438607695271
-3.101029011439477,-0.8269575843239868,0.006436315625114405
-2.9976613777248278,-0.8269575843239868,-0.003912243000303363
-2.8942937440101786,-0.8269575843239868,-0.012494821884742196
-2.790926110295529,-0.8269575843239868,-0.016695272017142746
-2.6875584765808798,-0.8269575843239868,-0.015132553075371842
-2.5841908428662306,-0.8269575843239868,-0.00811519295577215
-2.4808232091515814,-0.8269575843239868,0.002451855638835573
-2.3774555754369326,-0.8269575843239868,0.013681197427355567
-2.2740879417222835,-0.8269575843239868,0.022635775769879397
-2.1707203080076334,-0.8269575843239868,0.02726818349270926
-2.067352674292984,-0.8269575843239868,0.02704811057475898
-1.9639850405783352,-0.8269575843239868,0.023062541891923263
-1.8606174068636863,-0.8269575843239868,0.017553668801063637
-1.757249773149037,-0.8269575843239868,0.013058052175926031
-1.6538821394343879,-0.8269575843239868,0.01145983558753483
-1.550514505719738,-0.8269575843239868,0.013317168231781785
-1.447146872005089,-0.8269575843239868,0.017743306423540172
-1.3437792382904399,-0.8269575843239868,0.022941780335937544
-1.2404116045757907,-0.8269575843239868,0.027264203756646004
-1.1370439708611417,-0.8269575843239868,0.03045462016579508
-1.0336763371464925,-0.8269575843239868,0.03463605725833434
-0.9303087034318435,-0.8269575843239868,0.0446259442967376
-0.8269410697171936,-0.8269575843239868,0.06733737192959151
-0.7235734360025445,-0.8269575843239868,0.11028849681655607
-0.6202058022878953,-0.8269575843239868,0.17952605044259104
-0.5168381685732463,-0.8269575843239868,0.2774846190019694
-0.4134705348585972,-0.8269575843239868,0.4013815294010195
-0.31010290114394806,-0.8269575843239868,0.5426567014084962
-0.2067352674292982,-0.8269575843239868,0.6877255481416936
-0.1033676337146491,-0.8269575843239868,0.8199834997433417
0.,-0.8269575843239868,0.9226725976720106
0.1033676337146491,-0.8269575843239868,0.9819846470893522
0.2067352674292982,-0.8269575843239868,0.9896973617792837
0.31010290114394734,-0.8269575843239868,0.9447417214391932
0.4134705348585964,-0.8269575843239868,0.853352690158984
0.5168381685732455,-0.8269575843239868,0.7277928025542275
0.6202058022878947,-0.8269575843239868,0.5839693393263456
0.7235734360025438,-0.8269575843239868,0.4385059503232228
0.8269410697171944,-0.8269575843239868,0.3059215529776397
0.9303087034318435,-0.8269575843239868,0.19649820838125515
1.0336763371464925,-0.8269575843239868,0.11521438775858088
1.1370439708611417,-0.8269575843239868,0.06184267630525812
1.2404116045757907,-0.8269575843239868,0.03203749264058768
1.3437792382904399,-0.8269575843239868,0.019036972835566112
1.447146872005089,-0.8269575843239868,0.0155163443706404
1.550514505719738,-0.8269575843239868,0.01516588512870787
1.6538821394343872,-0.8269575843239868,0.01369988516903129
1.7572497731490362,-0.8269575843239868,0.009186479000922404
1.8606174068636854,-0.8269575843239868,0.0017677060886314546
1.9639850405783346,-0.8269575843239868,-0.00703037590264729
2.0673526742929837,-0.8269575843239868,-0.015141208765637694
2.1707203080076343,-0.8269575843239868,-0.02071706658439266
2.2740879417222835,-0.8269575843239868,-0.02264056469984408
2.3774555754369326,-0.8269575843239868,-0.02072381690777458
2.4808232091515814,-0.8269575843239868,-0.015623353552386733
2.5841908428662306,-0.8269575843239868,-0.008562088099610758
2.6875584765808798,-0.8269575843239868,-0.0009736379942803746
2.790926110295529,-0.8269575843239868,0.00582728934262659
2.894293744010178,-0.8269575843239868,0.010879263085552714
2.997661377724827,-0.8269575843239868,0.013685751345736763
3.101029011439476,-0.8269575843239868,0.01421208635483937
3.2043966451541253,-0.8269575843239868,0.012798007748428132
3.3077642788687744,-0.8269575843239868,0.010023843845230647
3.411131912583425,-0.8269575843239868,0.006565579667566366
3.514499546298074,-0.8269575843239868,0.00306589625123945
3.6178671800127233,-0.8269575843239868,0.00003898637016143778
3.7212348137273725,-0.8269575843239868,-0.002181530410263778
3.8246024474420213,-0.8269575843239868,-0.003450052067499609
3.9279700811566705,-0.8269575843239868,-0.003778060599305709
4.031337714871319,-0.8269575843239868,-0.0032787625284065396
4.134705348585968,-0.8269575843239868,-0.002107145132441327
4.238072982300618,-0.8269575843239868,-0.0004166806042669656
4.341440616015267,-0.8269575843239868,0.0016514143285739893
4.444808249729916,-0.8269575843239868,0.003942547413801331
4.548175883444565,-0.8269575843239868,0.006238764972531708
4.651543517159214,-0.8269575843239868,0.008210395850649496
4.754911150873865,-0.8269575843239868,0.00940115632220786
4.858278784588514,-0.8269575843239868,0.009272031475691698
4.961646418303163,-0.8269575843239868,0.0073104421118131944
5.065014052017812,-0.8269575843239868,0.003185304769399683
5.168381685732461,-0.8269575843239868,-0.003095333296058605
5.27174931944711,-0.8269575843239868,-0.011079485665611984
5.3751169531617595,-0.8269575843239868,-0.01986808655940165
5.478484586876409,-0.8269575843239868,-0.02823657834284675
5.581852220591058,-0.8269575843239868,-0.0348660027345595
5.685219854305707,-0.8269575843239868,-0.038629940549672004
5.788587488020356,-0.8269575843239868,-0.0388589933243685
5.8919551217350055,-0.8269575843239868,-0.035504021433370815
5.995322755449654,-0.8269575843239868,-0.02914562601422074
6.098690389164305,-0.8269575843239868,-0.020843424992264367
6.202058022878954,-0.8269575843239868,-0.011869746447699045
6.305425656593603,-0.8269575843239868,-0.0034106581921210383
6.408793290308252,-0.8269575843239868,0.0036716820253748787
-6.408793290308252,-0.7235878862834879,-0.0005788737613803439
-6.305425656593603,-0.7235878862834879,0.00616345788364876
-6.202058022878954,-0.7235878862834879,0.011917445379518252
-6.098690389164304,-0.7235878862834879,0.015869002975576835
-5.995322755449655,-0.7235878862834879,0.01710350992215884
-5.8919551217350055,-0.7235878862834879,0.01484958226082667
-5.788587488020356,-0.7235878862834879,0.00878062711613438
-5.685219854305708,-0.7235878862834879,-0.000725659596319872
-5.581852220591058,-0.7235878862834879,-0.012473670231850663
-5.478484586876409,-0.7235878862834879,-0.02455380140919465
-5.3751169531617595,-0.7235878862834879,-0.03467433882142405
-5.27174931944711,-0.7235878862834879,-0.0406590022881724
-5.168381685732461,-0.7235878862834879,-0.040986644056587855
-5.065014052017812,-0.7235878862834879,-0.03522119785760621
-4.961646418303163,-0.7235878862834879,-0.024196688740639235
-4.858278784588514,-0.7235878862834879,-0.009882564744402399
-4.754911150873865,-0.7235878862834879,0.005056782831974301
-4.651543517159215,-0.7235878862834879,0.017903405370440093
-4.548175883444566,-0.7235878862834879,0.026557938960545174
-4.444808249729917,-0.7235878862834879,0.03005472868304018
-4.341440616015267,-0.7235878862834879,0.028770247020646955
-4.238072982300618,-0.7235878862834879,0.024259950583308557
-4.134705348585968,-0.7235878862834879,0.0187662802482107
-4.031337714871319,-0.7235878862834879,0.014538638711724271
-3.9279700811566705,-0.7235878862834879,0.013164395897759102
-3.8246024474420213,-0.7235878862834879,0.015109169712818052
-3.7212348137273725,-0.7235878862834879,0.019603513320213095
-3.6178671800127233,-0.7235878862834879,0.024909220838606697
-3.514499546298074,-0.7235878862834879,0.028883085287544345
-3.411131912583425,-0.7235878862834879,0.029664746707284854
-3.3077642788687753,-0.7235878862834879,0.02627700889318864
-3.204396645154126,-0.7235878862834879,0.018954263031140447
-3.101029011439477,-0.7235878862834879,0.009099502966158272
-2.9976613777248278,-0.7235878862834879,-0.0011134698761606373
-2.8942937440101786,-0.7235878862834879,-0.009365297149118297
-2.790926110295529,-0.7235878862834879,-0.013846364047865259
-2.6875584765808798,-0.7235878862834879,-0.013738059250466002
-2.5841908428662306,-0.7235878862834879,-0.009375007686119067
-2.4808232091515814,-0.7235878862834879,-0.0020492192067875334
-2.3774555754369326,-0.7235878862834879,0.006464706408757979
-2.2740879417222835,-0.7235878862834879,0.014492858537467432
-2.1707203080076334,-0.7235878862834879,0.020949833986901416
-2.067352674292984,-0.7235878862834879,0.025563835408638966
-1.9639850405783352,-0.7235878862834879,0.0287677536832265
-1.8606174068636863,-0.7235878862834879,0.03130892745507792
-1.757249773149037,-0.7235878862834879,0.03374033644221404
-1.6538821394343879,-0.7235878862834879,0.036012978875498654
-1.550514505719738,-0.7235878862834879,0.037369881028198645
-1.447146872005089,-0.7235878862834879,0.03664772934054737
-1.3437792382904399,-0.7235878862834879,0.032948909438191024
-1.2404116045757907,-0.7235878862834879,0.026499229360666572
-1.1370439708611417,-0.7235878862834879,0.019403939042061294
-1.0336763371464925,-0.7235878862834879,0.01599519974141274
-0.9303087034318435,-0.7235878862834879,0.02254268792648197
-0.8269410697171936,-0.7235878862834879,0.04626069786327164
-0.7235734360025445,-0.7235878862834879,0.09374831628278933
-0.6202058022878953,-0.7235878862834879,0.16918674159116037
-0.5168381685732463,-0.7235878862834879,0.2727330993985185
-0.4134705348585972,-0.7235878862834879,0.3995541495756669
-0.31010290114394806,-0.7235878862834879,0.5398267463960741
-0.2067352674292982,-0.7235878862834879,0.6798190216135424
-0.1033676337146491,-0.7235878862834879,0.8039090768721372
0.,-0.7235878862834879,0.8971626105015512
0.1033676337146491,-0.7235878862834879,0.9479395254427101
0.2067352674292982,-0.7235878862834879,0.9499732916454777
0.31010290114394734,-0.7235878862834879,0.9034744212312871
0.4134705348585964,-0.7235878862834879,0.8150248343691431
0.5168381685732455,-0.7235878862834879,0.6962994513535494
0.6202058022878947,-0.7235878862834879,0.5619081814806707
0.7235734360025438,-0.7235878862834879,0.426833338095599
0.8269410697171944,-0.7235878862834879,0.3040028227655059
0.9303087034318435,-0.7235878862834879,0.20247736342823558
1.0336763371464925,-0.7235878862834879,0.1265621052687568
1.1370439708611417,-0.7235878862834879,0.0759255977953227
1.2404116045757907,-0.7235878862834879,0.04658124130990158
1.3437792382904399,-0.7235878862834879,0.03241228642753039
1.447146872005089,-0.7235878862834879,0.026838730202218903
1.550514505719738,-0.7235878862834879,0.024244399394380743
1.6538821394343872,-0.7235878862834879,0.020890022142725884
1.7572497731490362,-0.7235878862834879,0.01519755984067423
1.8606174068636854,-0.7235878862834879,0.007457404261555532
1.9639850405783346,-0.7235878862834879,-0.0008588547145169454
2.0673526742929837,-0.7235878862834879,-0.007930055465548431
2.1707203080076343,-0.7235878862834879,-0.012316882796315664
2.2740879417222835,-0.7235878862834879,-0.013415865066874625
2.3774555754369326,-0.7235878862834879,-0.011562464444666316
2.4808232091515814,-0.7235878862834879,-0.007817782449649643
2.5841908428662306,-0.7235878862834879,-0.0035563815718694207
2.6875584765808798,-0.7235878862834879,-0.000011570492052425031
2.790926110295529,-0.7235878862834879,0.0020757447971922944
2.894293744010178,-0.7235878862834879,0.002608960015252564
2.997661377724827,-0.7235878862834879,0.002064471507493374
3.101029011439476,-0.7235878862834879,0.0012436521948375253
3.2043966451541253,-0.7235878862834879,0.0009438495307955734
3.3077642788687744,-0.7235878862834879,0.001660294088981912
3.411131912583425,-0.7235878862834879,0.003412249212384426
3.514499546298074,-0.7235878862834879,0.005741758627287354
3.6178671800127233,-0.7235878862834879,0.007876992631521775
3.7212348137273725,-0.7235878862834879,0.009001573067583164
3.8246024474420213,-0.7235878862834879,0.008540726362129797
3.9279700811566705,-0.7235878862834879,0.006372500041239217
4.031337714871319,-0.7235878862834879,0.0028971140106590024
4.134705348585968,-0.7235878862834879,-0.0010584028167269913
4.238072982300618,-0.7235878862834879,-0.004473157052874047
4.341440616015267,-0.7235878862834879,-0.006434492057909506
4.444808249729916,-0.7235878862834879,-0.006419989572385612
4.548175883444565,-0.7235878862834879,-0.004475474388532629
4.651543517159214,-0.7235878862834879,-0.0012348736959706386
4.754911150873865,-0.7235878862834879,0.002226816481235356
4.858278784588514,-0.7235878862834879,0.004668313328353584
4.961646418303163,-0.7235878862834879,0.005008880297682028
5.065014052017812,-0.7235878862834879,0.002616839525391692
5.168381685732461,-0.7235878862834879,-0.0025192109587819224
5.27174931944711,-0.7235878862834879,-0.009781401439661571
5.3751169531617595,-0.7235878862834879,-0.018074138982463454
5.478484586876409,-0.7235878862834879,-0.02608921228131198
5.581852220591058,-0.7235878862834879,-0.03260693855483731
5.685219854305707,-0.7235878862834879,-0.03674913572060783
5.788587488020356,-0.7235878862834879,-0.038118574804880886
5.8919551217350055,-0.7235878862834879,-0.03679781457958963
5.995322755449654,-0.7235878862834879,-0.033225604362063114
6.098690389164305,-0.7235878862834879,-0.028006692366282882
6.202058022878954,-0.7235878862834879,-0.02172857549466069
6.305425656593603,-0.7235878862834879,-0.014850585513542656
6.408793290308252,-0.7235878862834879,-0.007699410706476017
-6.408793290308252,-0.6202181882429897,-0.00962578365215617
-6.305425656593603,-0.6202181882429897,-0.0008799541125735016
-6.202058022878954,-0.6202181882429897,0.00776450546425043
-6.098690389164304,-0.6202181882429897,0.014880932328046152
-5.995322755449655,-0.6202181882429897,0.018963159785599874
-5.8919551217350055,-0.6202181882429897,0.018828799258154522
-5.788587488020356,-0.6202181882429897,0.014017239803269558
-5.685219854305708,-0.6202181882429897,0.005051730736682175
-5.581852220591058,-0.6202181882429897,-0.0065379361901220946
-5.478484586876409,-0.6202181882429897,-0.018471457992141317
-5.3751169531617595,-0.6202181882429897,-0.02820907732271311
-5.27174931944711,-0.6202181882429897,-0.03355773404307828
-5.168381685732461,-0.6202181882429897,-0.03322785398255202
-5.065014052017812,-0.6202181882429897,-0.027179653492789092
-4.961646418303163,-0.6202181882429897,-0.016650710375871403
-4.858278784588514,-0.6202181882429897,-0.0038449747715524007
-4.754911150873865,-0.6202181882429897,0.008638440676531167
-4.651543517159215,-0.6202181882429897,0.018480297467871727
-4.548175883444566,-0.6202181882429897,0.024230328386306635
-4.444808249729917,-0.6202181882429897,0.02564331058848766
-4.341440616015267,-0.6202181882429897,0.02366801705369463
-4.238072982300618,-0.6202181882429897,0.02009679614343147
-4.134705348585968,-0.6202181882429897,0.01698352675679588
-4.031337714871319,-0.6202181882429897,0.016005346217872786
-3.9279700811566705,-0.6202181882429897,0.01795811194624179
-3.8246024474420213,-0.6202181882429897,0.02253263802175662
-3.7212348137273725,-0.6202181882429897,0.028431760858643785
-3.6178671800127233,-0.6202181882429897,0.033784316828109125
-3.514499546298074,-0.6202181882429897,0.03672340901157605
-3.411131912583425,-0.6202181882429897,0.03595015455908051
-3.3077642788687753,-0.6202181882429897,0.031114104714329464
-3.204396645154126,-0.6202181882429897,0.022903528837140256
-3.101029011439477,-0.6202181882429897,0.012832149283903896
-2.9976613777248278,-0.6202181882429897,0.002803383792326565
-2.8942937440101786,-0.6202181882429897,-0.0054015380777597795
-2.790926110295529,-0.6202181882429897,-0.010549450799268584
-2.6875584765808798,-0.6202181882429897,-0.012170731002935156
-2.5841908428662306,-0.6202181882429897,-0.010517566294853776
-2.4808232091515814,-0.6202181882429897,-0.006308823203661878
-2.3774555754369326,-0.6202181882429897,-0.0003779144857628357
-2.2740879417222835,-0.6202181882429897,0.006630409846802978
-2.1707203080076334,-0.6202181882429897,0.014392549356254032
-2.067352674292984,-0.6202181882429897,0.022816143771024325
-1.9639850405783352,-0.6202181882429897,0.031768498564326134
-1.8606174068636863,-0.6202181882429897,0.04074648722279037
-1.757249773149037,-0.6202181882429897,0.04865316552923155
-1.6538821394343879,-0.6202181882429897,0.053829925870975674
-1.550514505719738,-0.6202181882429897,0.054418638059106184
-1.447146872005089,-0.6202181882429897,0.049015873799171265
-1.3437792382904399,-0.6202181882429897,0.03746504658757518
-1.2404116045757907,-0.6202181882429897,0.021550116414352227
-1.1370439708611417,-0.6202181882429897,0.005336612304178865
-1.0336763371464925,-0.6202181882429897,-0.005035285448875957
-0.9303087034318435,-0.6202181882429897,-0.002174817970908715
-0.8269410697171936,-0.6202181882429897,0.021211487680153112
-0.7235734360025445,-0.6202181882429897,0.07069736392406592
-0.6202058022878953,-0.6202181882429897,0.14859395419820726
-0.5168381685732463,-0.6202181882429897,0.25286248015548046
-0.4134705348585972,-0.6202181882429897,0.3767854853307528
-0.31010290114394806,-0.6202181882429897,0.509545927291127
-0.2067352674292982,-0.6202181882429897,0.6376641055837476
-0.1033676337146491,-0.6202181882429897,0.7470458383875934
0.,-0.6202181882429897,0.8252498754509541
0.1033676337146491,-0.6202181882429897,0.8635243649712284
0.2067352674292982,-0.6202181882429897,0.8582058286066947
0.31010290114394734,-0.6202181882429897,0.811209048048133
0.4134705348585964,-0.6202181882429897,0.7295300157853415
0.5168381685732455,-0.6202181882429897,0.6238906826035535
0.6202058022878947,-0.6202181882429897,0.5068259153117504
0.7235734360025438,-0.6202181882429897,0.39061207958123106
0.8269410697171944,-0.6202181882429897,0.28544389789490854
0.9303087034318435,-0.6202181882429897,0.19818502742719452
1.0336763371464925,-0.6202181882429897,0.13187192269463835
1.1370439708611417,-0.6202181882429897,0.08597734832309034
1.2404116045757907,-0.6202181882429897,0.057280595632131795
1.3437792382904399,-0.6202181882429897,0.04108104428586356
1.447146872005089,-0.6202181882429897,0.03245113098616399
1.550514505719738,-0.6202181882429897,0.02725695175433381
1.6538821394343872,-0.6202181882429897,0.022765188290342367
1.7572497731490362,-0.6202181882429897,0.017776803068944684
1.8606174068636854,-0.6202181882429897,0.012348879418567476
1.9639850405783346,-0.6202181882429897,0.007257018895155988
2.0673526742929837,-0.6202181882429897,0.003392632602318616
2.1707203080076343,-0.6202181882429897,0.0012768538488369563
2.2740879417222835,-0.6202181882429897,0.0008143255986907419
2.3774555754369326,-0.6202181882429897,0.0013253485272416395
2.4808232091515814,-0.6202181882429897,0.0018085952236046518
2.5841908428662306,-0.6202181882429897,0.0013221323153619609
2.6875584765808798,-0.6202181882429897,-0.0006562128286874601
2.790926110295529,-0.6202181882429897,-0.0040122518677705
2.894293744010178,-0.6202181882429897,-0.007994359281574735
2.997661377724827,-0.6202181882429897,-0.011429317857185456
3.101029011439476,-0.6202181882429897,-0.013088215226684376
3.2043966451541253,-0.6202181882429897,-0.01208910918790157
3.3077642788687744,-0.6202181882429897,-0.008211614287855686
3.411131912583425,-0.6202181882429897,-0.00202456698742311
3.514499546298074,-0.6202181882429897,0.0052166403470713186
3.6178671800127233,-0.6202181882429897,0.01187816336012733
3.7212348137273725,-0.6202181882429897,0.01637533600026311
3.8246024474420213,-0.6202181882429897,0.017598095754088064
3.9279700811566705,-0.6202181882429897,0.015212325217436757
4.031337714871319,-0.6202181882429897,0.009750738189567955
4.134705348585968,-0.6202181882429897,0.002467588363556343
4.238072982300618,-0.6202181882429897,-0.005000640281114975
4.341440616015267,-0.6202181882429897,-0.011071299333675932
4.444808249729916,-0.6202181882429897,-0.014624955413027139
4.548175883444565,-0.6202181882429897,-0.015274824531051076
4.651543517159214,-0.6202181882429897,-0.013426057221319537
4.754911150873865,-0.6202181882429897,-0.01011724632479738
4.858278784588514,-0.6202181882429897,-0.006699523425244251
4.961646418303163,-0.6202181882429897,-0.0044530502714813704
5.065014052017812,-0.6202181882429897,-0.004253614751071954
5.168381685732461,-0.6202181882429897,-0.006380405321092085
5.27174931944711,-0.6202181882429897,-0.01050769688747638
5.3751169531617595,-0.6202181882429897,-0.015864221485775373
5.478484586876409,-0.6202181882429897,-0.021493537766546913
5.581852220591058,-0.6202181882429897,-0.02652270762187759
5.685219854305707,-0.6202181882429897,-0.03035265081860458
5.788587488020356,-0.6202181882429897,-0.03271850620279539
5.8919551217350055,-0.6202181882429897,-0.03361933022234114
5.995322755449654,-0.6202181882429897,-0.033165325022714354
6.098690389164305,-0.6202181882429897,-0.03142016310449684
6.202058022878954,-0.6202181882429897,-0.028315320046080828
6.305425656593603,-0.6202181882429897,-0.02368264046817681
6.408793290308252,-0.6202181882429897,-0.017401390800913158
-6.408793290308252,-0.5168484902024916,-0.01588555538469804
-6.305425656593603,-0.5168484902024916,-0.006753457466266367
-6.202058022878954,-0.5168484902024916,0.0029366894539585853
-6.098690389164304,-0.5168484902024916,0.011587207967272785
-5.995322755449655,-0.5168484902024916,0.017530057044536924
-5.8919551217350055,-0.5168484902024916,0.019443187068809563
-5.788587488020356,-0.5168484902024916,0.016744485400561657
-5.685219854305708,-0.5168484902024916,0.009839666955625392
-5.581852220591058,-0.5168484902024916,0.00013013866030381604
-5.478484586876409,-0.5168484902024916,-0.0102494670011275
-5.3751169531617595,-0.5168484902024916,-0.018914584149633186
-5.27174931944711,-0.5168484902024916,-0.023814040688638228
-5.168381685732461,-0.5168484902024916,-0.023753535760678075
-5.065014052017812,-0.5168484902024916,-0.018707198227784706
-4.961646418303163,-0.5168484902024916,-0.009820259573197402
-4.858278784588514,-0.5168484902024916,0.0009065922343044319
-4.754911150873865,-0.5168484902024916,0.011166627638101466
-4.651543517159215,-0.5168484902024916,0.01897441734690873
-4.548175883444566,-0.5168484902024916,0.023189648354720253
-4.444808249729917,-0.5168484902024916,0.023785227382505075
-4.341440616015267,-0.5168484902024916,0.021783654764092705
-4.238072982300618,-0.5168484902024916,0.01888570677735959
-4.134705348585968,-0.5168484902024916,0.016908419048712243
-4.031337714871319,-0.5168484902024916,0.017206090820767336
-3.9279700811566705,-0.5168484902024916,0.02025066446294193
-3.8246024474420213,-0.5168484902024916,0.025495656917775594
-3.7212348137273725,-0.5168484902024916,0.03155762535707754
-3.6178671800127233,-0.5168484902024916,0.03664990250603738
-3.514499546298074,-0.5168484902024916,0.039126796339511875
-3.411131912583425,-0.5168484902024916,0.0379668124159749
-3.3077642788687753,-0.5168484902024916,0.033049443361563194
-3.204396645154126,-0.5168484902024916,0.025152079234819096
-3.101029011439477,-0.5168484902024916,0.015686935386181215
-2.9976613777248278,-0.5168484902024916,0.006281059552735143
-2.8942937440101786,-0.5168484902024916,-0.0016522830060551946
-2.790926110295529,-0.5168484902024916,-0.007209857881829756
-2.6875584765808798,-0.5168484902024916,-0.01007770811720073
-2.5841908428662306,-0.5168484902024916,-0.010393647265393142
-2.4808232091515814,-0.5168484902024916,-0.008476066577275506
-2.3774555754369326,-0.5168484902024916,-0.004552678682242658
-2.2740879417222835,-0.5168484902024916,0.0013781633126465876
-2.1707203080076334,-0.5168484902024916,0.009474782461273082
-2.067352674292984,-0.5168484902024916,0.01977839975327815
-1.9639850405783352,-0.5168484902024916,0.031841588967710714
-1.8606174068636863,-0.5168484902024916,0.044424855419270125
-1.757249773149037,-0.5168484902024916,0.0554332907944188
-1.6538821394343879,-0.5168484902024916,0.062206701901086105
-1.550514505719738,-0.5168484902024916,0.062167035286533535
-1.447146872005089,-0.5168484902024916,0.053698403999445074
-1.3437792382904399,-0.5168484902024916,0.037028686682653696
-1.2404116045757907,-0.5168484902024916,0.014834843702398433
-1.1370439708611417,-0.5168484902024916,-0.0076718696004025415
-1.0336763371464925,-0.5168484902024916,-0.023312005340404524
-0.9303087034318435,-0.5168484902024916,-0.024121882938168415
-0.8269410697171936,-0.5168484902024916,-0.0029490705722151553
-0.7235734360025445,-0.5168484902024916,0.044879197076336884
-0.6202058022878953,-0.5168484902024916,0.12020526925302333
-0.5168381685732463,-0.5168484902024916,0.21935180813370894
-0.4134705348585972,-0.5168484902024916,0.33430045925948154
-0.31010290114394806,-0.5168484902024916,0.45375024125254365
-0.2067352674292982,-0.5168484902024916,0.5648645502032922
-0.1033676337146491,-0.5168484902024916,0.6553561528214428
0.,-0.5168484902024916,0.7154833247083713
0.1033676337146491,-0.5168484902024916,0.7395551497753089
0.2067352674292982,-0.5168484902024916,0.7266613607697545
0.31010290114394734,-0.5168484902024916,0.6805202027639049
0.4134705348585964,-0.5168484902024916,0.6085309888666904
0.5168381685732455,-0.5168484902024916,0.5202793364714126
0.6202058022878947,-0.5168484902024916,0.425836479114448
0.7235734360025438,-0.5168484902024916,0.3342029209518335
0.8269410697171944,-0.5168484902024916,0.25217658296873735
0.9303087034318435,-0.5168484902024916,0.18380087553623717
1.0336763371464925,-0.5168484902024916,0.1304040918813113
1.1370439708611417,-0.5168484902024916,0.0911142604248398
1.2404116045757907,-0.5168484902024916,0.06365086531321155
1.3437792382904399,-0.5168484902024916,0.045170034109423336
1.447146872005089,-0.5168484902024916,0.03297038450972778
1.550514505719738,-0.5168484902024916,0.024937047329598946
1.6538821394343872,-0.5168484902024916,0.01968836799237797
1.7572497731490362,-0.5168484902024916,0.016469779017677325
1.8606174068636854,-0.5168484902024916,0.014894039694901289
1.9639850405783346,-0.5168484902024916,0.014647189567022592
2.0673526742929837,-0.5168484902024916,0.01526573820654732
2.1707203080076343,-0.5168484902024916,0.016051507304272704
2.2740879417222835,-0.5168484902024916,0.01613957620936935
2.3774555754369326,-0.5168484902024916,0.0146862232120547
2.4808232091515814,-0.5168484902024916,0.011109325471969946
2.5841908428662306,-0.5168484902024916,0.005300345846747734
2.6875584765808798,-0.5168484902024916,-0.002263830769160232
2.790926110295529,-0.5168484902024916,-0.010553149055747378
2.894293744010178,-0.5168484902024916,-0.01816585500560769
2.997661377724827,-0.5168484902024916,-0.02362418220572708
3.101029011439476,-0.5168484902024916,-0.025717432465286332
3.2043966451541253,-0.5168484902024916,-0.023809837648601905
3.3077642788687744,-0.5168484902024916,-0.018034959734406594
3.411131912583425,-0.5168484902024916,-0.009322501538836294
3.514499546298074,-0.5168484902024916,0.0007578669532483921
3.6178671800127233,-0.5168484902024916,0.010306676129160357
3.7212348137273725,-0.5168484902024916,0.017490703742659704
3.8246024474420213,-0.5168484902024916,0.02093318713489927
3.9279700811566705,-0.5168484902024916,0.02000527733761171
4.031337714871319,-0.5168484902024916,0.014948332007794997
4.134705348585968,-0.5168484902024916,0.006797896537326027
4.238072982300618,-0.5168484902024916,-0.0028701910248193664
4.341440616015267,-0.5168484902024916,-0.012306409194552063
4.444808249729916,-0.5168484902024916,-0.019974183765110044
4.548175883444565,-0.5168484902024916,-0.02486132691628864
4.651543517159214,-0.5168484902024916,-0.026644333683701647
4.754911150873865,-0.5168484902024916,-0.025675870940271475
4.858278784588514,-0.5168484902024916,-0.022814653106643348
4.961646418303163,-0.5168484902024916,-0.01915789683389288
5.065014052017812,-0.5168484902024916,-0.01575774123798457
5.168381685732461,-0.5168484902024916,-0.013398764434934615
5.27174931944711,-0.5168484902024916,-0.01248651952377819
5.3751169531617595,-0.5168484902024916,-0.013056699293538077
5.478484586876409,-0.5168484902024916,-0.014875045954806015
5.581852220591058,-0.5168484902024916,-0.017572757819581807
5.685219854305707,-0.5168484902024916,-0.020759029875797023
5.788587488020356,-0.5168484902024916,-0.024071584876675996
5.8919551217350055,-0.5168484902024916,-0.027159572577128213
5.995322755449654,-0.5168484902024916,-0.02962768457708248
6.098690389164305,-0.5168484902024916,-0.03099186509913713
6.202058022878954,-0.5168484902024916,-0.030696310974197238
6.305425656593603,-0.5168484902024916,-0.028217522840237184
6.408793290308252,-0.5168484902024916,-0.023242021168976598
-6.408793290308252,-0.4134787921619934,-0.01771380139043141
-6.305425656593603,-0.4134787921619934,-0.009706166264220752
-6.202058022878954,-0.4134787921619934,-0.0010243151512477962
-6.098690389164304,-0.4134787921619934,0.007028524874673888
-5.995322755449655,-0.4134787921619934,0.01312392880378522
-5.8919551217350055,-0.4134787921619934,0.016181428663002418
-5.788587488020356,-0.4134787921619934,0.015639392907583895
-5.685219854305708,-0.4134787921619934,0.011647968019450967
-5.581852220591058,-0.4134787921619934,0.005114052543397583
-5.478484586876409,-0.4134787921619934,-0.002440423662458749
-5.3751169531617595,-0.4134787921619934,-0.00919508232764931
-5.27174931944711,-0.4134787921619934,-0.013455498733389264
-5.168381685732461,-0.4134787921619934,-0.014076921516989388
-5.065014052017812,-0.4134787921619934,-0.01076701194925401
-4.961646418303163,-0.4134787921619934,-0.004172573754496921
-4.858278784588514,-0.4134787921619934,0.004287008067127152
-4.754911150873865,-0.4134787921619934,0.012802756650324855
-4.651543517159215,-0.4134787921619934,0.019671071092687457
-4.548175883444566,-0.4134787921619934,0.02375763879113507
-4.444808249729917,-0.4134787921619934,0.024791903004040345
-4.341440616015267,-0.4134787921619934,0.023402230285624426
-4.238072982300618,-0.4134787921619934,0.02088047166555974
-4.134705348585968,-0.4134787921619934,0.018748745845889567
-4.031337714871319,-0.4134787921619934,0.018263793616040372
-3.9279700811566705,-0.4134787921619934,0.020014263046304853
-3.8246024474420213,-0.4134787921619934,0.023736456370171573
-3.7212348137273725,-0.4134787921619934,0.028403523311311622
-3.6178671800127233,-0.4134787921619934,0.032554734841563626
-3.514499546298074,-0.4134787921619934,0.03475455517593375
-3.411131912583425,-0.4134787921619934,0.03403147447617501
-3.3077642788687753,-0.4134787921619934,0.03015730945209694
-3.204396645154126,-0.4134787921619934,0.023685075751413934
-3.101029011439477,-0.4134787921619934,0.015747606049231543
-2.9976613777248278,-0.4134787921619934,0.007700426279657096
-2.8942937440101786,-0.4134787921619934,0.0007423395248400932
-2.790926110295529,-0.4134787921619934,-0.0043520836243546475
-2.6875584765808798,-0.4134787921619934,-0.007302685381761747
-2.5841908428662306,-0.4134787921619934,-0.00819178315014898
-2.4808232091515814,-0.4134787921619934,-0.007207992915161129
-2.3774555754369326,-0.4134787921619934,-0.004396812078727516
-2.2740879417222835,-0.4134787921619934,0.00044936551255869256
-2.1707203080076334,-0.4134787921619934,0.007682648482102492
-2.067352674292984,-0.4134787921619934,0.017485256838740176
-1.9639850405783352,-0.4134787921619934,0.029460104516012265
-1.8606174068636863,-0.4134787921619934,0.04230375819355984
-1.757249773149037,-0.4134787921619934,0.05374532043005977
-1.6538821394343879,-0.4134787921619934,0.06087050856083956
-1.550514505719738,-0.4134787921619934,0.06082985899942795
-1.447146872005089,-0.4134787921619934,0.05178919003250513
-1.3437792382904399,-0.4134787921619934,0.03386554716122694
-1.2404116045757907,-0.4134787921619934,0.009745049598842781
-1.1370439708611417,-0.4134787921619934,-0.015275991699600719
-1.0336763371464925,-0.4134787921619934,-0.03395270274109742
-0.9303087034318435,-0.4134787921619934,-0.03839426983689077
-0.8269410697171936,-0.4134787921619934,-0.021755282276114594
-0.7235734360025445,-0.4134787921619934,0.02007274043758825
-0.6202058022878953,-0.4134787921619934,0.0871960002198243
-0.5168381685732463,-0.4134787921619934,0.17522785048127001
-0.4134705348585972,-0.4134787921619934,0.2757443840430434
-0.31010290114394806,-0.4134787921619934,0.37762657817328465
-0.2067352674292982,-0.4134787921619934,0.46900709877255886
-0.1033676337146491,-0.4134787921619934,0.5393873618020423
0.,-0.4134787921619934,0.5814496592788678
0.1033676337146491,-0.4134787921619934,0.5921706107939039
0.2067352674292982,-0.4134787921619934,0.5730221920140829
0.31010290114394734,-0.4134787921619934,0.5292744604681887
0.4134705348585964,-0.4134787921619934,0.4686273335267668
0.5168381685732455,-0.4134787921619934,0.39954123127744806
0.6202058022878947,-0.4134787921619934,0.32967411506844063
0.7235734360025438,-0.4134787921619934,0.2647623802280133
0.8269410697171944,-0.4134787921619934,0.20813235351347897
0.9303087034318435,-0.4134787921619934,0.1608456159049518
1.0336763371464925,-0.4134787921619934,0.12231838189203897
1.1370439708611417,-0.4134787921619934,0.0911557848441409
1.2404116045757907,-0.4134787921619934,0.06592715900500754
1.3437792382904399,-0.4134787921619934,0.04567287079420053
1.447146872005089,-0.4134787921619934,0.030048991881347905
1.550514505719738,-0.4134787921619934,0.01914299342186745
1.6538821394343872,-0.4134787921619934,0.013092542174398192
1.7572497731490362,-0.4134787921619934,0.01168399091324852
1.8606174068636854,-0.4134787921619934,0.014090360332693517
1.9639850405783346,-0.4134787921619934,0.01884317429124486
2.0673526742929837,-0.4134787921619934,0.024044675489892503
2.1707203080076343,-0.4134787921619934,0.027746865188373524
2.2740879417222835,-0.4134787921619934,0.028375638363392745
2.3774555754369326,-0.4134787921619934,0.025073252408264753
2.4808232091515814,-0.4134787921619934,0.01786673144011742
2.5841908428662306,-0.4134787921619934,0.0076278860645443035
2.6875584765808798,-0.4134787921619934,-0.004148642564014062
2.790926110295529,-0.4134787921619934,-0.015678428314593932
2.894293744010178,-0.4134787921619934,-0.02524314636861948
2.997661377724827,-0.4134787921619934,-0.031491207158691775
3.101029011439476,-0.4134787921619934,-0.03363413799890514
3.2043966451541253,-0.4134787921619934,-0.03152456551189553
3.3077642788687744,-0.4134787921619934,-0.0256298936592427
3.411131912583425,-0.4134787921619934,-0.016930176588336707
3.514499546298074,-0.4134787921619934,-0.006768970056073126
3.6178671800127233,-0.4134787921619934,0.0033223646583982417
3.7212348137273725,-0.4134787921619934,0.011815316740299734
3.8246024474420213,-0.4134787921619934,0.017381174023794913
3.9279700811566705,-0.4134787921619934,0.019080434194160015
4.031337714871319,-0.4134787921619934,0.016520703716291087
4.134705348585968,-0.4134787921619934,0.009950682719310426
4.238072982300618,-0.4134787921619934,0.00025820533804845757
4.341440616015267,-0.4134787921619934,-0.011146536287970564
4.444808249729916,-0.4134787921619934,-0.022556830856705342
4.548175883444565,-0.4134787921619934,-0.03226916522691075
4.651543517159214,-0.4134787921619934,-0.03889717373249516
4.754911150873865,-0.4134787921619934,-0.0416299262080592
4.858278784588514,-0.4134787921619934,-0.04037370982143505
4.961646418303163,-0.4134787921619934,-0.03574351370482891
5.065014052017812,-0.4134787921619934,-0.02890795381540691
5.168381685732461,-0.4134787921619934,-0.02132806993884104
5.27174931944711,-0.4134787921619934,-0.01445510940270147
5.3751169531617595,-0.4134787921619934,-0.009457938226929561
5.478484586876409,-0.4134787921619934,-0.007036419319288794
5.581852220591058,-0.4134787921619934,-0.007348843646827276
5.685219854305707,-0.4134787921619934,-0.01004940590537727
5.788587488020356,-0.4134787921619934,-0.014406331900036706
5.8919551217350055,-0.4134787921619934,-0.01945974485821093
5.995322755449654,-0.4134787921619934,-0.02418204472218336
6.098690389164305,-0.4134787921619934,-0.02761790745007735
6.202058022878954,-0.4134787921619934,-0.028997756559773307
6.305425656593603,-0.4134787921619934,-0.027829449025671683
6.408793290308252,-0.4134787921619934,-0.02397322825254865
-6.408793290308252,-0.31010909412149523,-0.014506801560137943
-6.305425656593603,-0.31010909412149523,-0.00867257564401811
-6.202058022878954,-0.31010909412149523,-0.002755906155771758
-6.098690389164304,-0.31010909412149523,0.0026200539440432
-5.995322755449655,-0.31010909412149523,0.006920959010422635
-5.8919551217350055,-0.31010909412149523,0.009700444696160758
-5.788587488020356,-0.31010909412149523,0.010639345640373327
-5.685219854305708,-0.31010909412149523,0.009631869784756641
-5.581852220591058,-0.31010909412149523,0.006888126250872949
-5.478484586876409,-0.31010909412149523,0.002997015874413533
-5.3751169531617595,-0.31010909412149523,-0.001106405286761265
-5.27174931944711,-0.31010909412149523,-0.004296639499572293
-5.168381685732461,-0.31010909412149523,-0.005516941922865238
-5.065014052017812,-0.31010909412149523,-0.004074735020142074
-4.961646418303163,-0.31010909412149523,0.00012208307529649234
-4.858278784588514,-0.31010909412149523,0.006477835584295151
-4.754911150873865,-0.31010909412149523,0.013820061560195569
-4.651543517159215,-0.31010909412149523,0.020694302715821473
-4.548175883444566,-0.31010909412149523,0.025763095641481094
-4.444808249729917,-0.31010909412149523,0.028187256902412288
-4.341440616015267,-0.31010909412149523,0.027865166969119403
-4.238072982300618,-0.31010909412149523,0.0254468153756306
-4.134705348585968,-0.31010909412149523,0.022111639417390673
-4.031337714871319,-0.31010909412149523,0.019178473780484925
-3.9279700811566705,-0.31010909412149523,0.017674400473608024
-3.8246024474420213,-0.31010909412149523,0.018005508127635968
-3.7212348137273725,-0.31010909412149523,0.0198395352699483
-3.6178671800127233,-0.31010909412149523,0.02223855786725451
-3.514499546298074,-0.31010909412149523,0.023993978942569057
-3.411131912583425,-0.31010909412149523,0.024046432365151586
-3.3077642788687753,-0.31010909412149523,0.021844930497205955
-3.204396645154126,-0.31010909412149523,0.017523243466505353
-3.101029011439477,-0.31010909412149523,0.011838918231575521
-2.9976613777248278,-0.31010909412149523,0.005907144920402573
-2.8942937440101786,-0.31010909412149523,0.0008358684335145846
-2.790926110295529,-0.31010909412149523,-0.002597791243705329
-2.6875584765808798,-0.31010909412149523,-0.004109909233375312
-2.5841908428662306,-0.31010909412149523,-0.0038582290899248474
-2.4808232091515814,-0.31010909412149523,-0.002213282847701211
-2.3774555754369326,-0.31010909412149523,0.0005346050054579825
-2.2740879417222835,-0.31010909412149523,0.004386410706434478
-2.1707203080076334,-0.31010909412149523,0.009644764922947389
-2.067352674292984,-0.31010909412149523,0.01668555125991714
-1.9639850405783352,-0.31010909412149523,0.025559398979272903
-1.8606174068636863,-0.31010909412149523,0.03558394545404631
-1.757249773149037,-0.31010909412149523,0.04512698244746417
-1.6538821394343879,-0.31010909412149523,0.051744624267071763
-1.550514505719738,-0.31010909412149523,0.052731211286744066
-1.447146872005089,-0.31010909412149523,0.04598949962674786
-1.3437792382904399,-0.31010909412149523,0.03098976597778202
-1.2404116045757907,-0.31010909412149523,0.00950617810674609
-1.1370439708611417,-0.31010909412149523,-0.01416592313043762
-1.0336763371464925,-0.31010909412149523,-0.03369068466377209
-0.9303087034318435,-0.31010909412149523,-0.04185688805291291
-0.8269410697171936,-0.31010909412149523,-0.03220187780934148
-0.7235734360025445,-0.31010909412149523,-0.0007025151038793057
-0.6202058022878953,-0.31010909412149523,0.05292203169135073
-0.5168381685732463,-0.31010909412149523,0.12468389202486628
-0.4134705348585972,-0.31010909412149523,0.20677882164158784
-0.31010290114394806,-0.31010909412149523,0.2889637241772293
-0.2067352674292982,-0.31010909412149523,0.3605527846244897
-0.1033676337146491,-0.31010909412149523,0.4125500629015352
0.,-0.31010909412149523,0.43939178230250603
0.1033676337146491,-0.31010909412149523,0.43987318699498973
0.2067352674292982,-0.31010909412149523,0.4170545256589056
0.31010290114394734,-0.31010909412149523,0.37721492530845435
0.4134705348585964,-0.31010909412149523,0.3281720662058297
0.5168381685732455,-0.31010909412149523,0.2774382738923569
0.6202058022878947,-0.31010909412149523,0.23069836236946362
0.7235734360025438,-0.31010909412149523,0.19097177956617864
0.8269410697171944,-0.31010909412149523,0.15860283752090476
0.9303087034318435,-0.31010909412149523,0.13197688304990973
1.0336763371464925,-0.31010909412149523,0.10866142716962944
1.1370439708611417,-0.31010909412149523,0.08657617487063428
1.2404116045757907,-0.31010909412149523,0.06482687613524836
1.3437792382904399,-0.31010909412149523,0.04397741677509949
1.447146872005089,-0.31010909412149523,0.025732487292783483
1.550514505719738,-0.31010909412149523,0.012194113722380696
1.6538821394343872,-0.31010909412149523,0.004979978347083606
1.7572497731490362,-0.31010909412149523,0.004515003131481344
1.8606174068636854,-0.31010909412149523,0.009729581373705071
1.9639850405783346,-0.31010909412149523,0.01825008718258608
2.0673526742929837,-0.31010909412149523,0.027002151917689312
2.1707203080076343,-0.31010909412149523,0.03301914579629687
2.2740879417222835,-0.31010909412149523,0.03419614826400706
2.3774555754369326,-0.31010909412149523,0.029764852347009374
2.4808232091515814,-0.31010909412149523,0.02036934371327193
2.5841908428662306,-0.31010909412149523,0.0077569977984003865
2.6875584765808798,-0.31010909412149523,-0.005783637662420089
2.790926110295529,-0.31010909412149523,-0.018042555655295726
2.894293744010178,-0.31010909412149523,-0.02737699304846174
2.997661377724827,-0.31010909412149523,-0.03294879544839435
3.101029011439476,-0.31010909412149523,-0.034690559489742784
3.2043966451541253,-0.31010909412149523,-0.0330751613972533
3.3077642788687744,-0.31010909412149523,-0.028818856944204704
3.411131912583425,-0.31010909412149523,-0.022648354550832733
3.514499546298074,-0.31010909412149523,-0.015212088565623777
3.6178671800127233,-0.31010909412149523,-0.007138704375081883
3.7212348137273725,-0.31010909412149523,0.0008262816144834211
3.8246024474420213,-0.31010909412149523,0.007712848444011248
3.9279700811566705,-0.31010909412149523,0.012344732960287517
4.031337714871319,-0.31010909412149523,0.013526219927060067
4.134705348585968,-0.31010909412149523,0.010363625763121886
4.238072982300618,-0.31010909412149523,0.002619327988405144
4.341440616015267,-0.31010909412149523,-0.00903635577056813
4.444808249729916,-0.31010909412149523,-0.02299240358976562
4.548175883444565,-0.31010909412149523,-0.036936434031573116
4.651543517159214,-0.31010909412149523,-0.04833020741729742
4.754911150873865,-0.31010909412149523,-0.05500231457601571
4.858278784588514,-0.31010909412149523,-0.055691514316361795
4.961646418303163,-0.31010909412149523,-0.05037967196157458
5.065014052017812,-0.31010909412149523,-0.04031126325449192
5.168381685732461,-0.31010909412149523,-0.027688428166179335
5.27174931944711,-0.31010909412149523,-0.015126574077592134
5.3751169531617595,-0.31010909412149523,-0.005024419459881508
5.478484586876409,-0.31010909412149523,0.000977473019642974
5.581852220591058,-0.31010909412149523,0.00230919037501993
5.685219854305707,-0.31010909412149523,-0.0005110506422484197
5.788587488020356,-0.31010909412149523,-0.006130882846078716
5.8919551217350055,-0.31010909412149523,-0.012790313960609005
5.995322755449654,-0.31010909412149523,-0.018783697648198042
6.098690389164305,-0.31010909412149523,-0.022828072122558912
6.202058022878954,-0.31010909412149523,-0.024255901516150653
6.305425656593603,-0.31010909412149523,-0.023016698302404683
6.408793290308252,-0.31010909412149523,-0.019533159442217375
-6.408793290308252,-0.20673939608099706,-0.006802632385139022
-6.305425656593603,-0.20673939608099706,-0.0035108262709435158
-6.202058022878954,-0.20673939608099706,-0.0013943917222224618
-6.098690389164304,-0.20673939608099706,-0.0001736295319242058
-5.995322755449655,-0.20673939608099706,0.0007078815893829732
-5.8919551217350055,-0.20673939608099706,0.001732797952690885
-5.788587488020356,-0.20673939608099706,0.003047535901710766
-5.685219854305708,-0.20673939608099706,0.004397089095922423
-5.581852220591058,-0.20673939608099706,0.005277355270534984
-5.478484586876409,-0.20673939608099706,0.005231184595333593
-5.3751169531617595,-0.20673939608099706,0.004152514152506289
-5.27174931944711,-0.20673939608099706,0.0024572066709212886
-5.168381685732461,-0.20673939608099706,0.0010314906539277283
-5.065014052017812,-0.20673939608099706,0.0009586307537499506
-4.961646418303163,-0.20673939608099706,0.0031165624737733793
-4.858278784588514,-0.20673939608099706,0.007797523209453596
-4.754911150873865,-0.20673939608099706,0.014501701816414473
-4.651543517159215,-0.20673939608099706,0.021998797802056463
-4.548175883444566,-0.20673939608099706,0.02865486914397809
-4.444808249729917,-0.20673939608099706,0.03292263865296719
-4.341440616015267,-0.20673939608099706,0.033828876233782265
-4.238072982300618,-0.20673939608099706,0.031287588177216205
-4.134705348585968,-0.20673939608099706,0.02612565941169759
-4.031337714871319,-0.20673939608099706,0.019808105804183927
-3.9279700811566705,-0.20673939608099706,0.013956875600671988
-3.8246024474420213,-0.20673939608099706,0.009831044995354763
-3.7212348137273725,-0.20673939608099706,0.007949814593000782
-3.6178671800127233,-0.20673939608099706,0.007987470238500178
-3.514499546298074,-0.20673939608099706,0.008970242334566761
-3.411131912583425,-0.20673939608099706,0.009695158022658
-3.3077642788687753,-0.20673939608099706,0.009211127250352138
-3.204396645154126,-0.20673939608099706,0.007182375846527928
-3.101029011439477,-0.20673939608099706,0.004001581917404161
-2.9976613777248278,-0.20673939608099706,0.0006170923924545181
-2.8942937440101786,-0.20673939608099706,-0.0018511832394410216
-2.790926110295529,-0.20673939608099706,-0.0025512504089096563
-2.6875584765808798,-0.20673939608099706,-0.0012171539990877102
-2.5841908428662306,-0.20673939608099706,0.0017620948619124872
-2.4808232091515814,-0.20673939608099706,0.005549735124163177
-2.3774555754369326,-0.20673939608099706,0.009257034934423687
-2.2740879417222835,-0.20673939608099706,0.01235704443148908
-2.1707203080076334,-0.20673939608099706,0.014929039314910129
-2.067352674292984,-0.20673939608099706,0.017606574855332756
-1.9639850405783352,-0.20673939608099706,0.021220216231801346
-1.8606174068636863,-0.20673939608099706,0.026259210820873118
-1.757249773149037,-0.20673939608099706,0.03237271747983235
-1.6538821394343879,-0.20673939608099706,0.03814894233113444
-1.550514505719738,-0.20673939608099706,0.04133452767655292
-1.447146872005089,-0.20673939608099706,0.03950595037533372
-1.3437792382904399,-0.20673939608099706,0.031028408250511886
-1.2404116045757907,-0.20673939608099706,0.015998656193801256
-1.1370439708611417,-0.20673939608099706,-0.0031783322185588016
-1.0336763371464925,-0.20673939608099706,-0.021856219649942516
-0.9303087034318435,-0.20673939608099706,-0.03395587940423543
-0.8269410697171936,-0.20673939608099706,-0.03337970825924958
-0.7235734360025445,-0.20673939608099706,-0.01568094135438783
-0.6202058022878953,-0.20673939608099706,0.02048450741314132
-0.5168381685732463,-0.20673939608099706,0.07257725800578878
-0.4134705348585972,-0.20673939608099706,0.1343546553154019
-0.31010290114394806,-0.20673939608099706,0.19703654541545815
-0.2067352674292982,-0.20673939608099706,0.25119260146852995
-0.1033676337146491,-0.20673939608099706,0.2888646307257862
0.,-0.20673939608099706,0.30535270280894733
0.1033676337146491,-0.20673939608099706,0.3001777211903704
0.2067352674292982,-0.20673939608099706,0.2769633485645102
0.31010290114394734,-0.20673939608099706,0.24228872290362294
0.4134705348585964,-0.20673939608099706,0.20385654475013099
0.5168381685732455,-0.20673939608099706,0.16850944121812328
0.6202058022878947,-0.20673939608099706,0.1406542091769945
0.7235734360025438,-0.20673939608099706,0.12151248778308121
0.8269410697171944,-0.20673939608099706,0.10935392401141245
0.9303087034318435,-0.20673939608099706,0.10056758892244935
1.0336763371464925,-0.20673939608099706,0.09118315072530817
1.1370439708611417,-0.20673939608099706,0.07833918329275018
1.2404116045757907,-0.20673939608099706,0.0612429942958875
1.3437792382904399,-0.20673939608099706,0.041353495749950654
1.447146872005089,-0.20673939608099706,0.021780978913658353
1.550514505719738,-0.20673939608099706,0.006148491877194244
1.6538821394343872,-0.20673939608099706,-0.002680917106543466
1.7572497731490362,-0.20673939608099706,-0.0035856987169743167
1.8606174068636854,-0.20673939608099706,0.002431727439656079
1.9639850405783346,-0.20673939608099706,0.012557875428980255
2.0673526742929837,-0.20673939608099706,0.023041287648868782
2.1707203080076343,-0.20673939608099706,0.030316036031639196
2.2740879417222835,-0.20673939608099706,0.03200279217497534
2.3774555754369326,-0.20673939608099706,0.027478091714359842
2.4808232091515814,-0.20673939608099706,0.0178643416537404
2.5841908428662306,-0.20673939608099706,0.005493716627264185
2.6875584765808798,-0.20673939608099706,-0.006931542449317011
2.790926110295529,-0.20673939608099706,-0.017177546394390956
2.894293744010178,-0.20673939608099706,-0.024038772912776746
2.997661377724827,-0.20673939608099706,-0.027464343272777393
3.101029011439476,-0.20673939608099706,-0.028262907254661483
3.2043966451541253,-0.20673939608099706,-0.027550024492444473
3.3077642788687744,-0.20673939608099706,-0.026183739487474544
3.411131912583425,-0.20673939608099706,-0.024419670252079483
3.514499546298074,-0.20673939608099706,-0.021915605706648834
3.6178671800127233,-0.20673939608099706,-0.018067931576764305
3.7212348137273725,-0.20673939608099706,-0.012524735263980069
3.8246024474420213,-0.20673939608099706,-0.00564491703399
3.9279700811566705,-0.20673939608099706,0.0013126977304406165
4.031337714871319,-0.20673939608099706,0.006386619587956626
4.134705348585968,-0.20673939608099706,0.007464655243539763
4.238072982300618,-0.20673939608099706,0.0030169247304030746
4.341440616015267,-0.20673939608099706,-0.007246851157527608
4.444808249729916,-0.20673939608099706,-0.022044901604940496
4.548175883444565,-0.20673939608099706,-0.038666681200571935
4.651543517159214,-0.20673939608099706,-0.05358659417241725
4.754911150873865,-0.20673939608099706,-0.06338232320169
4.858278784588514,-0.20673939608099706,-0.06568266036803928
4.961646418303163,-0.20673939608099706,-0.05985021248051277
5.065014052017812,-0.20673939608099706,-0.04718231876441447
5.168381685732461,-0.20673939608099706,-0.030563428787501245
5.27174931944711,-0.20673939608099706,-0.01367411114806959
5.3751169531617595,-0.20673939608099706,1.2517246901378e-6
5.478484586876409,-0.20673939608099706,0.008068824436158672
5.581852220591058,-0.20673939608099706,0.00976219994703962
5.685219854305707,-0.20673939608099706,0.005983412215289599
5.788587488020356,-0.20673939608099706,-0.0011300094453792868
5.8919551217350055,-0.20673939608099706,-0.008944598606863184
5.995322755449654,-0.20673939608099706,-0.0151263009200793
6.098690389164305,-0.20673939608099706,-0.018243671931280528
6.202058022878954,-0.20673939608099706,-0.0180144233345092
6.305425656593603,-0.20673939608099706,-0.01516201395836214
6.408793290308252,-0.20673939608099706,-0.010980529462139997
-6.408793290308252,-0.10336969804049892,0.003882405039118274
-6.305425656593603,-0.10336969804049892,0.004961575857013113
-6.202058022878954,-0.10336969804049892,0.003187076083255452
-6.098690389164304,-0.10336969804049892,-0.00024030577482050272
-5.995322755449655,-0.10336969804049892,-0.0036073743849626594
-5.8919551217350055,-0.10336969804049892,-0.005392728922126496
-5.788587488020356,-0.10336969804049892,-0.0048428708972277435
-5.685219854305708,-0.10336969804049892,-0.0022085173717707354
-5.581852220591058,-0.10336969804049892,0.0014328363431806413
-5.478484586876409,-0.10336969804049892,0.004681712230374
-5.3751169531617595,-0.10336969804049892,0.0064393610949114105
-5.27174931944711,-0.10336969804049892,0.006397959091238656
-5.168381685732461,-0.10336969804049892,0.005202529778276781
-5.065014052017812,-0.10336969804049892,0.004217186494044186
-4.961646418303163,-0.10336969804049892,0.004981397066457324
-4.858278784588514,-0.10336969804049892,0.008562299604342611
-4.754911150873865,-0.10336969804049892,0.015051782539903098
-4.651543517159215,-0.10336969804049892,0.023406308166459888
-4.548175883444566,-0.10336969804049892,0.03170222183181715
-4.444808249729917,-0.10336969804049892,0.0377259885173586
-4.341440616015267,-0.10336969804049892,0.039694166169471926
-4.238072982300618,-0.10336969804049892,0.03684804798298608
-4.134705348585968,-0.10336969804049892,0.029711274521357797
-4.031337714871319,-0.10336969804049892,0.019919459983666687
-3.9279700811566705,-0.10336969804049892,0.009684644670104133
-3.8246024474420213,-0.10336969804049892,0.0010877043261546288
-3.7212348137273725,-0.10336969804049892,-0.004549061225896182
-3.6178671800127233,-0.10336969804049892,-0.00699052641125772
-3.514499546298074,-0.10336969804049892,-0.007013345641662116
-3.411131912583425,-0.10336969804049892,-0.005972319091880423
-3.3077642788687753,-0.10336969804049892,-0.005186374009215475
-3.204396645154126,-0.10336969804049892,-0.005385950112949153
-3.101029011439477,-0.10336969804049892,-0.006435396058542916
-2.9976613777248278,-0.10336969804049892,-0.007434264561111121
-2.8942937440101786,-0.10336969804049892,-0.0071515819737706845
-2.790926110295529,-0.10336969804049892,-0.0046143525816542295
-2.6875584765808798,-0.10336969804049892,0.00039282514340497075
-2.5841908428662306,-0.10336969804049892,0.007129857689690376
-2.4808232091515814,-0.10336969804049892,0.014102241807524788
-2.3774555754369326,-0.10336969804049892,0.019599989466858418
-2.2740879417222835,-0.10336969804049892,0.022372216605183175
-2.1707203080076334,-0.10336969804049892,0.022167403833322535
-2.067352674292984,-0.10336969804049892,0.019904818744504806
-1.9639850405783352,-0.10336969804049892,0.017373295536412987
-1.8606174068636863,-0.10336969804049892,0.01653465014765723
-1.757249773149037,-0.10336969804049892,0.018673989017249707
-1.6538821394343879,-0.10336969804049892,0.023723758431244114
-1.550514505719738,-0.10336969804049892,0.030054550377725076
-1.447146872005089,-0.10336969804049892,0.034877169253875726
-1.3437792382904399,-0.10336969804049892,0.03518372118563868
-1.2404116045757907,-0.10336969804049892,0.028945102661081655
-1.1370439708611417,-0.10336969804049892,0.016155495377256017
-1.0336763371464925,-0.10336969804049892,-0.0006764243561518334
-0.9303087034318435,-0.10336969804049892,-0.01683769645701857
-0.8269410697171936,-0.10336969804049892,-0.026518536115422438
-0.7235734360025445,-0.10336969804049892,-0.02444098839124489
-0.6202058022878953,-0.10336969804049892,-0.007533343644485228
-0.5168381685732463,-0.10336969804049892,0.023879734707836987
-0.4134705348585972,-0.10336969804049892,0.0657845189627254
-0.31010290114394806,-0.10336969804049892,0.11123753205148793
-0.2067352674292982,-0.10336969804049892,0.15200970216092535
-0.1033676337146491,-0.10336969804049892,0.18066581320547795
0.,-0.10336969804049892,0.19247965884763146
0.1033676337146491,-0.10336969804049892,0.18661980672035772
0.2067352674292982,-0.10336969804049892,0.16625312829320865
0.31010290114394734,-0.10336969804049892,0.13753852090368873
0.4134705348585964,-0.10336969804049892,0.10781927266392381
0.5168381685732455,-0.10336969804049892,0.0835626022489943
0.6202058022878947,-0.10336969804049892,0.06866281800484547
0.7235734360025438,-0.10336969804049892,0.06359956502354042
0.8269410697171944,-0.10336969804049892,0.06566632662464665
0.9303087034318435,-0.10336969804049892,0.0701467722468967
1.0336763371464925,-0.10336969804049892,0.07202648949209302
1.1370439708611417,-0.10336969804049892,0.06767686877450538
1.2404116045757907,-0.10336969804049892,0.05598133031937485
1.3437792382904399,-0.10336969804049892,0.03857574351214898
1.447146872005089,-0.10336969804049892,0.01917433222247489
1.550514505719738,-0.10336969804049892,0.002248971787961121
1.6538821394343872,-0.10336969804049892,-0.008473263427912351
1.7572497731490362,-0.10336969804049892,-0.011193165072998877
1.8606174068636854,-0.10336969804049892,-0.006532161007836065
1.9639850405783346,-0.10336969804049892,0.0027891622166724243
2.0673526742929837,-0.10336969804049892,0.012934160544800613
2.1707203080076343,-0.10336969804049892,0.020230013676850712
2.2740879417222835,-0.10336969804049892,0.02230053787845649
2.3774555754369326,-0.10336969804049892,0.018683403049508582
2.4808232091515814,-0.10336969804049892,0.010760516839393247
2.5841908428662306,-0.10336969804049892,0.0010765318398124645
2.6875584765808798,-0.10336969804049892,-0.007671804307659827
2.790926110295529,-0.10336969804049892,-0.01359430954761175
2.894293744010178,-0.10336969804049892,-0.016174067591434586
2.997661377724827,-0.10336969804049892,-0.01626312852172699
3.101029011439476,-0.10336969804049892,-0.015547194584518689
3.2043966451541253,-0.10336969804049892,-0.01571570728882879
3.3077642788687744,-0.10336969804049892,-0.01767693961380648
3.411131912583425,-0.10336969804049892,-0.021132003053903035
3.514499546298074,-0.10336969804049892,-0.02467864071777688
3.6178671800127233,-0.10336969804049892,-0.0264092314531651
3.7212348137273725,-0.10336969804049892,-0.024774093466905088
3.8246024474420213,-0.10336969804049892,-0.0193723659834296
3.9279700811566705,-0.10336969804049892,-0.011349121731926403
4.031337714871319,-0.10336969804049892,-0.0032142703927515123
4.134705348585968,-0.10336969804049892,0.001892052320496079
4.238072982300618,-0.10336969804049892,0.0012563191164917402
4.341440616015267,-0.10336969804049892,-0.006390045182869622
4.444808249729916,-0.10336969804049892,-0.020255829729857667
4.548175883444565,-0.10336969804049892,-0.0375188062442041
4.651543517159214,-0.10336969804049892,-0.054025465125988416
4.754911150873865,-0.10336969804049892,-0.06546122052698218
4.858278784588514,-0.10336969804049892,-0.06862621653272626
4.961646418303163,-0.10336969804049892,-0.062408221334017994
5.065014052017812,-0.10336969804049892,-0.04813711210693217
5.168381685732461,-0.10336969804049892,-0.029204263826427337
5.27174931944711,-0.10336969804049892,-0.010067812465880677
5.3751169531617595,-0.10336969804049892,0.005038624606427563
5.478484586876409,-0.10336969804049892,0.01328601334687851
5.581852220591058,-0.10336969804049892,0.01395594424219716
5.685219854305707,-0.10336969804049892,0.008472553500326706
5.788587488020356,-0.10336969804049892,-0.00021609943782679148
5.8919551217350055,-0.10336969804049892,-0.008675172107761633
5.995322755449654,-0.10336969804049892,-0.014082628332686642
6.098690389164305,-0.10336969804049892,-0.015034279574490203
6.202058022878954,-0.10336969804049892,-0.011815202937424656
6.305425656593603,-0.10336969804049892,-0.006090606472933208
6.408793290308252,-0.10336969804049892,-0.00016709952391547468
-6.408793290308252,0.,0.015423583109643767
-6.305425656593603,0.,0.015137080134150507
-6.202058022878954,0.,0.010285723421943869
-6.098690389164304,0.,0.0028142398277016807
-5.995322755449655,0.,-0.004587338232564523
-5.8919551217350055,0.,-0.00947461037661171
-5.788587488020356,0.,-0.010487146739092075
-5.685219854305708,0.,-0.0077399235515354286
-5.581852220591058,0.,-0.0026478269505775505
-5.478484586876409,0.,0.0027250563865277738
-5.3751169531617595,0.,0.006527897430374358
-5.27174931944711,0.,0.007863388725988966
-5.168381685732461,0.,0.007126001770601564
-5.065014052017812,0.,0.005814858281490108
-4.961646418303163,0.,0.005897443203919499
-4.858278784588514,0.,0.008969212294052124
-4.754911150873865,0.,0.015530464400553822
-4.651543517159215,0.,0.024658471981303182
-4.548175883444566,0.,0.03420668212967435
-4.444808249729917,0.,0.04146820957357619
-4.341440616015267,0.,0.04406958339631226
-4.238072982300618,0.,0.04077553369464761
-4.134705348585968,0.,0.03191738505569685
-4.031337714871319,0.,0.019294214282856628
-3.9279700811566705,0.,0.005586796493867101
-3.8246024474420213,0.,-0.0065007519788430525
-3.7212348137273725,0.,-0.015061956950568185
-3.6178671800127233,0.,-0.019481698268500196
-3.514499546298074,0.,-0.020439142370017725
-3.411131912583425,0.,-0.01944198776264252
-3.3077642788687753,0.,-0.018089521186305697
-3.204396645154126,0.,-0.01736144476632112
-3.101029011439477,0.,-0.017215329794971725
-2.9976613777248278,0.,-0.016652630885856647
-2.8942937440101786,0.,-0.014227258139596514
-2.790926110295529,0.,-0.00879202660833211
-2.6875584765808798,0.,-0.00017569432574682464
-2.5841908428662306,0.,0.010501724418907296
-2.4808232091515814,0.,0.021037117278422224
-2.3774555754369326,0.,0.028837388849751282
-2.2740879417222835,0.,0.03186296390165396
-2.1707203080076334,0.,0.02947044860086706
-2.067352674292984,0.,0.022814423274385216
-1.9639850405783352,0.,0.014610147574045341
-1.8606174068636863,0.,0.008285543829129407
-1.757249773149037,0.,0.006782680431148
-1.6538821394343879,0.,0.011420646034497417
-1.550514505719738,0.,0.021242701714276988
-1.447146872005089,0.,0.03312845713297781
-1.3437792382904399,0.,0.04269870942964324
-1.2404116045757907,0.,0.04576058817914033
-1.1370439708611417,0.,0.039831589843565045
-1.0336763371464925,0.,0.025220447804490162
-0.9303087034318435,0.,0.005259595026698649
-0.8269410697171936,0.,-0.014453273077586528
-0.7235734360025445,0.,-0.027621688305057627
-0.6202058022878953,0.,-0.029162356475221116
-0.5168381685732463,0.,-0.016862398356199848
-0.4134705348585972,0.,0.007762113939038017
-0.31010290114394806,0.,0.03971275753884428
-0.2067352674292982,0.,0.0718216134695707
-0.1033676337146491,0.,0.09674989252096729
0.,0.,0.10906644937786952
0.1033676337146491,0.,0.10676687318230989
0.2067352674292982,0.,0.09176559382380818
0.31010290114394734,0.,0.06921596322552698
0.4134705348585964,0.,0.045882162809203306
0.5168381685732455,0.,0.02808218293626069
0.6202058022878947,0.,0.01984748331357158
0.7235734360025438,0.,0.021862753079154012
0.8269410697171944,0.,0.03148779530671171
0.9303087034318435,0.,0.04381092782365506
1.0336763371464925,0.,0.053356179814577784
1.1370439708611417,0.,0.05587131912121403
1.2404116045757907,0.,0.04962102223552456
1.3437792382904399,0.,0.03579478619908305
1.447146872005089,0.,0.01794555222021633
1.550514505719738,0.,0.0006968806246819213
1.6538821394343872,0.,-0.011813951103050458
1.7572497731490362,0.,-0.01722597665776772
1.8606174068636854,0.,-0.015564409806633058
1.9639850405783346,0.,-0.009009234774079588
2.0673526742929837,0.,-0.0009568965625187903
2.1707203080076343,0.,0.005254831216116534
2.2740879417222835,0.,0.007492035441593183
2.3774555754369326,0.,0.005443954716783833
2.4808232091515814,0.,0.0005278783137598915
2.5841908428662306,0.,-0.004842663352674321
2.6875584765808798,0.,-0.008320372908076216
2.790926110295529,0.,-0.008601416328342647
2.894293744010178,0.,-0.005946692917451425
2.997661377724827,0.,-0.0020569260365209986
3.101029011439476,0.,0.0006409588513586414
3.2043966451541253,0.,0.00001528000736696208
3.3077642788687744,0.,-0.004839457815818351
3.411131912583425,0.,-0.013129201038552423
3.514499546298074,0.,-0.022543154562872855
3.6178671800127233,0.,-0.03004691611015963
3.7212348137273725,0.,-0.033008742053668105
3.8246024474420213,0.,-0.030248231887051936
3.9279700811566705,0.,-0.0226110647644909
4.031337714871319,0.,-0.01283282845614445
4.134705348585968,0.,-0.004704499980880119
4.238072982300618,0.,-0.0018039137369860252
4.341440616015267,0.,-0.006221825045730101
4.444808249729916,0.,-0.017728083335959023
4.548175883444565,0.,-0.03368439647765506
4.651543517159214,0.,-0.049761318575063884
4.754911150873865,0.,-0.061243444474651805
4.858278784588514,0.,-0.06450276584860441
4.961646418303163,0.,-0.05815670321176231
5.065014052017812,0.,-0.04352725616041329
5.168381685732461,0.,-0.024247624766566767
5.27174931944711,0.,-0.005144526418593787
5.3751169531617595,0.,0.009237416817776609
5.478484586876409,0.,0.015988764708649794
5.581852220591058,0.,0.014632849934435069
5.685219854305707,0.,0.007126062625271567
5.788587488020356,0.,-0.002912758631086555
5.8919551217350055,0.,-0.011464024998293222
5.995322755449654,0.,-0.015427140139474974
6.098690389164305,0.,-0.013561704065537968
6.202058022878954,0.,-0.00675712989455347
6.305425656593603,0.,0.0024246825171282114
6.408793290308252,0.,0.010741062257230543
-6.408793290308252,0.10336969804049741,0.025564711714276912
-6.305425656593603,0.10336969804049741,0.02495583158289198
-6.202058022878954,0.10336969804049741,0.01846379904636725
-6.098690389164304,0.10336969804049741,0.008460736998668767
-5.995322755449655,0.10336969804049741,-0.0017657566765441758
-5.8919551217350055,0.10336969804049741,-0.009169667922615633
-5.788587488020356,0.10336969804049741,-0.011943250516663418
-5.685219854305708,0.10336969804049741,-0.010011365487524805
-5.581852220591058,0.10336969804049741,-0.004874638020419224
-5.478484586876409,0.10336969804049741,0.0011075633555715878
-5.3751169531617595,0.10336969804049741,0.005703818617639
-5.27174931944711,0.10336969804049741,0.007688065783058847
-5.168381685732461,0.10336969804049741,0.007280747876732798
-5.065014052017812,0.10336969804049741,0.005997285865407057
-4.961646418303163,0.10336969804049741,0.0059722819652758925
-4.858278784588514,0.10336969804049741,0.009023889739085342
-4.754911150873865,0.10336969804049741,0.015818609923611893
-4.651543517159215,0.10336969804049741,0.025458329312295882
-4.548175883444566,0.10336969804049741,0.03565402273217863
-4.444808249729917,0.10336969804049741,0.0434328531937271
-4.341440616015267,0.10336969804049741,0.04612775769964128
-4.238072982300618,0.10336969804049741,0.04229353301148019
-4.134705348585968,0.10336969804049741,0.032219220739564076
-4.031337714871319,0.10336969804049741,0.017853386840876687
-3.9279700811566705,0.10336969804049741,0.002172446530044863
-3.8246024474420213,0.10336969804049741,-0.011776195483136758
-3.7212348137273725,0.10336969804049741,-0.021808976594559354
-3.6178671800127233,0.10336969804049741,-0.027184970841230137
-3.514499546298074,0.10336969804049741,-0.028631465338509507
-3.411131912583425,0.10336969804049741,-0.02782873462585155
-3.3077642788687753,0.10336969804049741,-0.026570646972125817
-3.204396645154126,0.10336969804049741,-0.025939872894077384
-3.101029011439477,0.10336969804049741,-0.025829745954240247
-2.9976613777248278,0.10336969804049741,-0.025010168588960942
-2.8942937440101786,0.10336969804049741,-0.021721362902674957
-2.790926110295529,0.10336969804049741,-0.014566442269793436
-2.6875584765808798,0.10336969804049741,-0.003343079408275593
-2.5841908428662306,0.10336969804049741,0.010541291352104309
-2.4808232091515814,0.10336969804049741,0.0242835587555268
-2.3774555754369326,0.10336969804049741,0.03450796295296526
-2.2740879417222835,0.10336969804049741,0.03843800908372096
-2.1707203080076334,0.10336969804049741,0.03500079389755194
-2.067352674292984,0.10336969804049741,0.025437145645716423
-1.9639850405783352,0.10336969804049741,0.013139143682232311
-1.8606174068636863,0.10336969804049741,0.0026976767319523143
-1.757249773149037,0.10336969804049741,-0.0015718867622117317
-1.6538821394343879,0.10336969804049741,0.0028502481645942723
-1.550514505719738,0.10336969804049741,0.015650686192430097
-1.447146872005089,0.10336969804049741,0.033524813042703355
-1.3437792382904399,0.10336969804049741,0.0510180126403514
-1.2404116045757907,0.10336969804049741,0.062151295331556417
-1.1370439708611417,0.10336969804049741,0.06233806172407404
-1.0336763371464925,0.10336969804049741,0.049974403824004095
-0.9303087034318435,0.10336969804049741,0.027163772200145323
-0.8269410697171936,0.10336969804049741,-0.0007010433588105601
-0.7235734360025445,0.10336969804049741,-0.02641197102891726
-0.6202058022878953,0.10336969804049741,-0.04304256171295751
-0.5168381685732463,0.10336969804049741,-0.046021024835916566
-0.4134705348585972,0.10336969804049741,-0.03452585818124112
-0.31010290114394806,0.10336969804049741,-0.011756360679275298
-0.2067352674292982,0.10336969804049741,0.016015987535118462
-0.1033676337146491,0.10336969804049741,0.04132230257688222
0.,0.10336969804049741,0.057710423592434605
0.1033676337146491,0.10336969804049741,0.06160707040062342
0.2067352674292982,0.10336969804049741,0.053255252562903074
0.31010290114394734,0.10336969804049741,0.036455807715388935
0.4134705348585964,0.10336969804049741,0.017226653944237953
0.5168381685732455,0.10336969804049741,0.001834548854711229
0.6202058022878947,0.10336969804049741,-0.005158819394331436
0.7235734360025438,0.10336969804049741,-0.0022198404616069617
0.8269410697171944,0.10336969804049741,0.008857045941877606
0.9303087034318435,0.10336969804049741,0.02371976991761403
1.0336763371464925,0.10336969804049741,0.036998663873052166
1.1370439708611417,0.10336969804049741,0.044079002071311366
1.2404116045757907,0.10336969804049741,0.042519099584738124
1.3437792382904399,0.10336969804049741,0.03267363764409846
1.447146872005089,0.10336969804049741,0.017368480913955615
1.550514505719738,0.10336969804049741,0.0007978415475679176
1.6538821394343872,0.10336969804049741,-0.012934280722250457
1.7572497731490362,0.10336969804049741,-0.021111479586067072
1.8606174068636854,0.10336969804049741,-0.023111466097362306
1.9639850405783346,0.10336969804049741,-0.020323696343265873
2.0673526742929837,0.10336969804049741,-0.015369392891952747
2.1707203080076343,0.10336969804049741,-0.010958241213796124
2.2740879417222835,0.10336969804049741,-0.008828323887079834
2.3774555754369326,0.10336969804049741,-0.009161955384870498
2.4808232091515814,0.10336969804049741,-0.010674814469907567
2.5841908428662306,0.10336969804049741,-0.01131407008348745
2.6875584765808798,0.10336969804049741,-0.009270310385809638
2.790926110295529,0.10336969804049741,-0.0038922794635968135
2.894293744010178,0.10336969804049741,0.003866182179927752
2.997661377724827,0.10336969804049741,0.011657385693600746
3.101029011439476,0.10336969804049741,0.016547015784035456
3.2043966451541253,0.10336969804049741,0.016123823528989934
3.3077642788687744,0.10336969804049741,0.009494230124198035
3.411131912583425,0.10336969804049741,-0.0022256060625691085
3.514499546298074,0.10336969804049741,-0.016132554537898032
3.6178671800127233,0.10336969804049741,-0.02842832575517459
3.7212348137273725,0.10336969804049741,-0.03568648508480044
3.8246024474420213,0.10336969804049741,-0.03605323918423776
3.9279700811566705,0.10336969804049741,-0.029948872340152113
4.031337714871319,0.10336969804049741,-0.020001032542325804
4.134705348585968,0.10336969804049741,-0.010205654985956615
4.238072982300618,0.10336969804049741,-0.004583843190001208
4.341440616015267,0.10336969804049741,-0.005787059472443798
4.444808249729916,0.10336969804049741,-0.014132076088319885
4.548175883444565,0.10336969804049741,-0.027408644932995933
4.651543517159214,0.10336969804049741,-0.04154280173735349
4.754911150873865,0.10336969804049741,-0.051906178544704036
4.858278784588514,0.10336969804049741,-0.05483782178261787
4.961646418303163,0.10336969804049741,-0.0488678180192961
5.065014052017812,0.10336969804049741,-0.03522908985883846
5.168381685732461,0.10336969804049741,-0.017482426606389274
5.27174931944711,0.10336969804049741,-0.0003785730892244135
5.3751169531617595,0.10336969804049741,0.011662283382548511
5.478484586876409,0.10336969804049741,0.015946603598264344
5.581852220591058,0.10336969804049741,0.01231794230466162
5.685219854305707,0.10336969804049741,0.0031220080966721003
5.788587488020356,0.10336969804049741,-0.007646351331604736
5.8919551217350055,0.10336969804049741,-0.015713118693023106
5.995322755449654,0.10336969804049741,-0.017943521587211735
6.098690389164305,0.10336969804049741,-0.013334858575584693
6.202058022878954,0.10336969804049741,-0.00326508569384051
6.305425656593603,0.10336969804049741,0.009061472145100854
6.408793290308252,0.10336969804049741,0.019756572366956784
-6.408793290308252,0.20673939608099556,0.032390814053966425
-6.305425656593603,0.20673939608099556,0.0323440606995364
-6.202058022878954,0.20673939608099556,0.025835213958422636
-6.098690389164304,0.20673939608099556,0.015294338668791584
-5.995322755449655,0.20673939608099556,0.004123843304236206
-5.8919551217350055,0.20673939608099556,-0.004480041573325184
-5.788587488020356,0.20673939608099556,-0.00855032891645539
-5.685219854305708,0.20673939608099556,-0.007868879587866575
-5.581852220591058,0.20673939608099556,-0.0038278136363081067
-5.478484586876409,0.20673939608099556,0.0012798453763067812
-5.3751169531617595,0.20673939608099556,0.005249697542983075
-5.27174931944711,0.20673939608099556,0.006853070408590312
-5.168381685732461,0.20673939608099556,0.006289136620176844
-5.065014052017812,0.20673939608099556,0.005040588229809935
-4.961646418303163,0.20673939608099556,0.005199053255732366
-4.858278784588514,0.20673939608099556,0.008526360720455659
-4.754911150873865,0.20673939608099556,0.01561673457398305
-4.651543517159215,0.20673939608099556,0.025487358454926567
-4.548175883444566,0.20673939608099556,0.03576512580181159
-4.444808249729917,0.20673939608099556,0.0434150870353711
-4.341440616015267,0.20673939608099556,0.04575329414670627
-4.238072982300618,0.20673939608099556,0.04137833161962555
-4.134705348585968,0.20673939608099556,0.030682026127898165
-4.031337714871319,0.20673939608099556,0.01575138899872087
-3.9279700811566705,0.20673939608099556,-0.0003046833385052243
-3.8246024474420213,0.20673939608099556,-0.014360489907292202
-3.7212348137273725,0.20673939608099556,-0.024246154801102596
-3.6178671800127233,0.20673939608099556,-0.029337183009178657
-3.514499546298074,0.20673939608099556,-0.0305541828952449
-3.411131912583425,0.20673939608099556,-0.029787679326761612
-3.3077642788687753,0.20673939608099556,-0.028980497870829135
-3.204396645154126,0.20673939608099556,-0.029232054797710644
-3.101029011439477,0.20673939608099556,-0.03028402451714116
-2.9976613777248278,0.20673939608099556,-0.030604266775270696
-2.8942937440101786,0.20673939608099556,-0.028055993929615927
-2.790926110295529,0.20673939608099556,-0.020906318549713067
-2.6875584765808798,0.20673939608099556,-0.008780546030400958
-2.5841908428662306,0.20673939608099556,0.006834917165703251
-2.4808232091515814,0.20673939608099556,0.022789682841792
-2.3774555754369326,0.20673939608099556,0.03516307375620505
-2.2740879417222835,0.20673939608099556,0.040583913092026115
-2.1707203080076334,0.20673939608099556,0.03752209697045136
-2.067352674292984,0.20673939608099556,0.027069210212828706
-1.9639850405783352,0.20673939608099556,0.012871624036167678
-1.8606174068636863,0.20673939608099556,0.00015743588199656073
-1.757249773149037,0.20673939608099556,-0.005883787973702566
-1.6538821394343879,0.20673939608099556,-0.0018627022234633287
-1.550514505719738,0.20673939608099556,0.012497920824447981
-1.447146872005089,0.20673939608099556,0.033978386559004106
-1.3437792382904399,0.20673939608099556,0.056598016475361966
-1.2404116045757907,0.20673939608099556,0.07330154867601991
-1.1370439708611417,0.20673939608099556,0.07810179870036818
-1.0336763371464925,0.20673939608099556,0.0680112735127299
-0.9303087034318435,0.20673939608099556,0.04413635125105876
-0.8269410697171936,0.20673939608099556,0.011555512723902544
-0.7235734360025445,0.20673939608099556,-0.02201861372437749
-0.6202058022878953,0.20673939608099556,-0.04840657452267028
-0.5168381685732463,0.20673939608099556,-0.061302763148447376
-0.4134705348585972,0.20673939608099556,-0.05807148720153435
-0.31010290114394806,0.20673939608099556,-0.04044777800592913
-0.2067352674292982,0.20673939608099556,-0.013935613571399648
-0.1033676337146491,0.20673939608099556,0.013895490345636223
0.,0.20673939608099556,0.03567348235183813
0.1033676337146491,0.20673939608099556,0.04633994914011607
0.2067352674292982,0.20673939608099556,0.04447614401841749
0.31010290114394734,0.20673939608099556,0.03246195754128139
0.4134705348585964,0.20673939608099556,0.015470337462830726
0.5168381685732455,0.20673939608099556,-0.00033345257531407007
0.6202058022878947,0.20673939608099556,-0.009782647986661203
0.7235734360025438,0.20673939608099556,-0.010252814365311228
0.8269410697171944,0.20673939608099556,-0.0022967876021212064
0.9303087034318435,0.20673939608099556,0.010774068909575687
1.0336763371464925,0.20673939608099556,0.02415807159307354
1.1370439708611417,0.20673939608099556,0.033212548261734656
1.2404116045757907,0.20673939608099556,0.034920722550952216
1.3437792382904399,0.20673939608099556,0.02871014948286486
1.447146872005089,0.20673939608099556,0.0164048043462812
1.550514505719738,0.20673939608099556,0.0013998383379392612
1.6538821394343872,0.20673939608099556,-0.01259424817131593
1.7572497731490362,0.20673939608099556,-0.022769113938151255
1.8606174068636854,0.20673939608099556,-0.027977932875485802
1.9639850405783346,0.20673939608099556,-0.028811230689290243
2.0673526742929837,0.20673939608099556,-0.027027597642117283
2.1707203080076343,0.20673939608099556,-0.024612886616610107
2.2740879417222835,0.20673939608099556,-0.02286406241591025
2.3774555754369326,0.20673939608099556,-0.021863111507297233
2.4808232091515814,0.20673939608099556,-0.02053866646507749
2.5841908428662306,0.20673939608099556,-0.017274346230581234
2.6875584765808798,0.20673939608099556,-0.010804168914713329
2.790926110295529,0.20673939608099556,-0.0010189198935077958
2.894293744010178,0.20673939608099556,0.01066349074133186
2.997661377724827,0.20673939608099556,0.021546743799731007
3.101029011439476,0.20673939608099556,0.028469274987108148
3.2043966451541253,0.20673939608099556,0.028904421259382227
3.3077642788687744,0.20673939608099556,0.021945919966424893
3.411131912583425,0.20673939608099556,0.008799945272084435
3.514499546298074,0.20673939608099556,-0.007430487868870354
3.6178671800127233,0.20673939608099556,-0.022633649668891333
3.7212348137273725,0.20673939608099556,-0.032969778716042265
3.8246024474420213,0.20673939608099556,-0.036112859933424696
3.9279700811566705,0.20673939608099556,-0.032020740952532774
4.031337714871319,0.20673939608099556,-0.02295354970691954
4.134705348585968,0.20673939608099556,-0.012715891799038679
4.238072982300618,0.20673939608099556,-0.0053679786272258076
4.341440616015267,0.20673939608099556,-0.003839704435202814
4.444808249729916,0.20673939608099556,-0.008922082934536469
4.548175883444565,0.20673939608099556,-0.018986205311753136
4.651543517159214,0.20673939608099556,-0.03053250256559773
4.754911150873865,0.20673939608099556,-0.039387637314050344
4.858278784588514,0.20673939608099556,-0.042141848309916574
4.961646418303163,0.20673939608099556,-0.03733442298121002
5.065014052017812,0.20673939608099556,-0.02597942085439629
5.168381685732461,0.20673939608099556,-0.011249168189949206
5.27174931944711,0.20673939608099556,0.0025782860442298164
5.3751169531617595,0.20673939608099556,0.01154932517196819
5.478484586876409,0.20673939608099556,0.013355330673955945
5.581852220591058,0.20673939608099556,0.008095269875419156
5.685219854305707,0.20673939608099556,-0.0017757032929850605
5.788587488020356,0.20673939608099556,-0.012288753017943188
5.8919551217350055,0.20673939608099556,-0.019303250280101356
5.995322755449654,0.20673939608099556,-0.019889899629051466
6.098690389164305,0.20673939608099556,-0.013289099675937076
6.202058022878954,0.20673939608099556,-0.0011300040239882077
6.305425656593603,0.20673939608099556,0.0131477829573344
6.408793290308252,0.20673939608099556,0.02545641122811953
-6.408793290308252,0.31010909412149373,0.03469902522086754
-6.305425656593603,0.31010909412149373,0.03566593056891525
-6.202058022878954,0.31010909412149373,0.030500226110572938
-6.098690389164304,0.31010909412149373,0.02136037426632757
-5.995322755449655,0.31010909412149373,0.01129637449875029
-5.8919551217350055,0.31010909412149373,0.003184377669227593
-5.788587488020356,0.31010909412149373,-0.0011943291423764087
-5.685219854305708,0.31010909412149373,-0.0016143513091057824
-5.581852220591058,0.31010909412149373,0.0007306768820688469
-5.478484586876409,0.31010909412149373,0.0038786054171971885
-5.3751169531617595,0.31010909412149373,0.005993254194249397
-5.27174931944711,0.31010909412149373,0.006151133562170084
-5.168381685732461,0.31010909412149373,0.004718238810027078
-5.065014052017812,0.31010909412149373,0.003175965310416784
-4.961646418303163,0.31010909412149373,0.0034674022139154067
-4.858278784588514,0.31010909412149373,0.007119556087775024
-4.754911150873865,0.31010909412149373,0.014485103604715253
-4.651543517159215,0.31010909412149373,0.024406308130876027
-4.548175883444566,0.31010909412149373,0.03444854967769949
-4.444808249729917,0.31010909412149373,0.04163851465370402
-4.341440616015267,0.31010909412149373,0.04345091148905918
-4.238072982300618,0.31010909412149373,0.038688799530743945
-4.134705348585968,0.31010909412149373,0.027933953989461944
-4.031337714871319,0.31010909412149373,0.013395238063609871
-3.9279700811566705,0.31010909412149373,-0.0017996398525470237
-3.8246024474420213,0.31010909412149373,-0.014619681559613075
-3.7212348137273725,0.31010909412149373,-0.023089211139506054
-3.6178671800127233,0.31010909412149373,-0.02684314362989505
-3.514499546298074,0.31010909412149373,-0.02707876039911865
-3.411131912583425,0.31010909412149373,-0.025926620508156265
-3.3077642788687753,0.31010909412149373,-0.02548141388167158
-3.204396645154126,0.31010909412149373,-0.026865967124870688
-3.101029011439477,0.31010909412149373,-0.029696866696849962
-2.9976613777248278,0.31010909412149373,-0.03217625753948033
-2.8942937440101786,0.31010909412149373,-0.03180067427760347
-2.790926110295529,0.31010909412149373,-0.026438325126020866
-2.6875584765808798,0.31010909412149373,-0.015370072831164913
-2.5841908428662306,0.31010909412149373,0.00012199148739847385
-2.4808232091515814,0.31010909412149373,0.016890229135124245
-2.3774555754369326,0.31010909412149373,0.030799074308976424
-2.2740879417222835,0.31010909412149373,0.0380858815877726
-2.1707203080076334,0.31010909412149373,0.03674723771304785
-2.067352674292984,0.31010909412149373,0.027447457122577488
-1.9639850405783352,0.31010909412149373,0.013578649805788075
-1.8606174068636863,0.31010909412149373,0.0003749685823125269
-1.757249773149037,0.31010909412149373,-0.006691608379470258
-1.6538821394343879,0.31010909412149373,-0.0037413744904217965
-1.550514505719738,0.31010909412149373,0.010060350043013314
-1.447146872005089,0.31010909412149373,0.031941579840090314
-1.3437792382904399,0.31010909412149373,0.05609889470589817
-1.2404116045757907,0.31010909412149373,0.07529195684156505
-1.1370439708611417,0.31010909412149373,0.08299952689980719
-1.0336763371464925,0.31010909412149373,0.07547645152097224
-0.9303087034318435,0.31010909412149373,0.053057309295141276
-0.8269410697171936,0.31010909412149373,0.020271204414569914
-0.7235734360025445,0.31010909412149373,-0.015303155906774732
-0.6202058022878953,0.31010909412149373,-0.04511847768585762
-0.5168381685732463,0.31010909412149373,-0.06205541331968939
-0.4134705348585972,0.31010909412149373,-0.06241129897548901
-0.31010290114394806,0.31010909412149373,-0.04688316647845016
-0.2067352674292982,0.31010909412149373,-0.020260382603651324
-0.1033676337146491,0.31010909412149373,0.01005762423733975
0.,0.31010909412149373,0.03624468640825996
0.1033676337146491,0.31010909412149373,0.05225537000967264
0.2067352674292982,0.31010909412149373,0.055393786294479365
0.31010290114394734,0.31010909412149373,0.04680251514304523
0.4134705348585964,0.31010909412149373,0.030782925472837844
0.5168381685732455,0.31010909412149373,0.013224602938845496
0.6202058022878947,0.31010909412149373,-0.00031611701526935136
0.7235734360025438,0.31010909412149373,-0.006270585783034706
0.8269410697171944,0.31010909412149373,-0.003950820964734719
0.9303087034318435,0.31010909412149373,0.004538156884699265
1.0336763371464925,0.31010909412149373,0.015256416133497179
1.1370439708611417,0.31010909412149373,0.02387501820761319
1.2404116045757907,0.31010909412149373,0.02709865018088228
1.3437792382904399,0.31010909412149373,0.02360378705615457
1.447146872005089,0.31010909412149373,0.014231868831028246
1.550514505719738,0.31010909412149373,0.0014510014092819876
1.6538821394343872,0.31010909412149373,-0.011651539316308291
1.7572497731490362,0.31010909412149373,-0.022444917856868193
1.8606174068636854,0.31010909412149373,-0.02951046730340198
1.9639850405783346,0.31010909412149373,-0.032840733620285084
2.0673526742929837,0.31010909412149373,-0.033472001124674106
2.1707203080076343,0.31010909412149373,-0.03275640581728997
2.2740879417222835,0.31010909412149373,-0.031605461052658004
2.3774555754369326,0.31010909412149373,-0.0300291193500898
2.4808232091515814,0.31010909412149373,-0.02716087379306736
2.5841908428662306,0.31010909412149373,-0.021754052736799465
2.6875584765808798,0.31010909412149373,-0.012937368611831687
2.790926110295529,0.31010909412149373,-0.0009047668961427357
2.894293744010178,0.31010909412149373,0.012770706006625361
2.997661377724827,0.31010909412149373,0.025371515979858476
3.101029011439476,0.31010909412149373,0.033781312223120995
3.2043966451541253,0.31010909412149373,0.035500706256575504
3.3077642788687744,0.31010909412149373,0.029572264039612835
3.411131912583425,0.31010909412149373,0.017064780360702716
3.514499546298074,0.31010909412149373,0.0009085237222023714
3.6178671800127233,0.31010909412149373,-0.014902909578569786
3.7212348137273725,0.31010909412149373,-0.026501615674246286
3.8246024474420213,0.31010909412149373,-0.031335031240903845
3.9279700811566705,0.31010909412149373,-0.028952481587858465
4.031337714871319,0.31010909412149373,-0.02111357436553192
4.134705348585968,0.31010909412149373,-0.011171456284329898
4.238072982300618,0.31010909412149373,-0.0029326362628060263
4.341440616015267,0.31010909412149373,0.0006228002877890565
4.444808249729916,0.31010909412149373,-0.0016740778133516971
4.548175883444565,0.31010909412149373,-0.008826456042189953
4.651543517159214,0.31010909412149373,-0.018065978453351447
4.754911150873865,0.31010909412149373,-0.025855932964503663
4.858278784588514,0.31010909412149373,-0.02915303460634087
4.961646418303163,0.31010909412149373,-0.02648830584110488
5.065014052017812,0.31010909412149373,-0.01849116411232949
5.168381685732461,0.31010909412149373,-0.007675113919234759
5.27174931944711,0.31010909412149373,0.0024393157702969136
5.3751169531617595,0.31010909412149373,0.008558228103480633
5.478484586876409,0.31010909412149373,0.008774885554144794
5.581852220591058,0.31010909412149373,0.003253508785642399
5.685219854305707,0.31010909412149373,-0.005801063212244766
5.788587488020356,0.31010909412149373,-0.014877437707250444
5.8919551217350055,0.31010909412149373,-0.020342174037318337
5.995322755449654,0.31010909412149373,-0.019667862042293552
6.098690389164305,0.31010909412149373,-0.012286201658421215
6.202058022878954,0.31010909412149373,0.0002196058661934111
6.305425656593603,0.31010909412149373,0.014639105898618
6.408793290308252,0.31010909412149373,0.02718581996923874
-6.408793290308252,0.4134787921619919,0.03220249241581885
-6.305425656593603,0.4134787921619919,0.03409649961547094
-6.202058022878954,0.4134787921619919,0.031036724241327016
-6.098690389164304,0.4134787921619919,0.02469435133043059
-5.995322755449655,0.4134787921619919,0.017425157862603374
-5.8919551217350055,0.4134787921619919,0.011411982715686308
-5.788587488020356,0.4134787921619919,0.007940272274864511
-5.685219854305708,0.4134787921619919,0.007063484751814673
-5.581852220591058,0.4134787921619919,0.007762968822664999
-5.478484586876409,0.4134787921619919,0.008519155070915196
-5.3751169531617595,0.4134787921619919,0.008057069172215311
-5.27174931944711,0.4134787921619919,0.005965980169174963
-5.168381685732461,0.4134787921619919,0.002943546516016727
-5.065014052017812,0.4134787921619919,0.0005601890617422461
-4.961646418303163,0.4134787921619919,0.0006255127051571716
-4.858278784588514,0.4134787921619919,0.00439592177708461
-4.754911150873865,0.4134787921619919,0.011931731073105705
-4.651543517159215,0.4134787921619919,0.0218657475299009
-4.548175883444566,0.4134787921619919,0.03169866545656662
-4.444808249729917,0.4134787921619919,0.03854230252808667
-4.341440616015267,0.4134787921619919,0.040060931465545555
-4.238072982300618,0.4134787921619919,0.035277657363472735
-4.134705348585968,0.4134787921619919,0.0249499524849883
-4.031337714871319,0.4134787921619919,0.01136547352413545
-3.9279700811566705,0.4134787921619919,-0.002385050461549557
-3.8246024474420213,0.4134787921619919,-0.01341064365631733
-3.7212348137273725,0.4134787921619919,-0.01994626615521214
-3.6178671800127233,0.4134787921619919,-0.021870703988678852
-3.514499546298074,0.4134787921619919,-0.020626675885806297
-3.411131912583425,0.4134787921619919,-0.018568462744774056
-3.3077642788687753,0.4134787921619919,-0.017973237972562756
-3.204396645154126,0.4134787921619919,-0.020082039323944492
-3.101029011439477,0.4134787921619919,-0.024535174235907613
-2.9976613777248278,0.4134787921619919,-0.02943118112280564
-2.8942937440101786,0.4134787921619919,-0.03201347655309186
-2.790926110295529,0.4134787921619919,-0.029753599017715838
-2.6875584765808798,0.4134787921619919,-0.021439989923129104
-2.5841908428662306,0.4134787921619919,-0.007857795860871502
-2.4808232091515814,0.4134787921619919,0.008227519953611883
-2.3774555754369326,0.4134787921619919,0.022831355915795347
-2.2740879417222835,0.4134787921619919,0.032035510797732536
-2.1707203080076334,0.4134787921619919,0.03337319674859461
-2.067352674292984,0.4134787921619919,0.02682464632840871
-1.9639850405783352,0.4134787921619919,0.015040232994753218
-1.8606174068636863,0.4134787921619919,0.0026544423999142865
-1.757249773149037,0.4134787921619919,-0.0051384340358977395
-1.6538821394343879,0.4134787921619919,-0.004311223023780784
-1.550514505719738,0.4134787921619919,0.006531244077282847
-1.447146872005089,0.4134787921619919,0.025457310470414177
-1.3437792382904399,0.4134787921619919,0.0475613047191727
-1.2404116045757907,0.4134787921619919,0.06630838276703545
-1.1370439708611417,0.4134787921619919,0.07548784128327672
-1.0336763371464925,0.4134787921619919,0.07117772893878693
-0.9303087034318435,0.4134787921619919,0.053098029619226224
-0.8269410697171936,0.4134787921619919,0.02490515018892767
-0.7235734360025445,0.4134787921619919,-0.006696206624739835
-0.6202058022878953,0.4134787921619919,-0.03377892217667706
-0.5168381685732463,0.4134787921619919,-0.04941645378755722
-0.4134705348585972,0.4134787921619919,-0.04963504328120702
-0.31010290114394806,0.4134787921619919,-0.034509676753222376
-0.2067352674292982,0.4134787921619919,-0.008083751605236401
-0.1033676337146491,0.4134787921619919,0.022844780047773672
0.,0.4134787921619919,0.05068400116144763
0.1033676337146491,0.4134787921619919,0.06915193235019901
0.2067352674292982,0.4134787921619919,0.07489685957274494
0.31010290114394734,0.4134787921619919,0.06817918582566576
0.4134705348585964,0.4134787921619919,0.05246675264304169
0.5168381685732455,0.4134787921619919,0.03313509697886295
0.6202058022878947,0.4134787921619919,0.015727032835478324
0.7235734360025438,0.4134787921619919,0.004331881336701761
0.8269410697171944,0.4134787921619919,0.0005674727368361255
0.9303087034318435,0.4134787921619919,0.0034223933148076965
1.0336763371464925,0.4134787921619919,0.00992347049789726
1.1370439708611417,0.4134787921619919,0.016333653435239664
1.2404116045757907,0.4134787921619919,0.019441587429127587
1.3437792382904399,0.4134787921619919,0.017516272623598658
1.447146872005089,0.4134787921619919,0.010653429501590407
1.550514505719738,0.4134787921619919,0.00047269983529615736
1.6538821394343872,0.4134787921619919,-0.010648779247027354
1.7572497731490362,0.4134787921619919,-0.020478772879510592
1.8606174068636854,0.4134787921619919,-0.027626943260391147
1.9639850405783346,0.4134787921619919,-0.0318058852221873
2.0673526742929837,0.4134787921619919,-0.033612753072217096
2.1707203080076343,0.4134787921619919,-0.033977993335174636
2.2740879417222835,0.4134787921619919,-0.03354943255745022
2.3774555754369326,0.4134787921619919,-0.03229051979867646
2.4808232091515814,0.4134787921619919,-0.029470915794676776
2.5841908428662306,0.4134787921619919,-0.02405768726511469
2.6875584765808798,0.4134787921619919,-0.015343315292549859
2.790926110295529,0.4134787921619919,-0.00353970735786485
2.894293744010178,0.4134787921619919,0.009932563295472296
2.997661377724827,0.4134787921619919,0.02262212739282441
3.101029011439476,0.4134787921619919,0.03167705890910859
3.2043966451541253,0.4134787921619919,0.03473321418842478
3.3077642788687744,0.4134787921619919,0.030752572006757625
3.411131912583425,0.4134787921619919,0.02050024232679559
3.514499546298074,0.4134787921619919,0.006460975905042502
3.6178671800127233,0.4134787921619919,-0.007814012222025227
3.7212348137273725,0.4134787921619919,-0.01873812625917961
3.8246024474420213,0.4134787921619919,-0.023766862247263643
3.9279700811566705,0.4134787921619919,-0.022163198544755645
4.031337714871319,0.4134787921619919,-0.015190338050155893
4.134705348585968,0.4134787921619919,-0.005661769887033832
4.238072982300618,0.4134787921619919,0.0030037459072251066
4.341440616015267,0.4134787921619919,0.007905778592059763
4.444808249729916,0.4134787921619919,0.007587145503475225
4.548175883444565,0.4134787921619919,0.002452004923631452
4.651543517159214,0.4134787921619919,-0.005455684520873709
4.754911150873865,0.4134787921619919,-0.01322555355149321
4.858278784588514,0.4134787921619919,-0.018129290113944287
4.961646418303163,0.4134787921619919,-0.01857577351502843
5.065014052017812,0.4134787921619919,-0.014641681857698758
5.168381685732461,0.4134787921619919,-0.00799872723507723
5.27174931944711,0.4134787921619919,-0.0012721200180667311
5.3751169531617595,0.4134787921619919,0.0029357740600337266
5.478484586876409,0.4134787921619919,0.0030071410127731784
5.581852220591058,0.4134787921619919,-0.0010853747506063874
5.685219854305707,0.4134787921619919,-0.0077416137198497
5.788587488020356,0.4134787921619919,-0.014276851656976149
5.8919551217350055,0.4134787921619919,-0.017851914133704926
5.995322755449654,0.4134787921619919,-0.01646330513429755
6.098690389164305,0.4134787921619919,-0.009648158115123292
6.202058022878954,0.4134787921619919,0.0013378661866996979
6.305425656593603,0.4134787921619919,0.013924764440980912
6.408793290308252,0.4134787921619919,0.025066058910508126
-6.408793290308252,0.51684849020249,0.02554200742353394
-6.305425656593603,0.51684849020249,0.027834192499201566
-6.202058022878954,0.51684849020249,0.026925310511124675
-6.098690389164304,0.51684849020249,0.023933292061929578
-5.995322755449655,0.51684849020249,0.02037443596891659
-5.8919551217350055,0.51684849020249,0.017550656658454997
-5.788587488020356,0.51684849020249,0.016061244551666562
-5.685219854305708,0.51684849020249,0.01562796146987678
-5.581852220591058,0.51684849020249,0.015299053989659844
-5.478484586876409,0.51684849020249,0.013948720796906209
-5.3751169531617595,0.51684849020249,0.010870102747611328
-5.27174931944711,0.51684849020249,0.006217526021388144
-5.168381685732461,0.51684849020249,0.0011051262383487423
-5.065014052017812,0.51684849020249,-0.002703206580427774
-4.961646418303163,0.51684849020249,-0.0034198175162036605
-4.858278784588514,0.51684849020249,0.000046489191187891726
-4.754911150873865,0.51684849020249,0.007548110680152803
-4.651543517159215,0.51684849020249,0.017556303643498902
-4.548175883444566,0.51684849020249,0.027505248653430577
-4.444808249729917,0.51684849020249,0.034534444563080975
-4.341440616015267,0.51684849020249,0.03639087317890482
-4.238072982300618,0.51684849020249,0.03218199678853956
-4.134705348585968,0.51684849020249,0.02270912498436287
-4.031337714871319,0.51684849020249,0.010248123375033065
-3.9279700811566705,0.51684849020249,-0.0021652442854826035
-3.8246024474420213,0.51684849020249,-0.011711509425235618
-3.7212348137273725,0.51684849020249,-0.01669242450694133
-3.6178671800127233,0.51684849020249,-0.017048282646726
-3.514499546298074,0.51684849020249,-0.014300798956332057
-3.411131912583425,0.51684849020249,-0.010934339038308127
-3.3077642788687753,0.51684849020249,-0.009428770158995094
-3.204396645154126,0.51684849020249,-0.011287037655184958
-3.101029011439477,0.51684849020249,-0.016411357503043258
-2.9976613777248278,0.51684849020249,-0.02306632378884788
-2.8942937440101786,0.51684849020249,-0.028462697512062436
-2.790926110295529,0.51684849020249,-0.029772342023219548
-2.6875584765808798,0.51684849020249,-0.025221636172653213
-2.5841908428662306,0.51684849020249,-0.014867733900415545
-2.4808232091515814,0.51684849020249,-0.000758583991188419
-2.3774555754369326,0.51684849020249,0.013615639360288076
-2.2740879417222835,0.51684849020249,0.024424170981645385
-2.1707203080076334,0.51684849020249,0.028791536069990697
-2.067352674292984,0.51684849020249,0.025843019669166793
-1.9639850405783352,0.51684849020249,0.017120930143076796
-1.8606174068636863,0.51684849020249,0.006193069160424729
-1.757249773149037,0.51684849020249,-0.0024550247346887674
-1.6538821394343879,0.51684849020249,-0.004902861551477909
-1.550514505719738,0.51684849020249,0.0008313624534709624
-1.447146872005089,0.51684849020249,0.013994604082807414
-1.3437792382904399,0.51684849020249,0.03117432850677303
-1.2404116045757907,0.51684849020249,0.047260679096014925
-1.1370439708611417,0.51684849020249,0.05701801617931839
-1.0336763371464925,0.51684849020249,0.05677874139859377
-0.9303087034318435,0.51684849020249,0.04571708070775057
-0.8269410697171936,0.51684849020249,0.026280894763187998
-0.7235734360025445,0.51684849020249,0.003619123011829216
-0.6202058022878953,0.51684849020249,-0.015841550991344617
-0.5168381685732463,0.51684849020249,-0.026246677608714034
-0.4134705348585972,0.51684849020249,-0.024028960627602763
-0.31010290114394806,0.51684849020249,-0.008966248971829367
-0.2067352674292982,0.51684849020249,0.015735238800477457
-0.1033676337146491,0.51684849020249,0.044348284293415655
0.,0.51684849020249,0.07023563132537565
0.1033676337146491,0.51684849020249,0.08766996421756823
0.2067352674292982,0.51684849020249,0.09331970737959155
0.31010290114394734,0.51684849020249,0.08697897907832643
0.4134705348585964,0.51684849020249,0.07136790882012223
0.5168381685732455,0.51684849020249,0.05112064417688192
0.6202058022878947,0.51684849020249,0.03131856380006144
0.7235734360025438,0.51684849020249,0.01604139363421326
0.8269410697171944,0.51684849020249,0.007368651618323794
0.9303087034318435,0.51684849020249,0.005089647630433133
1.0336763371464925,0.51684849020249,0.0071363716401022384
1.1370439708611417,0.51684849020249,0.010523768636688111
1.2404116045757907,0.51684849020249,0.012440570521250763
1.3437792382904399,0.51684849020249,0.011121647453568766
1.447146872005089,0.51684849020249,0.006244507694921659
1.550514505719738,0.51684849020249,-0.0012188682119351557
1.6538821394343872,0.51684849020249,-0.009568680546906225
1.7572497731490362,0.51684849020249,-0.017103187432480186
1.8606174068636854,0.51684849020249,-0.022715850757058446
1.9639850405783346,0.51684849020249,-0.026154440562915396
2.0673526742929837,0.51684849020249,-0.027882996047827534
2.1707203080076343,0.51684849020249,-0.02864938481626121
2.2740879417222835,0.51684849020249,-0.028973271906593295
2.3774555754369326,0.51684849020249,-0.028791174669823547
2.4808232091515814,0.51684849020249,-0.027421666292123836
2.5841908428662306,0.51684849020249,-0.02387558837983238
2.6875584765808798,0.51684849020249,-0.017388138866387855
2.790926110295529,0.51684849020249,-0.00794981170232361
2.894293744010178,0.51684849020249,0.0033992845855300704
2.997661377724827,0.51684849020249,0.01466603663193036
3.101029011439476,0.51684849020249,0.023400660907997212
3.2043966451541253,0.51684849020249,0.027445637881742604
3.3077642788687744,0.51684849020249,0.02568252632556203
3.411131912583425,0.51684849020249,0.01850454601885092
3.514499546298074,0.51684849020249,0.007825031237454433
3.6178671800127233,0.51684849020249,-0.003413240961513065
3.7212348137273725,0.51684849020249,-0.012089182064016022
3.8246024474420213,0.51684849020249,-0.01584566820954688
3.9279700811566705,0.51684849020249,-0.013813485598752206
4.031337714871319,0.51684849020249,-0.006873806298984185
4.134705348585968,0.51684849020249,0.002632596916552665
4.238072982300618,0.51684849020249,0.011656501376037631
4.341440616015267,0.51684849020249,0.01740460992512905
4.444808249729916,0.51684849020249,0.0181996599514159
4.548175883444565,0.51684849020249,0.013956623528874555
4.651543517159214,0.51684849020249,0.0061280112536697025
4.754911150873865,0.51684849020249,-0.002847574108251432
4.858278784588514,0.51684849020249,-0.010392789368274955
4.961646418303163,0.51684849020249,-0.014639070526594827
5.065014052017812,0.51684849020249,-0.014987264409888809
5.168381685732461,0.51684849020249,-0.012201825474149264
5.27174931944711,0.51684849020249,-0.008026142747689645
5.3751169531617595,0.51684849020249,-0.004473756517690068
5.478484586876409,0.51684849020249,-0.0030588999318661254
5.581852220591058,0.51684849020249,-0.004242944911046955
5.685219854305707,0.51684849020249,-0.007288320468392264
5.788587488020356,0.51684849020249,-0.010560516680220764
5.8919551217350055,0.51684849020249,-0.012156988624181344
5.995322755449654,0.51684849020249,-0.010627148499144161
6.098690389164305,0.51684849020249,-0.005520331637645248
6.202058022878954,0.51684849020249,0.0024332228058224934
6.305425656593603,0.51684849020249,0.01156610648146341
6.408793290308252,0.51684849020249,0.01984456813746462
-6.408793290308252,0.6202181882429882,0.016118150721092437
-6.305425656593603,0.6202181882429882,0.01809803408419426
-6.202058022878954,0.6202181882429882,0.018783747969939278
-6.098690389164304,0.6202181882429882,0.018813374931736352
-5.995322755449655,0.6202181882429882,0.018928890285885108
-5.8919551217350055,0.6202181882429882,0.019585734481123517
-5.788587488020356,0.6202181882429882,0.020679880676217535
-5.685219854305708,0.6202181882429882,0.021521925319130414
-5.581852220591058,0.6202181882429882,0.02109119353006376
-5.478484586876409,0.6202181882429882,0.018487710543513728
-5.3751169531617595,0.6202181882429882,0.013410775568584807
-5.27174931944711,0.6202181882429882,0.0064661220705663925
-5.168381685732461,0.6202181882429882,-0.0008468041202948639
-5.065014052017812,0.6202181882429882,-0.0065046474569246445
-4.961646418303163,0.6202181882429882,-0.008589961870524698
-4.858278784588514,0.6202181882429882,-0.005976093607048969
-4.754911150873865,0.6202181882429882,0.0011772805485420043
-4.651543517159215,0.6202181882429882,0.011314538152105924
-4.548175883444566,0.6202181882429882,0.021834193248962824
-4.444808249729917,0.6202181882429882,0.02981498961887819
-4.341440616015267,0.6202181882429882,0.03289705421947345
-4.238072982300618,0.6202181882429882,0.030030233807732953
-4.134705348585968,0.6202181882429882,0.02183234474982018
-4.031337714871319,0.6202181882429882,0.010421814488052234
-3.9279700811566705,0.6202181882429882,-0.0012368758292290226
-3.8246024474420213,0.6202181882429882,-0.010269281965893143
-3.7212348137273725,0.6202181882429882,-0.01480098087100656
-3.6178671800127233,0.6202181882429882,-0.01453478879296003
-3.514499546298074,0.6202181882429882,-0.010795318895330131
-3.411131912583425,0.6202181882429882,-0.006019503375064142
-3.3077642788687753,0.6202181882429882,-0.002861964699933395
-3.204396645154126,0.6202181882429882,-0.0032204101653791647
-3.101029011439477,0.6202181882429882,-0.007519929993608062
-2.9976613777248278,0.6202181882429882,-0.01451205588659144
-2.8942937440101786,0.6202181882429882,-0.021670753117933216
-2.790926110295529,0.6202181882429882,-0.026061318837780623
-2.6875584765808798,0.6202181882429882,-0.025390180966292
-2.5841908428662306,0.6202181882429882,-0.018872900754240095
-2.4808232091515814,0.6202181882429882,-0.007610956495428398
-2.3774555754369326,0.6202181882429882,0.005670478900826521
-2.2740879417222835,0.6202181882429882,0.01745489963522451
-2.1707203080076334,0.6202181882429882,0.02456983626523895
-2.067352674292984,0.6202181882429882,0.025246790064634008
-1.9639850405783352,0.6202181882429882,0.019742987288725096
-1.8606174068636863,0.6202181882429882,0.010302201599136052
-1.757249773149037,0.6202181882429882,0.0004509091952793099
-1.6538821394343879,0.6202181882429882,-0.006148963581057421
-1.550514505719738,0.6202181882429882,-0.0069147817407682185
-1.447146872005089,0.6202181882429882,-0.0012188392269239904
-1.3437792382904399,0.6202181882429882,0.009375945069404609
-1.2404116045757907,0.6202181882429882,0.021612411872010642
-1.1370439708611417,0.6202181882429882,0.03161673442253465
-1.0336763371464925,0.6202181882429882,0.03620985919399039
-0.9303087034318435,0.6202181882429882,0.03402179298264119
-0.8269410697171936,0.6202181882429882,0.026035747352808322
-0.7235734360025445,0.6202181882429882,0.015370886729184657
-0.6202058022878953,0.6202181882429882,0.006358648898100337
-0.5168381685732463,0.6202181882429882,0.0031975796547729887
-0.4134705348585972,0.6202181882429882,0.00860994316244838
-0.31010290114394806,0.6202181882429882,0.02292497037866836
-0.2067352674292982,0.6202181882429882,0.04387853530030244
-0.1033676337146491,0.6202181882429882,0.06719211313318606
0.,0.6202181882429882,0.08774942024383618
0.1033676337146491,0.6202181882429882,0.10100617173278847
0.2067352674292982,0.6202181882429882,0.10420451643661327
0.31010290114394734,0.6202181882429882,0.09703656227943738
0.4134705348585964,0.6202181882429882,0.08158373539703295
0.5168381685732455,0.6202181882429882,0.06158845409362153
0.6202058022878947,0.6202181882429882,0.041316259872242335
0.7235734360025438,0.6202181882429882,0.024376541394745356
0.8269410697171944,0.6202181882429882,0.01285722953621611
0.9303087034318435,0.6202181882429882,0.0070038688539202
1.0336763371464925,0.6202181882429882,0.0054832993602124186
1.1370439708611417,0.6202181882429882,0.006083079560392211
1.2404116045757907,0.6202181882429882,0.006572167107275721
1.3437792382904399,0.6202181882429882,0.005423909924393497
1.447146872005089,0.6202181882429882,0.0021803499365527085
1.550514505719738,0.6202181882429882,-0.0026166286757589165
1.6538821394343872,0.6202181882429882,-0.007842226891875682
1.7572497731490362,0.6202181882429882,-0.012353008129457874
1.8606174068636854,0.6202181882429882,-0.01546429285819537
1.9639850405783346,0.6202181882429882,-0.01716193123327351
2.0673526742929837,0.6202181882429882,-0.017988581975863564
2.1707203080076343,0.6202181882429882,-0.01867927058633842
2.2740879417222835,0.6202181882429882,-0.01971991623894114
2.3774555754369326,0.6202181882429882,-0.021029238637398005
2.4808232091515814,0.6202181882429882,-0.02191056493905342
2.5841908428662306,0.6202181882429882,-0.021307681841679058
2.6875584765808798,0.6202181882429882,-0.018271981748500525
2.790926110295529,0.6202181882429882,-0.012455936369499565
2.894293744010178,0.6202181882429882,-0.004426492631381041
2.997661377724827,0.6202181882429882,0.004349089513908626
3.101029011439476,0.6202181882429882,0.011873697868451083
3.2043966451541253,0.6202181882429882,0.016240566041360555
3.3077642788687744,0.6202181882429882,0.01629498911052154
3.411131912583425,0.6202181882429882,0.012100123484068397
3.514499546298074,0.6202181882429882,0.005025751135179401
3.6178671800127233,0.6202181882429882,-0.0025969998666314923
3.7212348137273725,0.6202181882429882,-0.008162629503937363
3.8246024474420213,0.6202181882429882,-0.009605404862866127
3.9279700811566705,0.6202181882429882,-0.006074825127376849
4.031337714871319,0.6202181882429882,0.001754502880065318
4.134705348585968,0.6202181882429882,0.011848366068290582
4.238072982300618,0.6202181882429882,0.021407679447370494
4.341440616015267,0.6202181882429882,0.027704672116627593
4.444808249729916,0.6202181882429882,0.02889369301589026
4.548175883444565,0.6202181882429882,0.02454003552287334
4.651543517159214,0.6202181882429882,0.015705605007548036
4.754911150873865,0.6202181882429882,0.004577623520601596
4.858278784588514,0.6202181882429882,-0.006224744383985872
4.961646418303163,0.6202181882429882,-0.014431219657552353
5.065014052017812,0.6202181882429882,-0.01873578645806349
5.168381685732461,0.6202181882429882,-0.0190606984808189
5.27174931944711,0.6202181882429882,-0.016409780601665144
5.3751169531617595,0.6202181882429882,-0.012392358563499049
5.478484586876409,0.6202181882429882,-0.00860488462023683
5.581852220591058,0.6202181882429882,-0.0060929219210035515
5.685219854305707,0.6202181882429882,-0.005072233461374048
5.788587488020356,0.6202181882429882,-0.004983363190765306
5.8919551217350055,0.6202181882429882,-0.004829215585935881
5.995322755449654,0.6202181882429882,-0.0036456058542891877
6.098690389164305,0.6202181882429882,-0.0009156706676313072
6.202058022878954,0.6202181882429882,0.003227735649924317
6.305425656593603,0.6202181882429882,0.008077129324703492
6.408793290308252,0.6202181882429882,0.012656844020464571
-6.408793290308252,0.7235878862834864,0.005786607978395378
-6.305425656593603,0.7235878862834864,0.006895729535563658
-6.202058022878954,0.7235878862834864,0.008321142365411854
-6.098690389164304,0.7235878862834864,0.01038280366366338
-5.995322755449655,0.7235878862834864,0.013278091781528662
-5.8919551217350055,0.7235878862834864,0.01684671932885408
-5.788587488020356,0.7235878862834864,0.020442844507972055
-5.685219854305708,0.7235878862834864,0.023006571112184602
-5.581852220591058,0.7235878862834864,0.023351747159719508
-5.478484586876409,0.7235878862834864,0.020595052959257114
-5.3751169531617595,0.7235878862834864,0.01457898302816748
-5.27174931944711,0.7235878862834864,0.006119517195823264
-5.168381685732461,0.7235878862834864,-0.0030483714952908433
-5.065014052017812,0.7235878862834864,-0.010657865472156119
-4.961646418303163,0.7235878862834864,-0.014541752621890905
-4.858278784588514,0.7235878862834864,-0.013320857416198723
-4.754911150873865,0.7235878862834864,-0.006921193711933011
-4.651543517159215,0.7235878862834864,0.003271730901965082
-4.548175883444566,0.7235878862834864,0.014705899284940229
-4.444808249729917,0.7235878862834864,0.024342836967893928
-4.341440616015267,0.7235878862834864,0.029530555689017423
-4.238072982300618,0.7235878862834864,0.028799146596670846
-4.134705348585968,0.7235878862834864,0.022320018056424765
-4.031337714871319,0.7235878862834864,0.01186879899473666
-3.9279700811566705,0.7235878862834864,0.0002889019803521057
-3.8246024474420213,0.7235878862834864,-0.009383342281858841
-3.7212348137273725,0.7235878862834864,-0.014855490243903265
-3.6178671800127233,0.7235878862834864,-0.015274643383837057
-3.514499546298074,0.7235878862834864,-0.011452806818756598
-3.411131912583425,0.7235878862834864,-0.005544934858432079
-3.3077642788687753,0.7235878862834864,-0.0002835202952174249
-3.204396645154126,0.7235878862834864,0.0019771769223482704
-3.101029011439477,0.7235878862834864,0.00008746606085618436
-2.9976613777248278,0.7235878862834864,-0.0054809151838927294
-2.8942937440101786,0.7235878862834864,-0.01277297039489196
-2.790926110295529,0.7235878862834864,-0.019003931607017563
-2.6875584765808798,0.7235878862834864,-0.021514089882351987
-2.5841908428662306,0.7235878862834864,-0.018706598684338653
-2.4808232091515814,0.7235878862834864,-0.010651309608373535
-2.3774555754369326,0.7235878862834864,0.0008544261110149312
-2.2740879417222835,0.7235878862834864,0.01279802142959812
-2.1707203080076334,0.7235878862834864,0.021876367639331182
-2.067352674292984,0.7235878862834864,0.025533991238408126
-1.9639850405783352,0.7235878862834864,0.022776136524847362
-1.8606174068636863,0.7235878862834864,0.014491204610305721
-1.757249773149037,0.7235878862834864,0.0031782127837760694
-1.6538821394343879,0.7235878862834864,-0.007829386475605292
-1.550514505719738,0.7235878862834864,-0.015387459097936452
-1.447146872005089,0.7235878862834864,-0.01747756198502651
-1.3437792382904399,0.7235878862834864,-0.013753864465753135
-1.2404116045757907,0.7235878862834864,-0.005531511848147944
-1.1370439708611417,0.7235878862834864,0.004764847603407043
-1.0336763371464925,0.7235878862834864,0.014494292750569224
-0.9303087034318435,0.7235878862834864,0.021725653968187097
-0.8269410697171936,0.7235878862834864,0.025881443417830108
-0.7235734360025445,0.7235878862834864,0.027884695875910373
-0.6202058022878953,0.7235878862834864,0.029764713558966465
-0.5168381685732463,0.7235878862834864,0.0338615471205588
-0.4134705348585972,0.7235878862834864,0.04190385231035614
-0.31010290114394806,0.7235878862834864,0.05427591203031963
-0.2067352674292982,0.7235878862834864,0.06972453906940704
-0.1033676337146491,0.7235878862834864,0.08560853619518799
0.,0.7235878862834864,0.09861308478994955
0.1033676337146491,0.7235878862834864,0.10569946645897027
0.2067352674292982,0.7235878862834864,0.10498683541023655
0.31010290114394734,0.7235878862834864,0.09629004958818334
0.4134705348585964,0.7235878862834864,0.08115425861068035
0.5168381685732455,0.7235878862834864,0.06239191134219272
0.6202058022878947,0.7235878862834864,0.04328503785363223
0.7235734360025438,0.7235878862834864,0.026713431743174924
0.8269410697171944,0.7235878862834864,0.014477773804766196
0.9303087034318435,0.7235878862834864,0.007007004216244182
1.0336763371464925,0.7235878862834864,0.0035022354514935307
1.1370439708611417,0.7235878862834864,0.0024241333970049335
1.2404116045757907,0.7235878862834864,0.002126538368829144
1.3437792382904399,0.7235878862834864,0.0014092543626677003
1.447146872005089,0.7235878862834864,-0.0001867568622638489
1.550514505719738,0.7235878862834864,-0.0024104528297154504
1.6538821394343872,0.7235878862834864,-0.004602485168553347
1.7572497731490362,0.7235878862834864,-0.0061170956398492035
1.8606174068636854,0.7235878862834864,-0.006680687481503524
1.9639850405783346,0.7235878862834864,-0.006541896241037946
2.0673526742929837,0.7235878862834864,-0.0063600288952769465
2.1707203080076343,0.7235878862834864,-0.006887898922488619
2.2740879417222835,0.7235878862834864,-0.008589302310571633
2.3774555754369326,0.7235878862834864,-0.011358795643676926
2.4808232091515814,0.7235878862834864,-0.014472009600866321
2.5841908428662306,0.7235878862834864,-0.016803724055263956
2.6875584765808798,0.7235878862834864,-0.017243094739736335
2.790926110295529,0.7235878862834864,-0.015152046694000925
2.894293744010178,0.7235878862834864,-0.010686444732758645
2.997661377724827,0.7235878862834864,-0.00484182335090427
3.101029011439476,0.7235878862834864,0.0008175951135621568
3.2043966451541253,0.7235878862834864,0.004670606691700911
3.3077642788687744,0.7235878862834864,0.0056206970240439665
3.411131912583425,0.7235878862834864,0.003540292557202427
3.514499546298074,0.7235878862834864,-0.0005928188804447893
3.6178671800127233,0.7235878862834864,-0.004937428769846146
3.7212348137273725,0.7235878862834864,-0.007350436527009566
3.8246024474420213,0.7235878862834864,-0.006095198190888562
3.9279700811566705,0.7235878862834864,-0.0004655683624067125
4.031337714871319,0.7235878862834864,0.008886553862086598
4.134705348585968,0.7235878862834864,0.02004094543239207
4.238072982300618,0.7235878862834864,0.030302794119842574
4.341440616015267,0.7235878862834864,0.03695533983695445
4.444808249729916,0.7235878862834864,0.03804091909874515
4.548175883444565,0.7235878862834864,0.03292958103590723
4.651543517159214,0.7235878862834864,0.02250236297281109
4.754911150873865,0.7235878862834864,0.008899314479390142
4.858278784588514,0.7235878862834864,-0.0050809128280438634
4.961646418303163,0.7235878862834864,-0.01673785802155911
5.065014052017812,0.7235878862834864,-0.024150283906334384
5.168381685732461,0.7235878862834864,-0.026585255586549027
5.27174931944711,0.7235878862834864,-0.02453607749974525
5.3751169531617595,0.7235878862834864,-0.019413006678259823
5.478484586876409,0.7235878862834864,-0.013017561511171102
5.581852220591058,0.7235878862834864,-0.0069871401403273
5.685219854305707,0.7235878862834864,-0.0023860040053404023
5.788587488020356,0.7235878862834864,0.00045020380557053604
5.8919551217350055,0.7235878862834864,0.001808124616081597
5.995322755449654,0.7235878862834864,0.002311944574276687
6.098690389164305,0.7235878862834864,0.0025957398951533847
6.202058022878954,0.7235878862834864,0.0030648125147968597
6.305425656593603,0.7235878862834864,0.003824191038594769
6.408793290308252,0.7235878862834864,0.004772792482397469
-6.408793290308252,0.8269575843239845,-0.0035214620726252417
-6.305425656593603,0.8269575843239845,-0.003402162170803366
-6.202058022878954,0.8269575843239845,-0.0020105566362190884
-6.098690389164304,0.8269575843239845,0.000830541990593894
-5.995322755449655,0.8269575843239845,0.00507715694930549
-5.8919551217350055,0.8269575843239845,0.010299789442615398
-5.788587488020356,0.8269575843239845,0.015606108527844772
-5.685219854305708,0.8269575843239845,0.019732515219106964
-5.581852220591058,0.8269575843239845,0.021326733000020408
-5.478484586876409,0.8269575843239845,0.019363162046084566
-5.3751169531617595,0.8269575843239845,0.013562913311589707
-5.27174931944711,0.8269575843239845,0.00466121419718459
-5.168381685732461,0.8269575843239845,-0.005606937254138538
-5.065014052017812,0.8269575843239845,-0.014850272708949657
-4.961646418303163,0.8269575843239845,-0.0206307260194616
-4.858278784588514,0.8269575843239845,-0.021174016756297206
-4.754911150873865,0.8269575843239845,-0.01596155564103254
-4.651543517159215,0.8269575843239845,-0.005999768232084938
-4.548175883444566,0.8269575843239845,0.006349745827223619
-4.444808249729917,0.8269575843239845,0.017961628514098188
-4.341440616015267,0.8269575843239845,0.025803785916301916
-4.238072982300618,0.8269575843239845,0.027808247202765802
-4.134705348585968,0.8269575843239845,0.023485717138905373
-4.031337714871319,0.8269575843239845,0.014083010429617135
-3.9279700811566705,0.8269575843239845,0.002220623243883654
-3.8246024474420213,0.8269575843239845,-0.008888464036986909
-3.7212348137273725,0.8269575843239845,-0.016401321476689455
-3.6178671800127233,0.8269575843239845,-0.018688572701135484
-3.514499546298074,0.8269575843239845,-0.01579176001745422
-3.411131912583425,0.8269575843239845,-0.009348304755602601
-3.3077642788687753,0.8269575843239845,-0.0020082698473386164
-3.204396645154126,0.8269575843239845,0.0034679680957606603
-3.101029011439477,0.8269575843239845,0.005137053760450137
-2.9976613777248278,0.8269575843239845,0.0025211916111695077
-2.8942937440101786,0.8269575843239845,-0.0032361279246607257
-2.790926110295529,0.8269575843239845,-0.009760567842689926
-2.6875584765808798,0.8269575843239845,-0.014257698226631048
-2.5841908428662306,0.8269575843239845,-0.014479301948545202
-2.4808232091515814,0.8269575843239845,-0.009527696466859937
-2.3774555754369326,0.8269575843239845,-0.0002314869670417827
-2.2740879417222835,0.8269575843239845,0.011035721981678032
-2.1707203080076334,0.8269575843239845,0.021042100568818552
-2.067352674292984,0.8269575843239845,0.026675262023134298
-1.9639850405783352,0.8269575843239845,0.02590324056885363
-1.8606174068636863,0.8269575843239845,0.01841794825396421
-1.757249773149037,0.8269575843239845,0.005763518893331543
-1.6538821394343879,0.8269575843239845,-0.009083136176676544
-1.550514505719738,0.8269575843239845,-0.022540111934423537
-1.447146872005089,0.8269575843239845,-0.031393713550941
-1.3437792382904399,0.8269575843239845,-0.03361812379062914
-1.2404116045757907,0.8269575843239845,-0.02880319288710169
-1.1370439708611417,0.8269575843239845,-0.018086527104605447
-1.0336763371464925,0.8269575843239845,-0.003648058036322558
-0.9303087034318435,0.8269575843239845,0.012039274043966715
-0.8269410697171936,0.8269575843239845,0.02694365304575639
-0.7235734360025445,0.8269575843239845,0.03995751178819246
-0.6202058022878953,0.8269575843239845,0.050994124888275434
-0.5168381685732463,0.8269575843239845,0.06070244919530651
-0.4134705348585972,0.8269575843239845,0.06993614931803482
-0.31010290114394806,0.8269575843239845,0.07919056947279728
-0.2067352674292982,0.8269575843239845,0.08822153659025944
-0.1033676337146491,0.8269575843239845,0.09598542096741067
0.,0.8269575843239845,0.1009194616057742
0.1033676337146491,0.8269575843239845,0.10145843327098569
0.2067352674292982,0.8269575843239845,0.09660110710605521
0.31010290114394734,0.8269575843239845,0.08632504045840153
0.4134705348585964,0.8269575843239845,0.07170401729551595
0.5168381685732455,0.8269575843239845,0.05468727189712214
0.6202058022878947,0.8269575843239845,0.0376154527864822
0.7235734360025438,0.8269575843239845,0.022634553682153075
0.8269410697171944,0.8269575843239845,0.011196894038109228
0.9303087034318435,0.8269575843239845,0.003800252312284552
1.0336763371464925,0.8269575843239845,0.000028358149909368903
1.1370439708611417,0.8269575843239845,-0.0011489978961721126
1.2404116045757907,0.8269575843239845,-0.0009423611084537611
1.3437792382904399,0.8269575843239845,-0.0003366248220515457
1.447146872005089,0.8269575843239845,0.00015068456156683283
1.550514505719738,0.8269575843239845,0.00048232797609450395
1.6538821394343872,0.8269575843239845,0.0009121586322023414
1.7572497731490362,0.8269575843239845,0.0016961767211748154
1.8606174068636854,0.8269575843239845,0.002838648131014826
1.9639850405783346,0.8269575843239845,0.003986499205321506
2.0673526742929837,0.8269575843239845,0.004519306890367278
2.1707203080076343,0.8269575843239845,0.003798388512506811
2.2740879417222835,0.8269575843239845,0.0014696691800115478
2.3774555754369326,0.8269575843239845,-0.0023117921634759433
2.4808232091515814,0.8269575843239845,-0.0068415189756740455
2.5841908428662306,0.8269575843239845,-0.011045519203140093
2.6875584765808798,0.8269575843239845,-0.013828831641646583
2.790926110295529,0.8269575843239845,-0.014469651712810084
2.894293744010178,0.8269575843239845,-0.012908706883974773
2.997661377724827,0.8269575843239845,-0.009812929689955185
3.101029011439476,0.8269575843239845,-0.006369959147513637
3.2043966451541253,0.8269575843239845,-0.003868740791038136
3.3077642788687744,0.8269575843239845,-0.0032057225785376785
3.411131912583425,0.8269575843239845,-0.004494029070249673
3.514499546298074,0.8269575843239845,-0.0069283739645791724
3.6178671800127233,0.8269575843239845,-0.008977172852687345
3.7212348137273725,0.8269575843239845,-0.008861741446099624
3.8246024474420213,0.8269575843239845,-0.0051787534278534076
3.9279700811566705,0.8269575843239845,0.0025370133738750436
4.031337714871319,0.8269575843239845,0.01350488846901321
4.134705348585968,0.8269575843239845,0.02576635237107574
4.238072982300618,0.8269575843239845,0.03663191726732526
4.341440616015267,0.8269575843239845,0.0433869779275967
4.444808249729916,0.8269575843239845,0.04404976105989021
4.548175883444565,0.8269575843239845,0.03795269625843851
4.651543517159214,0.8269575843239845,0.025969700048968168
4.754911150873865,0.8269575843239845,0.0103195476222499
4.858278784588514,0.8269575843239845,-0.005995390948172145
4.961646418303163,0.8269575843239845,-0.019947077487069406
5.065014052017812,0.8269575843239845,-0.029214604342282215
5.168381685732461,0.8269575843239845,-0.03268684266113441
5.27174931944711,0.8269575843239845,-0.03060938261570973
5.3751169531617595,0.8269575843239845,-0.024364154214026025
5.478484586876409,0.8269575843239845,-0.015980133209840135
5.581852220591058,0.8269575843239845,-0.00754433489374437
5.685219854305707,0.8269575843239845,-0.0006935498144683881
5.788587488020356,0.8269575843239845,0.003680128731914124
5.8919551217350055,0.8269575843239845,0.00546222479411049
5.995322755449654,0.8269575843239845,0.005130264778278969
6.098690389164305,0.8269575843239845,0.0034569230141530244
6.202058022878954,0.8269575843239845,0.0012268238684984797
6.305425656593603,0.8269575843239845,-0.0009388651853836757
6.408793290308252,0.8269575843239845,-0.002618559782015634
-6.408793290308252,0.9303272823644827,-0.010183412622056947
-6.305425656593603,0.9303272823644827,-0.010598553136585552
-6.202058022878954,0.9303272823644827,-0.009605973936833292
-6.098690389164304,0.9303272823644827,-0.0070566967565492
-5.995322755449655,0.9303272823644827,-0.0029682825088440177
-5.8919551217350055,0.9303272823644827,0.0023105730042846055
-5.788587488020356,0.9303272823644827,0.007986834526968405
-5.685219854305708,0.9303272823644827,0.012854989564825605
-5.581852220591058,0.9303272823644827,0.015520490704575892
-5.478484586876409,0.9303272823644827,0.014784584706263476
-5.3751169531617595,0.9303272823644827,0.010082949170899774
-5.27174931944711,0.9303272823644827,0.0018242662400497361
-5.168381685732461,0.9303272823644827,-0.008517834028092612
-5.065014052017812,0.9303272823644827,-0.018641254018945605
-4.961646418303163,0.9303272823644827,-0.025957520302385104
-4.858278784588514,0.9303272823644827,-0.028306433441339734
-4.754911150873865,0.9303272823644827,-0.02463372361292856
-4.651543517159215,0.9303272823644827,-0.015409991773923099
-4.548175883444566,0.9303272823644827,-0.0026315482735624635
-4.444808249729917,0.9303272823644827,0.010634653492799998
-4.341440616015267,0.9303272823644827,0.021055869486207513
-4.238072982300618,0.9303272823644827,0.02596284461215444
-4.134705348585968,0.9303272823644827,0.024125032893898782
-4.031337714871319,0.9303272823644827,0.01612760449383243
-3.9279700811566705,0.9303272823644827,0.004220918481305113
-3.8246024474420213,0.9303272823644827,-0.008325674293957837
-3.7212348137273725,0.9303272823644827,-0.01817720788041666
-3.6178671800127233,0.9303272823644827,-0.02290431406949345
-3.514499546298074,0.9303272823644827,-0.021672274321705855
-3.411131912583425,0.9303272823644827,-0.015433162404013013
-3.3077642788687753,0.9303272823644827,-0.006561838670120535
-3.204396645154126,0.9303272823644827,0.0019468720577797117
-3.101029011439477,0.9303272823644827,0.0074618173511172186
-2.9976613777248278,0.9303272823644827,0.008563275433540216
-2.8942937440101786,0.9303272823644827,0.005481298409724419
-2.790926110295529,0.9303272823644827,-0.00001706187478823465
-2.6875584765808798,0.9303272823644827,-0.005255034408924013
-2.5841908428662306,0.9303272823644827,-0.007584110181131601
-2.4808232091515814,0.9303272823644827,-0.005327058437926296
-2.3774555754369326,0.9303272823644827,0.0015831105031261505
-2.2740879417222835,0.9303272823644827,0.011481145839152634
-2.1707203080076334,0.9303272823644827,0.021412752865296553
-2.067352674292984,0.9303272823644827,0.028011167948572765
-1.9639850405783352,0.9303272823644827,0.02853762136627309
-1.8606174068636863,0.9303272823644827,0.0217644993324807
-1.757249773149037,0.9303272823644827,0.008429773032613152
-1.6538821394343879,0.9303272823644827,-0.008874778843879152
-1.550514505719738,0.9303272823644827,-0.026344724878222647
-1.447146872005089,0.9303272823644827,-0.03993781479468763
-1.3437792382904399,0.9303272823644827,-0.04639279036585694
-1.2404116045757907,0.9303272823644827,-0.04400064703572079
-1.1370439708611417,0.9303272823644827,-0.03292422334897752
-1.0336763371464925,0.9303272823644827,-0.015007366801480012
-0.9303087034318435,0.9303272823644827,0.006830162490884036
-0.8269410697171936,0.9303272823644827,0.029400659374415127
-0.7235734360025445,0.9303272823644827,0.05000637804666652
-0.6202058022878953,0.9303272823644827,0.06693498755729987
-0.5168381685732463,0.9303272823644827,0.07958415195031142
-0.4134705348585972,0.9303272823644827,0.08823595399662035
-0.31010290114394806,0.9303272823644827,0.09361214112441839
-0.2067352674292982,0.9303272823644827,0.0963976160001258
-0.1033676337146491,0.9303272823644827,0.09690760979294004
0.,0.9303272823644827,0.095003015264609
0.1033676337146491,0.9303272823644827,0.0902573137194366
0.2067352674292982,0.9303272823644827,0.08228471377407245
0.31010290114394734,0.9303272823644827,0.0710849064202724
0.4134705348585964,0.9303272823644827,0.05726172001273507
0.5168381685732455,0.9303272823644827,0.04202667274933153
0.6202058022878947,0.9303272823644827,0.026981609177849256
0.7235734360025438,0.9303272823644827,0.013755696675525968
0.8269410697171944,0.9303272823644827,0.003621974253958962
0.9303087034318435,0.9303272823644827,-0.0027789153037605543
1.0336763371464925,0.9303272823644827,-0.005523532955663069
1.1370439708611417,0.9303272823644827,-0.0052856728339681
1.2404116045757907,0.9303272823644827,-0.003069564039890356
1.3437792382904399,0.9303272823644827,0.00010023711384208587
1.447146872005089,0.9303272823644827,0.003424095600690205
1.550514505719738,0.9303272823644827,0.006435038721151369
1.6538821394343872,0.9303272823644827,0.008956255051101885
1.7572497731490362,0.9303272823644827,0.010955614190123232
1.8606174068636854,0.9303272823644827,0.012381220473390936
1.9639850405783346,0.9303272823644827,0.013062053650496024
2.0673526742929837,0.9303272823644827,0.012722429850658856
2.1707203080076343,0.9303272823644827,0.011103701373490225
2.2740879417222835,0.9303272823644827,0.008134506400320455
2.3774555754369326,0.9303272823644827,0.0040638570521415035
2.4808232091515814,0.9303272823644827,-0.0005186804492869382
2.5841908428662306,0.9303272823644827,-0.004807408052990237
2.6875584765808798,0.9303272823644827,-0.008019922242836203
2.790926110295529,0.9303272823644827,-0.009667911244597777
2.894293744010178,0.9303272823644827,-0.009751663456707535
2.997661377724827,0.9303272823644827,-0.008788618087210542
3.101029011439476,0.9303272823644827,-0.007642406540733654
3.2043966451541253,0.9303272823644827,-0.0071940268592259994
3.3077642788687744,0.9303272823644827,-0.007963381583725915
3.411131912583425,0.9303272823644827,-0.009821137104385797
3.514499546298074,0.9303272823644827,-0.01191285771671292
3.6178671800127233,0.9303272823644827,-0.012852299565649728
3.7212348137273725,0.9303272823644827,-0.011148790565000326
3.8246024474420213,0.9303272823644827,-0.005746006586231658
3.9279700811566705,0.9303272823644827,0.003502245593296376
4.031337714871319,0.9303272823644827,0.015588781468712344
4.134705348585968,0.9303272823644827,0.028448599574589173
4.238072982300618,0.9303272823644827,0.03939614882994019
4.341440616015267,0.9303272823644827,0.04579664979618368
4.444808249729916,0.9303272823644827,0.04578273832767358
4.548175883444565,0.9303272823644827,0.03880402806487334
4.651543517159214,0.9303272823644827,0.025840417219600117
4.754911150873865,0.9303272823644827,0.009207574019609898
4.858278784588514,0.9303272823644827,-0.007995620274204718
4.961646418303163,0.9303272823644827,-0.02264148211812719
5.065014052017812,0.9303272823644827,-0.03231594762133098
5.168381685732461,0.9303272823644827,-0.03584398918328803
5.27174931944711,0.9303272823644827,-0.033464177674421745
5.3751169531617595,0.9303272823644827,-0.026627717809232374
5.478484586876409,0.9303272823644827,-0.01750842757378909
5.581852220591058,0.9303272823644827,-0.008387800365207315
5.685219854305707,0.9303272823644827,-0.0011004978653352405
5.788587488020356,0.9303272823644827,0.0033128335129724447
5.8919551217350055,0.9303272823644827,0.004679752142109409
5.995322755449654,0.9303272823644827,0.003525170770409695
6.098690389164305,0.9303272823644827,0.0007567352923991973
6.202058022878954,0.9303272823644827,-0.002662770815851093
6.305425656593603,0.9303272823644827,-0.0059457912248363914
6.408793290308252,0.9303272823644827,-0.008561328166615121
-6.408793290308252,1.033696980404981,-0.013203588736735836
-6.305425656593603,1.033696980404981,-0.01319789830130599
-6.202058022878954,1.033696980404981,-0.01239733678233707
-6.098690389164304,1.033696980404981,-0.010677897200197685
-5.995322755449655,1.033696980404981,-0.007892898176434644
-5.8919551217350055,1.033696980404981,-0.004068527232340058
-5.788587488020356,1.033696980404981,0.0003987417596693032
-5.685219854305708,1.033696980404981,0.004657297672092375
-5.581852220591058,1.033696980404981,0.007509053834236858
-5.478484586876409,1.033696980404981,0.007719351011553106
-5.3751169531617595,1.033696980404981,0.004449255312429432
-5.27174931944711,1.033696980404981,-0.002334975387074223
-5.168381685732461,1.033696980404981,-0.011638304924474053
-5.065014052017812,1.033696980404981,-0.02151940928673743
-4.961646418303163,1.033696980404981,-0.029505665270584264
-4.858278784588514,1.033696980404981,-0.03325184737186735
-4.754911150873865,1.033696980404981,-0.03125687363311006
-4.651543517159215,1.033696980404981,-0.023410771243857105
-4.548175883444566,1.033696980404981,-0.011176252091521373
-4.444808249729917,1.033696980404981,0.0026891215597502106
-4.341440616015267,1.033696980404981,0.014822715204442657
-4.238072982300618,1.033696980404981,0.02217479464198305
-4.134705348585968,1.033696980404981,0.022885886863665866
-4.031337714871319,1.033696980404981,0.0168521407389483
-3.9279700811566705,1.033696980404981,0.005792339790398201
-3.8246024474420213,1.033696980404981,-0.007220951151009725
-3.7212348137273725,1.033696980404981,-0.018636986540513937
-3.6178671800127233,1.033696980404981,-0.025449196448040078
-3.514499546298074,1.033696980404981,-0.026052782810521397
-3.411131912583425,1.033696980404981,-0.02067270533861335
-3.3077642788687753,1.033696980404981,-0.011229267767016167
-3.204396645154126,1.033696980404981,-0.0006850056167314018
-3.101029011439477,1.033696980404981,0.007918755952891295
-2.9976613777248278,1.033696980404981,0.012427812039238158
-2.8942937440101786,1.033696980404981,0.01223419049734592
-2.790926110295529,1.033696980404981,0.008417323749124996
-2.6875584765808798,1.033696980404981,0.0033229089031323626
-2.5841908428662306,1.033696980404981,-0.00028290010235241045
-2.4808232091515814,1.033696980404981,-0.0002077707626663285
-2.3774555754369326,1.033696980404981,0.004350422712409565
-2.2740879417222835,1.033696980404981,0.012436738942991559
-2.1707203080076334,1.033696980404981,0.02155114227920476
-2.067352674292984,1.033696980404981,0.028384206283826742
-1.9639850405783352,1.033696980404981,0.029853877524130216
-1.8606174068636863,1.033696980404981,0.02412320604248504
-1.757249773149037,1.033696980404981,0.011282235450034372
-1.6538821394343879,1.033696980404981,-0.006520517646213362
-1.550514505719738,1.033696980404981,-0.02554350340314187
-1.447146872005089,1.033696980404981,-0.04138055147324348
-1.3437792382904399,1.033696980404981,-0.050081794790536364
-1.2404116045757907,1.033696980404981,-0.04914530649171797
-1.1370439708611417,1.033696980404981,-0.03810491531102116
-1.0336763371464925,1.033696980404981,-0.01856765957328011
-0.9303087034318435,1.033696980404981,0.0062794113781091745
-0.8269410697171936,1.033696980404981,0.032521602286742335
-0.7235734360025445,1.033696980404981,0.056465141173486465
-0.6202058022878953,1.033696980404981,0.07541248380475052
-0.5168381685732463,1.033696980404981,0.08807000430329162
-0.4134705348585972,1.033696980404981,0.0945216051108807
-0.31010290114394806,1.033696980404981,0.09583867298802329
-0.2067352674292982,1.033696980404981,0.09349899744867347
-0.1033676337146491,1.033696980404981,0.08882519393178662
0.,1.033696980404981,0.08262013405798847
0.1033676337146491,1.033696980404981,0.07508972636646775
0.2067352674292982,1.033696980404981,0.06603538579233349
0.31010290114394734,1.033696980404981,0.0552072445541433
0.4134705348585964,1.033696980404981,0.04266365126756691
0.5168381685732455,1.033696980404981,0.02899421246692846
0.6202058022878947,1.033696980404981,0.015323778895784896
0.7235734360025438,1.033696980404981,0.0030988339058313956
0.8269410697171944,1.033696980404981,-0.006265072897883723
0.9303087034318435,1.033696980404981,-0.011751893874220043
1.0336763371464925,1.033696980404981,-0.01300789799993756
1.1370439708611417,1.033696980404981,-0.010419571423252639
1.2404116045757907,1.033696980404981,-0.004993301649810462
1.3437792382904399,1.033696980404981,0.0019120421881522215
1.447146872005089,1.033696980404981,0.00890758872083829
1.550514505719738,1.033696980404981,0.014854265646633821
1.6538821394343872,1.033696980404981,0.01902984387271498
1.7572497731490362,1.033696980404981,0.021160474359028437
1.8606174068636854,1.033696980404981,0.02134153304598561
1.9639850405783346,1.033696980404981,0.01990295076184556
2.0673526742929837,1.033696980404981,0.01727836125962477
2.1707203080076343,1.033696980404981,0.013917568832865676
2.2740879417222835,1.033696980404981,0.010249691760660273
2.3774555754369326,1.033696980404981,0.0066756055200195025
2.4808232091515814,1.033696980404981,0.003555991112676977
2.5841908428662306,1.033696980404981,0.0011702548293409543
2.6875584765808798,1.033696980404981,-0.0003533410326161689
2.790926110295529,1.033696980404981,-0.0011076747810635237
2.894293744010178,1.033696980404981,-0.0014316067576257874
2.997661377724827,1.033696980404981,-0.0018498933237164963
3.101029011439476,1.033696980404981,-0.0029170393378517294
3.2043966451541253,1.033696980404981,-0.004996135780330895
3.3077642788687744,1.033696980404981,-0.008042515259539355
3.411131912583425,1.033696980404981,-0.011479666509245834
3.514499546298074,1.033696980404981,-0.014239988738177374
3.6178671800127233,1.033696980404981,-0.014996133618975003
3.7212348137273725,1.033696980404981,-0.012543197368710086
3.8246024474420213,1.033696980404981,-0.006230138258103192
3.9279700811566705,1.033696980404981,0.0036959619016621453
4.031337714871319,1.033696980404981,0.015960722683967747
4.134705348585968,1.033696980404981,0.02842263666041806
4.238072982300618,1.033696980404981,0.03851191712088097
4.341440616015267,1.033696980404981,0.04384730927615394
4.444808249729916,1.033696980404981,0.04286494150690083
4.548175883444565,1.033696980404981,0.035276417619478896
4.651543517159214,1.033696980404981,0.022213378329975185
4.754911150873865,1.033696980404981,0.006002643257854653
4.858278784588514,1.033696980404981,-0.010376254332868725
4.961646418303163,1.033696980404981,-0.0240046107109567
5.065014052017812,1.033696980404981,-0.03271133957013099
5.168381685732461,1.033696980404981,-0.03554407742949834
5.27174931944711,1.033696980404981,-0.03290213949875519
5.3751169531617595,1.033696980404981,-0.02631147061004694
5.478484586876409,1.033696980404981,-0.01792742420993945
5.581852220591058,1.033696980404981,-0.009926290529267332
5.685219854305707,1.033696980404981,-0.003967978770597513
5.788587488020356,1.033696980404981,-0.0008753971191031759
5.8919551217350055,1.033696980404981,-0.0005956738144728051
5.995322755449654,1.033696980404981,-0.0024133177545929527
6.098690389164305,1.033696980404981,-0.005308453069434698
6.202058022878954,1.033696980404981,-0.008319489790855058
6.305425656593603,1.033696980404981,-0.010787919988060942
6.408793290308252,1.033696980404981,-0.012423347337167472
-6.408793290308252,1.137066678445479,-0.012406080248855688
-6.305425656593603,1.137066678445479,-0.01079620989372387
-6.202058022878954,1.137066678445479,-0.00946192038181718
-6.098690389164304,1.137066678445479,-0.008422405961346734
-5.995322755449655,1.137066678445479,-0.007410375666465008
-5.8919551217350055,1.137066678445479,-0.006074991717102957
-5.788587488020356,1.137066678445479,-0.004254351710088416
-5.685219854305708,1.137066678445479,-0.0021914769980199873
-5.581852220591058,1.137066678445479,-0.0005820659419098724
-5.478484586876409,1.137066678445479,-0.0004033812918542361
-5.3751169531617595,1.137066678445479,-0.0025605062557302475
-5.27174931944711,1.137066678445479,-0.007466837333562541
-5.168381685732461,1.137066678445479,-0.014718529713366481
-5.065014052017812,1.137066678445479,-0.023008249497966652
-4.961646418303163,1.137066678445479,-0.030352540941792235
-4.858278784588514,1.137066678445479,-0.034600815890875145
-4.754911150873865,1.137066678445479,-0.034088210266150436
-4.651543517159215,1.137066678445479,-0.02822745907577966
-4.548175883444566,1.137066678445479,-0.01783351078766022
-4.444808249729917,1.137066678445479,-0.005044480099701127
-4.341440616015267,1.137066678445479,0.007175181687885213
-4.238072982300618,1.137066678445479,0.015826968972692
-4.134705348585968,1.137066678445479,0.018738465150169165
-4.031337714871319,1.137066678445479,0.015226946697754828
-3.9279700811566705,1.137066678445479,0.006349754215448283
-3.8246024474420213,1.137066678445479,-0.005354593204191879
-3.7212348137273725,1.137066678445479,-0.016573363780517308
-3.6178671800127233,1.137066678445479,-0.024169811692055686
-3.514499546298074,1.137066678445479,-0.026089059439544388
-3.411131912583425,1.137066678445479,-0.021939309512240417
-3.3077642788687753,1.137066678445479,-0.013065362970721996
-3.204396645154126,1.137066678445479,-0.0020895622815626765
-3.101029011439477,1.137066678445479,0.00793574247602445
-2.9976613777248278,1.137066678445479,0.014494890022662738
-2.8942937440101786,1.137066678445479,0.016385388072848645
-2.790926110295529,1.137066678445479,0.014054201407479887
-2.6875584765808798,1.137066678445479,0.009384845854130483
-2.5841908428662306,1.137066678445479,0.0050040999078814095
-2.4808232091515814,1.137066678445479,0.003334507053668763
-2.3774555754369326,1.137066678445479,0.005704460794126021
-2.2740879417222835,1.137066678445479,0.011813035791294425
-2.1707203080076334,1.137066678445479,0.019735602915323724
-2.067352674292984,1.137066678445479,0.026483652958581558
-1.9639850405783352,1.137066678445479,0.02895323476091448
-1.8606174068636863,1.137066678445479,0.024968392237915776
-1.757249773149037,1.137066678445479,0.014090162582435752
-1.6538821394343879,1.137066678445479,-0.0020701887708332277
-1.550514505719738,1.137066678445479,-0.020144399778082165
-1.447146872005089,1.137066678445479,-0.035832057625574676
-1.3437792382904399,1.137066678445479,-0.0450200464439368
-1.2404116045757907,1.137066678445479,-0.044871210556887545
-1.1370439708611417,1.137066678445479,-0.034568784172940216
-1.0336763371464925,1.137066678445479,-0.015510001770849846
-0.9303087034318435,1.137066678445479,0.009090900040938751
-0.8269410697171936,1.137066678445479,0.035056230804683584
-0.7235734360025445,1.137066678445479,0.058293595671345684
-0.6202058022878953,1.137066678445479,0.0757351429700102
-0.5168381685732463,1.137066678445479,0.08591304656473278
-0.4134705348585972,1.137066678445479,0.08904137225517485
-0.31010290114394806,1.137066678445479,0.0866307581574133
-0.2067352674292982,1.137066678445479,0.08080034590541328
-0.1033676337146491,1.137066678445479,0.07352921472201643
0.,1.137066678445479,0.0660864498985225
0.1033676337146491,1.137066678445479,0.05880093613179106
0.2067352674292982,1.137066678445479,0.05120850158281477
0.31010290114394734,1.137066678445479,0.04248744371829456
0.4134705348585964,1.137066678445479,0.03200455011267266
0.5168381685732455,1.137066678445479,0.019768747101919424
0.6202058022878947,1.137066678445479,0.006632536331692838
0.7235734360025438,1.137066678445479,-0.005825722726070236
0.8269410697171944,1.137066678445479,-0.015695994117926076
0.9303087034318435,1.137066678445479,-0.02127462812097888
1.0336763371464925,1.137066678445479,-0.02157134558877368
1.1370439708611417,1.137066678445479,-0.016625967338766562
1.2404116045757907,1.137066678445479,-0.007540891023370676
1.3437792382904399,1.137066678445479,0.00377406129684277
1.447146872005089,1.137066678445479,0.015062001435252232
1.550514505719738,1.137066678445479,0.024247436512958197
1.6538821394343872,1.137066678445479,0.029886363745549864
1.7572497731490362,1.137066678445479,0.03142607474259613
1.8606174068636854,1.137066678445479,0.029226175687920537
1.9639850405783346,1.137066678445479,0.02436225496286221
2.0673526742929837,1.137066678445479,0.018288366031661188
2.1707203080076343,1.137066678445479,0.012460008977994914
2.2740879417222835,1.137066678445479,0.00801276922601533
2.3774555754369326,1.137066678445479,0.005560900662133873
2.4808232091515814,1.137066678445479,0.005138897540155953
2.5841908428662306,1.137066678445479,0.006271900979574307
2.6875584765808798,1.137066678445479,0.00813736691666327
2.790926110295529,1.137066678445479,0.009773264246779354
2.894293744010178,1.137066678445479,0.010293054238372987
2.997661377724827,1.137066678445479,0.009077335726552328
3.101029011439476,1.137066678445479,0.005919652343371323
3.2043966451541253,1.137066678445479,0.0011069328310664562
3.3077642788687744,1.137066678445479,-0.004584271241319619
3.411131912583425,1.137066678445479,-0.00999057796156156
3.514499546298074,1.137066678445479,-0.013765779720783185
3.6178671800127233,1.137066678445479,-0.014665550337921942
3.7212348137273725,1.137066678445479,-0.011864124493956383
3.8246024474420213,1.137066678445479,-0.005230189784631191
3.9279700811566705,1.137066678445479,0.0045191006080467985
4.031337714871319,1.137066678445479,0.01585131327029058
4.134705348585968,1.137066678445479,0.026663635364213636
4.238072982300618,1.137066678445479,0.03470669869163126
4.341440616015267,1.137066678445479,0.03809708334263329
4.444808249729916,1.137066678445479,0.03578994620962466
4.548175883444565,1.137066678445479,0.02787953588294733
4.651543517159214,1.137066678445479,0.015631890321762643
4.754911150873865,1.137066678445479,0.0012233361332062566
4.858278784588514,1.137066678445479,-0.012758657623761166
4.961646418303163,1.137066678445479,-0.023924511453848968
5.065014052017812,1.137066678445479,-0.030637522117816767
5.168381685732461,1.137066678445479,-0.03236296069216758
5.27174931944711,1.137066678445479,-0.029717881838452805
5.3751169531617595,1.137066678445479,-0.024215919346081204
5.478484586876409,1.137066678445479,-0.017791044587083468
5.581852220591058,1.137066678445479,-0.012247500932041007
5.685219854305707,1.137066678445479,-0.00879965170375993
5.788587488020356,1.137066678445479,-0.007830262595274227
5.8919551217350055,1.137066678445479,-0.008920884787547594
5.995322755449654,1.137066678445479,-0.011118810734049592
6.098690389164305,1.137066678445479,-0.013331488144436009
6.202058022878954,1.137066678445479,-0.014705635022321825
6.305425656593603,1.137066678445479,-0.01486491295229297
6.408793290308252,1.137066678445479,-0.013939599376196135
-6.408793290308252,1.2404363764859772,-0.008460232958303395
-6.305425656593603,1.2404363764859772,-0.004223817866064194
-6.202058022878954,1.2404363764859772,-0.0013648509810419043
-6.098690389164304,1.2404363764859772,-0.00025078863634419457
-5.995322755449655,1.2404363764859772,-0.0007110203123166179
-5.8919551217350055,1.2404363764859772,-0.002172660295454668
-5.788587488020356,1.2404363764859772,-0.0039391642586831446
-5.685219854305708,1.2404363764859772,-0.005500824650337423
-5.581852220591058,1.2404363764859772,-0.006752923695653971
-5.478484586876409,1.2404363764859772,-0.008030495825675171
-5.3751169531617595,1.2404363764859772,-0.009937564435787357
-5.27174931944711,1.2404363764859772,-0.013029168468435362
-5.168381685732461,1.2404363764859772,-0.017467015697671905
-5.065014052017812,1.2404363764859772,-0.022789922851496898
-4.961646418303163,1.2404363764859772,-0.027908292833516472
-4.858278784588514,1.2404363764859772,-0.03135625238923917
-4.754911150873865,1.2404363764859772,-0.031740652359488336
-4.651543517159215,1.2404363764859772,-0.028246127082108375
-4.548175883444566,1.2404363764859772,-0.021019850920628826
-4.444808249729917,1.2404363764859772,-0.011284482030993236
-4.341440616015267,1.2404363764859772,-0.0011085098324851066
-4.238072982300618,1.2404363764859772,0.007124721807672206
-4.134705348585968,1.2404363764859772,0.011401663159759977
-4.031337714871319,1.2404363764859772,0.010705713048695085
-3.9279700811566705,1.2404363764859772,0.00537953301095602
-3.8246024474420213,1.2404363764859772,-0.0029110232511874025
-3.7212348137273725,1.2404363764859772,-0.011622255976148617
-3.6178671800127233,1.2404363764859772,-0.018065399485822094
-3.514499546298074,1.2404363764859772,-0.020206163263724104
-3.411131912583425,1.2404363764859772,-0.017279904418325758
-3.3077642788687753,1.2404363764859772,-0.01002214905737715
-3.204396645154126,1.2404363764859772,-0.0004325401878754587
-3.101029011439477,1.2404363764859772,0.008860664408366418
-2.9976613777248278,1.2404363764859772,0.015436980874785412
-2.8942937440101786,1.2404363764859772,0.017852541294965985
-2.790926110295529,1.2404363764859772,0.016089484760809694
-2.6875584765808798,1.2404363764859772,0.011533796639365124
-2.5841908428662306,1.2404363764859772,0.00648178431514362
-2.4808232091515814,1.2404363764859772,0.003331220849537277
-2.3774555754369326,1.2404363764859772,0.0037212951288525587
-2.2740879417222835,1.2404363764859772,0.007909148447490447
-2.1707203080076334,1.2404363764859772,0.014600227568213461
-2.067352674292984,1.2404363764859772,0.021305972398134136
-1.9639850405783352,1.2404363764859772,0.025130929206301295
-1.8606174068636863,1.2404363764859772,0.023747612816471097
-1.757249773149037,1.2404363764859772,0.016248663415425236
-1.6538821394343879,1.2404363764859772,0.0035957619477383143
-1.550514505719738,1.2404363764859772,-0.011494566044292253
-1.447146872005089,1.2404363764859772,-0.025214091868631987
-1.3437792382904399,1.2404363764859772,-0.03368836438014833
-1.2404116045757907,1.2404363764859772,-0.03406199816234154
-1.1370439708611417,1.2404363764859772,-0.025318984169519873
-1.0336763371464925,1.2404363764859772,-0.008592049374654898
-0.9303087034318435,1.2404363764859772,0.013129797555574016
-0.8269410697171936,1.2404363764859772,0.03580392115162719
-0.7235734360025445,1.2404363764859772,0.0554028059742932
-0.6202058022878953,1.2404363764859772,0.0689296600888389
-0.5168381685732463,1.2404363764859772,0.07508627900820358
-0.4134705348585972,1.2404363764859772,0.07441353017300198
-0.31010290114394806,1.2404363764859772,0.0688922444821343
-0.2067352674292982,1.2404363764859772,0.06115846380262928
-0.1033676337146491,1.2404363764859772,0.053599678876999735
0.,1.2404363764859772,0.04762382318709622
0.1033676337146491,1.2404363764859772,0.043324901451294744
0.2067352674292982,1.2404363764859772,0.039632462308809076
0.31010290114394734,1.2404363764859772,0.034872150841422984
0.4134705348585964,1.2404363764859772,0.027532956726476206
0.5168381685732455,1.2404363764859772,0.016974693770512583
0.6202058022878947,1.2404363764859772,0.0038345693803667215
0.7235734360025438,1.2404363764859772,-0.010006051071832996
0.8269410697171944,1.2404363764859772,-0.02188903910788014
0.9303087034318435,1.2404363764859772,-0.02913558325151491
1.0336763371464925,1.2404363764859772,-0.029854425014850097
1.1370439708611417,1.2404363764859772,-0.023550703444735855
1.2404116045757907,1.2404363764859772,-0.011347354178209661
1.3437792382904399,1.2404363764859772,0.004249125464394049
1.447146872005089,1.2404363764859772,0.01996929482529098
1.550514505719738,1.2404363764859772,0.03260611902061513
1.6538821394343872,1.2404363764859772,0.039809023266127376
1.7572497731490362,1.2404363764859772,0.04062793663427972
1.8606174068636854,1.2404363764859772,0.03566877895159764
1.9639850405783346,1.2404363764859772,0.02683762969038708
2.0673526742929837,1.2404363764859772,0.016766072863417365
2.1707203080076343,1.2404363764859772,0.008091508895162093
2.2740879417222835,1.2404363764859772,0.0027927631411062436
2.3774555754369326,1.2404363764859772,0.001750145928417871
2.4808232091515814,1.2404363764859772,0.004624390827227659
2.5841908428662306,1.2404363764859772,0.010055973344876819
2.6875584765808798,1.2404363764859772,0.01610299531979672
2.790926110295529,1.2404363764859772,0.02078382867065912
2.894293744010178,1.2404363764859772,0.022580032906680814
2.997661377724827,1.2404363764859772,0.020782641034247474
3.101029011439476,1.2404363764859772,0.015617541945425051
3.2043966451541253,1.2404363764859772,0.008145588206989716
3.3077642788687744,1.2404363764859772,-0.000016089159626177705
3.411131912583425,1.2404363764859772,-0.0070736593460573195
3.514499546298074,1.2404363764859772,-0.01144998604073781
3.6178671800127233,1.2404363764859772,-0.01211423338234543
3.7212348137273725,1.2404363764859772,-0.00879125171824762
3.8246024474420213,1.2404363764859772,-0.0020201950396383952
3.9279700811566705,1.2404363764859772,0.0069423515539386894
4.031337714871319,1.2404363764859772,0.016355780688718534
4.134705348585968,1.2404363764859772,0.02432549189095031
4.238072982300618,1.2404363764859772,0.029172226556689777
4.341440616015267,1.2404363764859772,0.0297720167489451
4.444808249729916,1.2404363764859772,0.025796703550419908
4.548175883444565,1.2404363764859772,0.017797610669044672
4.651543517159214,1.2404363764859772,0.0071030139765324496
4.754911150873865,1.2404363764859772,-0.00445968480749796
4.858278784588514,1.2404363764859772,-0.014962155375233105
4.961646418303163,1.2404363764859772,-0.022803108944571562
5.065014052017812,1.2404363764859772,-0.027060233901365145
5.168381685732461,1.2404363764859772,-0.027673258528236263
5.27174931944711,1.2404363764859772,-0.025406164100720954
5.3751169531617595,1.2404363764859772,-0.02159585164314771
5.478484586876409,1.2404363764859772,-0.017755618949279104
5.581852220591058,1.2404363764859772,-0.015145691906281438
5.685219854305707,1.2404363764859772,-0.014434792154594384
5.788587488020356,1.2404363764859772,-0.015550757029727653
5.8919551217350055,1.2404363764859772,-0.01776107080862695
5.995322755449654,1.2404363764859772,-0.019953018027275973
6.098690389164305,1.2404363764859772,-0.021020704780067907
6.202058022878954,1.2404363764859772,-0.02023311602528961
6.305425656593603,1.2404363764859772,-0.017465240975641796
6.408793290308252,1.2404363764859772,-0.013221160245854447
-6.408793290308252,1.3438060745264753,-0.0027251018722004626
-6.305425656593603,1.3438060745264753,0.004616251074176201
-6.202058022878954,1.3438060745264753,0.009884956011027667
-6.098690389164304,1.3438060745264753,0.012143677361524658
-5.995322755449655,1.3438060745264753,0.011142006820813618
-5.8919551217350055,1.3438060745264753,0.007352804244386941
-5.788587488020356,1.3438060745264753,0.0017997884055639991
-5.685219854305708,1.3438060745264753,-0.004265834996867732
-5.581852220591058,1.3438060745264753,-0.009732686914855102
-5.478484586876409,1.3438060745264753,-0.013919874336688672
-5.3751169531617595,1.3438060745264753,-0.016698060237245783
-5.27174931944711,1.3438060745264753,-0.01840812485980427
-5.168381685732461,1.3438060745264753,-0.01961661709918271
-5.065014052017812,1.3438060745264753,-0.020805707492018752
-4.961646418303163,1.3438060745264753,-0.022119043451592595
-4.858278784588514,1.3438060745264753,-0.023264360998830207
-4.754911150873865,1.3438060745264753,-0.023615241274348116
-4.651543517159215,1.3438060745264753,-0.02247834268643529
-4.548175883444566,1.3438060745264753,-0.01942627882739174
-4.444808249729917,1.3438060745264753,-0.014564981960562997
-4.341440616015267,1.3438060745264753,-0.008621092826465133
-4.238072982300618,1.3438060745264753,-0.002795815286929214
-4.134705348585968,1.3438060745264753,0.00158345405573487
-4.031337714871319,1.3438060745264753,0.003503569381855194
-3.9279700811566705,1.3438060745264753,0.002644538346553455
-3.8246024474420213,1.3438060745264753,-0.00044678229703000954
-3.7212348137273725,1.3438060745264753,-0.004468868607284613
-3.6178671800127233,1.3438060745264753,-0.007747756208123037
-3.514499546298074,1.3438060745264753,-0.008776135815825944
-3.411131912583425,1.3438060745264753,-0.006732724221233067
-3.3077642788687753,1.3438060745264753,-0.0018004017736302801
-3.204396645154126,1.3438060745264753,0.004839663259992238
-3.101029011439477,1.3438060745264753,0.011355383877295188
-2.9976613777248278,1.3438060745264753,0.015852591829364313
-2.8942937440101786,1.3438060745264753,0.01701601998443567
-2.790926110295529,1.3438060745264753,0.014584616091037924
-2.6875584765808798,1.3438060745264753,0.009488736904366683
-2.5841908428662306,1.3438060745264753,0.003584038718715728
-2.4808232091515814,1.3438060745264753,-0.0009478713217871049
-2.3774555754369326,1.3438060745264753,-0.0023438743395829274
-2.2740879417222835,1.3438060745264753,0.00009889921366550211
-2.1707203080076334,1.3438060745264753,0.005709794244578107
-2.067352674292984,1.3438060745264753,0.012585831557724046
-1.9639850405783352,1.3438060745264753,0.01816605976043822
-1.8606174068636863,1.3438060745264753,0.02007062268108617
-1.757249773149037,1.3438060745264753,0.016938719926465347
-1.6538821394343879,1.3438060745264753,0.00898665776195063
-1.550514505719738,1.3438060745264753,-0.0019137327220321854
-1.447146872005089,1.3438060745264753,-0.012687722418533975
-1.3437792382904399,1.3438060745264753,-0.019921853117126184
-1.2404116045757907,1.3438060745264753,-0.020882201595605148
-1.1370439708611417,1.3438060745264753,-0.014370611070345835
-1.0336763371464925,1.3438060745264753,-0.0011447634677287481
-0.9303087034318435,1.3438060745264753,0.01624048397866964
-0.8269410697171936,1.3438060745264753,0.034132706271392844
-0.7235734360025445,1.3438060745264753,0.04881300268352404
-0.6202058022878953,1.3438060745264753,0.05754186449185843
-0.5168381685732463,1.3438060745264753,0.05929590366145879
-0.4134705348585972,1.3438060745264753,0.05496794348864965
-0.31010290114394806,1.3438060745264753,0.046972964291537994
-0.2067352674292982,1.3438060745264753,0.038391729028730295
-0.1033676337146491,1.3438060745264753,0.03193160565835869
0.,1.3438060745264753,0.02904223105148649
0.1033676337146491,1.3438060745264753,0.02947302686788816
0.2067352674292982,1.3438060745264753,0.03141609477295338
0.31010290114394734,1.3438060745264753,0.03218769044948188
0.4134705348585964,1.3438060745264753,0.029225576777130023
0.5168381685732455,1.3438060745264753,0.021074834074147914
0.6202058022878947,1.3438060745264753,0.008035055000912531
0.7235734360025438,1.3438060745264753,-0.007752587069059766
0.8269410697171944,1.3438060745264753,-0.022822722585348565
0.9303087034318435,1.3438060745264753,-0.03335955963752601
1.0336763371464925,1.3438060745264753,-0.036332468577759854
1.1370439708611417,1.3438060745264753,-0.03044438331180479
1.2404116045757907,1.3438060745264753,-0.016598504932864844
1.3437792382904399,1.3438060745264753,0.0022654690468304948
1.447146872005089,1.3438060745264753,0.021923418969781845
1.550514505719738,1.3438060745264753,0.03798836761739405
1.6538821394343872,1.3438060745264753,0.047074446793042624
1.7572497731490362,1.3438060745264753,0.04766808916332923
1.8606174068636854,1.3438060745264753,0.04046357093989362
1.9639850405783346,1.3438060745264753,0.02808212672263787
2.0673526742929837,1.3438060745264753,0.014274785703619085
2.1707203080076343,1.3438060745264753,0.002853957492377399
2.2740879417222835,1.3438060745264753,-0.0033341291941970767
2.3774555754369326,1.3438060745264753,-0.0031111369435568434
2.4808232091515814,1.3438060745264753,0.0028340502708297344
2.5841908428662306,1.3438060745264753,0.012271655684768061
2.6875584765808798,1.3438060745264753,0.022156088800963116
2.790926110295529,1.3438060745264753,0.029519599624900687
2.894293744010178,1.3438060745264753,0.03227478016979782
2.997661377724827,1.3438060745264753,0.029713167341515783
3.101029011439476,1.3438060745264753,0.022590557442233632
3.2043966451541253,1.3438060745264753,0.012814250607929447
3.3077642788687744,1.3438060745264753,0.0028551984156714692
3.411131912583425,1.3438060745264753,-0.004930323144713665
3.514499546298074,1.3438060745264753,-0.008881788426277558
3.6178671800127233,1.3438060745264753,-0.008379657393078638
3.7212348137273725,1.3438060745264753,-0.003896661247775712
3.8246024474420213,1.3438060745264753,0.0032184443884573266
3.9279700811566705,1.3438060745264753,0.011134115348591864
4.031337714871319,1.3438060745264753,0.0179864974502036
4.134705348585968,1.3438060745264753,0.022274804384071388
4.238072982300618,1.3438060745264753,0.023123792034236774
4.341440616015267,1.3438060745264753,0.020381658996250614
4.444808249729916,1.3438060745264753,0.014564033277170253
4.548175883444565,1.3438060745264753,0.006683006010295315
4.651543517159214,1.3438060745264753,-0.00198841896679675
4.754911150873865,1.3438060745264753,-0.01016805521023832
4.858278784588514,1.3438060745264753,-0.01679271902389028
4.961646418303163,1.3438060745264753,-0.021192576731811966
5.065014052017812,1.3438060745264753,-0.02318895548948919
5.168381685732461,1.3438060745264753,-0.023099953338530897
5.27174931944711,1.3438060745264753,-0.021648080544442387
5.3751169531617595,1.3438060745264753,-0.019779577109147736
5.478484586876409,1.3438060745264753,-0.018425269169952324
5.581852220591058,1.3438060745264753,-0.018252862413816993
5.685219854305707,1.3438060745264753,-0.01947254390445
5.788587488020356,1.3438060745264753,-0.021754140984219822
5.8919551217350055,1.3438060745264753,-0.024291443392763186
5.995322755449654,1.3438060745264753,-0.02601092567415497
6.098690389164305,1.3438060745264753,-0.025878139139227707
6.202058022878954,1.3438060745264753,-0.023219676881570197
6.305425656593603,1.3438060745264753,-0.017965270023073927
6.408793290308252,1.3438060745264753,-0.010730662394916749
-6.408793290308252,1.4471757725669734,0.0030662371121120678
-6.305425656593603,1.4471757725669734,0.013197363099177023
-6.202058022878954,1.4471757725669734,0.02128653979738265
-6.098690389164304,1.4471757725669734,0.025674060802058345
-5.995322755449655,1.4471757725669734,0.025365036802409886
-5.8919551217350055,1.4471757725669734,0.020340354208489893
-5.788587488020356,1.4471757725669734,0.011614588663552961
-5.685219854305708,1.4471757725669734,0.0010064968642292842
-5.581852220591058,1.4471757725669734,-0.009322083037647018
-5.478484586876409,1.4471757725669734,-0.017426828688062147
-5.3751169531617595,1.4471757725669734,-0.022073436268455145
-5.27174931944711,1.4471757725669734,-0.02301330004763355
-5.168381685732461,1.4471757725669734,-0.020961939049814304
-5.065014052017812,1.4471757725669734,-0.017295226355178862
-4.961646418303163,1.4471757725669734,-0.013569015838970515
-4.858278784588514,1.4471757725669734,-0.01102248341075532
-4.754911150873865,1.4471757725669734,-0.01022570749440342
-4.651543517159215,1.4471757725669734,-0.010977931640503156
-4.548175883444566,1.4471757725669734,-0.012473814760170504
-4.444808249729917,1.4471757725669734,-0.013662315106018001
-4.341440616015267,1.4471757725669734,-0.013659323550945766
-4.238072982300618,1.4471757725669734,-0.012062848247870248
-4.134705348585968,1.4471757725669734,-0.00906201910631477
-4.031337714871319,1.4471757725669734,-0.005312142463249522
-3.9279700811566705,1.4471757725669734,-0.0016372381262724318
-3.8246024474420213,1.4471757725669734,0.0013142764529221903
-3.7212348137273725,1.4471757725669734,0.003319785378564441
-3.6178671800127233,1.4471757725669734,0.004636979048477261
-3.514499546298074,1.4471757725669734,0.005840406550584998
-3.411131912583425,1.4471757725669734,0.007506980760513297
-3.3077642788687753,1.4471757725669734,0.00988194739791043
-3.204396645154126,1.4471757725669734,0.012671009391992463
-3.101029011439477,1.4471757725669734,0.015060693471258173
-2.9976613777248278,1.4471757725669734,0.015982161038110062
-2.8942937440101786,1.4471757725669734,0.014535163566689107
-2.790926110295529,1.4471757725669734,0.01041628429263527
-2.6875584765808798,1.4471757725669734,0.004178576495652254
-2.5841908428662306,1.4471757725669734,-0.002801644600834403
-2.4808232091515814,1.4471757725669734,-0.008674786087839031
-2.3774555754369326,1.4471757725669734,-0.011690871757424951
-2.2740879417222835,1.4471757725669734,-0.01080896105477154
-2.1707203080076334,1.4471757725669734,-0.006125517052281715
-2.067352674292984,1.4471757725669734,0.0010499228524631537
-1.9639850405783352,1.4471757725669734,0.008531692041171364
-1.8606174068636863,1.4471757725669734,0.013925753089591294
-1.757249773149037,1.4471757725669734,0.015423479436438518
-1.6538821394343879,1.4471757725669734,0.012457319985619844
-1.550514505719738,1.4471757725669734,0.005983399809223476
-1.447146872005089,1.4471757725669734,-0.0017310779987528538
-1.3437792382904399,1.4471757725669734,-0.0077758405668706485
-1.2404116045757907,1.4471757725669734,-0.009523565392358635
-1.1370439708611417,1.4471757725669734,-0.00551781569435405
-1.0336763371464925,1.4471757725669734,0.00397613314032579
-0.9303087034318435,1.4471757725669734,0.016958154805992887
-0.8269410697171936,1.4471757725669734,0.030247480914855306
-0.7235734360025445,1.4471757725669734,0.04044539724184788
-0.6202058022878953,1.4471757725669734,0.045004527054917726
-0.5168381685732463,1.4471757725669734,0.043055327886829135
-0.4134705348585972,1.4471757725669734,0.035708128473232716
-0.31010290114394806,1.4471757725669734,0.02571335301660675
-0.2067352674292982,1.4471757725669734,0.016571835542259074
-0.1033676337146491,1.4471757725669734,0.011372888260702211
0.,1.4471757725669734,0.011737375738739267
0.1033676337146491,1.4471757725669734,0.017220692986224213
0.2067352674292982,1.4471757725669734,0.02539005617775106
0.31010290114394734,1.4471757725669734,0.03257499349349896
0.4134705348585964,1.4471757725669734,0.035068379696442435
0.5168381685732455,1.4471757725669734,0.030400420822173993
0.6202058022878947,1.4471757725669734,0.01827200742952037
0.7235734360025438,1.4471757725669734,0.0008312664952088526
0.8269410697171944,1.4471757725669734,-0.017820866020911236
0.9303087034318435,1.4471757725669734,-0.032766963288352796
1.0336763371464925,1.4471757725669734,-0.03971528169351452
1.1370439708611417,1.4471757725669734,-0.03630795180534325
1.2404116045757907,1.4471757725669734,-0.02288899543548906
1.3437792382904399,1.4471757725669734,-0.002487606174589223
1.447146872005089,1.4471757725669734,0.019988619522580856
1.550514505719738,1.4471757725669734,0.03911405570414951
1.6538821394343872,1.4471757725669734,0.050454092959847104
1.7572497731490362,1.4471757725669734,0.05177496364103588
1.8606174068636854,1.4471757725669734,0.0436012911324186
1.9639850405783346,1.4471757725669734,0.02896977860784178
2.0673526742929837,1.4471757725669734,0.012471435539411347
2.1707203080076343,1.4471757725669734,-0.001114977238269273
2.2740879417222835,1.4471757725669734,-0.00818299735410415
2.3774555754369326,1.4471757725669734,-0.007253633440615132
2.4808232091515814,1.4471757725669734,0.0007357315877549334
2.5841908428662306,1.4471757725669734,0.012859562229933914
2.6875584765808798,1.4471757725669734,0.02518393875441559
2.790926110295529,1.4471757725669734,0.03397667340636928
2.894293744010178,1.4471757725669734,0.036776563839338514
2.997661377724827,1.4471757725669734,0.0330159113932338
3.101029011439476,1.4471757725669734,0.02404442073578671
3.2043966451541253,1.4471757725669734,0.012592406011882901
3.3077642788687744,1.4471757725669734,0.0018760384549037683
3.411131912583425,1.4471757725669734,-0.005361895023938396
3.514499546298074,1.4471757725669734,-0.0075880889445000405
3.6178671800127233,1.4471757725669734,-0.004796968481497854
3.7212348137273725,1.4471757725669734,0.0016397683736849497
3.8246024474420213,1.4471757725669734,0.009497728706770481
3.9279700811566705,1.4471757725669734,0.01640244874407659
4.031337714871319,1.4471757725669734,0.02048385608480952
4.134705348585968,1.4471757725669734,0.020799470228929588
4.238072982300618,1.4471757725669734,0.0174376619454883
4.341440616015267,1.4471757725669734,0.01132175006731777
4.444808249729916,1.4471757725669734,0.0038230603611719917
4.548175883444565,1.4471757725669734,-0.003669156218951851
4.651543517159214,1.4471757725669734,-0.010087212777927892
4.754911150873865,1.4471757725669734,-0.014855414069929714
4.858278784588514,1.4471757725669734,-0.017883920014015463
4.961646418303163,1.4471757725669734,-0.0194377247760677
5.065014052017812,1.4471757725669734,-0.019960468214692363
5.168381685732461,1.4471757725669734,-0.019924713751253494
5.27174931944711,1.4471757725669734,-0.019745823559690578
5.3751169531617595,1.4471757725669734,-0.01975466501232976
5.478484586876409,1.4471757725669734,-0.020194889470999667
5.581852220591058,1.4471757725669734,-0.021205754465536547
5.685219854305707,1.4471757725669734,-0.02277153389502039
5.788587488020356,1.4471757725669734,-0.024651936702135575
5.8919551217350055,1.4471757725669734,-0.026336825831120684
5.995322755449654,1.4471757725669734,-0.02707678241314551
6.098690389164305,1.4471757725669734,-0.02602151615837961
6.202058022878954,1.4471757725669734,-0.022456098468175707
6.305425656593603,1.4471757725669734,-0.016076683002897593
6.408793290308252,1.4471757725669734,-0.007213604441224392
-6.408793290308252,1.5505454706074717,0.007224929713290651
-6.305425656593603,1.5505454706074717,0.019010610149200784
-6.202058022878954,1.5505454706074717,0.029610046105387682
-6.098690389164304,1.5505454706074717,0.036633285810210386
-5.995322755449655,1.5505454706074717,0.03813774856772246
-5.8919551217350055,1.5505454706074717,0.03327707082057609
-5.788587488020356,1.5505454706074717,0.022686169875859887
-5.685219854305708,1.5505454706074717,0.00844825142067265
-5.581852220591058,1.5505454706074717,-0.006380700966882243
-5.478484586876409,1.5505454706074717,-0.018568356125627093
-5.3751169531617595,1.5505454706074717,-0.025589645786650655
-5.27174931944711,1.5505454706074717,-0.026325588022673343
-5.168381685732461,1.5505454706074717,-0.021356474574805148
-5.065014052017812,1.5505454706074717,-0.012753943392734288
-4.961646418303163,1.5505454706074717,-0.003435177959332837
-4.858278784588514,1.5505454706074717,0.0037183133040363074
-4.754911150873865,1.5505454706074717,0.006701809963696766
-4.651543517159215,1.5505454706074717,0.004930183968442348
-4.548175883444566,1.5505454706074717,-0.000674574350402741
-4.444808249729917,1.5505454706074717,-0.008057880445952235
-4.341440616015267,1.5505454706074717,-0.014727889846563725
-4.238072982300618,1.5505454706074717,-0.018534132556858013
-4.134705348585968,1.5505454706074717,-0.01827825177112109
-4.031337714871319,1.5505454706074717,-0.013976287126083939
-3.9279700811566705,1.5505454706074717,-0.006719484350177848
-3.8246024474420213,1.5505454706074717,0.0017812894292182245
-3.7212348137273725,1.5505454706074717,0.009782315199994047
-3.6178671800127233,1.5505454706074717,0.016011039603575274
-3.514499546298074,1.5505454706074717,0.01992284913997172
-3.411131912583425,1.5505454706074717,0.021652034354649893
-3.3077642788687753,1.5505454706074717,0.02171915955992485
-3.204396645154126,1.5505454706074717,0.0206468201790865
-3.101029011439477,1.5505454706074717,0.01866144312950589
-2.9976613777248278,1.5505454706074717,0.015612247290951918
-2.8942937440101786,1.5505454706074717,0.011139388029405412
-2.790926110295529,1.5505454706074717,0.00501152662720163
-2.6875584765808798,1.5505454706074717,-0.0025265058504972513
-2.5841908428662306,1.5505454706074717,-0.010569869875936503
-2.4808232091515814,1.5505454706074717,-0.017649365959240396
-2.3774555754369326,1.5505454706074717,-0.022111711034791325
-2.2740879417222835,1.5505454706074717,-0.022668656318399826
-2.1707203080076334,1.5505454706074717,-0.018915540352013607
-2.067352674292984,1.5505454706074717,-0.011609039107269693
-1.9639850405783352,1.5505454706074717,-0.0025650175747186127
-1.8606174068636863,1.5505454706074717,0.0058312707113550005
-1.757249773149037,1.5505454706074717,0.011364814989355735
-1.6538821394343879,1.5505454706074717,0.012736752543822233
-1.550514505719738,1.5505454706074717,0.010049481897406983
-1.447146872005089,1.5505454706074717,0.004837000281867539
-1.3437792382904399,1.5505454706074717,-0.00040425599127141083
-1.2404116045757907,1.5505454706074717,-0.0030528580985843285
-1.1370439708611417,1.5505454706074717,-0.0012963747250136124
-1.0336763371464925,1.5505454706074717,0.0051621978949454176
-0.9303087034318435,1.5505454706074717,0.01488985935776711
-0.8269410697171936,1.5505454706074717,0.025108003943434435
-0.7235734360025445,1.5505454706074717,0.032578599640636356
-0.6202058022878953,1.5505454706074717,0.03471296974983493
-0.5168381685732463,1.5505454706074717,0.030529446938705376
-0.4134705348585972,1.5505454706074717,0.021116664910564308
-0.31010290114394806,1.5505454706074717,0.009410556385340945
-0.2067352674292982,1.5505454706074717,-0.0006811731037919105
-0.1033676337146491,1.5505454706074717,-0.005547451713049202
0.,1.5505454706074717,-0.0031269363939265076
0.1033676337146491,1.5505454706074717,0.006279383508402973
0.2067352674292982,1.5505454706074717,0.01993516534920816
0.31010290114394734,1.5505454706074717,0.03340184100312561
0.4134705348585964,1.5505454706074717,0.04187946872809819
0.5168381685732455,1.5505454706074717,0.041746882105878375
0.6202058022878947,1.5505454706074717,0.031809557123326886
0.7235734360025438,1.5505454706074717,0.013839026742548093
0.8269410697171944,1.5505454706074717,-0.00779843481391951
0.9303087034318435,1.5505454706074717,-0.027340139587050595
1.0336763371464925,1.5505454706074717,-0.03930212810529428
1.1370439708611417,1.5505454706074717,-0.04012098624479588
1.2404116045757907,1.5505454706074717,-0.029252440267723633
1.3437792382904399,1.5505454706074717,-0.009379471124980653
1.447146872005089,1.5505454706074717,0.014342779781762712
1.550514505719738,1.5505454706074717,0.035778724357689376
1.6538821394343872,1.5505454706074717,0.049585457966867
1.7572497731490362,1.5505454706074717,0.05272700392327421
1.8606174068636854,1.5505454706074717,0.04527429063273412
1.9639850405783346,1.5505454706074717,0.030262191396256206
2.0673526742929837,1.5505454706074717,0.012670004458491355
2.1707203080076343,1.5505454706074717,-0.0021393501373585706
2.2740879417222835,1.5505454706074717,-0.010028089933716094
2.3774555754369326,1.5505454706074717,-0.009247440942938653
2.4808232091515814,1.5505454706074717,-0.000818709243776155
2.5841908428662306,1.5505454706074717,0.01195042852962352
2.6875584765808798,1.5505454706074717,0.024623863674341936
2.790926110295529,1.5505454706074717,0.03307673761122062
2.894293744010178,1.5505454706074717,0.034754739031132506
2.997661377724827,1.5505454706074717,0.029370489230915165
3.101029011439476,1.5505454706074717,0.018851553564039347
3.2043966451541253,1.5505454706074717,0.006600720251000325
3.3077642788687744,1.5505454706074717,-0.003657020412047244
3.411131912583425,1.5505454706074717,-0.009052051782681375
3.514499546298074,1.5505454706074717,-0.008400281035168673
3.6178671800127233,1.5505454706074717,-0.0024489776678653097
3.7212348137273725,1.5505454706074717,0.006495945593188871
3.8246024474420213,1.5505454706074717,0.015395421145476854
3.9279700811566705,1.5505454706074717,0.021457512477199514
4.031337714871319,1.5505454706074717,0.022949062917002733
4.134705348585968,1.5505454706074717,0.019597483821314304
4.238072982300618,1.5505454706074717,0.012496241695869976
4.341440616015267,1.5505454706074717,0.0035977958607651436
4.444808249729916,1.5505454706074717,-0.004995103232021868
4.548175883444565,1.5505454706074717,-0.011684358135078485
4.651543517159214,1.5505454706074717,-0.015768850789989835
4.754911150873865,1.5505454706074717,-0.017479008839336226
4.858278784588514,1.5505454706074717,-0.017693751455765558
4.961646418303163,1.5505454706074717,-0.017486935679586736
5.065014052017812,1.5505454706074717,-0.017693074571703462
5.168381685732461,1.5505454706074717,-0.018650373195060178
5.27174931944711,1.5505454706074717,-0.020191087282193543
5.3751169531617595,1.5505454706074717,-0.02184276327611916
5.478484586876409,1.5505454706074717,-0.023121634479241666
5.581852220591058,1.5505454706074717,-0.023772256963320398
5.685219854305707,1.5505454706074717,-0.023843340323853567
5.788587488020356,1.5505454706074717,-0.02357138628239691
5.8919551217350055,1.5505454706074717,-0.023136055760161447
5.995322755449654,1.5505454706074717,-0.022415224198295253
6.098690389164305,1.5505454706074717,-0.020876107591468025
6.202058022878954,1.5505454706074717,-0.0176866623510888
6.305425656593603,1.5505454706074717,-0.012038214647734729
6.408793290308252,1.5505454706074717,-0.0035727140971473586
-6.408793290308252,1.6539151686479698,0.008539143352468716
-6.305425656593603,1.6539151686479698,0.02024238144434499
-6.202058022878954,1.6539151686479698,0.03227666275689226
-6.098690389164304,1.6539151686479698,0.041700237586962015
-5.995322755449655,1.6539151686479698,0.04563655943321936
-5.8919551217350055,1.6539151686479698,0.04225479448416328
-5.788587488020356,1.6539151686479698,0.03151546057879259
-5.685219854305708,1.6539151686479698,0.01540134896512035
-5.581852220591058,1.6539151686479698,-0.0024861788867864714
-5.478484586876409,1.6539151686479698,-0.01787573997321604
-5.3751169531617595,1.6539151686479698,-0.027041442459231575
-5.27174931944711,1.6539151686479698,-0.027906652947081497
-5.168381685732461,1.6539151686479698,-0.020680687825496966
-5.065014052017812,1.6539151686479698,-0.007815533532378923
-4.961646418303163,1.6539151686479698,0.00671481130687111
-4.858278784588514,1.6539151686479698,0.018592633903379962
-4.754911150873865,1.6539151686479698,0.024426333753661458
-4.651543517159215,1.6539151686479698,0.022718730200780718
-4.548175883444566,1.6539151686479698,0.0142416132582109
-4.444808249729917,1.6539151686479698,0.001718152141670226
-4.341440616015267,1.6539151686479698,-0.01106387120853117
-4.238072982300618,1.6539151686479698,-0.020409889235671164
-4.134705348585968,1.6539151686479698,-0.02377702231294611
-4.031337714871319,1.6539151686479698,-0.020413913407205646
-3.9279700811566705,1.6539151686479698,-0.011415481364552652
-3.8246024474420213,1.6539151686479698,0.0007747906380435032
-3.7212348137273725,1.6539151686479698,0.013206364930320685
-3.6178671800127233,1.6539151686479698,0.023303826776023523
-3.514499546298074,1.6539151686479698,0.02950159600363278
-3.411131912583425,1.6539151686479698,0.031455932341932294
-3.3077642788687753,1.6539151686479698,0.029824219174591066
-3.204396645154126,1.6539151686479698,0.025756915155648458
-3.101029011439477,1.6539151686479698,0.02033731257773575
-2.9976613777248278,1.6539151686479698,0.014198880476831328
-2.8942937440101786,1.6539151686479698,0.007456430756374148
-2.790926110295529,1.6539151686479698,-0.00005458503997117271
-2.6875584765808798,1.6539151686479698,-0.008369610970832803
-2.5841908428662306,1.6539151686479698,-0.01702840135924152
-2.4808232091515814,1.6539151686479698,-0.024944148265673184
-2.3774555754369326,1.6539151686479698,-0.030602551832971576
-2.2740879417222835,1.6539151686479698,-0.03254239420596556
-2.1707203080076334,1.6539151686479698,-0.029940287568805252
-2.067352674292984,1.6539151686479698,-0.023059840813400942
-1.9639850405783352,1.6539151686479698,-0.013357637065289672
-1.8606174068636863,1.6539151686479698,-0.0031571990927423176
-1.757249773149037,1.6539151686479698,0.005034505862407204
-1.6538821394343879,1.6539151686479698,0.009346762960906991
-1.550514505719738,1.6539151686479698,0.009207568864501303
-1.447146872005089,1.6539151686479698,0.005590139378108137
-1.3437792382904399,1.6539151686479698,0.0007199601978877403
-1.2404116045757907,1.6539151686479698,-0.002690010015224161
-1.1370439708611417,1.6539151686479698,-0.0024292360671666516
-1.0336763371464925,1.6539151686479698,0.0023421791483412015
-0.9303087034318435,1.6539151686479698,0.010673062034017583
-0.8269410697171936,1.6539151686479698,0.020033593416226025
-0.7235734360025445,1.6539151686479698,0.027128505704843195
-0.6202058022878953,1.6539151686479698,0.029059756265932157
-0.5168381685732463,1.6539151686479698,0.024444782827464408
-0.4134705348585972,1.6539151686479698,0.014085701725684161
-0.31010290114394806,1.6539151686479698,0.0009169823057853959
-0.2067352674292982,1.6539151686479698,-0.01080476869763947
-0.1033676337146491,1.6539151686479698,-0.01684268353043086
0.,1.6539151686479698,-0.014428134390072893
0.1033676337146491,1.6539151686479698,-0.0033279000626689993
0.2067352674292982,1.6539151686479698,0.013856877100387797
0.31010290114394734,1.6539151686479698,0.03230895260082636
0.4134705348585964,1.6539151686479698,0.04637996881910296
0.5168381685732455,1.6539151686479698,0.05132945575427922
0.6202058022878947,1.6539151686479698,0.0448698170873357
0.7235734360025438,1.6539151686479698,0.028010507945096703
0.8269410697171944,1.6539151686479698,0.004904128900102484
0.9303087034318435,1.6539151686479698,-0.018289804508456055
1.0336763371464925,1.6539151686479698,-0.03519185363504795
1.1370439708611417,1.6539151686479698,-0.04109394986457626
1.2404116045757907,1.6539151686479698,-0.034366576374645796
1.3437792382904399,1.6539151686479698,-0.016940395493188574
1.447146872005089,1.6539151686479698,0.006289238658700352
1.550514505719738,1.6539151686479698,0.028946909025858215
1.6538821394343872,1.6539151686479698,0.04508367284782599
1.7572497731490362,1.6539151686479698,0.050909608440835696
1.8606174068636854,1.6539151686479698,0.04581931158857468
1.9639850405783346,1.6539151686479698,0.03240975920346115
2.0673526742929837,1.6539151686479698,0.015514956198518467
2.1707203080076343,1.6539151686479698,0.0005927595300099977
2.2740879417222835,1.6539151686479698,-0.008004326321795248
2.3774555754369326,1.6539151686479698,-0.008322256539173801
2.4808232091515814,1.6539151686479698,-0.0012687669193421538
2.5841908428662306,1.6539151686479698,0.009865583608642921
2.6875584765808798,1.6539151686479698,0.020632292359349963
2.790926110295529,1.6539151686479698,0.026964770584189675
2.894293744010178,1.6539151686479698,0.02651667856702364
2.997661377724827,1.6539151686479698,0.01936913914070745
3.101029011439476,1.6539151686479698,0.00790219058159971
3.2043966451541253,1.6539151686479698,-0.004090343054971139
3.3077642788687744,1.6539151686479698,-0.012716970577804998
3.411131912583425,1.6539151686479698,-0.015281598090345247
3.514499546298074,1.6539151686479698,-0.01112731445854747
3.6178671800127233,1.6539151686479698,-0.0017732627116182173
3.7212348137273725,1.6539151686479698,0.009665954168964885
3.8246024474420213,1.6539151686479698,0.019549682043392542
3.9279700811566705,1.6539151686479698,0.024889768184933887
4.031337714871319,1.6539151686479698,0.024242855630570707
4.134705348585968,1.6539151686479698,0.01803962416199672
4.238072982300618,1.6539151686479698,0.00828026944474899
4.341440616015267,1.6539151686479698,-0.0022557870827381093
4.444808249729916,1.6539151686479698,-0.010982550538771972
4.548175883444565,1.6539151686479698,-0.016317476849620628
4.651543517159214,1.6539151686479698,-0.01806468769324299
4.754911150873865,1.6539151686479698,-0.01727563302833158
4.858278784588514,1.6539151686479698,-0.015683390543440093
4.961646418303163,1.6539151686479698,-0.014952580988313924
5.065014052017812,1.6539151686479698,-0.016036426692118133
5.168381685732461,1.6539151686479698,-0.01887249857930885
5.27174931944711,1.6539151686479698,-0.02250624176966243
5.3751169531617595,1.6539151686479698,-0.0255627237598672
5.478484586876409,1.6539151686479698,-0.02685629050756589
5.581852220591058,1.6539151686479698,-0.025883051926312364
5.685219854305707,1.6539151686479698,-0.022997054899081527
5.788587488020356,1.6539151686479698,-0.019204091934195634
5.8919551217350055,1.6539151686479698,-0.01566486445261262
5.995322755449654,1.6539151686479698,-0.01312020343888311
6.098690389164305,1.6539151686479698,-0.011487913565788578
6.202058022878954,1.6539151686479698,-0.009818161068418473
6.305425656593603,1.6539151686479698,-0.006654674363050108
6.408793290308252,1.6539151686479698,-0.0006846572293875362
-6.408793290308252,1.757284866688468,0.006618823042803958
-6.305425656593603,1.757284866688468,0.016308615295588972
-6.202058022878954,1.757284866688468,0.02811270634275112
-6.098690389164304,1.757284866688468,0.03889555167212561
-5.995322755449655,1.757284866688468,0.045122251167346784
-5.8919551217350055,1.757284866688468,0.04408024243730124
-5.788587488020356,1.757284866688468,0.03493261697134758
-5.685219854305708,1.757284866688468,0.019220323976930853
-5.581852220591058,1.757284866688468,0.0006031812827430439
-5.478484586876409,1.757284866688468,-0.01611808147954861
-5.3751169531617595,1.757284866688468,-0.026410105173643283
-5.27174931944711,1.757284866688468,-0.02740146325284555
-5.168381685732461,1.757284866688468,-0.018810161174245044
-5.065014052017812,1.757284866688468,-0.003093199986723465
-4.961646418303163,1.757284866688468,0.015244574424961431
-4.858278784588514,1.757284866688468,0.030973787054077783
-4.754911150873865,1.757284866688468,0.03968345317340067
-4.651543517159215,1.757284866688468,0.03906205208927094
-4.548175883444566,1.757284866688468,0.029523602101713627
-4.444808249729917,1.757284866688468,0.014000181410538982
-4.341440616015267,1.757284866688468,-0.0030095857846864616
-4.238072982300618,1.757284866688468,-0.016814526416795476
-4.134705348585968,1.757284866688468,-0.023885434277348207
-4.031337714871319,1.757284866688468,-0.022775603617149993
-3.9279700811566705,1.757284866688468,-0.014353734204282688
-3.8246024474420213,1.757284866688468,-0.0013308302658500838
-3.7212348137273725,1.757284866688468,0.012709618417353333
-3.6178671800127233,1.757284866688468,0.024424995486578033
-3.514499546298074,1.757284866688468,0.03160140059586913
-3.411131912583425,1.757284866688468,0.033557115850453866
-3.3077642788687753,1.757284866688468,0.030993367510131434
-3.204396645154126,1.757284866688468,0.025423115803366116
-3.101029011439477,1.757284866688468,0.018444799629600755
-2.9976613777248278,1.757284866688468,0.011155858869819792
-2.8942937440101786,1.757284866688468,0.00391650043464957
-2.790926110295529,1.757284866688468,-0.0034848376742388403
-2.6875584765808798,1.757284866688468,-0.011382476541077597
-2.5841908428662306,1.757284866688468,-0.01973326530041957
-2.4808232091515814,1.757284866688468,-0.02781298512944741
-2.3774555754369326,1.757284866688468,-0.03426970862678757
-2.2740879417222835,1.757284866688468,-0.037539481456595254
-2.1707203080076334,1.757284866688468,-0.03646927882009744
-2.067352674292984,1.757284866688468,-0.03089088757964169
-1.9639850405783352,1.757284866688468,-0.021889574540995226
-1.8606174068636863,1.757284866688468,-0.011616716689086162
-1.757249773149037,1.757284866688468,-0.002668614079660674
-1.6538821394343879,1.757284866688468,0.002770562934084857
-1.550514505719738,1.757284866688468,0.0037139813945419636
-1.447146872005089,1.757284866688468,0.000780252088388488
-1.3437792382904399,1.757284866688468,-0.00396067596645538
-1.2404116045757907,1.757284866688468,-0.007690041268301772
-1.1370439708611417,1.757284866688468,-0.00787031216364434
-1.0336763371464925,1.757284866688468,-0.003243685768014505
-0.9303087034318435,1.757284866688468,0.005573780043174023
-0.8269410697171936,1.757284866688468,0.016152292657539032
-0.7235734360025445,1.757284866688468,0.024990218640236844
-0.6202058022878953,1.757284866688468,0.02871882259664824
-0.5168381685732463,1.757284866688468,0.025368315860001853
-0.4134705348585972,1.757284866688468,0.015244079611948347
-0.31010290114394806,1.757284866688468,0.00107022834493151
-0.2067352674292982,1.757284866688468,-0.012706264384607731
-0.1033676337146491,1.757284866688468,-0.02127057334080016
0.,1.757284866688468,-0.02103381025216598
0.1033676337146491,1.757284866688468,-0.010937996309183804
0.2067352674292982,1.757284866688468,0.006986771033599279
0.31010290114394734,1.757284866688468,0.02804360037150901
0.4134705348585964,1.757284866688468,0.046182738411589604
0.5168381685732455,1.757284866688468,0.055822001970600374
0.6202058022878947,1.757284866688468,0.05360522596863748
0.7235734360025438,1.757284866688468,0.03953070854412607
0.8269410697171944,1.757284866688468,0.017069618280853304
0.9303087034318435,1.757284866688468,-0.007788379372027507
1.0336763371464925,1.757284866688468,-0.02828104869493128
1.1370439708611417,1.757284866688468,-0.038872351420421655
1.2404116045757907,1.757284866688468,-0.036880146296631264
1.3437792382904399,1.757284866688468,-0.023225373075524004
1.447146872005089,1.757284866688468,-0.002076071254645676
1.550514505719738,1.757284866688468,0.02048715868530473
1.6538821394343872,1.757284866688468,0.03834780064261683
1.7572497731490362,1.757284866688468,0.04717048544240198
1.8606174068636854,1.757284866688468,0.04558892342735314
1.9639850405783346,1.757284866688468,0.03541166950006257
2.0673526742929837,1.757284866688468,0.02081957400497733
2.1707203080076343,1.757284866688468,0.006856378133247156
2.2740879417222835,1.757284866688468,-0.0022660230643517898
2.3774555754369326,1.757284866688468,-0.004484191576401681
2.4808232091515814,1.757284866688468,-0.00040414350024724004
2.5841908428662306,1.757284866688468,0.0071102291363367084
2.6875584765808798,1.757284866688468,0.014100606207023922
2.790926110295529,1.757284866688468,0.017001821787322995
2.894293744010178,1.757284866688468,0.013930920070018428
2.997661377724827,1.757284866688468,0.005340250008453898
3.101029011439476,1.757284866688468,-0.006171261145458727
3.2043966451541253,1.757284866688468,-0.01679941283211473
3.3077642788687744,1.757284866688468,-0.022883234438674828
3.411131912583425,1.757284866688468,-0.02218477964543873
3.514499546298074,1.757284866688468,-0.014660819213831463
3.6178671800127233,1.757284866688468,-0.002473590152548933
3.7212348137273725,1.757284866688468,0.01074390218376139
3.8246024474420213,1.757284866688468,0.021097154280176018
3.9279700811566705,1.757284866688468,0.025688568698693584
4.031337714871319,1.757284866688468,0.02349646870326908
4.134705348585968,1.757284866688468,0.015591337262239045
4.238072982300618,1.757284866688468,0.004644492437976185
4.341440616015267,1.757284866688468,-0.006069459420565016
4.444808249729916,1.757284866688468,-0.013807668746075877
4.548175883444565,1.757284866688468,-0.017230562141886903
4.651543517159214,1.757284866688468,-0.01671885481134818
4.754911150873865,1.757284866688468,-0.014054206986646217
4.858278784588514,1.757284866688468,-0.011612583473471369
4.961646418303163,1.757284866688468,-0.01138890136466902
5.065014052017812,1.757284866688468,-0.014220470985064675
5.168381685732461,1.757284866688468,-0.019490489189119293
5.27174931944711,1.757284866688468,-0.025405958634629362
5.3751169531617595,1.757284866688468,-0.029727248702342078
5.478484586876409,1.757284866688468,-0.030659333172691136
5.581852220591058,1.757284866688468,-0.027558447810367585
5.685219854305707,1.757284866688468,-0.021182128218596583
5.788587488020356,1.757284866688468,-0.013386809092557713
5.8919551217350055,1.757284866688468,-0.006389412276924355
5.995322755449654,1.757284866688468,-0.001878394008142487
6.098690389164305,1.757284866688468,-0.00032208619438996996
6.202058022878954,1.757284866688468,-0.0007534312417793428
6.305425656593603,1.757284866688468,-0.0011341767287582599
6.408793290308252,1.757284866688468,0.0008180195859675315
-6.408793290308252,1.8606545647289676,0.002058746344024196
-6.305425656593603,1.8606545647289676,0.008090896589887925
-6.202058022878954,1.8606545647289676,0.017755999480108014
-6.098690389164304,1.8606545647289676,0.02820571142511339
-5.995322755449655,1.8606545647289676,0.03576165436381018
-5.8919551217350055,1.8606545647289676,0.03720973615978248
-5.788587488020356,1.8606545647289676,0.031019573765429805
-5.685219854305708,1.8606545647289676,0.01805414043197906
-5.581852220591058,1.8606545647289676,0.0014970261366772854
-5.478484586876409,1.8606545647289676,-0.014014199279904164
-5.3751169531617595,1.8606545647289676,-0.02378873331944385
-5.27174931944711,1.8606545647289676,-0.024569324435850737
-5.168381685732461,1.8606545647289676,-0.015617281821565772
-5.065014052017812,1.8606545647289676,0.0009681770153795405
-4.961646418303163,1.8606545647289676,0.020813246268249236
-4.858278784588514,1.8606545647289676,0.038545300866295554
-4.754911150873865,1.8606545647289676,0.049379578763704995
-4.651543517159215,1.8606545647289676,0.050516824468754544
-4.548175883444566,1.8606545647289676,0.0419180767692065
-4.444808249729917,1.8606545647289676,0.02622943160873592
-4.341440616015267,1.8606545647289676,0.007905878708779434
-4.238072982300618,1.8606545647289676,-0.008163783789611951
-4.134705348585968,1.8606545647289676,-0.01808251209144693
-4.031337714871319,1.8606545647289676,-0.019977826775199662
-3.9279700811566705,1.8606545647289676,-0.014348300197215842
-3.8246024474420213,1.8606545647289676,-0.003668492205568851
-3.7212348137273725,1.8606545647289676,0.008559706113326201
-3.6178671800127233,1.8606545647289676,0.01895554489668791
-3.514499546298074,1.8606545647289676,0.025217764516127585
-3.411131912583425,1.8606545647289676,0.026601602813529027
-3.3077642788687753,1.8606545647289676,0.023814899053531725
-3.204396645154126,1.8606545647289676,0.018445673677550532
-3.101029011439477,1.8606545647289676,0.012189305385526834
-2.9976613777248278,1.8606545647289676,0.006190119947158304
-2.8942937440101786,1.8606545647289676,0.0007388448796767738
-2.790926110295529,1.8606545647289676,-0.004592560575001424
-2.6875584765808798,1.8606545647289676,-0.010479384382958604
-2.5841908428662306,1.8606545647289676,-0.01727047525738714
-2.4808232091515814,1.8606545647289676,-0.024581983730785514
-2.3774555754369326,1.8606545647289676,-0.03125274029143175
-2.2740879417222835,1.8606545647289676,-0.035700647130608915
-2.1707203080076334,1.8606545647289676,-0.03654680127311621
-2.067352674292984,1.8606545647289676,-0.03325231560694022
-1.9639850405783352,1.8606545647289676,-0.026491574313087015
-1.8606174068636863,1.8606545647289676,-0.01807625984284196
-1.757249773149037,1.8606545647289676,-0.010414987739555173
-1.6538821394343879,1.8606545647289676,-0.005679909775689571
-1.550514505719738,1.8606545647289676,-0.00498192559348427
-1.447146872005089,1.8606545647289676,-0.007876735319439995
-1.3437792382904399,1.8606545647289676,-0.012421099117061322
-1.2404116045757907,1.8606545647289676,-0.015804835324004396
-1.1370439708611417,1.8606545647289676,-0.0153675930970059
-1.0336763371464925,1.8606545647289676,-0.009650329855929125
-0.9303087034318435,1.8606545647289676,0.0009077088568260471
-0.8269410697171936,1.8606545647289676,0.01391355294811185
-0.7235734360025445,1.8606545647289676,0.025679699863101837
-0.6202058022878953,1.8606545647289676,0.032416916608519565
-0.5168381685732463,1.8606545647289676,0.03157500998139561
-0.4134705348585972,1.8606545647289676,0.02286681786320357
-0.31010290114394806,1.8606545647289676,0.008591759548028372
-0.2067352674292982,1.8606545647289676,-0.006904097582758484
-0.1033676337146491,1.8606545647289676,-0.018505104834328222
0.,1.8606545647289676,-0.02195347307576183
0.1033676337146491,1.8606545647289676,-0.015300334126967303
0.2067352674292982,1.8606545647289676,0.00031289177853374966
0.31010290114394734,1.8606545647289676,0.020834235003841906
0.4134705348585964,1.8606545647289676,0.04042596699710958
0.5168381685732455,1.8606545647289676,0.05320606444068589
0.6202058022878947,1.8606545647289676,0.05506571790132821
0.7235734360025438,1.8606545647289676,0.04498350272573706
0.8269410697171944,1.8606545647289676,0.025407944277606134
0.9303087034318435,1.8606545647289676,0.0015740449139553566
1.0336763371464925,1.8606545647289676,-0.02003966040321608
1.1370439708611417,1.8606545647289676,-0.0336310212843881
1.2404116045757907,1.8606545647289676,-0.035769038765093644
1.3437792382904399,1.8606545647289676,-0.026337501777585395
1.447146872005089,1.8606545647289676,-0.008447732442382314
1.550514505719738,1.8606545647289676,0.012625216556373059
1.6538821394343872,1.8606545647289676,0.03111751077861085
1.7572497731490362,1.8606545647289676,0.04251147151373616
1.8606174068636854,1.8606545647289676,0.04477816750406418
1.9639850405783346,1.8606545647289676,0.0387554906745119
2.0673526742929837,1.8606545647289676,0.02758711742796243
2.1707203080076343,1.8606545647289676,0.01546051146625081
2.2740879417222835,1.8606545647289676,0.006104721463281259
2.3774555754369326,1.8606545647289676,0.0015685200975566241
2.4808232091515814,1.8606545647289676,0.001680638241562259
2.5841908428662306,1.8606545647289676,0.004341931668516622
2.6875584765808798,1.8606545647289676,0.0065042963156379295
2.790926110295529,1.8606545647289676,0.005455847411447011
2.894293744010178,1.8606545647289676,-0.00006374308254064644
2.997661377724827,1.8606545647289676,-0.009319923892015991
3.101029011439476,1.8606545647289676,-0.01980031248402883
3.2043966451541253,1.8606545647289676,-0.028104624188005287
3.3077642788687744,1.8606545647289676,-0.031180224176302535
3.411131912583425,1.8606545647289676,-0.027456117870673966
3.514499546298074,1.8606545647289676,-0.017468453184694557
3.6178671800127233,1.8606545647289676,-0.0037544735856646235
3.7212348137273725,1.8606545647289676,0.009947533804527278
3.8246024474420213,1.8606545647289676,0.01991038111689826
3.9279700811566705,1.8606545647289676,0.023618192507987436
4.031337714871319,1.8606545647289676,0.020539684597512275
4.134705348585968,1.8606545647289676,0.012214577659229103
4.238072982300618,1.8606545647289676,0.0016377122424989035
4.341440616015267,1.8606545647289676,-0.00782813748940326
4.444808249729916,1.8606545647289676,-0.013618625080585787
4.548175883444565,1.8606545647289676,-0.014801345381797275
4.651543517159214,1.8606545647289676,-0.012291053721841656
4.754911150873865,1.8606545647289676,-0.008387316830584395
4.858278784588514,1.8606545647289676,-0.005819260270023991
4.961646418303163,1.8606545647289676,-0.006656414104257059
5.065014052017812,1.8606545647289676,-0.011487670507742635
5.168381685732461,1.8606545647289676,-0.01916781961378988
5.27174931944711,1.8606545647289676,-0.027221069362487884
5.3751169531617595,1.8606545647289676,-0.032749821101803744
5.478484586876409,1.8606545647289676,-0.033512054227257684
5.581852220591058,1.8606545647289676,-0.028768770339860514
5.685219854305707,1.8606545647289676,-0.01958642682440598
5.788587488020356,1.8606545647289676,-0.008478067426485466
5.8919551217350055,1.8606545647289676,0.00149083827681179
5.995322755449654,1.8606545647289676,0.007807757897124665
6.098690389164305,1.8606545647289676,0.009423974312999553
6.202058022878954,1.8606545647289676,0.007130876952592513
6.305425656593603,1.8606545647289676,0.0032522112244113962
6.408793290308252,1.8606545647289676,0.0007511324123555921
-6.408793290308252,1.9640242627694657,-0.0036387813604845188
-6.305425656593603,1.9640242627694657,-0.002209651292517408
-6.202058022878954,1.9640242627694657,0.003580620181579747
-6.098690389164304,1.9640242627694657,0.011681223067199917
-5.995322755449655,1.9640242627694657,0.018936209769292525
-5.8919551217350055,1.9640242627694657,0.022232035310187314
-5.788587488020356,1.9640242627694657,0.019673457048903786
-5.685219854305708,1.9640242627694657,0.011372118852729571
-5.581852220591058,1.9640242627694657,-0.0004408480949010574
-5.478484586876409,1.9640242627694657,-0.012038189503470598
-5.3751169531617595,1.9640242627694657,-0.019363665072658895
-5.27174931944711,1.9640242627694657,-0.019361697903376354
-5.168381685732461,1.9640242627694657,-0.011027400840709599
-5.065014052017812,1.9640242627694657,0.004176674269782904
-4.961646418303163,1.9640242627694657,0.022682828532916394
-4.858278784588514,1.9640242627694657,0.039848595505962425
-4.754911150873865,1.9640242627694657,0.05132550527117177
-4.651543517159215,1.9640242627694657,0.05432894122868363
-4.548175883444566,1.9640242627694657,0.04841008490063077
-4.444808249729917,1.9640242627694657,0.03549996906884675
-4.341440616015267,1.9640242627694657,0.01923633115330715
-4.238072982300618,1.9640242627694657,0.003814155492914005
-4.134705348585968,1.9640242627694657,-0.007256136208161146
-4.031337714871319,1.9640242627694657,-0.012088029751803299
-3.9279700811566705,1.9640242627694657,-0.010781178728073092
-3.8246024474420213,1.9640242627694657,-0.005137426635885578
-3.7212348137273725,1.9640242627694657,0.002121186005297837
-3.6178671800127233,1.9640242627694657,0.008329636595118413
-3.514499546298074,1.9640242627694657,0.011707858051530875
-3.411131912583425,1.9640242627694657,0.011774761831665898
-3.3077642788687753,1.9640242627694657,0.009250808151492639
-3.204396645154126,1.9640242627694657,0.00554213749677253
-3.101029011439477,1.9640242627694657,0.00204374526763674
-2.9976613777248278,1.9640242627694657,-0.00045258770378189735
-2.8942937440101786,1.9640242627694657,-0.0020211268749454757
-2.790926110295529,1.9640242627694657,-0.0034545141283438977
-2.6875584765808798,1.9640242627694657,-0.005792484920371303
-2.5841908428662306,1.9640242627694657,-0.009742057365991335
-2.4808232091515814,1.9640242627694657,-0.015244074340710139
-2.3774555754369326,1.9640242627694657,-0.021378279744481306
-2.2740879417222835,1.9640242627694657,-0.026659153907027677
-2.1707203080076334,1.9640242627694657,-0.029612395902115833
-2.067352674292984,1.9640242627694657,-0.02940096144732574
-1.9639850405783352,1.9640242627694657,-0.026238390679257803
-1.8606174068636863,1.9640242627694657,-0.02140035445956442
-1.757249773149037,1.9640242627694657,-0.016797518038199327
-1.6538821394343879,1.9640242627694657,-0.014247449736805667
-1.550514505719738,1.9640242627694657,-0.014713412540230272
-1.447146872005089,1.9640242627694657,-0.017811054468611892
-1.3437792382904399,1.9640242627694657,-0.021802606800581947
-1.2404116045757907,1.9640242627694657,-0.024127119267958907
-1.1370439708611417,1.9640242627694657,-0.022314227763959884
-1.0336763371464925,1.9640242627694657,-0.014971636938764035
-0.9303087034318435,1.9640242627694657,-0.0024838789275889376
-0.8269410697171936,1.9640242627694657,0.012862641547568344
-0.7235734360025445,1.9640242627694657,0.027426699672992997
-0.6202058022878953,1.9640242627694657,0.03729550946512125
-0.5168381685732463,1.9640242627694657,0.03956787129114776
-0.4134705348585972,1.9640242627694657,0.033407439741046534
-0.31010290114394806,1.9640242627694657,0.020488245471201982
-0.2067352674292982,1.9640242627694657,0.004640619898219608
-0.1033676337146491,1.9640242627694657,-0.009232841316188376
0.,1.9640242627694657,-0.01665177651838089
0.1033676337146491,1.9640242627694657,-0.014991390195833785
0.2067352674292982,1.9640242627694657,-0.004383863739753647
0.31010290114394734,1.9640242627694657,0.012224493831691174
0.4134705348585964,1.9640242627694657,0.029905693342236674
0.5168381685732455,1.9640242627694657,0.04322873340429535
0.6202058022878947,1.9640242627694657,0.04792657268316553
0.7235734360025438,1.9640242627694657,0.04222563115417447
0.8269410697171944,1.9640242627694657,0.027415128074721257
0.9303087034318435,1.9640242627694657,0.0074749353542007315
1.0336763371464925,1.9640242627694657,-0.012118687792023217
1.1370439708611417,1.9640242627694657,-0.0260290204612329
1.2404116045757907,1.9640242627694657,-0.030620141094086572
1.3437792382904399,1.9640242627694657,-0.02496016846315312
1.447146872005089,1.9640242627694657,-0.010972055951067912
1.550514505719738,1.9640242627694657,0.007282239902025119
1.6538821394343872,1.9640242627694657,0.024921001627001275
1.7572497731490362,1.9640242627694657,0.03771928678982525
1.8606174068636854,1.9640242627694657,0.04326645000965625
1.9639850405783346,1.9640242627694657,0.04145651076614266
2.0673526742929837,1.9640242627694657,0.03420184593794785
2.1707203080076343,1.9640242627694657,0.024525631429269827
2.2740879417222835,1.9640242627694657,0.01538885782803815
2.3774555754369326,1.9640242627694657,0.008677294034095508
2.4808232091515814,1.9640242627694657,0.004693039559794976
2.5841908428662306,1.9640242627694657,0.0022974499769283087
2.6875584765808798,1.9640242627694657,-0.00038964861534798246
2.790926110295529,1.9640242627694657,-0.005028699760036976
2.894293744010178,1.9640242627694657,-0.012218140538800713
2.997661377724827,1.9640242627694657,-0.021098150639594238
3.101029011439476,1.9640242627694657,-0.029554917997453103
3.2043966451541253,1.9640242627694657,-0.03495298999207274
3.3077642788687744,1.9640242627694657,-0.03512478821240836
3.411131912583425,1.9640242627694657,-0.029248018346283246
3.514499546298074,1.9640242627694657,-0.018278643926278024
3.6178671800127233,1.9640242627694657,-0.004765605252334208
3.7212348137273725,1.9640242627694657,0.007903809574131487
3.8246024474420213,1.9640242627694657,0.01657240313972305
3.9279700811566705,1.9640242627694657,0.019323702373483832
4.031337714871319,1.9640242627694657,0.0160796596961459
4.134705348585968,1.9640242627694657,0.008573920955205091
4.238072982300618,1.9640242627694657,-0.00029097603055491404
4.341440616015267,1.9640242627694657,-0.007476241330830669
4.444808249729916,1.9640242627694657,-0.010864903750874944
4.548175883444565,1.9640242627694657,-0.00997188620273839
4.651543517159214,1.9640242627694657,-0.0060563784220584276
4.754911150873865,1.9640242627694657,-0.0015995943682835983
4.858278784588514,1.9640242627694657,0.0006626025058571438
4.961646418303163,1.9640242627694657,-0.0011967499742260598
5.065014052017812,1.9640242627694657,-0.0075205213131579
5.168381685732461,1.9640242627694657,-0.016863763338046043
5.27174931944711,1.9640242627694657,-0.026441652252436366
5.3751169531617595,1.9640242627694657,-0.0330766330522066
5.478484586876409,1.9640242627694657,-0.0343124636419438
5.581852220591058,1.9640242627694657,-0.029300049931982524
5.685219854305707,1.9640242627694657,-0.01913717921839738
5.788587488020356,1.9640242627694657,-0.006534955159087554
5.8919551217350055,1.9640242627694657,0.005078980471627339
5.995322755449654,1.9640242627694657,0.012710246410009505
6.098690389164305,1.9640242627694657,0.014798501183574862
6.202058022878954,1.9640242627694657,0.011716807370905701
6.305425656593603,1.9640242627694657,0.005591767497048092
6.408793290308252,1.9640242627694657,-0.0004946170767109692
-6.408793290308252,2.067393960809964,-0.008384279601133506
-6.305425656593603,2.067393960809964,-0.011584275146556886
-6.202058022878954,2.067393960809964,-0.010861333940785256
-6.098690389164304,2.067393960809964,-0.0070364181106236864
-5.995322755449655,2.067393960809964,-0.0020603342843871567
-5.8919551217350055,2.067393960809964,0.001759534681713535
-5.788587488020356,2.067393960809964,0.0026539805561945763
-5.685219854305708,2.067393960809964,0.0000903194651455754
-5.581852220591058,2.067393960809964,-0.0049737138444589804
-5.478484586876409,2.067393960809964,-0.010373140817967095
-5.3751169531617595,2.067393960809964,-0.013461811865093955
-5.27174931944711,2.067393960809964,-0.012033742951364085
-5.168381685732461,2.067393960809964,-0.005124555607623385
-5.065014052017812,2.067393960809964,0.006581234658140919
-4.961646418303163,2.067393960809964,0.020877080505439027
-4.858278784588514,2.067393960809964,0.03465482277263377
-4.754911150873865,2.067393960809964,0.044813459639288775
-4.651543517159215,2.067393960809964,0.04915829919654881
-4.548175883444566,2.067393960809964,0.047001894736885576
-4.444808249729917,2.067393960809964,0.03928427574347168
-4.341440616015267,2.067393960809964,0.028194357884886178
-4.238072982300618,2.067393960809964,0.01643941745273865
-4.134705348585968,2.067393960809964,0.0064187798238744655
-4.031337714871319,2.067393960809964,-0.0004241635069698264
-3.9279700811566705,2.067393960809964,-0.0038736998139467967
-3.8246024474420213,2.067393960809964,-0.004779774164666259
-3.7212348137273725,2.067393960809964,-0.004557758479653662
-3.6178671800127233,2.067393960809964,-0.00455710437742635
-3.514499546298074,2.067393960809964,-0.0055382201484606795
-3.411131912583425,2.067393960809964,-0.007441610425720513
-3.3077642788687753,2.067393960809964,-0.00951387974318335
-3.204396645154126,2.067393960809964,-0.0107174945081054
-3.101029011439477,2.067393960809964,-0.01024642212282895
-2.9976613777248278,2.067393960809964,-0.007935718745982008
-2.8942937440101786,2.067393960809964,-0.004400655269415847
-2.790926110295529,2.067393960809964,-0.000850403715902406
-2.6875584765808798,2.067393960809964,0.0013498020451163423
-2.5841908428662306,2.067393960809964,0.0011950340103012533
-2.4808232091515814,2.067393960809964,-0.0015690224826556377
-2.3774555754369326,2.067393960809964,-0.0063384474263657375
-2.2740879417222835,2.067393960809964,-0.011873341330507908
-2.1707203080076334,2.067393960809964,-0.016767793642515207
-2.067352674292984,2.067393960809964,-0.01998571383180408
-1.9639850405783352,2.067393960809964,-0.0212496995454047
-1.8606174068636863,2.067393960809964,-0.02112150140300588
-1.757249773149037,2.067393960809964,-0.020729023328674354
-1.6538821394343879,2.067393960809964,-0.021233623120736768
-1.550514505719738,2.067393960809964,-0.023240337180437498
-1.447146872005089,2.067393960809964,-0.026389600214986143
-1.3437792382904399,2.067393960809964,-0.029314907356646363
-1.2404116045757907,2.067393960809964,-0.030022552913469246
-1.1370439708611417,2.067393960809964,-0.026591303928838243
-1.0336763371464925,2.067393960809964,-0.017958976062692995
-0.9303087034318435,2.067393960809964,-0.004509342453811033
-0.8269410697171936,2.067393960809964,0.011779279816146493
-0.7235734360025445,2.067393960809964,0.027724583143817372
-0.6202058022878953,2.067393960809964,0.039787432353403394
-0.5168381685732463,2.067393960809964,0.04512695515339008
-0.4134705348585972,2.067393960809964,0.04252534247515701
-0.31010290114394806,2.067393960809964,0.03286626195457871
-0.2067352674292982,2.067393960809964,0.018982083204635906
-0.1033676337146491,2.067393960809964,0.004885208718572416
0.,2.067393960809964,-0.0053977332692889644
0.1033676337146491,2.067393960809964,-0.009031883435476801
0.2067352674292982,2.067393960809964,-0.0052388327534323145
0.31010290114394734,2.067393960809964,0.0044612754046728905
0.4134705348585964,2.067393960809964,0.01671708006363955
0.5168381685732455,2.067393960809964,0.027383736338265463
0.6202058022878947,2.067393960809964,0.032808658692039444
0.7235734360025438,2.067393960809964,0.0309626534579923
0.8269410697171944,2.067393960809964,0.02206339894962099
0.9303087034318435,2.067393960809964,0.008501353020498238
1.0336763371464925,2.067393960809964,-0.005898968116557234
1.1370439708611417,2.067393960809964,-0.01704003644481234
1.2404116045757907,2.067393960809964,-0.02176462770858391
1.3437792382904399,2.067393960809964,-0.01874544524980431
1.447146872005089,2.067393960809964,-0.008790290105512294
1.550514505719738,2.067393960809964,0.005502560460591718
1.6538821394343872,2.067393960809964,0.020595046053872985
1.7572497731490362,2.067393960809964,0.03306906765692257
1.8606174068636854,2.067393960809964,0.04054943257822443
1.9639850405783346,2.067393960809964,0.04221182298153115
2.0673526742929837,2.067393960809964,0.03875400614016282
2.1707203080076343,2.067393960809964,0.03189660067005432
2.2740879417222835,2.067393960809964,0.023633676314739498
2.3774555754369326,2.067393960809964,0.01552166124324771
2.4808232091515814,2.067393960809964,0.00825758650977632
2.5841908428662306,2.067393960809964,0.0016725763254981482
2.6875584765808798,2.067393960809964,-0.004897838267521067
2.790926110295529,2.067393960809964,-0.012047522484942877
2.894293744010178,2.067393960809964,-0.0197877801954667
2.997661377724827,2.067393960809964,-0.02731188448573087
3.101029011439476,2.067393960809964,-0.033145585879828264
3.2043966451541253,2.067393960809964,-0.03563861689991486
3.3077642788687744,2.067393960809964,-0.03361421420354291
3.411131912583425,2.067393960809964,-0.026924063132524774
3.514499546298074,2.067393960809964,-0.0166815491589865
3.6178671800127233,2.067393960809964,-0.005058539347116172
3.7212348137273725,2.067393960809964,0.005310187689580754
3.8246024474420213,2.067393960809964,0.012123167068581428
3.9279700811566705,2.067393960809964,0.014135711908875987
4.031337714871319,2.067393960809964,0.011552718756978598
4.134705348585968,2.067393960809964,0.005942272416621328
4.238072982300618,2.067393960809964,-0.000312684414977577
4.341440616015267,2.067393960809964,-0.004843458340446638
4.444808249729916,2.067393960809964,-0.006121041532753173
4.548175883444565,2.067393960809964,-0.003988770579989983
4.651543517159214,2.067393960809964,0.00028940303722645774
4.754911150873865,2.067393960809964,0.004489683356909184
4.858278784588514,2.067393960809964,0.006244251074871338
4.961646418303163,2.067393960809964,0.0039305529636230385
5.065014052017812,2.067393960809964,-0.0026784593761311763
5.168381685732461,2.067393960809964,-0.012237719009428695
5.27174931944711,2.067393960809964,-0.02220062731746346
5.3751169531617595,2.067393960809964,-0.02962147152952478
5.478484586876409,2.067393960809964,-0.032122931355838234
5.581852220591058,2.067393960809964,-0.028701050975721412
5.685219854305707,2.067393960809964,-0.02009158153166553
5.788587488020356,2.067393960809964,-0.008568553342802607
5.8919551217350055,2.067393960809964,0.002761846507072458
5.995322755449654,2.067393960809964,0.010937589237663725
6.098690389164305,2.067393960809964,0.014061239622366547
6.202058022878954,2.067393960809964,0.011858304023577392
6.305425656593603,2.067393960809964,0.005691702232632324
6.408793290308252,2.067393960809964,-0.0019634221965323067
-6.408793290308252,2.170763658850462,-0.010002928268954242
-6.305425656593603,2.170763658850462,-0.016974730271302724
-6.202058022878954,2.170763658850462,-0.02174283793319383
-6.098690389164304,2.170763658850462,-0.023637469604372192
-5.995322755449655,2.170763658850462,-0.02285267495255162
-5.8919551217350055,2.170763658850462,-0.02023453472369838
-5.788587488020356,2.170763658850462,-0.016882467414323473
-5.685219854305708,2.170763658850462,-0.013714305528323926
-5.581852220591058,2.170763658850462,-0.011147720598395697
-5.478484586876409,2.170763658850462,-0.009000494656524883
-5.3751169531617595,2.170763658850462,-0.006629680422506581
-5.27174931944711,2.170763658850462,-0.0032447958188630876
-5.168381685732461,2.170763658850462,0.0017276291800252881
-5.065014052017812,2.170763658850462,0.008362745357304682
-4.961646418303163,2.170763658850462,0.016137899195723643
-4.858278784588514,2.170763658850462,0.024044543487281706
-4.754911150873865,2.170763658850462,0.030865061241361853
-4.651543517159215,2.170763658850462,0.0355122948679461
-4.548175883444566,2.170763658850462,0.03731316524590778
-4.444808249729917,2.170763658850462,0.03614475904290552
-4.341440616015267,2.170763658850462,0.032389866175832414
-4.238072982300618,2.170763658850462,0.026746288896410925
-4.134705348585968,2.170763658850462,0.019975053966320856
-4.031337714871319,2.170763658850462,0.012688635937558134
-3.9279700811566705,2.170763658850462,0.005256697793085214
-3.8246024474420213,2.170763658850462,-0.0021460369605898716
-3.7212348137273725,2.170763658850462,-0.00938614485931171
-3.6178671800127233,2.170763658850462,-0.016193527237726258
-3.514499546298074,2.170763658850462,-0.022051991645604466
-3.411131912583425,2.170763658850462,-0.026224430564318852
-3.3077642788687753,2.170763658850462,-0.027923564059477723
-3.204396645154126,2.170763658850462,-0.02657705912179492
-3.101029011439477,2.170763658850462,-0.022090878456039163
-2.9976613777248278,2.170763658850462,-0.015005179728174424
-2.8942937440101786,2.170763658850462,-0.0064681588555678534
-2.790926110295529,2.170763658850462,0.0019852073597048203
-2.6875584765808798,2.170763658850462,0.008792474650853255
-2.5841908428662306,2.170763658850462,0.012751317146859417
-2.4808232091515814,2.170763658850462,0.013310454276856027
-2.3774555754369326,2.170763658850462,0.01066836016572394
-2.2740879417222835,2.170763658850462,0.005648780571734673
-2.1707203080076334,2.170763658850462,-0.0006006773059083152
-2.067352674292984,2.170763658850462,-0.006978572778567698
-1.9639850405783352,2.170763658850462,-0.012736178443625805
-1.8606174068636863,2.170763658850462,-0.017612577772740067
-1.757249773149037,2.170763658850462,-0.02175474551977939
-1.6538821394343879,2.170763658850462,-0.025461037573083163
-1.550514505719738,2.170763658850462,-0.028856246757083398
-1.447146872005089,2.170763658850462,-0.03163748451357579
-1.3437792382904399,2.170763658850462,-0.03300949522029752
-1.2404116045757907,2.170763658850462,-0.03186094331089377
-1.1370439708611417,2.170763658850462,-0.027142283220535843
-1.0336763371464925,2.170763658850462,-0.018323278040975017
-0.9303087034318435,2.170763658850462,-0.00576478387443805
-0.8269410697171936,2.170763658850462,0.009146837570059024
-0.7235734360025445,2.170763658850462,0.024184843787938417
-0.6202058022878953,2.170763658850462,0.036765037607791415
-0.5168381685732463,2.170763658850462,0.04460083224781971
-0.4134705348585972,2.170763658850462,0.046336824158284766
-0.31010290114394806,2.170763658850462,0.04196034972509652
-0.2067352674292982,2.170763658850462,0.0328499011022469
-0.1033676337146491,2.170763658850462,0.021427860707910657
0.,2.170763658850462,0.010508534990236837
0.1033676337146491,2.170763658850462,0.002530692856667696
0.2067352674292982,2.170763658850462,-0.0010960569717837843
0.31010290114394734,2.170763658850462,-0.00033391354268167014
0.4134705348585964,2.170763658850462,0.0035534241458896436
0.5168381685732455,2.170763658850462,0.008458010695280212
0.6202058022878947,2.170763658850462,0.012126069666951688
0.7235734360025438,2.170763658850462,0.012878673555498748
0.8269410697171944,2.170763658850462,0.010132493726218154
0.9303087034318435,2.170763658850462,0.004565238160052171
1.0336763371464925,2.170763658850462,-0.002115171421271453
1.1370439708611417,2.170763658850462,-0.007714187220798885
1.2404116045757907,2.170763658850462,-0.010229159704507013
1.3437792382904399,2.170763658850462,-0.008450115532708729
1.447146872005089,2.170763658850462,-0.00230388225386475
1.550514505719738,2.170763658850462,0.007148509728820355
1.6538821394343872,2.170763658850462,0.018038457564963528
1.7572497731490362,2.170763658850462,0.028218855027777306
1.8606174068636854,2.170763658850462,0.035820511890906154
1.9639850405783346,2.170763658850462,0.03966769575964329
2.0673526742929837,2.170763658850462,0.03944572138940056
2.1707203080076343,2.170763658850462,0.03560481664588875
2.2740879417222835,2.170763658850462,0.02907278986777492
2.3774555754369326,2.170763658850462,0.020904013549074247
2.4808232091515814,2.170763658850462,0.011996972381075107
2.5841908428662306,2.170763658850462,0.0029689350315498467
2.6875584765808798,2.170763658850462,-0.005796573530798699
2.790926110295529,2.170763658850462,-0.013986852066166558
2.894293744010178,2.170763658850462,-0.021184233936155254
2.997661377724827,2.170763658850462,-0.02678084328699075
3.101029011439476,2.170763658850462,-0.030044465246394505
3.2043966451541253,2.170763658850462,-0.030327062916500145
3.3077642788687744,2.170763658850462,-0.02733982206321218
3.411131912583425,2.170763658850462,-0.021379583522537226
3.514499546298074,2.170763658850462,-0.013397752204661008
3.6178671800127233,2.170763658850462,-0.004853823667613133
3.7212348137273725,2.170763658850462,0.0026260876511873003
3.8246024474420213,2.170763658850462,0.007688529833200052
3.9279700811566705,2.170763658850462,0.009646496543395396
4.031337714871319,2.170763658850462,0.008688011213678376
4.134705348585968,2.170763658850462,0.005814645351794288
4.238072982300618,2.170763658850462,0.0025139928901644947
4.341440616015267,2.170763658850462,0.0002628301261375255
4.444808249729916,2.170763658850462,0.000021369592336280904
4.548175883444565,2.170763658850462,0.0018898675121357044
4.651543517159214,2.170763658850462,0.005050851957482881
4.754911150873865,2.170763658850462,0.008027817998867716
4.858278784588514,2.170763658850462,0.009184747805932285
4.961646418303163,2.170763658850462,0.007306388341854
5.065014052017812,2.170763658850462,0.0020663599966653447
5.168381685732461,2.170763658850462,-0.005778576375048813
5.27174931944711,2.170763658850462,-0.014543445265744158
5.3751169531617595,2.170763658850462,-0.022081045606231545
5.478484586876409,2.170763658850462,-0.02641776061503605
5.581852220591058,2.170763658850462,-0.02635971796347441
5.685219854305707,2.170763658850462,-0.02187628638658345
5.788587488020356,2.170763658850462,-0.014137347453701678
5.8919551217350055,2.170763658850462,-0.005190550748529279
5.995322755449654,2.170763658850462,0.0026212174779764712
6.098690389164305,2.170763658850462,0.00732098105480918
6.202058022878954,2.170763658850462,0.007834510383821467
6.305425656593603,2.170763658850462,0.004243606684073154
6.408793290308252,2.170763658850462,-0.0023097460361110483
-6.408793290308252,2.2741333568909603,-0.0068013210928104546
-6.305425656593603,2.2741333568909603,-0.016082352778770865
-6.202058022878954,2.2741333568909603,-0.025967176529207006
-6.098690389164304,2.2741333568909603,-0.03426100007544609
-5.995322755449655,2.2741333568909603,-0.039105458040361696
-5.8919551217350055,2.2741333568909603,-0.03943308202665725
-5.788587488020356,2.2741333568909603,-0.03520758616122421
-5.685219854305708,2.2741333568909603,-0.027388726758825546
-5.581852220591058,2.2741333568909603,-0.01763844607275421
-5.478484586876409,2.2741333568909603,-0.007856778990642166
-5.3751169531617595,2.2741333568909603,0.00031911746125465844
-5.27174931944711,2.2741333568909603,0.005913769730810725
-5.168381685732461,2.2741333568909603,0.00880495178368667
-5.065014052017812,2.2741333568909603,0.009665360787701737
-4.961646418303163,2.2741333568909603,0.009683580364926562
-4.858278784588514,2.2741333568909603,0.010153744107510618
-4.754911150873865,2.2741333568909603,0.012055371559682627
-4.651543517159215,2.2741333568909603,0.015741192616425276
-4.548175883444566,2.2741333568909603,0.020814610247084957
-4.444808249729917,2.2741333568909603,0.026222094377594627
-4.341440616015267,2.2741333568909603,0.03052643324996556
-4.238072982300618,2.2741333568909603,0.032281046131420195
-4.134705348585968,2.2741333568909603,0.030404810093317674
-4.031337714871319,2.2741333568909603,0.024464290454571932
-3.9279700811566705,2.2741333568909603,0.0148009022718321
-3.8246024474420213,2.2741333568909603,0.002483547073172191
-3.7212348137273725,2.2741333568909603,-0.010890147172797775
-3.6178671800127233,2.2741333568909603,-0.023489545823612037
-3.514499546298074,2.2741333568909603,-0.03357526435167896
-3.411131912583425,2.2741333568909603,-0.039787190722821046
-3.3077642788687753,2.2741333568909603,-0.04134834454352264
-3.204396645154126,2.2741333568909603,-0.03815975878652927
-3.101029011439477,2.2741333568909603,-0.03078418710750913
-2.9976613777248278,2.2741333568909603,-0.02033394742464312
-2.8942937440101786,2.2741333568909603,-0.008288950720976612
-2.790926110295529,2.2741333568909603,0.0037242533614084364
-2.6875584765808798,2.2741333568909603,0.01416078451601097
-2.5841908428662306,2.2741333568909603,0.021762964517868036
-2.4808232091515814,2.2741333568909603,0.025716241975802922
-2.3774555754369326,2.2741333568909603,0.025734437254560448
-2.2740879417222835,2.2741333568909603,0.022062473472234462
-2.1707203080076334,2.2741333568909603,0.015397648367458662
-2.067352674292984,2.2741333568909603,0.0067454890710505686
-1.9639850405783352,2.2741333568909603,-0.002760038687788734
-1.8606174068636863,2.2741333568909603,-0.012033979660636157
-1.757249773149037,2.2741333568909603,-0.02017836081091162
-1.6538821394343879,2.2741333568909603,-0.026554651488798157
-1.550514505719738,2.2741333568909603,-0.030783840149761765
-1.447146872005089,2.2741333568909603,-0.032689121726758454
-1.3437792382904399,2.2741333568909603,-0.032213731874423106
-1.2404116045757907,2.2741333568909603,-0.02935334977255795
-1.1370439708611417,2.2741333568909603,-0.024135493916694017
-1.0336763371464925,2.2741333568909603,-0.016658869967016526
-0.9303087034318435,2.2741333568909603,-0.007179731641122452
-0.8269410697171936,2.2741333568909603,0.0037910815385730854
-0.7235734360025445,2.2741333568909603,0.015428777535131426
-0.6202058022878953,2.2741333568909603,0.026616254874635835
-0.5168381685732463,2.2741333568909603,0.03606798891738192
-0.4134705348585972,2.2741333568909603,0.04254419534869391
-0.31010290114394806,2.2741333568909603,0.045109494311092575
-0.2067352674292982,2.2741333568909603,0.04336754374911828
-0.1033676337146491,2.2741333568909603,0.03760031225404383
0.,2.2741333568909603,0.028760690520921353
0.1033676337146491,2.2741333568909603,0.018305434746528505
0.2067352674292982,2.2741333568909603,0.007901050884965378
0.31010290114394734,2.2741333568909603,-0.0009258889456409651
0.4134705348585964,2.2741333568909603,-0.007103035368177546
0.5168381685732455,2.2741333568909603,-0.010207197737070314
0.6202058022878947,2.2741333568909603,-0.010488351199706161
0.7235734360025438,2.2741333568909603,-0.008719694689857784
0.8269410697171944,2.2741333568909603,-0.005920882691091726
0.9303087034318435,2.2741333568909603,-0.0030378757501761757
1.0336763371464925,2.2741333568909603,-0.0006740558766930402
1.1370439708611417,2.2741333568909603,0.0010501834544910543
1.2404116045757907,2.2741333568909603,0.002472777762503277
1.3437792382904399,2.2741333568909603,0.004214735611296544
1.447146872005089,2.2741333568909603,0.00691435901195086
1.550514505719738,2.2741333568909603,0.010957124259299966
1.6538821394343872,2.2741333568909603,0.016286365291286624
1.7572497731490362,2.2741333568909603,0.022352745545652555
1.8606174068636854,2.2741333568909603,0.028216470708129375
1.9639850405783346,2.2741333568909603,0.032769558352634384
2.0673526742929837,2.2741333568909603,0.035010826432041404
2.1707203080076343,2.2741333568909603,0.03429378371884501
2.2740879417222835,2.2741333568909603,0.03047998131539945
2.3774555754369326,2.2741333568909603,0.02396223880353163
2.4808232091515814,2.2741333568909603,0.015562198797313671
2.5841908428662306,2.2741333568909603,0.006341698103485696
2.6875584765808798,2.2741333568909603,-0.0026131458199038374
2.790926110295529,2.2741333568909603,-0.010377104592052105
2.894293744010178,2.2741333568909603,-0.016300898517660246
2.997661377724827,2.2741333568909603,-0.02004494294285391
3.101029011439476,2.2741333568909603,-0.02154744800045711
3.2043966451541253,2.2741333568909603,-0.02095882919110468
3.3077642788687744,2.2741333568909603,-0.018575584860531215
3.411131912583425,2.2741333568909603,-0.01479452274070899
3.514499546298074,2.2741333568909603,-0.01008924347317815
3.6178671800127233,2.2741333568909603,-0.004994143877560923
3.7212348137273725,2.2741333568909603,-0.00007448913693615226
3.8246024474420213,2.2741333568909603,0.0041325694183524265
3.9279700811566705,2.2741333568909603,0.007204446545914906
4.031337714871319,2.2741333568909603,0.008925793952383201
4.134705348585968,2.2741333568909603,0.009352755250066168
4.238072982300618,2.2741333568909603,0.00881436862872237
4.341440616015267,2.2741333568909603,0.007832649764804455
4.444808249729916,2.2741333568909603,0.006970400274415295
4.548175883444565,2.2741333568909603,0.006645336010689525
4.651543517159214,2.2741333568909603,0.006969199080325864
4.754911150873865,2.2741333568909603,0.007671873708673618
4.858278784588514,2.2741333568909603,0.008149971637826383
4.961646418303163,2.2741333568909603,0.007641515029232057
5.065014052017812,2.2741333568909603,0.005484712993580283
5.168381685732461,2.2741333568909603,0.0013842118730510809
5.27174931944711,2.2741333568909603,-0.004404276702550966
5.3751169531617595,2.2741333568909603,-0.011043742536920682
5.478484586876409,2.2741333568909603,-0.017270341119397584
5.581852220591058,2.2741333568909603,-0.021706015684004765
5.685219854305707,2.2741333568909603,-0.023249077010887836
5.788587488020356,2.2741333568909603,-0.021429887575714898
5.8919551217350055,2.2741333568909603,-0.01661932593828778
5.995322755449654,2.2741333568909603,-0.010013594866270565
6.098690389164305,2.2741333568909603,-0.003381102032892155
6.202058022878954,2.2741333568909603,0.0013723697776767724
6.305425656593603,2.2741333568909603,0.0027066339374591155
6.408793290308252,2.2741333568909603,-0.00012131092412349381
-6.408793290308252,2.3775030549314584,0.0019457816789096374
-6.305425656593603,2.3775030549314584,-0.008008703338104873
-6.202058022878954,2.3775030549314584,-0.02199596089319617
-6.098690389164304,2.3775030549314584,-0.03649149425688388
-5.995322755449655,2.3775030549314584,-0.047615161991945
-5.8919551217350055,2.3775030549314584,-0.052249302796036304
-5.788587488020356,2.3775030549314584,-0.048953494796124715
-5.685219854305708,2.3775030549314584,-0.03839375100781039
-5.581852220591058,2.3775030549314584,-0.023151275800138364
-5.478484586876409,2.3775030549314584,-0.006966686004161378
-5.3751169531617595,2.3775030549314584,0.006350584763307005
-5.27174931944711,2.3775030549314584,0.014016137743021259
-5.168381685732461,2.3775030549314584,0.015038092994500405
-5.065014052017812,2.3775030549314584,0.010432770674792072
-4.961646418303163,2.3775030549314584,0.0028355225932436496
-4.858278784588514,2.3775030549314584,-0.004360939661893158
-4.754911150873865,2.3775030549314584,-0.008068225782812756
-4.651543517159215,2.3775030549314584,-0.006439117667403375
-4.548175883444566,2.3775030549314584,0.0005961817073344098
-4.444808249729917,2.3775030549314584,0.011338564276532992
-4.341440616015267,2.3775030549314584,0.02284755449767975
-4.238072982300618,2.3775030549314584,0.03180842614777312
-4.134705348585968,2.3775030549314584,0.03546881968072566
-4.031337714871319,2.3775030549314584,0.03237170855991669
-3.9279700811566705,2.3775030549314584,0.02269142157933784
-3.8246024474420213,2.3775030549314584,0.008111532984598135
-3.7212348137273725,2.3775030549314584,-0.008677471663476233
-3.6178671800127233,2.3775030549314584,-0.02468090908494304
-3.514499546298074,2.3775030549314584,-0.03728700789903511
-3.411131912583425,2.3775030549314584,-0.044756867387787974
-3.3077642788687753,2.3775030549314584,-0.04642186298334539
-3.204396645154126,2.3775030549314584,-0.042596678218734994
-3.101029011439477,2.3775030549314584,-0.034300465073294255
-2.9976613777248278,2.3775030549314584,-0.02291750044035821
-2.8942937440101786,2.3775030549314584,-0.009914764947644183
-2.790926110295529,2.3775030549314584,0.0033203289528949565
-2.6875584765808798,2.3775030549314584,0.015527057249763982
-2.5841908428662306,2.3775030549314584,0.025561541620922997
-2.4808232091515814,2.3775030549314584,0.032405693168229686
-2.3774555754369326,2.3775030549314584,0.03524800045441968
-2.2740879417222835,2.3775030549314584,0.03363869040123781
-2.1707203080076334,2.3775030549314584,0.027667293550621818
-2.067352674292984,2.3775030549314584,0.018077571450308593
-1.9639850405783352,2.3775030549314584,0.006239631160825691
-1.8606174068636863,2.3775030549314584,-0.0060573389680797325
-1.757249773149037,2.3775030549314584,-0.016961498554412573
-1.6538821394343879,2.3775030549314584,-0.024969917965169938
-1.550514505719738,2.3775030549314584,-0.029266977982716855
-1.447146872005089,2.3775030549314584,-0.029873080402242527
-1.3437792382904399,2.3775030549314584,-0.027544343499609675
-1.2404116045757907,2.3775030549314584,-0.0234482519364978
-1.1370439708611417,2.3775030549314584,-0.018721692152469684
-1.0336763371464925,2.3775030549314584,-0.014065694847548159
-0.9303087034318435,2.3775030549314584,-0.009525528932054207
-0.8269410697171936,2.3775030549314584,-0.004544307970254232
-0.7235734360025445,2.3775030549314584,0.001718105714679741
-0.6202058022878953,2.3775030549314584,0.009908292612468606
-0.5168381685732463,2.3775030549314584,0.02001808159775832
-0.4134705348585972,2.3775030549314584,0.031119809734317286
-0.31010290114394806,2.3775030549314584,0.04142147402682472
-0.2067352674292982,2.3775030549314584,0.048659958187869404
-0.1033676337146491,2.3775030549314584,0.05073201099807721
0.,2.3775030549314584,0.04637169015195696
0.1033676337146491,2.3775030549314584,0.035652463792751825
0.2067352674292982,2.3775030549314584,0.020135331363071662
0.31010290114394734,2.3775030549314584,0.0025895727726265535
0.4134705348585964,2.3775030549314584,-0.013653124369540998
0.5168381685732455,2.3775030549314584,-0.025531300814314654
0.6202058022878947,2.3775030549314584,-0.031029104776068357
0.7235734360025438,2.3775030549314584,-0.029663454196380085
0.8269410697171944,2.3775030549314584,-0.02253914331573316
0.9303087034318435,2.3775030549314584,-0.011961426448524123
1.0336763371464925,2.3775030549314584,-0.0007319498815830609
1.1370439708611417,2.3775030549314584,0.008651081708533986
1.2404116045757907,2.3775030549314584,0.01464438204949434
1.3437792382904399,2.3775030549314584,0.01697361556279297
1.447146872005089,2.3775030549314584,0.016534746410632784
1.550514505719738,2.3775030549314584,0.01494154159795495
1.6538821394343872,2.3775030549314584,0.013887876378072626
1.7572497731490362,2.3775030549314584,0.014543699701162082
1.8606174068636854,2.3775030549314584,0.017179665093793844
1.9639850405783346,2.3775030549314584,0.021128338498093154
2.0673526742929837,2.3775030549314584,0.025071343119093356
2.1707203080076343,2.3775030549314584,0.02753312898184697
2.2740879417222835,2.3775030549314584,0.027399713803234717
2.3774555754369326,2.3775030549314584,0.024283896218590773
2.4808232091515814,2.3775030549314584,0.01862287550177329
2.5841908428662306,2.3775030549314584,0.011494543842184742
2.6875584765808798,2.3775030549314584,0.004237987279806337
2.790926110295529,2.3775030549314584,-0.0019731824929947
2.894293744010178,2.3775030549314584,-0.006449995039009476
2.997661377724827,2.3775030549314584,-0.009095654700904034
3.101029011439476,2.3775030549314584,-0.010283447932433824
3.2043966451541253,2.3775030549314584,-0.010575420890244077
3.3077642788687744,2.3775030549314584,-0.010409650692499668
3.411131912583425,2.3775030549314584,-0.009889571169303573
3.514499546298074,2.3775030549314584,-0.008761750173515784
3.6178671800127233,2.3775030549314584,-0.006587854558750097
3.7212348137273725,2.3775030549314584,-0.003034075280309188
3.8246024474420213,2.3775030549314584,0.0018505280941903456
3.9279700811566705,2.3775030549314584,0.007495650818158511
4.031337714871319,2.3775030549314584,0.012887929799462208
4.134705348585968,2.3775030549314584,0.016856547029891374
4.238072982300618,2.3775030549314584,0.018470539706491037
4.341440616015267,2.3775030549314584,0.01739870322367942
4.444808249729916,2.3775030549314584,0.014085197152613846
4.548175883444565,2.3775030549314584,0.009653896780252235
4.651543517159214,2.3775030549314584,0.00555235456877232
4.754911150873865,2.3775030549314584,0.0030468272469768294
4.858278784588514,2.3775030549314584,0.002745266530274518
4.961646418303163,2.3775030549314584,0.004328730709358298
5.065014052017812,2.3775030549314584,0.006608190167125929
5.168381685732461,2.3775030549314584,0.007912471024639064
5.27174931944711,2.3775030549314584,0.006691946257676586
5.3751169531617595,2.3775030549314584,0.0021350372499553388
5.478484586876409,2.3775030549314584,-0.00542566744350945
5.581852220591058,2.3775030549314584,-0.014482487034261773
5.685219854305707,2.3775030549314584,-0.022740797978799195
5.788587488020356,2.3775030549314584,-0.027825733715185173
5.8919551217350055,2.3775030549314584,-0.028088334107864724
5.995322755449654,2.3775030549314584,-0.0232419978970682
6.098690389164305,2.3775030549314584,-0.014599522640219343
6.202058022878954,2.3775030549314584,-0.004800987421816243
6.305425656593603,2.3775030549314584,0.002913653038197396
6.408793290308252,2.3775030549314584,0.005679386757042201
-6.408793290308252,2.4808727529719565,0.015723829565450466
-6.305425656593603,2.4808727529719565,0.00645371956834748
-6.202058022878954,2.4808727529719565,-0.010265300417332215
-6.098690389164304,2.4808727529719565,-0.02995451377804106
-5.995322755449655,2.4808727529719565,-0.047066700297822284
-5.8919551217350055,2.4808727529719565,-0.05665672521790873
-5.788587488020356,2.4808727529719565,-0.0558867257197307
-5.685219854305708,2.4808727529719565,-0.04489255203878945
-5.581852220591058,2.4808727529719565,-0.02673900688052846
-5.478484586876409,2.4808727529719565,-0.006479565412918103
-5.3751169531617595,2.4808727529719565,0.010381657358919615
-5.27174931944711,2.4808727529719565,0.01954274725358417
-5.168381685732461,2.4808727529719565,0.019159014016537874
-5.065014052017812,2.4808727529719565,0.010320829913858605
-4.961646418303163,2.4808727529719565,-0.0033743600498738107
-4.858278784588514,2.4808727529719565,-0.01699897620982353
-4.754911150873865,2.4808727529719565,-0.025836093170044285
-4.651543517159215,2.4808727529719565,-0.026799300007660006
-4.548175883444566,2.4808727529719565,-0.01930330107912461
-4.444808249729917,2.4808727529719565,-0.005345702459692274
-4.341440616015267,2.4808727529719565,0.01118422282752243
-4.238072982300618,2.4808727529719565,0.02571672693491032
-4.134705348585968,2.4808727529719565,0.03433547264206105
-4.031337714871319,2.4808727529719565,0.03482675283794493
-3.9279700811566705,2.4808727529719565,0.02715575005753955
-3.8246024474420213,2.4808727529719565,0.01328272832804146
-3.7212348137273725,2.4808727529719565,-0.003555901075259811
-3.6178671800127233,2.4808727529719565,-0.019824019270224584
-3.514499546298074,2.4808727529719565,-0.03259434547480979
-3.411131912583425,2.4808727529719565,-0.040127598584054486
-3.3077642788687753,2.4808727529719565,-0.0420044704474978
-3.204396645154126,2.4808727529719565,-0.038858967266550935
-3.101029011439477,2.4808727529719565,-0.03189006904302575
-2.9976613777248278,2.4808727529719565,-0.022376702190920694
-2.8942937440101786,2.4808727529719565,-0.01137877295551808
-2.790926110295529,2.4808727529719565,0.0003012724614748485
-2.6875584765808798,2.4808727529719565,0.011948570409238045
-2.5841908428662306,2.4808727529719565,0.02270292428576846
-2.4808232091515814,2.4808727529719565,0.03143121779487132
-2.3774555754369326,2.4808727529719565,0.03681937980653572
-2.2740879417222835,2.4808727529719565,0.037690769045965695
-2.1707203080076334,2.4808727529719565,0.03344273351663959
-2.067352674292984,2.4808727529719565,0.02441913576277037
-1.9639850405783352,2.4808727529719565,0.012036912660486301
-1.8606174068636863,2.4808727529719565,-0.0014367407835327187
-1.757249773149037,2.4808727529719565,-0.013430517446472261
-1.6538821394343879,2.4808727529719565,-0.021780871901039108
-1.550514505719738,2.4808727529719565,-0.025370484636851875
-1.447146872005089,2.4808727529719565,-0.024458084059817444
-1.3437792382904399,2.4808727529719565,-0.020558212951289432
-1.2404116045757907,2.4808727529719565,-0.01588375027277207
-1.1370439708611417,2.4808727529719565,-0.012524726508056833
-1.0336763371464925,2.4808727529719565,-0.011644924327840948
-0.9303087034318435,2.4808727529719565,-0.012989985291420095
-0.8269410697171936,2.4808727529719565,-0.014907125453603712
-0.7235734360025445,2.4808727529719565,-0.01490493186050365
-0.6202058022878953,2.4808727529719565,-0.01058940602836714
-0.5168381685732463,2.4808727529719565,-0.0006668988586090861
-0.4134705348585972,2.4808727529719565,0.014340248761754094
-0.31010290114394806,2.4808727529719565,0.03194295799140268
-0.2067352674292982,2.4808727529719565,0.04820010433238996
-0.1033676337146491,2.4808727529719565,0.058778397400458246
0.,2.4808727529719565,0.06024651120130348
0.1033676337146491,2.4808727529719565,0.051197921848479426
0.2067352674292982,2.4808727529719565,0.03283354193766754
0.31010290114394734,2.4808727529719565,0.008794728100904502
0.4134705348585964,2.4808727529719565,-0.01573035754618668
0.5168381685732455,2.4808727529719565,-0.03537398425509672
0.6202058022878947,2.4808727529719565,-0.04602441066284265
0.7235734360025438,2.4808727529719565,-0.0459004600133171
0.8269410697171944,2.4808727529719565,-0.035948196827619586
0.9303087034318435,2.4808727529719565,-0.01945484282561499
1.0336763371464925,2.4808727529719565,-0.0010174452728607037
1.1370439708611417,2.4808727529719565,0.014802117499515384
1.2404116045757907,2.4808727529719565,0.0247200705151356
1.3437792382904399,2.4808727529719565,0.027506035534461598
1.447146872005089,2.4808727529719565,0.024089135903547935
1.550514505719738,2.4808727529719565,0.01701393231335764
1.6538821394343872,2.4808727529719565,0.009468098004878772
1.7572497731490362,2.4808727529719565,0.004223280444254304
1.8606174068636854,2.4808727529719565,0.002831526021467294
1.9639850405783346,2.4808727529719565,0.00530804223959908
2.0673526742929837,2.4808727529719565,0.010350797519368
2.1707203080076343,2.4808727529719565,0.015963692674390746
2.2740879417222835,2.4808727529719565,0.020225946804553956
2.3774555754369326,2.4808727529719565,0.021925183276692885
2.4808232091515814,2.4808727529719565,0.02084802375157707
2.5841908428662306,2.4808727529719565,0.017666196423599536
2.6875584765808798,2.4808727529719565,0.013511893156141977
2.790926110295529,2.4808727529719565,0.009445438511878488
2.894293744010178,2.4808727529719565,0.006042886530030236
2.997661377724827,2.4808727529719565,0.0032656095843465707
3.101029011439476,2.4808727529719565,0.0006470891483327432
3.2043966451541253,2.4808727529719565,-0.002304631823340772
3.3077642788687744,2.4808727529719565,-0.005682752062817208
3.411131912583425,2.4808727529719565,-0.008941171865428749
3.514499546298074,2.4808727529719565,-0.010968676537605576
3.6178671800127233,2.4808727529719565,-0.010477378716952184
3.7212348137273725,2.4808727529719565,-0.006567702688510231
3.8246024474420213,2.4808727529719565,0.0007558693305446332
3.9279700811566705,2.4808727529719565,0.010345592853160442
4.031337714871319,2.4808727529719565,0.020085047105391603
4.134705348585968,2.4808727529719565,0.02746329998715971
4.238072982300618,2.4808727529719565,0.03037671115554541
4.341440616015267,2.4808727529719565,0.027882621198269918
4.444808249729916,2.4808727529719565,0.020622102603346088
4.548175883444565,2.4808727529719565,0.010727343172579201
4.651543517159214,2.4808727529719565,0.0012030215488928633
4.754911150873865,2.4808727529719565,-0.005039261752363711
4.858278784588514,2.4808727529719565,-0.006177193146617397
4.961646418303163,2.4808727529719565,-0.0021562668187343195
5.065014052017812,2.4808727529719565,0.005207163876961039
5.168381685732461,2.4808727529719565,0.0127687858272476
5.27174931944711,2.4808727529719565,0.017093155485374534
5.3751169531617595,2.4808727529719565,0.015651565893415854
5.478484586876409,2.4808727529719565,0.0077743249076073885
5.581852220591058,2.4808727529719565,-0.004985122774116581
5.685219854305707,2.4808727529719565,-0.019231180994751997
5.788587488020356,2.4808727529719565,-0.030761098355639734
5.8919551217350055,2.4808727529719565,-0.03593531820819625
5.995322755449654,2.4808727529719565,-0.03293623432329821
6.098690389164305,2.4808727529719565,-0.022486746845460297
6.202058022878954,2.4808727529719565,-0.0077637692760394615
6.305425656593603,2.4808727529719565,0.0064996950011742
6.408793290308252,2.4808727529719565,0.01546126603392444
-6.408793290308252,2.5842424510124546,0.03280810677951485
-6.305425656593603,2.5842424510124546,0.02497027648657487
-6.202058022878954,2.5842424510124546,0.006929463172820562
-6.098690389164304,2.5842424510124546,-0.01634912367899169
-5.995322755449655,2.5842424510124546,-0.03825520539891763
-5.8919551217350055,2.5842424510124546,-0.052560307704751265
-5.788587488020356,2.5842424510124546,-0.055325001113569104
-5.685219854305708,2.5842424510124546,-0.04608511202566179
-5.581852220591058,2.5842424510124546,-0.02794885081787758
-5.478484586876409,2.5842424510124546,-0.006586595269834368
-5.3751169531617595,2.5842424510124546,0.011553319614583842
-5.27174931944711,2.5842424510124546,0.021229945512950963
-5.168381685732461,2.5842424510124546,0.019971598069330913
-5.065014052017812,2.5842424510124546,0.008738732715290907
-4.961646418303163,2.5842424510124546,-0.008490626505545076
-4.858278784588514,2.5842424510124546,-0.02604610764424769
-4.754911150873865,2.5842424510124546,-0.03835361530659346
-4.651543517159215,2.5842424510124546,-0.04161288767779734
-4.548175883444566,2.5842424510124546,-0.034850920635336805
-4.444808249729917,2.5842424510124546,-0.020060576510951156
-4.341440616015267,2.5842424510124546,-0.0014376653323348852
-4.238072982300618,2.5842424510124546,0.015987491102845402
-4.134705348585968,2.5842424510124546,0.02785760619391501
-4.031337714871319,2.5842424510124546,0.03165996823341623
-3.9279700811566705,2.5842424510124546,0.02723274874300353
-3.8246024474420213,2.5842424510124546,0.01651889070959513
-3.7212348137273725,2.5842424510124546,0.0027310900552422507
-3.6178671800127233,2.5842424510124546,-0.010734352239149425
-3.514499546298074,2.5842424510124546,-0.02125275223614796
-3.411131912583425,2.5842424510124546,-0.027504065574913913
-3.3077642788687753,2.5842424510124546,-0.029475685641552146
-3.204396645154126,2.5842424510124546,-0.028030054289693646
-3.101029011439477,2.5842424510124546,-0.02427981813347446
-2.9976613777248278,2.5842424510124546,-0.019055194886991512
-2.8942937440101786,2.5842424510124546,-0.012676022701142358
-2.790926110295529,2.5842424510124546,-0.005089620198715565
-2.6875584765808798,2.5842424510124546,0.0037313221746435037
-2.5841908428662306,2.5842424510124546,0.013351760577436554
-2.4808232091515814,2.5842424510124546,0.0226372719175932
-2.3774555754369326,2.5842424510124546,0.02987073714938275
-2.2740879417222835,2.5842424510124546,0.033222465427904066
-2.1707203080076334,2.5842424510124546,0.03141288551157125
-2.067352674292984,2.5842424510124546,0.024305396443867356
-1.9639850405783352,2.5842424510124546,0.013168249427594543
-1.8606174068636863,2.5842424510124546,0.0004529204256074859
-1.757249773149037,2.5842424510124546,-0.010885108646236418
-1.6538821394343879,2.5842424510124546,-0.018315114688169782
-1.550514505719738,2.5842424510124546,-0.02058622511486083
-1.447146872005089,2.5842424510124546,-0.018185790168536806
-1.3437792382904399,2.5842424510124546,-0.013200564801480458
-1.2404116045757907,2.5842424510124546,-0.008586623096234631
-1.1370439708611417,2.5842424510124546,-0.007072377310369686
-1.0336763371464925,2.5842424510124546,-0.010069732618417185
-0.9303087034318435,2.5842424510124546,-0.01699226714841111
-0.8269410697171936,2.5842424510124546,-0.025260541204883635
-0.7235734360025445,2.5842424510124546,-0.03104801806907028
-0.6202058022878953,2.5842424510124546,-0.030561613446871666
-0.5168381685732463,2.5842424510124546,-0.021448588358583816
-0.4134705348585972,2.5842424510124546,-0.003850085871431493
-0.31010290114394806,2.5842424510124546,0.01928796248772902
-0.2067352674292982,2.5842424510124546,0.042807615132621
-0.1033676337146491,2.5842424510124546,0.06070280757296523
0.,2.5842424510124546,0.0678598337458977
0.1033676337146491,2.5842424510124546,0.06163879495958447
0.2067352674292982,2.5842424510124546,0.04279068139952708
0.31010290114394734,2.5842424510124546,0.015400564381265646
0.4134705348585964,2.5842424510124546,-0.014152523195940276
0.5168381685732455,2.5842424510124546,-0.03892071723929654
0.6202058022878947,2.5842424510124546,-0.05328381746106443
0.7235734360025438,2.5842424510124546,-0.05445050913650762
0.8269410697171944,2.5842424510124546,-0.04312368017353245
0.9303087034318435,2.5842424510124546,-0.023152185571372445
1.0336763371464925,2.5842424510124546,-0.0003050695344739387
1.1370439708611417,2.5842424510124546,0.019432889546654286
1.2404116045757907,2.5842424510124546,0.031516208872038216
1.3437792382904399,2.5842424510124546,0.03395768047850432
1.447146872005089,2.5842424510124546,0.02761704396488848
1.550514505719738,2.5842424510124546,0.01563979843106516
1.6538821394343872,2.5842424510124546,0.0022907329034610553
1.7572497731490362,2.5842424510124546,-0.008404982810039955
1.8606174068636854,2.5842424510124546,-0.013777239115537961
1.9639850405783346,2.5842424510124546,-0.013067356812704566
2.0673526742929837,2.5842424510124546,-0.007323369197472712
2.1707203080076343,2.5842424510124546,0.0012398687983093159
2.2740879417222835,2.5842424510124546,0.01012663289912868
2.3774555754369326,2.5842424510124546,0.017356373275590257
2.4808232091515814,2.5842424510124546,0.02191061925811574
2.5841908428662306,2.5842424510124546,0.023734331696211503
2.6875584765808798,2.5842424510124546,0.023377543297265258
2.790926110295529,2.5842424510124546,0.021494718498682504
2.894293744010178,2.5842424510124546,0.01845274193275169
2.997661377724827,2.5842424510124546,0.014226002051069973
3.101029011439476,2.5842424510124546,0.008612331090130326
3.2043966451541253,2.5842424510124546,0.0016479224429212227
3.3077642788687744,2.5842424510124546,-0.006002314936118847
3.411131912583425,2.5842424510124546,-0.012906984156003758
3.514499546298074,2.5842424510124546,-0.01711382814348872
3.6178671800127233,2.5842424510124546,-0.016747176997235887
3.7212348137273725,2.5842424510124546,-0.010762069519161711
3.8246024474420213,2.5842424510124546,0.00043750728270797423
3.9279700811566705,2.5842424510124546,0.014795586961871894
4.031337714871319,2.5842424510124546,0.0289683845380194
4.134705348585968,2.5842424510124546,0.039206927562999296
4.238072982300618,2.5842424510124546,0.04250693915008256
4.341440616015267,2.5842424510124546,0.0376473486098708
4.444808249729916,2.5842424510124546,0.025740113113649064
4.548175883444565,2.5842424510124546,0.010053259354711871
4.651543517159214,2.5842424510124546,-0.004894738790105399
4.754911150873865,2.5842424510124546,-0.014716641920841695
4.858278784588514,2.5842424510124546,-0.016578637567464246
4.961646418303163,2.5842424510124546,-0.010185262140044001
5.065014052017812,2.5842424510124546,0.002029435367566079
5.168381685732461,2.5842424510124546,0.01560987971098356
5.27174931944711,2.5842424510124546,0.02549138782228971
5.3751169531617595,2.5842424510124546,0.027674596649950766
5.478484586876409,2.5842424510124546,0.02061161207357581
5.581852220591058,2.5842424510124546,0.005828122466775697
5.685219854305707,2.5842424510124546,-0.012455922904962285
5.788587488020356,2.5842424510124546,-0.028617547539328474
5.8919551217350055,2.5842424510124546,-0.037436682943144
5.995322755449654,2.5842424510124546,-0.03583552185472405
6.098690389164305,2.5842424510124546,-0.023974843069872093
6.202058022878954,2.5842424510124546,-0.005327733369589416
6.305425656593603,2.5842424510124546,0.01432137692086199
6.408793290308252,2.5842424510124546,0.02865277254647151
-6.408793290308252,2.6876121490529528,0.050603425635147484
-6.305425656593603,2.6876121490529528,0.04422080048786144
-6.202058022878954,2.6876121490529528,0.026047784974089168
-6.098690389164304,2.6876121490529528,0.0010789834845333832
-5.995322755449655,2.6876121490529528,-0.023736530153254606
-5.8919551217350055,2.6876121490529528,-0.041640104600584066
-5.788587488020356,2.6876121490529528,-0.04811989951460486
-5.685219854305708,2.6876121490529528,-0.04223227772414984
-5.581852220591058,2.6876121490529528,-0.02678598513396141
-5.478484586876409,2.6876121490529528,-0.007356491327319258
-5.3751169531617595,2.6876121490529528,0.009529421871137866
-5.27174931944711,2.6876121490529528,0.018443967833457215
-5.168381685732461,2.6876121490529528,0.016691845267324663
-5.065014052017812,2.6876121490529528,0.005029490756676596
-4.961646418303163,2.6876121490529528,-0.012718263794409232
-4.858278784588514,2.6876121490529528,-0.030974255337301408
-4.754911150873865,2.6876121490529528,-0.044198960639169275
-4.651543517159215,2.6876121490529528,-0.04856748117350036
-4.548175883444566,2.6876121490529528,-0.04301449157031389
-4.444808249729917,2.6876121490529528,-0.029360639956402146
-4.341440616015267,2.6876121490529528,-0.011546495337423152
-4.238072982300618,2.6876121490529528,0.005714715393514493
-4.134705348585968,2.6876121490529528,0.01838986325981102
-4.031337714871319,2.6876121490529528,0.024212552209070624
-3.9279700811566705,2.6876121490529528,0.023092970655714876
-3.8246024474420213,2.6876121490529528,0.01679344786301779
-3.7212348137273725,2.6876121490529528,0.008064743735270682
-3.6178671800127233,2.6876121490529528,-0.0003973795124041931
-3.514499546298074,2.6876121490529528,-0.00679091634865696
-3.411131912583425,2.6876121490529528,-0.010571502221074974
-3.3077642788687753,2.6876121490529528,-0.012274054547371247
-3.204396645154126,2.6876121490529528,-0.012936484799389955
-3.101029011439477,2.6876121490529528,-0.013411214008579643
-2.9976613777248278,2.6876121490529528,-0.013871860163808637
-2.8942937440101786,2.6876121490529528,-0.013721638060175201
-2.790926110295529,2.6876121490529528,-0.01193046233195537
-2.6875584765808798,2.6876121490529528,-0.0076420935838696575
-2.5841908428662306,2.6876121490529528,-0.0007744729705014393
-2.4808232091515814,2.6876121490529528,0.00766775049297129
-2.3774555754369326,2.6876121490529528,0.015737480830082876
-2.2740879417222835,2.6876121490529528,0.0211301671179711
-2.1707203080076334,2.6876121490529528,0.022007493855211245
-2.067352674292984,2.6876121490529528,0.01774460082565466
-1.9639850405783352,2.6876121490529528,0.00929269250010044
-1.8606174068636863,2.6876121490529528,-0.0010215948025289682
-1.757249773149037,2.6876121490529528,-0.010231377432835594
-1.6538821394343879,2.6876121490529528,-0.015761490408865906
-1.550514505719738,2.6876121490529528,-0.01638841170224261
-1.447146872005089,2.6876121490529528,-0.01276005255486795
-1.3437792382904399,2.6876121490529528,-0.00724663518641348
-1.2404116045757907,2.6876121490529528,-0.0031273848838752555
-1.1370439708611417,2.6876121490529528,-0.003364296883943091
-1.0336763371464925,2.6876121490529528,-0.009384142035917689
-0.9303087034318435,2.6876121490529528,-0.020317248899281923
-0.8269410697171936,2.6876121490529528,-0.03300899272589013
-0.7235734360025445,2.6876121490529528,-0.04286640438594442
-0.6202058022878953,2.6876121490529528,-0.045311622411058704
-0.5168381685732463,2.6876121490529528,-0.03738639106598744
-0.4134705348585972,2.6876121490529528,-0.01896967495794316
-0.31010290114394806,2.6876121490529528,0.006831502500071447
-0.2067352674292982,2.6876121490529528,0.03430583994859237
-0.1033676337146491,2.6876121490529528,0.05663769036464853
0.,2.6876121490529528,0.06785143026314593
0.1033676337146491,2.6876121490529528,0.06460727118374919
0.2067352674292982,2.6876121490529528,0.04728297120776905
0.31010290114394734,2.6876121490529528,0.0199868998487909
0.4134705348585964,2.6876121490529528,-0.010523705341748374
0.5168381685732455,2.6876121490529528,-0.03670518537563358
0.6202058022878947,2.6876121490529528,-0.052314247705004396
0.7235734360025438,2.6876121490529528,-0.05409627848509629
0.8269410697171944,2.6876121490529528,-0.042581761415315805
0.9303087034318435,2.6876121490529528,-0.021778777160329745
1.0336763371464925,2.6876121490529528,0.0021095950102561277
1.1370439708611417,2.6876121490529528,0.02252377202482776
1.2404116045757907,2.6876121490529528,0.034373685510995
1.3437792382904399,2.6876121490529528,0.03531812296891768
1.447146872005089,2.6876121490529528,0.02616176504871659
1.550514505719738,2.6876121490529528,0.01032558388969169
1.6538821394343872,2.6876121490529528,-0.0073683650873804
1.7572497731490362,2.6876121490529528,-0.022168879106168448
1.8606174068636854,2.6876121490529528,-0.030659262098599788
1.9639850405783346,2.6876121490529528,-0.0314636423887163
2.0673526742929837,2.6876121490529528,-0.0252641900211278
2.1707203080076343,2.6876121490529528,-0.014234446370806874
2.2740879417222835,2.6876121490529528,-0.0011681425715713446
2.3774555754369326,2.6876121490529528,0.011360156757932243
2.4808232091515814,2.6876121490529528,0.02153512771640472
2.5841908428662306,2.6876121490529528,0.028431178836165305
2.6875584765808798,2.6876121490529528,0.03180105739140998
2.790926110295529,2.6876121490529528,0.03171841404773833
2.894293744010178,2.6876121490529528,0.02830135600979431
2.997661377724827,2.6876121490529528,0.021671841575332577
3.101029011439476,2.6876121490529528,0.012165755087076924
3.2043966451541253,2.6876121490529528,0.0006632278710602636
3.3077642788687744,2.6876121490529528,-0.011177321180512841
3.411131912583425,2.6876121490529528,-0.0209844219404094
3.514499546298074,2.6876121490529528,-0.026128132159004728
3.6178671800127233,2.6876121490529528,-0.024483568237282687
3.7212348137273725,2.6876121490529528,-0.015263249740810824
3.8246024474420213,2.6876121490529528,0.0004023780811679191
3.9279700811566705,2.6876121490529528,0.019416435921940013
4.031337714871319,2.6876121490529528,0.037321007213302546
4.134705348585968,2.6876121490529528,0.04945162382718019
4.238072982300618,2.6876121490529528,0.052320761072667636
4.341440616015267,2.6876121490529528,0.04478843748932013
4.444808249729916,2.6876121490529528,0.028603228344104163
4.548175883444565,2.6876121490529528,0.008072825622822521
4.651543517159214,2.6876121490529528,-0.01110114363945294
4.754911150873865,2.6876121490529528,-0.023504095812659772
4.858278784588514,2.6876121490529528,-0.02568968031049891
4.961646418303163,2.6876121490529528,-0.01731312281137767
5.065014052017812,2.6876121490529528,-0.0013199910983056665
5.168381685732461,2.6876121490529528,0.016913294002452867
5.27174931944711,2.6876121490529528,0.031249011051971053
5.3751169531617595,2.6876121490529528,0.03675255505032894
5.478484586876409,2.6876121490529528,0.03132044587938235
5.581852220591058,2.6876121490529528,0.01643040475477027
5.685219854305707,2.6876121490529528,-0.0032557316933819885
5.788587488020356,2.6876121490529528,-0.021336204754658052
5.8919551217350055,2.6876121490529528,-0.03171478310983233
5.995322755449654,2.6876121490529528,-0.030594835440889045
6.098690389164305,2.6876121490529528,-0.017773143308544768
6.202058022878954,2.6876121490529528,0.003198522647028539
6.305425656593603,2.6876121490529528,0.026054267019623822
6.408793290308252,2.6876121490529528,0.043738279993908655
-6.408793290308252,2.790981847093451,0.0662177747888928
-6.305425656593603,2.790981847093451,0.06071654233582079
-6.202058022878954,2.790981847093451,0.043239866958286376
-6.098690389164304,2.790981847093451,0.01845644470175874
-5.995322755449655,2.790981847093451,-0.0070383813239126534
-5.8919551217350055,2.790981847093451,-0.026756969774278154
-5.788587488020356,2.790981847093451,-0.03626279364021765
-5.685219854305708,2.790981847093451,-0.034415927836273515
-5.581852220591058,2.790981847093451,-0.023551523344484775
-5.478484586876409,2.790981847093451,-0.008572706404048223
-5.3751169531617595,2.790981847093451,0.004714276137554755
-5.27174931944711,2.790981847093451,0.011465254339875419
-5.168381685732461,2.790981847093451,0.009264759546601881
-5.065014052017812,2.790981847093451,-0.0012509709588922455
-4.961646418303163,2.790981847093451,-0.016767841469807202
-4.858278784588514,2.790981847093451,-0.032489221689290304
-4.754911150873865,2.790981847093451,-0.04372170195349897
-4.651543517159215,2.790981847093451,-0.04731877321390608
-4.548175883444566,2.790981847093451,-0.04252913417870617
-4.444808249729917,2.790981847093451,-0.031020915487987574
-4.341440616015267,2.790981847093451,-0.016140307282076532
-4.238072982300618,2.790981847093451,-0.0017126527373708179
-4.134705348585968,2.790981847093451,0.009176679625429613
-4.031337714871319,2.790981847093451,0.015012855277919861
-3.9279700811566705,2.790981847093451,0.016052164128633733
-3.8246024474420213,2.790981847093451,0.013891134709163352
-3.7212348137273725,2.790981847093451,0.01062643731725721
-3.6178671800127233,2.790981847093451,0.007956764189846463
-3.514499546298074,2.790981847093451,0.0065706987348344665
-3.411131912583425,2.790981847093451,0.006030904656535352
-3.3077642788687753,2.790981847093451,0.0051599773727426315
-3.204396645154126,2.790981847093451,0.0027363043504332963
-3.101029011439477,2.790981847093451,-0.0018069834342872928
-2.9976613777248278,2.790981847093451,-0.007979190437169263
-2.8942937440101786,2.790981847093451,-0.014299730402350802
-2.790926110295529,2.790981847093451,-0.018818483896064282
-2.6875584765808798,2.790981847093451,-0.019886249809994996
-2.5841908428662306,2.790981847093451,-0.01686674775625667
-2.4808232091515814,2.790981847093451,-0.01049588212218363
-2.3774555754369326,2.790981847093451,-0.0027242482030605747
-2.2740879417222835,2.790981847093451,0.003923225723189623
-2.1707203080076334,2.790981847093451,0.007245785647053599
-2.067352674292984,2.790981847093451,0.006188428001550378
-1.9639850405783352,2.790981847093451,0.001266033669605529
-1.8606174068636863,2.790981847093451,-0.0055925060437144875
-1.757249773149037,2.790981847093451,-0.011749396780898131
-1.6538821394343879,2.790981847093451,-0.01487041999151984
-1.550514505719738,2.790981847093451,-0.013873390597119206
-1.447146872005089,2.790981847093451,-0.00944495329359756
-1.3437792382904399,2.790981847093451,-0.0038994454181124805
-1.2404116045757907,2.790981847093451,-0.0003864500869515431
-1.1370439708611417,2.790981847093451,-0.001696785671201292
-1.0336763371464925,2.790981847093451,-0.00908185086462248
-0.9303087034318435,2.790981847093451,-0.021524986288649725
-0.8269410697171936,2.790981847093451,-0.035770600159968455
-0.7235734360025445,2.790981847093451,-0.04716725656089337
-0.6202058022878953,2.790981847093451,-0.05109756918225298
-0.5168381685732463,2.790981847093451,-0.04454835604633262
-0.4134705348585972,2.790981847093451,-0.027298018606883325
-0.31010290114394806,2.790981847093451,-0.0022965993152628825
-0.2067352674292982,2.790981847093451,0.02493961954300375
-0.1033676337146491,2.790981847093451,0.047781099321093964
0.,2.790981847093451,0.060365993805833656
0.1033676337146491,2.790981847093451,0.05933658548923991
0.2067352674292982,2.790981847093451,0.04488796446759263
0.31010290114394734,2.790981847093451,0.02079046436086993
0.4134705348585964,2.790981847093451,-0.0066369953554021805
0.5168381685732455,2.790981847093451,-0.03030045528418235
0.6202058022878947,2.790981847093451,-0.04431927196962556
0.7235734360025438,2.790981847093451,-0.04563565019118665
0.8269410697171944,2.790981847093451,-0.0347762616934179
0.9303087034318435,2.790981847093451,-0.015564742842250082
1.0336763371464925,2.790981847093451,0.006093166123415147
1.1370439708611417,2.790981847093451,0.023955836377586016
1.2404116045757907,2.790981847093451,0.033186719050493356
1.3437792382904399,2.790981847093451,0.03158522148341916
1.447146872005089,2.790981847093451,0.01998815596346877
1.550514505719738,2.790981847093451,0.0017941973021201516
1.6538821394343872,2.790981847093451,-0.018170075835053007
1.7572497731490362,2.790981847093451,-0.035048051173299385
1.8606174068636854,2.790981847093451,-0.0451840363588068
1.9639850405783346,2.790981847093451,-0.04685938422564445
2.0673526742929837,2.790981847093451,-0.040401103414859446
2.1707203080076343,2.790981847093451,-0.02774343450854457
2.2740879417222835,2.790981847093451,-0.01167986232748954
2.3774555754369326,2.790981847093451,0.004903932295062108
2.4808232091515814,2.790981847093451,0.019582800488522123
2.5841908428662306,2.790981847093451,0.030629675252355926
2.6875584765808798,2.790981847093451,0.03698495222567319
2.790926110295529,2.790981847093451,0.03810691172538385
2.894293744010178,2.790981847093451,0.033870660058358475
2.997661377724827,2.790981847093451,0.024616006878039935
3.101029011439476,2.790981847093451,0.011327187724544911
3.2043966451541253,2.790981847093451,-0.0041843372507226004
3.3077642788687744,2.790981847093451,-0.01927427825734756
3.411131912583425,2.790981847093451,-0.03077898330194275
3.514499546298074,2.790981847093451,-0.03566971591818461
3.6178671800127233,2.790981847093451,-0.03191199604498923
3.7212348137273725,2.790981847093451,-0.019263929933092814
3.8246024474420213,2.790981847093451,0.0002960372202558894
3.9279700811566705,2.790981847093451,0.02274767521568949
4.031337714871319,2.790981847093451,0.04287147185882479
4.134705348585968,2.790981847093451,0.05558550186454403
4.238072982300618,2.790981847093451,0.057410175120543826
4.341440616015267,2.790981847093451,0.047603602586366804
4.444808249729916,2.790981847093451,0.02856938414778701
4.548175883444565,2.790981847093451,0.005340753279562745
4.651543517159214,2.790981847093451,-0.01576816718358601
4.754911150873865,2.790981847093451,-0.02897425978059332
4.858278784588514,2.790981847093451,-0.03075561072475249
4.961646418303163,2.790981847093451,-0.020949996783187437
5.065014052017812,2.790981847093451,-0.0028479077414394543
5.168381685732461,2.790981847093451,0.017785710665432303
5.27174931944711,2.790981847093451,0.03448388393783575
5.3751169531617595,2.790981847093451,0.04210173126110692
5.478484586876409,2.790981847093451,0.03845274901463871
5.581852220591058,2.790981847093451,0.025026464226472877
5.685219854305707,2.790981847093451,0.006541194344982292
5.788587488020356,2.790981847093451,-0.010543310796438566
5.8919551217350055,2.790981847093451,-0.020091041118308423
5.995322755449654,2.790981847093451,-0.01827768475385342
6.098690389164305,2.790981847093451,-0.004863708235593029
6.202058022878954,2.790981847093451,0.01666080190872035
6.305425656593603,2.790981847093451,0.040113015174020085
6.408793290308252,2.790981847093451,0.05851051922436305
-6.408793290308252,2.894351545133949,0.07712591350879715
-6.305425656593603,2.894351545133949,0.07165429053160398
-6.202058022878954,2.894351545133949,0.055335365492875585
-6.098690389164304,2.894351545133949,0.03231568927271116
-5.995322755449655,2.894351545133949,0.008314411089884104
-5.8919551217350055,2.894351545133949,-0.01112959162563357
-5.788587488020356,2.894351545133949,-0.02227439241370515
-5.685219854305708,2.894351545133949,-0.0241555891040227
-5.581852220591058,2.894351545133949,-0.018652418305873754
-5.478484586876409,2.894351545133949,-0.00966478776315309
-5.3751169531617595,2.894351545133949,-0.0017106163822452167
-5.27174931944711,2.894351545133949,0.001575264212037507
-5.168381685732461,2.894351545133949,-0.0014478950223377083
-5.065014052017812,2.894351545133949,-0.010041109336171958
-4.961646418303163,2.894351545133949,-0.021504118258081704
-4.858278784588514,2.894351545133949,-0.032206953606096336
-4.754911150873865,2.894351545133949,-0.03885153929811978
-4.651543517159215,2.894351545133949,-0.03952703967786468
-4.548175883444566,2.894351545133949,-0.03421991903492277
-4.444808249729917,2.894351545133949,-0.024647085950570625
-4.341440616015267,2.894351545133949,-0.013521567900262946
-4.238072982300618,2.894351545133949,-0.0035498546600500865
-4.134705348585968,2.894351545133949,0.003465393097004728
-4.031337714871319,2.894351545133949,0.007105095603803364
-3.9279700811566705,2.894351545133949,0.008253593557220324
-3.8246024474420213,2.894351545133949,0.008529100398766757
-3.7212348137273725,2.894351545133949,0.009472966348815963
-3.6178671800127233,2.894351545133949,0.011825233732580952
-3.514499546298074,2.894351545133949,0.015169045376698076
-3.411131912583425,2.894351545133949,0.01807728706125574
-3.3077642788687753,2.894351545133949,0.018698883588192605
-3.204396645154126,2.894351545133949,0.015552908484459435
-3.101029011439477,2.894351545133949,0.008218621423412722
-2.9976613777248278,2.894351545133949,-0.0023523727453631546
-2.8942937440101786,2.894351545133949,-0.014034320745974663
-2.790926110295529,2.894351545133949,-0.024176636764065344
-2.6875584765808798,2.894351545133949,-0.0304742833857908
-2.5841908428662306,2.894351545133949,-0.03174277164866157
-2.4808232091515814,2.894351545133949,-0.028311874152891867
-2.3774555754369326,2.894351545133949,-0.02188915365358226
-2.2740879417222835,2.894351545133949,-0.014938150739021695
-2.1707203080076334,2.894351545133949,-0.00979555190033279
-2.067352674292984,2.894351545133949,-0.007850452048884479
-1.9639850405783352,2.894351545133949,-0.009089415977760031
-1.8606174068636863,2.894351545133949,-0.012178824886163805
-1.757249773149037,2.894351545133949,-0.015057817809864994
-1.6538821394343879,2.894351545133949,-0.015822798168502447
-1.550514505719738,2.894351545133949,-0.013568956976846588
-1.447146872005089,2.894351545133949,-0.00885993299688648
-1.3437792382904399,2.894351545133949,-0.0036247594755094
-1.2404116045757907,2.894351545133949,-0.000488342366795558
-1.1370439708611417,2.894351545133949,-0.00175479842537566
-1.0336763371464925,2.894351545133949,-0.008404809162567594
-0.9303087034318435,2.894351545133949,-0.01948487854565204
-0.8269410697171936,2.894351545133949,-0.03214733395482931
-0.7235734360025445,2.894351545133949,-0.04238236703922478
-0.6202058022878953,2.894351545133949,-0.04624058846466007
-0.5168381685732463,2.894351545133949,-0.04116071174867159
-0.4134705348585972,2.894351545133949,-0.026958157944454643
-0.31010290114394806,2.894351545133949,-0.006121132891660144
-0.2067352674292982,2.894351545133949,0.016725203523999973
-0.1033676337146491,2.894351545133949,0.036057452429230905
0.,2.894351545133949,0.04703257039052691
0.1033676337146491,2.894351545133949,0.046922418999276364
0.2067352674292982,2.894351545133949,0.035954322174912186
0.31010290114394734,2.894351545133949,0.017287262890652272
0.4134705348585964,2.894351545133949,-0.0038789527933911516
0.5168381685732455,2.894351545133949,-0.02179492911234438
0.6202058022878947,2.894351545133949,-0.03180244617899739
0.7235734360025438,2.894351545133949,-0.03163293282469184
0.8269410697171944,2.894351545133949,-0.021984993956469426
0.9303087034318435,2.894351545133949,-0.006230407316513647
1.0336763371464925,2.894351545133949,0.010634394772557834
1.1370439708611417,2.894351545133949,0.023453018830300702
1.2404116045757907,2.894351545133949,0.02834438191369608
1.3437792382904399,2.894351545133949,0.02369796641629186
1.447146872005089,2.894351545133949,0.010476706662456023
1.550514505719738,2.894351545133949,-0.008201102299575942
1.6538821394343872,2.894351545133949,-0.028015605169254745
1.7572497731490362,2.894351545133949,-0.04461254452345454
1.8606174068636854,2.894351545133949,-0.054637791067348465
1.9639850405783346,2.894351545133949,-0.05637915390835182
2.0673526742929837,2.894351545133949,-0.04991059230742183
2.1707203080076343,2.894351545133949,-0.03679866221173743
2.2740879417222835,2.894351545133949,-0.019548346667847914
2.3774555754369326,2.894351545133949,-0.0010014314642144
2.4808232091515814,2.894351545133949,0.016145186904618188
2.5841908428662306,2.894351545133949,0.029631051254036977
2.6875584765808798,2.894351545133949,0.03776470617272454
2.790926110295529,2.894351545133949,0.03948969989854033
2.894293744010178,2.894351545133949,0.03447406120914474
2.997661377724827,2.894351545133949,0.02325331111985972
3.101029011439476,2.894351545133949,0.007372012683422003
3.2043966451541253,2.894351545133949,-0.01059638517209664
3.3077642788687744,2.894351545133949,-0.02727911761325094
3.411131912583425,2.894351545133949,-0.0390463443805381
3.514499546298074,2.894351545133949,-0.042810387042301
3.6178671800127233,2.894351545133949,-0.036897002382092974
3.7212348137273725,2.894351545133949,-0.021718815249063616
3.8246024474420213,2.894351545133949,0.000015672977414369566
3.9279700811566705,2.894351545133949,0.02371842535316378
4.031337714871319,2.894351545133949,0.0439406296049171
4.134705348585968,2.894351545133949,0.055765948215304596
4.238072982300618,2.894351545133949,0.05619575689975275
4.341440616015267,2.894351545133949,0.045100591082255254
4.444808249729916,2.894351545133949,0.025407024675275704
4.548175883444565,2.894351545133949,0.0024031121562523064
4.651543517159214,2.894351545133949,-0.01768407759914015
4.754911150873865,2.894351545133949,-0.02944498061824359
4.858278784588514,2.894351545133949,-0.02985618363664468
4.961646418303163,2.894351545133949,-0.01917267402697295
5.065014052017812,2.894351545133949,-0.0008476872448180228
5.168381685732461,2.894351545133949,0.019519903067635885
5.27174931944711,2.894351545133949,0.03590384693038702
5.3751169531617595,2.894351545133949,0.04370957564261859
5.478484586876409,2.894351545133949,0.0411937162383494
5.581852220591058,2.894351545133949,0.02999317730611921
5.685219854305707,2.894351545133949,0.014589441503719689
5.788587488020356,2.894351545133949,0.0008703346379467944
5.8919551217350055,2.894351545133949,-0.0057599254953620855
5.995322755449654,2.894351545133949,-0.0021252072151120684
6.098690389164305,2.894351545133949,0.011676350211329158
6.202058022878954,2.894351545133949,0.032255443999083755
6.305425656593603,2.894351545133949,0.053947064217449915
6.408793290308252,2.894351545133949,0.07053341210742617
-6.408793290308252,2.9977212431744475,0.08174920115105944
-6.305425656593603,2.9977212431744475,0.07557262779723861
-6.202058022878954,2.9977212431744475,0.06060365519034693
-6.098690389164304,2.9977212431744475,0.040441175122956426
-5.995322755449655,2.9977212431744475,0.019668130930851544
-5.8919551217350055,2.9977212431744475,0.002461130806719277
-5.788587488020356,2.9977212431744475,-0.008579817212954394
-5.685219854305708,2.9977212431744475,-0.013024628169699818
-5.581852220591058,2.9977212431744475,-0.012476172425748128
-5.478484586876409,2.9977212431744475,-0.009795074569930524
-5.3751169531617595,2.9977212431744475,-0.007982893267357677
-5.27174931944711,2.9977212431744475,-0.009117326985560602
-5.168381685732461,2.9977212431744475,-0.013694060781775555
-5.065014052017812,2.9977212431744475,-0.0205730386706321
-4.961646418303163,2.9977212431744475,-0.02750993544336845
-4.858278784588514,2.9977212431744475,-0.0320527175944834
-4.754911150873865,2.9977212431744475,-0.03246682271421524
-4.651543517159215,2.9977212431744475,-0.028357860745537134
-4.548175883444566,2.9977212431744475,-0.02078185092970403
-4.444808249729917,2.9977212431744475,-0.011823812735854136
-4.341440616015267,2.9977212431744475,-0.0038169080355474525
-4.238072982300618,2.9977212431744475,0.0015012791363684123
-4.134705348585968,2.9977212431744475,0.0035837497297862516
-4.031337714871319,2.9977212431744475,0.0032061111863507454
-3.9279700811566705,2.9977212431744475,0.002094042707617933
-3.8246024474420213,2.9977212431744475,0.0021897544948218882
-3.7212348137273725,2.9977212431744475,0.004832117719873689
-3.6178671800127233,2.9977212431744475,0.010155960439367112
-3.514499546298074,2.9977212431744475,0.01693644955721146
-3.411131912583425,2.9977212431744475,0.022943797487270396
-3.3077642788687753,2.9977212431744475,0.025689609093959186
-3.204396645154126,2.9977212431744475,0.023304685446386655
-3.101029011439477,2.9977212431744475,0.015239164282915657
-2.9976613777248278,2.9977212431744475,0.002536489498373335
-2.8942937440101786,2.9977212431744475,-0.012419053937602937
-2.790926110295529,2.9977212431744475,-0.02659840098076166
-2.6875584765808798,2.9977212431744475,-0.03723130200260307
-2.5841908428662306,2.9977212431744475,-0.0426117724129586
-2.4808232091515814,2.9977212431744475,-0.04253749948611468
-2.3774555754369326,2.9977212431744475,-0.03824617560501273
-2.2740879417222835,2.9977212431744475,-0.03188858933967139
-2.1707203080076334,2.9977212431744475,-0.02573822360304838
-2.067352674292984,2.9977212431744475,-0.021423708029396336
-1.9639850405783352,2.9977212431744475,-0.019453895002406726
-1.8606174068636863,2.9977212431744475,-0.01919267534736234
-1.757249773149037,2.9977212431744475,-0.019273239770633936
-1.6538821394343879,2.9977212431744475,-0.018279981058144986
-1.550514505719738,2.9977212431744475,-0.01542890360570699
-1.447146872005089,2.9977212431744475,-0.010979361697459639
-1.3437792382904399,2.9977212431744475,-0.006210571147396
-1.2404116045757907,2.9977212431744475,-0.0029594826781392048
-1.1370439708611417,2.9977212431744475,-0.0028834161209605725
-1.0336763371464925,2.9977212431744475,-0.006720700890037824
-0.9303087034318435,2.9977212431744475,-0.013834666335540011
-0.8269410697171936,2.9977212431744475,-0.02223441206090598
-0.7235734360025445,2.9977212431744475,-0.029100642961787167
-0.6202058022878953,2.9977212431744475,-0.03166375259448034
-0.5168381685732463,2.9977212431744475,-0.028148112840563434
-0.4134705348585972,2.9977212431744475,-0.018459205872816385
-0.31010290114394806,2.9977212431744475,-0.004364088820149731
-0.2067352674292982,2.9977212431744475,0.010922385933099287
-0.1033676337146491,2.9977212431744475,0.023636939770664927
0.,2.9977212431744475,0.03057976971754799
0.1033676337146491,2.9977212431744475,0.030089227513161194
0.2067352674292982,2.9977212431744475,0.02256705991928305
0.31010290114394734,2.9977212431744475,0.010381983295988521
0.4134705348585964,2.9977212431744475,-0.002824194674070138
0.5168381685732455,2.9977212431744475,-0.013215305161310517
0.6202058022878947,2.9977212431744475,-0.017892669449285237
0.7235734360025438,2.9977212431744475,-0.0157359995457873
0.8269410697171944,2.9977212431744475,-0.007705536556486381
0.9303087034318435,2.9977212431744475,0.0034712012313028477
1.0336763371464925,2.9977212431744475,0.01411560121990083
1.1370439708611417,2.9977212431744475,0.020658349065982278
1.2404116045757907,2.9977212431744475,0.020626090732190096
1.3437792382904399,2.9977212431744475,0.013278049968985479
1.447146872005089,2.9977212431744475,-0.00026091940513637695
1.550514505719738,2.9977212431744475,-0.017365163760712968
1.6538821394343872,2.9977212431744475,-0.03462299378888201
1.7572497731490362,2.9977212431744475,-0.048671533720759906
1.8606174068636854,2.9977212431744475,-0.056919797542747036
1.9639850405783346,2.9977212431744475,-0.05799685511251792
2.0673526742929837,2.9977212431744475,-0.05186918938067627
2.1707203080076343,2.9977212431744475,-0.03967530749585519
2.2740879417222835,2.9977212431744475,-0.023390979287251357
2.3774555754369326,2.9977212431744475,-0.005448692075026254
2.4808232091515814,2.9977212431744475,0.011602963281998335
2.5841908428662306,2.9977212431744475,0.02537458590322294
2.6875584765808798,2.9977212431744475,0.0338709819633101
2.790926110295529,2.9977212431744475,0.03572657123669085
2.894293744010178,2.9977212431744475,0.030455832517589373
2.997661377724827,2.9977212431744475,0.018679983588218915
3.101029011439476,2.9977212431744475,0.002239421067691042
3.2043966451541253,2.9977212431744475,-0.01591683705919436
3.3077642788687744,2.9977212431744475,-0.032138635772483916
3.411131912583425,2.9977212431744475,-0.042767357403626645
3.514499546298074,2.9977212431744475,-0.044991422946846445
3.6178671800127233,2.9977212431744475,-0.03764809608901615
3.7212348137273725,2.9977212431744475,-0.02171917285548141
3.8246024474420213,2.9977212431744475,-0.00031589527674922755
3.9279700811566705,2.9977212431744475,0.021923215090496433
4.031337714871319,2.9977212431744475,0.039922642425296834
4.134705348585968,2.9977212431744475,0.0494823272345123
4.238072982300618,2.9977212431744475,0.04844630248322494
4.341440616015267,2.9977212431744475,0.037369871475577944
4.444808249729916,2.9977212431744475,0.01945223531757497
4.548175883444565,2.9977212431744475,-0.00028896682489764166
4.651543517159214,2.9977212431744475,-0.016392600456720405
4.754911150873865,2.9977212431744475,-0.024489493089963878
4.858278784588514,2.9977212431744475,-0.022542608449088467
4.961646418303163,2.9977212431744475,-0.011410431687198495
5.065014052017812,2.9977212431744475,0.005450099678804602
5.168381685732461,2.9977212431744475,0.023062293606148084
5.27174931944711,2.9977212431744475,0.03646634978526944
5.3751169531617595,2.9977212431744475,0.042242275950049674
5.478484586876409,2.9977212431744475,0.03954612811630665
5.581852220591058,2.9977212431744475,0.03033538716564851
5.685219854305707,2.9977212431744475,0.018712645924962096
5.788587488020356,2.9977212431744475,0.009594611070135557
5.8919551217350055,2.9977212431744475,0.007126653234883277
5.995322755449654,2.9977212431744475,0.013342877796554407
6.098690389164305,2.9977212431744475,0.027492000796268363
6.202058022878954,2.9977212431744475,0.04623597014480932
6.305425656593603,2.9977212431744475,0.06465045552624973
6.408793290308252,2.9977212431744475,0.07770395955285675
-6.408793290308252,3.1010909412149457,0.07979712647571968
-6.305425656593603,3.1010909412149457,0.07263211569684982
-6.202058022878954,3.1010909412149457,0.05907664569630183
-6.098690389164304,3.1010909412149457,0.042294753667279944
-5.995322755449655,3.1010909412149457,0.025762154244122513
-5.8919551217350055,3.1010909412149457,0.012220348722780798
-5.788587488020356,3.1010909412149457,0.002955941986346431
-5.685219854305708,3.1010909412149457,-0.0023788954933437172
-5.581852220591058,3.1010909412149457,-0.005379183683983052
-5.478484586876409,3.1010909412149457,-0.008100050875043976
-5.3751169531617595,3.1010909412149457,-0.012166525606061745
-5.27174931944711,3.1010909412149457,-0.018101325742630972
-5.168381685732461,3.1010909412149457,-0.025104899013115137
-5.065014052017812,3.1010909412149457,-0.03135597558508004
-4.961646418303163,3.1010909412149457,-0.034714479671013446
-4.858278784588514,3.1010909412149457,-0.03356662837453048
-4.754911150873865,3.1010909412149457,-0.027503061321634895
-4.651543517159215,3.1010909412149457,-0.017580862501893942
-4.548175883444566,3.1010909412149457,-0.006067530591281838
-4.444808249729917,3.1010909412149457,0.00425240483274089
-4.341440616015267,3.1010909412149457,0.010972901517796564
-4.238072982300618,3.1010909412149457,0.012855872903189822
-4.134705348585968,3.1010909412149457,0.010240041385160865
-4.031337714871319,3.1010909412149457,0.004923049683440724
-3.9279700811566705,3.1010909412149457,-0.0004502850000669474
-3.8246024474420213,3.1010909412149457,-0.003292436498206293
-3.7212348137273725,3.1010909412149457,-0.001969036893543324
-3.6178671800127233,3.1010909412149457,0.0036135136428466098
-3.514499546298074,3.1010909412149457,0.011925926362027446
-3.411131912583425,3.1010909412149457,0.020268625448022472
-3.3077642788687753,3.1010909412149457,0.025611722754067125
-3.204396645154126,3.1010909412149457,0.025549047717977648
-3.101029011439477,3.1010909412149457,0.019058890264118798
-2.9976613777248278,3.1010909412149457,0.00683181722466166
-2.8942937440101786,3.1010909412149457,-0.008929164035603905
-2.790926110295529,3.1010909412149457,-0.02515856485254211
-2.6875584765808798,3.1010909412149457,-0.03880920776578549
-2.5841908428662306,3.1010909412149457,-0.04767939369506842
-2.4808232091515814,3.1010909412149457,-0.05093247696706436
-2.3774555754369326,3.1010909412149457,-0.0491673663531311
-2.2740879417222835,3.1010909412149457,-0.04405213128517019
-2.1707203080076334,3.1010909412149457,-0.03767446991062942
-2.067352674292984,3.1010909412149457,-0.03184514159782628
-1.9639850405783352,3.1010909412149457,-0.027588465915112388
-1.8606174068636863,3.1010909412149457,-0.02497243033085292
-1.757249773149037,3.1010909412149457,-0.023301830332055448
-1.6538821394343879,3.1010909412149457,-0.021568367890638755
-1.550514505719738,3.1010909412149457,-0.018967168888602472
-1.447146872005089,3.1010909412149457,-0.015277567108178314
-1.3437792382904399,3.1010909412149457,-0.010968269252630137
-1.2404116045757907,3.1010909412149457,-0.006997874184014905
-1.1370439708611417,3.1010909412149457,-0.0043993109653255045
-1.0336763371464925,3.1010909412149457,-0.003818009471479951
-0.9303087034318435,3.1010909412149457,-0.005189648371514203
-0.8269410697171936,3.1010909412149457,-0.007689479984678202
-0.7235734360025445,3.1010909412149457,-0.009982253930859166
-0.6202058022878953,3.1010909412149457,-0.010687901684358847
-0.5168381685732463,3.1010909412149457,-0.00889515392417863
-0.4134705348585972,3.1010909412149457,-0.004533366468126121
-0.31010290114394806,3.1010909412149457,0.0015399701316306115
-0.2067352674292982,3.1010909412149457,0.007779120583743277
-0.1033676337146491,3.1010909412149457,0.012444255722230445
0.,3.1010909412149457,0.014185020290358551
0.1033676337146491,3.1010909412149457,0.0125139369552241
0.2067352674292982,3.1010909412149457,0.008004540463147256
0.31010290114394734,3.1010909412149457,0.002140772173115293
0.4134705348585964,3.1010909412149457,-0.0031388603925845996
0.5168381685732455,3.1010909412149457,-0.006056760277509014
0.6202058022878947,3.1010909412149457,-0.0055730464236789104
0.7235734360025438,3.1010909412149457,-0.0017390231171464153
0.8269410697171944,3.1010909412149457,0.004283364649024401
0.9303087034318435,3.1010909412149457,0.010538723239069993
1.0336763371464925,3.1010909412149457,0.014829465690178373
1.1370439708611417,3.1010909412149457,0.015330598605358334
1.2404116045757907,3.1010909412149457,0.011087115001696539
1.3437792382904399,3.1010909412149457,0.002260053263955067
1.447146872005089,3.1010909412149457,-0.009927833159416727
1.550514505719738,3.1010909412149457,-0.023503960152458255
1.6538821394343872,3.1010909412149457,-0.036204391551779805
1.7572497731490362,3.1010909412149457,-0.04594339424316246
1.8606174068636854,3.1010909412149457,-0.051180144059887536
1.9639850405783346,3.1010909412149457,-0.05112221227882284
2.0673526742929837,3.1010909412149457,-0.045766704581915965
2.1707203080076343,3.1010909412149457,-0.03582460969070547
2.2740879417222835,3.1010909412149457,-0.0225873871604525
2.3774555754369326,3.1010909412149457,-0.007777296961131318
2.4808232091515814,3.1010909412149457,0.006611432818953004
2.5841908428662306,3.1010909412149457,0.018503484282498223
2.6875584765808798,3.1010909412149457,0.02599503277503324
2.790926110295529,3.1010909412149457,0.027673737555242064
2.894293744010178,3.1010909412149457,0.022965001294580265
2.997661377724827,3.1010909412149457,0.012414475064673542
3.101029011439476,3.1010909412149457,-0.0022084774592200924
3.2043966451541253,3.1010909412149457,-0.018083739752721192
3.3077642788687744,3.1010909412149457,-0.0318221210911711
3.411131912583425,3.1010909412149457,-0.0401912127012595
3.514499546298074,3.1010909412149457,-0.04092361892195154
3.6178671800127233,3.1010909412149457,-0.03338498226279025
3.7212348137273725,3.1010909412149457,-0.018883806526337244
3.8246024474420213,3.1010909412149457,-0.00048390349649134114
3.9279700811566705,3.1010909412149457,0.01768347555804792
4.031337714871319,3.1010909412149457,0.03145636369847849
4.134705348585968,3.1010909412149457,0.037753580456254925
4.238072982300618,3.1010909412149457,0.035440135877965344
4.341440616015267,3.1010909412149457,0.025676950435581335
4.444808249729916,3.1010909412149457,0.011625775620874593
4.548175883444565,3.1010909412149457,-0.0024294772240526603
4.651543517159214,3.1010909412149457,-0.012302068125891135
4.754911150873865,3.1010909412149457,-0.015105423580985617
4.858278784588514,3.1010909412149457,-0.010076343400957238
4.961646418303163,3.1010909412149457,0.0012372777210947969
5.065014052017812,3.1010909412149457,0.015488334826578052
5.168381685732461,3.1010909412149457,0.028589500921316974
5.27174931944711,3.1010909412149457,0.03699389709357525
5.3751169531617595,3.1010909412149457,0.03879921306180795
5.478484586876409,3.1010909412149457,0.034329548309510474
5.581852220591058,3.1010909412149457,0.02601208292614561
5.685219854305707,3.1010909412149457,0.01758786048777935
5.788587488020356,3.1010909412149457,0.012906590770725725
5.8919551217350055,3.1010909412149457,0.014686672559058563
5.995322755449654,3.1010909412149457,0.023631149933965312
6.098690389164305,3.1010909412149457,0.03817502888680183
6.202058022878954,3.1010909412149457,0.054936858138137826
6.305425656593603,3.1010909412149457,0.06972360843717708
6.408793290308252,3.1010909412149457,0.07876522241749516
-6.408793290308252,3.2044606392554438,0.07228026142010231
-6.305425656593603,3.2044606392554438,0.0644507646482749
-6.202058022878954,3.2044606392554438,0.05235947395148924
-6.098690389164304,3.2044606392554438,0.038923910353870265
-5.995322755449655,3.2044606392554438,0.026788362111513617
-5.8919551217350055,3.2044606392554438,0.017521191416276786
-5.788587488020356,3.2044606392554438,0.011236850887511128
-5.685219854305708,3.2044606392554438,0.006755213248141105
-5.581852220591058,3.2044606392554438,0.002225443150056022
-5.478484586876409,3.2044606392554438,-0.004017089377551001
-5.3751169531617595,3.2044606392554438,-0.01267108279822038
-5.27174931944711,3.2044606392554438,-0.023049428773839947
-5.168381685732461,3.2044606392554438,-0.033177514316617265
-5.065014052017812,3.2044606392554438,-0.04038899180067232
-4.961646418303163,3.2044606392554438,-0.04222503138224519
-4.858278784588514,3.2044606392554438,-0.03733411314078335
-4.754911150873865,3.2044606392554438,-0.026061828990922065
-4.651543517159215,3.2044606392554438,-0.01051712508877463
-4.548175883444566,3.2044606392554438,0.00592879362420119
-4.444808249729917,3.2044606392554438,0.019568054711981624
-4.341440616015267,3.2044606392554438,0.027421548438296046
-4.238072982300618,3.2044606392554438,0.02810937117206653
-4.134705348585968,3.2044606392554438,0.022249574622906665
-4.031337714871319,3.2044606392554438,0.01225604856701611
-3.9279700811566705,3.2044606392554438,0.0015953812250580493
-3.8246024474420213,3.2044606392554438,-0.006268016441967383
-3.7212348137273725,3.2044606392554438,-0.008913484863624067
-3.6178671800127233,3.2044606392554438,-0.00567496096152864
-3.514499546298074,3.2044606392554438,0.0021893678881240355
-3.411131912583425,3.2044606392554438,0.01190849962223325
-3.3077642788687753,3.2044606392554438,0.0200521586191342
-3.204396645154126,3.2044606392554438,0.023556763722098455
-3.101029011439477,3.2044606392554438,0.020611162242805982
-2.9976613777248278,3.2044606392554438,0.01114455777992653
-2.8942937440101786,3.2044606392554438,-0.0032089169648793383
-2.790926110295529,3.2044606392554438,-0.01963024442920836
-2.6875584765808798,3.2044606392554438,-0.034937804359790964
-2.5841908428662306,3.2044606392554438,-0.04645031350756353
-2.4808232091515814,3.2044606392554438,-0.05263512061947072
-2.3774555754369326,3.2044606392554438,-0.053370988689699486
-2.2740879417222835,3.2044606392554438,-0.04978530907188479
-2.1707203080076334,3.2044606392554438,-0.04375834133474006
-2.067352674292984,3.2044606392554438,-0.037279478096679995
-1.9639850405783352,3.2044606392554438,-0.03186661179673526
-1.8606174068636863,3.2044606392554438,-0.02821678405981854
-1.757249773149037,3.2044606392554438,-0.026164427081952775
-1.6538821394343879,3.2044606392554438,-0.024917028123860898
-1.550514505719738,3.2044606392554438,-0.02345317595746106
-1.447146872005089,3.2044606392554438,-0.0209304718273915
-1.3437792382904399,3.2044606392554438,-0.016968218588911996
-1.2404116045757907,3.2044606392554438,-0.011730335084342514
-1.1370439708611417,3.2044606392554438,-0.005812144909175984
-1.0336763371464925,3.2044606392554438,-1.4890176457935922e-6
-0.9303087034318435,3.2044606392554438,0.004982185441340559
-0.8269410697171936,3.2044606392554438,0.00867553380292834
-0.7235734360025445,3.2044606392554438,0.010932831695744905
-0.6202058022878953,3.2044606392554438,0.011864857605476842
-0.5168381685732463,3.2044606392554438,0.011706484544850678
-0.4134705348585972,3.2044606392554438,0.010685634391499959
-0.31010290114394806,3.2044606392554438,0.00895502476590723
-0.2067352674292982,3.2044606392554438,0.006611560762573067
-0.1033676337146491,3.2044606392554438,0.0037831509901788594
0.,3.2044606392554438,0.0007286078142531789
0.1033676337146491,3.2044606392554438,-0.002112623090265026
0.2067352674292982,3.2044606392554438,-0.004164301565066404
0.31010290114394734,3.2044606392554438,-0.004853844022263649
0.4134705348585964,3.2044606392554438,-0.0038082015632435943
0.5168381685732455,3.2044606392554438,-0.0010341478034366271
0.6202058022878947,3.2044606392554438,0.002990802724937998
0.7235734360025438,3.2044606392554438,0.007364233993254912
0.8269410697171944,3.2044606392554438,0.010942615689564304
0.9303087034318435,3.2044606392554438,0.012615387152992938
1.0336763371464925,3.2044606392554438,0.011588563861407475
1.1370439708611417,3.2044606392554438,0.007592172051358507
1.2404116045757907,3.2044606392554438,0.0009509208585974455
1.3437792382904399,3.2044606392554438,-0.007496857042493597
1.447146872005089,3.2044606392554438,-0.016597950167810016
1.550514505719738,3.2044606392554438,-0.02513234087507822
1.6538821394343872,3.2044606392554438,-0.03203470768904678
1.7572497731490362,3.2044606392554438,-0.036534087831774836
1.8606174068636854,3.2044606392554438,-0.03819551531294282
1.9639850405783346,3.2044606392554438,-0.03688811946567314
2.0673526742929837,3.2044606392554438,-0.03272923782092222
2.1707203080076343,3.2044606392554438,-0.02605312861633346
2.2740879417222835,3.2044606392554438,-0.017426638519022916
2.3774555754369326,3.2044606392554438,-0.007694684590416403
2.4808232091515814,3.2044606392554438,0.001995758375370477
2.5841908428662306,3.2044606392554438,0.010255690578599583
2.6875584765808798,3.2044606392554438,0.01563990742767295
2.790926110295529,3.2044606392554438,0.01695183182033114
2.894293744010178,3.2044606392554438,0.013601217348350673
2.997661377724827,3.2044606392554438,0.005902455584653072
3.101029011439476,3.2044606392554438,-0.004809547276144629
3.2043966451541253,3.2044606392554438,-0.01633333146258238
3.3077642788687744,3.2044606392554438,-0.02603578860319765
3.411131912583425,3.2044606392554438,-0.03148438141709885
3.514499546298074,3.2044606392554438,-0.031112065760550544
3.6178671800127233,3.2044606392554438,-0.024714267044005554
3.7212348137273725,3.2044606392554438,-0.013604783478025005
3.8246024474420213,3.2044606392554438,-0.0003465597280315822
3.9279700811566705,3.2044606392554438,0.011899976329370449
4.031337714871319,3.2044606392554438,0.02024315223882255
4.134705348585968,3.2044606392554438,0.022891607169563375
4.238072982300618,3.2044606392554438,0.019695001748485434
4.341440616015267,3.2044606392554438,0.012213131941386636
4.444808249729916,3.2044606392554438,0.003271140635912882
4.548175883444565,3.2044606392554438,-0.003881581591002011
4.651543517159214,3.2044606392554438,-0.0065609778147038555
4.754911150873865,3.2044606392554438,-0.003481968081865966
4.858278784588514,3.2044606392554438,0.004829437664928741
4.961646418303163,3.2044606392554438,0.016185617394840195
5.065014052017812,3.2044606392554438,0.02741380326839899
5.168381685732461,3.2044606392554438,0.0353562000958457
5.27174931944711,3.2044606392554438,0.03788252714184303
5.3751169531617595,3.2044606392554438,0.03459330845036198
5.478484586876409,3.2044606392554438,0.026984929672562222
5.581852220591058,3.2044606392554438,0.01801542695151146
5.685219854305707,3.2044606392554438,0.011200141161188506
5.788587488020356,3.2044606392554438,0.009517530182950661
5.8919551217350055,3.2044606392554438,0.014468164276813798
5.995322755449654,3.2044606392554438,0.025583059930401754
6.098690389164305,3.2044606392554438,0.040535428646497104
6.202058022878954,3.2044606392554438,0.055818228794967444
6.305425656593603,3.2044606392554438,0.06777067411978448
6.408793290308252,3.2044606392554438,0.0736282676893016
-6.408793290308252,3.307830337295942,0.0611958971118664
-6.305425656593603,3.307830337295942,0.053555970310219414
-6.202058022878954,3.307830337295942,0.04300935792888556
-6.098690389164304,3.307830337295942,0.03241891572994178
-5.995322755449655,3.307830337295942,0.024023608379059577
-5.8919551217350055,3.307830337295942,0.01872985203797249
-5.788587488020356,3.307830337295942,0.015892929315317668
-5.685219854305708,3.307830337295942,0.013658868434688304
-5.581852220591058,3.307830337295942,0.009749175422576485
-5.478484586876409,3.307830337295942,0.0024203253335581187
-5.3751169531617595,3.307830337295942,-0.00873313357324367
-5.27174931944711,3.307830337295942,-0.022416948082322124
-5.168381685732461,3.307830337295942,-0.03586077045529586
-5.065014052017812,3.307830337295942,-0.04557934231150554
-4.961646418303163,3.307830337295942,-0.048443926745587854
-4.858278784588514,3.307830337295942,-0.0427274312026437
-4.754911150873865,3.307830337295942,-0.02878418580051271
-4.651543517159215,3.307830337295942,-0.009131776732094012
-4.548175883444566,3.307830337295942,0.012115148178099232
-4.444808249729917,3.307830337295942,0.030307926307355088
-4.341440616015267,3.307830337295942,0.04151610636470804
-4.238072982300618,3.307830337295942,0.04359883720703494
-4.134705348585968,3.307830337295942,0.036776849352236074
-4.031337714871319,3.307830337295942,0.023535532974766463
-3.9279700811566705,3.307830337295942,0.007889758572657068
-3.8246024474420213,3.307830337295942,-0.005769676741643459
-3.7212348137273725,3.307830337295942,-0.013907514970124346
-3.6178671800127233,3.307830337295942,-0.014796591893340766
-3.514499546298074,3.307830337295942,-0.008925262190876049
-3.411131912583425,3.307830337295942,0.001239098387509506
-3.3077642788687753,3.307830337295942,0.012037867032507029
-3.204396645154126,3.307830337295942,0.01971056785062133
-3.101029011439477,3.307830337295942,0.021459505765489984
-2.9976613777248278,3.307830337295942,0.016186428466345916
-2.8942937440101786,3.307830337295942,0.0047094694346641805
-2.790926110295529,3.307830337295942,-0.010569447414512002
-2.6875584765808798,3.307830337295942,-0.026415351513803365
-2.5841908428662306,3.307830337295942,-0.039685358443405545
-2.4808232091515814,3.307830337295942,-0.04815137481806474
-2.3774555754369326,3.307830337295942,-0.050994345054295946
-2.2740879417222835,3.307830337295942,-0.04885749555656863
-2.1707203080076334,3.307830337295942,-0.04348361421571944
-2.067352674292984,3.307830337295942,-0.03708011176911353
-1.9639850405783352,3.307830337295942,-0.031621619791369966
-1.8606174068636863,3.307830337295942,-0.028298150436352993
-1.757249773149037,3.307830337295942,-0.02725415254816128
-1.6538821394343879,3.307830337295942,-0.027664709257392152
-1.550514505719738,3.307830337295942,-0.028092758672200915
-1.447146872005089,3.307830337295942,-0.026996238213140376
-1.3437792382904399,3.307830337295942,-0.0232254792602271
-1.2404116045757907,3.307830337295942,-0.016371854645036387
-1.1370439708611417,3.307830337295942,-0.006886315141578202
-1.0336763371464925,3.307830337295942,0.004040681815911919
-0.9303087034318435,3.307830337295942,0.014781425799969689
-0.8269410697171936,3.307830337295942,0.023659241082783458
-0.7235734360025445,3.307830337295942,0.02931903765016924
-0.6202058022878953,3.307830337295942,0.030996976021591263
-0.5168381685732463,3.307830337295942,0.028643526629135038
-0.4134705348585972,3.307830337295942,0.022894574122006125
-0.31010290114394806,3.307830337295942,0.014917221981928618
-0.2067352674292982,3.307830337295942,0.006174953150718704
-0.1033676337146491,3.307830337295942,-0.0018387941315838707
0.,3.307830337295942,-0.007854306626127908
0.1033676337146491,3.307830337295942,-0.011030696561460105
0.2067352674292982,3.307830337295942,-0.011085327508217141
0.31010290114394734,3.307830337295942,-0.00832901230943054
0.4134705348585964,3.307830337295942,-0.0035986670578640246
0.5168381685732455,3.307830337295942,0.0019068238606341507
0.6202058022878947,3.307830337295942,0.006863801723144864
0.7235734360025438,3.307830337295942,0.01009173764706282
0.8269410697171944,3.307830337295942,0.010796275593932037
0.9303087034318435,3.307830337295942,0.008730552970424752
1.0336763371464925,3.307830337295942,0.004232512137516696
1.1370439708611417,3.307830337295942,-0.0018748540214151364
1.2404116045757907,3.307830337295942,-0.008496549698259661
1.3437792382904399,3.307830337295942,-0.014534910015505805
1.447146872005089,3.307830337295942,-0.01914019545373526
1.550514505719738,3.307830337295942,-0.021872238455792455
1.6538821394343872,3.307830337295942,-0.022730804599832344
1.7572497731490362,3.307830337295942,-0.022055166480075515
1.8606174068636854,3.307830337295942,-0.020337008119767457
1.9639850405783346,3.307830337295942,-0.018019669537247446
2.0673526742929837,3.307830337295942,-0.015359754082627805
2.1707203080076343,3.307830337295942,-0.012401973974317046
2.2740879417222835,3.307830337295942,-0.009072893322016273
2.3774555754369326,3.307830337295942,-0.005350097832294724
2.4808232091515814,3.307830337295942,-0.0014289652129928095
2.5841908428662306,3.307830337295942,0.002196039386938052
2.6875584765808798,3.307830337295942,0.004790538233937695
2.790926110295529,3.307830337295942,0.005581706962741589
2.894293744010178,3.307830337295942,0.004044112638069526
2.997661377724827,3.307830337295942,0.0001683230995529432
3.101029011439476,3.307830337295942,-0.005398421226861437
3.2043966451541253,3.307830337295942,-0.011417599826291215
3.3077642788687744,3.307830337295942,-0.016342618819619657
3.411131912583425,3.307830337295942,-0.01875264883233462
3.514499546298074,3.307830337295942,-0.01780629172374397
3.6178671800127233,3.307830337295942,-0.013560811237177877
3.7212348137273725,3.307830337295942,-0.007031877588484709
3.8246024474420213,3.307830337295942,0.00005466801438550001
3.9279700811566705,3.307830337295942,0.00576634156562161
4.031337714871319,3.307830337295942,0.008577706947608812
4.134705348585968,3.307830337295942,0.007898408074473048
4.238072982300618,3.307830337295942,0.004331805174397808
4.341440616015267,3.307830337295942,-0.0004438451131352311
4.444808249729916,3.307830337295942,-0.004161526816744571
4.548175883444565,3.307830337295942,-0.004685196046650574
4.651543517159214,3.307830337295942,-0.0007418785915566052
4.754911150873865,3.307830337295942,0.00757465724400636
4.858278784588514,3.307830337295942,0.018710218977065082
4.961646418303163,3.307830337295942,0.030025089442062714
5.065014052017812,3.307830337295942,0.03854659501568681
5.168381685732461,3.307830337295942,0.04188042741650246
5.27174931944711,3.307830337295942,0.0389985543414522
5.3751169531617595,3.307830337295942,0.030646878778141696
5.478484586876409,3.307830337295942,0.019225333514597914
5.581852220591058,3.307830337295942,0.008154579806434152
5.685219854305707,3.307830337295942,0.0009064225015324896
5.788587488020356,3.307830337295942,-0.00001325350075916485
5.8919551217350055,3.307830337295942,0.00618258159969053
5.995322755449654,3.307830337295942,0.018309065774857344
6.098690389164305,3.307830337295942,0.03353969751927551
6.202058022878954,3.307830337295942,0.048221831007269365
6.305425656593603,3.307830337295942,0.058926763283366684
6.408793290308252,3.307830337295942,0.0634095500086278
-6.408793290308252,3.41120003533644,0.04897961672012015
-6.305425656593603,3.41120003533644,0.04262496007873817
-6.202058022878954,3.41120003533644,0.033690544276720434
-6.098690389164304,3.41120003533644,0.02512058254528414
-5.995322755449655,3.41120003533644,0.019201417049032596
-5.8919551217350055,3.41120003533644,0.016795055487653837
-5.788587488020356,3.41120003533644,0.01707231039125833
-5.685219854305708,3.41120003533644,0.017840819714405296
-5.581852220591058,3.41120003533644,0.016369103747290073
-5.478484586876409,3.41120003533644,0.010441537228403646
-5.3751169531617595,3.41120003533644,-0.0007049250678434521
-5.27174931944711,3.41120003533644,-0.0158841988870013
-5.168381685732461,3.41120003533644,-0.03209428054849605
-5.065014052017812,3.41120003533644,-0.0452723708649465
-4.961646418303163,3.41120003533644,-0.05146322240184026
-4.858278784588514,3.41120003533644,-0.048051696571868294
-4.754911150873865,3.41120003533644,-0.034676568112204396
-4.651543517159215,3.41120003533644,-0.013527975465594361
-4.548175883444566,3.41120003533644,0.011088899818897801
-4.444808249729917,3.41120003533644,0.03382090448768945
-4.341440616015267,3.41120003533644,0.049668768095843634
-4.238072982300618,3.41120003533644,0.055322072508947606
-4.134705348585968,3.41120003533644,0.050040287650731485
-4.031337714871319,3.41120003533644,0.035823818577122656
-3.9279700811566705,3.41120003533644,0.01682668708698521
-3.8246024474420213,3.41120003533644,-0.001816176077425189
-3.7212348137273725,3.41120003533644,-0.01540575626737132
-3.6178671800127233,3.41120003533644,-0.020933277295847506
-3.514499546298074,3.41120003533644,-0.01782096924835528
-3.411131912583425,3.41120003533644,-0.007955777600263345
-3.3077642788687753,3.41120003533644,0.004967298229511774
-3.204396645154126,3.41120003533644,0.016576710161497525
-3.101029011439477,3.41120003533644,0.023086488302389685
-2.9976613777248278,3.41120003533644,0.022322058119516517
-2.8942937440101786,3.41120003533644,0.014228827856060848
-2.790926110295529,3.41120003533644,0.0007473055120718523
-2.6875584765808798,3.41120003533644,-0.014870621000233116
-2.5841908428662306,3.41120003533644,-0.02907059537667544
-2.4808232091515814,3.41120003533644,-0.03901488651769408
-2.3774555754369326,3.41120003533644,-0.04331312813175585
-2.2740879417222835,3.41120003533644,-0.04227020616303545
-2.1707203080076334,3.41120003533644,-0.037612345538168196
-2.067352674292984,3.41120003533644,-0.031810000930642374
-1.9639850405783352,3.41120003533644,-0.02722851077162922
-1.8606174068636863,3.41120003533644,-0.025373886762144856
-1.757249773149037,3.41120003533644,-0.026455578153815565
-1.6538821394343879,3.41120003533644,-0.029379519719706773
-1.550514505719738,3.41120003533644,-0.03214974849963397
-1.447146872005089,3.41120003533644,-0.032537192340133435
-1.3437792382904399,3.41120003533644,-0.028804105239926936
-1.2404116045757907,3.41120003533644,-0.02026898288214994
-1.1370439708611417,3.41120003533644,-0.007555629625197421
-1.0336763371464925,3.41120003533644,0.007530616877190948
-0.9303087034318435,3.41120003533644,0.022448518224827598
-0.8269410697171936,3.41120003533644,0.034552236724619975
-0.7235734360025445,3.41120003533644,0.041731526844005024
-0.6202058022878953,3.41120003533644,0.0428949759486302
-0.5168381685732463,3.41120003533644,0.038184596752861205
-0.4134705348585972,3.41120003533644,0.028888067247775956
-0.31010290114394806,3.41120003533644,0.017093276805899914
-0.2067352674292982,3.41120003533644,0.0051881238336966085
-0.1033676337146491,3.41120003533644,-0.004665465855888002
0.,3.41120003533644,-0.010962480830693077
0.1033676337146491,3.41120003533644,-0.013105128910373569
0.2067352674292982,3.41120003533644,-0.011436656664342492
0.31010290114394734,3.41120003533644,-0.007073469322796335
0.4134705348585964,3.41120003533644,-0.0015907708111461848
0.5168381685732455,3.41120003533644,0.003359331486509152
0.6202058022878947,3.41120003533644,0.00641300244178258
0.7235734360025438,3.41120003533644,0.006769964951553642
0.8269410697171944,3.41120003533644,0.004329019885166284
0.9303087034318435,3.41120003533644,-0.0003356111403974258
1.0336763371464925,3.41120003533644,-0.006144093509110393
1.1370439708611417,3.41120003533644,-0.011784655339295347
1.2404116045757907,3.41120003533644,-0.01602777661779077
1.3437792382904399,3.41120003533644,-0.01800903306713838
1.447146872005089,3.41120003533644,-0.017415587771398268
1.550514505719738,3.41120003533644,-0.014533478781096775
1.6538821394343872,3.41120003533644,-0.010146495806110203
1.7572497731490362,3.41120003533644,-0.005315056648633418
1.8606174068636854,3.41120003533644,-0.001095286209163841
1.9639850405783346,3.41120003533644,0.001724975447047926
2.0673526742929837,3.41120003533644,0.0028012267811275493
2.1707203080076343,3.41120003533644,0.002272380789960825
2.2740879417222835,3.41120003533644,0.0006603018404741082
2.3774555754369326,3.41120003533644,-0.001333789343643634
2.4808232091515814,3.41120003533644,-0.0030669222656352605
2.5841908428662306,3.41120003533644,-0.0041473276205843835
2.6875584765808798,3.41120003533644,-0.00452072851829567
2.790926110295529,3.41120003533644,-0.004426062108065048
2.894293744010178,3.41120003533644,-0.00424368665389984
2.997661377724827,3.41120003533644,-0.0042985589804387485
3.101029011439476,3.41120003533644,-0.004698155895255307
3.2043966451541253,3.41120003533644,-0.005272679488047384
3.3077642788687744,3.41120003533644,-0.005646369461140105
3.411131912583425,3.41120003533644,-0.005416619166414733
3.514499546298074,3.41120003533644,-0.004371055623056207
3.6178671800127233,3.41120003533644,-0.0026501177289556498
3.7212348137273725,3.41120003533644,-0.0007747242975569075
3.8246024474420213,3.41120003533644,0.0004960333505121639
3.9279700811566705,3.41120003533644,0.0004476860021980356
4.031337714871319,3.41120003533644,-0.0012569509898961025
4.134705348585968,3.41120003533644,-0.004319990630999635
4.238072982300618,3.41120003533644,-0.007741480960638197
4.341440616015267,3.41120003533644,-0.01000559548619269
4.444808249729916,3.41120003533644,-0.009498559449845274
4.548175883444565,3.41120003533644,-0.005049571168927028
4.651543517159214,3.41120003533644,0.0035739172244598325
4.754911150873865,3.41120003533644,0.015393436880113371
4.858278784588514,3.41120003533644,0.02829420541188343
4.961646418303163,3.41120003533644,0.03947172445421305
5.065014052017812,3.41120003533644,0.04615496341316644
5.168381685732461,3.41120003533644,0.04641039779420776
5.27174931944711,3.41120003533644,0.03978531440836194
5.3751169531617595,3.41120003533644,0.027577287206579888
5.478484586876409,3.41120003533644,0.012616095896194971
5.581852220591058,3.41120003533644,-0.0014125452113587602
5.685219854305707,3.41120003533644,-0.010928582749755923
5.788587488020356,3.41120003533644,-0.01343391513034248
5.8919551217350055,3.41120003533644,-0.008214621236020864
5.995322755449654,3.41120003533644,0.003448242648109766
6.098690389164305,3.41120003533644,0.01863431355408994
6.202058022878954,3.41120003533644,0.0336100969572488
6.305425656593603,3.41120003533644,0.04488326579303868
6.408793290308252,3.41120003533644,0.05016821555147137
-6.408793290308252,3.514569733376938,0.03788085832020738
-6.305425656593603,3.514569733376938,0.033743882224785714
-6.202058022878954,3.514569733376938,0.0263742923222273
-6.098690389164304,3.514569733376938,0.018847256432047488
-5.995322755449655,3.514569733376938,0.013857387106403909
-5.8919551217350055,3.514569733376938,0.012782578230614718
-5.788587488020356,3.514569733376938,0.015193715464049063
-5.685219854305708,3.514569733376938,0.018984677996705168
-5.581852220591058,3.514569733376938,0.02109901491433087
-5.478484586876409,3.514569733376938,0.018632399590616962
-5.3751169531617595,3.514569733376938,0.009957416845911305
-5.27174931944711,3.514569733376938,-0.0045053714003728965
-5.168381685732461,3.514569733376938,-0.02214763856373571
-5.065014052017812,3.514569733376938,-0.0387502910629824
-4.961646418303163,3.514569733376938,-0.04963569251344381
-4.858278784588514,3.514569733376938,-0.05106300927313621
-4.754911150873865,3.514569733376938,-0.04144244276822957
-4.651543517159215,3.514569733376938,-0.021982587788296662
-4.548175883444566,3.514569733376938,0.003454259220234188
-4.444808249729917,3.514569733376938,0.029278640125181915
-4.341440616015267,3.514569733376938,0.04963379873706417
-4.238072982300618,3.514569733376938,0.05997311161381479
-4.134705348585968,3.514569733376938,0.05829607874515826
-4.031337714871319,3.514569733376938,0.045679460716672275
-3.9279700811566705,3.514569733376938,0.025946438794667105
-3.8246024474420213,3.514569733376938,0.0045710694443729894
-3.7212348137273725,3.514569733376938,-0.012859771016242548
-3.6178671800127233,3.514569733376938,-0.022177677867990648
-3.514499546298074,3.514569733376938,-0.021716664850352285
-3.411131912583425,3.514569733376938,-0.01264952571708927
-3.3077642788687753,3.514569733376938,0.00149615432085084
-3.204396645154126,3.514569733376938,0.015971096598297374
-3.101029011439477,3.514569733376938,0.026229183085952144
-2.9976613777248278,3.514569733376938,0.02921359176925058
-2.8942937440101786,3.514569733376938,0.024132688580964234
-2.790926110295529,3.514569733376938,0.012523133898060484
-2.6875584765808798,3.514569733376938,-0.0023786089496752316
-2.5841908428662306,3.514569733376938,-0.016727151233887277
-2.4808232091515814,3.514569733376938,-0.027263179083196018
-2.3774555754369326,3.514569733376938,-0.03224085721996593
-2.2740879417222835,3.514569733376938,-0.03181751423761518
-2.1707203080076334,3.514569733376938,-0.02781590406058812
-2.067352674292984,3.514569733376938,-0.022969269433402252
-1.9639850405783352,3.514569733376938,-0.019915912873984764
-1.8606174068636863,3.514569733376938,-0.020276209947193893
-1.757249773149037,3.514569733376938,-0.024104319170781752
-1.6538821394343879,3.514569733376938,-0.029876659938791465
-1.550514505719738,3.514569733376938,-0.0350040755473369
-1.447146872005089,3.514569733376938,-0.03669096996759639
-1.3437792382904399,3.514569733376938,-0.03286285328093193
-1.2404116045757907,3.514569733376938,-0.02287227617843049
-1.1370439708611417,3.514569733376938,-0.007771257593166145
-1.0336763371464925,3.514569733376938,0.009922439673778259
-0.9303087034318435,3.514569733376938,0.026883170353426068
-0.8269410697171936,3.514569733376938,0.03985514160321611
-0.7235734360025445,3.514569733376938,0.04649094165605918
-0.6202058022878953,3.514569733376938,0.04591665353142082
-0.5168381685732463,3.514569733376938,0.038881179353037885
-0.4134705348585972,3.514569733376938,0.027474199826689576
-0.31010290114394806,3.514569733376938,0.014518941415518299
-0.2067352674292982,3.514569733376938,0.002827435220696661
-0.1033676337146491,3.514569733376938,-0.005472856943370962
0.,3.514569733376938,-0.0093715988760683
0.1033676337146491,3.514569733376938,-0.009080293198477531
0.2067352674292982,3.514569733376938,-0.005819237847862249
0.31010290114394734,3.514569733376938,-0.0013793474639039731
0.4134705348585964,3.514569733376938,0.002401874714393816
0.5168381685732455,3.514569733376938,0.004108101975738415
0.6202058022878947,3.514569733376938,0.0030487022163598523
0.7235734360025438,3.514569733376938,-0.000649753697205245
0.8269410697171944,3.514569733376938,-0.006154873526950482
0.9303087034318435,3.514569733376938,-0.012186554345360303
1.0336763371464925,3.514569733376938,-0.017342599166583747
1.1370439708611417,3.514569733376938,-0.02041307842842649
1.2404116045757907,3.514569733376938,-0.020622454701082957
1.3437792382904399,3.514569733376938,-0.017764326923254643
1.447146872005089,3.514569733376938,-0.012219105161644426
1.550514505719738,3.514569733376938,-0.004864935111291591
1.6538821394343872,3.514569733376938,0.0030944037513061864
1.7572497731490362,3.514569733376938,0.010352641045849308
1.8606174068636854,3.514569733376938,0.015738169944051052
1.9639850405783346,3.514569733376938,0.018425773424581817
2.0673526742929837,3.514569733376938,0.018085023518767698
2.1707203080076343,3.514569733376938,0.014935251573406435
2.2740879417222835,3.514569733376938,0.00969247602623775
2.3774555754369326,3.514569733376938,0.0034156397500526795
2.4808232091515814,3.514569733376938,-0.0027165969079257675
2.5841908428662306,3.514569733376938,-0.0076483604207316196
2.6875584765808798,3.514569733376938,-0.010651210020157897
2.790926110295529,3.514569733376938,-0.011442615597388961
2.894293744010178,3.514569733376938,-0.010193515840409648
2.997661377724827,3.514569733376938,-0.007431872602895408
3.101029011439476,3.514569733376938,-0.003878707767875149
3.2043966451541253,3.514569733376938,-0.00027031886176730007
3.3077642788687744,3.514569733376938,0.002781136459889035
3.411131912583425,3.514569733376938,0.0048563727355831745
3.514499546298074,3.514569733376938,0.0057255301064493
3.6178671800127233,3.514569733376938,0.005300724845537191
3.7212348137273725,3.514569733376938,0.0035890384247255387
3.8246024474420213,3.514569733376938,0.0006857632463838813
3.9279700811566705,3.514569733376938,-0.003177038413762883
4.031337714871319,3.514569733376938,-0.007547080621571462
4.134705348585968,3.514569733376938,-0.011685041710907555
4.238072982300618,3.514569733376938,-0.014577600422048368
4.341440616015267,3.514569733376938,-0.01507687152772707
4.444808249729916,3.514569733376938,-0.012169590084126068
4.548175883444565,3.514569733376938,-0.005322787622476739
4.651543517159214,3.514569733376938,0.005196492976248065
4.754911150873865,3.514569733376938,0.01815034482401247
4.858278784588514,3.514569733376938,0.03140896138112656
4.961646418303163,3.514569733376938,0.04231637356048196
5.065014052017812,3.514569733376938,0.0482899735035353
5.168381685732461,3.514569733376938,0.04751296682703337
5.27174931944711,3.514569733376938,0.03952432500460021
5.3751169531617595,3.514569733376938,0.025513173643873104
5.478484586876409,3.514569733376938,0.008190623383136864
5.581852220591058,3.514569733376938,-0.008772494785210087
5.685219854305707,3.514569733376938,-0.021621353281823786
5.788587488020356,3.514569733376938,-0.02747839345329212
5.8919551217350055,3.514569733376938,-0.025117074459413122
5.995322755449654,3.514569733376938,-0.015311982103611115
6.098690389164305,3.514569733376938,-0.0006427267620345898
6.202058022878954,3.514569733376938,0.015211727348853411
6.305425656593603,3.514569733376938,0.028494775664459956
6.408793290308252,3.514569733376938,0.03641213813350028
-6.408793290308252,3.6179394314174362,0.029438327501524454
-6.305425656593603,3.6179394314174362,0.02790327317402828
-6.202058022878954,3.6179394314174362,0.021828978096883035
-6.098690389164304,3.6179394314174362,0.014388538876167842
-5.995322755449655,3.6179394314174362,0.008869932127552672
-5.8919551217350055,3.6179394314174362,0.007527115403946179
-5.788587488020356,3.6179394314174362,0.010770580197650736
-5.685219854305708,3.6179394314174362,0.016977249015297013
-5.581852220591058,3.6179394314174362,0.02300497530276451
-5.478484586876409,3.6179394314174362,0.025266600517772173
-5.3751169531617595,3.6179394314174362,0.021026898624051188
-5.27174931944711,3.6179394314174362,0.0094972620929207
-5.168381685732461,3.6179394314174362,-0.007649414809437391
-5.065014052017812,3.6179394314174362,-0.026548080734333665
-4.961646418303163,3.6179394314174362,-0.042152906920200794
-4.858278784588514,3.6179394314174362,-0.049706096367346866
-4.754911150873865,3.6179394314174362,-0.04622002721164529
-4.651543517159215,3.6179394314174362,-0.03150612726614898
-4.548175883444566,3.6179394314174362,-0.008409526922531031
-4.444808249729917,3.6179394314174362,0.017853987639163037
-4.341440616015267,3.6179394314174362,0.04108597266130953
-4.238072982300618,3.6179394314174362,0.055817444064069494
-4.134705348585968,3.6179394314174362,0.05883728116607531
-4.031337714871319,3.6179394314174362,0.050078523297261805
-3.9279700811566705,3.6179394314174362,0.032596063449281565
-3.8246024474420213,3.6179394314174362,0.011644353605230895
-3.7212348137273725,3.6179394314174362,-0.006863765931491542
-3.6178671800127233,3.6179394314174362,-0.018051203967204346
-3.514499546298074,3.6179394314174362,-0.019417942481296274
-3.411131912583425,3.6179394314174362,-0.011440032141979018
-3.3077642788687753,3.6179394314174362,0.0027289821856252726
-3.204396645154126,3.6179394314174362,0.018332096770580793
-3.101029011439477,3.6179394314174362,0.030503298649815932
-2.9976613777248278,3.6179394314174362,0.03571087122736766
-2.8942937440101786,3.6179394314174362,0.032711717257510015
-2.790926110295529,3.6179394314174362,0.022748277442942333
-2.6875584765808798,3.6179394314174362,0.008967432028204242
-2.5841908428662306,3.6179394314174362,-0.00471386412526177
-2.4808232091515814,3.6179394314174362,-0.014906470769708836
-2.3774555754369326,3.6179394314174362,-0.019786169615843282
-2.2740879417222835,3.6179394314174362,-0.019548333577408143
-2.1707203080076334,3.6179394314174362,-0.016160833166284905
-2.067352674292984,3.6179394314174362,-0.01252934121507118
-1.9639850405783352,3.6179394314174362,-0.01137734148960856
-1.8606174068636863,3.6179394314174362,-0.014226478594139166
-1.757249773149037,3.6179394314174362,-0.020817731582983834
-1.6538821394343879,3.6179394314174362,-0.029158974345589506
-1.550514505719738,3.6179394314174362,-0.03617353970283155
-1.447146872005089,3.6179394314174362,-0.038727637341653666
-1.3437792382904399,3.6179394314174362,-0.034695243141418065
-1.2404116045757907,3.6179394314174362,-0.023713553088177183
-1.1370439708611417,3.6179394314174362,-0.0073884713664345075
-1.0336763371464925,3.6179394314174362,0.011109979754872422
-0.9303087034318435,3.6179394314174362,0.027928314564512186
-0.8269410697171936,3.6179394314174362,0.03960690358092948
-0.7235734360025445,3.6179394314174362,0.044022242528725525
-0.6202058022878953,3.6179394314174362,0.040915909845639926
-0.5168381685732463,3.6179394314174362,0.03186959011028659
-0.4134705348585972,3.6179394314174362,0.019760054262156955
-0.31010290114394806,3.6179394314174362,0.00788282602593971
-0.2067352674292982,3.6179394314174362,-0.000978748298525542
-0.1033676337146491,3.6179394314174362,-0.005264409037431699
0.,3.6179394314174362,-0.004938763815345202
0.1033676337146491,3.6179394314174362,-0.0013312424345577672
0.2067352674292982,3.6179394314174362,0.0033973152416917145
0.31010290114394734,3.6179394314174362,0.006971090121836369
0.4134705348585964,3.6179394314174362,0.0076736835225141384
0.5168381685732455,3.6179394314174362,0.004792113775699183
0.6202058022878947,3.6179394314174362,-0.0012687013636606093
0.7235734360025438,3.6179394314174362,-0.009191797926282896
0.8269410697171944,3.6179394314174362,-0.017173791199641325
0.9303087034318435,3.6179394314174362,-0.023421530958378966
1.0336763371464925,3.6179394314174362,-0.026575121691104167
1.1370439708611417,3.6179394314174362,-0.025959768671083096
1.2404116045757907,3.6179394314174362,-0.021636949826545418
1.3437792382904399,3.6179394314174362,-0.014288531046502895
1.447146872005089,3.6179394314174362,-0.0050055933222356574
1.550514505719738,3.6179394314174362,0.004940992424735824
1.6538821394343872,3.6179394314174362,0.014293412866653322
1.7572497731490362,3.6179394314174362,0.021943186481708527
1.8606174068636854,3.6179394314174362,0.02702109568361575
1.9639850405783346,3.6179394314174362,0.028964226437328006
2.0673526742929837,3.6179394314174362,0.027576792421760584
2.1707203080076343,3.6179394314174362,0.02308142607339861
2.2740879417222835,3.6179394314174362,0.016137153883132277
2.3774555754369326,3.6179394314174362,0.007791974665996352
2.4808232091515814,3.6179394314174362,-0.00065146032550612
2.5841908428662306,3.6179394314174362,-0.007851428864815966
2.6875584765808798,3.6179394314174362,-0.01268516859009627
2.790926110295529,3.6179394314174362,-0.014485655897370388
2.894293744010178,3.6179394314174362,-0.013188844071838797
2.997661377724827,3.6179394314174362,-0.009343193908495211
3.101029011439476,3.6179394314174362,-0.003972693508222107
3.2043966451541253,3.6179394314174362,0.001670417255054206
3.3077642788687744,3.6179394314174362,0.006392871938109245
3.411131912583425,3.6179394314174362,0.00930692327526198
3.514499546298074,3.6179394314174362,0.009973208255197942
3.6178671800127233,3.6179394314174362,0.008415757250503876
3.7212348137273725,3.6179394314174362,0.005029909167829038
3.8246024474420213,3.6179394314174362,0.0004373441267698257
3.9279700811566705,3.6179394314174362,-0.00464863651835946
4.031337714871319,3.6179394314174362,-0.009503093910226456
4.134705348585968,3.6179394314174362,-0.01340784825532949
4.238072982300618,3.6179394314174362,-0.015641044271177663
4.341440616015267,3.6179394314174362,-0.015493509593261217
4.444808249729916,3.6179394314174362,-0.012361159643683249
4.548175883444565,3.6179394314174362,-0.00592664782123121
4.651543517159214,3.6179394314174362,0.0036093811676163093
4.754911150873865,3.6179394314174362,0.015334590211039847
4.858278784588514,3.6179394314174362,0.027575117072151285
4.961646418303163,3.6179394314174362,0.03807230671730928
5.065014052017812,3.6179394314174362,0.04440350532817126
5.168381685732461,3.6179394314174362,0.04457601443163226
5.27174931944711,3.6179394314174362,0.03764223289223471
5.3751169531617595,3.6179394314174362,0.02414263023982572
5.478484586876409,3.6179394314174362,0.006203550434073054
5.581852220591058,3.6179394314174362,-0.012798860852438127
5.685219854305707,3.6179394314174362,-0.028969885506117878
5.788587488020356,3.6179394314174362,-0.03885215073517533
5.8919551217350055,3.6179394314174362,-0.040344482556629264
5.995322755449654,3.6179394314174362,-0.03330657546413763
6.098690389164305,3.6179394314174362,-0.019645693463009286
6.202058022878954,3.6179394314174362,-0.002827300746651877
6.305425656593603,3.6179394314174362,0.0130727205911901
6.408793290308252,3.6179394314174362,0.02450649379135379
-6.408793290308252,3.7213091294579344,0.024196457037244882
-6.305425656593603,3.7213091294579344,0.02486891172336794
-6.202058022878954,3.7213091294579344,0.019545307273889895
-6.098690389164304,3.7213091294579344,0.011413349054649802
-5.995322755449655,3.7213091294579344,0.004332473306411229
-5.8919551217350055,3.7213091294579344,0.0015062124702532804
-5.788587488020356,3.7213091294579344,0.004362025057008437
-5.685219854305708,3.7213091294579344,0.01201506509758292
-5.581852220591058,3.7213091294579344,0.02151095340139886
-5.478484586876409,3.7213091294579344,0.02879078952571744
-5.3751169531617595,3.7213091294579344,0.03008041467603285
-5.27174931944711,3.7213091294579344,0.02325540263637541
-5.168381685732461,3.7213091294579344,0.008725898174771844
-5.065014052017812,3.7213091294579344,-0.010472150424056841
-4.961646418303163,3.7213091294579344,-0.029443295066902565
-4.858278784588514,3.7213091294579344,-0.04284281480998842
-4.754911150873865,3.7213091294579344,-0.04650184006344617
-4.651543517159215,3.7213091294579344,-0.03875676880794544
-4.548175883444566,3.7213091294579344,-0.02105390380087505
-4.444808249729917,3.7213091294579344,0.002378612391581733
-4.341440616015267,3.7213091294579344,0.025708087690211528
-4.238072982300618,3.7213091294579344,0.04317175736989597
-4.134705348585968,3.7213091294579344,0.050737308768202094
-4.031337714871319,3.7213091294579344,0.04724048873594728
-3.9279700811566705,3.7213091294579344,0.034654163453041766
-3.8246024474420213,3.7213091294579344,0.017415500927535906
-3.7212348137273725,3.7213091294579344,0.0010318548473502226
-3.6178671800127233,3.7213091294579344,-0.009592618740785977
-3.514499546298074,3.7213091294579344,-0.01158872860467554
-3.411131912583425,3.7213091294579344,-0.004878800100169656
-3.3077642788687753,3.7213091294579344,0.007952551944812963
-3.204396645154126,3.7213091294579344,0.022599097135789104
-3.101029011439477,3.7213091294579344,0.034456834814536784
-2.9976613777248278,3.7213091294579344,0.04006093421115706
-2.8942937440101786,3.7213091294579344,0.03807923848444947
-2.790926110295529,3.7213091294579344,0.029566391485647193
-2.6875584765808798,3.7213091294579344,0.017434104758624735
-2.5841908428662306,3.7213091294579344,0.005350723533298186
-2.4808232091515814,3.7213091294579344,-0.0035376710228417554
-2.3774555754369326,3.7213091294579344,-0.007628704969112577
-2.2740879417222835,3.7213091294579344,-0.007294212060273653
-2.1707203080076334,3.7213091294579344,-0.00459687366108231
-2.067352674292984,3.7213091294579344,-0.0024157937545380417
-1.9639850405783352,3.7213091294579344,-0.0033016771902348867
-1.8606174068636863,3.7213091294579344,-0.008467194840512766
-1.757249773149037,3.7213091294579344,-0.017264154983602467
-1.6538821394343879,3.7213091294579344,-0.027327329156414455
-1.550514505719738,3.7213091294579344,-0.03533522094188033
-1.447146872005089,3.7213091294579344,-0.03812879635328249
-1.3437792382904399,3.7213091294579344,-0.03380989300200562
-1.2404116045757907,3.7213091294579344,-0.022449902833170127
-1.1370439708611417,3.7213091294579344,-0.006171086148887402
-1.0336763371464925,3.7213091294579344,0.011428514451832576
-0.9303087034318435,3.7213091294579344,0.026320634947572245
-0.8269410697171936,3.7213091294579344,0.03522654650816581
-0.7235734360025445,3.7213091294579344,0.036556838516763425
-0.6202058022878953,3.7213091294579344,0.030821198522620923
-0.5168381685732463,3.7213091294579344,0.020393559416243538
-0.4134705348585972,3.7213091294579344,0.008724943533702758
-0.31010290114394806,3.7213091294579344,-0.0007331508704826341
-0.2067352674292982,3.7213091294579344,-0.0055515458300041485
-0.1033676337146491,3.7213091294579344,-0.004980951317130261
0.,3.7213091294579344,-0.00006182028654687141
0.1033676337146491,3.7213091294579344,0.006816029128261553
0.2067352674292982,3.7213091294579344,0.01273582491748262
0.31010290114394734,3.7213091294579344,0.015182655195540812
0.4134705348585964,3.7213091294579344,0.01278931108443951
0.5168381685732455,3.7213091294579344,0.0056878449728569175
0.6202058022878947,3.7213091294579344,-0.00460619650863211
0.7235734360025438,3.7213091294579344,-0.01570037763998154
0.8269410697171944,3.7213091294579344,-0.02503447747463325
0.9303087034318435,3.7213091294579344,-0.03056221385775298
1.0336763371464925,3.7213091294579344,-0.031211154932656367
1.1370439708611417,3.7213091294579344,-0.027019340644987587
1.2404116045757907,3.7213091294579344,-0.018960742269512075
1.3437792382904399,3.7213091294579344,-0.008565793192728065
1.447146872005089,3.7213091294579344,0.0025114616818033026
1.550514505719738,3.7213091294579344,0.012840721005152557
1.6538821394343872,3.7213091294579344,0.021396773675819835
1.7572497731490362,3.7213091294579344,0.02757102790284269
1.8606174068636854,3.7213091294579344,0.031073421844960303
1.9639850405783346,3.7213091294579344,0.03181337356355846
2.0673526742929837,3.7213091294579344,0.029834596141118625
2.1707203080076343,3.7213091294579344,0.02533314660055169
2.2740879417222835,3.7213091294579344,0.01873360957762342
2.3774555754369326,3.7213091294579344,0.01075963426158448
2.4808232091515814,3.7213091294579344,0.0024289992832187144
2.5841908428662306,3.7213091294579344,-0.0050676550804423974
2.6875584765808798,3.7213091294579344,-0.010593963873528962
2.790926110295529,3.7213091294579344,-0.013338863010751796
2.894293744010178,3.7213091294579344,-0.013040269767528931
2.997661377724827,3.7213091294579344,-0.010076707243967156
3.101029011439476,3.7213091294579344,-0.005383445906785524
3.2043966451541253,3.7213091294579344,-0.00021050770143733624
3.3077642788687744,3.7213091294579344,0.004203393662079077
3.411131912583425,3.7213091294579344,0.006936649406492648
3.514499546298074,3.7213091294579344,0.007574487846719646
3.6178671800127233,3.7213091294579344,0.006231222612151113
3.7212348137273725,3.7213091294579344,0.0034165955363117196
3.8246024474420213,3.7213091294579344,-0.00018550273525787416
3.9279700811566705,3.7213091294579344,-0.0039299538681162784
4.031337714871319,3.7213091294579344,-0.007331593022780762
4.134705348585968,3.7213091294579344,-0.010059130874425917
4.238072982300618,3.7213091294579344,-0.011829587272581809
4.341440616015267,3.7213091294579344,-0.012282644375113621
4.444808249729916,3.7213091294579344,-0.010930810764282952
4.548175883444565,3.7213091294579344,-0.007252619150482613
4.651543517159214,3.7213091294579344,-0.0009307811590127759
4.754911150873865,3.7213091294579344,0.007839805448159504
4.858278784588514,3.7213091294579344,0.01810565984540518
4.961646418303163,3.7213091294579344,0.0281097281671984
5.065014052017812,3.7213091294579344,0.03553712731932635
5.168381685732461,3.7213091294579344,0.038043420632922084
5.27174931944711,3.7213091294579344,0.03394456642187481
5.3751169531617595,3.7213091294579344,0.022861666676107065
5.478484586876409,3.7213091294579344,0.006090868688647297
5.581852220591058,3.7213091294579344,-0.013473711066489435
5.685219854305707,3.7213091294579344,-0.031909151502360615
5.788587488020356,3.7213091294579344,-0.04521087939527016
5.8919551217350055,3.7213091294579344,-0.05036499659706316
5.995322755449654,3.7213091294579344,-0.0462252024569262
6.098690389164305,3.7213091294579344,-0.033906950857860205
6.202058022878954,3.7213091294579344,-0.016543093048812706
6.305425656593603,3.7213091294579344,0.0015614920814783287
6.408793290308252,3.7213091294579344,0.016144430234808358
-6.408793290308252,3.8246788274984325,0.02172780747981461
-6.305425656593603,3.8246788274984325,0.02344692091969715
-6.202058022878954,3.8246788274984325,0.01809799642963351
-6.098690389164304,3.8246788274984325,0.008795738527234488
-5.995322755449655,3.8246788274984325,-0.0002328344607791846
-5.8919551217350055,3.8246788274984325,-0.0050573416365926
-5.788587488020356,3.8246788274984325,-0.0033660090283751166
-5.685219854305708,3.8246788274984325,0.004730670901012096
-5.581852220591058,3.8246788274984325,0.01668639130033747
-5.478484586876409,3.8246788274984325,0.02831544827999243
-5.3751169531617595,3.8246788274984325,0.03515519897241396
-5.27174931944711,3.8246788274984325,0.03396130784831716
-5.168381685732461,3.8246788274984325,0.023851117301146262
-5.065014052017812,3.8246788274984325,0.006716169785757918
-4.961646418303163,3.8246788274984325,-0.013244488807369309
-4.858278784588514,3.8246788274984325,-0.03073676926925145
-4.754911150873865,3.8246788274984325,-0.04095463321071197
-4.651543517159215,3.8246788274984325,-0.041036265259394675
-4.548175883444566,3.8246788274984325,-0.030933216831611217
-4.444808249729917,3.8246788274984325,-0.013418253177946253
-4.341440616015267,3.8246788274984325,0.006768204657299838
-4.238072982300618,3.8246788274984325,0.02435967640244354
-4.134705348585968,3.8246788274984325,0.03513577803959938
-4.031337714871319,3.8246788274984325,0.03713187271510987
-3.9279700811566705,3.8246788274984325,0.031116379115052058
-3.8246024474420213,3.8246788274984325,0.020206193162159027
-3.7212348137273725,3.8246788274984325,0.00876839174589517
-3.6178671800127233,3.8246788274984325,0.0009805541344593924
-3.514499546298074,3.8246788274984325,-0.0004794796103402877
-3.411131912583425,3.8246788274984325,0.00479951453451771
-3.3077642788687753,3.8246788274984325,0.014962307193400708
-3.204396645154126,3.8246788274984325,0.026620136255486954
-3.101029011439477,3.8246788274984325,0.036043236266637184
-2.9976613777248278,3.8246788274984325,0.040398709971176824
-2.8942937440101786,3.8246788274984325,0.03862052237136099
-2.790926110295529,3.8246788274984325,0.03163753004095123
-2.6875584765808798,3.8246788274984325,0.021912370220094693
-2.5841908428662306,3.8246788274984325,0.012479977189340276
-2.4808232091515814,3.8246788274984325,0.005839363247095204
-2.3774555754369326,3.8246788274984325,0.0030917409292791007
-2.2740879417222835,3.8246788274984325,0.0036214121204312297
-2.1707203080076334,3.8246788274984325,0.005418997808206138
-2.067352674292984,3.8246788274984325,0.005918974937342769
-1.9639850405783352,3.8246788274984325,0.0030439307367992005
-1.8606174068636863,3.8246788274984325,-0.003922405253055001
-1.757249773149037,3.8246788274984325,-0.013949538267916974
-1.6538821394343879,3.8246788274984325,-0.024506966720404977
-1.550514505719738,3.8246788274984325,-0.032367467448351346
-1.447146872005089,3.8246788274984325,-0.034696787707150456
-1.3437792382904399,3.8246788274984325,-0.0300582614108941
-1.2404116045757907,3.8246788274984325,-0.018986465719507583
-1.1370439708611417,3.8246788274984325,-0.003927191076861984
-1.0336763371464925,3.8246788274984325,0.011447421489203252
-0.9303087034318435,3.8246788274984325,0.023331448230257693
-0.8269410697171936,3.8246788274984325,0.028933168324700862
-0.7235734360025445,3.8246788274984325,0.027308541609552064
-0.6202058022878953,3.8246788274984325,0.019614633108466617
-0.5168381685732463,3.8246788274984325,0.008707612724039028
-0.4134705348585972,3.8246788274984325,-0.0017781373033635118
-0.31010290114394806,3.8246788274984325,-0.00856959218291655
-0.2067352674292982,3.8246788274984325,-0.009750086296090536
-0.1033676337146491,3.8246788274984325,-0.00530206661592464
0.,3.8246788274984325,0.0029574493637608557
0.1033676337146491,3.8246788274984325,0.012006721081125878
0.2067352674292982,3.8246788274984325,0.01859635331063226
0.31010290114394734,3.8246788274984325,0.02025633130201559
0.4134705348585964,3.8246788274984325,0.01602202291226207
0.5168381685732455,3.8246788274984325,0.006672605682836922
0.6202058022878947,3.8246788274984325,-0.005560877828743321
0.7235734360025438,3.8246788274984325,-0.017693778707650303
0.8269410697171944,3.8246788274984325,-0.02685231780863715
0.9303087034318435,3.8246788274984325,-0.031032858766019307
1.0336763371464925,3.8246788274984325,-0.02954173401805847
1.1370439708611417,3.8246788274984325,-0.023021371873373546
1.2404116045757907,3.8246788274984325,-0.01310671157110238
1.3437792382904399,3.8246788274984325,-0.0018652952485105146
1.447146872005089,3.8246788274984325,0.008778426874202822
1.550514505719738,3.8246788274984325,0.017458496683058863
1.6538821394343872,3.8246788274984325,0.02352646655393182
1.7572497731490362,3.8246788274984325,0.026959655601915558
1.8606174068636854,3.8246788274984325,0.028109477247742674
1.9639850405783346,3.8246788274984325,0.02742081020201152
2.0673526742929837,3.8246788274984325,0.025239040513623186
2.1707203080076343,3.8246788274984325,0.021764242976599103
2.2740879417222835,3.8246788274984325,0.017138746003135013
2.3774555754369326,3.8246788274984325,0.01159563795529987
2.4808232091515814,3.8246788274984325,0.005574088223205268
2.5841908428662306,3.8246788274984325,-0.0002712041814624093
2.6875584765808798,3.8246788274984325,-0.00518624630415982
2.790926110295529,3.8246788274984325,-0.008519132798208779
2.894293744010178,3.8246788274984325,-0.009924302419586358
2.997661377724827,3.8246788274984325,-0.009481861539639567
3.101029011439476,3.8246788274984325,-0.00767692878381741
3.2043966451541253,3.8246788274984325,-0.005241041762539943
3.3077642788687744,3.8246788274984325,-0.0029149254609333944
3.411131912583425,3.8246788274984325,-0.0012250137442380922
3.514499546298074,3.8246788274984325,-0.0003605961789753809
3.6178671800127233,3.8246788274984325,-0.00019590200407743364
3.7212348137273725,3.8246788274984325,-0.00043907700668128715
3.8246024474420213,3.8246788274984325,-0.0008340136427366077
3.9279700811566705,3.8246788274984325,-0.001315825078412282
4.031337714871319,3.8246788274984325,-0.00203891284054392
4.134705348585968,3.8246788274984325,-0.0032528171186611003
4.238072982300618,3.8246788274984325,-0.005073555816600058
4.341440616015267,3.8246788274984325,-0.00725660759872668
4.444808249729916,3.8246788274984325,-0.009095140701550705
4.548175883444565,3.8246788274984325,-0.009531350870264375
4.651543517159214,3.8246788274984325,-0.007488610131713502
4.754911150873865,3.8246788274984325,-0.0023355280291476313
4.858278784588514,3.8246788274984325,0.0056822762561735
4.961646418303163,3.8246788274984325,0.015227470090933585
5.065014052017812,3.8246788274984325,0.024008404661420592
5.168381685732461,3.8246788274984325,0.02929356943175032
5.27174931944711,3.8246788274984325,0.02869187058140513
5.3751169531617595,3.8246788274984325,0.020972999426527392
5.478484586876409,3.8246788274984325,0.006654134620290879
5.581852220591058,3.8246788274984325,-0.011877353499671289
5.685219854305707,3.8246788274984325,-0.030806361483607735
5.788587488020356,3.8246788274984325,-0.045820827545259755
5.8919551217350055,3.8246788274984325,-0.05328451736817279
5.995322755449654,3.8246788274984325,-0.051303734350343036
6.098690389164305,3.8246788274984325,-0.04034595494363579
6.202058022878954,3.8246788274984325,-0.023188287935927403
6.305425656593603,3.8246788274984325,-0.004174791566969013
6.408793290308252,3.8246788274984325,0.01201815131728866
-6.408793290308252,3.9280485255389306,0.020932248431663834
-6.305425656593603,3.9280485255389306,0.02203831439333814
-6.202058022878954,3.9280485255389306,0.015804379609657346
-6.098690389164304,3.9280485255389306,0.005221437732560268
-5.995322755449655,3.9280485255389306,-0.005432033774387512
-5.8919551217350055,3.9280485255389306,-0.011949924493097628
-5.788587488020356,3.9280485255389306,-0.01154355878566762
-5.685219854305708,3.9280485255389306,-0.0037489589468504407
-5.581852220591058,3.9280485255389306,0.00939316664956246
-5.478484586876409,3.9280485255389306,0.023946960158100803
-5.3751169531617595,3.9280485255389306,0.035293726376896956
-5.27174931944711,3.9280485255389306,0.03956919374634054
-5.168381685732461,3.9280485255389306,0.03487632530301772
-5.065014052017812,3.9280485255389306,0.021895462679985555
-4.961646418303163,3.9280485255389306,0.0037046719328380252
-4.858278784588514,3.9280485255389306,-0.015127459638909572
-4.754911150873865,3.9280485255389306,-0.029886927352555347
-4.651543517159215,3.9280485255389306,-0.037074962203961066
-4.548175883444566,3.9280485255389306,-0.03536533726912975
-4.444808249729917,3.9280485255389306,-0.025875940944189723
-4.341440616015267,3.9280485255389306,-0.011695555715581823
-4.238072982300618,3.9280485255389306,0.00315681315352702
-4.134705348585968,3.9280485255389306,0.01498990855738672
-4.031337714871319,3.9280485255389306,0.021510520106024004
-3.9279700811566705,3.9280485255389306,0.022378865687875494
-3.8246024474420213,3.9280485255389306,0.01910277240828755
-3.7212348137273725,3.9280485255389306,0.01434596649675638
-3.6178671800127233,3.9280485255389306,0.010913624348661912
-3.514499546298074,3.9280485255389306,0.010771315257658608
-3.411131912583425,3.9280485255389306,0.014423866081938222
-3.3077642788687753,3.9280485255389306,0.02084269492394965
-3.204396645154126,3.9280485255389306,0.02793411405969547
-3.101029011439477,3.9280485255389306,0.033355547335548213
-2.9976613777248278,3.9280485255389306,0.035374620715935834
-2.8942937440101786,3.9280485255389306,0.033463882841471115
-2.790926110295529,3.9280485255389306,0.028429051310546696
-2.6875584765808798,3.9280485255389306,0.022041711027484964
-2.5841908428662306,3.9280485255389306,0.01632618834350729
-2.4808232091515814,3.9280485255389306,0.012771978624493288
-2.3774555754369326,3.9280485255389306,0.01176573725488873
-2.2740879417222835,3.9280485255389306,0.01245384241555721
-2.1707203080076334,3.9280485255389306,0.01308839667271099
-2.067352674292984,3.9280485255389306,0.011732819632580256
-1.9639850405783352,3.9280485255389306,0.007070578253929845
-1.8606174068636863,3.9280485255389306,-0.0009809839198823233
-1.757249773149037,3.9280485255389306,-0.011085421875895191
-1.6538821394343879,3.9280485255389306,-0.0208161579601708
-1.550514505719738,3.9280485255389306,-0.027404707842887434
-1.447146872005089,3.9280485255389306,-0.028663007369367537
-1.3437792382904399,3.9280485255389306,-0.02376714795106272
-1.2404116045757907,3.9280485255389306,-0.013628988343225136
-1.1370439708611417,3.9280485255389306,-0.000715423203880942
-1.0336763371464925,3.9280485255389306,0.011642174484487204
-0.9303087034318435,3.9280485255389306,0.020235231926296216
-0.8269410697171936,3.9280485255389306,0.022947872742154977
-0.7235734360025445,3.9280485255389306,0.01939781699863974
-0.6202058022878953,3.9280485255389306,0.011041731634111058
-0.5168381685732463,3.9280485255389306,0.0007109824059449664
-0.4134705348585972,3.9280485255389306,-0.008273536119931632
-0.31010290114394806,3.9280485255389306,-0.013125819470895491
-0.2067352674292982,3.9280485255389306,-0.012436179170728772
-0.1033676337146491,3.9280485255389306,-0.0065708876571315775
0.,3.9280485255389306,0.002483975865069963
0.1033676337146491,3.9280485255389306,0.011771124760472153
0.2067352674292982,3.9280485255389306,0.01828777412350389
0.31010290114394734,3.9280485255389306,0.01989446517041315
0.4134705348585964,3.9280485255389306,0.015930138897755595
0.5168381685732455,3.9280485255389306,0.007360064004725538
0.6202058022878947,3.9280485255389306,-0.0035639541687072077
0.7235734360025438,3.9280485255389306,-0.014000703588784148
0.8269410697171944,3.9280485255389306,-0.021342554412731845
0.9303087034318435,3.9280485255389306,-0.0239107510826305
1.0336763371464925,3.9280485255389306,-0.02132820075934546
1.1370439708611417,3.9280485255389306,-0.014489966890327518
1.2404116045757907,3.9280485255389306,-0.005181798851914286
1.3437792382904399,3.9280485255389306,0.004500767877613802
1.447146872005089,3.9280485255389306,0.012736370887361285
1.550514505719738,3.9280485255389306,0.01839163490733165
1.6538821394343872,3.9280485255389306,0.02116743039475051
1.7572497731490362,3.9280485255389306,0.02147796902986325
1.8606174068636854,3.9280485255389306,0.0201479219206167
1.9639850405783346,3.9280485255389306,0.018057571316545257
2.0673526742929837,3.9280485255389306,0.01586060401709089
2.1707203080076343,3.9280485255389306,0.013851988150394887
2.2740879417222835,3.9280485255389306,0.011996780890963857
2.3774555754369326,3.9280485255389306,0.010071425882169457
2.4808232091515814,3.9280485255389306,0.007837946694654919
2.5841908428662306,3.9280485255389306,0.005176116839109904
2.6875584765808798,3.9280485255389306,0.0021320748940701468
2.790926110295529,3.9280485255389306,-0.001113772484105113
2.894293744010178,3.9280485255389306,-0.004321637005017275
2.997661377724827,3.9280485255389306,-0.007260596399997661
3.101029011439476,3.9280485255389306,-0.00973551599563943
3.2043966451541253,3.9280485255389306,-0.01156950047799221
3.3077642788687744,3.9280485255389306,-0.012570164330267398
3.411131912583425,3.9280485255389306,-0.012522718323379405
3.514499546298074,3.9280485255389306,-0.011242159697967411
3.6178671800127233,3.9280485255389306,-0.008684182929083415
3.7212348137273725,3.9280485255389306,-0.0050744026823530235
3.8246024474420213,3.9280485255389306,-0.0009878775366454794
3.9279700811566705,3.9280485255389306,0.002687931829614021
4.031337714871319,3.9280485255389306,0.004938617154083194
4.134705348585968,3.9280485255389306,0.004929273015066553
4.238072982300618,3.9280485255389306,0.0023429771121235006
4.341440616015267,3.9280485255389306,-0.002375075354632732
4.444808249729916,3.9280485255389306,-0.007987071809012595
4.548175883444565,3.9280485255389306,-0.01270829733619017
4.651543517159214,3.9280485255389306,-0.014699434531802
4.754911150873865,3.9280485255389306,-0.01267827211290697
4.858278784588514,3.9280485255389306,-0.006457176984561383
4.961646418303163,3.9280485255389306,0.00279327477338888
5.065014052017812,3.9280485255389306,0.012689015208820603
5.168381685732461,3.9280485255389306,0.020198233223645303
5.27174931944711,3.9280485255389306,0.022498828714510956
5.3751169531617595,3.9280485255389306,0.01788375702244542
5.478484586876409,3.9280485255389306,0.006426285448287026
5.581852220591058,3.9280485255389306,-0.009834391474061111
5.685219854305707,3.9280485255389306,-0.027293578185723436
5.788587488020356,3.9280485255389306,-0.04169371928829647
5.8919551217350055,3.9280485255389306,-0.049304794270348985
5.995322755449654,3.9280485255389306,-0.04802451610083876
6.098690389164305,3.9280485255389306,-0.03805290423822723
6.202058022878954,3.9280485255389306,-0.021910163944312954
6.305425656593603,3.9280485255389306,-0.0037619479487704926
6.408793290308252,3.9280485255389306,0.011767477182932739
-6.408793290308252,4.031418223579429,0.02050138668324027
-6.305425656593603,4.031418223579429,0.019289921386109122
-6.202058022878954,4.031418223579429,0.011447194271994782
-6.098690389164304,4.031418223579429,-0.000152732407201938
-5.995322755449655,4.031418223579429,-0.01151632492776284
-5.8919551217350055,4.031418223579429,-0.01871571026590599
-5.788587488020356,4.031418223579429,-0.019057493550042753
-5.685219854305708,4.031418223579429,-0.011887845518049021
-5.581852220591058,4.031418223579429,0.0012035654007240327
-5.478484586876409,4.031418223579429,0.016836768456016546
-5.3751169531617595,4.031418223579429,0.03081101077644842
-5.27174931944711,4.031418223579429,0.03929822407577397
-5.168381685732461,4.031418223579429,0.039907513883303075
-5.065014052017812,4.031418223579429,0.03231510579426782
-4.961646418303163,4.031418223579429,0.018292452374094693
-4.858278784588514,4.031418223579429,0.0011494652872341778
-4.754911150873865,4.031418223579429,-0.015217999534644998
-4.651543517159215,4.031418223579429,-0.027379786951451216
-4.548175883444566,4.031418223579429,-0.03321333872420323
-4.444808249729917,4.031418223579429,-0.032309414762693
-4.341440616015267,4.031418223579429,-0.025862013211608928
-4.238072982300618,4.031418223579429,-0.016124591459190873
-4.134705348585968,4.031418223579429,-0.00563952125272886
-4.031337714871319,4.031418223579429,0.0035017310875319427
-3.9279700811566705,4.031418223579429,0.010145320842537189
-3.8246024474420213,4.031418223579429,0.014189902586453071
-3.7212348137273725,4.031418223579429,0.01634441174813907
-3.6178671800127233,4.031418223579429,0.017660423882678578
-3.514499546298074,4.031418223579429,0.01903299052219939
-3.411131912583425,4.031418223579429,0.020853930111873028
-3.3077642788687753,4.031418223579429,0.022927754930261047
-3.204396645154126,4.031418223579429,0.024652728453686833
-3.101029011439477,4.031418223579429,0.025368367063647777
-2.9976613777248278,4.031418223579429,0.024712296429268397
-2.8942937440101786,4.031418223579429,0.02283326185636805
-2.790926110295529,4.031418223579429,0.02036963654097515
-2.6875584765808798,4.031418223579429,0.01819910251030551
-2.5841908428662306,4.031418223579429,0.017058579373031322
-2.4808232091515814,4.031418223579429,0.017188797207053557
-2.3774555754369326,4.031418223579429,0.01815423095531479
-2.2740879417222835,4.031418223579429,0.01892719350389141
-2.1707203080076334,4.031418223579429,0.018226834980957646
-2.067352674292984,4.031418223579429,0.015005154717799904
-1.9639850405783352,4.031418223579429,0.008909177065631083
-1.8606174068636863,4.031418223579429,0.0005452269505680795
-1.757249773149037,4.031418223579429,-0.008569087558497808
-1.6538821394343879,4.031418223579429,-0.01637614705527208
-1.550514505719738,4.031418223579429,-0.020871586445093678
-1.447146872005089,4.031418223579429,-0.0207360964836679
-1.3437792382904399,4.031418223579429,-0.01579938133433793
-1.2404116045757907,4.031418223579429,-0.007175739900741787
-1.1370439708611417,4.031418223579429,0.0029883750729647195
-1.0336763371464925,4.031418223579429,0.012091052456941698
-0.9303087034318435,4.031418223579429,0.017806621571024275
-0.8269410697171936,4.031418223579429,0.01875042495945686
-0.7235734360025445,4.031418223579429,0.014872515844007932
-0.6202058022878953,4.031418223579429,0.007458960030027121
-0.5168381685732463,4.031418223579429,-0.001259301962542098
-0.4134705348585972,4.031418223579429,-0.008769269998027877
-0.31010290114394806,4.031418223579429,-0.01300766719887962
-0.2067352674292982,4.031418223579429,-0.012941280616469122
-0.1033676337146491,4.031418223579429,-0.008826384402521065
0.,4.031418223579429,-0.002079767182293816
0.1033676337146491,4.031418223579429,0.005186375452650918
0.2067352674292982,4.031418223579429,0.010813851729943997
0.31010290114394734,4.031418223579429,0.013231165544296776
0.4134705348585964,4.031418223579429,0.011882807893780647
0.5168381685732455,4.031418223579429,0.007338949451452255
0.6202058022878947,4.031418223579429,0.00107132966245868
0.7235734360025438,4.031418223579429,-0.00501853318796431
0.8269410697171944,4.031418223579429,-0.009164742494872612
0.9303087034318435,4.031418223579429,-0.010225080501474951
1.0336763371464925,4.031418223579429,-0.007956435506386018
1.1370439708611417,4.031418223579429,-0.00301558072249674
1.2404116045757907,4.031418223579429,0.0032912665435889748
1.3437792382904399,4.031418223579429,0.00941604708642046
1.447146872005089,4.031418223579429,0.014003646183336554
1.550514505719738,4.031418223579429,0.016229849818749722
1.6538821394343872,4.031418223579429,0.015959782858335384
1.7572497731490362,4.031418223579429,0.013704205631403154
1.8606174068636854,4.031418223579429,0.01040960431963785
1.9639850405783346,4.031418223579429,0.007158116219344157
2.0673526742929837,4.031418223579429,0.0048662746417357915
2.1707203080076343,4.031418223579429,0.0040583824996808845
2.2740879417222835,4.031418223579429,0.004759810941778614
2.3774555754369326,4.031418223579429,0.006519843932191729
2.4808232091515814,4.031418223579429,0.008543641203191258
2.5841908428662306,4.031418223579429,0.009894517132930844
2.6875584765808798,4.031418223579429,0.009721472853658306
2.790926110295529,4.031418223579429,0.0074691980578033956
2.894293744010178,4.031418223579429,0.0030339699535123737
2.997661377724827,4.031418223579429,-0.0031637982953568768
3.101029011439476,4.031418223579429,-0.010210896946873448
3.2043966451541253,4.031418223579429,-0.016844424457390175
3.3077642788687744,4.031418223579429,-0.02169551046703347
3.411131912583425,4.031418223579429,-0.02359765624838275
3.514499546298074,4.031418223579429,-0.021898124700484526
3.6178671800127233,4.031418223579429,-0.016693573938824348
3.7212348137273725,4.031418223579429,-0.008912138531884217
3.8246024474420213,4.031418223579429,-0.0001897700160986826
3.9279700811566705,4.031418223579429,0.007462399590094223
4.031337714871319,4.031418223579429,0.012141179203779138
4.134705348585968,4.031418223579429,0.012569998737725822
4.238072982300618,4.031418223579429,0.008507407472374245
4.341440616015267,4.031418223579429,0.000909871429555338
4.444808249729916,4.031418223579429,-0.008231476722948411
4.548175883444565,4.031418223579429,-0.016371326239801993
4.651543517159214,4.031418223579429,-0.021100274965513973
4.754911150873865,4.031418223579429,-0.0208594319705825
4.858278784588514,4.031418223579429,-0.015466377360506265
4.961646418303163,4.031418223579429,-0.006275526725009802
5.065014052017812,4.031418223579429,0.0041082646152166636
5.168381685732461,4.031418223579429,0.012513473834484071
5.27174931944711,4.031418223579429,0.016106983786426634
5.3751169531617595,4.031418223579429,0.013262382228995765
5.478484586876409,4.031418223579429,0.004125842291927844
5.581852220591058,4.031418223579429,-0.009311224850348389
5.685219854305707,4.031418223579429,-0.023684307356930275
5.788587488020356,4.031418223579429,-0.035160488571446616
5.8919551217350055,4.031418223579429,-0.040525289113569306
5.995322755449654,4.031418223579429,-0.03813349442202567
6.098690389164305,4.031418223579429,-0.0284332238390583
6.202058022878954,4.031418223579429,-0.01389078866241616
6.305425656593603,4.031418223579429,0.0016801841301153982
6.408793290308252,4.031418223579429,0.014201042774835762
-6.408793290308252,4.134787921619927,0.01939158174191428
-6.305425656593603,4.134787921619927,0.014623299221691331
-6.202058022878954,4.134787921619927,0.004812578613700177
-6.098690389164304,4.134787921619927,-0.007226967391402337
-5.995322755449655,4.134787921619927,-0.018055883250917004
-5.8919551217350055,4.134787921619927,-0.024532593538859473
-5.788587488020356,4.134787921619927,-0.024640007638400272
-5.685219854305708,4.134787921619927,-0.017996209443264626
-5.581852220591058,4.134787921619927,-0.005925439808337168
-5.478484586876409,4.134787921619927,0.008910004495511872
-5.3751169531617595,4.134787921619927,0.02319912656752358
-5.27174931944711,4.134787921619927,0.033797390018892655
-5.168381685732461,4.134787921619927,0.03845311118174613
-5.065014052017812,4.134787921619927,0.03627071039924895
-4.961646418303163,4.134787921619927,0.027819796927208908
-4.858278784588514,4.134787921619927,0.014898466828124865
-4.754911150873865,4.134787921619927,0.00004555212552069723
-4.651543517159215,4.134787921619927,-0.01405248737539334
-4.548175883444566,4.134787921619927,-0.02510847198446605
-4.444808249729917,4.134787921619927,-0.03161836921391521
-4.341440616015267,4.134787921619927,-0.03302489242354175
-4.238072982300618,4.134787921619927,-0.029667384673142234
-4.134705348585968,4.134787921619927,-0.022573750595668265
-4.031337714871319,4.134787921619927,-0.013173641328372428
-3.9279700811566705,4.134787921619927,-0.0030085541008941057
-3.8246024474420213,4.134787921619927,0.0065084325279111035
-3.7212348137273725,4.134787921619927,0.0142604933452558
-3.6178671800127233,4.134787921619927,0.01952447111853158
-3.514499546298074,4.134787921619927,0.02201210595895008
-3.411131912583425,4.134787921619927,0.021868240535992158
-3.3077642788687753,4.134787921619927,0.019630092152736738
-3.204396645154126,4.134787921619927,0.016142927061472096
-3.101029011439477,4.134787921619927,0.012426372744579969
-2.9976613777248278,4.134787921619927,0.009495195751761817
-2.8942937440101786,4.134787921619927,0.00815597826234721
-2.790926110295529,4.134787921619927,0.008819379534395879
-2.6875584765808798,4.134787921619927,0.011377530801352008
-2.5841908428662306,4.134787921619927,0.015190688681235182
-2.4808232091515814,4.134787921619927,0.019204933590877514
-2.3774555754369326,4.134787921619927,0.02218828863935389
-2.2740879417222835,4.134787921619927,0.023036239198633908
-2.1707203080076334,4.134787921619927,0.021071312701139197
-2.067352674292984,4.134787921619927,0.016254977773424696
-1.9639850405783352,4.134787921619927,0.009247664691239041
-1.8606174068636863,4.134787921619927,0.0012906594830559175
-1.757249773149037,4.134787921619927,-0.006068324760621113
-1.6538821394343879,4.134787921619927,-0.011339929436456833
-1.550514505719738,4.134787921619927,-0.013455317793855346
-1.447146872005089,4.134787921619927,-0.012031299580356284
-1.3437792382904399,4.134787921619927,-0.007468844216622558
-1.2404116045757907,4.134787921619927,-0.0008595499260207565
-1.1370439708611417,4.134787921619927,0.006274615220280661
-1.0336763371464925,4.134787921619927,0.012339991487523762
-0.9303087034318435,4.134787921619927,0.016036520227763435
-0.8269410697171936,4.134787921619927,0.016639592232916868
-0.7235734360025445,4.134787921619927,0.014133724720420227
-0.6202058022878953,4.134787921619927,0.009174097742981403
-0.5168381685732463,4.134787921619927,0.0028962710845975136
-0.4134705348585972,4.134787921619927,-0.003369732748920199
-0.31010290114394806,4.134787921619927,-0.008406003988995998
-0.2067352674292982,4.134787921619927,-0.011360541071769318
-0.1033676337146491,4.134787921619927,-0.01189423955588717
0.,4.134787921619927,-0.010197534645672073
0.1033676337146491,4.134787921619927,-0.006885968346997867
0.2067352674292982,4.134787921619927,-0.0028109617890478156
0.31010290114394734,4.134787921619927,0.0011622519993074888
0.4134705348585964,4.134787921619927,0.004355283054060369
0.5168381685732455,4.134787921619927,0.006411413894389022
0.6202058022878947,4.134787921619927,0.00733860805208967
0.7235734360025438,4.134787921619927,0.007457076625332754
0.8269410697171944,4.134787921619927,0.007269491336700353
0.9303087034318435,4.134787921619927,0.007289026449116649
1.0336763371464925,4.134787921619927,0.007869910008464261
1.1370439708611417,4.134787921619927,0.00908520159793227
1.2404116045757907,4.134787921619927,0.010686543731144844
1.3437792382904399,4.134787921619927,0.012161772155408805
1.447146872005089,4.134787921619927,0.01288161813091401
1.550514505719738,4.134787921619927,0.012301379425838236
1.6538821394343872,4.134787921619927,0.010163801599692185
1.7572497731490362,4.134787921619927,0.006641854000329361
1.8606174068636854,4.134787921619927,0.0023689487306103015
1.9639850405783346,4.134787921619927,-0.0016701487137890398
2.0673526742929837,4.134787921619927,-0.0043765679551464745
2.1707203080076343,4.134787921619927,-0.004850856537553392
2.2740879417222835,4.134787921619927,-0.0026993801449153973
2.3774555754369326,4.134787921619927,0.0017607410975205345
2.4808232091515814,4.134787921619927,0.007476106687806287
2.5841908428662306,4.134787921619927,0.012845961945115017
2.6875584765808798,4.134787921619927,0.01610062576721633
2.790926110295529,4.134787921619927,0.015783671973333333
2.894293744010178,4.134787921619927,0.011209369910141282
2.997661377724827,4.134787921619927,0.002757869061595451
3.101029011439476,4.134787921619927,-0.008097670047488615
3.2043966451541253,4.134787921619927,-0.01907031791099899
3.3077642788687744,4.134787921619927,-0.027596848640349624
3.411131912583425,4.134787921619927,-0.03150438619103355
3.514499546298074,4.134787921619927,-0.029627099986328207
3.6178671800127233,4.134787921619927,-0.022192748713444933
3.7212348137273725,4.134787921619927,-0.01085139585088328
3.8246024474420213,4.134787921619927,0.001686790072696846
3.9279700811566705,4.134787921619927,0.012326468017559962
4.031337714871319,4.134787921619927,0.018401024344467377
4.134705348585968,4.134787921619927,0.01840155942509432
4.238072982300618,4.134787921619927,0.012410226645557167
4.341440616015267,4.134787921619927,0.0021031684617612042
4.444808249729916,4.134787921619927,-0.009692448372059025
4.548175883444565,4.134787921619927,-0.019773924700778902
4.651543517159214,4.134787921619927,-0.025457305036176697
4.754911150873865,4.134787921619927,-0.025335907923241086
4.858278784588514,4.134787921619927,-0.01968162236970501
4.961646418303163,4.134787921619927,-0.010366791757873866
5.065014052017812,4.134787921619927,-0.0003222989088171017
5.168381685732461,4.134787921619927,0.007316406257212704
5.27174931944711,4.134787921619927,0.010129751503088933
5.3751169531617595,4.134787921619927,0.0071325745807605265
5.478484586876409,4.134787921619927,-0.0009214669460062857
5.581852220591058,4.134787921619927,-0.011742325410292914
5.685219854305707,4.134787921619927,-0.02215757669814382
5.788587488020356,4.134787921619927,-0.02903001307809814
5.8919551217350055,4.134787921619927,-0.03017273464891701
5.995322755449654,4.134787921619927,-0.02499554248022901
6.098690389164305,4.134787921619927,-0.014694358477328995
6.202058022878954,4.134787921619927,-0.0019282214336294567
6.305425656593603,4.134787921619927,0.009923191960971646
6.408793290308252,4.134787921619927,0.017708238108164628
-6.408793290308252,4.238157619660425,0.01715449435840794
-6.305425656593603,4.238157619660425,0.008468210365751173
-6.202058022878954,4.238157619660425,-0.00314064003611547
-6.098690389164304,4.238157619660425,-0.014846104520189835
-5.995322755449655,4.238157619660425,-0.023904870592100762
-5.8919551217350055,4.238157619660425,-0.028291817411934816
-5.788587488020356,4.238157619660425,-0.027096061706119636
-5.685219854305708,4.238157619660425,-0.020611536928646142
-5.581852220591058,4.238157619660425,-0.010148270655051743
-5.478484586876409,4.238157619660425,0.002340653519278739
-5.3751169531617595,4.238157619660425,0.014693604990417547
-5.27174931944711,4.238157619660425,0.024928041435634995
-5.168381685732461,4.238157619660425,0.03151643849867679
-5.065014052017812,4.238157619660425,0.0335367668621358
-4.961646418303163,4.238157619660425,0.030721846402328955
-4.858278784588514,4.238157619660425,0.023445041250196377
-4.754911150873865,4.238157619660425,0.012668433211423271
-4.651543517159215,4.238157619660425,-0.00014471253286547415
-4.548175883444566,4.238157619660425,-0.013172054326509702
-4.444808249729917,4.238157619660425,-0.024450621121760212
-4.341440616015267,4.238157619660425,-0.03217331089728393
-4.238072982300618,4.238157619660425,-0.03502850285968958
-4.134705348585968,4.238157619660425,-0.03251023454330046
-4.031337714871319,4.238157619660425,-0.02510640869221312
-3.9279700811566705,4.238157619660425,-0.014283813974330858
-3.8246024474420213,4.238157619660425,-0.002233821546904859
-3.7212348137273725,4.238157619660425,0.008589516143856963
-3.6178671800127233,4.238157619660425,0.016038011603450746
-3.514499546298074,4.238157619660425,0.01879762014143288
-3.411131912583425,4.238157619660425,0.016725699567380306
-3.3077642788687753,4.238157619660425,0.010890473546268134
-3.204396645154126,4.238157619660425,0.0032871897773183
-3.101029011439477,4.238157619660425,-0.003700002214281373
-2.9976613777248278,4.238157619660425,-0.007943562141128386
-2.8942937440101786,4.238157619660425,-0.00814316484031825
-2.790926110295529,4.238157619660425,-0.004158878102712871
-2.6875584765808798,4.238157619660425,0.00298573764773824
-2.5841908428662306,4.238157619660425,0.011424830071458138
-2.4808232091515814,4.238157619660425,0.018994054932682507
-2.3774555754369326,4.238157619660425,0.02383214722218739
-2.2740879417222835,4.238157619660425,0.02486454872645651
-2.1707203080076334,4.238157619660425,0.022036924242172327
-2.067352674292984,4.238157619660425,0.016248794905385507
-1.9639850405783352,4.238157619660425,0.009030914282025421
-1.8606174068636863,4.238157619660425,0.002083900917234263
-1.757249773149037,4.238157619660425,-0.003172817870122156
-1.6538821394343879,4.238157619660425,-0.005911190941291076
-1.550514505719738,4.238157619660425,-0.005992297716425756
-1.447146872005089,4.238157619660425,-0.003856826929016325
-1.3437792382904399,4.238157619660425,-0.0002802777966689614
-1.2404116045757907,4.238157619660425,0.0039006290801228134
-1.1370439708611417,4.238157619660425,0.007991317881691395
-1.0336763371464925,4.238157619660425,0.01151674917045198
-0.9303087034318435,4.238157619660425,0.014177067085693768
-0.8269410697171936,4.238157619660425,0.015738011672235853
-0.7235734360025445,4.238157619660425,0.015936745242251547
-0.6202058022878953,4.238157619660425,0.01447096412899768
-0.5168381685732463,4.238157619660425,0.011095537181568464
-0.4134705348585972,4.238157619660425,0.005794862729480558
-0.31010290114394806,4.238157619660425,-0.0010457197567351878
-0.2067352674292982,4.238157619660425,-0.0085602025018683
-0.1033676337146491,4.238157619660425,-0.015480111287013655
0.,4.238157619660425,-0.020381195604523897
0.1033676337146491,4.238157619660425,-0.02204247066923257
0.2067352674292982,4.238157619660425,-0.019809416728480644
0.31010290114394734,4.238157619660425,-0.013837187726107762
0.4134705348585964,4.238157619660425,-0.005118722871616839
0.5168381685732455,4.238157619660425,0.004730952853679127
0.6202058022878947,4.238157619660425,0.013881287882540823
0.7235734360025438,4.238157619660425,0.02076267316871811
0.8269410697171944,4.238157619660425,0.024462921283234147
0.9303087034318435,4.238157619660425,0.024916262456890954
1.0336763371464925,4.238157619660425,0.02282529280649067
1.1370439708611417,4.238157619660425,0.01934716727139322
1.2404116045757907,4.238157619660425,0.015657333849319405
1.3437792382904399,4.238157619660425,0.01254748676365817
1.447146872005089,4.238157619660425,0.010202305088782808
1.550514505719738,4.238157619660425,0.008234580373264376
1.6538821394343872,4.238157619660425,0.005962453794834587
1.7572497731490362,4.238157619660425,0.002819693979803101
1.8606174068636854,4.238157619660425,-0.0012655057926431743
1.9639850405783346,4.238157619660425,-0.005683769011069
2.0673526742929837,4.238157619660425,-0.009245582840543111
2.1707203080076343,4.238157619660425,-0.010560967007104098
2.2740879417222835,4.238157619660425,-0.008579772920267894
2.3774555754369326,4.238157619660425,-0.0031015770700616634
2.4808232091515814,4.238157619660425,0.004944230080009376
2.5841908428662306,4.238157619660425,0.013583859926116491
2.6875584765808798,4.238157619660425,0.0202678342137387
2.790926110295529,4.238157619660425,0.022606693360841014
2.894293744010178,4.238157619660425,0.01915307945844449
2.997661377724827,4.238157619660425,0.009973171565821457
3.101029011439476,4.238157619660425,-0.0032011375470198276
3.2043966451541253,4.238157619660425,-0.017325948170687094
3.3077642788687744,4.238157619660425,-0.02883278013609103
3.411131912583425,4.238157619660425,-0.03463289654708596
3.514499546298074,4.238157619660425,-0.03303967961715815
3.6178671800127233,4.238157619660425,-0.02432057163224006
3.7212348137273725,4.238157619660425,-0.01069326222386828
3.8246024474420213,4.238157619660425,0.0042531780309582766
3.9279700811566705,4.238157619660425,0.01655399606908878
4.031337714871319,4.238157619660425,0.02299048530850097
4.134705348585968,4.238157619660425,0.02200253373815021
4.238072982300618,4.238157619660425,0.014116249961016153
4.341440616015267,4.238157619660425,0.0017569549766396305
4.444808249729916,4.238157619660425,-0.011494741333681438
4.548175883444565,4.238157619660425,-0.02197591979368241
4.651543517159214,4.238157619660425,-0.02701612889538303
4.754911150873865,4.238157619660425,-0.025689104057715406
4.858278784588514,4.238157619660425,-0.019019537310808975
4.961646418303163,4.238157619660425,-0.009593503482928374
5.065014052017812,4.238157619660425,-0.0007051285883771437
5.168381685732461,4.238157619660425,0.004688110051653915
5.27174931944711,4.238157619660425,0.004876310133529219
5.3751169531617595,4.238157619660425,-0.00010183824682078653
5.478484586876409,4.238157619660425,-0.008510910483980595
5.581852220591058,4.238157619660425,-0.017492725825920413
5.685219854305707,4.238157619660425,-0.023972575523455365
5.788587488020356,4.238157619660425,-0.02561223732217536
5.8919551217350055,4.238157619660425,-0.021519642962509047
5.995322755449654,4.238157619660425,-0.012509285160725485
6.098690389164305,4.238157619660425,-0.0008508604681961434
6.202058022878954,4.238157619660425,0.010400585145001227
6.305425656593603,4.238157619660425,0.01828000405314002
6.408793290308252,4.238157619660425,0.020731086925083523
-6.408793290308252,4.3415273177009235,0.014027531146574304
-6.305425656593603,4.3415273177009235,0.0021273532632938275
-6.202058022878954,4.3415273177009235,-0.010539876110114744
-6.098690389164304,4.3415273177009235,-0.021093478533761825
-5.995322755449655,4.3415273177009235,-0.027483070256193412
-5.8919551217350055,4.3415273177009235,-0.028871734864598653
-5.788587488020356,4.3415273177009235,-0.025613337597971405
-5.685219854305708,4.3415273177009235,-0.018899651890047928
-5.581852220591058,4.3415273177009235,-0.01025371230980499
-5.478484586876409,4.3415273177009235,-0.0010723397912461698
-5.3751169531617595,4.3415273177009235,0.007630230109632824
-5.27174931944711,4.3415273177009235,0.01522882493182969
-5.168381685732461,4.3415273177009235,0.021306929404498617
-5.065014052017812,4.3415273177009235,0.025428334743611163
-4.961646418303163,4.3415273177009235,0.02701107324320744
-4.858278784588514,4.3415273177009235,0.025398046776036208
-4.754911150873865,4.3415273177009235,0.020120059411163252
-4.651543517159215,4.3415273177009235,0.011246655912551803
-4.548175883444566,4.3415273177009235,-0.00033952300949506933
-4.444808249729917,4.3415273177009235,-0.012901460850076416
-4.341440616015267,4.3415273177009235,-0.024120376511317716
-4.238072982300618,4.3415273177009235,-0.031645403866547545
-4.134705348585968,4.3415273177009235,-0.03376780134771805
-4.031337714871319,4.3415273177009235,-0.029998568090998216
-3.9279700811566705,4.3415273177009235,-0.021336480234498887
-3.8246024474420213,4.3415273177009235,-0.010100751121170278
-3.7212348137273725,4.3415273177009235,0.0006580330296758115
-3.6178671800127233,4.3415273177009235,0.008010487960895924
-3.514499546298074,4.3415273177009235,0.010007691371928414
-3.411131912583425,4.3415273177009235,0.006274372983887116
-3.3077642788687753,4.3415273177009235,-0.001861110177095838
-3.204396645154126,4.3415273177009235,-0.011752895009175618
-3.101029011439477,4.3415273177009235,-0.020227099371776996
-2.9976613777248278,4.3415273177009235,-0.024530618849608356
-2.8942937440101786,4.3415273177009235,-0.02314286273762097
-2.790926110295529,4.3415273177009235,-0.016198928460957794
-2.6875584765808798,4.3415273177009235,-0.005399901928889636
-2.5841908428662306,4.3415273177009235,0.006547423574390492
-2.4808232091515814,4.3415273177009235,0.01676924811293316
-2.3774555754369326,4.3415273177009235,0.02306659260290763
-2.2740879417222835,4.3415273177009235,0.024495207131953675
-2.1707203080076334,4.3415273177009235,0.021516427726216286
-2.067352674292984,4.3415273177009235,0.0157017339445787
-1.9639850405783352,4.3415273177009235,0.009122770732433583
-1.8606174068636863,4.3415273177009235,0.003655462337889384
-1.757249773149037,4.3415273177009235,0.00043981976100289697
-1.6538821394343879,4.3415273177009235,-0.00033524724995002
-1.550514505719738,4.3415273177009235,0.0007185712237665724
-1.447146872005089,4.3415273177009235,0.002609258212257711
-1.3437792382904399,4.3415273177009235,0.0044640967759397255
-1.2404116045757907,4.3415273177009235,0.005899485888010406
-1.1370439708611417,4.3415273177009235,0.007113945882333668
-1.0336763371464925,4.3415273177009235,0.0086754335586912
-0.9303087034318435,4.3415273177009235,0.01110244326946828
-0.8269410697171936,4.3415273177009235,0.014427442526624918
-0.7235734360025445,4.3415273177009235,0.017946043795480333
-0.6202058022878953,4.3415273177009235,0.020288722721684912
-0.5168381685732463,4.3415273177009235,0.01982737270753034
-0.4134705348585972,4.3415273177009235,0.015292534217071453
-0.31010290114394806,4.3415273177009235,0.006380575497666245
-0.2067352674292982,4.3415273177009235,-0.0058880139603140515
-0.1033676337146491,4.3415273177009235,-0.01922702680192593
0.,4.3415273177009235,-0.030589147192936636
0.1033676337146491,4.3415273177009235,-0.03698809211408592
0.2067352674292982,4.3415273177009235,-0.03638795854583779
0.31010290114394734,4.3415273177009235,-0.02836962223872078
0.4134705348585964,4.3415273177009235,-0.014343581244471913
0.5168381685732455,4.3415273177009235,0.0027796755481579094
0.6202058022878947,4.3415273177009235,0.01937365806966118
0.7235734360025438,4.3415273177009235,0.032094182432779374
0.8269410697171944,4.3415273177009235,0.038778213736558986
0.9303087034318435,4.3415273177009235,0.03896072758322749
1.0336763371464925,4.3415273177009235,0.033854021985969825
1.1370439708611417,4.3415273177009235,0.025813761727903006
1.2404116045757907,4.3415273177009235,0.017487086554085412
1.3437792382904399,4.3415273177009235,0.010941148048127495
1.447146872005089,4.3415273177009235,0.007069549708226777
1.550514505719738,4.3415273177009235,0.005469616546413808
1.6538821394343872,4.3415273177009235,0.0048119236952361664
1.7572497731490362,4.3415273177009235,0.0035456367503775258
1.8606174068636854,4.3415273177009235,0.000662232359585491
1.9639850405783346,4.3415273177009235,-0.003780313706619849
2.0673526742929837,4.3415273177009235,-0.00858250648871548
2.1707203080076343,4.3415273177009235,-0.011820568858224046
2.2740879417222835,4.3415273177009235,-0.011613168178114423
2.3774555754369326,4.3415273177009235,-0.00695662270424332
2.4808232091515814,4.3415273177009235,0.0016918072587120215
2.5841908428662306,4.3415273177009235,0.012326400899155196
2.6875584765808798,4.3415273177009235,0.021876493763588793
2.790926110295529,4.3415273177009235,0.027132881277313347
2.894293744010178,4.3415273177009235,0.025821906281044443
2.997661377724827,4.3415273177009235,0.01746172771519874
3.101029011439476,4.3415273177009235,0.0036899195378602965
3.2043966451541253,4.3415273177009235,-0.012083445974949016
3.3077642788687744,4.3415273177009235,-0.025621026133621317
3.411131912583425,4.3415273177009235,-0.03312087359015589
3.514499546298074,4.3415273177009235,-0.03239871856634665
3.6178671800127233,4.3415273177009235,-0.023604846766042818
3.7212348137273725,4.3415273177009235,-0.009231931116490323
3.8246024474420213,4.3415273177009235,0.00660455174196464
3.9279700811566705,4.3415273177009235,0.01939619528623667
4.031337714871319,4.3415273177009235,0.02559709705106468
4.134705348585968,4.3415273177009235,0.023676664913106157
4.238072982300618,4.3415273177009235,0.014537612979818149
4.341440616015267,4.3415273177009235,0.001171426864346362
4.444808249729916,4.3415273177009235,-0.012330612477418639
4.548175883444565,4.3415273177009235,-0.022086437471841934
4.651543517159214,4.3415273177009235,-0.02562857263227871
4.754911150873865,4.3415273177009235,-0.022621869770447743
4.858278784588514,4.3415273177009235,-0.014873826662701387
4.961646418303163,4.3415273177009235,-0.005651195244727633
5.065014052017812,4.3415273177009235,0.0014582904848556726
5.168381685732461,4.3415273177009235,0.003757249805235282
5.27174931944711,4.3415273177009235,0.00032588735768704894
5.3751169531617595,4.3415273177009235,-0.007697218938039866
5.478484586876409,4.3415273177009235,-0.01751862847370737
5.581852220591058,4.3415273177009235,-0.025630812523342768
5.685219854305707,4.3415273177009235,-0.028972226085576352
5.788587488020356,4.3415273177009235,-0.025926344908582095
5.8919551217350055,4.3415273177009235,-0.01684273645534905
5.995322755449654,4.3415273177009235,-0.0039275065725035635
6.098690389164305,4.3415273177009235,0.009441814850792067
6.202058022878954,4.3415273177009235,0.019740456814798277
6.305425656593603,4.3415273177009235,0.0243263593890252
6.408793290308252,4.3415273177009235,0.022158233185432218
-6.408793290308252,4.444897015741422,0.010769498205268955
-6.305425656593603,4.444897015741422,-0.0026784386630895394
-6.202058022878954,4.444897015741422,-0.015202523322222015
-6.098690389164304,4.444897015741422,-0.023897811107256486
-5.995322755449655,4.444897015741422,-0.027282934430577804
-5.8919551217350055,4.444897015741422,-0.02551377657631799
-5.788587488020356,4.444897015741422,-0.02004913492515345
-5.685219854305708,4.444897015741422,-0.012942077208004898
-5.581852220591058,4.444897015741422,-0.006046623864798292
-5.478484586876409,4.444897015741422,-0.00043451985282780785
-5.3751169531617595,4.444897015741422,0.0037851220628882095
-5.27174931944711,4.444897015741422,0.007217486433652662
-5.168381685732461,4.444897015741422,0.010646908566622554
-5.065014052017812,4.444897015741422,0.014462775321673317
-4.961646418303163,4.444897015741422,0.018300645190305664
-4.858278784588514,4.444897015741422,0.021059369185396155
-4.754911150873865,4.444897015741422,0.021299135997457253
-4.651543517159215,4.444897015741422,0.01786730039258583
-4.548175883444566,4.444897015741422,0.010499338767675908
-4.444808249729917,4.444897015741422,0.00014001635629935923
-4.341440616015267,4.444897015741422,-0.011172841860516182
-4.238072982300618,4.444897015741422,-0.020857746921964147
-4.134705348585968,4.444897015741422,-0.026601140920305234
-4.031337714871319,4.444897015741422,-0.02715099634968383
-3.9279700811566705,4.444897015741422,-0.02280275841336959
-3.8246024474420213,4.444897015741422,-0.01538462316950903
-3.7212348137273725,4.444897015741422,-0.007719602397329741
-3.6178671800127233,4.444897015741422,-0.002726326733424125
-3.514499546298074,4.444897015741422,-0.0024531401993555502
-3.411131912583425,4.444897015741422,-0.007372300064723049
-3.3077642788687753,4.444897015741422,-0.01617966184016794
-3.204396645154126,4.444897015741422,-0.026176975511171367
-3.101029011439477,4.444897015741422,-0.03411673978274054
-2.9976613777248278,4.444897015741422,-0.03723203280023352
-2.8942937440101786,4.444897015741422,-0.034110881010797754
-2.790926110295529,4.444897015741422,-0.025128500632112284
-2.6875584765808798,4.444897015741422,-0.012302235889207508
-2.5841908428662306,4.444897015741422,0.0013698693275722262
-2.4808232091515814,4.444897015741422,0.01285365394997266
-2.3774555754369326,4.444897015741422,0.01998450874643444
-2.2740879417222835,4.444897015741422,0.022036312417945722
-2.1707203080076334,4.444897015741422,0.01978263091316542
-2.067352674292984,4.444897015741422,0.015061858519774946
-1.9639850405783352,4.444897015741422,0.010030610573274546
-1.8606174068636863,4.444897015741422,0.006390867721113261
-1.757249773149037,4.444897015741422,0.004871270389179
-1.6538821394343879,4.444897015741422,0.005135627425215387
-1.550514505719738,4.444897015741422,0.006123378364565076
-1.447146872005089,4.444897015741422,0.006660671185593408
-1.3437792382904399,4.444897015741422,0.006078936240572209
-1.2404116045757907,4.444897015741422,0.004578429428981561
-1.1370439708611417,4.444897015741422,0.0031771770982910955
-1.0336763371464925,4.444897015741422,0.0032527380684265915
-0.9303087034318435,4.444897015741422,0.005852328650991654
-0.8269410697171936,4.444897015741422,0.011051694051715924
-0.7235734360025445,4.444897015741422,0.017642513961839905
-0.6202058022878953,4.444897015741422,0.023318338603912667
-0.5168381685732463,4.444897015741422,0.025346993425926775
-0.4134705348585972,4.444897015741422,0.021528165676160785
-0.31010290114394806,4.444897015741422,0.011108678723522844
-0.2067352674292982,4.444897015741422,-0.004685452304945585
-0.1033676337146491,4.444897015741422,-0.022731072388538096
0.,4.444897015741422,-0.03873508054908409
0.1033676337146491,4.444897015741422,-0.04841524632213373
0.2067352674292982,4.444897015741422,-0.04877558817759946
0.31010290114394734,4.444897015741422,-0.0390657012290436
0.4134705348585964,4.444897015741422,-0.021100066746799487
0.5168381685732455,4.444897015741422,0.0011871678855197897
0.6202058022878947,4.444897015741422,0.022829410826070075
0.7235734360025438,4.444897015741422,0.03922286677875907
0.8269410697171944,4.444897015741422,0.04739246895149723
0.9303087034318435,4.444897015741422,0.04673247329272032
1.0336763371464925,4.444897015741422,0.03899901493585373
1.1370439708611417,4.444897015741422,0.027579284272751022
1.2404116045757907,4.444897015741422,0.016299581844920995
1.3437792382904399,4.444897015741422,0.008181542732460583
1.447146872005089,4.444897015741422,0.004562404687904939
1.550514505719738,4.444897015741422,0.00485980587359424
1.6538821394343872,4.444897015741422,0.007031775985992146
1.7572497731490362,4.444897015741422,0.008538564087683258
1.8606174068636854,4.444897015741422,0.007439820948478127
1.9639850405783346,4.444897015741422,0.003218712446786125
2.0673526742929837,4.444897015741422,-0.0029718640604827857
2.1707203080076343,4.444897015741422,-0.00873340979478463
2.2740879417222835,4.444897015741422,-0.011362754023535239
2.3774555754369326,4.444897015741422,-0.008963984029248875
2.4808232091515814,4.444897015741422,-0.0013159864920154459
2.5841908428662306,4.444897015741422,0.009840612175335686
2.6875584765808798,4.444897015741422,0.021231603738729208
2.790926110295529,4.444897015741422,0.029072501973567668
2.894293744010178,4.444897015741422,0.030349138328127665
2.997661377724827,4.444897015741422,0.023913977993646154
3.101029011439476,4.444897015741422,0.011005719396091069
3.2043966451541253,4.444897015741422,-0.005012533436641865
3.3077642788687744,4.444897015741422,-0.0196377299553177
3.411131912583425,4.444897015741422,-0.028625928723909934
3.514499546298074,4.444897015741422,-0.029349256937723882
3.6178671800127233,4.444897015741422,-0.021658660387798213
3.7212348137273725,4.444897015741422,-0.00795864182386966
3.8246024474420213,4.444897015741422,0.007540040580730675
3.9279700811566705,4.444897015741422,0.0201499489941598
4.031337714871319,4.444897015741422,0.02618405596834792
4.134705348585968,4.444897015741422,0.024095825396482248
4.238072982300618,4.444897015741422,0.014910466743166415
4.341440616015267,4.444897015741422,0.0018127822422128938
4.444808249729916,4.444897015741422,-0.01096141065311643
4.548175883444565,4.444897015741422,-0.01955252523150622
4.651543517159214,4.444897015741422,-0.021742986010652436
4.754911150873865,4.444897015741422,-0.01764118635363566
4.858278784588514,4.444897015741422,-0.009563830486329162
4.961646418303163,4.444897015741422,-0.0011693221551965915
5.065014052017812,4.444897015741422,0.003853467368654539
5.168381685732461,4.444897015741422,0.0030905976177602414
5.27174931944711,4.444897015741422,-0.0037402719321792603
5.3751169531617595,4.444897015741422,-0.014668060233372466
5.478484586876409,4.444897015741422,-0.0261163335626731
5.581852220591058,4.444897015741422,-0.03409700569377005
5.685219854305707,4.444897015741422,-0.03554542878132492
5.788587488020356,4.444897015741422,-0.029351242181556603
5.8919551217350055,4.444897015741422,-0.016747876670827364
5.995322755449654,4.444897015741422,-0.0009424866320753562
6.098690389164305,4.444897015741422,0.013878732189302334
6.202058022878954,4.444897015741422,0.02383325099398637
6.305425656593603,4.444897015741422,0.02649252854891103
6.408793290308252,4.444897015741422,0.02153806125993926
-6.408793290308252,4.54826671378192,0.008311692718946289
-6.305425656593603,4.54826671378192,-0.004430083759110895
-6.202058022878954,4.54826671378192,-0.015386117630560027
-6.098690389164304,4.54826671378192,-0.02175186132661933
-5.995322755449655,4.54826671378192,-0.022426849477112744
-5.8919551217350055,4.54826671378192,-0.0181607609657105
-5.788587488020356,4.54826671378192,-0.011079164353655021
-5.685219854305708,4.54826671378192,-0.003796471671144439
-5.581852220591058,4.54826671378192,0.0015466499327032534
-5.478484586876409,4.54826671378192,0.003978306898539029
-5.3751169531617595,4.54826671378192,0.0038948545040706764
-5.27174931944711,4.54826671378192,0.002727465021893482
-5.168381685732461,4.54826671378192,0.002233909903013053
-5.065014052017812,4.54826671378192,0.0037037886321848847
-4.961646418303163,4.54826671378192,0.007385475362994049
-4.858278784588514,4.54826671378192,0.01234914631482042
-4.754911150873865,4.54826671378192,0.016829790079842637
-4.651543517159215,4.54826671378192,0.018911386090855093
-4.548175883444566,4.54826671378192,0.017285900216531
-4.444808249729917,4.54826671378192,0.011794481155575479
-4.341440616015267,4.54826671378192,0.0035415910189793174
-4.238072982300618,4.54826671378192,-0.005466155135649173
-4.134705348585968,4.54826671378192,-0.013026029408173828
-4.031337714871319,4.54826671378192,-0.01752955622584117
-3.9279700811566705,4.54826671378192,-0.018542928135723676
-3.8246024474420213,4.54826671378192,-0.01695830271774271
-3.7212348137273725,4.54826671378192,-0.014653262240571188
-3.6178671800127233,4.54826671378192,-0.013776313851654636
-3.514499546298074,4.54826671378192,-0.01591503486480619
-3.411131912583425,4.54826671378192,-0.021449535234363125
-3.3077642788687753,4.54826671378192,-0.029330199822131586
-3.204396645154126,4.54826671378192,-0.037367933479402045
-3.101029011439477,4.54826671378192,-0.042941699724353855
-2.9976613777248278,4.54826671378192,-0.04387823223538172
-2.8942937440101786,4.54826671378192,-0.03919650016127359
-2.790926110295529,4.54826671378192,-0.029457213667707833
-2.6875584765808798,4.54826671378192,-0.016597976082764882
-2.5841908428662306,4.54826671378192,-0.003316802767911356
-2.4808232091515814,4.54826671378192,0.007775150067074767
-2.3774555754369326,4.54826671378192,0.014933529457618088
-2.2740879417222835,4.54826671378192,0.01772615175481323
-2.1707203080076334,4.54826671378192,0.017003381054005524
-2.067352674292984,4.54826671378192,0.014428786221394447
-1.9639850405783352,4.54826671378192,0.011764990697193677
-1.8606174068636863,4.54826671378192,0.010194442679069316
-1.757249773149037,4.54826671378192,0.009933709146875752
-1.6538821394343879,4.54826671378192,0.010281024807186092
-1.550514505719738,4.54826671378192,0.010064902431748086
-1.447146872005089,4.54826671378192,0.008301571635128697
-1.3437792382904399,4.54826671378192,0.00478211894063963
-1.2404116045757907,4.54826671378192,0.0003311506527804355
-1.1370439708611417,4.54826671378192,-0.0033977055101539594
-1.0336763371464925,4.54826671378192,-0.004542290077096159
-0.9303087034318435,4.54826671378192,-0.0018485845021947792
-0.8269410697171936,4.54826671378192,0.004633196993592246
-0.7235734360025445,4.54826671378192,0.01327049260726092
-0.6202058022878953,4.54826671378192,0.021151057228069096
-0.5168381685732463,4.54826671378192,0.02492330632439371
-0.4134705348585972,4.54826671378192,0.021926256852861144
-0.31010290114394806,4.54826671378192,0.011232183794678212
-0.2067352674292982,4.54826671378192,-0.005776376593848753
-0.1033676337146491,4.54826671378192,-0.02554019095930004
0.,4.54826671378192,-0.043184219368242
0.1033676337146491,4.54826671378192,-0.05387527637300741
0.2067352674292982,4.54826671378192,-0.05426477488918537
0.31010290114394734,4.54826671378192,-0.04355534805746083
0.4134705348585964,4.54826671378192,-0.023834235476302108
0.5168381685732455,4.54826671378192,0.00045633796993609815
0.6202058022878947,4.54826671378192,0.023764519927573204
0.7235734360025438,4.54826671378192,0.04100825151928214
0.8269410697171944,4.54826671378192,0.048995025137208374
0.9303087034318435,4.54826671378192,0.04723800861703542
1.0336763371464925,4.54826671378192,0.03792117686158515
1.1370439708611417,4.54826671378192,0.025044606197971424
1.2404116045757907,4.54826671378192,0.013048246001052196
1.3437792382904399,4.54826671378192,0.005378392947219898
1.447146872005089,4.54826671378192,0.0034700146880769843
1.550514505719738,4.54826671378192,0.0064676680721629815
1.6538821394343872,4.54826671378192,0.011750083862727674
1.7572497731490362,4.54826671378192,0.016047226447880834
1.8606174068636854,4.54826671378192,0.016738641082129073
1.9639850405783346,4.54826671378192,0.012866530694349076
2.0673526742929837,4.54826671378192,0.005504518102887557
2.1707203080076343,4.54826671378192,-0.002644710634301848
2.2740879417222835,4.54826671378192,-0.00827408923522634
2.3774555754369326,4.54826671378192,-0.008747808601364971
2.4808232091515814,4.54826671378192,-0.0031648939282919505
2.5841908428662306,4.54826671378192,0.0071806475569595385
2.6875584765808798,4.54826671378192,0.019124097160207975
2.790926110295529,4.54826671378192,0.02864363405557286
2.894293744010178,4.54826671378192,0.03222269860361214
2.997661377724827,4.54826671378192,0.028091623022069415
3.101029011439476,4.54826671378192,0.01691261536349981
3.2043966451541253,4.54826671378192,0.0016578434012427727
3.3077642788687744,4.54826671378192,-0.013295133317315749
3.411131912583425,4.54826671378192,-0.023557357423173154
3.514499546298074,4.54826671378192,-0.026148115740960463
3.6178671800127233,4.54826671378192,-0.020463617599893513
3.7212348137273725,4.54826671378192,-0.00846809442054816
3.8246024474420213,4.54826671378192,0.005957402159459861
3.9279700811566705,4.54826671378192,0.018288927001179168
4.031337714871319,4.54826671378192,0.024827245098770274
4.134705348585968,4.54826671378192,0.023866934698057497
4.238072982300618,4.54826671378192,0.016179249269688674
4.341440616015267,4.54826671378192,0.004656735675086352
4.444808249729916,4.54826671378192,-0.006746495145970001
4.548175883444565,4.54826671378192,-0.014406878272980357
4.651543517159214,4.54826671378192,-0.016274793839873996
4.754911150873865,4.54826671378192,-0.012544453126360973
4.858278784588514,4.54826671378192,-0.005526717940646083
4.961646418303163,4.54826671378192,0.0012225123050097722
5.065014052017812,4.54826671378192,0.004209799008078373
5.168381685732461,4.54826671378192,0.0012909144094414835
5.27174931944711,4.54826671378192,-0.007510157962299839
5.3751169531617595,4.54826671378192,-0.019934192209580513
5.478484586876409,4.54826671378192,-0.0321969344168355
5.581852220591058,4.54826671378192,-0.0402360955349867
5.685219854305707,4.54826671378192,-0.041072891692188765
5.788587488020356,4.54826671378192,-0.03382919161397999
5.8919551217350055,4.54826671378192,-0.02006049048520992
5.995322755449654,4.54826671378192,-0.0032974592518462344
6.098690389164305,4.54826671378192,0.012045801250241532
6.202058022878954,4.54826671378192,0.022030854190438466
6.305425656593603,4.54826671378192,0.024374381268263266
6.408793290308252,4.54826671378192,0.01907146283408104
-6.408793290308252,4.651636411822418,0.007353800595707712
-6.305425656593603,4.651636411822418,-0.0023866813597832035
-6.202058022878954,4.651636411822418,-0.010436577118775488
-6.098690389164304,4.651636411822418,-0.014300685375509058
-5.995322755449655,4.651636411822418,-0.013076533823995207
-5.8919551217350055,4.651636411822418,-0.007621847959838399
-5.788587488020356,4.651636411822418,-0.00012928323998827172
-5.685219854305708,4.651636411822418,0.006717833143282682
-5.581852220591058,4.651636411822418,0.010701476076049734
-5.478484586876409,4.651636411822418,0.010805892445620621
-5.3751169531617595,4.651636411822418,0.007495399749473949
-5.27174931944711,4.651636411822418,0.0024618642160417767
-5.168381685732461,4.651636411822418,-0.002043220855701734
-5.065014052017812,4.651636411822418,-0.004039129345137282
-4.961646418303163,4.651636411822418,-0.002511890136263388
-4.858278784588514,4.651636411822418,0.0022594881785669052
-4.754911150873865,4.651636411822418,0.008840910585808654
-4.651543517159215,4.651636411822418,0.015172065570622912
-4.548175883444566,4.651636411822418,0.01927946881075213
-4.444808249729917,4.651636411822418,0.01991306665513562
-4.341440616015267,4.651636411822418,0.01688761171839844
-4.238072982300618,4.651636411822418,0.01102839732692575
-4.134705348585968,4.651636411822418,0.0037698858628664785
-4.031337714871319,4.651636411822418,-0.003420126045767954
-3.9279700811566705,4.651636411822418,-0.009563365043845846
-3.8246024474420213,4.651636411822418,-0.014445671344720665
-3.7212348137273725,4.651636411822418,-0.018552206857575183
-3.6178671800127233,4.651636411822418,-0.022707185880473494
-3.514499546298074,4.651636411822418,-0.027576267589080522
-3.411131912583425,4.651636411822418,-0.033240471916080115
-3.3077642788687753,4.651636411822418,-0.039019603293082385
-3.204396645154126,4.651636411822418,-0.04362361789723783
-3.101029011439477,4.651636411822418,-0.04558086514325727
-2.9976613777248278,4.651636411822418,-0.0437823966996796
-2.8942937440101786,4.651636411822418,-0.037933522104770606
-2.790926110295529,4.651636411822418,-0.028735916476043493
-2.6875584765808798,4.651636411822418,-0.017723825916338098
-2.5841908428662306,4.651636411822418,-0.006808319812149443
-2.4808232091515814,4.651636411822418,0.002305498959700727
-2.3774555754369326,4.651636411822418,0.008614444663748576
-2.2740879417222835,4.651636411822418,0.012044819920960003
-2.1707203080076334,4.651636411822418,0.01333224553895322
-2.067352674292984,4.651636411822418,0.013608099157815313
-1.9639850405783352,4.651636411822418,0.013861167642254089
-1.8606174068636863,4.651636411822418,0.014493395344613014
-1.757249773149037,4.651636411822418,0.015153935122213464
-1.6538821394343879,4.651636411822418,0.014927200060558607
-1.550514505719738,4.651636411822418,0.012808124542855572
-1.447146872005089,4.651636411822418,0.008275676272774537
-1.3437792382904399,4.651636411822418,0.0017224214622155458
-1.2404116045757907,4.651636411822418,-0.005462104986631648
-1.1370439708611417,4.651636411822418,-0.011233569696139869
-1.0336763371464925,4.651636411822418,-0.013576391915120093
-0.9303087034318435,4.651636411822418,-0.011300426200812895
-0.8269410697171936,4.651636411822418,-0.004653943515902453
-0.7235734360025445,4.651636411822418,0.0045058749985489
-0.6202058022878953,4.651636411822418,0.013105625246271041
-0.5168381685732463,4.651636411822418,0.017737891177474076
-0.4134705348585972,4.651636411822418,0.015775612483926844
-0.31010290114394806,4.651636411822418,0.006355118218705071
-0.2067352674292982,4.651636411822418,-0.009121284714240046
-0.1033676337146491,4.651636411822418,-0.027174984013537167
0.,4.651636411822418,-0.04312541413256902
0.1033676337146491,4.651636411822418,-0.05241155989952275
0.2067352674292982,4.651636411822418,-0.051961083347408184
0.31010290114394734,4.651636411822418,-0.041171853530354116
0.4134705348585964,4.651636411822418,-0.022178537317869687
0.5168381685732455,4.651636411822418,0.0007028130608990349
0.6202058022878947,4.651636411822418,0.022196937843101328
0.7235734360025438,4.651636411822418,0.037585318195643425
0.8269410697171944,4.651636411822418,0.04404330371696755
0.9303087034318435,4.651636411822418,0.041379701103015754
1.0336763371464925,4.651636411822418,0.03195172495927469
1.1370439708611417,4.651636411822418,0.01979531107008329
1.2404116045757907,4.651636411822418,0.009265030220371687
1.3437792382904399,4.651636411822418,0.0036344338307968548
1.447146872005089,4.651636411822418,0.004114153463732596
1.550514505719738,4.651636411822418,0.009599360926260311
1.6538821394343872,4.651636411822418,0.01720953396258541
1.7572497731490362,4.651636411822418,0.023415987449970324
1.8606174068636854,4.651636411822418,0.02535682159748125
1.9639850405783346,4.651636411822418,0.02188089421555723
2.0673526742929837,4.651636411822418,0.013961261657671871
2.1707203080076343,4.651636411822418,0.004339842704006625
2.2740879417222835,4.651636411822418,-0.003467352467792428
2.3774555754369326,4.651636411822418,-0.006453129007873258
2.4808232091515814,4.651636411822418,-0.003238667720628929
2.5841908428662306,4.651636411822418,0.005365869184262022
2.6875584765808798,4.651636411822418,0.016562684983843643
2.790926110295529,4.651636411822418,0.02646956872807944
2.894293744010178,4.651636411822418,0.03142181003291848
2.997661377724827,4.651636411822418,0.029230063945364947
3.101029011439476,4.651636411822418,0.019963381313260038
3.2043966451541253,4.651636411822418,0.005986097640187825
3.3077642788687744,4.651636411822418,-0.008770294379215704
3.411131912583425,4.651636411822418,-0.020060096492532892
3.514499546298074,4.651636411822418,-0.02468370489640118
3.6178671800127233,4.651636411822418,-0.02150249771470722
3.7212348137273725,4.651636411822418,-0.01177374603515768
3.8246024474420213,4.651636411822418,0.0012983194307348447
3.9279700811566705,4.651636411822418,0.013635130265982436
4.031337714871319,4.651636411822418,0.021612634044620403
4.134705348585968,4.651636411822418,0.023198380986370972
4.238072982300618,4.651636411822418,0.018521240279549312
4.341440616015267,4.651636411822418,0.009697156704500722
4.444808249729916,4.651636411822418,-9.388289987515018e-6
4.548175883444565,4.651636411822418,-0.007383341775197254
4.651543517159214,4.651636411822418,-0.010394188438523992
4.754911150873865,4.651636411822418,-0.008875264815348761
4.858278784588514,4.651636411822418,-0.004518602061724008
4.961646418303163,4.651636411822418,-0.00019772077094044172
5.065014052017812,4.651636411822418,0.0011351609294475392
5.168381685732461,4.651636411822418,-0.0024153238678939256
5.27174931944711,4.651636411822418,-0.010921299677243512
5.3751169531617595,4.651636411822418,-0.02250626467539722
5.478484586876409,4.651636411822418,-0.03390938792948331
5.581852220591058,4.651636411822418,-0.041549484302232195
5.685219854305707,4.651636411822418,-0.04272664463714714
5.788587488020356,4.651636411822418,-0.03655256681042842
5.8919551217350055,4.651636411822418,-0.024293692270552683
5.995322755449654,4.651636411822418,-0.009011094152760296
6.098690389164305,4.651636411822418,0.005381630753128042
6.202058022878954,4.651636411822418,0.015327624815461273
6.305425656593603,4.651636411822418,0.018703548506542492
6.408793290308252,4.651636411822418,0.015415183194904356
-6.408793290308252,4.755006109862916,0.008048526046630665
-6.305425656593603,4.755006109862916,0.0030759468399785416
-6.202058022878954,4.755006109862916,-0.0011169618249712802
-6.098690389164304,4.755006109862916,-0.0025965736810842394
-5.995322755449655,4.755006109862916,-0.0005418823791968718
-5.8919551217350055,4.755006109862916,0.004516718323571644
-5.788587488020356,4.755006109862916,0.010918741596455905
-5.685219854305708,4.755006109862916,0.016468124071171483
-5.581852220591058,4.755006109862916,0.019193230045517064
-5.478484586876409,4.755006109862916,0.01801669778750854
-5.3751169531617595,4.755006109862916,0.01311784303679473
-5.27174931944711,4.755006109862916,0.005878899114994411
-5.168381685732461,4.755006109862916,-0.001553830419737375
-5.065014052017812,4.755006109862916,-0.006939562288419456
-4.961646418303163,4.755006109862916,-0.008622297811762634
-4.858278784588514,4.755006109862916,-0.0060075879529723
-4.754911150873865,4.755006109862916,0.00029815806720109823
-4.651543517159215,4.755006109862916,0.008705067066867283
-4.548175883444566,4.755006109862916,0.017119877945107397
-4.444808249729917,4.755006109862916,0.023521250741046797
-4.341440616015267,4.755006109862916,0.026450497769304915
-4.238072982300618,4.755006109862916,0.025285400951227343
-4.134705348585968,4.755006109862916,0.02025037093875451
-4.031337714871319,4.755006109862916,0.012206779767736983
-3.9279700811566705,4.755006109862916,0.0023309042120605227
-3.8246024474420213,4.755006109862916,-0.008195848805651969
-3.7212348137273725,4.755006109862916,-0.01838964264551618
-3.6178671800127233,4.755006109862916,-0.027525256053373196
-3.514499546298074,4.755006109862916,-0.03508471853863527
-3.411131912583425,4.755006109862916,-0.04066447490712814
-3.3077642788687753,4.755006109862916,-0.04391674205785931
-3.204396645154126,4.755006109862916,-0.04456979139162341
-3.101029011439477,4.755006109862916,-0.04252144712365301
-2.9976613777248278,4.755006109862916,-0.03795392525228834
-2.8942937440101786,4.755006109862916,-0.03139761912854289
-2.790926110295529,4.755006109862916,-0.023686579128934446
-2.6875584765808798,4.755006109862916,-0.01579364875880599
-2.5841908428662306,4.755006109862916,-0.008589462574857328
-2.4808232091515814,4.755006109862916,-0.0026119985000924197
-2.3774555754369326,4.755006109862916,0.0020581409322746507
-2.2740879417222835,4.755006109862916,0.005754030960424483
-2.1707203080076334,4.755006109862916,0.009011093975948042
-2.067352674292984,4.755006109862916,0.012259515206776489
-1.9639850405783352,4.755006109862916,0.01554063968598667
-1.8606174068636863,4.755006109862916,0.01837222921226834
-1.757249773149037,4.755006109862916,0.01984136570953547
-1.6538821394343879,4.755006109862916,0.018920236220019516
-1.550514505719738,4.755006109862916,0.014908429001358465
-1.447146872005089,4.755006109862916,0.007841022348481582
-1.3437792382904399,4.755006109862916,-0.001307345195620305
-1.2404116045757907,4.755006109862916,-0.010736749005713007
-1.1370439708611417,4.755006109862916,-0.01826327373754246
-1.0336763371464925,4.755006109862916,-0.021974820620445493
-0.9303087034318435,4.755006109862916,-0.020895695654455666
-0.8269410697171936,4.755006109862916,-0.015425951079721284
-0.7235734360025445,4.755006109862916,-0.007374441881724226
-0.6202058022878953,4.755006109862916,0.0004728763058937835
-0.5168381685732463,4.755006109862916,0.005153303259190752
-0.4134705348585972,4.755006109862916,0.004465455006822117
-0.31010290114394806,4.755006109862916,-0.0022525392514583446
-0.2067352674292982,4.755006109862916,-0.013772732835756715
-0.1033676337146491,4.755006109862916,-0.027200909974439146
0.,4.755006109862916,-0.038741064518366425
0.1033676337146491,4.755006109862916,-0.04478933863059111
0.2067352674292982,4.755006109862916,-0.043027723539728564
0.31010290114394734,4.755006109862916,-0.03317233443862471
0.4134705348585964,4.755006109862916,-0.017127953060534815
0.5168381685732455,4.755006109862916,0.0015179361625513915
0.6202058022878947,4.755006109862916,0.01851926014202398
0.7235734360025438,4.755006109862916,0.030202644682734838
0.8269410697171944,4.755006109862916,0.0345233583927738
0.9303087034318435,4.755006109862916,0.03161465148321462
1.0336763371464925,4.755006109862916,0.02365876731651436
1.1370439708611417,4.755006109862916,0.014124979472047711
1.2404116045757907,4.755006109862916,0.006623930628907196
1.3437792382904399,4.755006109862916,0.003751014269218336
1.447146872005089,4.755006109862916,0.006293185392234817
1.550514505719738,4.755006109862916,0.01305216403628547
1.6538821394343872,4.755006109862916,0.021332221403440703
1.7572497731490362,4.755006109862916,0.027920370409193766
1.8606174068636854,4.755006109862916,0.030224134192131966
1.9639850405783346,4.755006109862916,0.027181460596410207
2.0673526742929837,4.755006109862916,0.01963578853512509
2.1707203080076343,4.755006109862916,0.01005055515345864
2.2740879417222835,4.755006109862916,0.0016608081686840983
2.3774555754369326,4.755006109862916,-0.002649927750880931
2.4808232091515814,4.755006109862916,-0.0013658147435385445
2.5841908428662306,4.755006109862916,0.0050989581848774924
2.6875584765808798,4.755006109862916,0.0144868604932531
2.790926110295529,4.755006109862916,0.02341037855143665
2.894293744010178,4.755006109862916,0.028459244671235475
2.997661377724827,4.755006109862916,0.027335933276914973
3.101029011439476,4.755006109862916,0.019643040266880057
3.2043966451541253,4.755006109862916,0.007060754505262898
3.3077642788687744,4.755006109862916,-0.00714604988529824
3.411131912583425,4.755006109862916,-0.019131005241562728
3.514499546298074,4.755006109862916,-0.025653322915981214
3.6178671800127233,4.755006109862916,-0.025065124277825604
3.7212348137273725,4.755006109862916,-0.017785190981804512
3.8246024474420213,4.755006109862916,-0.006117409600480801
3.9279700811566705,4.755006109862916,0.006511906214637862
4.031337714871319,4.755006109862916,0.016636299683928973
4.134705348585968,4.755006109862916,0.021792516427090056
4.238072982300618,4.755006109862916,0.02119014920698653
4.341440616015267,4.755006109862916,0.015806908354236968
4.444808249729916,4.755006109862916,0.007905923980752155
4.548175883444565,4.755006109862916,0.00016400334350338507
4.651543517159214,4.755006109862916,-0.0052769043748870275
4.754911150873865,4.755006109862916,-0.0075085410013913615
4.858278784588514,4.755006109862916,-0.007075935608626285
4.961646418303163,4.755006109862916,-0.0056607265928704424
5.065014052017812,4.755006109862916,-0.005358600549164867
5.168381685732461,4.755006109862916,-0.007819165669797574
5.27174931944711,4.755006109862916,-0.013558785152402787
5.3751169531617595,4.755006109862916,-0.021690822585960747
5.478484586876409,4.755006109862916,-0.03016816191709295
5.581852220591058,4.755006109862916,-0.036452701972468284
5.685219854305707,4.755006109862916,-0.03837828352751731
5.788587488020356,4.755006109862916,-0.03490766526341974
5.8919551217350055,4.755006109862916,-0.02652211609996659
5.995322755449654,4.755006109862916,-0.015109425830198532
6.098690389164305,4.755006109862916,-0.003387835991841591
6.202058022878954,4.755006109862916,0.005939706012135171
6.305425656593603,4.755006109862916,0.011017667568063227
6.408793290308252,4.755006109862916,0.011381323235873157
-6.408793290308252,4.858375807903414,0.009885079322714575
-6.305425656593603,4.858375807903414,0.010481811723298378
-6.202058022878954,4.858375807903414,0.010499660516067813
-6.098690389164304,4.858375807903414,0.01107636214071902
-5.995322755449655,4.858375807903414,0.012965704816804386
-5.8919551217350055,4.858375807903414,0.016230029400398714
-5.788587488020356,4.858375807903414,0.020177288187383978
-5.685219854305708,4.858375807903414,0.023567539300940066
-5.581852220591058,4.858375807903414,0.02502427759176337
-5.478484586876409,4.858375807903414,0.02351836705494417
-5.3751169531617595,4.858375807903414,0.01876792621607547
-5.27174931944711,4.858375807903414,0.011423205752631527
-5.168381685732461,4.858375807903414,0.0029720044783390297
-5.065014052017812,4.858375807903414,-0.004613328547381906
-4.961646418303163,4.858375807903414,-0.009388667078760703
-4.858278784588514,4.858375807903414,-0.009965635466745408
-4.754911150873865,4.858375807903414,-0.005906337591371467
-4.651543517159215,4.858375807903414,0.0021222326596943377
-4.548175883444566,4.858375807903414,0.012472910294790432
-4.444808249729917,4.858375807903414,0.02288501131838364
-4.341440616015267,4.858375807903414,0.030994262651720495
-4.238072982300618,4.858375807903414,0.03485623679119151
-4.134705348585968,4.858375807903414,0.03335845356432718
-4.031337714871319,4.858375807903414,0.026432394255459606
-3.9279700811566705,4.858375807903414,0.015031101355787242
-3.8246024474420213,4.858375807903414,0.0008948215779746809
-3.7212348137273725,4.858375807903414,-0.013827937969139647
-3.6178671800127233,4.858375807903414,-0.027012404249682827
-3.514499546298074,4.858375807903414,-0.036949801426903774
-3.411131912583425,4.858375807903414,-0.04262514731514413
-3.3077642788687753,4.858375807903414,-0.04383611641631047
-3.204396645154126,4.858375807903414,-0.04114316377460474
-3.101029011439477,4.858375807903414,-0.035673565297937866
-2.9976613777248278,4.858375807903414,-0.028827746242612168
-2.8942937440101786,4.858375807903414,-0.021952491281772745
-2.790926110295529,4.858375807903414,-0.01605069813987428
-2.6875584765808798,4.858375807903414,-0.011590233381379553
-2.5841908428662306,4.858375807903414,-0.008455045009173524
-2.4808232091515814,4.858375807903414,-0.006051628990748839
-2.3774555754369326,4.858375807903414,-0.0035476206064799644
-2.2740879417222835,4.858375807903414,-0.00018406506620875717
-2.1707203080076334,4.858375807903414,0.004421870473950446
-2.067352674292984,4.858375807903414,0.010072536712993092
-1.9639850405783352,4.858375807903414,0.015953788519630616
-1.8606174068636863,4.858375807903414,0.02079553021617312
-1.757249773149037,4.858375807903414,0.023201233505660453
-1.6538821394343879,4.858375807903414,0.022064159993892767
-1.550514505719738,4.858375807903414,0.01695178288932871
-1.447146872005089,4.858375807903414,0.008336119087192246
-1.3437792382904399,4.858375807903414,-0.0024182345941337123
-1.2404116045757907,4.858375807903414,-0.013330891198266158
-1.1370439708611417,4.858375807903414,-0.02228996770180777
-1.0336763371464925,4.858375807903414,-0.02761663430920279
-0.9303087034318435,4.858375807903414,-0.02854614943721656
-0.8269410697171936,4.858375807903414,-0.0254734481012752
-0.7235734360025445,4.858375807903414,-0.019872123861447454
-0.6202058022878953,4.858375807903414,-0.013890010394765865
-0.5168381685732463,4.858375807903414,-0.009724950484375673
-0.4134705348585972,4.858375807903414,-0.008959035502074697
-0.31010290114394806,4.858375807903414,-0.012052922451068983
-0.2067352674292982,4.858375807903414,-0.018163011669342817
-0.1033676337146491,4.858375807903414,-0.025351974236762085
0.,4.858375807903414,-0.031143864013538955
0.1033676337146491,4.858375807903414,-0.03326554029917442
0.2067352674292982,4.858375807903414,-0.030351812797325503
0.31010290114394734,4.858375807903414,-0.02239514372549758
0.4134705348585964,4.858375807903414,-0.010793562967390986
0.5168381685732455,4.858375807903414,0.0020280167403153586
0.6202058022878947,4.858375807903414,0.013314863760283936
0.7235734360025438,4.858375807903414,0.020787338729586616
0.8269410697171944,4.858375807903414,0.023305188775667878
0.9303087034318435,4.858375807903414,0.021183041926300005
1.0336763371464925,4.858375807903414,0.016056315916353408
1.1370439708611417,4.858375807903414,0.010338157175998083
1.2404116045757907,4.858375807903414,0.006438536753723845
1.3437792382904399,4.858375807903414,0.005993938794207284
1.447146872005089,4.858375807903414,0.009354327693838085
1.550514505719738,4.858375807903414,0.015492656500500513
1.6538821394343872,4.858375807903414,0.022366390918366452
1.7572497731490362,4.858375807903414,0.027613791114621273
1.8606174068636854,4.858375807903414,0.029357646438656612
1.9639850405783346,4.858375807903414,0.026852113403746533
2.0673526742929837,4.858375807903414,0.02075722018307674
2.1707203080076343,4.858375807903414,0.012945508302592449
2.2740879417222835,4.858375807903414,0.005897847097047133
2.3774555754369326,4.858375807903414,0.001881236527873067
2.4808232091515814,4.858375807903414,0.0021759101207408683
2.5841908428662306,4.858375807903414,0.006607298767616811
2.6875584765808798,4.858375807903414,0.013543318802010281
2.790926110295529,4.858375807903414,0.020369047789450097
2.894293744010178,4.858375807903414,0.02429673772150423
2.997661377724827,4.858375807903414,0.023259042457681792
3.101029011439476,4.858375807903414,0.016603074220789094
3.2043966451541253,4.858375807903414,0.005362596567669657
3.3077642788687744,4.858375807903414,-0.007983494101693947
3.411131912583425,4.858375807903414,-0.020197913769525514
3.514499546298074,4.858375807903414,-0.028209690714708944
3.6178671800127233,4.858375807903414,-0.02999622967901406
3.7212348137273725,4.858375807903414,-0.02515702820597994
3.8246024474420213,4.858375807903414,-0.015010815824003852
3.9279700811566705,4.858375807903414,-0.002196158675411915
4.031337714871319,4.858375807903414,0.010092859064407078
4.134705348585968,4.858375807903414,0.018997101848577117
4.238072982300618,4.858375807903414,0.022740078033971486
4.341440616015267,4.858375807903414,0.021018190163233804
4.444808249729916,4.858375807903414,0.014937828304986939
4.548175883444565,4.858375807903414,0.0065475359743663595
4.651543517159214,4.858375807903414,-0.0018640815058453177
4.754911150873865,4.858375807903414,-0.008471151135115276
4.858278784588514,4.858375807903414,-0.012394736326070513
4.961646418303163,4.858375807903414,-0.013832656527764792
5.065014052017812,4.858375807903414,-0.013821860453973031
5.168381685732461,4.858375807903414,-0.013740694009819945
5.27174931944711,4.858375807903414,-0.014737332306276869
5.3751169531617595,4.858375807903414,-0.017284110554575734
5.478484586876409,4.858375807903414,-0.02100399575847362
5.581852220591058,4.858375807903414,-0.0248156632039619
5.685219854305707,4.858375807903414,-0.02733278036379372
5.788587488020356,4.858375807903414,-0.027368689320640942
5.8919551217350055,4.858375807903414,-0.024367020226416358
5.995322755449654,4.858375807903414,-0.01861019445153842
6.098690389164305,4.858375807903414,-0.011138514893147648
6.202058022878954,4.858375807903414,-0.003413692371477381
6.305425656593603,4.858375807903414,0.0031526083764926048
6.408793290308252,4.858375807903414,0.007641209107008799
-6.408793290308252,4.961745505943912,0.011811785625709547
-6.305425656593603,4.961745505943912,0.017628741045180217
-6.202058022878954,4.961745505943912,0.021551106171921342
-6.098690389164304,4.961745505943912,0.02376732633065701
-5.995322755449655,4.961745505943912,0.024873667962744817
-5.8919551217350055,4.961745505943912,0.02555057651420508
-5.788587488020356,4.961745505943912,0.026229518214498385
-5.685219854305708,4.961745505943912,0.02687776014947728
-5.581852220591058,4.961745505943912,0.026986102278202934
-5.478484586876409,4.961745505943912,0.025771917935116493
-5.3751169531617595,4.961745505943912,0.022531428507975838
-5.27174931944711,4.961745505943912,0.017017495969297483
-5.168381685732461,4.961745505943912,0.009702330269246046
-5.065014052017812,4.961745505943912,0.0018151591498058585
-4.961646418303163,4.961745505943912,-0.004885645919317108
-4.858278784588514,4.961745505943912,-0.00855985653314849
-4.754911150873865,4.961745505943912,-0.00782978575173306
-4.651543517159215,4.961745505943912,-0.0022587243473321415
-4.548175883444566,4.961745505943912,0.007390800958544534
-4.444808249729917,4.961745505943912,0.01921576966904061
-4.341440616015267,4.961745505943912,0.030555566513445005
-4.238072982300618,4.961745505943912,0.03861079188039817
-4.134705348585968,4.961745505943912,0.04113731948537929
-4.031337714871319,4.961745505943912,0.03702763269886895
-3.9279700811566705,4.961745505943912,0.026618082100390142
-3.8246024474420213,4.961745505943912,0.011634037435955983
-3.7212348137273725,4.961745505943912,-0.005216054289167935
-3.6178671800127233,4.961745505943912,-0.020890462342640585
-3.514499546298074,4.961745505943912,-0.032734693489987296
-3.411131912583425,4.961745505943912,-0.03908257921167451
-3.3077642788687753,4.961745505943912,-0.03958375994320705
-3.204396645154126,4.961745505943912,-0.03518134278644092
-3.101029011439477,4.961745505943912,-0.02776059198681059
-2.9976613777248278,4.961745505943912,-0.0195780297522718
-2.8942937440101786,4.961745505943912,-0.012635760951425677
-2.790926110295529,4.961745505943912,-0.008173756874561481
-2.6875584765808798,4.961745505943912,-0.006412667118284916
-2.5841908428662306,4.961745505943912,-0.006604433102099072
-2.4808232091515814,4.961745505943912,-0.007359873786968066
-2.3774555754369326,4.961745505943912,-0.007146534989129838
-2.2740879417222835,4.961745505943912,-0.004807042672135526
-2.1707203080076334,4.961745505943912,0.0000514173110568775
-2.067352674292984,4.961745505943912,0.006903963986554646
-1.9639850405783352,4.961745505943912,0.014428596499756079
-1.8606174068636863,4.961745505943912,0.020860072684288883
-1.757249773149037,4.961745505943912,0.02447298260088784
-1.6538821394343879,4.961745505943912,0.024057204634975453
-1.550514505719738,4.961745505943912,0.01925493622121576
-1.447146872005089,4.961745505943912,0.010670036930693518
-1.3437792382904399,4.961745505943912,-0.0002751702534803826
-1.2404116045757907,4.961745505943912,-0.01169155225640035
-1.1370439708611417,4.961745505943912,-0.021684508458437297
-1.0336763371464925,4.961745505943912,-0.028800031573641804
-0.9303087034318435,4.961745505943912,-0.032338807599592186
-0.8269410697171936,4.961745505943912,-0.03246103305039257
-0.7235734360025445,4.961745505943912,-0.030063437690457363
-0.6202058022878953,4.961745505943912,-0.026471839657630288
-0.5168381685732463,4.961745505943912,-0.02304070131198164
-0.4134705348585972,4.961745505943912,-0.020773010512466248
-0.31010290114394806,4.961745505943912,-0.020064164339617475
-0.2067352674292982,4.961745505943912,-0.020635754005776268
-0.1033676337146491,4.961745505943912,-0.02167015106177333
0.,4.961745505943912,-0.022099996006878574
0.1033676337146491,4.961745505943912,-0.020963825549514998
0.2067352674292982,4.961745505943912,-0.017721927817126074
0.31010290114394734,4.961745505943912,-0.012439705147094035
0.4134705348585964,4.961745505943912,-0.005785508198331161
0.5168381685732455,4.961745505943912,0.0011552277180840414
0.6202058022878947,4.961745505943912,0.007193370816263209
0.7235734360025438,4.961745505943912,0.011382760071948519
0.8269410697171944,4.961745505943912,0.013295405109542836
0.9303087034318435,4.961745505943912,0.01314104635949948
1.0336763371464925,4.961745505943912,0.011693029726300529
1.1370439708611417,4.961745505943912,0.010040918587166754
1.2404116045757907,4.961745505943912,0.009243812087278211
1.3437792382904399,4.961745505943912,0.00999062304946475
1.447146872005089,4.961745505943912,0.01237409878854924
1.550514505719738,4.961745505943912,0.015852895843131678
1.6538821394343872,4.961745505943912,0.01941931730483335
1.7572497731490362,4.961745505943912,0.021925958930410317
1.8606174068636854,4.961745505943912,0.022472146295857438
1.9639850405783346,4.961745505943912,0.020727532791454586
2.0673526742929837,4.961745505943912,0.01708427659544433
2.1707203080076343,4.961745505943912,0.012578284310806594
2.2740879417222835,4.961745505943912,0.00859052238831472
2.3774555754369326,4.961745505943912,0.006410385744604521
2.4808232091515814,4.961745505943912,0.006792352002542556
2.5841908428662306,4.961745505943912,0.009648012733599763
2.6875584765808798,4.961745505943912,0.013982500776123796
2.790926110295529,4.961745505943912,0.01811514167774404
2.894293744010178,4.961745505943912,0.02013830105907066
2.997661377724827,4.961745505943912,0.018491520477167702
3.101029011439476,4.961745505943912,0.012484322837490784
3.2043966451541253,4.961745505943912,0.0026057095917753717
3.3077642788687744,4.961745505943912,-0.009487563519063696
3.411131912583425,4.961745505943912,-0.021322364926287276
3.514499546298074,4.961745505943912,-0.03021918350107888
3.6178671800127233,4.961745505943912,-0.03399976541476429
3.7212348137273725,4.961745505943912,-0.03159574016250367
3.8246024474420213,4.961745505943912,-0.02338242328245026
3.9279700811566705,4.961745505943912,-0.011134959708908768
4.031337714871319,4.961745505943912,0.0023910712859990337
4.134705348585968,4.961745505943912,0.014145772751698942
4.238072982300618,4.961745505943912,0.021551923132837634
4.341440616015267,4.961745505943912,0.023142740638580236
4.444808249729916,4.961745505943912,0.018896505235570026
4.548175883444565,4.961745505943912,0.010180510816801993
4.651543517159214,4.961745505943912,-0.000671877106889178
4.754911150873865,4.961745505943912,-0.011023833702650112
4.858278784588514,4.961745505943912,-0.01864492917998781
4.961646418303163,4.961745505943912,-0.02226766575839635
5.065014052017812,4.961745505943912,-0.021840670010196992
5.168381685732461,4.961745505943912,-0.018421678418842048
5.27174931944711,4.961745505943912,-0.013760613488919899
5.3751169531617595,4.961745505943912,-0.009711815479285499
5.478484586876409,4.961745505943912,-0.007658680901312633
5.581852220591058,4.961745505943912,-0.008121503593794448
5.685219854305707,4.961745505943912,-0.010655756135333538
5.788587488020356,4.961745505943912,-0.01405448492392404
5.8919551217350055,4.961745505943912,-0.01677471969638162
5.995322755449654,4.961745505943912,-0.017442851935554206
6.098690389164305,4.961745505943912,-0.01527702084036341
6.202058022878954,4.961745505943912,-0.010299222999317233
6.305425656593603,4.961745505943912,-0.003283290623561285
6.408793290308252,4.961745505943912,0.0045277275787092685
-6.408793290308252,5.065115203984412,0.012556191911552387
-6.305425656593603,5.065115203984412,0.022206981014752974
-6.202058022878954,5.065115203984412,0.029167243929486195
-6.098690389164304,5.065115203984412,0.03264841100808625
-5.995322755449655,5.065115203984412,0.032923603339047945
-5.8919551217350055,5.065115203984412,0.03107380466931639
-5.788587488020356,5.065115203984412,0.028486671825474107
-5.685219854305708,5.065115203984412,0.026298116258198664
-5.581852220591058,5.065115203984412,0.024979565674719865
-5.478484586876409,5.065115203984412,0.02421631017707065
-5.3751169531617595,5.065115203984412,0.02311506928196046
-5.27174931944711,5.065115203984412,0.020659140809785276
-5.168381685732461,5.065115203984412,0.016238571373563937
-5.065014052017812,5.065115203984412,0.010052211670958716
-4.961646418303163,5.065115203984412,0.0032192723848425797
-4.858278784588514,5.065115203984412,-0.002463182220277162
-4.754911150873865,5.065115203984412,-0.00505658120236435
-4.651543517159215,5.065115203984412,-0.0031439559413833414
-4.548175883444566,5.065115203984412,0.0036005348412674106
-4.444808249729917,5.065115203984412,0.014136557025873242
-4.341440616015267,5.065115203984412,0.026190633765148887
-4.238072982300618,5.065115203984412,0.03678316806440729
-4.134705348585968,5.065115203984412,0.0430083146920566
-4.031337714871319,5.065115203984412,0.04284041032694161
-3.9279700811566705,5.065115203984412,0.03572540833455955
-3.8246024474420213,5.065115203984412,0.02277601013861066
-3.7212348137273725,5.065115203984412,0.006506404057428547
-3.6178671800127233,5.065115203984412,-0.009819922512088403
-3.514499546298074,5.065115203984412,-0.02304083784254553
-3.411131912583425,5.065115203984412,-0.030899231229920804
-3.3077642788687753,5.065115203984412,-0.03257207101687158
-3.204396645154126,5.065115203984412,-0.028783142965302655
-3.101029011439477,5.065115203984412,-0.021483966743181003
-2.9976613777248278,5.065115203984412,-0.013214362898181389
-2.8942937440101786,5.065115203984412,-0.0063432692809292255
-2.790926110295529,5.065115203984412,-0.002416030504437542
-2.6875584765808798,5.065115203984412,-0.0017913507933666683
-2.5841908428662306,5.065115203984412,-0.00365555235705769
-2.4808232091515814,5.065115203984412,-0.006385222590327524
-2.3774555754369326,5.065115203984412,-0.008128121762635089
-2.2740879417222835,5.065115203984412,-0.00741603690065215
-2.1707203080076334,5.065115203984412,-0.003626266334199297
-2.067352674292984,5.065115203984412,0.002834231504813683
-1.9639850405783352,5.065115203984412,0.010657416750368564
-1.8606174068636863,5.065115203984412,0.018016823903951117
-1.757249773149037,5.065115203984412,0.02307666616575488
-1.6538821394343879,5.065115203984412,0.024474380581375795
-1.550514505719738,5.065115203984412,0.021645419330517196
-1.447146872005089,5.065115203984412,0.014916928681822822
-1.3437792382904399,5.065115203984412,0.005369735559316172
-1.2404116045757907,5.065115203984412,-0.005467640374505729
-1.1370439708611417,5.065115203984412,-0.015991577977786754
-1.0336763371464925,5.065115203984412,-0.024857925879397905
-0.9303087034318435,5.065115203984412,-0.031201185365497715
-0.8269410697171936,5.065115203984412,-0.03470584324938793
-0.7235734360025445,5.065115203984412,-0.03554345223720342
-0.6202058022878953,5.065115203984412,-0.034222002771972404
-0.5168381685732463,5.065115203984412,-0.031406311777747255
-0.4134705348585972,5.065115203984412,-0.0277600770112698
-0.31010290114394806,5.065115203984412,-0.02383908676303893
-0.2067352674292982,5.065115203984412,-0.020041046808874228
-0.1033676337146491,5.065115203984412,-0.01659964051714363
0.,5.065115203984412,-0.01360350911549599
0.1033676337146491,5.065115203984412,-0.011024199604947835
0.2067352674292982,5.065115203984412,-0.00874599677615567
0.31010290114394734,5.065115203984412,-0.006598730101490573
0.4134705348585964,5.065115203984412,-0.004397483853630944
0.5168381685732455,5.065115203984412,-0.001989530108692311
0.6202058022878947,5.065115203984412,0.0006986231698959013
0.7235734360025438,5.065115203984412,0.003627591643698535
0.8269410697171944,5.065115203984412,0.006639278382743878
0.9303087034318435,5.065115203984412,0.009486673824919665
1.0336763371464925,5.065115203984412,0.011894951140860246
1.1370439708611417,5.065115203984412,0.013636660038097386
1.2404116045757907,5.065115203984412,0.014596182307357528
1.3437792382904399,5.065115203984412,0.014800367801573561
1.447146872005089,5.065115203984412,0.014403783229438258
1.550514505719738,5.065115203984412,0.013634298737885537
1.6538821394343872,5.065115203984412,0.01272085700187913
1.7572497731490362,5.065115203984412,0.011833091017134098
1.8606174068636854,5.065115203984412,0.011057799590074833
1.9639850405783346,5.065115203984412,0.010421039490911582
2.0673526742929837,5.065115203984412,0.009942837008542
2.1707203080076343,5.065115203984412,0.009693464160486229
2.2740879417222835,5.065115203984412,0.009814565076112112
2.3774555754369326,5.065115203984412,0.010479552174755598
2.4808232091515814,5.065115203984412,0.01179330126378124
2.5841908428662306,5.065115203984412,0.013662333147058708
2.6875584765808798,5.065115203984412,0.015690686041928296
2.790926110295529,5.065115203984412,0.017161826797640795
2.894293744010178,5.065115203984412,0.0171473659119216
2.997661377724827,5.065115203984412,0.014742243020736847
3.101029011439476,5.065115203984412,0.00937573148044339
3.2043966451541253,5.065115203984412,0.001105948888073756
3.3077642788687744,5.065115203984412,-0.009210058097001345
3.411131912583425,5.065115203984412,-0.01995787834774612
3.514499546298074,5.065115203984412,-0.02905070478055343
3.6178671800127233,5.065115203984412,-0.034413570927753115
3.7212348137273725,5.065115203984412,-0.0345499114731008
3.8246024474420213,5.065115203984412,-0.0290291589249317
3.9279700811566705,5.065115203984412,-0.018736780695514026
4.031337714871319,5.065115203984412,-0.005782508520056046
4.134705348585968,5.065115203984412,0.006943764902644087
4.238072982300618,5.065115203984412,0.016472416374733706
4.341440616015267,5.065115203984412,0.020528658077900403
4.444808249729916,5.065115203984412,0.018162421749204998
4.548175883444565,5.065115203984412,0.01004300552985963
4.651543517159214,5.065115203984412,-0.0016834656323908926
4.754911150873865,5.065115203984412,-0.013950927621274287
4.858278784588514,5.065115203984412,-0.02359785443650711
4.961646418303163,5.065115203984412,-0.02822812580906864
5.065014052017812,5.065115203984412,-0.026859928671438004
5.168381685732461,5.065115203984412,-0.02017208382775125
5.27174931944711,5.065115203984412,-0.01027410373313703
5.3751169531617595,5.065115203984412,-0.0000675622533593688
5.478484586876409,5.065115203984412,0.007611287699336955
5.581852220591058,5.065115203984412,0.010812418712125885
5.685219854305707,5.065115203984412,0.009013731692814057
5.788587488020356,5.065115203984412,0.003227595648170424
5.8919551217350055,5.065115203984412,-0.004349696162491201
5.995322755449654,5.065115203984412,-0.011028144056801931
6.098690389164305,5.065115203984412,-0.014435547275016124
6.202058022878954,5.065115203984412,-0.013200599998279104
6.305425656593603,5.065115203984412,-0.007305168018533709
6.408793290308252,5.065115203984412,0.0019870431058385866
-6.408793290308252,5.16848490202491,0.011034724689416853
-6.305425656593603,5.16848490202491,0.02247126637310695
-6.202058022878954,5.16848490202491,0.031275616180605356
-6.098690389164304,5.16848490202491,0.03579152181418959
-5.995322755449655,5.16848490202491,0.035777613011224764
-5.8919551217350055,5.16848490202491,0.03231783733151359
-5.788587488020356,5.16848490202491,0.027313185256901608
-5.685219854305708,5.16848490202491,0.02274824862746353
-5.581852220591058,5.16848490202491,0.019992561815803573
-5.478484586876409,5.16848490202491,0.019374282452619004
-5.3751169531617595,5.16848490202491,0.020162113727540478
-5.27174931944711,5.16848490202491,0.020946239492593124
-5.168381685732461,5.16848490202491,0.020270159816378214
-5.065014052017812,5.16848490202491,0.017279538984917
-4.961646418303163,5.16848490202491,0.01214987724887131
-4.858278784588514,5.16848490202491,0.006132604256460543
-4.754911150873865,5.16848490202491,0.0011920474993353388
-4.651543517159215,5.16848490202491,-0.0006516441441409728
-4.548175883444566,5.16848490202491,0.0019456245407036845
-4.444808249729917,5.16848490202491,0.0090951480665776
-4.341440616015267,5.16848490202491,0.019490649896472423
-4.238072982300618,5.16848490202491,0.030673151604471777
-4.134705348585968,5.16848490202491,0.03967728115041438
-4.031337714871319,5.16848490202491,0.04386621629602544
-3.9279700811566705,5.16848490202491,0.04169966863113735
-3.8246024474420213,5.16848490202491,0.03319830359303846
-3.7212348137273725,5.16848490202491,0.019961939861626272
-3.6178671800127233,5.16848490202491,0.004736863354145648
-3.514499546298074,5.16848490202491,-0.009334863481926506
-3.411131912583425,5.16848490202491,-0.019557491079673056
-3.3077642788687753,5.16848490202491,-0.024366874232455153
-3.204396645154126,5.16848490202491,-0.02366591646670003
-3.101029011439477,5.16848490202491,-0.01872919827108235
-2.9976613777248278,5.16848490202491,-0.011727833924330536
-2.8942937440101786,5.16848490202491,-0.005035842548653398
-2.790926110295529,5.16848490202491,-0.0005348535824075034
-2.6875584765808798,5.16848490202491,0.0008793223149043204
-2.5841908428662306,5.16848490202491,-0.0005413529894633918
-2.4808232091515814,5.16848490202491,-0.003588353777288266
-2.3774555754369326,5.16848490202491,-0.006556208124416682
-2.2740879417222835,5.16848490202491,-0.007813302383761982
-2.1707203080076334,5.16848490202491,-0.006307544815996118
-2.067352674292984,5.16848490202491,-0.001865949876571027
-1.9639850405783352,5.16848490202491,0.004778898439369449
-1.8606174068636863,5.16848490202491,0.012216633197932857
-1.757249773149037,5.16848490202491,0.018751858125086614
-1.6538821394343879,5.16848490202491,0.02283725334223879
-1.550514505719738,5.16848490202491,0.023428326014078023
-1.447146872005089,5.16848490202491,0.02018052507993866
-1.3437792382904399,5.16848490202491,0.013465038561805665
-1.2404116045757907,5.16848490202491,0.004231445104641145
-1.1370439708611417,5.16848490202491,-0.006221884358148727
-1.0336763371464925,5.16848490202491,-0.01650134674524355
-0.9303087034318435,5.16848490202491,-0.025341543866806714
-0.8269410697171936,5.16848490202491,-0.03176963001028653
-0.7235734360025445,5.16848490202491,-0.03520525453377964
-0.6202058022878953,5.16848490202491,-0.035504123943087704
-0.5168381685732463,5.16848490202491,-0.03295411036975205
-0.4134705348585972,5.16848490202491,-0.028225883360168107
-0.31010290114394806,5.16848490202491,-0.02227357959487403
-0.2067352674292982,5.16848490202491,-0.01618265705341245
-0.1033676337146491,5.16848490202491,-0.01097466184120624
0.,5.16848490202491,-0.00739848933419783
0.1033676337146491,5.16848490202491,-0.005755894501095605
0.2067352674292982,5.16848490202491,-0.005815102279034763
0.31010290114394734,5.16848490202491,-0.006853373436793482
0.4134705348585964,5.16848490202491,-0.007837446137245725
0.5168381685732455,5.16848490202491,-0.0077082604210059694
0.6202058022878947,5.16848490202491,-0.005697512934713625
0.7235734360025438,5.16848490202491,-0.001583456044832495
0.8269410697171944,5.16848490202491,0.0041980183163821015
0.9303087034318435,5.16848490202491,0.010633053415489067
1.0336763371464925,5.16848490202491,0.016389247575192063
1.1370439708611417,5.16848490202491,0.020185638539114377
1.2404116045757907,5.16848490202491,0.02116472351563825
1.3437792382904399,5.16848490202491,0.019152173351557913
1.447146872005089,5.16848490202491,0.014721478788579809
1.550514505719738,5.16848490202491,0.009040728944928232
1.6538821394343872,5.16848490202491,0.0035477551470017923
1.7572497731490362,5.16848490202491,-0.0004452243106384213
1.8606174068636854,5.16848490202491,-0.002094551662412782
1.9639850405783346,5.16848490202491,-0.0012120332956645533
2.0673526742929837,5.16848490202491,0.0017538414505489561
2.1707203080076343,5.16848490202491,0.005921946439682155
2.2740879417222835,5.16848490202491,0.01028588826795782
2.3774555754369326,5.16848490202491,0.01401160047848026
2.4808232091515814,5.16848490202491,0.016622364205392405
2.5841908428662306,5.16848490202491,0.018016315883855046
2.6875584765808798,5.16848490202491,0.01832913135727355
2.790926110295529,5.16848490202491,0.01771652503532508
2.894293744010178,5.16848490202491,0.01616360124591309
2.997661377724827,5.16848490202491,0.01341760643174767
3.101029011439476,5.16848490202491,0.009089828602293014
3.2043966451541253,5.16848490202491,0.0028994356487481447
3.3077642788687744,5.16848490202491,-0.005035439658205617
3.411131912583425,5.16848490202491,-0.013988907985813356
3.514499546298074,5.16848490202491,-0.022616110519067676
3.6178671800127233,5.16848490202491,-0.029192564025927265
3.7212348137273725,5.16848490202491,-0.03206598995683845
3.8246024474420213,5.16848490202491,-0.030194392627033523
3.9279700811566705,5.16848490202491,-0.02359208408126046
4.031337714871319,5.16848490202491,-0.013512153629624664
4.134705348585968,5.16848490202491,-0.002262932147437322
4.238072982300618,5.16848490202491,0.007331274710368685
4.341440616015267,5.16848490202491,0.01269398788824456
4.444808249729916,5.16848490202491,0.012265618841259627
4.548175883444565,5.16848490202491,0.0060359893495078205
4.651543517159214,5.16848490202491,-0.004345944699870413
4.754911150873865,5.16848490202491,-0.015950847073576125
4.858278784588514,5.16848490202491,-0.025352000364103948
4.961646418303163,5.16848490202491,-0.029596474643315836
5.065014052017812,5.16848490202491,-0.02707845292889333
5.168381685732461,5.16848490202491,-0.01804618201161306
5.27174931944711,5.16848490202491,-0.004576919767162726
5.3751169531617595,5.16848490202491,0.00998726628484782
5.478484586876409,5.16848490202491,0.021984719299529294
5.581852220591058,5.16848490202491,0.028482560649801064
5.685219854305707,5.16848490202491,0.028115017141273083
5.788587488020356,5.16848490202491,0.02146016720572154
5.8919551217350055,5.16848490202491,0.010843835977530776
5.995322755449654,5.16848490202491,-0.0003654327369208877
6.098690389164305,5.16848490202491,-0.008751448277996727
6.202058022878954,5.16848490202491,-0.011830794690347736
6.305425656593603,5.16848490202491,-0.008724002112139629
6.408793290308252,5.16848490202491,-0.0003248454886260231
-6.408793290308252,5.271854600065408,0.006715035443538231
-6.305425656593603,5.271854600065408,0.017758440966760655
-6.202058022878954,5.271854600065408,0.02718794448825417
-6.098690389164304,5.271854600065408,0.0326988915948117
-5.995322755449655,5.271854600065408,0.03337219598053133
-5.8919551217350055,5.271854600065408,0.029826598886211638
-5.788587488020356,5.271854600065408,0.023879250741108398
-5.685219854305708,5.271854600065408,0.0178489216845094
-5.581852220591058,5.271854600065408,0.013745512566815573
-5.478484586876409,5.271854600065408,0.012616791781138406
-5.3751169531617595,5.271854600065408,0.01426167931558436
-5.27174931944711,5.271854600065408,0.017391181593208273
-5.168381685732461,5.271854600065408,0.02016668815688652
-5.065014052017812,5.271854600065408,0.020920844461722012
-4.961646418303163,5.271854600065408,0.018808860185593784
-4.858278784588514,5.271854600065408,0.014165388242026084
-4.754911150873865,5.271854600065408,0.008443496217436137
-4.651543517159215,5.271854600065408,0.0037532154198582856
-4.548175883444566,5.271854600065408,0.0021508886677534932
-4.444808249729917,5.271854600065408,0.004913461674876528
-4.341440616015267,5.271854600065408,0.012037708740144999
-4.238072982300618,5.271854600065408,0.022132350869068583
-4.134705348585968,5.271854600065408,0.032745466837048695
-4.031337714871319,5.271854600065408,0.041031575659325865
-3.9279700811566705,5.271854600065408,0.044556432604717935
-3.8246024474420213,5.271854600065408,0.041995942836749914
-3.7212348137273725,5.271854600065408,0.033520313387006985
-3.6178671800127233,5.271854600065408,0.020752890102528884
-3.514499546298074,5.271854600065408,0.006322769679617706
-3.411131912583425,5.271854600065408,-0.006849701067969657
-3.3077642788687753,5.271854600065408,-0.01632140613792971
-3.204396645154126,5.271854600065408,-0.020728402427236562
-3.101029011439477,5.271854600065408,-0.020059242034070338
-2.9976613777248278,5.271854600065408,-0.015540948058040528
-2.8942937440101786,5.271854600065408,-0.00919375839452771
-2.790926110295529,5.271854600065408,-0.003202183716615205
-2.6875584765808798,5.271854600065408,0.0007076020373800886
-2.5841908428662306,5.271854600065408,0.0017095429831720068
-2.4808232091515814,5.271854600065408,0.00002868265280863384
-2.3774555754369326,5.271854600065408,-0.0032179299306927876
-2.2740879417222835,5.271854600065408,-0.00642136260344512
-2.1707203080076334,5.271854600065408,-0.007992078124169954
-2.067352674292984,5.271854600065408,-0.00683367280772319
-1.9639850405783352,5.271854600065408,-0.002654288171034332
-1.8606174068636863,5.271854600065408,0.0039540819181518305
-1.757249773149037,5.271854600065408,0.011671000187192719
-1.6538821394343879,5.271854600065408,0.018780670863648225
-1.550514505719738,5.271854600065408,0.023588071977859684
-1.447146872005089,5.271854600065408,0.02481407812297303
-1.3437792382904399,5.271854600065408,0.02188174763279393
-1.2404116045757907,5.271854600065408,0.015039270092799208
-1.1370439708611417,5.271854600065408,0.005304696049913182
-1.0336763371464925,5.271854600065408,-0.005745930169856532
-0.9303087034318435,5.271854600065408,-0.016298014621265195
-0.8269410697171936,5.271854600065408,-0.02466040460550687
-0.7235734360025445,5.271854600065408,-0.029600084102924872
-0.6202058022878953,5.271854600065408,-0.030585104568872156
-0.5168381685732463,5.271854600065408,-0.027886086570679036
-0.4134705348585972,5.271854600065408,-0.022510307928588776
-0.31010290114394806,5.271854600065408,-0.01597350085694041
-0.2067352674292982,5.271854600065408,-0.009949305086791765
-0.1033676337146491,5.271854600065408,-0.005868255793095018
0.,5.271854600065408,-0.004558557678507691
0.1033676337146491,5.271854600065408,-0.006021416383080733
0.2067352674292982,5.271854600065408,-0.009409755180730754
0.31010290114394734,5.271854600065408,-0.013232705233370733
0.4134705348585964,5.271854600065408,-0.015748954350121944
0.5168381685732455,5.271854600065408,-0.015455573825591037
0.6202058022878947,5.271854600065408,-0.0115428770737401
0.7235734360025438,5.271854600065408,-0.004183941082860933
0.8269410697171944,5.271854600065408,0.005435684074271895
0.9303087034318435,5.271854600065408,0.015374063042804717
1.0336763371464925,5.271854600065408,0.023418828125651433
1.1370439708611417,5.271854600065408,0.02767599075943144
1.2404116045757907,5.271854600065408,0.02709730545969151
1.3437792382904399,5.271854600065408,0.021792254492179405
1.447146872005089,5.271854600065408,0.013028346639016797
1.550514505719738,5.271854600065408,0.00291269499888748
1.6538821394343872,5.271854600065408,-0.006157836941655445
1.7572497731490362,5.271854600065408,-0.012120694489931635
1.8606174068636854,5.271854600065408,-0.013765856024019012
1.9639850405783346,5.271854600065408,-0.011000752154311712
2.0673526742929837,5.271854600065408,-0.004792888719459828
2.1707203080076343,5.271854600065408,0.003179065956562387
2.2740879417222835,5.271854600065408,0.011045978788462654
2.3774555754369326,5.271854600065408,0.01727167834354457
2.4808232091515814,5.271854600065408,0.021016493497908285
2.5841908428662306,5.271854600065408,0.022238030897966613
2.6875584765808798,5.271854600065408,0.02151894769207411
2.790926110295529,5.271854600065408,0.019705289473937654
2.894293744010178,5.271854600065408,0.01750167508602803
2.997661377724827,5.271854600065408,0.015179481119946887
3.101029011439476,5.271854600065408,0.012507726671697299
3.2043966451541253,5.271854600065408,0.00892988390772396
3.3077642788687744,5.271854600065408,0.003914085745501729
3.411131912583425,5.271854600065408,-0.0026661692945937885
3.514499546298074,5.271854600065408,-0.010282289722194578
3.6178671800127233,5.271854600065408,-0.017751528520478867
3.7212348137273725,5.271854600065408,-0.023519002000259734
3.8246024474420213,5.271854600065408,-0.02614492966693733
3.9279700811566705,5.271854600065408,-0.024835855743602527
4.031337714871319,5.271854600065408,-0.019826322934752817
4.134705348585968,5.271854600065408,-0.01245312931363216
4.238072982300618,5.271854600065408,-0.004859454395885704
4.341440616015267,5.271854600065408,0.0006090625070415605
4.444808249729916,5.271854600065408,0.002141583238464372
4.548175883444565,5.271854600065408,-0.0009026711903169513
4.651543517159214,5.271854600065408,-0.00768114310873394
4.754911150873865,5.271854600065408,-0.016005993724619853
4.858278784588514,5.271854600065408,-0.022923264188246636
4.961646418303163,5.271854600065408,-0.02557841541617858
5.065014052017812,5.271854600065408,-0.022111752700332072
5.168381685732461,5.271854600065408,-0.012303660078040268
5.27174931944711,5.271854600065408,0.0022448036635370054
5.3751169531617595,5.271854600065408,0.0184734245454497
5.478484586876409,5.271854600065408,0.032677362517984546
5.581852220591058,5.271854600065408,0.04154194490609109
5.685219854305707,5.271854600065408,0.043090751355407
5.788587488020356,5.271854600065408,0.03726032054294207
5.8919551217350055,5.271854600065408,0.025924871580679982
5.995322755449654,5.271854600065408,0.012360685433059645
6.098690389164305,5.271854600065408,0.00031035509452923904
6.202058022878954,5.271854600065408,-0.007071650378346279
6.305425656593603,5.271854600065408,-0.008076907286598713
6.408793290308252,5.271854600065408,-0.0028533298695254225
-6.408793290308252,5.375224298105906,-0.00018846555619315777
-6.305425656593603,5.375224298105906,0.008692085081465574
-6.202058022878954,5.375224298105906,0.017792271136248986
-6.098690389164304,5.375224298105906,0.02442965835049333
-5.995322755449655,5.375224298105906,0.026914574470354394
-5.8919551217350055,5.375224298105906,0.024986270771363263
-5.788587488020356,5.375224298105906,0.019787613463774903
-5.685219854305708,5.375224298105906,0.013403441921889959
-5.581852220591058,5.375224298105906,0.008123783051183598
-5.478484586876409,5.375224298105906,0.005675872837344933
-5.3751169531617595,5.375224298105906,0.006673006950992449
-5.27174931944711,5.375224298105906,0.010453413777336277
-5.168381685732461,5.375224298105906,0.015353414756312436
-5.065014052017812,5.375224298105906,0.01931779120226616
-4.961646418303163,5.375224298105906,0.02064167842614245
-4.858278784588514,5.375224298105906,0.01859674226812367
-4.754911150873865,5.375224298105906,0.013732518327348413
-4.651543517159215,5.375224298105906,0.00774887343462825
-4.548175883444566,5.375224298105906,0.0029737642388224274
-4.444808249729917,5.375224298105906,0.0016078372920442646
-4.341440616015267,5.375224298105906,0.004973766136852352
-4.238072982300618,5.375224298105906,0.013009764558564469
-4.134705348585968,5.375224298105906,0.02417328802964511
-4.031337714871319,5.375224298105906,0.035795732212637675
-3.9279700811566705,5.375224298105906,0.04479096120437303
-3.8246024474420213,5.375224298105906,0.048512234180060586
-3.7212348137273725,5.375224298105906,0.04550635352114804
-3.6178671800127233,5.375224298105906,0.03594386447224811
-3.514499546298074,5.375224298105906,0.02159990885298214
-3.411131912583425,5.375224298105906,0.0053922162387186985
-3.3077642788687753,5.375224298105906,-0.00938916957497272
-3.204396645154126,5.375224298105906,-0.019939295675428865
-3.101029011439477,5.375224298105906,-0.024641223604723237
-2.9976613777248278,5.375224298105906,-0.023422689417915598
-2.8942937440101786,5.375224298105906,-0.01767831272531463
-2.790926110295529,5.375224298105906,-0.009794812312486287
-2.6875584765808798,5.375224298105906,-0.0024274070045289843
-2.5841908428662306,5.375224298105906,0.002259836592194739
-2.4808232091515814,5.375224298105906,0.0031751357676301118
-2.3774555754369326,5.375224298105906,0.0005459068179445777
-2.2740879417222835,5.375224298105906,-0.004223949083406556
-2.1707203080076334,5.375224298105906,-0.009030211570356906
-2.067352674292984,5.375224298105906,-0.011730675435864339
-1.9639850405783352,5.375224298105906,-0.010800180449657066
-1.8606174068636863,5.375224298105906,-0.005794243611986792
-1.757249773149037,5.375224298105906,0.0025031058262552208
-1.6538821394343879,5.375224298105906,0.01228043180941036
-1.550514505719738,5.375224298105906,0.02118554659519787
-1.447146872005089,5.375224298105906,0.0269587572219257
-1.3437792382904399,5.375224298105906,0.028038339643589427
-1.2404116045757907,5.375224298105906,0.02397616968530496
-1.1370439708611417,5.375224298105906,0.015556096160742376
-1.0336763371464925,5.375224298105906,0.004588651995092334
-0.9303087034318435,5.375224298105906,-0.006558884608537449
-0.8269410697171936,5.375224298105906,-0.015570273012754139
-0.7235734360025445,5.375224298105906,-0.020765610962663453
-0.6202058022878953,5.375224298105906,-0.0215120666048589
-0.5168381685732463,5.375224298105906,-0.018354888592909697
-0.4134705348585972,5.375224298105906,-0.012836701090099163
-0.31010290114394806,5.375224298105906,-0.007053858498876525
-0.2067352674292982,5.375224298105906,-0.003066778691935556
-0.1033676337146491,5.375224298105906,-0.002319643885457515
0.,5.375224298105906,-0.005223818552196083
0.1033676337146491,5.375224298105906,-0.011018565262542098
0.2067352674292982,5.375224298105906,-0.017951772623398938
0.31010290114394734,5.375224298105906,-0.02373985418795597
0.4134705348585964,5.375224298105906,-0.02619090292565871
0.5168381685732455,5.375224298105906,-0.023828372057626068
0.6202058022878947,5.375224298105906,-0.016347274639114596
0.7235734360025438,5.375224298105906,-0.004774130111912623
0.8269410697171944,5.375224298105906,0.008723050351085936
0.9303087034318435,5.375224298105906,0.021336270357022496
1.0336763371464925,5.375224298105906,0.030307049315228672
1.1370439708611417,5.375224298105906,0.03362602068536649
1.2404116045757907,5.375224298105906,0.03055708202951154
1.3437792382904399,5.375224298105906,0.021843479674548107
1.447146872005089,5.375224298105906,0.009536488939281357
1.550514505719738,5.375224298105906,-0.0035110948083206524
1.6538821394343872,5.375224298105906,-0.014352731025065511
1.7572497731490362,5.375224298105906,-0.020667650176168575
1.8606174068636854,5.375224298105906,-0.02129971057796405
1.9639850405783346,5.375224298105906,-0.01647474122572624
2.0673526742929837,5.375224298105906,-0.007647230062246242
2.1707203080076343,5.375224298105906,0.0029673406129915934
2.2740879417222835,5.375224298105906,0.013030036056752582
2.3774555754369326,5.375224298105906,0.020696758499438146
2.4808232091515814,5.375224298105906,0.0250403844294117
2.5841908428662306,5.375224298105906,0.026165063308642534
2.6875584765808798,5.375224298105906,0.024998918375759367
2.790926110295529,5.375224298105906,0.022851465596128818
2.894293744010178,5.375224298105906,0.020892902563790793
2.997661377724827,5.375224298105906,0.019731751451551822
3.101029011439476,5.375224298105906,0.01922926425023492
3.2043966451541253,5.375224298105906,0.018606083312179268
3.3077642788687744,5.375224298105906,0.01679611393965639
3.411131912583425,5.375224298105906,0.012917610663709403
3.514499546298074,5.375224298105906,0.006690497666409427
3.6178671800127233,5.375224298105906,-0.0013539122955430179
3.7212348137273725,5.375224298105906,-0.009954391095013138
3.8246024474420213,5.375224298105906,-0.017475602180757933
3.9279700811566705,5.375224298105906,-0.02242424057979452
4.031337714871319,5.375224298105906,-0.023950836265796666
4.134705348585968,5.375224298105906,-0.022160067776055604
4.238072982300618,5.375224298105906,-0.01811082054801238
4.341440616015267,5.375224298105906,-0.013488718437034444
4.444808249729916,5.375224298105906,-0.010045604744207107
4.548175883444565,5.375224298105906,-0.008985054467423774
4.651543517159214,5.375224298105906,-0.010500880048098423
4.754911150873865,5.375224298105906,-0.013635093124995506
4.858278784588514,5.375224298105906,-0.01652362529645957
4.961646418303163,5.375224298105906,-0.016972546086874603
5.065014052017812,5.375224298105906,-0.013194947328100093
5.168381685732461,5.375224298105906,-0.004476635119605967
5.27174931944711,5.375224298105906,0.00845045146565508
5.3751169531617595,5.375224298105906,0.023465350581189162
5.478484586876409,5.375224298105906,0.03755329284807981
5.581852220591058,5.375224298105906,0.04760846385919493
5.685219854305707,5.375224298105906,0.051312104943410264
5.788587488020356,5.375224298105906,0.0478219525392547
5.8919551217350055,5.375224298105906,0.0380589376238931
5.995322755449654,5.375224298105906,0.024494797802943793
6.098690389164305,5.375224298105906,0.01049413293989672
6.202058022878954,5.375224298105906,-0.0005999246058530883
6.305425656593603,5.375224298105906,-0.006368341253167269
6.408793290308252,5.375224298105906,-0.005941905966395081
-6.408793290308252,5.4785939961464045,-0.008748588514915338
-6.305425656593603,5.4785939961464045,-0.002985669498909515
-6.202058022878954,5.4785939961464045,0.005297168033591913
-6.098690389164304,5.4785939961464045,0.013288827173126983
-5.995322755449655,5.4785939961464045,0.018526345163022893
-5.8919551217350055,5.4785939961464045,0.019614358486449865
-5.788587488020356,5.4785939961464045,0.016593270395398752
-5.685219854305708,5.4785939961464045,0.010846726658424906
-5.581852220591058,5.4785939961464045,0.004585035777871217
-5.478484586876409,5.4785939961464045,0.00007611263520496898
-5.3751169531617595,5.4785939961464045,-0.0011238767068179555
-5.27174931944711,5.4785939961464045,0.0013119087075059643
-5.168381685732461,5.4785939961464045,0.00638571744267203
-5.065014052017812,5.4785939961464045,0.012135229616301077
-4.961646418303163,5.4785939961464045,0.01633211552286301
-4.858278784588514,5.4785939961464045,0.017288759080819838
-4.754911150873865,5.4785939961464045,0.014502618131489687
-4.651543517159215,5.4785939961464045,0.008915168775244784
-4.548175883444566,5.4785939961464045,0.002683636212409434
-4.444808249729917,5.4785939961464045,-0.0014790714388579456
-4.341440616015267,5.4785939961464045,-0.0011976226193170742
-4.238072982300618,5.4785939961464045,0.004720743768503045
-4.134705348585968,5.4785939961464045,0.015765697876686864
-4.031337714871319,5.4785939961464045,0.029710479477136096
-3.9279700811566705,5.4785939961464045,0.043134578405431986
-3.8246024474420213,5.4785939961464045,0.052344431415218995
-3.7212348137273725,5.4785939961464045,0.054426457305755016
-3.6178671800127233,5.4785939961464045,0.04811875186473622
-3.514499546298074,5.4785939961464045,0.03423549437975253
-3.411131912583425,5.4785939961464045,0.015507991192629578
-3.3077642788687753,5.4785939961464045,-0.004120848160823775
-3.204396645154126,5.4785939961464045,-0.020548564881652426
-3.101029011439477,5.4785939961464045,-0.0306078976105546
-2.9976613777248278,5.4785939961464045,-0.03288763857837633
-2.8942937440101786,5.4785939961464045,-0.028045039984734708
-2.790926110295529,5.4785939961464045,-0.018526812456753368
-2.6875584765808798,5.4785939961464045,-0.007790749867025662
-2.5841908428662306,5.4785939961464045,0.0007344687919047369
-2.4808232091515814,5.4785939961464045,0.004641050732706455
-2.3774555754369326,5.4785939961464045,0.0031960396094816547
-2.2740879417222835,5.4785939961464045,-0.0025253735526388236
-2.1707203080076334,5.4785939961464045,-0.010051244334767968
-2.067352674292984,5.4785939961464045,-0.01633071638591214
-1.9639850405783352,5.4785939961464045,-0.018702810666788167
-1.8606174068636863,5.4785939961464045,-0.015722497631187306
-1.757249773149037,5.4785939961464045,-0.0076007357015944335
-1.6538821394343879,5.4785939961464045,0.0038633204323550202
-1.550514505719738,5.4785939961464045,0.01582522995763309
-1.447146872005089,5.4785939961464045,0.025240061379872333
-1.3437792382904399,5.4785939961464045,0.0297507369176689
-1.2404116045757907,5.4785939961464045,0.0283555765265645
-1.1370439708611417,5.4785939961464045,0.021663191168062663
-1.0336763371464925,5.4785939961464045,0.011670036716001201
-0.9303087034318435,5.4785939961464045,0.0011385228421976388
-0.8269410697171936,5.4785939961464045,-0.007230902812657083
-0.7235734360025445,5.4785939961464045,-0.011584877256619336
-0.6202058022878953,5.4785939961464045,-0.011429667255247244
-0.5168381685732463,5.4785939961464045,-0.007726891906997355
-0.4134705348585972,5.4785939961464045,-0.002553257468003871
-0.31010290114394806,5.4785939961464045,0.0015676558075173542
-0.2067352674292982,5.4785939961464045,0.002460827559018704
-0.1033676337146491,5.4785939961464045,-0.0010110481470035348
0.,5.4785939961464045,-0.008563642690473685
0.1033676337146491,5.4785939961464045,-0.01852128807604105
0.2067352674292982,5.4785939961464045,-0.02825203306713337
0.31010290114394734,5.4785939961464045,-0.03488494163822127
0.4134705348585964,5.4785939961464045,-0.03611043664335538
0.5168381685732455,5.4785939961464045,-0.030844021808261766
0.6202058022878947,5.4785939961464045,-0.019573231788214972
0.7235734360025438,5.4785939961464045,-0.004294654491111224
0.8269410697171944,5.4785939961464045,0.011942321984651765
0.9303087034318435,5.4785939961464045,0.025765470829187502
1.0336763371464925,5.4785939961464045,0.034294533640031696
1.1370439708611417,5.4785939961464045,0.03583328230447584
1.2404116045757907,5.4785939961464045,0.030266350906909417
1.3437792382904399,5.4785939961464045,0.01906665800887182
1.447146872005089,5.4785939961464045,0.0049194944435789045
1.550514505719738,5.4785939961464045,-0.008934534460224106
1.6538821394343872,5.4785939961464045,-0.01946777338535732
1.7572497731490362,5.4785939961464045,-0.02455204054020629
1.8606174068636854,5.4785939961464045,-0.02339688086657633
1.9639850405783346,5.4785939961464045,-0.016640986449314374
2.0673526742929837,5.4785939961464045,-0.006089513017695471
2.1707203080076343,5.4785939961464045,0.0058192071724031975
2.2740879417222835,5.4785939961464045,0.016667200136852772
2.3774555754369326,5.4785939961464045,0.02465433943947517
2.4808232091515814,5.4785939961464045,0.028984725900084694
2.5841908428662306,5.4785939961464045,0.029949115775317472
2.6875584765808798,5.4785939961464045,0.02869669145373701
2.790926110295529,5.4785939961464045,0.026775943346897414
2.894293744010178,5.4785939961464045,0.025587427939530165
2.997661377724827,5.4785939961464045,0.025913133328984057
3.101029011439476,5.4785939961464045,0.027661836310496127
3.2043966451541253,5.4785939961464045,0.02990419956739167
3.3077642788687744,5.4785939961464045,0.031184125495958434
3.411131912583425,5.4785939961464045,0.030009363496668814
3.514499546298074,5.4785939961464045,0.0253693126202868
3.6178671800127233,5.4785939961464045,0.017118258935111322
3.7212348137273725,5.4785939961464045,0.006101676597890416
3.8246024474420213,5.4785939961464045,-0.006019272874785029
3.9279700811566705,5.4785939961464045,-0.017197163517476993
4.031337714871319,5.4785939961464045,-0.02555399501678265
4.134705348585968,5.4785939961464045,-0.029893742698505366
4.238072982300618,5.4785939961464045,-0.03001265075421045
4.341440616015267,5.4785939961464045,-0.026708693500655765
4.444808249729916,5.4785939961464045,-0.02148478760275203
4.548175883444565,5.4785939961464045,-0.016037593699126877
4.651543517159214,5.4785939961464045,-0.011694303472299631
4.754911150873865,5.4785939961464045,-0.008980291298137147
4.858278784588514,5.4785939961464045,-0.0074626968673576636
4.961646418303163,5.4785939961464045,-0.005929045264737271
5.065014052017812,5.4785939961464045,-0.00285188396101164
5.168381685732461,5.4785939961464045,0.00300579239339786
5.27174931944711,5.4785939961464045,0.01204230336396011
5.3751169531617595,5.4785939961464045,0.023514734849395598
5.478484586876409,5.4785939961464045,0.035599481501079604
5.581852220591058,5.4785939961464045,0.0458210010284928
5.685219854305707,5.4785939961464045,0.05173495628740744
5.788587488020356,5.4785939961464045,0.05166426501453572
5.8919551217350055,5.4785939961464045,0.04525952843763219
5.995322755449654,5.4785939961464045,0.03369981219858283
6.098690389164305,5.4785939961464045,0.019454228815084722
6.202058022878954,5.4785939961464045,0.005658094175938969
6.305425656593603,5.4785939961464045,-0.004721711968019136
6.408793290308252,5.4785939961464045,-0.009687733683751407
-6.408793290308252,5.581963694186903,-0.017575282746694985
-6.305425656593603,5.581963694186903,-0.014899244942343546
-6.202058022878954,5.581963694186903,-0.00738964367748652
-6.098690389164304,5.581963694186903,0.00217661713805438
-5.995322755449655,5.581963694186903,0.010645229633226578
-5.8919551217350055,5.581963694186903,0.015448899953893347
-5.788587488020356,5.581963694186903,0.015366631154623363
-5.685219854305708,5.581963694186903,0.010837803425728137
-5.581852220591058,5.581963694186903,0.0037350087814646744
-5.478484586876409,5.581963694186903,-0.0033237135713470142
-5.3751169531617595,5.581963694186903,-0.007891050426919987
-5.27174931944711,5.581963694186903,-0.008526849651085865
-5.168381685732461,5.581963694186903,-0.005272506194944387
-5.065014052017812,5.581963694186903,0.000398566194981383
-4.961646418303163,5.581963694186903,0.006139966593002245
-4.858278784588514,5.581963694186903,0.009612368279013087
-4.754911150873865,5.581963694186903,0.009382627220090962
-4.651543517159215,5.581963694186903,0.005526222478664657
-4.548175883444566,5.581963694186903,-0.0002899413189207104
-4.444808249729917,5.581963694186903,-0.005296774457067624
-4.341440616015267,5.581963694186903,-0.0065434722687991295
-4.238072982300618,5.581963694186903,-0.001956408074758987
-4.134705348585968,5.581963694186903,0.008815522435593375
-4.031337714871319,5.581963694186903,0.02406536202943966
-3.9279700811566705,5.581963694186903,0.04034333688303051
-3.8246024474420213,5.581963694186903,0.05335734127775988
-3.7212348137273725,5.581963694186903,0.05920140169534946
-3.6178671800127233,5.581963694186903,0.05554045403153868
-3.514499546298074,5.581963694186903,0.04238122752292909
-3.411131912583425,5.581963694186903,0.022178134819291186
-3.3077642788687753,5.581963694186903,-0.0007761852202446756
-3.204396645154126,5.581963694186903,-0.021506201034583082
-3.101029011439477,5.581963694186903,-0.03571556404091195
-2.9976613777248278,5.581963694186903,-0.04095106705677959
-2.8942937440101786,5.581963694186903,-0.0372229195985817
-2.790926110295529,5.581963694186903,-0.02690170780882531
-2.6875584765808798,5.581963694186903,-0.013933016678993564
-2.5841908428662306,5.581963694186903,-0.002617019576611475
-2.4808232091515814,5.581963694186903,0.0036716401689965484
-2.3774555754369326,5.581963694186903,0.003437526307348765
-2.2740879417222835,5.581963694186903,-0.0025864082033316476
-2.1707203080076334,5.581963694186903,-0.011780694541411157
-2.067352674292984,5.581963694186903,-0.020544983219218257
-1.9639850405783352,5.581963694186903,-0.025470834015592338
-1.8606174068636863,5.581963694186903,-0.02441187803806281
-1.757249773149037,5.581963694186903,-0.017124899617338665
-1.6538821394343879,5.581963694186903,-0.005298646422693042
-1.550514505719738,5.581963694186903,0.00801705369203156
-1.447146872005089,5.581963694186903,0.01938357741918984
-1.3437792382904399,5.581963694186903,0.026030876394671772
-1.2404116045757907,5.581963694186903,0.02666800801872227
-1.1370439708611417,5.581963694186903,0.021803303196165538
-1.0336763371464925,5.581963694186903,0.013492060923314649
-0.9303087034318435,5.581963694186903,0.004611275684780176
-0.8269410697171936,5.581963694186903,-0.0020946084785438365
-0.7235734360025445,5.581963694186903,-0.004889312755559339
-0.6202058022878953,5.581963694186903,-0.0035683595710816764
-0.5168381685732463,5.581963694186903,0.0005245513585379583
-0.4134705348585972,5.581963694186903,0.0049813469350102006
-0.31010290114394806,5.581963694186903,0.007151501771198886
-0.2067352674292982,5.581963694186903,0.005039740470694709
-0.1033676337146491,5.581963694186903,-0.001999785347670438
0.,5.581963694186903,-0.01298387381671751
0.1033676337146491,5.581963694186903,-0.025516708802872674
0.2067352674292982,5.581963694186903,-0.03643442350585351
0.31010290114394734,5.581963694186903,-0.042685744436837224
0.4134705348585964,5.581963694186903,-0.042193206657886145
0.5168381685732455,5.581963694186903,-0.03445211464475803
0.6202058022878947,5.581963694186903,-0.020705595480218313
0.7235734360025438,5.581963694186903,-0.0036567865741515483
0.8269410697171944,5.581963694186903,0.013193589875546433
0.9303087034318435,5.581963694186903,0.02639988140018371
1.0336763371464925,5.581963694186903,0.03338908845258743
1.1370439708611417,5.581963694186903,0.03303927891709908
1.2404116045757907,5.581963694186903,0.025887462988357677
1.3437792382904399,5.581963694186903,0.013936431239690836
1.447146872005089,5.581963694186903,0.0001306614007614714
1.550514505719738,5.581963694186903,-0.012353576116784492
1.6538821394343872,5.581963694186903,-0.020825327613471927
1.7572497731490362,5.581963694186903,-0.02363665375941898
1.8606174068636854,5.581963694186903,-0.020464136795672827
1.9639850405783346,5.581963694186903,-0.012269749953611166
2.0673526742929837,5.581963694186903,-0.0009729428189061374
2.1707203080076343,5.581963694186903,0.011071001808476725
2.2740879417222835,5.581963694186903,0.02165350705164794
2.3774555754369326,5.581963694186903,0.029216886819142217
2.4808232091515814,5.581963694186903,0.033165241724575814
2.5841908428662306,5.581963694186903,0.03391584201761626
2.6875584765808798,5.581963694186903,0.03268724624609836
2.790926110295529,5.581963694186903,0.0310834646693151
2.894293744010178,5.581963694186903,0.03058347108914097
2.997661377724827,5.581963694186903,0.03207055749118922
3.101029011439476,5.581963694186903,0.03552915354207819
3.2043966451541253,5.581963694186903,0.03999727439723758
3.3077642788687744,5.581963694186903,0.04379813274959822
3.411131912583425,5.581963694186903,0.044999408730791744
3.514499546298074,5.581963694186903,0.04198249729203207
3.6178671800127233,5.581963694186903,0.033965833206899484
3.7212348137273725,5.581963694186903,0.021329447722001016
3.8246024474420213,5.581963694186903,0.005635027593435755
3.9279700811566705,5.581963694186903,-0.010683034183613355
4.031337714871319,5.581963694186903,-0.0248859998750246
4.134705348585968,5.581963694186903,-0.03460913607677592
4.238072982300618,5.581963694186903,-0.03846031720436624
4.341440616015267,5.581963694186903,-0.03636351646401348
4.444808249729916,5.581963694186903,-0.02954016677071721
4.548175883444565,5.581963694186903,-0.020126002096469905
4.651543517159214,5.581963694186903,-0.010531463078843608
4.754911150873865,5.581963694186903,-0.002735731183105797
4.858278784588514,5.581963694186903,0.002269480380430105
4.961646418303163,5.581963694186903,0.0047112447209695305
5.065014052017812,5.581963694186903,0.005864949432272093
5.168381685732461,5.581963694186903,0.00753175948019296
5.27174931944711,5.581963694186903,0.011329189247662597
5.3751169531617595,5.581963694186903,0.018026333760139693
5.478484586876409,5.581963694186903,0.027148898579455696
5.581852220591058,5.581963694186903,0.03699895804735305
5.685219854305707,5.581963694186903,0.04510347766987992
5.788587488020356,5.581963694186903,0.048964803396867526
5.8919551217350055,5.581963694186903,0.046881271936502905
5.995322755449654,5.581963694186903,0.038572662904278625
6.098690389164305,5.581963694186903,0.025397105640651067
6.202058022878954,5.581963694186903,0.010069469465255153
6.305425656593603,5.581963694186903,-0.0040515825486472975
6.408793290308252,5.581963694186903,-0.013899972897962461
-6.408793290308252,5.685333392227401,-0.025198217093847737
-6.305425656593603,5.685333392227401,-0.024690208924025035
-6.202058022878954,5.685333392227401,-0.017458478426282047
-6.098690389164304,5.685333392227401,-0.006205397018459926
-5.995322755449655,5.685333392227401,0.005364310250478827
-5.8919551217350055,5.685333392227401,0.013690830581331699
-5.788587488020356,5.685333392227401,0.016432092487794214
-5.685219854305708,5.685333392227401,0.013121144541940681
-5.581852220591058,5.685333392227401,0.0052052646843770084
-5.478484586876409,5.685333392227401,-0.004531383039124492
-5.3751169531617595,5.685333392227401,-0.012956460401511622
-5.27174931944711,5.685333392227401,-0.01765030777163754
-5.168381685732461,5.685333392227401,-0.017679685216435218
-5.065014052017812,5.685333392227401,-0.013826196966231125
-4.961646418303163,5.685333392227401,-0.00819958282067729
-4.858278784588514,5.685333392227401,-0.0033783979580950044
-4.754911150873865,5.685333392227401,-0.0013849531003869097
-4.651543517159215,5.685333392227401,-0.0028614599580988683
-4.548175883444566,5.685333392227401,-0.0067486252206036546
-4.444808249729917,5.685333392227401,-0.010597357969654275
-4.341440616015267,5.685333392227401,-0.011425482152194353
-4.238072982300618,5.685333392227401,-0.00683811430494157
-4.134705348585968,5.685333392227401,0.003971186963797181
-4.031337714871319,5.685333392227401,0.019695080392196848
-3.9279700811566705,5.685333392227401,0.03707158508119243
-3.8246024474420213,5.685333392227401,0.05171402537950646
-3.7212348137273725,5.685333392227401,0.05937402512193165
-3.6178671800127233,5.685333392227401,0.05724839305747716
-3.514499546298074,5.685333392227401,0.04491333409351932
-3.411131912583425,5.685333392227401,0.024577086954970403
-3.3077642788687753,5.685333392227401,0.0005516627988834481
-3.204396645154126,5.685333392227401,-0.021910948399894225
-3.101029011439477,5.685333392227401,-0.03807160847139537
-2.9976613777248278,5.685333392227401,-0.04500673319538717
-2.8942937440101786,5.685333392227401,-0.04236743276396501
-2.790926110295529,5.685333392227401,-0.032371096333534875
-2.6875584765808798,5.685333392227401,-0.01904015689146602
-2.5841908428662306,5.685333392227401,-0.006934499343244552
-2.4808232091515814,5.685333392227401,0.00022465335424013034
-2.3774555754369326,5.685333392227401,0.0006173010899401467
-2.2740879417222835,5.685333392227401,-0.0052400358731292855
-2.1707203080076334,5.685333392227401,-0.014795992074341666
-2.067352674292984,5.685333392227401,-0.02437985329181307
-1.9639850405783352,5.685333392227401,-0.030420525390670607
-1.8606174068636863,5.685333392227401,-0.030575223120608393
-1.757249773149037,5.685333392227401,-0.024417937688413178
-1.6538821394343879,5.685333392227401,-0.013490822191245429
-1.550514505719738,5.685333392227401,-0.0007315687834836159
-1.447146872005089,5.685333392227401,0.010512367126489064
-1.3437792382904399,5.685333392227401,0.017549067345332323
-1.2404116045757907,5.685333392227401,0.019142205747014203
-1.1370439708611417,5.685333392227401,0.015801010126262578
-1.0336763371464925,5.685333392227401,0.009489967826105642
-0.9303087034318435,5.685333392227401,0.00287850132406323
-0.8269410697171936,5.685333392227401,-0.0016049713635499002
-0.7235734360025445,5.685333392227401,-0.0025968462421648427
-0.6202058022878953,5.685333392227401,-0.00023345657488507192
-0.5168381685732463,5.685333392227401,0.003933844967789981
-0.4134705348585972,5.685333392227401,0.007502448182813762
-0.31010290114394806,5.685333392227401,0.0080666869173421
-0.2067352674292982,5.685333392227401,0.004070296213377582
-0.1033676337146491,5.685333392227401,-0.004610944450384591
0.,5.685333392227401,-0.016538268847338354
0.1033676337146491,5.685333392227401,-0.0290670537387957
0.2067352674292982,5.685333392227401,-0.039077365238188104
0.31010290114394734,5.685333392227401,-0.04385367824858311
0.4134705348585964,5.685333392227401,-0.04185273526983051
0.5168381685732455,5.685333392227401,-0.03314147498136859
0.6202058022878947,5.685333392227401,-0.01939175343006353
0.7235734360025438,5.685333392227401,-0.0034498036161191383
0.8269410697171944,5.685333392227401,0.011384517744112149
0.9303087034318435,5.685333392227401,0.02216348748653224
1.0336763371464925,5.685333392227401,0.026969676131174354
1.1370439708611417,5.685333392227401,0.025305073624419788
1.2404116045757907,5.685333392227401,0.01811874725945079
1.3437792382904399,5.685333392227401,0.007498463809990514
1.447146872005089,5.685333392227401,-0.0038690614789097856
1.550514505719738,5.685333392227401,-0.01332214009608797
1.6538821394343872,5.685333392227401,-0.018784382927629944
1.7572497731490362,5.685333392227401,-0.019147078764680046
1.8606174068636854,5.685333392227401,-0.014412989045907314
1.9639850405783346,5.685333392227401,-0.005597855637918633
2.0673526742929837,5.685333392227401,0.005566374548309779
2.1707203080076343,5.685333392227401,0.017050926998599857
2.2740879417222835,5.685333392227401,0.02698197507145487
2.3774555754369326,5.685333392227401,0.03403509836724446
2.4808232091515814,5.685333392227401,0.03769552253104446
2.5841908428662306,5.685333392227401,0.03833072206524324
2.6875584765808798,5.685333392227401,0.03705519820789444
2.790926110295529,5.685333392227401,0.03540822396016603
2.894293744010178,5.685333392227401,0.034908932827769676
2.997661377724827,5.685333392227401,0.03659021233635955
3.101029011439476,5.685333392227401,0.040631860094426396
3.2043966451541253,5.685333392227401,0.046204024964356785
3.3077642788687744,5.685333392227401,0.05158973985706025
3.411131912583425,5.685333392227401,0.05458577312532994
3.514499546298074,5.685333392227401,0.05310007759184648
3.6178671800127233,5.685333392227401,0.04579515866196973
3.7212348137273725,5.685333392227401,0.03259364543841499
3.8246024474420213,5.685333392227401,0.014881358313034517
3.9279700811566705,5.685333392227401,-0.004684452940543696
4.031337714871319,5.685333392227401,-0.022744518753747552
4.134705348585968,5.685333392227401,-0.03605148657786322
4.238072982300618,5.685333392227401,-0.04230940083190221
4.341440616015267,5.685333392227401,-0.04079453440645859
4.444808249729916,5.685333392227401,-0.03256249727404253
4.548175883444565,5.685333392227401,-0.02016046682678636
4.651543517159214,5.685333392227401,-0.006910482650172088
4.754911150873865,5.685333392227401,0.004034955500218368
4.858278784588514,5.685333392227401,0.010584591183328643
4.961646418303163,5.685333392227401,0.012272858239866213
5.065014052017812,5.685333392227401,0.010316076225758095
5.168381685732461,5.685333392227401,0.007134782179260446
5.27174931944711,5.685333392227401,0.005486226516612582
5.3751169531617595,5.685333392227401,0.007480395457674639
5.478484586876409,5.685333392227401,0.013798170065214053
5.581852220591058,5.685333392227401,0.023373429962663155
5.685219854305707,5.685333392227401,0.033656990776855376
5.788587488020356,5.685333392227401,0.0413934225817873
5.8919551217350055,5.685333392227401,0.04367191724313355
5.995322755449654,5.685333392227401,0.038915704377422956
6.098690389164305,5.685333392227401,0.02748488050291782
6.202058022878954,5.685333392227401,0.011684393862164404
6.305425656593603,5.685333392227401,-0.004843354996770216
6.408793290308252,5.685333392227401,-0.01816320481965808
-6.408793290308252,5.788703090267899,-0.03045878256032729
-6.305425656593603,5.788703090267899,-0.030636340471134095
-6.202058022878954,5.788703090267899,-0.02293450779879754
-6.098690389164304,5.788703090267899,-0.010059149320622744
-5.995322755449655,5.788703090267899,0.0038995081467344548
-5.8919551217350055,5.788703090267899,0.014728685768808307
-5.788587488020356,5.788703090267899,0.01935211631143971
-5.685219854305708,5.788703090267899,0.01669014735763778
-5.581852220591058,5.788703090267899,0.007861887620910212
-5.478484586876409,5.788703090267899,-0.004310155792298684
-5.3751169531617595,5.788703090267899,-0.01630422238940112
-5.27174931944711,5.788703090267899,-0.02506214419577568
-5.168381685732461,5.788703090267899,-0.02891918343871553
-5.065014052017812,5.788703090267899,-0.02799952853926538
-4.961646418303163,5.788703090267899,-0.02396633499146237
-4.858278784588514,5.788703090267899,-0.019239722662426892
-4.754911150873865,5.788703090267899,-0.01597832553131757
-4.651543517159215,5.788703090267899,-0.015198043788700292
-4.548175883444566,5.788703090267899,-0.016349508983041702
-4.444808249729917,5.788703090267899,-0.01751184040742529
-4.341440616015267,5.788703090267899,-0.016141067934118278
-4.238072982300618,5.788703090267899,-0.01011252064168686
-4.134705348585968,5.788703090267899,0.0013138214641174996
-4.031337714871319,5.788703090267899,0.01695897179832273
-3.9279700811566705,5.788703090267899,0.0338357856154515
-3.8246024474420213,5.788703090267899,0.04790312622144331
-3.7212348137273725,5.788703090267899,0.055241534841424945
-3.6178671800127233,5.788703090267899,0.05327908183554688
-3.514499546298074,5.788703090267899,0.04166800362316797
-3.411131912583425,5.788703090267899,0.022516713716074666
-3.3077642788687753,5.788703090267899,-0.00011553903721855425
-3.204396645154126,5.788703090267899,-0.021318908662129474
-3.101029011439477,5.788703090267899,-0.036694938302118334
-2.9976613777248278,5.788703090267899,-0.04356317599898719
-2.8942937440101786,5.788703090267899,-0.041645039652222014
-2.790926110295529,5.788703090267899,-0.03302409681625511
-2.6875584765808798,5.788703090267899,-0.021410454581053544
-2.5841908428662306,5.788703090267899,-0.010953142965475242
-2.4808232091515814,5.788703090267899,-0.004979009100353364
-2.3774555754369326,5.788703090267899,-0.005048173997579553
-2.2740879417222835,5.788703090267899,-0.010603725357455405
-2.1707203080076334,5.788703090267899,-0.019296364307402464
-2.067352674292984,5.788703090267899,-0.02784890731922558
-1.9639850405783352,5.788703090267899,-0.0331608410992852
-1.8606174068636863,5.788703090267899,-0.033290799797565294
-1.757249773149037,5.788703090267899,-0.028011226089160943
-1.6538821394343879,5.788703090267899,-0.018781763590852957
-1.550514505719738,5.788703090267899,-0.008182873539573612
-1.447146872005089,5.788703090267899,0.000976365376638582
-1.3437792382904399,5.788703090267899,0.006567562960548204
-1.2404116045757907,5.788703090267899,0.0077712277422793165
-1.1370439708611417,5.788703090267899,0.005233321001704928
-1.0336763371464925,5.788703090267899,0.0007246622472346169
-0.9303087034318435,5.788703090267899,-0.0035566946129569964
-0.8269410697171936,5.788703090267899,-0.005788397570096352
-0.7235734360025445,5.788703090267899,-0.005157049708835367
-0.6202058022878953,5.788703090267899,-0.0021154350520153596
-0.5168381685732463,5.788703090267899,0.0018089224388312768
-0.4134705348585972,5.788703090267899,0.004574795463866417
-0.31010290114394806,5.788703090267899,0.004359789741216117
-0.2067352674292982,5.788703090267899,0.00021735748895931143
-0.1033676337146491,5.788703090267899,-0.007555084555749359
0.,5.788703090267899,-0.01744928841912559
0.1033676337146491,5.788703090267899,-0.027160847089650324
0.2067352674292982,5.788703090267899,-0.034246796156676924
0.31010290114394734,5.788703090267899,-0.03681893596154882
0.4134705348585964,5.788703090267899,-0.03406572472228763
0.5168381685732455,5.788703090267899,-0.026459270488679663
0.6202058022878947,5.788703090267899,-0.015606271918793312
0.7235734360025438,5.788703090267899,-0.0038076343898690323
0.8269410697171944,5.788703090267899,0.00653193578673582
0.9303087034318435,5.788703090267899,0.013475909903898416
1.0336763371464925,5.788703090267899,0.01596551904767657
1.1370439708611417,5.788703090267899,0.01398471777820398
1.2404116045757907,5.788703090267899,0.008473249806218058
1.3437792382904399,5.788703090267899,0.0010442443602354042
1.447146872005089,5.788703090267899,-0.006401273887877623
1.550514505719738,5.788703090267899,-0.012066663120208257
1.6538821394343872,5.788703090267899,-0.014583357621135487
1.7572497731490362,5.788703090267899,-0.013222618703359024
1.8606174068636854,5.788703090267899,-0.007981481930084735
1.9639850405783346,5.788703090267899,0.0004519147203229974
2.0673526742929837,5.788703090267899,0.010839885398994543
2.1707203080076343,5.788703090267899,0.02162577133100311
2.2740879417222835,5.788703090267899,0.03122842874512264
2.3774555754369326,5.788703090267899,0.038361304681463156
2.4808232091515814,5.788703090267899,0.042318587468755116
2.5841908428662306,5.788703090267899,0.043158141506349335
2.6875584765808798,5.788703090267899,0.041715203065397326
2.790926110295529,5.788703090267899,0.0394099076933892
2.894293744010178,5.788703090267899,0.03786420505148814
2.997661377724827,5.788703090267899,0.03840694181333415
3.101029011439476,5.788703090267899,0.04159877635418331
3.2043966451541253,5.788703090267899,0.04692868875547178
3.3077642788687744,5.788703090267899,0.052806331550117956
3.411131912583425,5.788703090267899,0.05689951250572937
3.514499546298074,5.788703090267899,0.05676153338326086
3.6178671800127233,5.788703090267899,0.05059054576717516
3.7212348137273725,5.788703090267899,0.0378982897323845
3.8246024474420213,5.788703090267899,0.019865987891400445
3.9279700811566705,5.788703090267899,-0.0007610533133038604
4.031337714871319,5.788703090267899,-0.020257708038041087
4.134705348585968,5.788703090267899,-0.03484943880552567
4.238072982300618,5.788703090267899,-0.04173452330091952
4.341440616015267,5.788703090267899,-0.03989376260094997
4.444808249729916,5.788703090267899,-0.030427398571735837
4.548175883444565,5.788703090267899,-0.016289867916423804
4.651543517159214,5.788703090267899,-0.001474003625962731
4.754911150873865,5.788703090267899,0.010128528345874513
4.858278784588514,5.788703090267899,0.015851846694354754
4.961646418303163,5.788703090267899,0.015017975686560676
5.065014052017812,5.788703090267899,0.009091073871059919
5.168381685732461,5.788703090267899,0.001163258536012794
5.27174931944711,5.788703090267899,-0.005077616673431453
5.3751169531617595,5.788703090267899,-0.006578614310967411
5.478484586876409,5.788703090267899,-0.001959985071187402
5.581852220591058,5.788703090267899,0.007976685576387225
5.685219854305707,5.788703090267899,0.020444632879196338
5.788587488020356,5.788703090267899,0.031522875011812224
5.8919551217350055,5.788703090267899,0.03740012558017343
5.995322755449654,5.788703090267899,0.03561813683073717
6.098690389164305,5.788703090267899,0.025914394532539565
6.202058022878954,5.788703090267899,0.01038688062789132
6.305425656593603,5.788703090267899,-0.007082285282126533
6.408793290308252,5.788703090267899,-0.021970626579685158
-6.408793290308252,5.892072788308397,-0.03279052347504282
-6.305425656593603,5.892072788308397,-0.032059489660813005
-6.202058022878954,5.892072788308397,-0.023145122092150236
-6.098690389164304,5.892072788308397,-0.008909282912080234
-5.995322755449655,5.892072788308397,0.006329262398782337
-5.8919551217350055,5.892072788308397,0.018111838043320814
-5.788587488020356,5.892072788308397,0.023144033184876903
-5.685219854305708,5.892072788308397,0.020184283134457106
-5.581852220591058,5.892072788308397,0.010261223258408008
-5.478484586876409,5.892072788308397,-0.0038110707659936884
-5.3751169531617595,5.892072788308397,-0.018424214175139193
-5.27174931944711,5.892072788308397,-0.0303233523326087
-5.168381685732461,5.892072788308397,-0.03752947917768809
-5.065014052017812,5.892072788308397,-0.03974977154637911
-4.961646418303163,5.892072788308397,-0.03817737871863627
-4.858278784588514,5.892072788308397,-0.034795839882138344
-4.754911150873865,5.892072788308397,-0.03146944017968455
-4.651543517159215,5.892072788308397,-0.02916383208294778
-4.548175883444566,5.892072788308397,-0.027582055652365888
-4.444808249729917,5.892072788308397,-0.025342900962397913
-4.341440616015267,5.892072788308397,-0.020628244440456328
-4.238072982300618,5.892072788308397,-0.012054100800027391
-4.134705348585968,5.892072788308397,0.0005635208504387299
-4.031337714871319,5.892072788308397,0.01584361053863118
-3.9279700811566705,5.892072788308397,0.031033470204199814
-3.8246024474420213,5.892072788308397,0.04272284449867299
-3.7212348137273725,5.892072788308397,0.04785708615171513
-3.6178671800127233,5.892072788308397,0.044717530809271495
-3.514499546298074,5.892072788308397,0.03353939444129614
-3.411131912583425,5.892072788308397,0.016551405225288668
-3.3077642788687753,5.892072788308397,-0.0025913013184232134
-3.204396645154126,5.892072788308397,-0.01981171542971857
-3.101029011439477,5.892072788308397,-0.031741427145732214
-2.9976613777248278,5.892072788308397,-0.03662585467331817
-2.8942937440101786,5.892072788308397,-0.03472799490873525
-2.790926110295529,5.892072788308397,-0.028117946460484863
-2.6875584765808798,5.892072788308397,-0.019932389976957537
-2.5841908428662306,5.892072788308397,-0.013353479346508431
-2.4808232091515814,5.892072788308397,-0.010636950672582036
-2.3774555754369326,5.892072788308397,-0.012490773922329362
-2.2740879417222835,5.892072788308397,-0.017980993689699524
-2.1707203080076334,5.892072788308397,-0.02496453008576045
-2.067352674292984,5.892072788308397,-0.030879436490638738
-1.9639850405783352,5.892072788308397,-0.03361662885112598
-1.8606174068636863,5.892072788308397,-0.03218576104945679
-1.757249773149037,5.892072788308397,-0.02697125299382281
-1.6538821394343879,5.892072788308397,-0.019520581216979475
-1.550514505719738,5.892072788308397,-0.011964393166482411
-1.447146872005089,5.892072788308397,-0.006283902968466626
-1.3437792382904399,5.892072788308397,-0.003678824105038831
-1.2404116045757907,5.892072788308397,-0.004240197447015645
-1.1370439708611417,5.892072788308397,-0.007017872794098513
-1.0336763371464925,5.892072788308397,-0.01043420066926768
-0.9303087034318435,5.892072788308397,-0.012881617051326769
-0.8269410697171936,5.892072788308397,-0.013289434265098266
-0.7235734360025445,5.892072788308397,-0.011468582464691986
-0.6202058022878953,5.892072788308397,-0.00812998303637922
-0.5168381685732463,5.892072788308397,-0.004589397794733616
-0.4134705348585972,5.892072788308397,-0.0022772721140567912
-0.31010290114394806,5.892072788308397,-0.0022309438092049656
-0.2067352674292982,5.892072788308397,-0.004741491842850965
-0.1033676337146491,5.892072788308397,-0.009264373210173834
0.,5.892072788308397,-0.014607365253659773
0.1033676337146491,5.892072788308397,-0.01931620361440799
0.2067352674292982,5.892072788308397,-0.022119335610045924
0.31010290114394734,5.892072788308397,-0.02228581969311536
0.4134705348585964,5.892072788308397,-0.019792656505828538
0.5168381685732455,5.892072788308397,-0.015270553161977661
0.6202058022878947,5.892072788308397,-0.009772053525857687
0.7235734360025438,5.892072788308397,-0.004456717877446304
0.8269410697171944,5.892072788308397,-0.0002995390718842386
0.9303087034318435,5.892072788308397,0.00209808558239469
1.0336763371464925,5.892072788308397,0.0025656321467392804
1.1370439708611417,5.892072788308397,0.001310828912486146
1.2404116045757907,5.892072788308397,-0.0011892440945119782
1.3437792382904399,5.892072788308397,-0.004297350702498155
1.447146872005089,5.892072788308397,-0.007293255162220139
1.550514505719738,5.892072788308397,-0.009421534957973189
1.6538821394343872,5.892072788308397,-0.00994016829682691
1.7572497731490362,5.892072788308397,-0.008205101314357763
1.8606174068636854,5.892072788308397,-0.00380499612997912
1.9639850405783346,5.892072788308397,0.00327750554211602
2.0673526742929837,5.892072788308397,0.012537832750465798
2.1707203080076343,5.892072788308397,0.022929169665383102
2.2740879417222835,5.892072788308397,0.03300457757289322
2.3774555754369326,5.892072788308397,0.04122454694549652
2.4808232091515814,5.892072788308397,0.046365538878624
2.5841908428662306,5.892072788308397,0.047908302907741555
2.6875584765808798,5.892072788308397,0.04626463487615697
2.790926110295529,5.892072788308397,0.042732649799547884
2.894293744010178,5.892072788308397,0.03914992714643623
2.997661377724827,5.892072788308397,0.037317987929210455
3.101029011439476,5.892072788308397,0.03836472162380111
3.2043966451541253,5.892072788308397,0.0422573888789114
3.3077642788687744,5.892072788308397,0.04765467907287169
3.411131912583425,5.892072788308397,0.052192183132600475
3.514499546298074,5.892072788308397,0.05315720298812094
3.6178671800127233,5.892072788308397,0.04837029185947971
3.7212348137273725,5.892072788308397,0.03700087509238139
3.8246024474420213,5.892072788308397,0.020038679813136187
3.9279700811566705,5.892072788308397,0.00023104282173376018
4.031337714871319,5.892072788308397,-0.018543810473084017
4.134705348585968,5.892072788308397,-0.03231440533421964
4.238072982300618,5.892072788308397,-0.038165528501656804
4.341440616015267,5.892072788308397,-0.0351432436046739
4.444808249729916,5.892072788308397,-0.024615161079422767
4.548175883444565,5.892072788308397,-0.009943371757546398
4.651543517159214,5.892072788308397,0.00445991757152323
4.754911150873865,5.892072788308397,0.014423698571953194
4.858278784588514,5.892072788308397,0.017264447802445248
4.961646418303163,5.892072788308397,0.012595616995293319
5.065014052017812,5.892072788308397,0.0024352171627486318
5.168381685732461,5.892072788308397,-0.009437417412463745
5.27174931944711,5.892072788308397,-0.018686450401582882
5.3751169531617595,5.892072788308397,-0.02181342881146808
5.478484586876409,5.892072788308397,-0.0173001883274594
5.581852220591058,5.892072788308397,-0.006133448987357255
5.685219854305707,5.892072788308397,0.00846412169560549
5.788587488020356,5.892072788308397,0.022020316478823337
5.8919551217350055,5.892072788308397,0.030211220632225064
5.995322755449654,5.892072788308397,0.03023035471586585
6.098690389164305,5.892072788308397,0.021695065656398935
6.202058022878954,5.892072788308397,0.006801261827579996
6.305425656593603,5.892072788308397,-0.010324397724588331
6.408793290308252,5.892072788308397,-0.024871468003097034
-6.408793290308252,5.995442486348895,-0.03230920726857758
-6.305425656593603,5.995442486348895,-0.029415111444697425
-6.202058022878954,5.995442486348895,-0.018798154236217803
-6.098690389164304,5.995442486348895,-0.0036329697771796078
-5.995322755449655,5.995442486348895,0.011662880131571754
-5.8919551217350055,5.995442486348895,0.022758981488766095
-5.788587488020356,5.995442486348895,0.026642016546913165
-5.685219854305708,5.995442486348895,0.02237530382724993
-5.581852220591058,5.995442486348895,0.011186721483935576
-5.478484586876409,5.995442486348895,-0.004090952126386097
-5.3751169531617595,5.995442486348895,-0.019998193383479215
-5.27174931944711,5.995442486348895,-0.03349813825775198
-5.168381685732461,5.995442486348895,-0.04275375437319027
-5.065014052017812,5.995442486348895,-0.04740761217768862
-4.961646418303163,5.995442486348895,-0.04832613971067481
-4.858278784588514,5.995442486348895,-0.046958683929643724
-4.754911150873865,5.995442486348895,-0.044586401654417324
-4.651543517159215,5.995442486348895,-0.04175638840288481
-4.548175883444566,5.995442486348895,-0.03810974049777522
-4.444808249729917,5.995442486348895,-0.032653273920112774
-4.341440616015267,5.995442486348895,-0.024352641126556142
-4.238072982300618,5.995442486348895,-0.012801869741267638
-4.134705348585968,5.995442486348895,0.0013057558881541525
-4.031337714871319,5.995442486348895,0.016108487933501846
-3.9279700811566705,5.995442486348895,0.028964374905042094
-3.8246024474420213,5.995442486348895,0.03718382872611119
-3.7212348137273725,5.995442486348895,0.03886332560879998
-3.6178671800127233,5.995442486348895,0.033532414231026444
-3.514499546298074,5.995442486348895,0.022382926476729514
-3.411131912583425,5.995442486348895,0.007987671665140219
-3.3077642788687753,5.995442486348895,-0.006412249092467398
-3.204396645154126,5.995442486348895,-0.017826630209432252
-3.101029011439477,5.995442486348895,-0.02434747291467485
-2.9976613777248278,5.995442486348895,-0.02562816844289079
-2.8942937440101786,5.995442486348895,-0.022864920638736082
-2.790926110295529,5.995442486348895,-0.01830054855015195
-2.6875584765808798,5.995442486348895,-0.014426879481143162
-2.5841908428662306,5.995442486348895,-0.013155748545900807
-2.4808232091515814,5.995442486348895,-0.015229868511745766
-2.3774555754369326,5.995442486348895,-0.02005543740270225
-2.2740879417222835,5.995442486348895,-0.02599105404956865
-2.1707203080076334,5.995442486348895,-0.030973903829942438
-2.067352674292984,5.995442486348895,-0.03325649526451348
-1.9639850405783352,5.995442486348895,-0.032000392673200324
-1.8606174068636863,5.995442486348895,-0.02753350407649146
-1.757249773149037,5.995442486348895,-0.02120063017646077
-1.6538821394343879,5.995442486348895,-0.014878460563022989
-1.550514505719738,5.995442486348895,-0.010336709489670791
-1.447146872005089,5.995442486348895,-0.00866996462831431
-1.3437792382904399,5.995442486348895,-0.009988368844315696
-1.2404116045757907,5.995442486348895,-0.013455845114179067
-1.1370439708611417,5.995442486348895,-0.017639853485724794
-1.0336763371464925,5.995442486348895,-0.02103147995210607
-0.9303087034318435,5.995442486348895,-0.022544929937441196
-0.8269410697171936,5.995442486348895,-0.021825878845728477
-0.7235734360025445,5.995442486348895,-0.019277637329693714
-0.6202058022878953,5.995442486348895,-0.015821095066563633
-0.5168381685732463,5.995442486348895,-0.012498870891168383
-0.4134705348585972,5.995442486348895,-0.010082389694651629
-0.31010290114394806,5.995442486348895,-0.008827499948778099
-0.2067352674292982,5.995442486348895,-0.008457781443529806
-0.1033676337146491,5.995442486348895,-0.0083623505941767
0.,5.995442486348895,-0.007912782002585987
0.1033676337146491,5.995442486348895,-0.006762566516742602
0.2067352674292982,5.995442486348895,-0.005006516981031539
0.31010290114394734,5.995442486348895,-0.003139350376832779
0.4134705348585964,5.995442486348895,-0.001836709671602235
0.5168381685732455,5.995442486348895,-0.0016544624768355047
0.6202058022878947,5.995442486348895,-0.0027745901802735586
0.7235734360025438,5.995442486348895,-0.004905810571473042
0.8269410697171944,5.995442486348895,-0.007382586571293784
0.9303087034318435,5.995442486348895,-0.009423293590859957
1.0336763371464925,5.995442486348895,-0.010440484283552891
1.1370439708611417,5.995442486348895,-0.01027126387112255
1.2404116045757907,5.995442486348895,-0.00922499530281518
1.3437792382904399,5.995442486348895,-0.007918709829009328
1.447146872005089,5.995442486348895,-0.006959589272624601
1.550514505719738,5.995442486348895,-0.0066032001824005366
1.6538821394343872,5.995442486348895,-0.006536613115662692
1.7572497731490362,5.995442486348895,-0.005895994756690922
1.8606174068636854,5.995442486348895,-0.0035407823157037875
1.9639850405783346,5.995442486348895,0.0014971925248963886
2.0673526742929837,5.995442486348895,0.00955130117767174
2.1707203080076343,5.995442486348895,0.020029180470910454
2.2740879417222835,5.995442486348895,0.03143071719084344
2.3774555754369326,5.995442486348895,0.041707517861026555
2.4808232091515814,5.995442486348895,0.048869521459684116
2.5841908428662306,5.995442486348895,0.051641880984257794
2.6875584765808798,5.995442486348895,0.04993750844085342
2.790926110295529,5.995442486348895,0.0449567842646004
2.894293744010178,5.995442486348895,0.038845170160899285
2.997661377724827,5.995442486348895,0.03399352423228328
3.101029011439476,5.995442486348895,0.032201245362000704
3.2043966451541253,5.995442486348895,0.03398874297133349
3.3077642788687744,5.995442486348895,0.03831458490580653
3.411131912583425,5.995442486348895,0.04282863447989174
3.514499546298074,5.995442486348895,0.044613523465273114
3.6178671800127233,5.995442486348895,0.04119256614981746
3.7212348137273725,5.995442486348895,0.031474064462760486
3.8246024474420213,5.995442486348895,0.01630146727819952
3.9279700811566705,5.995442486348895,-0.0016077049173359543
4.031337714871319,5.995442486348895,-0.018356786430344073
4.134705348585968,5.995442486348895,-0.03000832803970227
4.238072982300618,5.995442486348895,-0.03381563200629654
4.341440616015267,5.995442486348895,-0.029147291350543027
4.444808249729916,5.995442486348895,-0.0177863351374278
4.548175883444565,5.995442486348895,-0.0034770305672865084
4.651543517159214,5.995442486348895,0.009166290894618704
4.754911150873865,5.995442486348895,0.01606146575674933
4.858278784588514,5.995442486348895,0.014932607141286226
4.961646418303163,5.995442486348895,0.006045096145950806
5.065014052017812,5.995442486348895,-0.007846359494038857
5.168381685732461,5.995442486348895,-0.022336596102141285
5.27174931944711,5.995442486348895,-0.03274274997128542
5.3751169531617595,5.995442486348895,-0.035582235430905725
5.478484586876409,5.995442486348895,-0.029687605808192574
5.581852220591058,5.995442486348895,-0.016600920102397002
5.685219854305707,5.995442486348895,-0.00011734425529149577
5.788587488020356,5.995442486348895,0.014881803668426181
5.8919551217350055,5.995442486348895,0.023939858689368366
5.995322755449654,5.995442486348895,0.02440354972373318
6.098690389164305,5.995442486348895,0.016237001094467744
6.202058022878954,5.995442486348895,0.002019520408516481
6.305425656593603,5.995442486348895,-0.013864383049400348
6.408793290308252,5.995442486348895,-0.02658002456648417
-6.408793290308252,6.098812184389393,-0.02970006969856803
-6.305425656593603,6.098812184389393,-0.02405892417556013
-6.202058022878954,6.098812184389393,-0.011672791908912234
-6.098690389164304,6.098812184389393,0.003884118390758135
-5.995322755449655,6.098812184389393,0.018195118955912817
-5.8919551217350055,6.098812184389393,0.02731936338820575
-5.788587488020356,6.098812184389393,0.028875438618547286
-5.685219854305708,6.098812184389393,0.022573531545669556
-5.581852220591058,6.098812184389393,0.010077963536277518
-5.478484586876409,6.098812184389393,-0.005693430700930325
-5.3751169531617595,6.098812184389393,-0.021552280810883388
-5.27174931944711,6.098812184389393,-0.034956199054933634
-5.168381685732461,6.098812184389393,-0.04456531504868459
-5.065014052017812,6.098812184389393,-0.05029764036993431
-4.961646418303163,6.098812184389393,-0.05293271523332009
-4.858278784588514,6.098812184389393,-0.05347243790059645
-4.754911150873865,6.098812184389393,-0.05254080557071398
-4.651543517159215,6.098812184389393,-0.05006825493448508
-4.548175883444566,6.098812184389393,-0.04537917069421927
-4.444808249729917,6.098812184389393,-0.037633222469107316
-4.341440616015267,6.098812184389393,-0.02642634763724025
-4.238072982300618,6.098812184389393,-0.012289447266171682
-4.134705348585968,6.098812184389393,0.0031430186777086817
-4.031337714871319,6.098812184389393,0.017399431929062747
-3.9279700811566705,6.098812184389393,0.027811356570959175
-3.8246024474420213,6.098812184389393,0.03231936593253116
-3.7212348137273725,6.098812184389393,0.030162015292245936
-3.6178671800127233,6.098812184389393,0.022193655492678346
-3.514499546298074,6.098812184389393,0.01069831584412704
-3.411131912583425,6.098812184389393,-0.0012603776367656483
-3.3077642788687753,6.098812184389393,-0.010750409424011382
-3.204396645154126,6.098812184389393,-0.0158459195826253
-3.101029011439477,6.098812184389393,-0.016174635845991332
-2.9976613777248278,6.098812184389393,-0.012955774618118848
-2.8942937440101786,6.098812184389393,-0.008517695560811668
-2.790926110295529,6.098812184389393,-0.005460543078372592
-2.6875584765808798,6.098812184389393,-0.005748387016988292
-2.5841908428662306,6.098812184389393,-0.010036929996373154
-2.4808232091515814,6.098812184389393,-0.017459757374611293
-2.3774555754369326,6.098812184389393,-0.025937785245459154
-2.2740879417222835,6.098812184389393,-0.03289822710358453
-2.1707203080076334,6.098812184389393,-0.03615258217074448
-2.067352674292984,6.098812184389393,-0.034634202503465425
-1.9639850405783352,6.098812184389393,-0.02875016583208725
-1.8606174068636863,6.098812184389393,-0.02023875821854175
-1.757249773149037,6.098812184389393,-0.01159400809620708
-1.6538821394343879,6.098812184389393,-0.0052629762377989575
-1.550514505719738,6.098812184389393,-0.0028908413673548027
-1.447146872005089,6.098812184389393,-0.004861501680109576
-1.3437792382904399,6.098812184389393,-0.010270041400405043
-1.2404116045757907,6.098812184389393,-0.017309671715681707
-1.1370439708611417,6.098812184389393,-0.02391497883746509
-1.0336763371464925,6.098812184389393,-0.0284245282223609
-0.9303087034318435,6.098812184389393,-0.030034528595057952
-0.8269410697171936,6.098812184389393,-0.028904729915036866
-0.7235734360025445,6.098812184389393,-0.025912529161327465
-0.6202058022878953,6.098812184389393,-0.02218057784786339
-0.5168381685732463,6.098812184389393,-0.01857972022317916
-0.4134705348585972,6.098812184389393,-0.015406250122031144
-0.31010290114394806,6.098812184389393,-0.01235374154768166
-0.2067352674292982,6.098812184389393,-0.008776834568708751
-0.1033676337146491,6.098812184389393,-0.0041251636547600815
0.,6.098812184389393,0.0016440353619666817
0.1033676337146491,6.098812184389393,0.007859477551324233
0.2067352674292982,6.098812184389393,0.013239865326355403
0.31010290114394734,6.098812184389393,0.01628897100899091
0.4134705348585964,6.098812184389393,0.015842767155182614
0.5168381685732455,6.098812184389393,0.01156073578666056
0.6202058022878947,6.098812184389393,0.004163259789811227
0.7235734360025438,6.098812184389393,-0.0046959971290442895
0.8269410697171944,6.098812184389393,-0.012900356707652001
0.9303087034318435,6.098812184389393,-0.018529930616503085
1.0336763371464925,6.098812184389393,-0.020479370681759593
1.1370439708611417,6.098812184389393,-0.018807136294863365
1.2404116045757907,6.098812184389393,-0.01467972482620908
1.3437792382904399,6.098812184389393,-0.009918418873652139
1.447146872005089,6.098812184389393,-0.006302856272490924
1.550514505719738,6.098812184389393,-0.004880899142588642
1.6538821394343872,6.098812184389393,-0.0055409264693241575
1.7572497731490362,6.098812184389393,-0.007015243728023115
1.8606174068636854,6.098812184389393,-0.0073305961160370645
1.9639850405783346,6.098812184389393,-0.004557449003800554
2.0673526742929837,6.098812184389393,0.0024065574034356344
2.1707203080076343,6.098812184389393,0.01330761245759012
2.2740879417222835,6.098812184389393,0.026469562565713645
2.3774555754369326,6.098812184389393,0.03923969125577336
2.4808232091515814,6.098812184389393,0.04881216165018025
2.5841908428662306,6.098812184389393,0.05315259222469513
2.6875584765808798,6.098812184389393,0.05169892371634574
2.790926110295529,6.098812184389393,0.045580129220297215
2.894293744010178,6.098812184389393,0.03725579086368265
2.997661377724827,6.098812184389393,0.02968183331717741
3.101029011439476,6.098812184389393,0.025280121743352812
3.2043966451541253,6.098812184389393,0.025069827174310284
3.3077642788687744,6.098812184389393,0.028274733717389963
3.411131912583425,6.098812184389393,0.03256413880934482
3.514499546298074,6.098812184389393,0.03486700008106724
3.6178671800127233,6.098812184389393,0.03249413408581431
3.7212348137273725,6.098812184389393,0.02418395687651488
3.8246024474420213,6.098812184389393,0.010698177705741444
3.9279700811566705,6.098812184389393,-0.005264378906096146
4.031337714871319,6.098812184389393,-0.0198399733271754
4.134705348585968,6.098812184389393,-0.02922482956804538
4.238072982300618,6.098812184389393,-0.030953731876683398
4.341440616015267,6.098812184389393,-0.024798852396707028
4.444808249729916,6.098812184389393,-0.012967664795576726
4.548175883444565,6.098812184389393,0.0004960916415818221
4.651543517159214,6.098812184389393,0.010939965203394112
4.754911150873865,6.098812184389393,0.014575085488450905
4.858278784588514,6.098812184389393,0.009716931760378435
4.961646418303163,6.098812184389393,-0.002617625281057059
5.065014052017812,6.098812184389393,-0.01896697754583914
5.168381685732461,6.098812184389393,-0.034469720637247736
5.27174931944711,6.098812184389393,-0.04437431261187423
5.3751169531617595,6.098812184389393,-0.04553458424832167
5.478484586876409,6.098812184389393,-0.03741201455089889
5.581852220591058,6.098812184389393,-0.022261663161263066
5.685219854305707,6.098812184389393,-0.004440265318968916
5.788587488020356,6.098812184389393,0.010943280786938955
5.8919551217350055,6.098812184389393,0.019605039984571925
5.995322755449654,6.098812184389393,0.0193910393737329
6.098690389164305,6.098812184389393,0.010902297779304276
6.202058022878954,6.098812184389393,-0.0027460358541299182
6.305425656593603,6.098812184389393,-0.016939280140142312
6.408793290308252,6.098812184389393,-0.0270163448867577
-6.408793290308252,6.202181882429891,-0.025956608826271578
-6.305425656593603,6.202181882429891,-0.017784728816837517
-6.202058022878954,6.202181882429891,-0.004039513659222909
-6.098690389164304,6.202181882429891,0.01134235667766815
-5.995322755449655,6.202181882429891,0.024025233132371458
-5.8919551217350055,6.202181882429891,0.030566866827788076
-5.788587488020356,6.202181882429891,0.029339914134478454
-5.685219854305708,6.202181882429891,0.02082025699263137
-5.581852220591058,6.202181882429891,0.007206339407439971
-5.478484586876409,6.202181882429891,-0.008441782015081487
-5.3751169531617595,6.202181882429891,-0.02320928354835873
-5.27174931944711,6.202181882429891,-0.035124284641105834
-5.168381685732461,6.202181882429891,-0.04349643152651109
-5.065014052017812,6.202181882429891,-0.04873341369537596
-4.961646418303163,6.202181882429891,-0.05177044089149353
-4.858278784588514,6.202181882429891,-0.05338421649577482
-4.754911150873865,6.202181882429891,-0.053690295691040286
-4.651543517159215,6.202181882429891,-0.052034464993505024
-4.548175883444566,6.202181882429891,-0.047321151919004725
-4.444808249729917,6.202181882429891,-0.038639798182995566
-4.341440616015267,6.202181882429891,-0.025923078230811615
-4.238072982300618,6.202181882429891,-0.010347296982155165
-4.134705348585968,6.202181882429891,0.005724956153155907
-4.031337714871319,6.202181882429891,0.019289230187639287
-3.9279700811566705,6.202181882429891,0.02757145449907381
-3.8246024474420213,6.202181882429891,0.02893250595328961
-3.7212348137273725,6.202181882429891,0.023477913419879072
-3.6178671800127233,6.202181882429891,0.013133157917299113
-3.514499546298074,6.202181882429891,0.0011235954541671212
-3.411131912583425,6.202181882429891,-0.008994405027799116
-3.3077642788687753,6.202181882429891,-0.01444156425264705
-3.204396645154126,6.202181882429891,-0.01409424751718235
-3.101029011439477,6.202181882429891,-0.008832478511992361
-2.9976613777248278,6.202181882429891,-0.00123010579601936
-2.8942937440101786,6.202181882429891,0.005319251984629934
-2.790926110295529,6.202181882429891,0.007754560036588034
-2.6875584765808798,6.202181882429891,0.004395104668389854
-2.5841908428662306,6.202181882429891,-0.004466877571814338
-2.4808232091515814,6.202181882429891,-0.016627771625477662
-2.3774555754369326,6.202181882429891,-0.02866854315777344
-2.2740879417222835,6.202181882429891,-0.03705351030261996
-2.1707203080076334,6.202181882429891,-0.039267699639312745
-2.067352674292984,6.202181882429891,-0.03461944608520191
-1.9639850405783352,6.202181882429891,-0.024451084069598467
-1.8606174068636863,6.202181882429891,-0.011700931661358915
-1.757249773149037,6.202181882429891,0.00002505942043672642
-1.6538821394343879,6.202181882429891,0.007556877990218641
-1.550514505719738,6.202181882429891,0.00907762503054062
-1.447146872005089,6.202181882429891,0.004569140262509943
-1.3437792382904399,6.202181882429891,-0.004329468421063279
-1.2404116045757907,6.202181882429891,-0.014964519257224062
-1.1370439708611417,6.202181882429891,-0.024563101467020274
-1.0336763371464925,6.202181882429891,-0.031063437388595537
-0.9303087034318435,6.202181882429891,-0.03360753734658216
-0.8269410697171936,6.202181882429891,-0.03256171712783259
-0.7235734360025445,6.202181882429891,-0.02910906768539593
-0.6202058022878953,6.202181882429891,-0.024610777804305112
-0.5168381685732463,6.202181882429891,-0.020005626472553578
-0.4134705348585972,6.202181882429891,-0.015485102283980109
-0.31010290114394806,6.202181882429891,-0.010560505313848143
-0.2067352674292982,6.202181882429891,-0.004475842018903146
-0.1033676337146491,6.202181882429891,0.0032211348183234737
0.,6.202181882429891,0.012203778371538776
0.1033676337146491,6.202181882429891,0.021207212377447483
0.2067352674292982,6.202181882429891,0.02828263635306836
0.31010290114394734,6.202181882429891,0.031398942085931594
0.4134705348585964,6.202181882429891,0.029181432479414255
0.5168381685732455,6.202181882429891,0.021509491779078627
0.6202058022878947,6.202181882429891,0.009731180516203648
0.7235734360025438,6.202181882429891,-0.003617387245972675
0.8269410697171944,6.202181882429891,-0.015521990873257683
0.9303087034318435,6.202181882429891,-0.023402219804653884
1.0336763371464925,6.202181882429891,-0.025913484383745997
1.1370439708611417,6.202181882429891,-0.02335336897789053
1.2404116045757907,6.202181882429891,-0.017517420769505642
1.3437792382904399,6.202181882429891,-0.011040722121159047
1.447146872005089,6.202181882429891,-0.0064457878911430115
1.550514505719738,6.202181882429891,-0.005227778364549798
1.6538821394343872,6.202181882429891,-0.0073029744566218534
1.7572497731490362,6.202181882429891,-0.011024740857053239
1.8606174068636854,6.202181882429891,-0.013773514244776394
1.9639850405783346,6.202181882429891,-0.012922587983816455
2.0673526742929837,6.202181882429891,-0.0068425946219408534
2.1707203080076343,6.202181882429891,0.004414362648826405
2.2740879417222835,6.202181882429891,0.019004612673870182
2.3774555754369326,6.202181882429891,0.033812609503253294
2.4808232091515814,6.202181882429891,0.04543409411943063
2.5841908428662306,6.202181882429891,0.0512885426431075
2.6875584765808798,6.202181882429891,0.05047373913278959
2.790926110295529,6.202181882429891,0.044058294869742665
2.894293744010178,6.202181882429891,0.03470017516330442
2.997661377724827,6.202181882429891,0.025714875742234338
3.101029011439476,6.202181882429891,0.019913314023276205
3.2043966451541253,6.202181882429891,0.018616556429840496
3.3077642788687744,6.202181882429891,0.021199299955850154
3.411131912583425,6.202181882429891,0.025333272223024537
3.514499546298074,6.202181882429891,0.027856718342557527
3.6178671800127233,6.202181882429891,0.02597202599650519
3.7212348137273725,6.202181882429891,0.018349723317427628
3.8246024474420213,6.202181882429891,0.005739287618052665
3.9279700811566705,6.202181882429891,-0.009149196016330787
4.031337714871319,6.202181882429891,-0.022477738119865476
4.134705348585968,6.202181882429891,-0.030560621151713013
4.238072982300618,6.202181882429891,-0.03115967414668793
4.341440616015267,6.202181882429891,-0.024342952231190318
4.444808249729916,6.202181882429891,-0.012591944732236859
4.548175883444565,6.202181882429891,-0.00009151019294442127
4.651543517159214,6.202181882429891,0.008585336826105338
4.754911150873865,6.202181882429891,0.009973647496186826
4.858278784588514,6.202181882429891,0.002897217703054182
4.961646418303163,6.202181882429891,-0.011068564974241977
5.065014052017812,6.202181882429891,-0.028022415666587173
5.168381685732461,6.202181882429891,-0.04292954789251487
5.27174931944711,6.202181882429891,-0.05120318007594361
5.3751169531617595,6.202181882429891,-0.05016475773077742
5.478484586876409,6.202181882429891,-0.0399079125969154
5.581852220591058,6.202181882429891,-0.023283766890388483
5.685219854305707,6.202181882429891,-0.005011201287504492
5.788587488020356,6.202181882429891,0.009799819880057644
5.8919551217350055,6.202181882429891,0.01723499963297979
5.995322755449654,6.202181882429891,0.015764351137184558
6.098690389164305,6.202181882429891,0.0066595281493622505
6.202058022878954,6.202181882429891,-0.006478639007318526
6.305425656593603,6.202181882429891,-0.018912152517465797
6.408793290308252,6.202181882429891,-0.0262800663296428
-6.408793290308252,6.30555158047039,-0.022069652384443934
-6.305425656593603,6.30555158047039,-0.012290668268024474
-6.202058022878954,6.30555158047039,0.0020021921218353416
-6.098690389164304,6.30555158047039,0.01668567959452868
-5.995322755449655,6.30555158047039,0.027581664800956328
-5.8919551217350055,6.30555158047039,0.03171076644008236
-5.788587488020356,6.30555158047039,0.028084617110944277
-5.685219854305708,6.30555158047039,0.01781306668621405
-5.581852220591058,6.30555158047039,0.003545416093308442
-5.478484586876409,6.30555158047039,-0.011511723400193602
-5.3751169531617595,6.30555158047039,-0.024629751506504788
-5.27174931944711,6.30555158047039,-0.03428518747707132
-5.168381685732461,6.30555158047039,-0.04035349324439483
-5.065014052017812,6.30555158047039,-0.0437545411746581
-4.961646418303163,6.30555158047039,-0.045739777863282295
-4.858278784588514,6.30555158047039,-0.04713672631993885
-4.754911150873865,6.30555158047039,-0.047868545789509595
-4.651543517159215,6.30555158047039,-0.04694697443315223
-4.548175883444566,6.30555158047039,-0.04294280023895713
-4.444808249729917,6.30555158047039,-0.03474289550419732
-4.341440616015267,6.30555158047039,-0.022280672097979817
-4.238072982300618,6.30555158047039,-0.006924398656643988
-4.134705348585968,6.30555158047039,0.008672218599260715
-4.031337714871319,6.30555158047039,0.021253211714203704
-3.9279700811566705,6.30555158047039,0.027966950249787643
-3.8246024474420213,6.30555158047039,0.02734935415478125
-3.7212348137273725,6.30555158047039,0.01992292495318901
-3.6178671800127233,6.30555158047039,0.008168445931785482
-3.514499546298074,6.30555158047039,-0.004162854639638754
-3.411131912583425,6.30555158047039,-0.01319747483233275
-3.3077642788687753,6.30555158047039,-0.016178940413382012
-3.204396645154126,6.30555158047039,-0.012382359647695877
-3.101029011439477,6.30555158047039,-0.0033847305555321327
-2.9976613777248278,6.30555158047039,0.007419165871033246
-2.8942937440101786,6.30555158047039,0.01591320248119909
-2.790926110295529,6.30555158047039,0.018617457103785432
-2.6875584765808798,6.30555158047039,0.013861923033021965
-2.5841908428662306,6.30555158047039,0.0023864261095650047
-2.4808232091515814,6.30555158047039,-0.012836808343393616
-2.3774555754369326,6.30555158047039,-0.02750599699440775
-2.2740879417222835,6.30555158047039,-0.037327442214148646
-2.1707203080076334,6.30555158047039,-0.039355676480975356
-2.067352674292984,6.30555158047039,-0.03290603807691997
-1.9639850405783352,6.30555158047039,-0.019753713049123756
-1.8606174068636863,6.30555158047039,-0.003569300667122174
-1.757249773149037,6.30555158047039,0.011211394903363547
-1.6538821394343879,6.30555158047039,0.020709222885214606
-1.550514505719738,6.30555158047039,0.022692974475099322
-1.447146872005089,6.30555158047039,0.01711045169753192
-1.3437792382904399,6.30555158047039,0.005927211890855537
-1.2404116045757907,6.30555158047039,-0.007626943421492066
-1.1370439708611417,6.30555158047039,-0.020116778525840335
-1.0336763371464925,6.30555158047039,-0.02889878568089443
-0.9303087034318435,6.30555158047039,-0.032739118284845915
-0.8269410697171936,6.30555158047039,-0.03189006921192361
-0.7235734360025445,6.30555158047039,-0.0276646132088575
-0.6202058022878953,6.30555158047039,-0.021722976030722502
-0.5168381685732463,6.30555158047039,-0.015371169909155364
-0.4134705348585972,6.30555158047039,-0.009141837226211003
-0.31010290114394806,6.30555158047039,-0.0027983756909515174
-0.2067352674292982,6.30555158047039,0.004273895891654809
-0.1033676337146491,6.30555158047039,0.012482536029141187
0.,6.30555158047039,0.021518793820653713
0.1033676337146491,6.30555158047039,0.03016334862303277
0.2067352674292982,6.30555158047039,0.03651915496713977
0.31010290114394734,6.30555158047039,0.03860997809883355
0.4134705348585964,6.30555158047039,0.035129395605050406
0.5168381685732455,6.30555158047039,0.026050729657292077
0.6202058022878947,6.30555158047039,0.012843997733248022
0.7235734360025438,6.30555158047039,-0.0018189756108613908
0.8269410697171944,6.30555158047039,-0.014803733629223603
0.9303087034318435,6.30555158047039,-0.02345972084456264
1.0336763371464925,6.30555158047039,-0.026448646148326836
1.1370439708611417,6.30555158047039,-0.02415680249056311
1.2404116045757907,6.30555158047039,-0.01853098164445606
1.3437792382904399,6.30555158047039,-0.012378167431276238
1.447146872005089,6.30555158047039,-0.008361750998935777
1.550514505719738,6.30555158047039,-0.008041687587840303
1.6538821394343872,6.30555158047039,-0.01129939183139685
1.7572497731490362,6.30555158047039,-0.016359567722968052
1.8606174068636854,6.30555158047039,-0.020413763745758443
1.9639850405783346,6.30555158047039,-0.020636611481913477
2.0673526742929837,6.30555158047039,-0.01524162726912117
2.1707203080076343,6.30555158047039,-0.004201905159955377
2.2740879417222835,6.30555158047039,0.01062791901596179
2.3774555754369326,6.30555158047039,0.026045374944715968
2.4808232091515814,6.30555158047039,0.03851583551811583
2.5841908428662306,6.30555158047039,0.04532327072132071
2.6875584765808798,6.30555158047039,0.04545581916530238
2.790926110295529,6.30555158047039,0.03991325911243907
2.894293744010178,6.30555158047039,0.03132281755745063
2.997661377724827,6.30555158047039,0.02299228615693495
3.101029011439476,6.30555158047039,0.017729906910160017
3.2043966451541253,6.30555158047039,0.016847304688680273
3.3077642788687744,6.30555158047039,0.01970236239720309
3.411131912583425,6.30555158047039,0.023952059236299453
3.514499546298074,6.30555158047039,0.02643500290591504
3.6178671800127233,6.30555158047039,0.024377196002434418
3.7212348137273725,6.30555158047039,0.016492910291111135
3.8246024474420213,6.30555158047039,0.0035802802887930597
3.9279700811566705,6.30555158047039,-0.011618641065451074
4.031337714871319,6.30555158047039,-0.02526833182914341
4.134705348585968,6.30555158047039,-0.03372340981542732
4.238072982300618,6.30555158047039,-0.03480733362151625
4.341440616015267,6.30555158047039,-0.028637091303280605
4.444808249729916,6.30555158047039,-0.017690244511469427
4.548175883444565,6.30555158047039,-0.00606511473769558
4.651543517159214,6.30555158047039,0.001837910424418152
4.754911150873865,6.30555158047039,0.0027814064838053237
4.858278784588514,6.30555158047039,-0.004190503847147893
4.961646418303163,6.30555158047039,-0.01736573354782477
5.065014052017812,6.30555158047039,-0.03285556791326152
5.168381685732461,6.30555158047039,-0.04581631537770884
5.27174931944711,6.30555158047039,-0.05200694020064636
5.3751169531617595,6.30555158047039,-0.04917167512606481
5.478484586876409,6.30555158047039,-0.03779050297301143
5.581852220591058,6.30555158047039,-0.020947499219622277
5.685219854305707,6.30555158047039,-0.0033580817982484966
5.788587488020356,6.30555158047039,0.0101264395398329
5.8919551217350055,6.30555158047039,0.016047850656872784
5.995322755449654,6.30555158047039,0.013406793203060575
6.098690389164305,6.30555158047039,0.003925433501199248
6.202058022878954,6.30555158047039,-0.008565427972841013
6.305425656593603,6.30555158047039,-0.01939994963001565
6.408793290308252,6.30555158047039,-0.02458551074732065
-6.408793290308252,6.408921278510888,-0.01877293389374128
-6.305425656593603,6.408921278510888,-0.008740592390021354
-6.202058022878954,6.408921278510888,0.005069329586754607
-6.098690389164304,6.408921278510888,0.018630583109427515
-5.995322755449655,6.408921278510888,0.028006541992396956
-5.8919551217350055,6.408921278510888,0.030546537916470336
-5.788587488020356,6.408921278510888,0.02560980966396406
-5.685219854305708,6.408921278510888,0.014607729468464059
-5.581852220591058,6.408921278510888,0.00039394155449149854
-5.478484586876409,6.408921278510888,-0.013749171810281575
-5.3751169531617595,6.408921278510888,-0.02515572087341851
-5.27174931944711,6.408921278510888,-0.032492719091420076
-5.168381685732461,6.408921278510888,-0.03592499822405872
-5.065014052017812,6.408921278510888,-0.03671712190791043
-4.961646418303163,6.408921278510888,-0.03646745133249471
-4.858278784588514,6.408921278510888,-0.03629715620763024
-4.754911150873865,6.408921278510888,-0.036320969843220405
-4.651543517159215,6.408921278510888,-0.03560774794047253
-4.548175883444566,6.408921278510888,-0.03264298982804068
-4.444808249729917,6.408921278510888,-0.02610587161643681
-4.341440616015267,6.408921278510888,-0.01564459592482171
-4.238072982300618,6.408921278510888,-0.002324594474507722
-4.134705348585968,6.408921278510888,0.011460741445021135
-4.031337714871319,6.408921278510888,0.022628349297936674
-3.9279700811566705,6.408921278510888,0.02839395970812009
-3.8246024474420213,6.408921278510888,0.02726740384313292
-3.7212348137273725,6.408921278510888,0.019687870214382345
-3.6178671800127233,6.408921278510888,0.008041967780993795
-3.514499546298074,6.408921278510888,-0.003984891499359893
-3.411131912583425,6.408921278510888,-0.012539060469937913
-3.3077642788687753,6.408921278510888,-0.014848181548267118
-3.204396645154126,6.408921278510888,-0.010169008240318416
-3.101029011439477,6.408921278510888,-0.00009946186084730722
-2.9976613777248278,6.408921278510888,0.011874554771151815
-2.8942937440101786,6.408921278510888,0.02147231241920944
-2.790926110295529,6.408921278510888,0.025007534786367545
-2.6875584765808798,6.408921278510888,0.020622798521856594
-2.5841908428662306,6.408921278510888,0.008960369339527484
-2.4808232091515814,6.408921278510888,-0.006959878019363972
-2.3774555754369326,6.408921278510888,-0.0226274935242982
-2.2740879417222835,6.408921278510888,-0.033415814375386606
-2.1707203080076334,6.408921278510888,-0.03600718004182341
-2.067352674292984,6.408921278510888,-0.029416984332074236
-1.9639850405783352,6.408921278510888,-0.015296552922711985
-1.8606174068636863,6.408921278510888,0.002570719530046028
-1.757249773149037,6.408921278510888,0.01940735855422815
-1.6538821394343879,6.408921278510888,0.030844739827160798
-1.550514505719738,6.408921278510888,0.034149937060921245
-1.447146872005089,6.408921278510888,0.028908436324790614
-1.3437792382904399,6.408921278510888,0.0169836703830878
-1.2404116045757907,6.408921278510888,0.0018127013900718272
-1.1370439708611417,6.408921278510888,-0.012695790964621726
-1.0336763371464925,6.408921278510888,-0.023287027138431133
-0.9303087034318435,6.408921278510888,-0.028156842709742197
-0.8269410697171936,6.408921278510888,-0.027204679228219054
-0.7235734360025445,6.408921278510888,-0.02172753783861609
-0.6202058022878953,6.408921278510888,-0.013729185409050392
-0.5168381685732463,6.408921278510888,-0.00513325484268699
-0.4134705348585972,6.408921278510888,0.0028076386178944837
-0.31010290114394806,6.408921278510888,0.009716570630430101
-0.2067352674292982,6.408921278510888,0.01588485878752138
-0.1033676337146491,6.408921278510888,0.02178941579919541
0.,6.408921278510888,0.027572501031928945
0.1033676337146491,6.408921278510888,0.0327244421684135
0.2067352674292982,6.408921278510888,0.03611724666183471
0.31010290114394734,6.408921278510888,0.03638680907446167
0.4134705348585964,6.408921278510888,0.03251289028058726
0.5168381685732455,6.408921278510888,0.02435717845171369
0.6202058022878947,6.408921278510888,0.012925498671724288
0.7235734360025438,6.408921278510888,0.00021947943308429403
0.8269410697171944,6.408921278510888,-0.011301142489495862
0.9303087034318435,6.408921278510888,-0.01947078108584113
1.0336763371464925,6.408921278510888,-0.023117655655238167
1.1370439708611417,6.408921278510888,-0.022449508339233974
1.2404116045757907,6.408921278510888,-0.018968874397222675
1.3437792382904399,6.408921278510888,-0.014928900789180244
1.447146872005089,6.408921278510888,-0.012510324034282117
1.550514505719738,6.408921278510888,-0.013009065287221554
1.6538821394343872,6.408921278510888,-0.01632997110436684
1.7572497731490362,6.408921278510888,-0.02098029054377707
1.8606174068636854,6.408921278510888,-0.024580791230555468
1.9639850405783346,6.408921278510888,-0.024725054340243413
2.0673526742929837,6.408921278510888,-0.019886305329227538
2.1707203080076343,6.408921278510888,-0.010045202886974422
2.2740879417222835,6.408921278510888,0.003196611101338538
2.3774555754369326,6.408921278510888,0.01707380582067026
2.4808232091515814,6.408921278510888,0.02853859209536259
2.5841908428662306,6.408921278510888,0.035263233247090554
2.6875584765808798,6.408921278510888,0.0364103204055887
2.790926110295529,6.408921278510888,0.03289202222253845
2.894293744010178,6.408921278510888,0.02701591711750826
2.997661377724827,6.408921278510888,0.021632214929771392
3.101029011439476,6.408921278510888,0.019078372188473497
3.2043966451541253,6.408921278510888,0.02029669226813831
3.3077642788687744,6.408921278510888,0.024447706107601493
3.411131912583425,6.408921278510888,0.029172691065575997
3.514499546298074,6.408921278510888,0.03143020297003548
3.6178671800127233,6.408921278510888,0.028623813202412553
3.7212348137273725,6.408921278510888,0.019625581111908194
3.8246024474420213,6.408921278510888,0.005324364503957755
3.9279700811566705,6.408921278510888,-0.011515472412308965
4.031337714871319,6.408921278510888,-0.027063011279865243
4.134705348585968,6.408921278510888,-0.0376403175400344
4.238072982300618,6.408921278510888,-0.04094404351422823
4.341440616015267,6.408921278510888,-0.036847640666031654
4.444808249729916,6.408921278510888,-0.02749585048945115
4.548175883444565,6.408921278510888,-0.016639164622114202
4.651543517159214,6.408921278510888,-0.008415186727093873
4.754911150873865,6.408921278510888,-0.00597722783633084
4.858278784588514,6.408921278510888,-0.010430314847034005
4.961646418303163,6.408921278510888,-0.02043844730671199
5.065014052017812,6.408921278510888,-0.03264519487980764
5.168381685732461,6.408921278510888,-0.042776792487079204
5.27174931944711,6.408921278510888,-0.047065273094606834
5.3751169531617595,6.408921278510888,-0.04351807728104436
5.478484586876409,6.408921278510888,-0.03260862609870121
5.581852220591058,6.408921278510888,-0.017154147248167977
5.685219854305707,6.408921278510888,-0.0014182234200241155
5.788587488020356,6.408921278510888,0.010265427397702425
5.8919551217350055,6.408921278510888,0.01489198012714844
5.995322755449654,6.408921278510888,0.01174510285692666
6.098690389164305,6.408921278510888,0.002603311146103689
6.202058022878954,6.408921278510888,-0.00886849649132264
6.305425656593603,6.408921278510888,-0.018333495677043992
6.408793290308252,6.408921278510888,-0.02219708650869434
