-6.408793290308252,-6.408921278510889,-0.04386709650632466
-6.305425656593603,-6.408921278510889,-0.036498113138113124
-6.202058022878954,-6.408921278510889,-0.02639758077435355
-6.098690389164304,-6.408921278510889,-0.016023931743119755
-5.995322755449655,-6.408921278510889,-0.007650787428010695
-5.8919551217350055,-6.408921278510889,-0.002777682890985778
-5.788587488020356,-6.408921278510889,-0.001773099344252143
-5.685219854305708,-6.408921278510889,-0.003842513687564707
-5.581852220591058,-6.408921278510889,-0.007322535976205463
-5.478484586876409,-6.408921278510889,-0.01021083722760381
-5.3751169531617595,-6.408921278510889,-0.010776281709853576
-5.27174931944711,-6.408921278510889,-0.008072999091696904
-5.168381685732461,-6.408921278510889,-0.00221193565773961
-5.065014052017812,-6.408921278510889,0.005684883454878959
-4.961646418303163,-6.408921278510889,0.013829280933099998
-4.858278784588514,-6.408921278510889,0.02030583434003709
-4.754911150873865,-6.408921278510889,0.02364357198629347
-4.651543517159215,-6.408921278510889,0.023250774894350703
-4.548175883444566,-6.408921278510889,0.019584693844674345
-4.444808249729917,-6.408921278510889,0.01400724115635624
-4.341440616015267,-6.408921278510889,0.008371295147512312
-4.238072982300618,-6.408921278510889,0.0044623968630996425
-4.134705348585968,-6.408921278510889,0.003463461933798768
-4.031337714871319,-6.408921278510889,0.005602864153307268
-3.9279700811566705,-6.408921278510889,0.010091010568834114
-3.8246024474420213,-6.408921278510889,0.015363848415110572
-3.7212348137273725,-6.408921278510889,0.0195596366839053
-3.6178671800127233,-6.408921278510889,0.021085477832751522
-3.514499546298074,-6.408921278510889,0.019103556642998454
-3.411131912583425,-6.408921278510889,0.013791727161085387
-3.3077642788687753,-6.408921278510889,0.006301468620426065
-3.204396645154126,-6.408921278510889,-0.0015724995737156466
-3.101029011439477,-6.408921278510889,-0.007910213436253184
-2.9976613777248278,-6.408921278510889,-0.011215914985615272
-2.8942937440101786,-6.408921278510889,-0.010835045386886408
-2.790926110295529,-6.408921278510889,-0.007116815535303046
-2.6875584765808798,-6.408921278510889,-0.00127886621817548
-2.5841908428662306,-6.408921278510889,0.004978754081132469
-2.4808232091515814,-6.408921278510889,0.009988000006621745
-2.3774555754369326,-6.408921278510889,0.012596787307229317
-2.2740879417222835,-6.408921278510889,0.012476429420033153
-2.1707203080076334,-6.408921278510889,0.010164035998968505
-2.067352674292984,-6.408921278510889,0.006835303271827731
-1.9639850405783352,-6.408921278510889,0.0038870477853943934
-1.8606174068636863,-6.408921278510889,0.002466567501371066
-1.757249773149037,-6.408921278510889,0.0030987218763181366
-1.6538821394343879,-6.408921278510889,0.0055276959235047085
-1.550514505719738,-6.408921278510889,0.008819972154985731
-1.447146872005089,-6.408921278510889,0.011690705428279394
-1.3437792382904399,-6.408921278510889,0.012944318816460998
-1.2404116045757907,-6.408921278510889,0.011884278205390559
-1.1370439708611417,-6.408921278510889,0.008557844856070286
-1.0336763371464925,-6.408921278510889,0.003755470689516572
-0.9303087034318435,-6.408921278510889,-0.0012359289766153874
-0.8269410697171936,-6.408921278510889,-0.0050467507941775805
-0.7235734360025445,-6.408921278510889,-0.006671820721564032
-0.6202058022878953,-6.408921278510889,-0.00580518263635471
-0.5168381685732463,-6.408921278510889,-0.0029515225007318603
-0.4134705348585972,-6.408921278510889,0.0007263936876625872
-0.31010290114394806,-6.408921278510889,0.0037808440614754595
-0.2067352674292982,-6.408921278510889,0.004958225969229219
-0.1033676337146491,-6.408921278510889,0.0036336475134084558
0.,-6.408921278510889,0.00006160715844606823
0.1033676337146491,-6.408921278510889,-0.004641978497611907
0.2067352674292982,-6.408921278510889,-0.008789519703706405
0.31010290114394734,-6.408921278510889,-0.010602954420575014
0.4134705348585964,-6.408921278510889,-0.008746486338255147
0.5168381685732455,-6.408921278510889,-0.0027534388155679834
0.6202058022878947,-6.408921278510889,0.006780311841724792
0.7235734360025438,-6.408921278510889,0.018295801576084982
0.8269410697171944,-6.408921278510889,0.029637339540543067
0.9303087034318435,-6.408921278510889,0.03858267461915024
1.0336763371464925,-6.408921278510889,0.043388115093672526
1.1370439708611417,-6.408921278510889,0.04319842069104316
1.2404116045757907,-6.408921278510889,0.038213860150875155
1.3437792382904399,-6.408921278510889,0.029579559544634777
1.447146872005089,-6.408921278510889,0.019042660694735872
1.550514505719738,-6.408921278510889,0.00848665904530325
1.6538821394343872,-6.408921278510889,-0.0005189131794786064
1.7572497731490362,-6.408921278510889,-0.007028873438728732
1.8606174068636854,-6.408921278510889,-0.010818426287040467
1.9639850405783346,-6.408921278510889,-0.012260417239818116
2.0673526742929837,-6.408921278510889,-0.012046879448605902
2.1707203080076343,-6.408921278510889,-0.010862184780739225
2.2740879417222835,-6.408921278510889,-0.009123134973272844
2.3774555754369326,-6.408921278510889,-0.0068718708490122715
2.4808232091515814,-6.408921278510889,-0.0038510433685177447
2.5841908428662306,-6.408921278510889,0.00027396651785416395
2.6875584765808798,-6.408921278510889,0.00563287135801747
2.790926110295529,-6.408921278510889,0.011917874732879129
2.894293744010178,-6.408921278510889,0.018295981744952217
2.997661377724827,-6.408921278510889,0.0235151642014034
3.101029011439476,-6.408921278510889,0.02618930369321972
3.2043966451541253,-6.408921278510889,0.025185383491172223
3.3077642788687744,-6.408921278510889,0.019997075410455128
3.411131912583425,-6.408921278510889,0.01098460407054296
3.514499546298074,-6.408921278510889,-0.0006060959762746241
3.6178671800127233,-6.408921278510889,-0.012870417754302184
3.7212348137273725,-6.408921278510889,-0.023671711812393463
3.8246024474420213,-6.408921278510889,-0.031159507510144572
3.9279700811566705,-6.408921278510889,-0.034239144328986636
4.031337714871319,-6.408921278510889,-0.032859971211049284
4.134705348585968,-6.408921278510889,-0.028035113953972738
4.238072982300618,-6.408921278510889,-0.021577991816142943
4.341440616015267,-6.408921278510889,-0.015619345115380039
4.444808249729916,-6.408921278510889,-0.01203140095871395
4.548175883444565,-6.408921278510889,-0.011914905189939842
4.651543517159214,-6.408921278510889,-0.015291226926804347
4.754911150873865,-6.408921278510889,-0.021088509008216332
4.858278784588514,-6.408921278510889,-0.027431890836697947
4.961646418303163,-6.408921278510889,-0.03216449526219106
5.065014052017812,-6.408921278510889,-0.033460999278942576
5.168381685732461,-6.408921278510889,-0.03036731216706747
5.27174931944711,-6.408921278510889,-0.023116522813747504
5.3751169531617595,-6.408921278510889,-0.01312905632591996
5.478484586876409,-6.408921278510889,-0.0026888385517228764
5.581852220591058,-6.408921278510889,0.005625165102043102
5.685219854305707,-6.408921278510889,0.009605092194529125
5.788587488020356,-6.408921278510889,0.008002087385868207
5.8919551217350055,-6.408921278510889,0.0008780831453747957
5.995322755449654,-6.408921278510889,-0.010375604868904067
6.098690389164305,-6.408921278510889,-0.023362202732681907
6.202058022878954,-6.408921278510889,-0.035264027876366365
6.305425656593603,-6.408921278510889,-0.043535691971987804
6.408793290308252,-6.408921278510889,-0.046524278616257006
-6.408793290308252,-6.305551580470391,-0.042918397571688034
-6.305425656593603,-6.305551580470391,-0.034660642215054854
-6.202058022878954,-6.305551580470391,-0.02495964837625199
-6.098690389164304,-6.305551580470391,-0.016216009560988558
-5.995322755449655,-6.305551580470391,-0.01019547929695909
-5.8919551217350055,-6.305551580470391,-0.007617002034233225
-5.788587488020356,-6.305551580470391,-0.008063020423145002
-5.685219854305708,-6.305551580470391,-0.010213360850842786
-5.581852220591058,-6.305551580470391,-0.012314420350427315
-5.478484586876409,-6.305551580470391,-0.012736171203555177
-5.3751169531617595,-6.305551580470391,-0.010455098437752776
-5.27174931944711,-6.305551580470391,-0.005332573117637101
-5.168381685732461,-6.305551580470391,0.0018764455920796835
-5.065014052017812,-6.305551580470391,0.009770453047682646
-4.961646418303163,-6.305551580470391,0.016720256998898734
-4.858278784588514,-6.305551580470391,0.02133333164829895
-4.754911150873865,-6.305551580470391,0.022832290352456337
-4.651543517159215,-6.305551580470391,0.021247254993133888
-4.548175883444566,-6.305551580470391,0.01737844101413075
-4.444808249729917,-6.305551580470391,0.012550303210991147
-4.341440616015267,-6.305551580470391,0.008234086318513124
-4.238072982300618,-6.305551580470391,0.005647322941879207
-4.134705348585968,-6.305551580470391,0.005439670353627071
-4.031337714871319,-6.305551580470391,0.007545993468880364
-3.9279700811566705,-6.305551580470391,0.011238905839034521
-3.8246024474420213,-6.305551580470391,0.015357973103500776
-3.7212348137273725,-6.305551580470391,0.0186462940181507
-3.6178671800127233,-6.305551580470391,0.020099117698903997
-3.514499546298074,-6.305551580470391,0.019229622301415134
-3.411131912583425,-6.305551580470391,0.016182912721488408
-3.3077642788687753,-6.305551580470391,0.011672996167286008
-3.204396645154126,-6.305551580470391,0.006766780449605527
-3.101029011439477,-6.305551580470391,0.0025805781394196625
-2.9976613777248278,-6.305551580470391,-0.000022965150612056553
-2.8942937440101786,-6.305551580470391,-0.000652105318356225
-2.790926110295529,-6.305551580470391,0.0005414624499429021
-2.6875584765808798,-6.305551580470391,0.002950575933024421
-2.5841908428662306,-6.305551580470391,0.005729618096803221
-2.4808232091515814,-6.305551580470391,0.008071221505691811
-2.3774555754369326,-6.305551580470391,0.009456044073669654
-2.2740879417222835,-6.305551580470391,0.009797774425308194
-2.1707203080076334,-6.305551580470391,0.009438239809578189
-2.067352674292984,-6.305551580470391,0.008994764870626016
-1.9639850405783352,-6.305551580470391,0.00910961205102702
-1.8606174068636863,-6.305551580470391,0.010184556390398237
-1.757249773149037,-6.305551580470391,0.012191358846842158
-1.6538821394343879,-6.305551580470391,0.01462751181756682
-1.550514505719738,-6.305551580470391,0.016641562344757686
-1.447146872005089,-6.305551580470391,0.017296841447421652
-1.3437792382904399,-6.305551580470391,0.015893925840446653
-1.2404116045757907,-6.305551580470391,0.012246835843319004
-1.1370439708611417,-6.305551580470391,0.00681557566114412
-1.0336763371464925,-6.305551580470391,0.0006378637658906535
-0.9303087034318435,-6.305551580470391,-0.004935119721484595
-0.8269410697171936,-6.305551580470391,-0.008629136111453217
-0.7235734360025445,-6.305551580470391,-0.009646567035292767
-0.6202058022878953,-6.305551580470391,-0.007946032342785637
-0.5168381685732463,-6.305551580470391,-0.004301281144776581
-0.4134705348585972,-6.305551580470391,-0.00010217332703644167
-0.31010290114394806,-6.305551580470391,0.0030591533434487163
-0.2067352674292982,-6.305551580470391,0.0039014314396760164
-0.1033676337146491,-6.305551580470391,0.0019104917048506581
0.,-6.305551580470391,-0.0024115351710067203
0.1033676337146491,-6.305551580470391,-0.007599968270809688
0.2067352674292982,-6.305551580470391,-0.011592037109343135
0.31010290114394734,-6.305551580470391,-0.012313374801929093
0.4134705348585964,-6.305551580470391,-0.008322981923538936
0.5168381685732455,-6.305551580470391,0.0006755504257747997
0.6202058022878947,-6.305551580470391,0.013619746996580124
0.7235734360025438,-6.305551580470391,0.028253450783765247
0.8269410697171944,-6.305551580470391,0.04164435293210483
0.9303087034318435,-6.305551580470391,0.050920373956925016
1.0336763371464925,-6.305551580470391,0.05402132371895912
1.1370439708611417,-6.305551580470391,0.05025113831713263
1.2404116045757907,-6.305551580470391,0.04046907944439357
1.3437792382904399,-6.305551580470391,0.026861123235997156
1.447146872005089,-6.305551580470391,0.012355128428345371
1.550514505719738,-6.305551580470391,-0.00015171833474810026
1.6538821394343872,-6.305551580470391,-0.008529556683714147
1.7572497731490362,-6.305551580470391,-0.011905115637851469
1.8606174068636854,-6.305551580470391,-0.010768361702828253
1.9639850405783346,-6.305551580470391,-0.006678614667790028
2.0673526742929837,-6.305551580470391,-0.0016744408174721936
2.1707203080076343,-6.305551580470391,0.0024191933962577424
2.2740879417222835,-6.305551580470391,0.0045648060417942515
2.3774555754369326,-6.305551580470391,0.0047872830665150745
2.4808232091515814,-6.305551580470391,0.004068202432910149
2.5841908428662306,-6.305551580470391,0.003902229136414292
2.6875584765808798,-6.305551580470391,0.005668640088553503
2.790926110295529,-6.305551580470391,0.01003234940081416
2.894293744010178,-6.305551580470391,0.016581024925891683
2.997661377724827,-6.305551580470391,0.023829918871415653
3.101029011439476,-6.305551580470391,0.029607251617207547
3.2043966451541253,-6.305551580470391,0.031707990251136894
3.3077642788687744,-6.305551580470391,0.028612652185524275
3.411131912583425,-6.305551580470391,0.0200400434848625
3.514499546298074,-6.305551580470391,0.007148485890251087
3.6178671800127233,-6.305551580470391,-0.007694181480946965
3.7212348137273725,-6.305551580470391,-0.02151816961705832
3.8246024474420213,-6.305551580470391,-0.0315637683367779
3.9279700811566705,-6.305551580470391,-0.03605685845937348
4.031337714871319,-6.305551580470391,-0.03471256406587879
4.134705348585968,-6.305551580470391,-0.028810056094666907
4.238072982300618,-6.305551580470391,-0.02080921622711746
4.341440616015267,-6.305551580470391,-0.013618103411749915
4.444808249729916,-6.305551580470391,-0.009726667178676263
4.548175883444565,-6.305551580470391,-0.010464235033700524
4.651543517159214,-6.305551580470391,-0.015602912705979598
4.754911150873865,-6.305551580470391,-0.023426723723052593
4.858278784588514,-6.305551580470391,-0.031247921112018476
4.961646418303163,-6.305551580470391,-0.036219065855783814
5.065014052017812,-6.305551580470391,-0.036201903748645556
5.168381685732461,-6.305551580470391,-0.030437597587627516
5.27174931944711,-6.305551580470391,-0.01982177783154853
5.3751169531617595,-6.305551580470391,-0.006703945084132489
5.478484586876409,-6.305551580470391,0.005730918855667671
5.581852220591058,-6.305551580470391,0.014320983582166087
5.685219854305707,-6.305551580470391,0.0167824258873535
5.788587488020356,-6.305551580470391,0.012321427817224005
5.8919551217350055,-6.305551580470391,0.0018374482100650224
5.995322755449654,-6.305551580470391,-0.012329551094660012
6.098690389164305,-6.305551580470391,-0.027026739549061242
6.202058022878954,-6.305551580470391,-0.03910833866373797
6.305425656593603,-6.305551580470391,-0.04621887369990423
6.408793290308252,-6.305551580470391,-0.047330411377705044
-6.408793290308252,-6.202181882429893,-0.03151530462757788
-6.305425656593603,-6.202181882429893,-0.023285575955583726
-6.202058022878954,-6.202181882429893,-0.015074786443644541
-6.098690389164304,-6.202181882429893,-0.008983380689506186
-5.995322755449655,-6.202181882429893,-0.006156376549947819
-5.8919551217350055,-6.202181882429893,-0.006559265960643547
-5.788587488020356,-6.202181882429893,-0.00911793994873266
-5.685219854305708,-6.202181882429893,-0.012149908083525169
-5.581852220591058,-6.202181882429893,-0.01393495847668725
-5.478484586876409,-6.202181882429893,-0.013245816100874275
-5.3751169531617595,-6.202181882429893,-0.009687159946358912
-5.27174931944711,-6.202181882429893,-0.0037613592722036304
-5.168381685732461,-6.202181882429893,0.0033332599592968875
-5.065014052017812,-6.202181882429893,0.010088598539281242
-4.961646418303163,-6.202181882429893,0.015129326172805723
-4.858278784588514,-6.202181882429893,0.017580733665495347
-4.754911150873865,-6.202181882429893,0.01726624456205699
-4.651543517159215,-6.202181882429893,0.014697840718630563
-4.548175883444566,-6.202181882429893,0.01088493880115197
-4.444808249729917,-6.202181882429893,0.00703429665097336
-4.341440616015267,-6.202181882429893,0.004233726255726059
-4.238072982300618,-6.202181882429893,0.0032037631881635395
-4.134705348585968,-6.202181882429893,0.004170871003693551
-4.031337714871319,-6.202181882429893,0.006875537542602045
-3.9279700811566705,-6.202181882429893,0.010691813789922401
-3.8246024474420213,-6.202181882429893,0.014811142334937225
-3.7212348137273725,-6.202181882429893,0.01843666675805128
-3.6178671800127233,-6.202181882429893,0.020942725770573878
-3.514499546298074,-6.202181882429893,0.021972045113443514
-3.411131912583425,-6.202181882429893,0.02146315203925905
-3.3077642788687753,-6.202181882429893,0.01961698930908838
-3.204396645154126,-6.202181882429893,0.016821633894826975
-3.101029011439477,-6.202181882429893,0.013557338262096192
-2.9976613777248278,-6.202181882429893,0.010302568580715982
-2.8942937440101786,-6.202181882429893,0.007457496914254846
-2.790926110295529,-6.202181882429893,0.005296019918882047
-2.6875584765808798,-6.202181882429893,0.003951340562545971
-2.5841908428662306,-6.202181882429893,0.0034334560454733674
-2.4808232091515814,-6.202181882429893,0.0036698589553597434
-2.3774555754369326,-6.202181882429893,0.004554635881162682
-2.2740879417222835,-6.202181882429893,0.005988070439153722
-2.1707203080076334,-6.202181882429893,0.007890986892159536
-2.067352674292984,-6.202181882429893,0.010186314288931781
-1.9639850405783352,-6.202181882429893,0.012753296502626639
-1.8606174068636863,-6.202181882429893,0.015373486028626619
-1.757249773149037,-6.202181882429893,0.01769668156157251
-1.6538821394343879,-6.202181882429893,0.019254326410901985
-1.550514505719738,-6.202181882429893,0.01953538590477868
-1.447146872005089,-6.202181882429893,0.018117578740780464
-1.3437792382904399,-6.202181882429893,0.014821747541375732
-1.2404116045757907,-6.202181882429893,0.009838516230948027
-1.1370439708611417,-6.202181882429893,0.0037730446300874186
-1.0336763371464925,-6.202181882429893,-0.002429686683398924
-0.9303087034318435,-6.202181882429893,-0.00768219747996486
-0.8269410697171936,-6.202181882429893,-0.011034695230695309
-0.7235734360025445,-6.202181882429893,-0.011961317567729673
-0.6202058022878953,-6.202181882429893,-0.010558932290281325
-0.5168381685732463,-6.202181882429893,-0.0075782360573903125
-0.4134705348585972,-6.202181882429893,-0.004250281808554731
-0.31010290114394806,-6.202181882429893,-0.0019345729316322525
-0.2067352674292982,-6.202181882429893,-0.00167848604419402
-0.1033676337146491,-6.202181882429893,-0.003820180032710739
0.,-6.202181882429893,-0.00777096846361723
0.1033676337146491,-6.202181882429893,-0.012072129099916881
0.2067352674292982,-6.202181882429893,-0.01474360415192373
0.31010290114394734,-6.202181882429893,-0.013849621280495354
0.4134705348585964,-6.202181882429893,-0.008127888111281421
0.5168381685732455,-6.202181882429893,0.0025080997558045237
0.6202058022878947,-6.202181882429893,0.016763776848923256
0.7235734360025438,-6.202181882429893,0.03214891381738693
0.8269410697171944,-6.202181882429893,0.0455345128415275
0.9303087034318435,-6.202181882429893,0.0539459684909333
1.0336763371464925,-6.202181882429893,0.05537482541138691
1.1370439708611417,-6.202181882429893,0.049371094551394476
1.2404116045757907,-6.202181882429893,0.037230202464199516
1.3437792382904399,-6.202181882429893,0.021701070246109375
1.447146872005089,-6.202181882429893,0.006282445120587502
1.550514505719738,-6.202181882429893,-0.005699287695055841
1.6538821394343872,-6.202181882429893,-0.011966104287373325
1.7572497731490362,-6.202181882429893,-0.011861047076878614
1.8606174068636854,-6.202181882429893,-0.006447527631800765
1.9639850405783346,-6.202181882429893,0.00189335258603059
2.0673526742929837,-6.202181882429893,0.010242933247435424
2.1707203080076343,-6.202181882429893,0.016061202765150554
2.2740879417222835,-6.202181882429893,0.017954681043190156
2.3774555754369326,-6.202181882429893,0.016057311483236983
2.4808232091515814,-6.202181882429893,0.011907177080055606
2.5841908428662306,-6.202181882429893,0.007861649147605074
2.6875584765808798,-6.202181882429893,0.006241345615166825
2.790926110295529,-6.202181882429893,0.008481696129422811
2.894293744010178,-6.202181882429893,0.014570937442033118
2.997661377724827,-6.202181882429893,0.02296386366248374
3.101029011439476,-6.202181882429893,0.03100920456309082
3.2043966451541253,-6.202181882429893,0.03576291591008085
3.3077642788687744,-6.202181882429893,0.03493288467527681
3.411131912583425,-6.202181882429893,0.02765369685979471
3.514499546298074,-6.202181882429893,0.014839132105265461
3.6178671800127233,-6.202181882429893,-0.0010096656000923695
3.7212348137273725,-6.202181882429893,-0.0164915838481304
3.8246024474420213,-6.202181882429893,-0.02828245817491096
3.9279700811566705,-6.202181882429893,-0.03410182492818758
4.031337714871319,-6.202181882429893,-0.03337001481888888
4.134705348585968,-6.202181882429893,-0.02735060085766157
4.238072982300618,-6.202181882429893,-0.01873260910625693
4.341440616015267,-6.202181882429893,-0.010781124913016601
4.444808249729916,-6.202181882429893,-0.006319198939850534
4.548175883444565,-6.202181882429893,-0.006856144727157118
4.651543517159214,-6.202181882429893,-0.01213124280587814
4.754911150873865,-6.202181882429893,-0.020212294447554978
4.858278784588514,-6.202181882429893,-0.028116270726142836
4.961646418303163,-6.202181882429893,-0.032758377070073744
5.065014052017812,-6.202181882429893,-0.031936062447923526
5.168381685732461,-6.202181882429893,-0.025046083082958904
5.27174931944711,-6.202181882429893,-0.013317099521252696
5.3751169531617595,-6.202181882429893,0.0005099493374063175
5.478484586876409,-6.202181882429893,0.012953434383915923
5.581852220591058,-6.202181882429893,0.02077988105180993
5.685219854305707,-6.202181882429893,0.02191479763383275
5.788587488020356,-6.202181882429893,0.01601010150723484
5.8919551217350055,-6.202181882429893,0.004511474145514132
5.995322755449654,-6.202181882429893,-0.009778865252128312
6.098690389164305,-6.202181882429893,-0.023500329362808457
6.202058022878954,-6.202181882429893,-0.03364977698613682
6.305425656593603,-6.202181882429893,-0.038348442042621084
6.408793290308252,-6.202181882429893,-0.03725015879924573
-6.408793290308252,-6.098812184389395,-0.01278268682220258
-6.305425656593603,-6.098812184389395,-0.005369009321736712
-6.202058022878954,-6.098812184389395,0.0007101714134622973
-6.098690389164304,-6.098812184389395,0.0037729447238176992
-5.995322755449655,-6.098812184389395,0.0032497438643746177
-5.8919551217350055,-6.098812184389395,-0.00024213937150072113
-5.788587488020356,-6.098812184389395,-0.005190130977923483
-5.685219854305708,-6.098812184389395,-0.009726657472508393
-5.581852220591058,-6.098812184389395,-0.012233239650461344
-5.478484586876409,-6.098812184389395,-0.011818574329039743
-5.3751169531617595,-6.098812184389395,-0.008535309042426822
-5.27174931944711,-6.098812184389395,-0.003292348758493749
-5.168381685732461,-6.098812184389395,0.0024829116618121563
-5.065014052017812,-6.098812184389395,0.007306391163108304
-4.961646418303163,-6.098812184389395,0.01007175134110003
-4.858278784588514,-6.098812184389395,0.010330574636898463
-4.754911150873865,-6.098812184389395,0.008352991182500888
-4.651543517159215,-6.098812184389395,0.0049783872085196156
-4.548175883444566,-6.098812184389395,0.0013284681725474839
-4.444808249729917,-6.098812184389395,-0.0015135675857996795
-4.341440616015267,-6.098812184389395,-0.0027600484912992792
-4.238072982300618,-6.098812184389395,-0.0020509422640076942
-4.134705348585968,-6.098812184389395,0.0005495022090402441
-4.031337714871319,-6.098812184389395,0.00465704881285956
-3.9279700811566705,-6.098812184389395,0.009713513550483522
-3.8246024474420213,-6.098812184389395,0.015116843698081752
-3.7212348137273725,-6.098812184389395,0.020300445578495422
-3.6178671800127233,-6.098812184389395,0.024759027534588095
-3.514499546298074,-6.098812184389395,0.02804499032827863
-3.411131912583425,-6.098812184389395,0.02977009440831375
-3.3077642788687753,-6.098812184389395,0.029638617642636242
-3.204396645154126,-6.098812184389395,0.027515710034195017
-3.101029011439477,-6.098812184389395,0.023509137045717058
-2.9976613777248278,-6.098812184389395,0.018026056677775803
-2.8942937440101786,-6.098812184389395,0.011766888356176142
-2.790926110295529,-6.098812184389395,0.005636482359406479
-2.6875584765808798,-6.098812184389395,0.0005819925919803835
-2.5841908428662306,-6.098812184389395,-0.0026043375915421204
-2.4808232091515814,-6.098812184389395,-0.0034624179083044895
-2.3774555754369326,-6.098812184389395,-0.0019687263729117792
-2.2740879417222835,-6.098812184389395,0.0014639101306715132
-2.1707203080076334,-6.098812184389395,0.006090530596822902
-2.067352674292984,-6.098812184389395,0.011009557431421665
-1.9639850405783352,-6.098812184389395,0.015356825247358586
-1.8606174068636863,-6.098812184389395,0.01846405991933579
-1.757249773149037,-6.098812184389395,0.01994490929747181
-1.6538821394343879,-6.098812184389395,0.019699836240309153
-1.550514505719738,-6.098812184389395,0.017859102013439678
-1.447146872005089,-6.098812184389395,0.014699974233343313
-1.3437792382904399,-6.098812184389395,0.010574378603096162
-1.2404116045757907,-6.098812184389395,0.005867863009539945
-1.1370439708611417,-6.098812184389395,0.0009878785806676476
-1.0336763371464925,-6.098812184389395,-0.003639908333485611
-0.9303087034318435,-6.098812184389395,-0.007594785132927245
-0.8269410697171936,-6.098812184389395,-0.01052063964994562
-0.7235734360025445,-6.098812184389395,-0.012215874559776314
-0.6202058022878953,-6.098812184389395,-0.012721954841746291
-0.5168381685732463,-6.098812184389395,-0.012364060728653882
-0.4134705348585972,-6.098812184389395,-0.011702531287291274
-0.31010290114394806,-6.098812184389395,-0.011380910468805006
-0.2067352674292982,-6.098812184389395,-0.01189772710079483
-0.1033676337146491,-6.098812184389395,-0.013369431247307457
0.,-6.098812184389395,-0.015373797243198711
0.1033676337146491,-6.098812184389395,-0.016953899220255017
0.2067352674292982,-6.098812184389395,-0.01682022434238347
0.31010290114394734,-6.098812184389395,-0.013723130014612365
0.4134705348585964,-6.098812184389395,-0.006900582055185099
0.5168381685732455,-6.098812184389395,0.0035383883307625427
0.6202058022878947,-6.098812184389395,0.016436125815589387
0.7235734360025438,-6.098812184389395,0.029709115224886992
0.8269410697171944,-6.098812184389395,0.0407790785126433
0.9303087034318435,-6.098812184389395,0.04721986890970478
1.0336763371464925,-6.098812184389395,0.04744577034971557
1.1370439708611417,-6.098812184389395,0.04123342215522517
1.2404116045757907,-6.098812184389395,0.0299007696029209
1.3437792382904399,-6.098812184389395,0.016057863575200504
1.447146872005089,-6.098812184389395,0.0029710394452440196
1.550514505719738,-6.098812184389395,-0.006294714199363762
1.6538821394343872,-6.098812184389395,-0.009710936183514596
1.7572497731490362,-6.098812184389395,-0.006847206547202053
1.8606174068636854,-6.098812184389395,0.0010200561862705661
1.9639850405783346,-6.098812184389395,0.011298172050513977
2.0673526742929837,-6.098812184389395,0.020861739597778196
2.1707203080076343,-6.098812184389395,0.02699717394536721
2.2740879417222835,-6.098812184389395,0.028219630658642376
2.3774555754369326,-6.098812184389395,0.024706680673733425
2.4808232091515814,-6.098812184389395,0.01820815368719839
2.5841908428662306,-6.098812184389395,0.011454318349731594
2.6875584765808798,-6.098812184389395,0.007244141019971574
2.790926110295529,-6.098812184389395,0.007500465189108316
2.894293744010178,-6.098812184389395,0.012594559195672156
2.997661377724827,-6.098812184389395,0.021161654566959193
3.101029011439476,-6.098812184389395,0.03047590256192419
3.2043966451541253,-6.098812184389395,0.03727551293198585
3.3077642788687744,-6.098812184389395,0.038783355479717105
3.411131912583425,-6.098812184389395,0.033602174416501374
3.514499546298074,-6.098812184389395,0.02219904833565346
3.6178671800127233,-6.098812184389395,0.006820625978858177
3.7212348137273725,-6.098812184389395,-0.009140758057429824
3.8246024474420213,-6.098812184389395,-0.022136451862061556
3.9279700811566705,-6.098812184389395,-0.029499722047883592
4.031337714871319,-6.098812184389395,-0.03021017195281981
4.134705348585968,-6.098812184389395,-0.025147892292004148
4.238072982300618,-6.098812184389395,-0.016762015500799886
4.341440616015267,-6.098812184389395,-0.008262919000640537
4.444808249729916,-6.098812184389395,-0.0025964725514265063
4.548175883444565,-6.098812184389395,-0.0015250968469104752
4.651543517159214,-6.098812184389395,-0.005103356609964554
4.754911150873865,-6.098812184389395,-0.01170792610556902
4.858278784588514,-6.098812184389395,-0.01860455764384127
4.961646418303163,-6.098812184389395,-0.022865040215607195
5.065014052017812,-6.098812184389395,-0.02233889560114423
5.168381685732461,-6.098812184389395,-0.0163712829522687
5.27174931944711,-6.098812184389395,-0.006043063889000328
5.3751169531617595,-6.098812184389395,0.006137184225927665
5.478484586876409,-6.098812184389395,0.016986211374423098
5.581852220591058,-6.098812184389395,0.023603790245577135
5.685219854305707,-6.098812184389395,0.024235667957452075
5.788587488020356,-6.098812184389395,0.01877853374760968
5.8919551217350055,-6.098812184389395,0.00878119747222728
5.995322755449654,-6.098812184389395,-0.0030443462736625976
6.098690389164305,-6.098812184389395,-0.01363813921447349
6.202058022878954,-6.098812184389395,-0.020475871132239743
6.305425656593603,-6.098812184389395,-0.022252424733257534
6.408793290308252,-6.098812184389395,-0.01916985233945951
-6.408793290308252,-5.995442486348897,0.008277317863525677
-6.305425656593603,-5.995442486348897,0.014349517276925072
-6.202058022878954,-5.995442486348897,0.01817597677875002
-6.098690389164304,-5.995442486348897,0.018476283378633107
-5.995322755449655,-5.995442486348897,0.015087878536812122
-5.8919551217350055,-5.995442486348897,0.008961507540988256
-5.788587488020356,-5.995442486348897,0.0018100019096910572
-5.685219854305708,-5.995442486348897,-0.0044594907920115475
-5.581852220591058,-5.995442486348897,-0.008338230370959406
-5.478484586876409,-5.995442486348897,-0.009145733396362581
-5.3751169531617595,-5.995442486348897,-0.0071729511445039265
-5.27174931944711,-5.995442486348897,-0.0035146869415962423
-5.168381685732461,-5.995442486348897,0.0003323532534144264
-5.065014052017812,-5.995442486348897,0.002961194492904041
-4.961646418303163,-5.995442486348897,0.003475215155580753
-4.858278784588514,-5.995442486348897,0.0017145444590977406
-4.754911150873865,-5.995442486348897,-0.0017608427230795477
-4.651543517159215,-5.995442486348897,-0.005897574379217203
-4.548175883444566,-5.995442486348897,-0.009488266092117233
-4.444808249729917,-5.995442486348897,-0.011503811388401347
-4.341440616015267,-5.995442486348897,-0.011318591757733934
-4.238072982300618,-5.995442486348897,-0.008780474464900798
-4.134705348585968,-5.995442486348897,-0.004139084263287106
-4.031337714871319,-5.995442486348897,0.0021064695348784893
-3.9279700811566705,-5.995442486348897,0.0093619443430578
-3.8246024474420213,-5.995442486348897,0.017032640663451087
-3.7212348137273725,-5.995442486348897,0.024537445952127375
-3.6178671800127233,-5.995442486348897,0.03126726721880284
-3.514499546298074,-5.995442486348897,0.03654391884700105
-3.411131912583425,-5.995442486348897,0.03963830345334368
-3.3077642788687753,-5.995442486348897,0.039879843085688774
-3.204396645154126,-5.995442486348897,0.036843628076846456
-3.101029011439477,-5.995442486348897,0.030556728432014037
-2.9976613777248278,-5.995442486348897,0.02164014801641465
-2.8942937440101786,-5.995442486348897,0.011310317680731936
-2.790926110295529,-5.995442486348897,0.0012037988473947796
-2.6875584765808798,-5.995442486348897,-0.0069517829441383665
-2.5841908428662306,-5.995442486348897,-0.011739745776121184
-2.4808232091515814,-5.995442486348897,-0.01241393806365582
-2.3774555754369326,-5.995442486348897,-0.009103522961576075
-2.2740879417222835,-5.995442486348897,-0.002792281112525738
-2.1707203080076334,-5.995442486348897,0.00493051047090293
-2.067352674292984,-5.995442486348897,0.012279169845288658
-1.9639850405783352,-5.995442486348897,0.017721436120460607
-1.8606174068636863,-5.995442486348897,0.020337194107416877
-1.757249773149037,-5.995442486348897,0.019984410485067265
-1.6538821394343879,-5.995442486348897,0.01723334772529356
-1.550514505719738,-5.995442486348897,0.0131041436156364
-1.447146872005089,-5.995442486348897,0.008703103093415064
-1.3437792382904399,-5.995442486348897,0.0048796098633389125
-1.2404116045757907,-5.995442486348897,0.0020105175026157193
-1.1370439708611417,-5.995442486348897,-0.000031070009365131845
-1.0336763371464925,-5.995442486348897,-0.001731895514776798
-0.9303087034318435,-5.995442486348897,-0.0036874461074451886
-0.8269410697171936,-5.995442486348897,-0.006342491311027489
-0.7235734360025445,-5.995442486348897,-0.009815785438983643
-0.6202058022878953,-5.995442486348897,-0.013862280832454797
-0.5168381685732463,-5.995442486348897,-0.017970426662624914
-0.4134705348585972,-5.995442486348897,-0.02154156979977608
-0.31010290114394806,-5.995442486348897,-0.024072169374471365
-0.2067352674292982,-5.995442486348897,-0.025266585518729637
-0.1033676337146491,-5.995442486348897,-0.025044430822821238
0.,-5.995442486348897,-0.023456188154191704
0.1033676337146491,-5.995442486348897,-0.02056299256976136
0.2067352674292982,-5.995442486348897,-0.0163531359492672
0.31010290114394734,-5.995442486348897,-0.01075122235095399
0.4134705348585964,-5.995442486348897,-0.0037318613448480776
0.5168381685732455,-5.995442486348897,0.004504032975374567
0.6202058022878947,-5.995442486348897,0.013373080681879871
0.7235734360025438,-5.995442486348897,0.02186493035369638
0.8269410697171944,-5.995442486348897,0.02867028362862
0.9303087034318435,-5.995442486348897,0.03248030155280182
1.0336763371464925,-5.995442486348897,0.03238430451862671
1.1370439708611417,-5.995442486348897,0.028238395500392977
1.2404116045757907,-5.995442486348897,0.020864542695779895
1.3437792382904399,-5.995442486348897,0.011977903048920477
1.447146872005089,-5.995442486348897,0.003821550509130104
1.550514505719738,-5.995442486348897,-0.0014127543196394473
1.6538821394343872,-5.995442486348897,-0.0022156130442699995
1.7572497731490362,-5.995442486348897,0.0017554221001726507
1.8606174068636854,-5.995442486348897,0.009507560126442367
1.9639850405783346,-5.995442486348897,0.018941771151262977
2.0673526742929837,-5.995442486348897,0.02743639068015443
2.1707203080076343,-5.995442486348897,0.032623662379593264
2.2740879417222835,-5.995442486348897,0.033123842938580436
2.3774555754369326,-5.995442486348897,0.02900077530457749
2.4808232091515814,-5.995442486348897,0.021779740785979284
2.5841908428662306,-5.995442486348897,0.014001659477986877
2.6875584765808798,-5.995442486348897,0.008436086196644035
2.790926110295529,-5.995442486348897,0.007190729606845223
2.894293744010178,-5.995442486348897,0.0109981037609366
2.997661377724827,-5.995442486348897,0.01891351393475794
3.101029011439476,-5.995442486348897,0.028534845586053268
3.2043966451541253,-5.995442486348897,0.036691364060262556
3.3077642788687744,-5.995442486348897,0.040397833491340344
3.411131912583425,-5.995442486348897,0.037780950228902835
3.514499546298074,-5.995442486348897,0.028687630979446252
3.6178671800127233,-5.995442486348897,0.014780057763492782
3.7212348137273725,-5.995442486348897,-0.0009186555532387946
3.8246024474420213,-5.995442486348897,-0.014892048653031875
3.9279700811566705,-5.995442486348897,-0.024144676068924016
4.031337714871319,-5.995442486348897,-0.02705046338433102
4.134705348585968,-5.995442486348897,-0.023775207620652
4.238072982300618,-5.995442486348897,-0.01614867312363429
4.341440616015267,-5.995442486348897,-0.007035875922106176
4.444808249729916,-5.995442486348897,0.000585914598104079
4.548175883444565,-5.995442486348897,0.004548480889086847
4.651543517159214,-5.995442486348897,0.004122486707638079
4.754911150873865,-5.995442486348897,0.00016483565375947066
4.858278784588514,-5.995442486348897,-0.005249090115127255
4.961646418303163,-5.995442486348897,-0.009575042013850963
5.065014052017812,-5.995442486348897,-0.010678382886631883
5.168381685732461,-5.995442486348897,-0.007552904653546935
5.27174931944711,-5.995442486348897,-0.0006500681091698284
5.3751169531617595,-5.995442486348897,0.008279367912481487
5.478484586876409,-5.995442486348897,0.01676858638359801
5.581852220591058,-5.995442486348897,0.02244336633784226
5.685219854305707,-5.995442486348897,0.02378804494838864
5.788587488020356,-5.995442486348897,0.02062088843331583
5.8919551217350055,-5.995442486348897,0.014131307661723063
5.995322755449654,-5.995442486348897,0.006477086145686522
6.098690389164305,-5.995442486348897,0.00008221380725240746
6.202058022878954,-5.995442486348897,-0.0031312850797392848
6.305425656593603,-5.995442486348897,-0.0023297636416809175
6.408793290308252,-5.995442486348897,0.0020088451779572067
-6.408793290308252,-5.892072788308399,0.026401409768181262
-6.305425656593603,-5.892072788308399,0.030878579584179982
-6.202058022878954,-5.892072788308399,0.032718393724660386
-6.098690389164304,-5.892072788308399,0.0309334007437858
-5.995322755449655,-5.892072788308399,0.025557297542035524
-5.8919551217350055,-5.892072788308399,0.017635530302210944
-5.788587488020356,-5.892072788308399,0.008890597858589689
-5.685219854305708,-5.892072788308399,0.0011802547417776041
-5.581852220591058,-5.892072788308399,-0.004068697803949426
-5.478484586876409,-5.892072788308399,-0.0062671149170737475
-5.3751169531617595,-5.892072788308399,-0.0057867438631031415
-5.27174931944711,-5.892072788308399,-0.0037744122713206075
-5.168381685732461,-5.892072788308399,-0.0017335525403994933
-5.065014052017812,-5.892072788308399,-0.0010205273864903964
-4.961646418303163,-5.892072788308399,-0.0024211787341908045
-4.858278784588514,-5.892072788308399,-0.005934958600942303
-4.754911150873865,-5.892072788308399,-0.010816437178828762
-4.651543517159215,-5.892072788308399,-0.015836117551882332
-4.548175883444566,-5.892072788308399,-0.01965527684547686
-4.444808249729917,-5.892072788308399,-0.021184666772992442
-4.341440616015267,-5.892072788308399,-0.019819486621616172
-4.238072982300618,-5.892072788308399,-0.015500763770221228
-4.134705348585968,-5.892072788308399,-0.00862180323361225
-4.031337714871319,-5.892072788308399,0.00014900447668803776
-3.9279700811566705,-5.892072788308399,0.010039914230636141
-3.8246024474420213,-5.892072788308399,0.02027424700212965
-3.7212348137273725,-5.892072788308399,0.030076460516891203
-3.6178671800127233,-5.892072788308399,0.0386208826934836
-3.514499546298074,-5.892072788308399,0.044993375743164456
-3.411131912583425,-5.892072788308399,0.048236556838689264
-3.3077642788687753,-5.892072788308399,0.047513075636107086
-3.204396645154126,-5.892072788308399,0.04236269496593797
-3.101029011439477,-5.892072788308399,0.0329717084758445
-2.9976613777248278,-5.892072788308399,0.020342728947937067
-2.8942937440101786,-5.892072788308399,0.006265248285881997
-2.790926110295529,-5.892072788308399,-0.0069571671949055156
-2.6875584765808798,-5.892072788308399,-0.016985401537832706
-2.5841908428662306,-5.892072788308399,-0.02201171032229614
-2.4808232091515814,-5.892072788308399,-0.02125017785470948
-2.3774555754369326,-5.892072788308399,-0.015190989873311031
-2.2740879417222835,-5.892072788308399,-0.005519490306618725
-2.1707203080076334,-5.892072788308399,0.005299639490189228
-2.067352674292984,-5.892072788308399,0.014666315577032586
-1.9639850405783352,-5.892072788308399,0.02053273912100422
-1.8606174068636863,-5.892072788308399,0.02192940440162643
-1.757249773149037,-5.892072788308399,0.019168959395460008
-1.6538821394343879,-5.892072788308399,0.013665817939233094
-1.550514505719738,-5.892072788308399,0.007430070279564772
-1.447146872005089,-5.892072788308399,0.0023977332260864447
-1.3437792382904399,-5.892072788308399,-0.00018874814286200521
-1.2404116045757907,-5.892072788308399,-0.0001532736408691411
-1.1370439708611417,-5.892072788308399,0.001602928228903159
-1.0336763371464925,-5.892072788308399,0.003448574319224697
-0.9303087034318435,-5.892072788308399,0.003607844953597953
-0.8269410697171936,-5.892072788308399,0.0007883156115770518
-0.7235734360025445,-5.892072788308399,-0.005354922987536027
-0.6202058022878953,-5.892072788308399,-0.0140675296960017
-0.5168381685732463,-5.892072788308399,-0.02369969490074199
-0.4134705348585972,-5.892072788308399,-0.03219139667919093
-0.31010290114394806,-5.892072788308399,-0.037675584012146796
-0.2067352674292982,-5.892072788308399,-0.03900318036398285
-0.1033676337146491,-5.892072788308399,-0.036027484297635255
0.,-5.892072788308399,-0.02957197054413178
0.1033676337146491,-5.892072788308399,-0.0211134792928303
0.2067352674292982,-5.892072788308399,-0.012304628919162798
0.31010290114394734,-5.892072788308399,-0.004504057898465249
0.4134705348585964,-5.892072788308399,0.0015327235062079856
0.5168381685732455,-5.892072788308399,0.005717267289247996
0.6202058022878947,-5.892072788308399,0.008456264578675505
0.7235734360025438,-5.892072788308399,0.010337897449770305
0.8269410697171944,-5.892072788308399,0.011815583217382509
0.9303087034318435,-5.892072788308399,0.013018217960690207
1.0336763371464925,-5.892072788308399,0.01375652697576862
1.1370439708611417,-5.892072788308399,0.013710081495751028
1.2404116045757907,-5.892072788308399,0.012702282145703209
1.3437792382904399,-5.892072788308399,0.01093139721166364
1.447146872005089,-5.892072788308399,0.00904037950913848
1.550514505719738,-5.892072788308399,0.007971928638476958
1.6538821394343872,-5.892072788308399,0.008644316945540412
1.7572497731490362,-5.892072788308399,0.011563604201996133
1.8606174068636854,-5.892072788308399,0.016526987317199156
1.9639850405783346,-5.892072788308399,0.022552487654194747
2.0673526742929837,-5.892072788308399,0.02809580572058538
2.1707203080076343,-5.892072788308399,0.03151073923718258
2.2740879417222835,-5.892072788308399,0.03161245128903951
2.3774555754369326,-5.892072788308399,0.028149855815340605
2.4808232091515814,-5.892072788308399,0.022007100094343132
2.5841908428662306,-5.892072788308399,0.015034189821086966
2.6875584765808798,-5.892072788308399,0.009528881072977094
2.790926110295529,-5.892072788308399,0.007515358788024366
2.894293744010178,-5.892072788308399,0.010046604423331615
2.997661377724827,-5.892072788308399,0.016765933645247182
3.101029011439476,-5.892072788308399,0.025892013355332297
3.2043966451541253,-5.892072788308399,0.034661016765495746
3.3077642788687744,-5.892072788308399,0.04011095015288254
3.411131912583425,-5.892072788308399,0.03997581454851511
3.514499546298074,-5.892072788308399,0.03341154689822437
3.6178671800127233,-5.892072788308399,0.021319209557780373
3.7212348137273725,-5.892072788308399,0.0061519122419947374
3.8246024474420213,-5.892072788308399,-0.008747357986869885
3.9279700811566705,-5.892072788308399,-0.020081176780021543
4.031337714871319,-5.892072788308399,-0.025522557819228336
4.134705348585968,-5.892072788308399,-0.024347288577780662
4.238072982300618,-5.892072788308399,-0.017583471805823266
4.341440616015267,-5.892072788308399,-0.007640136593918946
4.444808249729916,-5.892072788308399,0.002459973077718768
4.548175883444565,-5.892072788308399,0.009996767161567185
4.651543517159214,-5.892072788308399,0.01333069674024055
4.754911150873865,-5.892072788308399,0.012306329856573782
4.858278784588514,-5.892072788308399,0.00817204948113234
4.961646418303163,-5.892072788308399,0.0030645292368875433
5.065014052017812,-5.892072788308399,-0.00075547752718843
5.168381685732461,-5.892072788308399,-0.0016565927573343065
5.27174931944711,-5.892072788308399,0.0008655991695752705
5.3751169531617595,-5.892072788308399,0.006097489460274975
5.478484586876409,-5.892072788308399,0.012432545537736078
5.581852220591058,-5.892072788308399,0.01798288234734305
5.685219854305707,-5.892072788308399,0.021256452828107945
5.788587488020356,-5.892072788308399,0.02166515944254067
5.8919551217350055,-5.892072788308399,0.01969505472091724
5.995322755449654,-5.892072788308399,0.01669085008754726
6.098690389164305,-5.892072788308399,0.01434066004197774
6.202058022878954,-5.892072788308399,0.01404756922908719
6.305425656593603,-5.892072788308399,0.016408913018089645
6.408793290308252,-5.892072788308399,0.020982191647974355
-6.408793290308252,-5.7887030902679,0.03764921342487797
-6.305425656593603,-5.7887030902679,0.0404513838425875
-6.202058022878954,-5.7887030902679,0.04069214584275771
-6.098690389164304,-5.7887030902679,0.03755613624740181
-5.995322755449655,-5.7887030902679,0.031114696382386845
-5.8919551217350055,-5.7887030902679,0.022359748339979963
-5.788587488020356,-5.7887030902679,0.01292311946885767
-5.685219854305708,-5.7887030902679,0.004577013146569181
-5.581852220591058,-5.7887030902679,-0.001313565081820506
-5.478484586876409,-5.7887030902679,-0.004201175579552289
-5.3751169531617595,-5.7887030902679,-0.004493673983553293
-5.27174931944711,-5.7887030902679,-0.003378964971466925
-5.168381685732461,-5.7887030902679,-0.0024025778730741186
-5.065014052017812,-5.7887030902679,-0.0029440315137763727
-4.961646418303163,-5.7887030902679,-0.0057655088563248625
-4.858278784588514,-5.7887030902679,-0.010774041738547846
-4.754911150873865,-5.7887030902679,-0.01706021371152711
-4.651543517159215,-5.7887030902679,-0.023181798605365955
-4.548175883444566,-5.7887030902679,-0.02758357430078367
-4.444808249729917,-5.7887030902679,-0.0290106194927422
-4.341440616015267,-5.7887030902679,-0.026790587638492028
-4.238072982300618,-5.7887030902679,-0.020920192740659666
-4.134705348585968,-5.7887030902679,-0.011967209440574101
-4.031337714871319,-5.7887030902679,-0.0008618646735268487
-3.9279700811566705,-5.7887030902679,0.011322345648659193
-3.8246024474420213,-5.7887030902679,0.023516110820329058
-3.7212348137273725,-5.7887030902679,0.03469890623583111
-3.6178671800127233,-5.7887030902679,0.043870448993783576
-3.514499546298074,-5.7887030902679,0.05002177410249988
-3.411131912583425,-5.7887030902679,0.05218409704467162
-3.3077642788687753,-5.7887030902679,0.049597307712418784
-3.204396645154126,-5.7887030902679,0.041975779570456236
-3.101029011439477,-5.7887030902679,0.029784009251409622
-2.9976613777248278,-5.7887030902679,0.01439786155406765
-2.8942937440101786,-5.7887030902679,-0.0019609376782382918
-2.790926110295529,-5.7887030902679,-0.016566847731769946
-2.6875584765808798,-5.7887030902679,-0.026763853787233068
-2.5841908428662306,-5.7887030902679,-0.030630444994502404
-2.4808232091515814,-5.7887030902679,-0.027539138655510047
-2.3774555754369326,-5.7887030902679,-0.018419076759377154
-2.2740879417222835,-5.7887030902679,-0.005604064491459651
-2.1707203080076334,-5.7887030902679,0.007728786257650834
-2.067352674292984,-5.7887030902679,0.018391435522537837
-1.9639850405783352,-5.7887030902679,0.024051601268237324
-1.8606174068636863,-5.7887030902679,0.023869926704529768
-1.757249773149037,-5.7887030902679,0.01870199416514427
-1.6538821394343879,-5.7887030902679,0.010788633251346243
-1.550514505719738,-5.7887030902679,0.0030185458625851987
-1.447146872005089,-5.7887030902679,-0.0020126831180460824
-1.3437792382904399,-5.7887030902679,-0.0028509886302349563
-1.2404116045757907,-5.7887030902679,0.0003343558248407393
-1.1370439708611417,-5.7887030902679,0.005797217160091322
-1.0336763371464925,-5.7887030902679,0.010783201528849314
-0.9303087034318435,-5.7887030902679,0.012444629842236895
-0.8269410697171936,-5.7887030902679,0.008810666274160215
-0.7235734360025445,-5.7887030902679,-0.0005010866131290102
-0.6202058022878953,-5.7887030902679,-0.014065883033608192
-0.5168381685732463,-5.7887030902679,-0.02900403254018681
-0.4134705348585972,-5.7887030902679,-0.0417991400365353
-0.31010290114394806,-5.7887030902679,-0.04932773794618719
-0.2067352674292982,-5.7887030902679,-0.049777940795750555
-0.1033676337146491,-5.7887030902679,-0.04317111395403428
0.,-5.7887030902679,-0.031328700423559536
0.1033676337146491,-5.7887030902679,-0.017303841225227316
0.2067352674292982,-5.7887030902679,-0.004465891351820733
0.31010290114394734,-5.7887030902679,0.004469378469021245
0.4134705348585964,-5.7887030902679,0.008163142794231512
0.5168381685732455,-5.7887030902679,0.006918888626900719
0.6202058022878947,-5.7887030902679,0.0024328270755320227
0.7235734360025438,-5.7887030902679,-0.0028603783778006512
0.8269410697171944,-5.7887030902679,-0.006612072850847225
0.9303087034318435,-5.7887030902679,-0.0072782846736635844
1.0336763371464925,-5.7887030902679,-0.004508624718737131
1.1370439708611417,-5.7887030902679,0.0008943512357288643
1.2404116045757907,-5.7887030902679,0.0073937545917666225
1.3437792382904399,-5.7887030902679,0.013337925325680473
1.447146872005089,-5.7887030902679,0.017546609493694073
1.550514505719738,-5.7887030902679,0.019657473958841917
1.6538821394343872,-5.7887030902679,0.020126814453802645
1.7572497731490362,-5.7887030902679,0.019912125904620593
1.8606174068636854,-5.7887030902679,0.019982284872341483
1.9639850405783346,-5.7887030902679,0.020860816257741232
2.0673526742929837,-5.7887030902679,0.022388384650977273
2.1707203080076343,-5.7887030902679,0.02380067156076538
2.2740879417222835,-5.7887030902679,0.024091389748184006
2.3774555754369326,-5.7887030902679,0.02251484429135893
2.4808232091515814,-5.7887030902679,0.019021691682769324
2.5841908428662306,-5.7887030902679,0.014439063003748302
2.6875584765808798,-5.7887030902679,0.010297112881375402
2.790926110295529,-5.7887030902679,0.008336333749549908
2.894293744010178,-5.7887030902679,0.009855761269957268
2.997661377724827,-5.7887030902679,0.015134792214433722
3.101029011439476,-5.7887030902679,0.023152060908965755
3.2043966451541253,-5.7887030902679,0.031733670044637244
3.3077642788687744,-5.7887030902679,0.03811934223376769
3.411131912583425,-5.7887030902679,0.03978760800750837
3.514499546298074,-5.7887030902679,0.03528160213728239
3.6178671800127233,-5.7887030902679,0.024761769269720058
3.7212348137273725,-5.7887030902679,0.010088906251793603
3.8246024474420213,-5.7887030902679,-0.005612974218397424
3.9279700811566705,-5.7887030902679,-0.018797003675653238
4.031337714871319,-5.7887030902679,-0.026486859176410273
4.134705348585968,-5.7887030902679,-0.02711897183131979
4.238072982300618,-5.7887030902679,-0.020973305679188172
4.341440616015267,-5.7887030902679,-0.010060783465599398
4.444808249729916,-5.7887030902679,0.0024937602194882247
4.548175883444565,-5.7887030902679,0.013376813930670622
4.651543517159214,-5.7887030902679,0.02003052286670315
4.754911150873865,-5.7887030902679,0.0213282467671427
4.858278784588514,-5.7887030902679,0.017786724638511605
4.961646418303163,-5.7887030902679,0.011273192406082594
5.065014052017812,-5.7887030902679,0.004327039839845687
5.168381685732461,-5.7887030902679,-0.0006678873517631394
5.27174931944711,-5.7887030902679,-0.00218923176726065
5.3751169531617595,-5.7887030902679,0.000055652383149259236
5.478484586876409,-5.7887030902679,0.005191620277745019
5.581852220591058,-5.7887030902679,0.011612248404481485
5.685219854305707,-5.7887030902679,0.017613675754412226
5.788587488020356,-5.7887030902679,0.021993098361351097
5.8919551217350055,-5.7887030902679,0.024406154278428988
5.995322755449654,-5.7887030902679,0.025373967790142168
6.098690389164305,-5.7887030902679,0.025960571907946803
6.202058022878954,-5.7887030902679,0.02725830769704714
6.305425656593603,-5.7887030902679,0.029882229786409416
6.408793290308252,-5.7887030902679,0.0336641030190047
-6.408793290308252,-5.685333392227402,0.040446984025438414
-6.305425656593603,-5.685333392227402,0.04152272268569861
-6.202058022878954,-5.685333392227402,0.040397661699961104
-6.098690389164304,-5.685333392227402,0.0363758349382929
-5.995322755449655,-5.685333392227402,0.029530017815660017
-5.8919551217350055,-5.685333392227402,0.020781195852423804
-5.788587488020356,-5.685333392227402,0.01166323301391246
-5.685219854305708,-5.685333392227402,0.0038508225077064024
-5.581852220591058,-5.685333392227402,-0.001383828175194208
-5.478484586876409,-5.685333392227402,-0.0035930371414190005
-5.3751169531617595,-5.685333392227402,-0.0033039779260524184
-5.27174931944711,-5.685333392227402,-0.0018421164503757091
-5.168381685732461,-5.685333392227402,-0.0008862522251433634
-5.065014052017812,-5.685333392227402,-0.0019052305697633074
-4.961646418303163,-5.685333392227402,-0.005664136139014929
-4.858278784588514,-5.685333392227402,-0.011959922975511251
-4.754911150873865,-5.685333392227402,-0.019664822099366812
-4.651543517159215,-5.685333392227402,-0.02705100697667674
-4.548175883444566,-5.685333392227402,-0.03227952137242912
-4.444808249729917,-5.685333392227402,-0.03389132112341483
-4.341440616015267,-5.685333392227402,-0.031151723321305013
-4.238072982300618,-5.685333392227402,-0.024163023906138028
-4.134705348585968,-5.685333392227402,-0.013747132323218897
-4.031337714871319,-5.685333392227402,-0.0011770590139394384
-3.9279700811566705,-5.685333392227402,0.012125082974707319
-3.8246024474420213,-5.685333392227402,0.024817133516063697
-3.7212348137273725,-5.685333392227402,0.03573949968253186
-3.6178671800127233,-5.685333392227402,0.04390765320948674
-3.514499546298074,-5.685333392227402,0.048466498990060655
-3.411131912583425,-5.685333392227402,0.048695439656012425
-3.3077642788687753,-5.685333392227402,0.04412284864812241
-3.204396645154126,-5.685333392227402,0.03474370169990273
-3.101029011439477,-5.685333392227402,0.021262263455519077
-2.9976613777248278,-5.685333392227402,0.0052358970054311345
-2.8942937440101786,-5.685333392227402,-0.010999240397958897
-2.790926110295529,-5.685333392227402,-0.024679236041147214
-2.6875584765808798,-5.685333392227402,-0.03319969335611456
-2.5841908428662306,-5.685333392227402,-0.03479626477102517
-2.4808232091515814,-5.685333392227402,-0.02911019619282028
-2.3774555754369326,-5.685333392227402,-0.01743313831973491
-2.2740879417222835,-5.685333392227402,-0.0025037607731751726
-2.1707203080076334,-5.685333392227402,0.012136872228644067
-2.067352674292984,-5.685333392227402,0.023075966908277554
-1.9639850405783352,-5.685333392227402,0.027979787678580288
-1.8606174068636863,-5.685333392227402,0.0262678609465885
-1.757249773149037,-5.685333392227402,0.019280619859624735
-1.6538821394343879,-5.685333392227402,0.009859519148904069
-1.550514505719738,-5.685333392227402,0.0014450287593099883
-1.447146872005089,-5.685333392227402,-0.0030390343696559746
-1.3437792382904399,-5.685333392227402,-0.0021630212810990167
-1.2404116045757907,-5.685333392227402,0.0034923050346418044
-1.1370439708611417,-5.685333392227402,0.011467115179401377
-1.0336763371464925,-5.685333392227402,0.018183468052520753
-0.9303087034318435,-5.685333392227402,0.020111135655568543
-0.8269410697171936,-5.685333392227402,0.014972784056433838
-0.7235734360025445,-5.685333392227402,0.0025971095589602884
-0.6202058022878953,-5.685333392227402,-0.014870180595504767
-0.5168381685732463,-5.685333392227402,-0.03348872816171493
-0.4134705348585972,-5.685333392227402,-0.04863649078897353
-0.31010290114394806,-5.685333392227402,-0.05637734816476511
-0.2067352674292982,-5.685333392227402,-0.054658678358162655
-0.1033676337146491,-5.685333392227402,-0.043960702382994286
0.,-5.685333392227402,-0.02718780651809337
0.1033676337146491,-5.685333392227402,-0.008829141975867002
0.2067352674292982,-5.685333392227402,0.006354560218763568
0.31010290114394734,-5.685333392227402,0.014712913388820753
0.4134705348585964,-5.685333392227402,0.014732563705215007
0.5168381685732455,-5.685333392227402,0.007400446095550774
0.6202058022878947,-5.685333392227402,-0.0041924359112422245
0.7235734360025438,-5.685333392227402,-0.015863607966112667
0.8269410697171944,-5.685333392227402,-0.023636270939705897
0.9303087034318435,-5.685333392227402,-0.02491070877239003
1.0336763371464925,-5.685333392227402,-0.01915431635664996
1.1370439708611417,-5.685333392227402,-0.007921175134600443
1.2404116045757907,-5.685333392227402,0.005766808083912812
1.3437792382904399,-5.685333392227402,0.018443465374856853
1.447146872005089,-5.685333392227402,0.027275991511510105
1.550514505719738,-5.685333392227402,0.030849229284174495
1.6538821394343872,-5.685333392227402,0.029426777526965646
1.7572497731490362,-5.685333392227402,0.02464696227921563
1.8606174068636854,-5.685333392227402,0.018803662807182087
1.9639850405783346,-5.685333392227402,0.013992626661097369
2.0673526742929837,-5.685333392227402,0.01143104385538635
2.1707203080076343,-5.685333392227402,0.01117664176001401
2.2740879417222835,-5.685333392227402,0.012315145266133684
2.3774555754369326,-5.685333392227402,0.013509926564570849
2.4808232091515814,-5.685333392227402,0.013677973861034837
2.5841908428662306,-5.685333392227402,0.012517309348303312
2.6875584765808798,-5.685333392227402,0.01067482234872842
2.790926110295529,-5.685333392227402,0.009485275939167582
2.894293744010178,-5.685333392227402,0.010379388566075353
2.997661377724827,-5.685333392227402,0.014190021320076707
3.101029011439476,-5.685333392227402,0.02063240182356938
3.2043966451541253,-5.685333392227402,0.02817905577867299
3.3077642788687744,-5.685333392227402,0.034411418242924
3.411131912583425,-5.685333392227402,0.03675675004902429
3.514499546298074,-5.685333392227402,0.03337267420662763
3.6178671800127233,-5.685333392227402,0.023875223616143075
3.7212348137273725,-5.685333392227402,0.009645113718182574
3.8246024474420213,-5.685333392227402,-0.006420190023004455
3.9279700811566705,-5.685333392227402,-0.020658273962778258
4.031337714871319,-5.685333392227402,-0.029676365020957874
4.134705348585968,-5.685333392227402,-0.03134733185796947
4.238072982300618,-5.685333392227402,-0.025450723532866086
4.341440616015267,-5.685333392227402,-0.01375202913415821
4.444808249729916,-5.685333392227402,0.0005085895307219768
4.548175883444565,-5.685333392227402,0.013559297627251716
4.651543517159214,-5.685333392227402,0.02217743665860684
4.754911150873865,-5.685333392227402,0.02457560832643354
4.858278784588514,-5.685333392227402,0.020829293208571364
4.961646418303163,-5.685333392227402,0.012734211617295096
5.065014052017812,-5.685333392227402,0.00316481890621604
5.168381685732461,-5.685333392227402,-0.004841077542219766
5.27174931944711,-5.685333392227402,-0.008971954720540062
5.3751169531617595,-5.685333392227402,-0.008232718548930627
5.478484586876409,-5.685333392227402,-0.0030752812849129127
5.581852220591058,-5.685333392227402,0.004930713452712559
5.685219854305707,-5.685333392227402,0.013736947497493511
5.788587488020356,-5.685333392227402,0.021524348564681533
5.8919551217350055,-5.685333392227402,0.02723531033175429
5.995322755449654,-5.685333392227402,0.030765842821652203
6.098690389164305,-5.685333392227402,0.03278522111327693
6.202058022878954,-5.685333392227402,0.03428574566310233
6.305425656593603,-5.685333392227402,0.03605576154011439
6.408793290308252,-5.685333392227402,0.03828513283224763
-6.408793290308252,-5.5819636941869035,0.035788553992148656
-6.305425656593603,-5.5819636941869035,0.03500267832791413
-6.202058022878954,-5.5819636941869035,0.03242997352979814
-6.098690389164304,-5.5819636941869035,0.027556485137250782
-5.995322755449655,-5.5819636941869035,0.020559476714220735
-5.8919551217350055,-5.5819636941869035,0.012387232330754219
-5.788587488020356,-5.5819636941869035,0.0045247541936002935
-5.685219854305708,-5.5819636941869035,-0.0014782602507587856
-5.581852220591058,-5.5819636941869035,-0.0045479234811875505
-5.478484586876409,-5.5819636941869035,-0.004495568749478312
-5.3751169531617595,-5.5819636941869035,-0.002139567619427311
-5.27174931944711,-5.5819636941869035,0.0009164094759347262
-5.168381685732461,-5.5819636941869035,0.002783290260293626
-5.065014052017812,-5.5819636941869035,0.0019008033763192095
-4.961646418303163,-5.5819636941869035,-0.00243846544303989
-4.858278784588514,-5.5819636941869035,-0.009828670461799471
-4.754911150873865,-5.5819636941869035,-0.01883706945798543
-4.651543517159215,-5.5819636941869035,-0.027403447896548777
-4.548175883444566,-5.5819636941869035,-0.03341725421808321
-4.444808249729917,-5.5819636941869035,-0.035285610877972384
-4.341440616015267,-5.5819636941869035,-0.032319949755822586
-4.238072982300618,-5.5819636941869035,-0.024841307476106297
-4.134705348585968,-5.5819636941869035,-0.01400547239556971
-4.031337714871319,-5.5819636941869035,-0.0014411589259878206
-3.9279700811566705,-5.5819636941869035,0.011155652358300228
-3.8246024474420213,-5.5819636941869035,0.02233566092700171
-3.7212348137273725,-5.5819636941869035,0.031040955506052004
-3.6178671800127233,-5.5819636941869035,0.03658503447148597
-3.514499546298074,-5.5819636941869035,0.03854388508299642
-3.411131912583425,-5.5819636941869035,0.036664688763708014
-3.3077642788687753,-5.5819636941869035,0.030876841147906512
-3.204396645154126,-5.5819636941869035,0.021425313072474847
-3.101029011439477,-5.5819636941869035,0.009067347660475704
-2.9976613777248278,-5.5819636941869035,-0.004784191442937969
-2.8942937440101786,-5.5819636941869035,-0.018095270862987827
-2.790926110295529,-5.5819636941869035,-0.028495985040136704
-2.6875584765808798,-5.5819636941869035,-0.03379424667864889
-2.5841908428662306,-5.5819636941869035,-0.03259081309732949
-2.4808232091515814,-5.5819636941869035,-0.02479728106562975
-2.3774555754369326,-5.5819636941869035,-0.011854211447217206
-2.2740879417222835,-5.5819636941869035,0.0034803067786909133
-2.1707203080076334,-5.5819636941869035,0.017768707718148993
-2.067352674292984,-5.5819636941869035,0.027806174971897756
-1.9639850405783352,-5.5819636941869035,0.03154141784372162
-1.8606174068636863,-5.5819636941869035,0.028708322284124614
-1.757249773149037,-5.5819636941869035,0.020939247375357833
-1.6538821394343879,-5.5819636941869035,0.011284585475983416
-1.550514505719738,-5.5819636941869035,0.003255802698798716
-1.447146872005089,-5.5819636941869035,-0.00032326374918399795
-1.3437792382904399,-5.5819636941869035,0.0017109222147003338
-1.2404116045757907,-5.5819636941869035,0.008397049421241956
-1.1370439708611417,-5.5819636941869035,0.01687497224262118
-1.0336763371464925,-5.5819636941869035,0.023265102682968813
-0.9303087034318435,-5.5819636941869035,0.023944724250466724
-0.8269410697171936,-5.5819636941869035,0.016819576084958345
-0.7235734360025445,-5.5819636941869035,0.0021701730253553477
-0.6202058022878953,-5.5819636941869035,-0.01722820021792908
-0.5168381685732463,-5.5819636941869035,-0.036788885606160254
-0.4134705348585972,-5.5819636941869035,-0.0514192107975815
-0.31010290114394806,-5.5819636941869035,-0.05705737386625808
-0.2067352674292982,-5.5819636941869035,-0.05196118991228194
-0.1033676337146491,-5.5819636941869035,-0.0373323864704563
0.,-5.5819636941869035,-0.017059494945725583
0.1033676337146491,-5.5819636941869035,0.003363822208817126
0.2067352674292982,-5.5819636941869035,0.018427092605178514
0.31010290114394734,-5.5819636941869035,0.024216170061788975
0.4134705348585964,-5.5819636941869035,0.01955653566462906
0.5168381685732455,-5.5819636941869035,0.0063358059811240595
0.6202058022878947,-5.5819636941869035,-0.011090589575163732
0.7235734360025438,-5.5819636941869035,-0.027221865188735636
0.8269410697171944,-5.5819636941869035,-0.03705023417824047
0.9303087034318435,-5.5819636941869035,-0.03751147729028659
1.0336763371464925,-5.5819636941869035,-0.0283123840715488
1.1370439708611417,-5.5819636941869035,-0.01190366971385249
1.2404116045757907,-5.5819636941869035,0.007361188231294426
1.3437792382904399,-5.5819636941869035,0.024589510778522637
1.447146872005089,-5.5819636941869035,0.03579307894252345
1.550514505719738,-5.5819636941869035,0.038965053088781
1.6538821394343872,-5.5819636941869035,0.03448147016682306
1.7572497731490362,-5.5819636941869035,0.02474955290416056
1.8606174068636854,-5.5819636941869035,0.013269846680341814
1.9639850405783346,-5.5819636941869035,0.00345698554770433
2.0673526742929837,-5.5819636941869035,-0.00238115213172516
2.1707203080076343,-5.5819636941869035,-0.0035868272488031178
2.2740879417222835,-5.5819636941869035,-0.0010823954441796853
2.3774555754369326,-5.5819636941869035,0.00323028645943342
2.4808232091515814,-5.5819636941869035,0.007339976017905244
2.5841908428662306,-5.5819636941869035,0.00992698903615534
2.6875584765808798,-5.5819636941869035,0.010802134766238683
2.790926110295529,-5.5819636941869035,0.010839509094951533
2.894293744010178,-5.5819636941869035,0.011454446190912794
2.997661377724827,-5.5819636941869035,0.013848926572398007
3.101029011439476,-5.5819636941869035,0.018332316642839058
3.2043966451541253,-5.5819636941869035,0.02399590996647781
3.3077642788687744,-5.5819636941869035,0.02888714299427179
3.411131912583425,-5.5819636941869035,0.030642028093985536
3.514499546298074,-5.5819636941869035,0.027359951107885364
3.6178671800127233,-5.5819636941869035,0.018406381385049225
3.7212348137273725,-5.5819636941869035,0.004842185210989678
3.8246024474420213,-5.5819636941869035,-0.010700374977059033
3.9279700811566705,-5.5819636941869035,-0.024686826700345662
4.031337714871319,-5.5819636941869035,-0.033697104764084024
4.134705348585968,-5.5819636941869035,-0.035466499262844106
4.238072982300618,-5.5819636941869035,-0.02961056501601448
4.341440616015267,-5.5819636941869035,-0.017791110108906133
4.444808249729916,-5.5819636941869035,-0.003260036843487643
4.548175883444565,-5.5819636941869035,0.010080827550263249
4.651543517159214,-5.5819636941869035,0.01881017525886983
4.754911150873865,-5.5819636941869035,0.020955820835451673
4.858278784588514,-5.5819636941869035,0.016506335349580074
4.961646418303163,-5.5819636941869035,0.007322143088512812
5.065014052017812,-5.5819636941869035,-0.0035033976427904174
5.168381685732461,-5.5819636941869035,-0.012610845526217624
5.27174931944711,-5.5819636941869035,-0.01735414287391311
5.3751169531617595,-5.5819636941869035,-0.016490408388202447
5.478484586876409,-5.5819636941869035,-0.010388451562227721
5.581852220591058,-5.5819636941869035,-0.0007316668475300886
5.685219854305707,-5.5819636941869035,0.01014371330467059
5.788587488020356,-5.5819636941869035,0.020026037988662055
5.8919551217350055,-5.5819636941869035,0.027455121781452374
5.995322755449654,-5.5819636941869035,0.0320066958106327
6.098690389164305,-5.5819636941869035,0.034177580680881677
6.202058022878954,-5.5819636941869035,0.03496007334160299
6.305425656593603,-5.5819636941869035,0.035297975542935074
6.408793290308252,-5.5819636941869035,0.035644524426179394
-6.408793290308252,-5.478593996146405,0.02658940290473877
-6.305425656593603,-5.478593996146405,0.023708629289032685
-6.202058022878954,-5.478593996146405,0.01932487546812555
-6.098690389164304,-5.478593996146405,0.013275580541464408
-5.995322755449655,-5.478593996146405,0.0060388846081235155
-5.8919551217350055,-5.478593996146405,-0.0012614386216839375
-5.788587488020356,-5.478593996146405,-0.007144385694171206
-5.685219854305708,-5.478593996146405,-0.010260468235957393
-5.581852220591058,-5.478593996146405,-0.009903858185102922
-5.478484586876409,-5.478593996146405,-0.006352317494454357
-5.3751169531617595,-5.478593996146405,-0.0008936246116728561
-5.27174931944711,-5.478593996146405,0.004494592352251192
-5.168381685732461,-5.478593996146405,0.00772154783358741
-5.065014052017812,-5.478593996146405,0.007232780269980954
-4.961646418303163,-5.478593996146405,0.0025183569787674623
-4.858278784588514,-5.478593996146405,-0.0056901894615694155
-4.754911150873865,-5.478593996146405,-0.015601270164866485
-4.651543517159215,-5.478593996146405,-0.02486469683643095
-4.548175883444566,-5.478593996146405,-0.031230996599029785
-4.444808249729917,-5.478593996146405,-0.03315964980832379
-4.341440616015267,-5.478593996146405,-0.030192470924808132
-4.238072982300618,-5.478593996146405,-0.022994348105642524
-4.134705348585968,-5.478593996146405,-0.013078049343652745
-4.031337714871319,-5.478593996146405,-0.0023313417054078383
-3.9279700811566705,-5.478593996146405,0.007482023741447525
-3.8246024474420213,-5.478593996146405,0.015087216192381254
-3.7212348137273725,-5.478593996146405,0.01983675754136574
-3.6178671800127233,-5.478593996146405,0.02162577749586342
-3.514499546298074,-5.478593996146405,0.020672604627396896
-3.411131912583425,-5.478593996146405,0.01729513853067823
-3.3077642788687753,-5.478593996146405,0.01179717770745709
-3.204396645154126,-5.478593996146405,0.004513051526997118
-3.101029011439477,-5.478593996146405,-0.0040277496293259565
-2.9976613777248278,-5.478593996146405,-0.012924246563653784
-2.8942937440101786,-5.478593996146405,-0.02084623588242948
-2.790926110295529,-5.478593996146405,-0.02618701636348905
-2.6875584765808798,-5.478593996146405,-0.02743185177151629
-2.5841908428662306,-5.478593996146405,-0.02364575508240353
-2.4808232091515814,-5.478593996146405,-0.014909164855658108
-2.3774555754369326,-5.478593996146405,-0.0025160718408568164
-2.2740879417222835,-5.478593996146405,0.01119106686403984
-2.1707203080076334,-5.478593996146405,0.02335702158582047
-2.067352674292984,-5.478593996146405,0.031390286510810106
-1.9639850405783352,-5.478593996146405,0.03374491317229389
-1.8606174068636863,-5.478593996146405,0.03044117574321143
-1.757249773149037,-5.478593996146405,0.023121104388377573
-1.6538821394343879,-5.478593996146405,0.014577042667431017
-1.550514505719738,-5.478593996146405,0.007868854763578513
-1.447146872005089,-5.478593996146405,0.005297734813558988
-1.3437792382904399,-5.478593996146405,0.007575717923542308
-1.2404116045757907,-5.478593996146405,0.01348874731920423
-1.1370439708611417,-5.478593996146405,0.02020380429837287
-1.0336763371464925,-5.478593996146405,0.024161028289105914
-0.9303087034318435,-5.478593996146405,0.022288216860137707
-0.8269410697171936,-5.478593996146405,0.013147849997855593
-0.7235734360025445,-5.478593996146405,-0.0023761795316258627
-0.6202058022878953,-5.478593996146405,-0.02111556417933495
-0.5168381685732463,-5.478593996146405,-0.03841656733817816
-0.4134705348585972,-5.478593996146405,-0.049489031406579606
-0.31010290114394806,-5.478593996146405,-0.050900557296937626
-0.2067352674292982,-5.478593996146405,-0.0417421344275055
-0.1033676337146491,-5.478593996146405,-0.024074601841248596
0.,-5.478593996146405,-0.002478932461118822
0.1033676337146491,-5.478593996146405,0.017187836620904215
0.2067352674292982,-5.478593996146405,0.02947385001749709
0.31010290114394734,-5.478593996146405,0.03094515758256721
0.4134705348585964,-5.478593996146405,0.021232950576105056
0.5168381685732455,-5.478593996146405,0.0031846088686401275
0.6202058022878947,-5.478593996146405,-0.01793911642449568
0.7235734360025438,-5.478593996146405,-0.0359845494551873
0.8269410697171944,-5.478593996146405,-0.045685458868813145
0.9303087034318435,-5.478593996146405,-0.04416706521377043
1.0336763371464925,-5.478593996146405,-0.03172634438605897
1.1370439708611417,-5.478593996146405,-0.011668581183736586
1.2404116045757907,-5.478593996146405,0.010727521458273595
1.3437792382904399,-5.478593996146405,0.029779822743322963
1.447146872005089,-5.478593996146405,0.04101865443726206
1.550514505719738,-5.478593996146405,0.042363701920085976
1.6538821394343872,-5.478593996146405,0.03453242918671106
1.7572497731490362,-5.478593996146405,0.020603228681697526
1.8606174068636854,-5.478593996146405,0.004922082370096175
1.9639850405783346,-5.478593996146405,-0.00826554589438607
2.0673526742929837,-5.478593996146405,-0.01601472512358042
2.1707203080076343,-5.478593996146405,-0.017354648784856735
2.2740879417222835,-5.478593996146405,-0.013273128300793878
2.3774555754369326,-5.478593996146405,-0.006086159486719342
2.4808232091515814,-5.478593996146405,0.0015360156407297635
2.5841908428662306,-5.478593996146405,0.0075214197729551084
2.6875584765808798,-5.478593996146405,0.010999149209948206
2.790926110295529,-5.478593996146405,0.01237204629326422
2.894293744010178,-5.478593996146405,0.012881434715513694
2.997661377724827,-5.478593996146405,0.013870326671992157
3.101029011439476,-5.478593996146405,0.016053053344748974
3.2043966451541253,-5.478593996146405,0.01908491482613465
3.3077642788687744,-5.478593996146405,0.02160373190683099
3.411131912583425,-5.478593996146405,0.021732422722148148
3.514499546298074,-5.478593996146405,0.0178549410243711
3.6178671800127233,-5.478593996146405,0.009370867565208935
3.7212348137273725,-5.478593996146405,-0.002865234183849031
3.8246024474420213,-5.478593996146405,-0.01660548017399164
3.9279700811566705,-5.478593996146405,-0.028780340739508088
4.031337714871319,-5.478593996146405,-0.036406525579917845
4.134705348585968,-5.478593996146405,-0.037533005602194976
4.238072982300618,-5.478593996146405,-0.03190517726797916
4.341440616015267,-5.478593996146405,-0.02111560267141265
4.444808249729916,-5.478593996146405,-0.00817823653982517
4.548175883444565,-5.478593996146405,0.0033461726625489065
4.651543517159214,-5.478593996146405,0.010397735252233838
4.754911150873865,-5.478593996146405,0.011306735708000505
4.858278784588514,-5.478593996146405,0.006247754317841402
4.961646418303163,-5.478593996146405,-0.002873533780821259
5.065014052017812,-5.478593996146405,-0.01304820140801587
5.168381685732461,-5.478593996146405,-0.02109153191548124
5.27174931944711,-5.478593996146405,-0.024568577550861174
5.3751169531617595,-5.478593996146405,-0.02243184740843047
5.478484586876409,-5.478593996146405,-0.015193651454880067
5.581852220591058,-5.478593996146405,-0.004616774971243556
5.685219854305707,-5.478593996146405,0.006935656260007655
5.788587488020356,-5.478593996146405,0.017249960885365487
5.8919551217350055,-5.478593996146405,0.024857866128221297
5.995322755449654,-5.478593996146405,0.029300164148295133
6.098690389164305,-5.478593996146405,0.031010830304310025
6.202058022878954,-5.478593996146405,0.030912598322090347
6.305425656593603,-5.478593996146405,0.029910692963988007
6.408793290308252,-5.478593996146405,0.02849251261337047
-6.408793290308252,-5.375224298105907,0.0164753843767993
-6.305425656593603,-5.375224298105907,0.011274463521423158
-6.202058022878954,-5.375224298105907,0.00466196191644472
-6.098690389164304,-5.375224298105907,-0.002962156667223378
-5.995322755449655,-5.375224298105907,-0.010623307288267466
-5.8919551217350055,-5.375224298105907,-0.01691601333711109
-5.788587488020356,-5.375224298105907,-0.02038231419277354
-5.685219854305708,-5.375224298105907,-0.020004245331244237
-5.581852220591058,-5.375224298105907,-0.015632781050243433
-5.478484586876409,-5.375224298105907,-0.008183384743004138
-5.3751169531617595,-5.375224298105907,0.000499648372771905
-5.27174931944711,-5.375224298105907,0.008095799691954605
-5.168381685732461,-5.375224298105907,0.012451007688164744
-5.065014052017812,-5.375224298105907,0.012210909611880675
-4.961646418303163,-5.375224298105907,0.00723944158150431
-4.858278784588514,-5.375224298105907,-0.0013176490613617667
-4.754911150873865,-5.375224298105907,-0.011351016464886126
-4.651543517159215,-5.375224298105907,-0.020390273092724082
-4.548175883444566,-5.375224298105907,-0.026301854130303507
-4.444808249729917,-5.375224298105907,-0.027865110462590187
-4.341440616015267,-5.375224298105907,-0.02505406021267765
-4.238072982300618,-5.375224298105907,-0.01895291248056285
-4.134705348585968,-5.375224298105907,-0.011354670061952643
-4.031337714871319,-5.375224298105907,-0.0041917146082794746
-3.9279700811566705,-5.375224298105907,0.0010082568891103478
-3.8246024474420213,-5.375224298105907,0.0034714432086142078
-3.7212348137273725,-5.375224298105907,0.003243567689981275
-3.6178671800127233,-5.375224298105907,0.000989459057179498
-3.514499546298074,-5.375224298105907,-0.002363682882733649
-3.411131912583425,-5.375224298105907,-0.005984542671626073
-3.3077642788687753,-5.375224298105907,-0.009359275450440253
-3.204396645154126,-5.375224298105907,-0.012307428777357052
-3.101029011439477,-5.375224298105907,-0.014816097667590601
-2.9976613777248278,-5.375224298105907,-0.016795279631590672
-2.8942937440101786,-5.375224298105907,-0.017890917872685184
-2.790926110295529,-5.375224298105907,-0.017466426419076787
-2.6875584765808798,-5.375224298105907,-0.014788424390634955
-2.5841908428662306,-5.375224298105907,-0.009357834431687946
-2.4808232091515814,-5.375224298105907,-0.001252058838089213
-2.3774555754369326,-5.375224298105907,0.008679862305861845
-2.2740879417222835,-5.375224298105907,0.018886001236476737
-2.1707203080076334,-5.375224298105907,0.027466688218560614
-2.067352674292984,-5.375224298105907,0.03272460161723835
-1.9639850405783352,-5.375224298105907,0.03372852066111104
-1.8606174068636863,-5.375224298105907,0.03068113190209253
-1.757249773149037,-5.375224298105907,0.024930918980047574
-1.6538821394343879,-5.375224298105907,0.01858372919953494
-1.550514505719738,-5.375224298105907,0.013813247159516321
-1.447146872005089,-5.375224298105907,0.012090100161552124
-1.3437792382904399,-5.375224298105907,0.013600191098420512
-1.2404116045757907,-5.375224298105907,0.017079746046594405
-1.1370439708611417,-5.375224298105907,0.020165558804431105
-1.0336763371464925,-5.375224298105907,0.020183680652991788
-0.9303087034318435,-5.375224298105907,0.015137324313514892
-0.8269410697171936,-5.375224298105907,0.004563477706005601
-0.7235734360025445,-5.375224298105907,-0.010055152144775694
-0.6202058022878953,-5.375224298105907,-0.025509097436002277
-0.5168381685732463,-5.375224298105907,-0.0376975553079035
-0.4134705348585972,-5.375224298105907,-0.04285568088385763
-0.31010290114394806,-5.375224298105907,-0.03880038176618937
-0.2067352674292982,-5.375224298105907,-0.02578771459257944
-0.1033676337146491,-5.375224298105907,-0.00667433642849217
0.,-5.375224298105907,0.013718379939490587
0.1033676337146491,-5.375224298105907,0.02988882983906862
0.2067352674292982,-5.375224298105907,0.037225383597148484
0.31010290114394734,-5.375224298105907,0.03339237461456123
0.4134705348585964,-5.375224298105907,0.019100342390970856
0.5168381685732455,-5.375224298105907,-0.0019949238525973313
0.6202058022878947,-5.375224298105907,-0.02425887941105511
0.7235734360025438,-5.375224298105907,-0.041639576316429484
0.8269410697171944,-5.375224298105907,-0.04936802899497426
0.9303087034318435,-5.375224298105907,-0.04529568774783504
1.0336763371464925,-5.375224298105907,-0.03047552111794137
1.1370439708611417,-5.375224298105907,-0.00882237112263872
1.2404116045757907,-5.375224298105907,0.014033846450762694
1.3437792382904399,-5.375224298105907,0.032348950142525514
1.447146872005089,-5.375224298105907,0.041839021677117685
1.550514505719738,-5.375224298105907,0.04077113342703607
1.6538821394343872,-5.375224298105907,0.030274750348566255
1.7572497731490362,-5.375224298105907,0.01382495669507589
1.8606174068636854,-5.375224298105907,-0.0038999712240894006
1.9639850405783346,-5.375224298105907,-0.01840708255773079
2.0673526742929837,-5.375224298105907,-0.026593664378036636
2.1707203080076343,-5.375224298105907,-0.027425552197008325
2.2740879417222835,-5.375224298105907,-0.021934825202477484
2.3774555754369326,-5.375224298105907,-0.012608002058125954
2.4808232091515814,-5.375224298105907,-0.002422287670431254
2.5841908428662306,-5.375224298105907,0.006123354832095865
2.6875584765808798,-5.375224298105907,0.011666975836592177
2.790926110295529,-5.375224298105907,0.014151079869312208
2.894293744010178,-5.375224298105907,0.014502862251502751
2.997661377724827,-5.375224298105907,0.014001508911667012
3.101029011439476,-5.375224298105907,0.01360395614380398
3.2043966451541253,-5.375224298105907,0.013494723267175431
3.3077642788687744,-5.375224298105907,0.013023992495307885
3.411131912583425,-5.375224298105907,0.011041526949248735
3.514499546298074,-5.375224298105907,0.006480745951713237
3.6178671800127233,-5.375224298105907,-0.0010473620729033496
3.7212348137273725,-5.375224298105907,-0.010894009672127282
3.8246024474420213,-5.375224298105907,-0.02140203746434054
3.9279700811566705,-5.375224298105907,-0.03033581641446107
4.031337714871319,-5.375224298105907,-0.0355728364597845
4.134705348585968,-5.375224298105907,-0.03581810886537582
4.238072982300618,-5.375224298105907,-0.03108763049245911
4.341440616015267,-5.375224298105907,-0.02278255713343241
4.444808249729916,-5.375224298105907,-0.01331454264338552
4.548175883444565,-5.375224298105907,-0.005396022082539933
4.651543517159214,-5.375224298105907,-0.0012235919904988882
4.754911150873865,-5.375224298105907,-0.0018188213108231487
4.858278784588514,-5.375224298105907,-0.006737243564544256
4.961646418303163,-5.375224298105907,-0.01423259292918808
5.065014052017812,-5.375224298105907,-0.0218130135281965
5.168381685732461,-5.375224298105907,-0.027000669925361376
5.27174931944711,-5.375224298105907,-0.028047695700788338
5.3751169531617595,-5.375224298105907,-0.024387366187612645
5.478484586876409,-5.375224298105907,-0.016697785338678953
5.581852220591058,-5.375224298105907,-0.006589668088758239
5.685219854305707,-5.375224298105907,0.003947650207693162
5.788587488020356,-5.375224298105907,0.013138689644339348
5.8919551217350055,-5.375224298105907,0.01985496631005042
5.995322755449654,-5.375224298105907,0.023765068820685572
6.098690389164305,-5.375224298105907,0.025190508639682814
6.202058022878954,-5.375224298105907,0.024764538094745332
6.305425656593603,-5.375224298105907,0.023055857364492543
6.408793290308252,-5.375224298105907,0.020318290740086963
-6.408793290308252,-5.271854600065409,0.008463433291295468
-6.305425656593603,-5.271854600065409,0.0009192485359637562
-6.202058022878954,-5.271854600065409,-0.008056000491146485
-6.098690389164304,-5.271854600065409,-0.01734661372877816
-5.995322755449655,-5.271854600065409,-0.02539518016894909
-5.8919551217350055,-5.271854600065409,-0.030533239685881425
-5.788587488020356,-5.271854600065409,-0.031442295737885644
-5.685219854305708,-5.271854600065409,-0.027600465243399527
-5.581852220591058,-5.271854600065409,-0.019555692327636133
-5.478484586876409,-5.271854600065409,-0.008909176909814149
-5.3751169531617595,-5.271854600065409,0.0020191285467884906
-5.27174931944711,-5.271854600065409,0.010766120384047175
-5.168381685732461,-5.271854600065409,0.015379737953505048
-5.065014052017812,-5.271854600065409,0.014953707401791073
-4.961646418303163,-5.271854600065409,0.009873837117886477
-4.858278784588514,-5.271854600065409,0.0016930005678277987
-4.754911150873865,-5.271854600065409,-0.007332216107362679
-4.651543517159215,-5.271854600065409,-0.014902849200660904
-4.548175883444566,-5.271854600065409,-0.019333564644286243
-4.444808249729917,-5.271854600065409,-0.020002797949058446
-4.341440616015267,-5.271854600065409,-0.017464213705714892
-4.238072982300618,-5.271854600065409,-0.013196655480930467
-4.134705348585968,-5.271854600065409,-0.009085137099123099
-4.031337714871319,-5.271854600065409,-0.006807839523560806
-3.9279700811566705,-5.271854600065409,-0.007326806873469147
-3.8246024474420213,-5.271854600065409,-0.01063704792499325
-3.7212348137273725,-5.271854600065409,-0.01583648259755482
-3.6178671800127233,-5.271854600065409,-0.021470482734941284
-3.514499546298074,-5.271854600065409,-0.026017216790315597
-3.411131912583425,-5.271854600065409,-0.028342725792030597
-3.3077642788687753,-5.271854600065409,-0.027978276800276383
-3.204396645154126,-5.271854600065409,-0.025145939737752206
-3.101029011439477,-5.271854600065409,-0.02055312454784692
-2.9976613777248278,-5.271854600065409,-0.015057933979340176
-2.8942937440101786,-5.271854600065409,-0.009345715610223371
-2.790926110295529,-5.271854600065409,-0.0037407600998103016
-2.6875584765808798,-5.271854600065409,0.0017859252633197322
-2.5841908428662306,-5.271854600065409,0.007435756183192014
-2.4808232091515814,-5.271854600065409,0.01332328339367813
-2.3774555754369326,-5.271854600065409,0.019264518956008544
-2.2740879417222835,-5.271854600065409,0.024717730235903127
-2.1707203080076334,-5.271854600065409,0.02891603649114261
-2.067352674292984,-5.271854600065409,0.0311471052483491
-1.9639850405783352,-5.271854600065409,0.031066402625249852
-1.8606174068636863,-5.271854600065409,0.028905553043360926
-1.757249773149037,-5.271854600065409,0.02546889044137646
-1.6538821394343879,-5.271854600065409,0.021889993300750022
-1.550514505719738,-5.271854600065409,0.01921753993852664
-1.447146872005089,-5.271854600065409,0.017978713742365596
-1.3437792382904399,-5.271854600065409,0.017895880932800257
-1.2404116045757907,-5.271854600065409,0.017893096263311845
-1.1370439708611417,-5.271854600065409,0.01643224941052799
-1.0336763371464925,-5.271854600065409,0.012095933159097056
-0.9303087034318435,-5.271854600065409,0.0042292137509278
-0.8269410697171936,-5.271854600065409,-0.006593878503211882
-0.7235734360025445,-5.271854600065409,-0.018478644713275053
-0.6202058022878953,-5.271854600065409,-0.028581684193904392
-0.5168381685732463,-5.271854600065409,-0.03388155714929704
-0.4134705348585972,-5.271854600065409,-0.032136581857641074
-0.31010290114394806,-5.271854600065409,-0.02273057446969314
-0.2067352674292982,-5.271854600065409,-0.007113561790390562
-0.1033676337146491,-5.271854600065409,0.01135036939781731
0.,-5.271854600065409,0.028140077620878536
0.1033676337146491,-5.271854600065409,0.038758314594069594
0.2067352674292982,-5.271854600065409,0.04000805478924569
0.31010290114394734,-5.271854600065409,0.03098380594568146
0.4134705348585964,-5.271854600065409,0.013463011055006725
0.5168381685732455,-5.271854600065409,-0.008450149927159253
0.6202058022878947,-5.271854600065409,-0.02935637050018812
0.7235734360025438,-5.271854600065409,-0.04399088568828558
0.8269410697171944,-5.271854600065409,-0.04864785406568038
0.9303087034318435,-5.271854600065409,-0.042190043490297736
1.0336763371464925,-5.271854600065409,-0.026351882920639832
1.1370439708611417,-5.271854600065409,-0.0052498834492653995
1.2404116045757907,-5.271854600065409,0.01575401788544611
1.3437792382904399,-5.271854600065409,0.031504255802529545
1.447146872005089,-5.271854600065409,0.03840173265595562
1.550514505719738,-5.271854600065409,0.0352761233931682
1.6538821394343872,-5.271854600065409,0.02355556818083464
1.7572497731490362,-5.271854600065409,0.006721675769663218
1.8606174068636854,-5.271854600065409,-0.0107547597452269
1.9639850405783346,-5.271854600065409,-0.02466265401354354
2.0673526742929837,-5.271854600065409,-0.03211778684650018
2.1707203080076343,-5.271854600065409,-0.03216196613727647
2.2740879417222835,-5.271854600065409,-0.025768855445557654
2.3774555754369326,-5.271854600065409,-0.015318044061947238
2.4808232091515814,-5.271854600065409,-0.003751924618500171
2.5841908428662306,-5.271854600065409,0.006296610482565194
2.6875584765808798,-5.271854600065409,0.01314098363876564
2.790926110295529,-5.271854600065409,0.016282552823765943
2.894293744010178,-5.271854600065409,0.016243175149534633
2.997661377724827,-5.271854600065409,0.01411020729245583
3.101029011439476,-5.271854600065409,0.010996095459098281
3.2043966451541253,-5.271854600065409,0.007618035500320489
3.3077642788687744,-5.271854600065409,0.004134512893201036
3.411131912583425,-5.271854600065409,0.00026466854229905757
3.514499546298074,-5.271854600065409,-0.004394064022233539
3.6178671800127233,-5.271854600065409,-0.010004990426954078
3.7212348137273725,-5.271854600065409,-0.01624995321278638
3.8246024474420213,-5.271854600065409,-0.02231279926464864
3.9279700811566705,-5.271854600065409,-0.027101320422382353
4.031337714871319,-5.271854600065409,-0.029624094266522183
4.134705348585968,-5.271854600065409,-0.029376103262928725
4.238072982300618,-5.271854600065409,-0.02658083298710914
4.341440616015267,-5.271854600065409,-0.022187991748751506
4.444808249729916,-5.271854600065409,-0.01761516635486108
4.548175883444565,-5.271854600065409,-0.014315374714509029
4.651543517159214,-5.271854600065409,-0.01331634801106615
4.754911150873865,-5.271854600065409,-0.014888660107059975
4.858278784588514,-5.271854600065409,-0.01845514213469874
4.961646418303163,-5.271854600065409,-0.022770235937382505
5.065014052017812,-5.271854600065409,-0.026305626509211675
5.168381685732461,-5.271854600065409,-0.02771060895197244
5.27174931944711,-5.271854600065409,-0.026195584701274855
5.3751169531617595,-5.271854600065409,-0.021720452346021518
5.478484586876409,-5.271854600065409,-0.014942683931579282
5.581852220591058,-5.271854600065409,-0.006964881103146885
5.685219854305707,-5.271854600065409,0.0010125562651311325
5.788587488020356,-5.271854600065409,0.00800446218919409
5.8919551217350055,-5.271854600065409,0.013415954465621998
5.995322755449654,-5.271854600065409,0.01703866645191817
6.098690389164305,-5.271854600065409,0.018902056260331302
6.202058022878954,-5.271854600065409,0.01907090307402056
6.305425656593603,-5.271854600065409,0.01749763479223163
6.408793290308252,-5.271854600065409,0.014009456798149848
-6.408793290308252,-5.168484902024911,0.00400119879203496
-6.305425656593603,-5.168484902024911,-0.005503811295057283
-6.202058022878954,-5.168484902024911,-0.016381344766795678
-6.098690389164304,-5.168484902024911,-0.026801719171106575
-5.995322755449655,-5.168484902024911,-0.03472839978071724
-5.8919551217350055,-5.168484902024911,-0.03841399870658561
-5.788587488020356,-5.168484902024911,-0.036884476841261796
-5.685219854305708,-5.168484902024911,-0.030262655613708236
-5.581852220591058,-5.168484902024911,-0.019817851528850277
-5.478484586876409,-5.168484902024911,-0.007704088477749214
-5.3751169531617595,-5.168484902024911,0.003557232083188501
-5.27174931944711,-5.168484902024911,0.011712620678211522
-5.168381685732461,-5.168484902024911,0.01534943255152592
-5.065014052017812,-5.168484902024911,0.014238067801742223
-4.961646418303163,-5.168484902024911,0.00934010501684601
-4.858278784588514,-5.168484902024911,0.0024782051504697615
-4.754911150873865,-5.168484902024911,-0.004233727608051498
-4.651543517159215,-5.168484902024911,-0.009028052604427158
-4.548175883444566,-5.168484902024911,-0.010995752551086202
-4.444808249729917,-5.168484902024911,-0.010320037360283807
-4.341440616015267,-5.168484902024911,-0.00816460831080742
-4.238072982300618,-5.168484902024911,-0.006257299414640429
-4.134705348585968,-5.168484902024911,-0.006303340951813154
-4.031337714871319,-5.168484902024911,-0.009412782783727272
-3.9279700811566705,-5.168484902024911,-0.01571835940878597
-3.8246024474420213,-5.168484902024911,-0.024296968976598193
-3.7212348137273725,-5.168484902024911,-0.03341122496264735
-3.6178671800127233,-5.168484902024911,-0.04098880134493039
-3.514499546298074,-5.168484902024911,-0.04518791022795087
-3.411131912583425,-5.168484902024911,-0.04487814363738737
-3.3077642788687753,-5.168484902024911,-0.03990097500175815
-3.204396645154126,-5.168484902024911,-0.031049599818031664
-3.101029011439477,-5.168484902024911,-0.019797129633221854
-2.9976613777248278,-5.168484902024911,-0.007875818138132496
-2.8942937440101786,-5.168484902024911,0.003154830633012349
-2.790926110295529,-5.168484902024911,0.012225199810857339
-2.6875584765808798,-5.168484902024911,0.018883448171719195
-2.5841908428662306,-5.168484902024911,0.023229792116959334
-2.4808232091515814,-5.168484902024911,0.02571605070653461
-2.3774555754369326,-5.168484902024911,0.026904245814927744
-2.2740879417222835,-5.168484902024911,0.02727495487290161
-2.1707203080076334,-5.168484902024911,0.02713988038175519
-2.067352674292984,-5.168484902024911,0.026660679599455925
-1.9639850405783352,-5.168484902024911,0.025929614973282836
-1.8606174068636863,-5.168484902024911,0.02504569020261512
-1.757249773149037,-5.168484902024911,0.02413064094323197
-1.6538821394343879,-5.168484902024911,0.023266831828303386
-1.550514505719738,-5.168484902024911,0.022386806175511448
-1.447146872005089,-5.168484902024911,0.021180361429046075
-1.3437792382904399,-5.168484902024911,0.01909204933028374
-1.2404116045757907,-5.168484902024911,0.015453754502453582
-1.1370439708611417,-5.168484902024911,0.009741811326920046
-1.0336763371464925,-5.168484902024911,0.0018863974433876141
-0.9303087034318435,-5.168484902024911,-0.007482025446083378
-0.8269410697171936,-5.168484902024911,-0.01696808758593212
-0.7235734360025445,-5.168484902024911,-0.024604404406089984
-0.6202058022878953,-5.168484902024911,-0.028297427771716326
-0.5168381685732463,-5.168484902024911,-0.02642915969584085
-0.4134705348585972,-5.168484902024911,-0.018444988234730085
-0.31010290114394806,-5.168484902024911,-0.005233659694131642
-0.2067352674292982,-5.168484902024911,0.010856094693806476
-0.1033676337146491,-5.168484902024911,0.026422540853145646
0.,-5.168484902024911,0.037775814783292165
0.1033676337146491,-5.168484902024911,0.04187672575745579
0.2067352674292982,-5.168484902024911,0.03719398514789515
0.31010290114394734,-5.168484902024911,0.024226007021064918
0.4134705348585964,-5.168484902024911,0.0055128748248072035
0.5168381685732455,-5.168484902024911,-0.014898614801859422
0.6202058022878947,-5.168484902024911,-0.03241791105379952
0.7235734360025438,-5.168484902024911,-0.043054746357274035
0.8269410697171944,-5.168484902024911,-0.044437026849457016
0.9303087034318435,-5.168484902024911,-0.03642279446253851
1.0336763371464925,-5.168484902024911,-0.021135374950997914
1.1370439708611417,-5.168484902024911,-0.0024100902172369777
1.2404116045757907,-5.168484902024911,0.015195978093382871
1.3437792382904399,-5.168484902024911,0.02756047110821398
1.447146872005089,-5.168484902024911,0.03200681540674491
1.550514505719738,-5.168484902024911,0.027906125351817024
1.6538821394343872,-5.168484902024911,0.016727057571291275
1.7572497731490362,-5.168484902024911,0.0015473477351661629
1.8606174068636854,-5.168484902024911,-0.013813405415854381
1.9639850405783346,-5.168484902024911,-0.02578664364781343
2.0673526742929837,-5.168484902024911,-0.03190340455681108
2.1707203080076343,-5.168484902024911,-0.031288357167831786
2.2740879417222835,-5.168484902024911,-0.024703388945168804
2.3774555754369326,-5.168484902024911,-0.014176323070093888
2.4808232091515814,-5.168484902024911,-0.0023595529538320125
2.5841908428662306,-5.168484902024911,0.008179489256588355
2.6875584765808798,-5.168484902024911,0.015540663117397012
2.790926110295529,-5.168484902024911,0.018812426885175572
2.894293744010178,-5.168484902024911,0.018090311522460732
2.997661377724827,-5.168484902024911,0.014241980506852712
3.101029011439476,-5.168484902024911,0.008531260052054223
3.2043966451541253,-5.168484902024911,0.0022328795880146115
3.3077642788687744,-5.168484902024911,-0.0036541778165241475
3.411131912583425,-5.168484902024911,-0.008539578878302857
3.514499546298074,-5.168484902024911,-0.012225556060685936
3.6178671800127233,-5.168484902024911,-0.014792544125173028
3.7212348137273725,-5.168484902024911,-0.016456025309772686
3.8246024474420213,-5.168484902024911,-0.017453967087587393
3.9279700811566705,-5.168484902024911,-0.01799423529542554
4.031337714871319,-5.168484902024911,-0.01825656402700387
4.134705348585968,-5.168484902024911,-0.018418884119251834
4.238072982300618,-5.168484902024911,-0.018671927784995934
4.341440616015267,-5.168484902024911,-0.019199071867637647
4.444808249729916,-5.168484902024911,-0.020122343128463966
4.548175883444565,-5.168484902024911,-0.02143825617161554
4.651543517159214,-5.168484902024911,-0.022977792754235647
4.754911150873865,-5.168484902024911,-0.024418282553136057
4.858278784588514,-5.168484902024911,-0.025353960366489146
4.961646418303163,-5.168484902024911,-0.025405833111808548
5.065014052017812,-5.168484902024911,-0.024331984193370702
5.168381685732461,-5.168484902024911,-0.022095807142152535
5.27174931944711,-5.168484902024911,-0.01886452202132906
5.3751169531617595,-5.168484902024911,-0.014938347478717877
5.478484586876409,-5.168484902024911,-0.010640506730960748
5.581852220591058,-5.168484902024911,-0.006216954446239262
5.685219854305707,-5.168484902024911,-0.0017932804348557631
5.788587488020356,-5.168484902024911,0.0025864865921785252
5.8919551217350055,-5.168484902024911,0.006850724509523575
5.995322755449654,-5.168484902024911,0.010767913183908032
6.098690389164305,-5.168484902024911,0.013858126860151034
6.202058022878954,-5.168484902024911,0.015408805264573564
6.305425656593603,-5.168484902024911,0.01462185484066581
6.408793290308252,-5.168484902024911,0.01086870996338232
-6.408793290308252,-5.065115203984413,0.002679010659368067
-6.305425656593603,-5.065115203984413,-0.007882808510562821
-6.202058022878954,-5.065115203984413,-0.019466695862381353
-6.098690389164304,-5.065115203984413,-0.02974061850894861
-5.995322755449655,-5.065115203984413,-0.03650173553586093
-5.8919551217350055,-5.065115203984413,-0.03825136648203382
-5.788587488020356,-5.065115203984413,-0.03460178719949715
-5.685219854305708,-5.065115203984413,-0.026393843124094887
-5.581852220591058,-5.065115203984413,-0.015485452079660575
-5.478484586876409,-5.065115203984413,-0.0042659790271232624
-5.3751169531617595,-5.065115203984413,0.0049681346240545085
-5.27174931944711,-5.065115203984413,0.010599678896318356
-5.168381685732461,-5.065115203984413,0.012072643280816739
-5.065014052017812,-5.065115203984413,0.00996339826961719
-4.961646418303163,-5.065115203984413,0.005726121586085503
-4.858278784588514,-5.065115203984413,0.0011932798106378784
-4.754911150873865,-5.065115203984413,-0.002016650353380065
-4.651543517159215,-5.065115203984413,-0.0030063617613833313
-4.548175883444566,-5.065115203984413,-0.0018713540660118533
-4.444808249729917,-5.065115203984413,0.0003425907095519567
-4.341440616015267,-5.065115203984413,0.00198045257528677
-4.238072982300618,-5.065115203984413,0.0013136148983585456
-4.134705348585968,-5.065115203984413,-0.002889988203347154
-4.031337714871319,-5.065115203984413,-0.01092938645709142
-3.9279700811566705,-5.065115203984413,-0.02199468173456499
-3.8246024474420213,-5.065115203984413,-0.034301630867616666
-3.7212348137273725,-5.065115203984413,-0.04549740831763591
-3.6178671800127233,-5.065115203984413,-0.05322334225240552
-3.514499546298074,-5.065115203984413,-0.05568082191338427
-3.411131912583425,-5.065115203984413,-0.052051944728820375
-3.3077642788687753,-5.065115203984413,-0.042672754639334426
-3.204396645154126,-5.065115203984413,-0.0289283618634361
-3.101029011439477,-5.065115203984413,-0.012913829111096573
-2.9976613777248278,-5.065115203984413,0.0030387608463437084
-2.8942937440101786,-5.065115203984413,0.016842326255325682
-2.790926110295529,-5.065115203984413,0.027032510010759722
-2.6875584765808798,-5.065115203984413,0.03296744070939399
-2.5841908428662306,-5.065115203984413,0.03482927817419655
-2.4808232091515814,-5.065115203984413,0.03345762823399822
-2.3774555754369326,-5.065115203984413,0.030078755475850233
-2.2740879417222835,-5.065115203984413,0.02600553800798252
-2.1707203080076334,-5.065115203984413,0.02237301303992069
-2.067352674292984,-5.065115203984413,0.01995107459279422
-1.9639850405783352,-5.065115203984413,0.01904978044639836
-1.8606174068636863,-5.065115203984413,0.019512527158109826
-1.757249773149037,-5.065115203984413,0.02078218918573086
-1.6538821394343879,-5.065115203984413,0.02202395197690568
-1.550514505719738,-5.065115203984413,0.022290898159530226
-1.447146872005089,-5.065115203984413,0.02071848861379649
-1.3437792382904399,-5.065115203984413,0.016728343917911725
-1.2404116045757907,-5.065115203984413,0.010211008605689681
-1.1370439708611417,-5.065115203984413,0.001646889805553021
-1.0336763371464925,-5.065115203984413,-0.007878210535884413
-0.9303087034318435,-5.065115203984413,-0.016795267893217003
-0.8269410697171936,-5.065115203984413,-0.0233170385230107
-0.7235734360025445,-5.065115203984413,-0.025812512020449273
-0.6202058022878953,-5.065115203984413,-0.02321801744707438
-0.5168381685732463,-5.065115203984413,-0.015385239718383681
-0.4134705348585972,-5.065115203984413,-0.003263727942429306
-0.31010290114394806,-5.065115203984413,0.011157221510203394
-0.2067352674292982,-5.065115203984413,0.025168465713916947
-0.1033676337146491,-5.065115203984413,0.03587568522862472
0.,-5.065115203984413,0.04083799159359114
0.1033676337146491,-5.065115203984413,0.03865954467639612
0.2067352674292982,-5.065115203984413,0.029380991614921928
0.31010290114394734,-5.065115203984413,0.014557148541771458
0.4134705348585964,-5.065115203984413,-0.0030191836687464926
0.5168381685732455,-5.065115203984413,-0.019898435235808757
0.6202058022878947,-5.065115203984413,-0.03273109794249275
0.7235734360025438,-5.065115203984413,-0.039021032936001995
0.8269410697171944,-5.065115203984413,-0.037691839226986434
0.9303087034318435,-5.065115203984413,-0.029326292076871884
1.0336763371464925,-5.065115203984413,-0.01601910047329156
1.1370439708611417,-5.065115203984413,-0.0008792228073363716
1.2404116045757907,-5.065115203984413,0.012695605499087192
1.3437792382904399,-5.065115203984413,0.02179514799638651
1.447146872005089,-5.065115203984413,0.024638049741391457
1.550514505719738,-5.065115203984413,0.020930615435317906
1.6538821394343872,-5.065115203984413,0.01186869976053247
1.7572497731490362,-5.065115203984413,-0.0002027687353366579
1.8606174068636854,-5.065115203984413,-0.012377013648596105
1.9639850405783346,-5.065115203984413,-0.021870211878817627
2.0673526742929837,-5.065115203984413,-0.026640249998894725
2.1707203080076343,-5.065115203984413,-0.025801396221189755
2.2740879417222835,-5.065115203984413,-0.019753323614990582
2.3774555754369326,-5.065115203984413,-0.010014322115349973
2.4808232091515814,-5.065115203984413,0.0011832798240656772
2.5841908428662306,-5.065115203984413,0.011428114389952337
2.6875584765808798,-5.065115203984413,0.018666895686317752
2.790926110295529,-5.065115203984413,0.02162485837317437
2.894293744010178,-5.065115203984413,0.02002555325809549
2.997661377724827,-5.065115203984413,0.014576179701645087
3.101029011439476,-5.065115203984413,0.0067379188305375605
3.2043966451541253,-5.065115203984413,-0.0016542523595483101
3.3077642788687744,-5.065115203984413,-0.008829543996672582
3.411131912583425,-5.065115203984413,-0.013477341562168697
3.514499546298074,-5.065115203984413,-0.015015536110429085
3.6178671800127233,-5.065115203984413,-0.013676974004330988
3.7212348137273725,-5.065115203984413,-0.010401683629394828
3.8246024474420213,-5.065115203984413,-0.0065662055269492215
3.9279700811566705,-5.065115203984413,-0.003617787530530512
4.031337714871319,-5.065115203984413,-0.002702556301079548
4.134705348585968,-5.065115203984413,-0.004377925109750761
4.238072982300618,-5.065115203984413,-0.008479394528860096
4.341440616015267,-5.065115203984413,-0.014174285676688237
4.444808249729916,-5.065115203984413,-0.0201880727495406
4.548175883444565,-5.065115203984413,-0.025144156805453052
4.651543517159214,-5.065115203984413,-0.02792693203760916
4.754911150873865,-5.065115203984413,-0.027969970884094003
4.858278784588514,-5.065115203984413,-0.025389708416682696
4.961646418303163,-5.065115203984413,-0.02092658008483613
5.065014052017812,-5.065115203984413,-0.0157097030323002
5.168381685732461,-5.065115203984413,-0.01091294077993552
5.27174931944711,-5.065115203984413,-0.007404175277467645
5.3751169531617595,-5.065115203984413,-0.005494650986837532
5.478484586876409,-5.065115203984413,-0.004868157557555588
5.581852220591058,-5.065115203984413,-0.0047170000053986605
5.685219854305707,-5.065115203984413,-0.004047946441533054
5.788587488020356,-5.065115203984413,-0.0020657779028507663
5.8919551217350055,-5.065115203984413,0.001487513172259698
5.995322755449654,-5.065115203984413,0.006152657106200653
6.098690389164305,-5.065115203984413,0.010803152273643722
6.202058022878954,-5.065115203984413,0.013927607952316543
6.305425656593603,-5.065115203984413,0.014072961201668769
6.408793290308252,-5.065115203984413,0.010321529559418079
-6.408793290308252,-4.961745505943915,0.002670601549810018
-6.305425656593603,-4.961745505943915,-0.007571140683461351
-6.202058022878954,-4.961745505943915,-0.018051102944244356
-6.098690389164304,-4.961745505943915,-0.02634204697907382
-5.995322755449655,-4.961745505943915,-0.03053970463120418
-5.8919551217350055,-4.961745505943915,-0.029783404350440086
-5.788587488020356,-4.961745505943915,-0.02447147474358362
-5.685219854305708,-4.961745505943915,-0.016113193181839913
-5.581852220591058,-4.961745505943915,-0.006868499798198347
-5.478484586876409,-4.961745505943915,0.0010814693231807908
-5.3751169531617595,-4.961745505943915,0.0061431493236106145
-5.27174931944711,-4.961745505943915,0.00771994068918962
-5.168381685732461,-4.961745505943915,0.006307879868401865
-5.065014052017812,-4.961745505943915,0.0032598485810664333
-4.961646418303163,-4.961745505943915,0.0002995944045046704
-4.858278784588514,-4.961745505943915,-0.0010613444840735827
-4.754911150873865,-4.961745505943915,-0.000026455035008137594
-4.651543517159215,-4.961745505943915,0.0032118507978283802
-4.548175883444566,-4.961745505943915,0.007504762063077157
-4.444808249729917,-4.961745505943915,0.011072473846270987
-4.341440616015267,-4.961745505943915,0.012025210382738743
-4.238072982300618,-4.961745505943915,0.008929900724446145
-4.134705348585968,-4.961745505943915,0.001264202503669741
-4.031337714871319,-4.961745505943915,-0.010364574113384093
-3.9279700811566705,-4.961745505943915,-0.024290720824707214
-3.8246024474420213,-4.961745505943915,-0.03812834014418744
-3.7212348137273725,-4.961745505943915,-0.049285991110547336
-3.6178671800127233,-4.961745505943915,-0.05552794127198318
-3.514499546298074,-4.961745505943915,-0.05544861255995504
-3.411131912583425,-4.961745505943915,-0.048756352183937736
-3.3077642788687753,-4.961745505943915,-0.03631434042404882
-3.204396645154126,-4.961745505943915,-0.019944996962311303
-3.101029011439477,-4.961745505943915,-0.002054841994028568
-2.9976613777248278,-4.961745505943915,0.014831126955013397
-2.8942937440101786,-4.961745505943915,0.02852715199190571
-2.790926110295529,-4.961745505943915,0.03754979212006886
-2.6875584765808798,-4.961745505943915,0.041326241400687344
-2.5841908428662306,-4.961745505943915,0.04022162305939056
-2.4808232091515814,-4.961745505943915,0.03539296963466679
-2.3774555754369326,-4.961745505943915,0.028506505182799066
-2.2740879417222835,-4.961745505943915,0.02137563695911337
-2.1707203080076334,-4.961745505943915,0.015588258555988005
-2.067352674292984,-4.961745505943915,0.012192866802510414
-1.9639850405783352,-4.961745505943915,0.01150328094696269
-1.8606174068636863,-4.961745505943915,0.013061715729761796
-1.757249773149037,-4.961745505943915,0.015771231553434455
-1.6538821394343879,-4.961745505943915,0.01817488130427568
-1.550514505719738,-4.961745505943915,0.01882616589325713
-1.447146872005089,-4.961745505943915,0.016671120046486493
-1.3437792382904399,-4.961745505943915,0.011353568034091883
-1.2404116045757907,-4.961745505943915,0.003366296063750293
-1.1370439708611417,-4.961745505943915,-0.005998040099322957
-1.0336763371464925,-4.961745505943915,-0.014897118863597215
-0.9303087034318435,-4.961745505943915,-0.021341817458850255
-0.8269410697171936,-4.961745505943915,-0.02366260596977267
-0.7235734360025445,-4.961745505943915,-0.020929670391070618
-0.6202058022878953,-4.961745505943915,-0.013223064767581075
-0.5168381685732463,-4.961745505943915,-0.0016818563913788048
-0.4134705348585972,-4.961745505943915,0.011687068024244126
-0.31010290114394806,-4.961745505943915,0.0244021222642017
-0.2067352674292982,-4.961745505943915,0.03401478777504271
-0.1033676337146491,-4.961745505943915,0.03861739709564867
0.,-4.961745505943915,0.037237248886242615
0.1033676337146491,-4.961745505943915,0.030031727277095698
0.2067352674292982,-4.961745505943915,0.018246768912036262
0.31010290114394734,-4.961745505943915,0.003955246283599678
0.4134705348585964,-4.961745505943915,-0.010361022604580494
0.5168381685732455,-4.961745505943915,-0.022292594003750266
0.6202058022878947,-4.961745505943915,-0.029947640785618755
0.7235734360025438,-4.961745505943915,-0.032277154355958064
0.8269410697171944,-4.961745505943915,-0.029227063023879746
0.9303087034318435,-4.961745505943915,-0.02170164382510899
1.0336763371464925,-4.961745505943915,-0.011357796648045365
1.1370439708611417,-4.961745505943915,-0.0002764963496941138
1.2404116045757907,-4.961745505943915,0.009426695322712786
1.3437792382904399,-4.961745505943915,0.015985477360466294
1.447146872005089,-4.961745505943915,0.01829862888785563
1.550514505719738,-4.961745505943915,0.01612642035339186
1.6538821394343872,-4.961745505943915,0.010132845863340184
1.7572497731490362,-4.961745505943915,0.0017607042426869537
1.8606174068636854,-4.961745505943915,-0.007047061965617273
1.9639850405783346,-4.961745505943915,-0.014237536696941958
2.0673526742929837,-4.961745505943915,-0.018080560998462156
2.1707203080076343,-4.961745505943915,-0.017557138057816318
2.2740879417222835,-4.961745505943915,-0.012614587743477793
2.3774555754369326,-4.961745505943915,-0.004218301547180846
2.4808232091515814,-4.961745505943915,0.005830437326681721
2.5841908428662306,-4.961745505943915,0.015287088358390816
2.6875584765808798,-4.961745505943915,0.02198746637763593
2.790926110295529,-4.961745505943915,0.024380501147808313
2.894293744010178,-4.961745505943915,0.021933905796854745
2.997661377724827,-4.961745505943915,0.015298147658294596
3.101029011439476,-4.961745505943915,0.006170045818233494
3.2043966451541253,-4.961745505943915,-0.003124880905887096
3.3077642788687744,-4.961745505943915,-0.010233085225333352
3.411131912583425,-4.961745505943915,-0.01340118985370402
3.514499546298074,-4.961745505943915,-0.011959543877537287
3.6178671800127233,-4.961745505943915,-0.006520909295240006
3.7212348137273725,-4.961745505943915,0.0011715008312888136
3.8246024474420213,-4.961745505943915,0.008714924942298787
3.9279700811566705,-4.961745505943915,0.013712397864872154
4.031337714871319,-4.961745505943915,0.014447864134710746
4.134705348585968,-4.961745505943915,0.01037828274949986
4.238072982300618,-4.961745505943915,0.002298428388522094
4.341440616015267,-4.961745505943915,-0.007873385855278726
4.444808249729916,-4.961745505943915,-0.017630338195101732
4.548175883444565,-4.961745505943915,-0.02457958141248472
4.651543517159214,-4.961745505943915,-0.027108077861829758
4.754911150873865,-4.961745505943915,-0.02481731059326332
4.858278784588514,-4.961745505943915,-0.01860053596400215
4.961646418303163,-4.961745505943915,-0.010342971177647691
5.065014052017812,-4.961745505943915,-0.0023384982155041233
5.168381685732461,-4.961745505943915,0.0033984457197346893
5.27174931944711,-4.961745505943915,0.005716408332178887
5.3751169531617595,-4.961745505943915,0.004629876087808471
5.478484586876409,-4.961745505943915,0.0012529958203140374
5.581852220591058,-4.961745505943915,-0.0026100887366304498
5.685219854305707,-4.961745505943915,-0.005086238297187578
5.788587488020356,-4.961745505943915,-0.004868633401591137
5.8919551217350055,-4.961745505943915,-0.0016657720741798604
5.995322755449654,-4.961745505943915,0.003677683744497151
6.098690389164305,-4.961745505943915,0.009427247515395313
6.202058022878954,-4.961745505943915,0.013496445576953647
6.305425656593603,-4.961745505943915,0.014109514090497452
6.408793290308252,-4.961745505943915,0.010383285137593146
-6.408793290308252,-4.858375807903417,0.0016927110473373816
-6.305425656593603,-4.858375807903417,-0.006617288861556385
-6.202058022878954,-4.858375807903417,-0.013954730185712347
-6.098690389164304,-4.858375807903417,-0.018312186532571034
-5.995322755449655,-4.858375807903417,-0.01857989622505585
-5.8919551217350055,-4.858375807903417,-0.01486790573003693
-5.788587488020356,-4.858375807903417,-0.008438774043895316
-5.685219854305708,-4.858375807903417,-0.0012817931289751214
-5.581852220591058,-4.858375807903417,0.004528068609608694
-5.478484586876409,-4.858375807903417,0.007479519324452769
-5.3751169531617595,-4.858375807903417,0.007078840612371095
-5.27174931944711,-4.858375807903417,0.003971476056977946
-5.168381685732461,-4.858375807903417,-0.000298231809696096
-5.065014052017812,-4.858375807903417,-0.0038059802466379397
-4.961646418303163,-4.858375807903417,-0.004878976441730103
-4.858278784588514,-4.858375807903417,-0.0026448296746975244
-4.754911150873865,-4.858375807903417,0.002665902779436136
-4.651543517159215,-4.858375807903417,0.009748254420892666
-4.548175883444566,-4.858375807903417,0.016566964701431715
-4.444808249729917,-4.858375807903417,0.020910414228252433
-4.341440616015267,-4.858375807903417,0.020994356945801446
-4.238072982300618,-4.858375807903417,0.01595030410446909
-4.134705348585968,-4.858375807903417,0.006074830767393587
-4.031337714871319,-4.858375807903417,-0.007212090402293062
-3.9279700811566705,-4.858375807903417,-0.021672724378663494
-3.8246024474420213,-4.858375807903417,-0.03473089616663575
-3.7212348137273725,-4.858375807903417,-0.0440022834037576
-3.6178671800127233,-4.858375807903417,-0.047755533339841845
-3.514499546298074,-4.858375807903417,-0.045215151710623847
-3.411131912583425,-4.858375807903417,-0.036663373322808
-3.3077642788687753,-4.858375807903417,-0.023344844462175815
-3.204396645154126,-4.858375807903417,-0.0072135994833534105
-3.101029011439477,-4.858375807903417,0.009418549344510313
-2.9976613777248278,-4.858375807903417,0.02426827430574837
-2.8942937440101786,-4.858375807903417,0.035442674084973556
-2.790926110295529,-4.858375807903417,0.04172716810968245
-2.6875584765808798,-4.858375807903417,0.042760015080460366
-2.5841908428662306,-4.858375807903417,0.03906592216904498
-2.4808232091515814,-4.858375807903417,0.03193692659129823
-2.3774555754369326,-4.858375807903417,0.023170623853087338
-2.2740879417222835,-4.858375807903417,0.014703202084601704
-2.1707203080076334,-4.858375807903417,0.008202604165588918
-2.067352674292984,-4.858375807903417,0.004706909706894631
-1.9639850405783352,-4.858375807903417,0.004395468340824197
-1.8606174068636863,-4.858375807903417,0.00655948316655891
-1.757249773149037,-4.858375807903417,0.009795433875958246
-1.6538821394343879,-4.858375807903417,0.012387812230821095
-1.550514505719738,-4.858375807903417,0.01279242211632512
-1.447146872005089,-4.858375807903417,0.010095326173684058
-1.3437792382904399,-4.858375807903417,0.004319012476732923
-1.2404116045757907,-4.858375807903417,-0.003518808141117947
-1.1370439708611417,-4.858375807903417,-0.011624029609159198
-1.0336763371464925,-4.858375807903417,-0.017875250528246314
-0.9303087034318435,-4.858375807903417,-0.02038768064594625
-0.8269410697171936,-4.858375807903417,-0.01803901024474282
-0.7235734360025445,-4.858375807903417,-0.010810460063858494
-0.6202058022878953,-4.858375807903417,0.00015463466418816203
-0.5168381685732463,-4.858375807903417,0.012793961354811798
-0.4134705348585972,-4.858375807903417,0.024605920601977766
-0.31010290114394806,-4.858375807903417,0.03323561221227217
-0.2067352674292982,-4.858375807903417,0.03701050431207261
-0.1033676337146491,-4.858375807903417,0.03528876065014019
0.,-4.858375807903417,0.028541498031209273
0.1033676337146491,-4.858375807903417,0.01816810621920251
0.2067352674292982,-4.858375807903417,0.006116574581119733
0.31010290114394734,-4.858375807903417,-0.00557337919237658
0.4134705348585964,-4.858375807903417,-0.015179812930497076
0.5168381685732455,-4.858375807903417,-0.021567163532085695
0.6202058022878947,-4.858375807903417,-0.024275640633416407
0.7235734360025438,-4.858375807903417,-0.02345184907093702
0.8269410697171944,-4.858375807903417,-0.019683187304710047
0.9303087034318435,-4.858375807903417,-0.01381147871069161
1.0336763371464925,-4.858375807903417,-0.006784167095534124
1.1370439708611417,-4.858375807903417,0.00043517615267521124
1.2404116045757907,-4.858375807903417,0.00691388910192002
1.3437792382904399,-4.858375807903417,0.01179503097667874
1.447146872005089,-4.858375807903417,0.014378177078590938
1.550514505719738,-4.858375807903417,0.014248004685206414
1.6538821394343872,-4.858375807903417,0.01142362405270972
1.7572497731490362,-4.858375807903417,0.006468504655447468
1.8606174068636854,-4.858375807903417,0.0004906635418267225
1.9639850405783346,-4.858375807903417,-0.005015581296312926
2.0673526742929837,-4.858375807903417,-0.008485271181410386
2.1707203080076343,-4.858375807903417,-0.008693081824396444
2.2740879417222835,-4.858375807903417,-0.005144693357955699
2.3774555754369326,-4.858375807903417,0.0016820793577076944
2.4808232091515814,-4.858375807903417,0.010350619289028196
2.5841908428662306,-4.858375807903417,0.01876887045542265
2.6875584765808798,-4.858375807903417,0.024727191350376012
2.790926110295529,-4.858375807903417,0.026530953590519716
2.894293744010178,-4.858375807903417,0.02354085428426398
2.997661377724827,-4.858375807903417,0.01644361488263747
3.101029011439476,-4.858375807903417,0.007144691363324067
3.2043966451541253,-4.858375807903417,-0.0017149316628579298
3.3077642788687744,-4.858375807903417,-0.007497002387131816
3.411131912583425,-4.858375807903417,-0.008349684881594604
3.514499546298074,-4.858375807903417,-0.003799230348384413
3.6178671800127233,-4.858375807903417,0.005041857577272034
3.7212348137273725,-4.858375807903417,0.01573264717048134
3.8246024474420213,-4.858375807903417,0.025169746543575285
3.9279700811566705,-4.858375807903417,0.030475283207176344
4.031337714871319,-4.858375807903417,0.029845789550090974
4.134705348585968,-4.858375807903417,0.023104873747619267
4.238072982300618,-4.858375807903417,0.011786675288821494
4.341440616015267,-4.858375807903417,-0.001283043135605945
4.444808249729916,-4.858375807903417,-0.012788496192386655
4.548175883444565,-4.858375807903417,-0.01987048180100098
4.651543517159214,-4.858375807903417,-0.020934611365331316
4.754911150873865,-4.858375807903417,-0.016079481675272338
4.858278784588514,-4.858375807903417,-0.007019711580382319
4.961646418303163,-4.858375807903417,0.0034660216114225056
5.065014052017812,-4.858375807903417,0.012386653965746936
5.168381685732461,-4.858375807903417,0.017425230367229982
5.27174931944711,-4.858375807903417,0.017589121502961807
5.3751169531617595,-4.858375807903417,0.01343126770027293
5.478484586876409,-4.858375807903417,0.0067871787506269005
5.581852220591058,-4.858375807903417,0.0001247435913497957
5.685219854305707,-4.858375807903417,-0.004277230256642093
5.788587488020356,-4.858375807903417,-0.005057502750083828
5.8919551217350055,-4.858375807903417,-0.002179947461749154
5.995322755449654,-4.858375807903417,0.0031000750288398206
6.098690389164305,-4.858375807903417,0.00868729885182691
6.202058022878954,-4.858375807903417,0.012360181871660311
6.305425656593603,-4.858375807903417,0.012510850674438578
6.408793290308252,-4.858375807903417,0.00867296898733856
-6.408793290308252,-4.755006109862919,-0.0019071624675502422
-6.305425656593603,-4.755006109862919,-0.0068221556626767545
-6.202058022878954,-4.755006109862919,-0.009305313110461042
-6.098690389164304,-4.755006109862919,-0.008253099252163061
-5.995322755449655,-4.755006109862919,-0.003727885843620839
-5.8919551217350055,-4.755006109862919,0.0030299093343589397
-5.788587488020356,-4.755006109862919,0.009987982647348759
-5.685219854305708,-4.755006109862919,0.014978099385858012
-5.581852220591058,-4.755006109862919,0.016405698188474933
-5.478484586876409,-4.755006109862919,0.013781533846002834
-5.3751169531617595,-4.755006109862919,0.007903789532740315
-5.27174931944711,-4.755006109862919,0.0006332440490087449
-5.168381685732461,-4.755006109862919,-0.005665967030297368
-5.065014052017812,-4.755006109862919,-0.008843832929100084
-4.961646418303163,-4.755006109862919,-0.007618816608011145
-4.858278784588514,-4.755006109862919,-0.001972938953234998
-4.754911150873865,-4.755006109862919,0.0068238247592221695
-4.651543517159215,-4.755006109862919,0.01655641753241744
-4.548175883444566,-4.755006109862919,0.024663683148302456
-4.444808249729917,-4.755006109862919,0.028914348909074104
-4.341440616015267,-4.755006109862919,0.027970679569370015
-4.238072982300618,-4.755006109862919,0.021696466846825004
-4.134705348585968,-4.755006109862919,0.011149256666753841
-4.031337714871319,-4.755006109862919,-0.0017116222389388588
-3.9279700811566705,-4.755006109862919,-0.014498019786530208
-3.8246024474420213,-4.755006109862919,-0.024910935681676398
-3.7212348137273725,-4.755006109862919,-0.03117777756449371
-3.6178671800127233,-4.755006109862919,-0.03232631355306328
-3.514499546298074,-4.755006109862919,-0.02826953074489088
-3.411131912583425,-4.755006109862919,-0.019725698725032912
-3.3077642788687753,-4.755006109862919,-0.008027088586318558
-3.204396645154126,-4.755006109862919,0.005124810206138155
-3.101029011439477,-4.755006109862919,0.017913737987083473
-2.9976613777248278,-4.755006109862919,0.028648966932334492
-2.8942937440101786,-4.755006109862919,0.03598147296525387
-2.790926110295529,-4.755006109862919,0.03908709256984831
-2.6875584765808798,-4.755006109862919,0.03779795218406294
-2.5841908428662306,-4.755006109862919,0.032651582351057716
-2.4808232091515814,-4.755006109862919,0.024824628773196706
-2.3774555754369326,-4.755006109862919,0.015933079170990773
-2.2740879417222835,-4.755006109862919,0.007713659412987283
-2.1707203080076334,-4.755006109862919,0.0016424931855851253
-2.067352674292984,-4.755006109862919,-0.0014182786984173407
-1.9639850405783352,-4.755006109862919,-0.0014436358455002995
-1.8606174068636863,-4.755006109862919,0.000742323678806261
-1.757249773149037,-4.755006109862919,0.003693375397489995
-1.6538821394343879,-4.755006109862919,0.005763970283618613
-1.550514505719738,-4.755006109862919,0.00561801613321061
-1.447146872005089,-4.755006109862919,0.0026752129279336567
-1.3437792382904399,-4.755006109862919,-0.0026476232456519744
-1.2404116045757907,-4.755006109862919,-0.00899001424547207
-1.1370439708611417,-4.755006109862919,-0.014399617655897312
-1.0336763371464925,-4.755006109862919,-0.016892379244216063
-0.9303087034318435,-4.755006109862919,-0.01506050266553261
-0.8269410697171936,-4.755006109862919,-0.008544618560709918
-0.7235734360025445,-4.755006109862919,0.001779212521728974
-0.6202058022878953,-4.755006109862919,0.013964218544615326
-0.5168381685732463,-4.755006109862919,0.02546973215436265
-0.4134705348585972,-4.755006109862919,0.03381459374024321
-0.31010290114394806,-4.755006109862919,0.037217076605763656
-0.2067352674292982,-4.755006109862919,0.035035997386050184
-0.1033676337146491,-4.755006109862919,0.02789031318391411
0.,-4.755006109862919,0.017434620812118825
0.1033676337146491,-4.755006109862919,0.005872819402429633
0.2067352674292982,-4.755006109862919,-0.004632272706526979
0.31010290114394734,-4.755006109862919,-0.012473201761241667
0.4134705348585964,-4.755006109862919,-0.016892399996428893
0.5168381685732455,-4.755006109862919,-0.017994327827238827
0.6202058022878947,-4.755006109862919,-0.01650918646317505
0.7235734360025438,-4.755006109862919,-0.013420679533179089
0.8269410697171944,-4.755006109862919,-0.009604483186512771
0.9303087034318435,-4.755006109862919,-0.0056039754585674095
1.0336763371464925,-4.755006109862919,-0.0016050646107250825
1.1370439708611417,-4.755006109862919,0.0024118003694845354
1.2404116045757907,-4.755006109862919,0.006435167181821862
1.3437792382904399,-4.755006109862919,0.010225585753876174
1.447146872005089,-4.755006109862919,0.013262015446836367
1.550514505719738,-4.755006109862919,0.014872300931207628
1.6538821394343872,-4.755006109862919,0.014506392049914302
1.7572497731490362,-4.755006109862919,0.012042497787495776
1.8606174068636854,-4.755006109862919,0.007989311354531224
1.9639850405783346,-4.755006109862919,0.0034747870339651515
2.0673526742929837,-4.755006109862919,-0.000013699517504942413
2.1707203080076343,-4.755006109862919,-0.0010773810786695725
2.2740879417222835,-4.755006109862919,0.0010996481598415865
2.3774555754369326,-4.755006109862919,0.00638726704123725
2.4808232091515814,-4.755006109862919,0.013626769463921681
2.5841908428662306,-4.755006109862919,0.020892795429069865
2.6875584765808798,-4.755006109862919,0.02604691822353908
2.790926110295529,-4.755006109862919,0.02742200363922992
2.894293744010178,-4.755006109862919,0.02441621672050494
2.997661377724827,-4.755006109862919,0.017787715776316007
3.101029011439476,-4.755006109862919,0.009526244325326146
3.2043966451541253,-4.755006109862919,0.0023112050103953267
3.3077642788687744,-4.755006109862919,-0.001295429645965651
3.411131912583425,-4.755006109862919,0.00032431171729791944
3.514499546298074,-4.755006109862919,0.007264937907611071
3.6178671800127233,-4.755006109862919,0.01796554746468032
3.7212348137273725,-4.755006109862919,0.029590678499228185
3.8246024474420213,-4.755006109862919,0.03882709094611064
3.9279700811566705,-4.755006109862919,0.04286278190167785
4.031337714871319,-4.755006109862919,0.0402486085700075
4.134705348585968,-4.755006109862919,0.031371358432129175
4.238072982300618,-4.755006109862919,0.018383024378409447
4.341440616015267,-4.755006109862919,0.004598721242267623
4.444808249729916,-4.755006109862919,-0.006458068965813097
4.548175883444565,-4.755006109862919,-0.012072868061663956
4.651543517159214,-4.755006109862919,-0.011109842224966419
4.754911150873865,-4.755006109862919,-0.004301082912003453
4.858278784588514,-4.755006109862919,0.006026136396092638
4.961646418303163,-4.755006109862919,0.016690046525683632
5.065014052017812,-4.755006109862919,0.02462476672375668
5.168381685732461,-4.755006109862919,0.027775414886169393
5.27174931944711,-4.755006109862919,0.025644127321331176
5.3751169531617595,-4.755006109862919,0.01933074881093467
5.478484586876409,-4.755006109862919,0.01107662749226149
5.581852220591058,-4.755006109862919,0.003477689702062902
5.685219854305707,-4.755006109862919,-0.0013670908854274888
5.788587488020356,-4.755006109862919,-0.0024946715778075526
5.8919551217350055,-4.755006109862919,-0.00030650165810779985
5.995322755449654,-4.755006109862919,0.003669732271207747
6.098690389164305,-4.755006109862919,0.0073858896813448075
6.202058022878954,-4.755006109862919,0.009029053705442852
6.305425656593603,-4.755006109862919,0.007666530709799892
6.408793290308252,-4.755006109862919,0.003564362612268176
-6.408793290308252,-4.6516364118224205,-0.008358979092774063
-6.305425656593603,-4.6516364118224205,-0.008987152081406878
-6.202058022878954,-4.6516364118224205,-0.005787102593988271
-6.098690389164304,-4.6516364118224205,0.0011356279191141357
-5.995322755449655,-4.6516364118224205,0.010417054960775732
-5.8919551217350055,-4.6516364118224205,0.019774662901716884
-5.788587488020356,-4.6516364118224205,0.026675714007237675
-5.685219854305708,-4.6516364118224205,0.029122105768979313
-5.581852220591058,-4.6516364118224205,0.026298467435686933
-5.478484586876409,-4.6516364118224205,0.018872183767189334
-5.3751169531617595,-4.6516364118224205,0.008844890609744315
-5.27174931944711,-4.6516364118224205,-0.0010024218034458696
-5.168381685732461,-4.6516364118224205,-0.007901092800129544
-5.065014052017812,-4.6516364118224205,-0.009882162313222824
-4.961646418303163,-4.6516364118224205,-0.006324336399183912
-4.858278784588514,-4.6516364118224205,0.0018933261589780454
-4.754911150873865,-4.6516364118224205,0.012665263146974935
-4.651543517159215,-4.6516364118224205,0.023262349998870425
-4.548175883444566,-4.6516364118224205,0.031074401943984937
-4.444808249729917,-4.6516364118224205,0.03427402357560811
-4.341440616015267,-4.6516364118224205,0.03222314981648724
-4.238072982300618,-4.6516364118224205,0.025533992313713616
-4.134705348585968,-4.6516364118224205,0.015804745033096486
-4.031337714871319,-4.6516364118224205,0.005141457702948587
-3.9279700811566705,-4.6516364118224205,-0.004376035291181274
-3.8246024474420213,-4.6516364118224205,-0.011134121958299046
-3.7212348137273725,-4.6516364118224205,-0.014234301492428481
-3.6178671800127233,-4.6516364118224205,-0.013528469505618446
-3.514499546298074,-4.6516364118224205,-0.009486146462952096
-3.411131912583425,-4.6516364118224205,-0.0029782727651078158
-3.3077642788687753,-4.6516364118224205,0.004936823829690013
-3.204396645154126,-4.6516364118224205,0.013170560693039299
-3.101029011439477,-4.6516364118224205,0.02069454664729058
-2.9976613777248278,-4.6516364118224205,0.026592163108795582
-2.8942937440101786,-4.6516364118224205,0.030113246618525234
-2.790926110295529,-4.6516364118224205,0.03075999206883216
-2.6875584765808798,-4.6516364118224205,0.028398813800465654
-2.5841908428662306,-4.6516364118224205,0.023357472707292874
-2.4808232091515814,-4.6516364118224205,0.016448170247772037
-2.3774555754369326,-4.6516364118224205,0.008867523504110974
-2.2740879417222835,-4.6516364118224205,0.001962965371967138
-2.1707203080076334,-4.6516364118224205,-0.0030911873992959735
-2.067352674292984,-4.6516364118224205,-0.0056174893608439014
-1.9639850405783352,-4.6516364118224205,-0.005648874703720852
-1.8606174068636863,-4.6516364118224205,-0.003942257365145521
-1.757249773149037,-4.6516364118224205,-0.0017604636094099404
-1.6538821394343879,-4.6516364118224205,-0.0004686213588593143
-1.550514505719738,-4.6516364118224205,-0.001061981261791986
-1.447146872005089,-4.6516364118224205,-0.003778994294063132
-1.3437792382904399,-4.6516364118224205,-0.007939551357040777
-1.2404116045757907,-4.6516364118224205,-0.012084010577761683
-1.1370439708611417,-4.6516364118224205,-0.014392626177490268
-1.0336763371464925,-4.6516364118224205,-0.01326852661297211
-0.9303087034318435,-4.6516364118224205,-0.007903936017636878
-0.8269410697171936,-4.6516364118224205,0.0013572284166508478
-0.7235734360025445,-4.6516364118224205,0.012991532273405073
-0.6202058022878953,-4.6516364118224205,0.02463196312809122
-0.5168381685732463,-4.6516364118224205,0.03368045037307731
-0.4134705348585972,-4.6516364118224205,0.03801799396101152
-0.31010290114394806,-4.6516364118224205,0.03659735681164726
-0.2067352674292982,-4.6516364118224205,0.029736233859851427
-0.1033676337146491,-4.6516364118224205,0.019021127534929887
0.,-4.6516364118224205,0.006854038705147948
0.1033676337146491,-4.6516364118224205,-0.0042145351001763275
0.2067352674292982,-4.6516364118224205,-0.012158698742400916
0.31010290114394734,-4.6516364118224205,-0.01595287924017708
0.4134705348585964,-4.6516364118224205,-0.015716925158886133
0.5168381685732455,-4.6516364118224205,-0.012509241290005904
0.6202058022878947,-4.6516364118224205,-0.0078617940052602
0.7235734360025438,-4.6516364118224205,-0.0032302469937993718
0.8269410697171944,-4.6516364118224205,0.0004500484148903329
0.9303087034318435,-4.6516364118224205,0.002960342248007158
1.0336763371464925,-4.6516364118224205,0.004701537023572756
1.1370439708611417,-4.6516364118224205,0.006367090967059971
1.2404116045757907,-4.6516364118224205,0.008530658059115142
1.3437792382904399,-4.6516364118224205,0.011319328132743998
1.447146872005089,-4.6516364118224205,0.014304875586538196
1.550514505719738,-4.6516364118224205,0.01665736233578829
1.6538821394343872,-4.6516364118224205,0.017500700011682573
1.7572497731490362,-4.6516364118224205,0.01632752324210235
1.8606174068636854,-4.6516364118224205,0.013302153269811327
1.9639850405783346,-4.6516364118224205,0.009317293036282221
2.0673526742929837,-4.6516364118224205,0.005760127624191998
2.1707203080076343,-4.6516364118224205,0.0040544750327421285
2.2740879417222835,-4.6516364118224205,0.005136690063900333
2.3774555754369326,-4.6516364118224205,0.009059393632094305
2.4808232091515814,-4.6516364118224205,0.014882908064918314
2.5841908428662306,-4.6516364118224205,0.020918871720364225
2.6875584765808798,-4.6516364118224205,0.025265854333593206
2.790926110295529,-4.6516364118224205,0.02646671466546425
2.894293744010178,-4.6516364118224205,0.0240622820203135
2.997661377724827,-4.6516364118224205,0.018838065211383283
3.101029011439476,-4.6516364118224205,0.012655918714010903
3.2043966451541253,-4.6516364118224205,0.007900784822694403
3.3077642788687744,-4.6516364118224205,0.006707407529390876
3.411131912583425,-4.6516364118224205,0.010216360800595934
3.514499546298074,-4.6516364118224205,0.01811169888290849
3.6178671800127233,-4.6516364118224205,0.028609890407612828
3.7212348137273725,-4.6516364118224205,0.038926521847327186
3.8246024474420213,-4.6516364118224205,0.04609000605427983
3.9279700811566705,-4.6516364118224205,0.04785269302521956
4.031337714871319,-4.6516364118224205,0.04341014201295914
4.134705348585968,-4.6516364118224205,0.033693908850326505
4.238072982300618,-4.6516364118224205,0.021135770790951827
4.341440616015267,-4.6516364118224205,0.008969301487378047
4.444808249729916,-4.6516364118224205,0.00028323344024283804
4.548175883444565,-4.6516364118224205,-0.0028788514878052575
4.651543517159214,-4.6516364118224205,-0.00009288470156321446
4.754911150873865,-4.6516364118224205,0.007371696139153981
4.858278784588514,-4.6516364118224205,0.016991884354175386
4.961646418303163,-4.6516364118224205,0.025794943341016063
5.065014052017812,-4.6516364118224205,0.03126339457583673
5.168381685732461,-4.6516364118224205,0.03205291485786166
5.27174931944711,-4.6516364118224205,0.028303779596193884
5.3751169531617595,-4.6516364118224205,0.021465453400152285
5.478484586876409,-4.6516364118224205,0.013715715612903584
5.581852220591058,-4.6516364118224205,0.007186133204752984
5.685219854305707,-4.6516364118224205,0.0032619136788647513
5.788587488020356,-4.6516364118224205,0.002188939892576241
5.8919551217350055,-4.6516364118224205,0.003107924337981906
5.995322755449654,-4.6516364118224205,0.004484914396821607
6.098690389164305,-4.6516364118224205,0.004770782639788562
6.202058022878954,-4.6516364118224205,0.0030461883365285845
6.305425656593603,-4.6516364118224205,-0.0005821186130893159
6.408793290308252,-4.6516364118224205,-0.004977277876356007
-6.408793290308252,-4.548266713781922,-0.016276206395669308
-6.305425656593603,-4.548266713781922,-0.012625082801040787
-6.202058022878954,-4.548266713781922,-0.004165508490209903
-6.098690389164304,-4.548266713781922,0.007770231213994376
-5.995322755449655,-4.548266713781922,0.020701194458924314
-5.8919551217350055,-4.548266713781922,0.03164435727815536
-5.788587488020356,-4.548266713781922,0.03795901580143083
-5.685219854305708,-4.548266713781922,0.0381283938237471
-5.581852220591058,-4.548266713781922,0.03223204451284701
-5.478484586876409,-4.548266713781922,0.021956891445590945
-5.3751169531617595,-4.548266713781922,0.010138324736571292
-5.27174931944711,-4.548266713781922,-0.00003115453838416587
-5.168381685732461,-4.548266713781922,-0.00588684434219632
-5.065014052017812,-4.548266713781922,-0.0060066096218037365
-4.961646418303163,-4.548266713781922,-0.0005500197761931615
-4.858278784588514,-4.548266713781922,0.008863117694066943
-4.754911150873865,-4.548266713781922,0.019677292443024474
-4.651543517159215,-4.548266713781922,0.029152957669855723
-4.548175883444566,-4.548266713781922,0.03511161836858887
-4.444808249729917,-4.548266713781922,0.03645877311240713
-4.341440616015267,-4.548266713781922,0.03335306759371085
-4.238072982300618,-4.548266713781922,0.027008700940642297
-4.134705348585968,-4.548266713781922,0.019230973469008487
-4.031337714871319,-4.548266713781922,0.011855784919080336
-3.9279700811566705,-4.548266713781922,0.006273165079578822
-3.8246024474420213,-4.548266713781922,0.003164895745915604
-3.7212348137273725,-4.548266713781922,0.002499214089491504
-3.6178671800127233,-4.548266713781922,0.003734674367998993
-3.514499546298074,-4.548266713781922,0.006122352034785766
-3.411131912583425,-4.548266713781922,0.008980075625518504
-3.3077642788687753,-4.548266713781922,0.011845040992892587
-3.204396645154126,-4.548266713781922,0.014475075029007311
-3.101029011439477,-4.548266713781922,0.016736644726197552
-2.9976613777248278,-4.548266713781922,0.018462503119151697
-2.8942937440101786,-4.548266713781922,0.019367236033105684
-2.790926110295529,-4.548266713781922,0.019074922364081478
-2.6875584765808798,-4.548266713781922,0.017255464550349292
-2.5841908428662306,-4.548266713781922,0.013809913607117816
-2.4808232091515814,-4.548266713781922,0.009014502906055764
-2.3774555754369326,-4.548266713781922,0.003541869124188623
-2.2740879417222835,-4.548266713781922,-0.0016761448230110405
-2.1707203080076334,-4.548266713781922,-0.005714171736607361
-2.067352674292984,-4.548266713781922,-0.007958596608500672
-1.9639850405783352,-4.548266713781922,-0.008335912243179101
-1.8606174068636863,-4.548266713781922,-0.007364846786491994
-1.757249773149037,-4.548266713781922,-0.005991514376856942
-1.6538821394343879,-4.548266713781922,-0.005246882421265743
-1.550514505719738,-4.548266713781922,-0.005837994060611957
-1.447146872005089,-4.548266713781922,-0.00782046651893702
-1.3437792382904399,-4.548266713781922,-0.010483545099313145
-1.2404116045757907,-4.548266713781922,-0.012512743894078523
-1.1370439708611417,-4.548266713781922,-0.012399790017106995
-1.0336763371464925,-4.548266713781922,-0.008977976456943287
-0.9303087034318435,-4.548266713781922,-0.0019063260652485011
-0.8269410697171936,-4.548266713781922,0.008070157547800048
-0.7235734360025445,-4.548266713781922,0.019192555510985636
-0.6202058022878953,-4.548266713781922,0.029095424086529615
-0.5168381685732463,-4.548266713781922,0.03544060283388127
-0.4134705348585972,-4.548266713781922,0.03658820496588895
-0.31010290114394806,-4.548266713781922,0.03209527732045725
-0.2067352674292982,-4.548266713781922,0.022881064355749183
-0.1033676337146491,-4.548266713781922,0.011000399754118489
0.,-4.548266713781922,-0.0009097932445075562
0.1033676337146491,-4.548266713781922,-0.01034242820646089
0.2067352674292982,-4.548266713781922,-0.015573149806461408
0.31010290114394734,-4.548266713781922,-0.016058559563943763
0.4134705348585964,-4.548266713781922,-0.01246923496708208
0.5168381685732455,-4.548266713781922,-0.006366494457611743
0.6202058022878947,-4.548266713781922,0.000354588957300387
0.7235734360025438,-4.548266713781922,0.006063736698559413
0.8269410697171944,-4.548266713781922,0.009840075515207018
0.9303087034318435,-4.548266713781922,0.011629840359348866
1.0336763371464925,-4.548266713781922,0.012089408526089222
1.1370439708611417,-4.548266713781922,0.012196282430809988
1.2404116045757907,-4.548266713781922,0.012787577035395176
1.3437792382904399,-4.548266713781922,0.014202903357920437
1.447146872005089,-4.548266713781922,0.016161626861248706
1.550514505719738,-4.548266713781922,0.017911610772545328
1.6538821394343872,-4.548266713781922,0.018582237937705633
1.7572497731490362,-4.548266713781922,0.01759700598748371
1.8606174068636854,-4.548266713781922,0.014978568829413624
1.9639850405783346,-4.548266713781922,0.011419844788989
2.0673526742929837,-4.548266713781922,0.00808372578357477
2.1707203080076343,-4.548266713781922,0.00619828032798642
2.2740879417222835,-4.548266713781922,0.006595488128265752
2.3774555754369326,-4.548266713781922,0.009368887510009322
2.4808232091515814,-4.548266713781922,0.013787756436348737
2.5841908428662306,-4.548266713781922,0.018514941773464265
2.6875584765808798,-4.548266713781922,0.02206411337543394
2.790926110295529,-4.548266713781922,0.023340305771600775
2.894293744010178,-4.548266713781922,0.0220693273734917
2.997661377724827,-4.548266713781922,0.0189526575132701
3.101029011439476,-4.548266713781922,0.015475939834117965
3.2043966451541253,-4.548266713781922,0.013420290199268714
3.3077642788687744,-4.548266713781922,0.014234085828669828
3.411131912583425,-4.548266713781922,0.018479724505318595
3.514499546298074,-4.548266713781922,0.025553276804571312
3.6178671800127233,-4.548266713781922,0.033788517154185134
3.7212348137273725,-4.548266713781922,0.040928626394387
3.8246024474420213,-4.548266713781922,0.04482228888865525
3.9279700811566705,-4.548266713781922,0.04411976019292466
4.031337714871319,-4.548266713781922,0.03873773850517322
4.134705348585968,-4.548266713781922,0.029933389065123623
4.238072982300618,-4.548266713781922,0.019954649418529827
4.341440616015267,-4.548266713781922,0.0113737052314373
4.444808249729916,-4.548266713781922,0.0063160369493841274
4.548175883444565,-4.548266713781922,0.00583269635606965
4.651543517159214,-4.548266713781922,0.009616165661161191
4.754911150873865,-4.548266713781922,0.016146034474241077
4.858278784588514,-4.548266713781922,0.023208361819923796
4.961646418303163,-4.548266713781922,0.028610196104438324
5.065014052017812,-4.548266713781922,0.030849678784531428
5.168381685732461,-4.548266713781922,0.029522777661004904
5.27174931944711,-4.548266713781922,0.025342276856943517
5.3751169531617595,-4.548266713781922,0.019780139324802215
5.478484586876409,-4.548266713781922,0.01447377851418428
5.581852220591058,-4.548266713781922,0.010615463600560034
5.685219854305707,-4.548266713781922,0.008545116751523895
5.788587488020356,-4.548266713781922,0.0076902606602912635
5.8919551217350055,-4.548266713781922,0.006869936424834497
5.995322755449654,-4.548266713781922,0.004846702721504789
6.098690389164305,-4.548266713781922,0.0009190828108384371
6.202058022878954,-4.548266713781922,-0.004671387040636167
6.305425656593603,-4.548266713781922,-0.010681994893729256
6.408793290308252,-4.548266713781922,-0.015201161539192284
-6.408793290308252,-4.444897015741423,-0.02313119644731559
-6.305425656593603,-4.444897015741423,-0.016220126065044554
-6.202058022878954,-4.444897015741423,-0.0042184481041388725
-6.098690389164304,-4.444897015741423,0.010615339384947938
-5.995322755449655,-4.444897015741423,0.02515858947726477
-5.8919551217350055,-4.444897015741423,0.036252402242186954
-5.788587488020356,-4.444897015741423,0.041571276931775446
-5.685219854305708,-4.444897015741423,0.04027164317303408
-5.581852220591058,-4.444897015741423,0.033220898650625726
-5.478484586876409,-4.444897015741423,0.022736461364185633
-5.3751169531617595,-4.444897015741423,0.01191469050680589
-5.27174931944711,-4.444897015741423,0.0037541481765948344
-5.168381685732461,-4.444897015741423,0.00033697599824388755
-5.065014052017812,-4.444897015741423,0.0023081059071570647
-4.961646418303163,-4.444897015741423,0.008793805042057304
-4.858278784588514,-4.444897015741423,0.01776168491318669
-4.754911150873865,-4.444897015741423,0.02668936127888652
-4.651543517159215,-4.444897015741423,0.033321343070517345
-4.548175883444566,-4.444897015741423,0.036279664476970855
-4.444808249729917,-4.444897015741423,0.03535460330024972
-4.341440616015267,-4.444897015741423,0.03141437584926558
-4.238072982300618,-4.444897015741423,0.025997781798123173
-4.134705348585968,-4.444897015741423,0.020749825551593416
-4.031337714871319,-4.444897015741423,0.01689739912615081
-3.9279700811566705,-4.444897015741423,0.014931404599029672
-3.8246024474420213,-4.444897015741423,0.014577707955666104
-3.7212348137273725,-4.444897015741423,0.015033852577215021
-3.6178671800127233,-4.444897015741423,0.015358982462538022
-3.514499546298074,-4.444897015741423,0.01486088907959932
-3.411131912583425,-4.444897015741423,0.013338883170948508
-3.3077642788687753,-4.444897015741423,0.011105548322777945
-3.204396645154126,-4.444897015741423,0.00879844996210038
-3.101029011439477,-4.444897015741423,0.00707139527536637
-2.9976613777248278,-4.444897015741423,0.006295601750869848
-2.8942937440101786,-4.444897015741423,0.006390766862004622
-2.790926110295529,-4.444897015741423,0.006850421511411056
-2.6875584765808798,-4.444897015741423,0.006947508303839699
-2.5841908428662306,-4.444897015741423,0.006035140220437597
-2.4808232091515814,-4.444897015741423,0.003820785213456479
-2.3774555754369326,-4.444897015741423,0.0005031709510567647
-2.2740879417222835,-4.444897015741423,-0.003284664356516587
-2.1707203080076334,-4.444897015741423,-0.006706448556215003
-2.067352674292984,-4.444897015741423,-0.009038936333633403
-1.9639850405783352,-4.444897015741423,-0.009948921976799856
-1.8606174068636863,-4.444897015741423,-0.009618875967783469
-1.757249773149037,-4.444897015741423,-0.008665323843493998
-1.6538821394343879,-4.444897015741423,-0.007873770088428059
-1.550514505719738,-4.444897015741423,-0.007847356488487766
-1.447146872005089,-4.444897015741423,-0.008705474135722186
-1.3437792382904399,-4.444897015741423,-0.009957269002113484
-1.2404116045757907,-4.444897015741423,-0.010615692351885801
-1.1370439708611417,-4.444897015741423,-0.00953057296380326
-1.0336763371464925,-4.444897015741423,-0.005835147315259745
-0.9303087034318435,-4.444897015741423,0.0006495202633628366
-0.8269410697171936,-4.444897015741423,0.009204156776460817
-0.7235734360025445,-4.444897015741423,0.018288613202189986
-0.6202058022878953,-4.444897015741423,0.02590617932580093
-0.5168381685732463,-4.444897015741423,0.030155399831228287
-0.4134705348585972,-4.444897015741423,0.02980102787805197
-0.31010290114394806,-4.444897015741423,0.02468139556146575
-0.2067352674292982,-4.444897015741423,0.015815983652416425
-0.1033676337146491,-4.444897015741423,0.005169872125697296
0.,-4.444897015741423,-0.004859463839230418
0.1033676337146491,-4.444897015741423,-0.012079081662957271
0.2067352674292982,-4.444897015741423,-0.015068649955858012
0.31010290114394734,-4.444897015741423,-0.01351099421685682
0.4134705348585964,-4.444897015741423,-0.008194445059521289
0.5168381685732455,-4.444897015741423,-0.0007019332582736634
0.6202058022878947,-4.444897015741423,0.007100502974414447
0.7235734360025438,-4.444897015741423,0.013605508984777559
0.8269410697171944,-4.444897015741423,0.0178666729493418
0.9303087034318435,-4.444897015741423,0.019747820972491552
1.0336763371464925,-4.444897015741423,0.01979711244156616
1.1370439708611417,-4.444897015741423,0.018917271902829373
1.2404116045757907,-4.444897015741423,0.017967030174027208
1.3437792382904399,-4.444897015741423,0.01744196473152343
1.447146872005089,-4.444897015741423,0.01734306153055804
1.550514505719738,-4.444897015741423,0.01726488694936854
1.6538821394343872,-4.444897015741423,0.016651176974889787
1.7572497731490362,-4.444897015741423,0.01510472040460455
1.8606174068636854,-4.444897015741423,0.012622212283858666
1.9639850405783346,-4.444897015741423,0.009658027612373542
2.0673526742929837,-4.444897015741423,0.006990091370652376
2.1707203080076343,-4.444897015741423,0.005439610264165544
2.2740879417222835,-4.444897015741423,0.005554626236653066
2.3774555754369326,-4.444897015741423,0.007383202879167346
2.4808232091515814,-4.444897015741423,0.010429491348227536
2.5841908428662306,-4.444897015741423,0.013816977207857547
2.6875584765808798,-4.444897015741423,0.016603609493971175
2.790926110295529,-4.444897015741423,0.01813321523739099
2.894293744010178,-4.444897015741423,0.0182897290535381
2.997661377724827,-4.444897015741423,0.01755296809443875
3.101029011439476,-4.444897015741423,0.016826098085774954
3.2043966451541253,-4.444897015741423,0.01708992018883344
3.3077642788687744,-4.444897015741423,0.01900642311418165
3.411131912583425,-4.444897015741423,0.02261823982570557
3.514499546298074,-4.444897015741423,0.02726150872520411
3.6178671800127233,-4.444897015741423,0.03173624078411423
3.7212348137273725,-4.444897015741423,0.034686108431560635
3.8246024474420213,-4.444897015741423,0.03506156484289969
3.9279700811566705,-4.444897015741423,0.03250504512450754
4.031337714871319,-4.444897015741423,0.027518606868952272
4.134705348585968,-4.444897015741423,0.021346547510427506
4.238072982300618,-4.444897015741423,0.015603788049403903
4.341440616015267,-4.444897015741423,0.011770727930805842
4.444808249729916,-4.444897015741423,0.010724659562614003
4.548175883444565,-4.444897015741423,0.012468264089803454
4.651543517159214,-4.444897015741423,0.01614940309036877
4.754911150873865,-4.444897015741423,0.02036582885960205
4.858278784588514,-4.444897015741423,0.023648643986299744
4.961646418303163,-4.444897015741423,0.024954806831006666
5.065014052017812,-4.444897015741423,0.023994915939911394
5.168381685732461,-4.444897015741423,0.021280384044323093
5.27174931944711,-4.444897015741423,0.017874377077141654
5.3751169531617595,-4.444897015741423,0.014938483858626513
5.478484586876409,-4.444897015741423,0.013243576998136622
5.581852220591058,-4.444897015741423,0.012830527699234361
5.685219854305707,-4.444897015741423,0.012956611968692617
5.788587488020356,-4.444897015741423,0.012362538797880095
5.8919551217350055,-4.444897015741423,0.009777593961793793
5.995322755449654,-4.444897015741423,0.004487843656509785
6.098690389164305,-4.444897015741423,-0.003241450580045201
6.202058022878954,-4.444897015741423,-0.012058859718037078
6.305425656593603,-4.444897015741423,-0.019803634975025637
6.408793290308252,-4.444897015741423,-0.02410429678475689
-6.408793290308252,-4.341527317700925,-0.026218240619041953
-6.305425656593603,-4.341527317700925,-0.01791319796058655
-6.202058022878954,-4.341527317700925,-0.005047163182102674
-6.098690389164304,-4.341527317700925,0.009751420805395223
-5.995322755449655,-4.341527317700925,0.023373224541440484
-5.8919551217350055,-4.341527317700925,0.03306338158167138
-5.788587488020356,-4.341527317700925,0.0371592393513287
-5.685219854305708,-4.341527317700925,0.035511735703674926
-5.581852220591058,-4.341527317700925,0.029467761887850677
-5.478484586876409,-4.341527317700925,0.021425224834075742
-5.3751169531617595,-4.341527317700925,0.014102477080408737
-5.27174931944711,-4.341527317700925,0.00974817825136601
-5.168381685732461,-4.341527317700925,0.009530169711462803
-5.065014052017812,-4.341527317700925,0.013279612955022323
-4.961646418303163,-4.341527317700925,0.019650634573920932
-4.858278784588514,-4.341527317700925,0.02662420303772434
-4.754911150873865,-4.341527317700925,0.032180418550744494
-4.651543517159215,-4.341527317700925,0.034918669090155084
-4.548175883444566,-4.341527317700925,0.03443280432464577
-4.444808249729917,-4.341527317700925,0.03133724533220635
-4.341440616015267,-4.341527317700925,0.02695871921171806
-4.238072982300618,-4.341527317700925,0.02281704745810561
-4.134705348585968,-4.341527317700925,0.020081616852715988
-4.031337714871319,-4.341527317700925,0.019188543036628376
-3.9279700811566705,-4.341527317700925,0.019740058228870642
-3.8246024474420213,-4.341527317700925,0.02070591201954845
-3.7212348137273725,-4.341527317700925,0.020842290115334543
-3.6178671800127233,-4.341527317700925,0.019172376266470986
-3.514499546298074,-4.341527317700925,0.01535737186965371
-3.411131912583425,-4.341527317700925,0.009830893337249721
-3.3077642788687753,-4.341527317700925,0.003656123513880663
-3.204396645154126,-4.341527317700925,-0.0018371838140106731
-3.101029011439477,-4.341527317700925,-0.00550381772952893
-2.9976613777248278,-4.341527317700925,-0.006763414768126019
-2.8942937440101786,-4.341527317700925,-0.0057800946873989845
-2.790926110295529,-4.341527317700925,-0.0033849313090176542
-2.6875584765808798,-4.341527317700925,-0.0007756735000291828
-2.5841908428662306,-4.341527317700925,0.0008955757433954572
-2.4808232091515814,-4.341527317700925,0.0009005945032555742
-2.3774555754369326,-4.341527317700925,-0.0008501669917630138
-2.2740879417222835,-4.341527317700925,-0.0038238909932927292
-2.1707203080076334,-4.341527317700925,-0.007096679047595931
-2.067352674292984,-4.341527317700925,-0.009708033865956386
-1.9639850405783352,-4.341527317700925,-0.011005828736444418
-1.8606174068636863,-4.341527317700925,-0.010856717891854141
-1.757249773149037,-4.341527317700925,-0.009649503317145702
-1.6538821394343879,-4.341527317700925,-0.008096819245174261
-1.550514505719738,-4.341527317700925,-0.006915247475387295
-1.447146872005089,-4.341527317700925,-0.006508680429427886
-1.3437792382904399,-4.341527317700925,-0.006778439502061833
-1.2404116045757907,-4.341527317700925,-0.007136941663547258
-1.1370439708611417,-4.341527317700925,-0.0067264423718277995
-1.0336763371464925,-4.341527317700925,-0.004767604217899849
-0.9303087034318435,-4.341527317700925,-0.0009119465441940409
-0.8269410697171936,-4.341527317700925,0.004533980649082693
-0.7235734360025445,-4.341527317700925,0.010603860898437678
-0.6202058022878953,-4.341527317700925,0.015903164066401913
-0.5168381685732463,-4.341527317700925,0.019011826752372254
-0.4134705348585972,-4.341527317700925,0.018931582534274845
-0.31010290114394806,-4.341527317700925,0.015432145827318264
-0.2067352674292982,-4.341527317700925,0.009180008953525757
-0.1033676337146491,-4.341527317700925,0.0016022054339336824
0.,-4.341527317700925,-0.005478021616080533
0.1033676337146491,-4.341527317700925,-0.010324375527497705
0.2067352674292982,-4.341527317700925,-0.01174390733414745
0.31010290114394734,-4.341527317700925,-0.00938210106488312
0.4134705348585964,-4.341527317700925,-0.0037756950071926093
0.5168381685732455,-4.341527317700925,0.003840283313942909
0.6202058022878947,-4.341527317700925,0.011899651697165085
0.7235734360025438,-4.341527317700925,0.018926279322828296
0.8269410697171944,-4.341527317700925,0.023881908169415197
0.9303087034318435,-4.341527317700925,0.026346949708047154
1.0336763371464925,-4.341527317700925,0.026501848616249695
1.1370439708611417,-4.341527317700925,0.02494302580436417
1.2404116045757907,-4.341527317700925,0.0224163781646183
1.3437792382904399,-4.341527317700925,0.0195676090737519
1.447146872005089,-4.341527317700925,0.01678940479859748
1.550514505719738,-4.341527317700925,0.014200422522483908
1.6538821394343872,-4.341527317700925,0.011738451387851748
1.7572497731490362,-4.341527317700925,0.009309637471593076
1.8606174068636854,-4.341527317700925,0.006921250651758681
1.9639850405783346,-4.341527317700925,0.004740480645941186
2.0673526742929837,-4.341527317700925,0.003058280563225936
2.1707203080076343,-4.341527317700925,0.0021796644828579463
2.2740879417222835,-4.341527317700925,0.0022929598641740967
2.3774555754369326,-4.341527317700925,0.0033783098292186416
2.4808232091515814,-4.341527317700925,0.005197836579179718
2.5841908428662306,-4.341527317700925,0.007374251114932765
2.6875584765808798,-4.341527317700925,0.00952626668005993
2.790926110295529,-4.341527317700925,0.011403901610894641
2.894293744010178,-4.341527317700925,0.012965269832759727
2.997661377724827,-4.341527317700925,0.01435979582691022
3.101029011439476,-4.341527317700925,0.015821893623791987
3.2043966451541253,-4.341527317700925,0.017518300876320083
3.3077642788687744,-4.341527317700925,0.01941521727899393
3.411131912583425,-4.341527317700925,0.02122786363181038
3.514499546298074,-4.341527317700925,0.022485012294665055
3.6178671800127233,-4.341527317700925,0.022695085272605445
3.7212348137273725,-4.341527317700925,0.02155616732708169
3.8246024474420213,-4.341527317700925,0.019127692036835574
3.9279700811566705,-4.341527317700925,0.015887925375099626
4.031337714871319,-4.341527317700925,0.012638567418390794
4.134705348585968,-4.341527317700925,0.010273664577795735
4.238072982300618,-4.341527317700925,0.009484360803746426
4.341440616015267,-4.341527317700925,0.010502791837575626
4.444808249729916,-4.341527317700925,0.0129837441707741
4.548175883444565,-4.341527317700925,0.016080478735671994
4.651543517159214,-4.341527317700925,0.018704297180827455
4.754911150873865,-4.341527317700925,0.019889013490063383
4.858278784588514,-4.341527317700925,0.01913666170515925
4.961646418303163,-4.341527317700925,0.01661772636368258
5.065014052017812,-4.341527317700925,0.013142065773660703
5.168381685732461,-4.341527317700925,0.009893223426095825
5.27174931944711,-4.341527317700925,0.008003740052984196
5.3751169531617595,-4.341527317700925,0.008112495914302867
5.478484586876409,-4.341527317700925,0.01006292250926026
5.581852220591058,-4.341527317700925,0.012863710731426886
5.685219854305707,-4.341527317700925,0.014950838285317725
5.788587488020356,-4.341527317700925,0.014687325663166058
5.8919551217350055,-4.341527317700925,0.01094943113868586
5.995322755449654,-4.341527317700925,0.00360616809357247
6.098690389164305,-4.341527317700925,-0.006279864374062846
6.202058022878954,-4.341527317700925,-0.0166218637609673
6.305425656593603,-4.341527317700925,-0.02482397665309299
6.408793290308252,-4.341527317700925,-0.028503282639457245
-6.408793290308252,-4.238157619660427,-0.023738895576545193
-6.305425656593603,-4.238157619660427,-0.016331637257407734
-6.202058022878954,-4.238157619660427,-0.005603539756869916
-6.098690389164304,-4.238157619660427,0.00611776152348896
-5.995322755449655,-4.238157619660427,0.016403208096668613
-5.8919551217350055,-4.238157619660427,0.02338894041047238
-5.788587488020356,-4.238157619660427,0.026259485974824488
-5.685219854305708,-4.238157619660427,0.025406949676538823
-5.581852220591058,-4.238157619660427,0.02222696509536214
-5.478484586876409,-4.238157619660427,0.01862473508648968
-5.3751169531617595,-4.238157619660427,0.016392622041387618
-5.27174931944711,-4.238157619660427,0.01665668789597201
-5.168381685732461,-4.238157619660427,0.01956246433426131
-5.065014052017812,-4.238157619660427,0.024289545193425303
-4.961646418303163,-4.238157619660427,0.029377013035312323
-4.858278784588514,-4.238157619660427,0.03324233169780776
-4.754911150873865,-4.238157619660427,0.03471717457495771
-4.651543517159215,-4.238157619660427,0.03342323978873848
-4.548175883444566,-4.238157619660427,0.029868534338183397
-4.444808249729917,-4.238157619660427,0.025240073240342675
-4.341440616015267,-4.238157619660427,0.020970415502089244
-4.238072982300618,-4.238157619660427,0.018229398344518723
-4.134705348585968,-4.238157619660427,0.017514835883809945
-4.031337714871319,-4.238157619660427,0.01848017604205646
-3.9279700811566705,-4.238157619660427,0.02005585423114052
-3.8246024474420213,-4.238157619660427,0.020821931129265683
-3.7212348137273725,-4.238157619660427,0.019505706359995077
-3.6178671800127233,-4.238157619660427,0.015437017266797257
-3.514499546298074,-4.238157619660427,0.00880892798527899
-3.411131912583425,-4.238157619660427,0.0006568281869757559
-3.3077642788687753,-4.238157619660427,-0.007437654944482736
-3.204396645154126,-4.238157619660427,-0.013821293656617538
-3.101029011439477,-4.238157619660427,-0.017268432809373003
-2.9976613777248278,-4.238157619660427,-0.017344552526910688
-2.8942937440101786,-4.238157619660427,-0.014520336557948063
-2.790926110295529,-4.238157619660427,-0.01000487708445571
-2.6875584765808798,-4.238157619660427,-0.005357633559625003
-2.5841908428662306,-4.238157619660427,-0.0020082326484943866
-2.4808232091515814,-4.238157619660427,-0.0008389171952909383
-2.3774555754369326,-4.238157619660427,-0.001959135059171918
-2.2740879417222835,-4.238157619660427,-0.004735118800849294
-2.1707203080076334,-4.238157619660427,-0.008052428469932621
-2.067352674292984,-4.238157619660427,-0.010714771151804886
-1.9639850405783352,-4.238157619660427,-0.01184222340243306
-1.8606174068636863,-4.238157619660427,-0.011138373522097593
-1.757249773149037,-4.238157619660427,-0.008945154957685995
-1.6538821394343879,-4.238157619660427,-0.0060784214092485436
-1.550514505719738,-4.238157619660427,-0.003511021146214462
-1.447146872005089,-4.238157619660427,-0.0020186813711737393
-1.3437792382904399,-4.238157619660427,-0.0019120272919375977
-1.2404116045757907,-4.238157619660427,-0.0029442046160471436
-1.1370439708611417,-4.238157619660427,-0.004420582686478615
-1.0336763371464925,-4.238157619660427,-0.0054669857899429025
-0.9303087034318435,-4.238157619660427,-0.005359601240321237
-0.8269410697171936,-4.238157619660427,-0.0038005763615547162
-0.7235734360025445,-4.238157619660427,-0.0010438070091517624
-0.6202058022878953,-4.238157619660427,0.002172405717831562
-0.5168381685732463,-4.238157619660427,0.004863557803111665
-0.4134705348585972,-4.238157619660427,0.0061288633580002345
-0.31010290114394806,-4.238157619660427,0.0054641601283913705
-0.2067352674292982,-4.238157619660427,0.002955669847063733
-0.1033676337146491,-4.238157619660427,-0.0007079900223807941
0.,-4.238157619660427,-0.0044096059526708845
0.1033676337146491,-4.238157619660427,-0.006909001255492022
0.2067352674292982,-4.238157619660427,-0.007187460862415276
0.31010290114394734,-4.238157619660427,-0.004729289809618377
0.4134705348585964,-4.238157619660427,0.0003382141288683712
0.5168381685732455,-4.238157619660427,0.007279603219638545
0.6202058022878947,-4.238157619660427,0.014941689434866524
0.7235734360025438,-4.238157619660427,0.02203745292916055
0.8269410697171944,-4.238157619660427,0.02744050262341302
0.9303087034318435,-4.238157619660427,0.030412520269130428
1.0336763371464925,-4.238157619660427,0.030713416100246003
1.1370439708611417,-4.238157619660427,0.028582378079390822
1.2404116045757907,-4.238157619660427,0.02461457587429572
1.3437792382904399,-4.238157619660427,0.01958217950922888
1.447146872005089,-4.238157619660427,0.014254263423003833
1.550514505719738,-4.238157619660427,0.00925931747523597
1.6538821394343872,-4.238157619660427,0.005012913581738636
1.7572497731490362,-4.238157619660427,0.0017102553662780092
1.8606174068636854,-4.238157619660427,-0.0006335796144884007
1.9639850405783346,-4.238157619660427,-0.0021199628996866034
2.0673526742929837,-4.238157619660427,-0.002901514927755778
2.1707203080076343,-4.238157619660427,-0.003129334887425766
2.2740879417222835,-4.238157619660427,-0.0029180077777917032
2.3774555754369326,-4.238157619660427,-0.0023282526282143346
2.4808232091515814,-4.238157619660427,-0.0013657933172108458
2.5841908428662306,-4.238157619660427,3.7295863649357447e-6
2.6875584765808798,-4.238157619660427,0.001823376718254031
2.790926110295529,-4.238157619660427,0.004099268778744839
2.894293744010178,-4.238157619660427,0.006749186191581886
2.997661377724827,-4.238157619660427,0.009561428069654316
3.101029011439476,-4.238157619660427,0.012184348321487756
3.2043966451541253,-4.238157619660427,0.014164026548009287
3.3077642788687744,-4.238157619660427,0.015035411729056671
3.411131912583425,-4.238157619660427,0.014453186586623342
3.514499546298074,-4.238157619660427,0.012328658133307557
3.6178671800127233,-4.238157619660427,0.008926359798715656
3.7212348137273725,-4.238157619660427,0.004875856151995945
3.8246024474420213,-4.238157619660427,0.0010732814163862433
3.9279700811566705,-4.238157619660427,-0.00152005132252839
4.031337714871319,-4.238157619660427,-0.002137564195141911
4.134705348585968,-4.238157619660427,-0.0004529695847311692
4.238072982300618,-4.238157619660427,0.0032694682257522864
4.341440616015267,-4.238157619660427,0.008182318440966977
4.444808249729916,-4.238157619660427,0.013039661926344197
4.548175883444565,-4.238157619660427,0.01652333851026065
4.651543517159214,-4.238157619660427,0.017624428663955305
4.754911150873865,-4.238157619660427,0.01596565603347513
4.858278784588514,-4.238157619660427,0.011957129307662325
4.961646418303163,-4.238157619660427,0.006720742134475487
5.065014052017812,-4.238157619660427,0.0017869021542806145
5.168381685732461,-4.238157619660427,-0.0013592719458794286
5.27174931944711,-4.238157619660427,-0.001750418700508591
5.3751169531617595,-4.238157619660427,0.0007202158246226462
5.478484586876409,-4.238157619660427,0.005203580158650105
5.581852220591058,-4.238157619660427,0.010094871762472145
5.685219854305707,-4.238157619660427,0.013485983032679864
5.788587488020356,-4.238157619660427,0.013745006498883338
5.8919551217350055,-4.238157619660427,0.010050049979532464
5.995322755449654,-4.238157619660427,0.0027093993938615973
6.098690389164305,-4.238157619660427,-0.006841850317977778
6.202058022878954,-4.238157619660427,-0.01638327852964487
6.305425656593603,-4.238157619660427,-0.02349956347506195
6.408793290308252,-4.238157619660427,-0.026251042666944096
-6.408793290308252,-4.134787921619929,-0.015595874805079455
-6.305425656593603,-4.134787921619929,-0.011233315773656
-6.202058022878954,-4.134787921619929,-0.005205043381331715
-6.098690389164304,-4.134787921619929,0.0010675748776825657
-5.995322755449655,-4.134787921619929,0.006338944262858142
-5.8919551217350055,-4.134787921619929,0.009905721716915714
-5.788587488020356,-4.134787921619929,0.011778040471697577
-5.685219854305708,-4.134787921619929,0.01260661679474079
-5.581852220591058,-4.134787921619929,0.01339686240252968
-5.478484586876409,-4.134787921619929,0.01511020243347628
-5.3751169531617595,-4.134787921619929,0.018288622649871616
-5.27174931944711,-4.134787921619929,0.022829502275584116
-5.168381685732461,-4.134787921619929,0.027987067037450932
-5.065014052017812,-4.134787921619929,0.03260097458623164
-4.961646418303163,-4.134787921619929,0.035476494817748734
-4.858278784588514,-4.134787921619929,0.03578946517090814
-4.754911150873865,-4.134787921619929,0.03337963660228045
-4.651543517159215,-4.134787921619929,0.028831522322081148
-4.548175883444566,-4.134787921619929,0.023311015806410703
-4.444808249729917,-4.134787921619929,0.018206384021926213
-4.341440616015267,-4.134787921619929,0.014687522497821324
-4.238072982300618,-4.134787921619929,0.01332611541213968
-4.134705348585968,-4.134787921619929,0.013901899941382398
-4.031337714871319,-4.134787921619929,0.01546188794880476
-3.9279700811566705,-4.134787921619929,0.016618742459942888
-3.8246024474420213,-4.134787921619929,0.015997430798814508
-3.7212348137273725,-4.134787921619929,0.012690603754428166
-3.6178671800127233,-4.134787921619929,0.00657862654032363
-3.514499546298074,-4.134787921619929,-0.0015885826520037891
-3.411131912583425,-4.134787921619929,-0.010376793592001539
-3.3077642788687753,-4.134787921619929,-0.018065426194678137
-3.204396645154126,-4.134787921619929,-0.023137654523830417
-3.101029011439477,-4.134787921619929,-0.024713655223086235
-2.9976613777248278,-4.134787921619929,-0.022796068501983225
-2.8942937440101786,-4.134787921619929,-0.01825523336329631
-2.790926110295529,-4.134787921619929,-0.012561978474951154
-2.6875584765808798,-4.134787921619929,-0.007352430562785595
-2.5841908428662306,-4.134787921619929,-0.003958687458907567
-2.4808232091515814,-4.134787921619929,-0.0030465011358915242
-2.3774555754369326,-4.134787921619929,-0.004464973438039056
-2.2740879417222835,-4.134787921619929,-0.007345899756025949
-2.1707203080076334,-4.134787921619929,-0.01041343404822486
-2.067352674292984,-4.134787921619929,-0.012402217823094723
-1.9639850405783352,-4.134787921619929,-0.012452852372097265
-1.8606174068636863,-4.134787921619929,-0.010365513890237307
-1.757249773149037,-4.134787921619929,-0.0066404902696192225
-1.6538821394343879,-4.134787921619929,-0.0023023349636723503
-1.550514505719738,-4.134787921619929,0.0014295067850874962
-1.447146872005089,-4.134787921619929,0.0035166372369302306
-1.3437792382904399,-4.134787921619929,0.0034078315257027154
-1.2404116045757907,-4.134787921619929,0.0011856088213141398
-1.1370439708611417,-4.134787921619929,-0.00248362976014595
-1.0336763371464925,-4.134787921619929,-0.006571164583113078
-0.9303087034318435,-4.134787921619929,-0.01000346044437831
-0.8269410697171936,-4.134787921619929,-0.011974510780620241
-0.7235734360025445,-4.134787921619929,-0.012158720147777455
-0.6202058022878953,-4.134787921619929,-0.01076518747020774
-0.5168381685732463,-4.134787921619929,-0.008425547003267305
-0.4134705348585972,-4.134787921619929,-0.00595847060376036
-0.31010290114394806,-4.134787921619929,-0.004089118280862549
-0.2067352674292982,-4.134787921619929,-0.0032115293668650447
-0.1033676337146491,-4.134787921619929,-0.0032647486986046815
0.,-4.134787921619929,-0.0037561244647671484
0.1033676337146491,-4.134787921619929,-0.003920011392523995
0.2067352674292982,-4.134787921619929,-0.002960859119281023
0.31010290114394734,-4.134787921619929,-0.00030741899043981686
0.4134705348585964,-4.134787921619929,0.004195163900551331
0.5168381685732455,-4.134787921619929,0.01020786731229813
0.6202058022878947,-4.134787921619929,0.016953329986345588
0.7235734360025438,-4.134787921619929,0.02338590372849806
0.8269410697171944,-4.134787921619929,0.028428302191584362
0.9303087034318435,-4.134787921619929,0.031212340036514772
1.0336763371464925,-4.134787921619929,0.031264064398658246
1.1370439708611417,-4.134787921619929,0.028591468583934264
1.2404116045757907,-4.134787921619929,0.02365993989673538
1.3437792382904399,-4.134787921619929,0.017268969387821166
1.447146872005089,-4.134787921619929,0.010366297378345475
1.550514505719738,-4.134787921619929,0.0038476580353090234
1.6538821394343872,-4.134787921619929,-0.0016102169216290296
1.7572497731490362,-4.134787921619929,-0.005647422212470733
1.8606174068636854,-4.134787921619929,-0.008232968148756402
1.9639850405783346,-4.134787921619929,-0.009596563877227621
2.0673526742929837,-4.134787921619929,-0.010105008912272534
2.1707203080076343,-4.134787921619929,-0.010120754115132103
2.2740879417222835,-4.134787921619929,-0.009883243640019954
2.3774555754369326,-4.134787921619929,-0.009446404704129115
2.4808232091515814,-4.134787921619929,-0.008689662512233338
2.5841908428662306,-4.134787921619929,-0.007398760536154027
2.6875584765808798,-4.134787921619929,-0.005391607345535654
2.790926110295529,-4.134787921619929,-0.002648989026983372
2.894293744010178,-4.134787921619929,0.0005949368177154216
2.997661377724827,-4.134787921619929,0.0038394030474347223
3.101029011439476,-4.134787921619929,0.0063979118861869815
3.2043966451541253,-4.134787921619929,0.0075622861211893195
3.3077642788687744,-4.134787921619929,0.006810932727819239
3.411131912583425,-4.134787921619929,0.004002675968515655
3.514499546298074,-4.134787921619929,-0.0005066443888265166
3.6178671800127233,-4.134787921619929,-0.005872879075579836
3.7212348137273725,-4.134787921619929,-0.010914085235687014
3.8246024474420213,-4.134787921619929,-0.014378586623799833
3.9279700811566705,-4.134787921619929,-0.015267828715789328
4.031337714871319,-4.134787921619929,-0.013127282967012174
4.134705348585968,-4.134787921619929,-0.008218240604620532
4.238072982300618,-4.134787921619929,-0.0015092294336581772
4.341440616015267,-4.134787921619929,0.005527235256400614
4.444808249729916,-4.134787921619929,0.011271135264926317
4.548175883444565,-4.134787921619929,0.01437502763597348
4.651543517159214,-4.134787921619929,0.014132741707921406
4.754911150873865,-4.134787921619929,0.01068881890986599
4.858278784588514,-4.134787921619929,0.005020589089698804
4.961646418303163,-4.134787921619929,-0.001312645170590808
5.065014052017812,-4.134787921619929,-0.006591046360157147
5.168381685732461,-4.134787921619929,-0.009411310614071277
5.27174931944711,-4.134787921619929,-0.009083535997477344
5.3751169531617595,-4.134787921619929,-0.005830944779083899
5.478484586876409,-4.134787921619929,-0.0007300788769942656
5.581852220591058,-4.134787921619929,0.004595905891476179
5.685219854305707,-4.134787921619929,0.008444922036141595
5.788587488020356,-4.134787921619929,0.00952949044585551
5.8919551217350055,-4.134787921619929,0.007351568894121681
5.995322755449654,-4.134787921619929,0.0023481491268227505
6.098690389164305,-4.134787921619929,-0.00423499381744662
6.202058022878954,-4.134787921619929,-0.010702621840203633
6.305425656593603,-4.134787921619929,-0.015393676581884832
6.408793290308252,-4.134787921619929,-0.017143666069377478
-6.408793290308252,-4.031418223579431,-0.003585664018997429
-6.305425656593603,-4.031418223579431,-0.003710326181081232
-6.202058022878954,-4.031418223579431,-0.003832017046798492
-6.098690389164304,-4.031418223579431,-0.004090140710120781
-5.995322755449655,-4.031418223579431,-0.004338384168580888
-5.8919551217350055,-4.031418223579431,-0.004131306063816903
-5.788587488020356,-4.031418223579431,-0.0028455580670015057
-5.685219854305708,-4.031418223579431,0.00009775641580977091
-5.581852220591058,-4.031418223579431,0.004982632011046526
-5.478484586876409,-4.031418223579431,0.011608628374184507
-5.3751169531617595,-4.031418223579431,0.019237192105772488
-5.27174931944711,-4.031418223579431,0.02670812567128065
-5.168381685732461,-4.031418223579431,0.03270576434124946
-5.065014052017812,-4.031418223579431,0.036103238479906576
-4.961646418303163,-4.031418223579431,0.03628266217171716
-4.858278784588514,-4.031418223579431,0.03333012853763681
-4.754911150873865,-4.031418223579431,0.028038011247874323
-4.651543517159215,-4.031418223579431,0.021703746748300574
-4.548175883444566,-4.031418223579431,0.01577675203820475
-4.444808249729917,-4.031418223579431,0.0114538007006823
-4.341440616015267,-4.031418223579431,0.009342278633766582
-4.238072982300618,-4.031418223579431,0.009293479810707233
-4.134705348585968,-4.031418223579431,0.010458983586209407
-4.031337714871319,-4.031418223579431,0.011556743814808828
-3.9279700811566705,-4.031418223579431,0.011270011531028929
-3.8246024474420213,-4.031418223579431,0.00866117531347762
-3.7212348137273725,-4.031418223579431,0.00347686544180636
-3.6178671800127233,-4.031418223579431,-0.0037477190481966793
-3.514499546298074,-4.031418223579431,-0.011817749964162027
-3.411131912583425,-4.031418223579431,-0.019203970307886828
-3.3077642788687753,-4.031418223579431,-0.024468740876635052
-3.204396645154126,-4.031418223579431,-0.026667797204074178
-3.101029011439477,-4.031418223579431,-0.02561034450570915
-2.9976613777248278,-4.031418223579431,-0.021902744201483196
-2.8942937440101786,-4.031418223579431,-0.01676540833932836
-2.790926110295529,-4.031418223579431,-0.011679113620511597
-2.6875584765808798,-4.031418223579431,-0.007965902391915103
-2.5841908428662306,-4.031418223579431,-0.006426829014546958
-2.4808232091515814,-4.031418223579431,-0.0071396337731138146
-2.3774555754369326,-4.031418223579431,-0.009470500156829752
-2.2740879417222835,-4.031418223579431,-0.012290574421245823
-2.1707203080076334,-4.031418223579431,-0.014328982235296689
-2.067352674292984,-4.031418223579431,-0.014556811074817213
-1.9639850405783352,-4.031418223579431,-0.012491100918807174
-1.8606174068636863,-4.031418223579431,-0.00833471195393321
-1.757249773149037,-4.031418223579431,-0.00291793941551775
-1.6538821394343879,-4.031418223579431,0.0025345583272398105
-1.550514505719738,-4.031418223579431,0.006739588575566595
-1.447146872005089,-4.031418223579431,0.00869653366350654
-1.3437792382904399,-4.031418223579431,0.007939697748531024
-1.2404116045757907,-4.031418223579431,0.004637688962183231
-1.1370439708611417,-4.031418223579431,-0.0004781741117266817
-1.0336763371464925,-4.031418223579431,-0.006326065194840671
-0.9303087034318435,-4.031418223579431,-0.011759424253870696
-0.8269410697171936,-4.031418223579431,-0.015843908434546142
-0.7235734360025445,-4.031418223579431,-0.01805192750829214
-0.6202058022878953,-4.031418223579431,-0.018329872082382116
-0.5168381685732463,-4.031418223579431,-0.017032137439090718
-0.4134705348585972,-4.031418223579431,-0.014753549745760245
-0.31010290114394806,-4.031418223579431,-0.012117390114750297
-0.2067352674292982,-4.031418223579431,-0.009583673338940963
-0.1033676337146491,-4.031418223579431,-0.007331071682495414
0.,-4.031418223579431,-0.005240569479349815
0.1033676337146491,-4.031418223579431,-0.0029777845434750473
0.2067352674292982,-4.031418223579431,-0.00014299600625733924
0.31010290114394734,-4.031418223579431,0.0035593143928890824
0.4134705348585964,-4.031418223579431,0.008182312195255958
0.5168381685732455,-4.031418223579431,0.013469545622387889
0.6202058022878947,-4.031418223579431,0.018876665906824207
0.7235734360025438,-4.031418223579431,0.023675273937395217
0.8269410697171944,-4.031418223579431,0.0271103268929522
0.9303087034318435,-4.031418223579431,0.028569501406008963
1.0336763371464925,-4.031418223579431,0.027721330481688202
1.1370439708611417,-4.031418223579431,0.024588505659962942
1.2404116045757907,-4.031418223579431,0.019540401495870004
1.3437792382904399,-4.031418223579431,0.013209766666644364
1.447146872005089,-4.031418223579431,0.006357241518525453
1.550514505719738,-4.031418223579431,-0.0002807061089850596
1.6538821394343872,-4.031418223579431,-0.0061224639124607735
1.7572497731490362,-4.031418223579431,-0.010820145658277077
1.8606174068636854,-4.031418223579431,-0.014271511329887252
1.9639850405783346,-4.031418223579431,-0.016568746598195797
2.0673526742929837,-4.031418223579431,-0.01790542009530954
2.1707203080076343,-4.031418223579431,-0.01847418780851682
2.2740879417222835,-4.031418223579431,-0.018389528728379696
2.3774555754369326,-4.031418223579431,-0.01766120446524783
2.4808232091515814,-4.031418223579431,-0.016227359444540946
2.5841908428662306,-4.031418223579431,-0.014035856382205574
2.6875584765808798,-4.031418223579431,-0.011144603873522712
2.790926110295529,-4.031418223579431,-0.007802047305732975
2.894293744010178,-4.031418223579431,-0.004471408401937227
2.997661377724827,-4.031418223579431,-0.0017770518521007593
3.101029011439476,-4.031418223579431,-0.00037507294437009645
3.2043966451541253,-4.031418223579431,-0.000776213956281497
3.3077642788687744,-4.031418223579431,-0.0031694739338895186
3.411131912583425,-4.031418223579431,-0.007302169905062081
3.514499546298074,-4.031418223579431,-0.01246292115800928
3.6178671800127233,-4.031418223579431,-0.017589084343930125
3.7212348137273725,-4.031418223579431,-0.021485600695978806
3.8246024474420213,-4.031418223579431,-0.02310767470307734
3.9279700811566705,-4.031418223579431,-0.021835763511788342
4.031337714871319,-4.031418223579431,-0.017666300096364943
4.134705348585968,-4.031418223579431,-0.011258602170539693
4.238072982300618,-4.031418223579431,-0.0038142383008685854
4.341440616015267,-4.031418223579431,0.0031895392028397436
4.444808249729916,-4.031418223579431,0.008348641327326918
4.548175883444565,-4.031418223579431,0.010673504071607163
4.651543517159214,-4.031418223579431,0.00983157877145262
4.754911150873865,-4.031418223579431,0.006224056360853458
4.858278784588514,-4.031418223579431,0.0008743672082681161
4.961646418303163,-4.031418223579431,-0.004842037460465757
5.065014052017812,-4.031418223579431,-0.009552731019629692
5.168381685732461,-4.031418223579431,-0.012230737225592753
5.27174931944711,-4.031418223579431,-0.01243142910490225
5.3751169531617595,-4.031418223579431,-0.010362509322252675
5.478484586876409,-4.031418223579431,-0.006774835524911521
5.581852220591058,-4.031418223579431,-0.0027138414708839007
5.685219854305707,-4.031418223579431,0.0007896239264886025
5.788587488020356,-4.031418223579431,0.00299583992117786
5.8919551217350055,-4.031418223579431,0.0036213322482328693
5.995322755449654,-4.031418223579431,0.0028519643834282946
6.098690389164305,-4.031418223579431,0.0012129671784822074
6.202058022878954,-4.031418223579431,-0.0006501826099663928
6.305425656593603,-4.031418223579431,-0.002200183945713718
6.408793290308252,-4.031418223579431,-0.003166966078106174
-6.408793290308252,-3.928048525538933,0.009102074499609031
-6.305425656593603,-3.928048525538933,0.004133480908997029
-6.202058022878954,-3.928048525538933,-0.0021016178014272983
-6.098690389164304,-3.928048525538933,-0.008413620055514135
-5.995322755449655,-3.928048525538933,-0.013397664936613289
-5.8919551217350055,-3.928048525538933,-0.015737327504150092
-5.788587488020356,-3.928048525538933,-0.014532262790083184
-5.685219854305708,-3.928048525538933,-0.009561702333117242
-5.581852220591058,-3.928048525538933,-0.0014033118715162133
-5.478484586876409,-3.928048525538933,0.008640204131693535
-5.3751169531617595,-3.928048525538933,0.018803933239706135
-5.27174931944711,-3.928048525538933,0.027256138659497615
-5.168381685732461,-3.928048525538933,0.03252777870758528
-5.065014052017812,-3.928048525538933,0.03386218472876288
-4.961646418303163,-3.928048525538933,0.031387657732316485
-4.858278784588514,-3.928048525538933,0.026061584638854628
-4.754911150873865,-3.928048525538933,0.01939738510699536
-4.651543517159215,-3.928048525538933,0.013047254103121391
-4.548175883444566,-3.928048525538933,0.008355925370855305
-4.444808249729917,-3.928048525538933,0.006010415826159057
-4.341440616015267,-3.928048525538933,0.005884200113573774
-4.238072982300618,-3.928048525538933,0.007118615549732193
-4.134705348585968,-3.928048525538933,0.008415551185577904
-4.031337714871319,-3.928048525538933,0.008453903809773613
-3.9279700811566705,-3.928048525538933,0.006306289894364886
-3.8246024474420213,-3.928048525538933,0.0017329830221390697
-3.7212348137273725,-3.928048525538933,-0.0047330076871979305
-3.6178671800127233,-3.928048525538933,-0.011933391876791696
-3.514499546298074,-3.928048525538933,-0.018419084898902458
-3.411131912583425,-3.928048525538933,-0.0228710222622988
-3.3077642788687753,-3.928048525538933,-0.024481816391412847
-3.204396645154126,-3.928048525538933,-0.023185606184973923
-3.101029011439477,-3.928048525538933,-0.019669693042481957
-2.9976613777248278,-3.928048525538933,-0.015166972162477877
-2.8942937440101786,-3.928048525538933,-0.011092922362099385
-2.790926110295529,-3.928048525538933,-0.008635675374192214
-2.6875584765808798,-3.928048525538933,-0.008419464811032028
-2.5841908428662306,-3.928048525538933,-0.01033774686369178
-2.4808232091515814,-3.928048525538933,-0.013600489643827079
-2.3774555754369326,-3.928048525538933,-0.016976675020574435
-2.2740879417222835,-3.928048525538933,-0.019157105746277815
-2.1707203080076334,-3.928048525538933,-0.01913046690320967
-2.067352674292984,-3.928048525538933,-0.01646586767317123
-1.9639850405783352,-3.928048525538933,-0.011426379310134247
-1.8606174068636863,-3.928048525538933,-0.004889774183259312
-1.757249773149037,-3.928048525538933,0.0018914632152567015
-1.6538821394343879,-3.928048525538933,0.0076154058730774675
-1.550514505719738,-3.928048525538933,0.011246940799607108
-1.447146872005089,-3.928048525538933,0.012240406489045263
-1.3437792382904399,-3.928048525538933,0.010617422230798628
-1.2404116045757907,-3.928048525538933,0.0068942347309327145
-1.1370439708611417,-3.928048525538933,0.001896037840298606
-1.0336763371464925,-3.928048525538933,-0.003476238585338679
-0.9303087034318435,-3.928048525538933,-0.008455362540799857
-0.8269410697171936,-3.928048525538933,-0.01253831804158246
-0.7235734360025445,-3.928048525538933,-0.015513903682876105
-0.6202058022878953,-3.928048525538933,-0.017398418735628942
-0.5168381685732463,-3.928048525538933,-0.018317971562169074
-0.4134705348585972,-3.928048525538933,-0.018387975573178512
-0.31010290114394806,-3.928048525538933,-0.017634556854299203
-0.2067352674292982,-3.928048525538933,-0.015982470904757066
-0.1033676337146491,-3.928048525538933,-0.013307638282415121
0.,-3.928048525538933,-0.009528916195996223
0.1033676337146491,-3.928048525538933,-0.004700850508284651
0.2067352674292982,-3.928048525538933,0.0009295743259624304
0.31010290114394734,-3.928048525538933,0.0069251832169242794
0.4134705348585964,-3.928048525538933,0.012721711208340872
0.5168381685732455,-3.928048525538933,0.01773287444835978
0.6202058022878947,-3.928048525538933,0.021465112771737457
0.7235734360025438,-3.928048525538933,0.023607646368770732
0.8269410697171944,-3.928048525538933,0.0240728028270088
0.9303087034318435,-3.928048525538933,0.022978519247907798
1.0336763371464925,-3.928048525538933,0.020583497520461853
1.1370439708611417,-3.928048525538933,0.017199532079063846
1.2404116045757907,-3.928048525538933,0.01311075551412446
1.3437792382904399,-3.928048525538933,0.00852481324571438
1.447146872005089,-3.928048525538933,0.003568428317016008
1.550514505719738,-3.928048525538933,-0.001676039142641248
1.6538821394343872,-3.928048525538933,-0.007110332772623436
1.7572497731490362,-3.928048525538933,-0.012561283109149488
1.8606174068636854,-3.928048525538933,-0.017747310566758618
1.9639850405783346,-3.928048525538933,-0.022286383076272794
2.0673526742929837,-3.928048525538933,-0.025748244826529768
2.1707203080076343,-3.928048525538933,-0.027739938730845258
2.2740879417222835,-3.928048525538933,-0.028003157815646634
2.3774555754369326,-3.928048525538933,-0.02649751872243032
2.4808232091515814,-3.928048525538933,-0.02344633028651623
2.5841908428662306,-3.928048525538933,-0.019329838221962915
2.6875584765808798,-3.928048525538933,-0.014822903449518515
2.790926110295529,-3.928048525538933,-0.010686662637942497
2.894293744010178,-3.928048525538933,-0.007634144274083081
2.997661377724827,-3.928048525538933,-0.006196020709315156
3.101029011439476,-3.928048525538933,-0.006613608517862916
3.2043966451541253,-3.928048525538933,-0.008781833242052494
3.3077642788687744,-3.928048525538933,-0.012255966666321694
3.411131912583425,-3.928048525538933,-0.016324032546356854
3.514499546298074,-3.928048525538933,-0.020133882159424205
3.6178671800127233,-3.928048525538933,-0.022852400701326638
3.7212348137273725,-3.928048525538933,-0.023826483468811128
3.8246024474420213,-3.928048525538933,-0.022713292410614327
3.9279700811566705,-3.928048525538933,-0.01955194661389296
4.031337714871319,-3.928048525538933,-0.014759923438280734
4.134705348585968,-3.928048525538933,-0.009053152282787129
4.238072982300618,-3.928048525538933,-0.0033057399134334723
4.341440616015267,-3.928048525538933,0.0016206278356418898
4.444808249729916,-3.928048525538933,0.005040135595812797
4.548175883444565,-3.928048525538933,0.0065633070056079984
4.651543517159214,-3.928048525538933,0.006149420232564703
4.754911150873865,-3.928048525538933,0.004083112689650939
4.858278784588514,-3.928048525538933,0.000886630949850296
4.961646418303163,-3.928048525538933,-0.0028051759087057153
5.065014052017812,-3.928048525538933,-0.006372567590572926
5.168381685732461,-3.928048525538933,-0.009309733078048308
5.27174931944711,-3.928048525538933,-0.011275450410515319
5.3751169531617595,-3.928048525538933,-0.01209387581344168
5.478484586876409,-3.928048525538933,-0.011720558828190923
5.581852220591058,-3.928048525538933,-0.010198959145103464
5.685219854305707,-3.928048525538933,-0.007632594464342002
5.788587488020356,-3.928048525538933,-0.004187392457461417
5.8919551217350055,-3.928048525538933,-0.00012163564913463676
5.995322755449654,-3.928048525538933,0.004176391181816958
6.098690389164305,-3.928048525538933,0.008173225771344867
6.202058022878954,-3.928048525538933,0.011225918738045387
6.305425656593603,-3.928048525538933,0.012682152224100181
6.408793290308252,-3.928048525538933,0.01203434766136519
-6.408793290308252,-3.8246788274984347,0.018917178177286192
-6.305425656593603,-3.8246788274984347,0.009917056587210107
-6.202058022878954,-3.8246788274984347,-0.0009473100999194232
-6.098690389164304,-3.8246788274984347,-0.011441720352809338
-5.995322755449655,-3.8246788274984347,-0.01932759188464697
-5.8919551217350055,-3.8246788274984347,-0.02287346535105563
-5.788587488020356,-3.8246788274984347,-0.021265054923677064
-5.685219854305708,-3.8246788274984347,-0.014807919475213996
-5.581852220591058,-3.8246788274984347,-0.0048649937338384654
-5.478484586876409,-3.8246788274984347,0.006462850000704807
-5.3751169531617595,-3.8246788274984347,0.016838095083141474
-5.27174931944711,-3.8246788274984347,0.0242448075111772
-5.168381685732461,-3.8246788274984347,0.027460721284042006
-5.065014052017812,-3.8246788274984347,0.026320098152591384
-4.961646418303163,-3.8246788274984347,0.02169849962102094
-4.858278784588514,-3.8246788274984347,0.015225228788414348
-4.754911150873865,-3.8246788274984347,0.008803911449034923
-4.651543517159215,-3.8246788274984347,0.004075286818236836
-4.548175883444566,-3.8246788274984347,0.0019728383213999754
-4.444808249729917,-3.8246788274984347,0.0024956908395532256
-4.341440616015267,-3.8246788274984347,0.004760841866438656
-4.238072982300618,-3.8246788274984347,0.007315737526194746
-4.134705348585968,-3.8246788274984347,0.008615930489363552
-4.031337714871319,-3.8246788274984347,0.007523722262590384
-3.9279700811566705,-3.8246788274984347,0.0036772775650345583
-3.8246024474420213,-3.8246788274984347,-0.002381741528361759
-3.7212348137273725,-3.8246788274984347,-0.009361409746406774
-3.6178671800127233,-3.8246788274984347,-0.01560793910044984
-3.514499546298074,-3.8246788274984347,-0.019611582571332165
-3.411131912583425,-3.8246788274984347,-0.020475599064509565
-3.3077642788687753,-3.8246788274984347,-0.01820385098268767
-3.204396645154126,-3.8246788274984347,-0.013716827143404421
-3.101029011439477,-3.8246788274984347,-0.008588118274228932
-2.9976613777248278,-3.8246788274984347,-0.004578636992454825
-2.8942937440101786,-3.8246788274984347,-0.003108028960798721
-2.790926110295529,-3.8246788274984347,-0.00482256170036611
-2.6875584765808798,-3.8246788274984347,-0.009390051127410986
-2.5841908428662306,-3.8246788274984347,-0.015583823267479022
-2.4808232091515814,-3.8246788274984347,-0.02163037559161685
-2.3774555754369326,-3.8246788274984347,-0.025716174394604437
-2.2740879417222835,-3.8246788274984347,-0.026502211040219135
-2.1707203080076334,-3.8246788274984347,-0.023494695547996394
-2.067352674292984,-3.8246788274984347,-0.0171661928394365
-1.9639850405783352,-3.8246788274984347,-0.008798846376475518
-1.8606174068636863,-3.8246788274984347,-0.00010569109105243629
-1.757249773149037,-3.8246788274984347,0.007248847479407013
-1.6538821394343879,-3.8246788274984347,0.012082199177823032
-1.550514505719738,-3.8246788274984347,0.01395395840154286
-1.447146872005089,-3.8246788274984347,0.013185791569445835
-1.3437792382904399,-3.8246788274984347,0.010651826093457063
-1.2404116045757907,-3.8246788274984347,0.007422472278810481
-1.1370439708611417,-3.8246788274984347,0.004387516921156774
-1.0336763371464925,-3.8246788274984347,0.0019849655354204476
-0.9303087034318435,-3.8246788274984347,0.0001213324675058082
-0.8269410697171936,-3.8246788274984347,-0.0016988513510084147
-0.7235734360025445,-3.8246788274984347,-0.004088746584809948
-0.6202058022878953,-3.8246788274984347,-0.0074471086725915936
-0.5168381685732463,-3.8246788274984347,-0.011701089550604659
-0.4134705348585972,-3.8246788274984347,-0.016220688235489857
-0.31010290114394806,-3.8246788274984347,-0.019942889963467526
-0.2067352674292982,-3.8246788274984347,-0.021671723073375053
-0.1033676337146491,-3.8246788274984347,-0.020459426077200176
0.,-3.8246788274984347,-0.01594389745929806
0.1033676337146491,-3.8246788274984347,-0.008528606457245406
0.2067352674292982,-3.8246788274984347,0.0006602702591219358
0.31010290114394734,-3.8246788274984347,0.010034265730009307
0.4134705348585964,-3.8246788274984347,0.017945860746099097
0.5168381685732455,-3.8246788274984347,0.02311371284781769
0.6202058022878947,-3.8246788274984347,0.024941225805923704
0.7235734360025438,-3.8246788274984347,0.023632759262352233
0.8269410697171944,-3.8246788274984347,0.0200749037246424
0.9303087034318435,-3.8246788274984347,0.01552336139464916
1.0336763371464925,-3.8246788274984347,0.011195848243777451
1.1370439708611417,-3.8246788274984347,0.007899242058486782
1.2404116045757907,-3.8246788274984347,0.005806474548124611
1.3437792382904399,-3.8246788274984347,0.004449854133354048
1.447146872005089,-3.8246788274984347,0.0029283974707425445
1.550514505719738,-3.8246788274984347,0.00025930579191026196
1.6538821394343872,-3.8246788274984347,-0.004240942956896909
1.7572497731490362,-3.8246788274984347,-0.01066867548475928
1.8606174068636854,-3.8246788274984347,-0.018430913887225512
1.9639850405783346,-3.8246788274984347,-0.026363146809883792
2.0673526742929837,-3.8246788274984347,-0.033032704615031404
2.1707203080076343,-3.8246788274984347,-0.037136586413987774
2.2740879417222835,-3.8246788274984347,-0.03787440352640077
2.3774555754369326,-3.8246788274984347,-0.035185585053008096
2.4808232091515814,-3.8246788274984347,-0.02978167400958242
2.5841908428662306,-3.8246788274984347,-0.022965951556664234
2.6875584765808798,-3.8246788274984347,-0.016294735340013147
2.790926110295529,-3.8246788274984347,-0.011178929961595866
2.894293744010178,-3.8246788274984347,-0.00853826596225542
2.997661377724827,-3.8246788274984347,-0.008601263645401593
3.101029011439476,-3.8246788274984347,-0.010898474156561607
3.2043966451541253,-3.8246788274984347,-0.014439584922854498
3.3077642788687744,-3.8246788274984347,-0.018013807933017552
3.411131912583425,-3.8246788274984347,-0.020522237785484395
3.514499546298074,-3.8246788274984347,-0.021248346872832783
3.6178671800127233,-3.8246788274984347,-0.019997464820358895
3.7212348137273725,-3.8246788274984347,-0.017078995179353983
3.8246024474420213,-3.8246788274984347,-0.013152477172422298
3.9279700811566705,-3.8246788274984347,-0.008996210347676111
4.031337714871319,-3.8246788274984347,-0.005274639013934909
4.134705348585968,-3.8246788274984347,-0.0023742750961387262
4.238072982300618,-3.8246788274984347,-0.0003511443245663834
4.341440616015267,-3.8246788274984347,0.0010051364795804496
4.444808249729916,-3.8246788274984347,0.0020225368700324013
4.548175883444565,-3.8246788274984347,0.002970051985542829
4.651543517159214,-3.8246788274984347,0.003916762850997638
4.754911150873865,-3.8246788274984347,0.0046763874149184795
4.858278784588514,-3.8246788274984347,0.004858579303776332
4.961646418303163,-3.8246788274984347,0.004013365328569739
5.065014052017812,-3.8246788274984347,0.0018243394799723172
5.168381685732461,-3.8246788274984347,-0.001711534018545276
5.27174931944711,-3.8246788274984347,-0.006179284901043934
5.3751169531617595,-3.8246788274984347,-0.010759640226752605
5.478484586876409,-3.8246788274984347,-0.014372235680154307
5.581852220591058,-3.8246788274984347,-0.015922537712896836
5.685219854305707,-3.8246788274984347,-0.014594616684285617
5.788587488020356,-3.8246788274984347,-0.010113574143918254
5.8919551217350055,-3.8246788274984347,-0.00290239018710708
5.995322755449654,-3.8246788274984347,0.005920909571842791
6.098690389164305,-3.8246788274984347,0.014722778804261897
6.202058022878954,-3.8246788274984347,0.021682840185677336
6.305425656593603,-3.8246788274984347,0.025203173360212102
6.408793290308252,-3.8246788274984347,0.024302929264621194
-6.408793290308252,-3.7213091294579366,0.023155617253710653
-6.305425656593603,-3.7213091294579366,0.011857963897979615
-6.202058022878954,-3.7213091294579366,-0.001150509269570872
-6.098690389164304,-3.7213091294579366,-0.013112773278786577
-5.995322755449655,-3.7213091294579366,-0.02154149234861126
-5.8919551217350055,-3.7213091294579366,-0.024791749843361525
-5.788587488020356,-3.7213091294579366,-0.0224287080525172
-5.685219854305708,-3.7213091294579366,-0.015300956391499169
-5.581852220591058,-3.7213091294579366,-0.005302403366809171
-5.478484586876409,-3.7213091294579366,0.00511705109111845
-5.3751169531617595,-3.7213091294579366,0.013568312053134447
-5.27174931944711,-3.7213091294579366,0.01831037447862246
-5.168381685732461,-3.7213091294579366,0.01865760932825741
-5.065014052017812,-3.7213091294579366,0.01510240795754801
-4.961646418303163,-3.7213091294579366,0.009123027449543492
-4.858278784588514,-3.7213091294579366,0.0027307202910548238
-4.754911150873865,-3.7213091294579366,-0.00211827133744768
-4.651543517159215,-3.7213091294579366,-0.004081681371529607
-4.548175883444566,-3.7213091294579366,-0.0028032953796974735
-4.444808249729917,-3.7213091294579366,0.0010085425098054338
-4.341440616015267,-3.7213091294579366,0.005819576167693417
-4.238072982300618,-3.7213091294579366,0.009756835733249699
-4.134705348585968,-3.7213091294579366,0.011201126665442094
-4.031337714871319,-3.7213091294579366,0.009307146713084663
-3.9279700811566705,-3.7213091294579366,0.004291224618305177
-3.8246024474420213,-3.7213091294579366,-0.0026069128387586796
-3.7212348137273725,-3.7213091294579366,-0.009484988802432369
-3.6178671800127233,-3.7213091294579366,-0.014359135839768816
-3.514499546298074,-3.7213091294579366,-0.015791375090393498
-3.411131912583425,-3.7213091294579366,-0.01336990574922182
-3.3077642788687753,-3.7213091294579366,-0.007887463838312564
-3.204396645154126,-3.7213091294579366,-0.0011511835843934324
-3.101029011439477,-3.7213091294579366,0.004530795313317015
-2.9976613777248278,-3.7213091294579366,0.0070391934282128055
-2.8942937440101786,-3.7213091294579366,0.0051038183859556385
-2.790926110295529,-3.7213091294579366,-0.0012692401599134146
-2.6875584765808798,-3.7213091294579366,-0.010741009840267254
-2.5841908428662306,-3.7213091294579366,-0.020980952849272247
-2.4808232091515814,-3.7213091294579366,-0.0293120799649587
-2.3774555754369326,-3.7213091294579366,-0.033470734081799236
-2.2740879417222835,-3.7213091294579366,-0.0322536427756018
-2.1707203080076334,-3.7213091294579366,-0.025856437778327048
-2.067352674292984,-3.7213091294579366,-0.01580068987226969
-1.9639850405783352,-3.7213091294579366,-0.004472463141463663
-1.8606174068636863,-3.7213091294579366,0.005584688124986958
-1.757249773149037,-3.7213091294579366,0.012403352388969871
-1.6538821394343879,-3.7213091294579366,0.015126007541461699
-1.550514505719738,-3.7213091294579366,0.014176246470550295
-1.447146872005089,-3.7213091294579366,0.011020480303618591
-1.3437792382904399,-3.7213091294579366,0.007603994458844782
-1.2404116045757907,-3.7213091294579366,0.00564954222401559
-1.1370439708611417,-3.7213091294579366,0.006050678330667156
-1.0336763371464925,-3.7213091294579366,0.00856109534527841
-0.9303087034318435,-3.7213091294579366,0.011884694222327139
-0.8269410697171936,-3.7213091294579366,0.014139659951482997
-0.7235734360025445,-3.7213091294579366,0.013545721629055481
-0.6202058022878953,-3.7213091294579366,0.009107435792311179
-0.5168381685732463,-3.7213091294579366,0.001063117577777085
-0.4134705348585972,-3.7213091294579366,-0.009059056606718935
-0.31010290114394806,-3.7213091294579366,-0.018811537770561458
-0.2067352674292982,-3.7213091294579366,-0.02552035103929136
-0.1033676337146491,-3.7213091294579366,-0.027089623192900553
0.,-3.7213091294579366,-0.022665997856549696
0.1033676337146491,-3.7213091294579366,-0.012950278533149947
0.2067352674292982,-3.7213091294579366,-0.00005094050867151289
0.31010290114394734,-3.7213091294579366,0.01308382497274658
0.4134705348585964,-3.7213091294579366,0.023487007162472186
0.5168381685732455,-3.7213091294579366,0.02899827324440498
0.6202058022878947,-3.7213091294579366,0.028843459506497762
0.7235734360025438,-3.7213091294579366,0.02379364029154724
0.8269410697171944,-3.7213091294579366,0.01586002776165487
0.9303087034318435,-3.7213091294579366,0.007624875728005437
1.0336763371464925,-3.7213091294579366,0.0014204090332399458
1.1370439708611417,-3.7213091294579366,-0.0013874267690487507
1.2404116045757907,-3.7213091294579366,-0.0007895222426324936
1.3437792382904399,-3.7213091294579366,0.001917739732212499
1.447146872005089,-3.7213091294579366,0.004602063362391769
1.550514505719738,-3.7213091294579366,0.0050286237873390875
1.6538821394343872,-3.7213091294579366,0.0016221175181795403
1.7572497731490362,-3.7213091294579366,-0.005983620193897591
1.8606174068636854,-3.7213091294579366,-0.016779918187913904
1.9639850405783346,-3.7213091294579366,-0.028650740653490513
2.0673526742929837,-3.7213091294579366,-0.03898682698381462
2.1707203080076343,-3.7213091294579366,-0.045453429100523426
2.2740879417222835,-3.7213091294579366,-0.046673930134225695
2.3774555754369326,-3.7213091294579366,-0.04262161452831016
2.4808232091515814,-3.7213091294579366,-0.0346055629763273
2.5841908428662306,-3.7213091294579366,-0.024863485623993316
2.6875584765808798,-3.7213091294579366,-0.015894094199190044
2.790926110295529,-3.7213091294579366,-0.009737384842973755
2.894293744010178,-3.7213091294579366,-0.0074207080357022726
2.997661377724827,-3.7213091294579366,-0.008730751545692007
3.101029011439476,-3.7213091294579366,-0.012366514918199773
3.2043966451541253,-3.7213091294579366,-0.01641003853458274
3.3077642788687744,-3.7213091294579366,-0.01895709736757673
3.411131912583425,-3.7213091294579366,-0.018707666498236596
3.514499546298074,-3.7213091294579366,-0.01533691191831964
3.6178671800127233,-3.7213091294579366,-0.009542896513670795
3.7212348137273725,-3.7213091294579366,-0.0027716917439090374
3.8246024474420213,-3.7213091294579366,0.0032793174429376977
3.9279700811566705,-3.7213091294579366,0.0072142691724426545
4.031337714871319,-3.7213091294579366,0.008371200422298957
4.134705348585968,-3.7213091294579366,0.007001686750425163
4.238072982300618,-3.7213091294579366,0.004149287425665591
4.341440616015267,-3.7213091294579366,0.0012743338952916103
4.444808249729916,-3.7213091294579366,-0.0002492075505378833
4.548175883444565,-3.7213091294579366,0.0003979438503450695
4.651543517159214,-3.7213091294579366,0.003195514345372421
4.754911150873865,-3.7213091294579366,0.0072715894508216935
4.858278784588514,-3.7213091294579366,0.011167452157544578
4.961646418303163,-3.7213091294579366,0.013298728350685175
5.065014052017812,-3.7213091294579366,0.012473090616172152
5.168381685732461,-3.7213091294579366,0.008307977993462157
5.27174931944711,-3.7213091294579366,0.0014210877764968895
5.3751169531617595,-3.7213091294579366,-0.006667872294868793
5.478484586876409,-3.7213091294579366,-0.013903167553564166
5.581852220591058,-3.7213091294579366,-0.0182300506004248
5.685219854305707,-3.7213091294579366,-0.01815799425976253
5.788587488020356,-3.7213091294579366,-0.0131972376357756
5.8919551217350055,-3.7213091294579366,-0.004048820655883987
5.995322755449654,-3.7213091294579366,0.007507246384258821
6.098690389164305,-3.7213091294579366,0.019002744624111185
6.202058022878954,-3.7213091294579366,0.027856337102960774
6.305425656593603,-3.7213091294579366,0.03199133723115789
6.408793290308252,-3.7213091294579366,0.030343334403769504
-6.408793290308252,-3.617939431417438,0.020912037804383776
-6.305425656593603,-3.617939431417438,0.00946201876069238
-6.202058022878954,-3.617939431417438,-0.0029276913613746867
-6.098690389164304,-3.617939431417438,-0.01357472376971693
-5.995322755449655,-3.617939431417438,-0.020316524149845056
-5.8919551217350055,-3.617939431417438,-0.02200539999580426
-5.788587488020356,-3.617939431417438,-0.018742512168164496
-5.685219854305708,-3.617939431417438,-0.011800894333200133
-5.581852220591058,-3.617939431417438,-0.0032632868878286142
-5.478484586876409,-3.617939431417438,0.004530886410457076
-5.3751169531617595,-3.617939431417438,0.009589332816778873
-5.27174931944711,-3.617939431417438,0.010769221814673489
-5.168381685732461,-3.617939431417438,0.00805055215348211
-5.065014052017812,-3.617939431417438,0.0025099782314116654
-4.961646418303163,-3.617939431417438,-0.003999209888313113
-4.858278784588514,-3.617939431417438,-0.009377914908892017
-4.754911150873865,-3.617939431417438,-0.011881312720802393
-4.651543517159215,-3.617939431417438,-0.010623516316757614
-4.548175883444566,-3.617939431417438,-0.005842948079953078
-4.444808249729917,-3.617939431417438,0.0011535676415486771
-4.341440616015267,-3.617939431417438,0.008361582948984954
-4.238072982300618,-3.617939431417438,0.013666800073805552
-4.134705348585968,-3.617939431417438,0.015483786314642348
-4.031337714871319,-3.617939431417438,0.013256409262540212
-3.9279700811566705,-3.617939431417438,0.007662682156901851
-3.8246024474420213,-3.617939431417438,0.0004479217988137761
-3.7212348137273725,-3.617939431417438,-0.006080654615747676
-3.6178671800127233,-3.617939431417438,-0.009759088173840306
-3.514499546298074,-3.617939431417438,-0.009263473263793379
-3.411131912583425,-3.617939431417438,-0.004581190552161812
-3.3077642788687753,-3.617939431417438,0.002902782469552586
-3.204396645154126,-3.617939431417438,0.01075298967071869
-3.101029011439477,-3.617939431417438,0.01618021229487507
-2.9976613777248278,-3.617939431417438,0.016890449019264713
-2.8942937440101786,-3.617939431417438,0.011830956138749469
-2.790926110295529,-3.617939431417438,0.0015971932321285486
-2.6875584765808798,-3.617939431417438,-0.011641481959838346
-2.5841908428662306,-3.617939431417438,-0.02469649938886283
-2.4808232091515814,-3.617939431417438,-0.034245073277821975
-2.3774555754369326,-3.617939431417438,-0.037786966290951726
-2.2740879417222835,-3.617939431417438,-0.03438280546612299
-2.1707203080076334,-3.617939431417438,-0.024942002325836203
-2.067352674292984,-3.617939431417438,-0.011961498490976033
-1.9639850405783352,-3.617939431417438,0.0012149429679370368
-1.8606174068636863,-3.617939431417438,0.01139569337603765
-1.757249773149037,-3.617939431417438,0.016491515696411583
-1.6538821394343879,-3.617939431417438,0.016119476899779446
-1.550514505719738,-3.617939431417438,0.011666938102095056
-1.447146872005089,-3.617939431417438,0.005790178354835793
-1.3437792382904399,-3.617939431417438,0.0015022316655848114
-1.2404116045757907,-3.617939431417438,0.0011390021313363607
-1.1370439708611417,-3.617939431417438,0.0055373879749036296
-1.0336763371464925,-3.617939431417438,0.013697518347789683
-0.9303087034318435,-3.617939431417438,0.023050656407323573
-0.8269410697171936,-3.617939431417438,0.030261275587160748
-0.7235734360025445,-3.617939431417438,0.03231743701405554
-0.6202058022878953,-3.617939431417438,0.027564360093784376
-0.5168381685732463,-3.617939431417438,0.016345445276073036
-0.4134705348585972,-3.617939431417438,0.0010321721077505416
-0.31010290114394806,-3.617939431417438,-0.014586195013921673
-0.2067352674292982,-3.617939431417438,-0.02637959282474041
-0.1033676337146491,-3.617939431417438,-0.031096143110929748
0.,-3.617939431417438,-0.027347574028079153
0.1033676337146491,-3.617939431417438,-0.016052527231640922
0.2067352674292982,-3.617939431417438,-0.00019422986161325557
0.31010290114394734,-3.617939431417438,0.01603922363679079
0.4134705348585964,-3.617939431417438,0.02847182045362495
0.5168381685732455,-3.617939431417438,0.03414230143628854
0.6202058022878947,-3.617939431417438,0.03212568804282691
0.7235734360025438,-3.617939431417438,0.02372615102555074
0.8269410697171944,-3.617939431417438,0.011990133933030611
0.9303087034318435,-3.617939431417438,0.0007000985581332462
1.0336763371464925,-3.617939431417438,-0.006830917460810553
1.1370439708611417,-3.617939431417438,-0.008785588270192785
1.2404116045757907,-3.617939431417438,-0.005372170312754006
1.3437792382904399,-3.617939431417438,0.0012993166052337126
1.447146872005089,-3.617939431417438,0.007944445889310906
1.550514505719738,-3.617939431417438,0.011196258337069635
1.6538821394343872,-3.617939431417438,0.008711692202399396
1.7572497731490362,-3.617939431417438,-0.00005646765179853269
1.8606174068636854,-3.617939431417438,-0.0136603370947522
1.9639850405783346,-3.617939431417438,-0.02908463784535239
2.0673526742929837,-3.617939431417438,-0.04265787956990512
2.1707203080076343,-3.617939431417438,-0.051154698376866925
2.2740879417222835,-3.617939431417438,-0.05274313447288411
2.3774555754369326,-3.617939431417438,-0.047486736853577655
2.4808232091515814,-3.617939431417438,-0.03725738604398509
2.5841908428662306,-3.617939431417438,-0.025102482603288418
2.6875584765808798,-3.617939431417438,-0.014279392825130133
2.790926110295529,-3.617939431417438,-0.007267820339637966
2.894293744010178,-3.617939431417438,-0.005068096796081035
2.997661377724827,-3.617939431417438,-0.006993846983339065
3.101029011439476,-3.617939431417438,-0.011005259852660348
3.2043966451541253,-3.617939431417438,-0.01445736481983721
3.3077642788687744,-3.617939431417438,-0.015010867775458191
3.411131912583425,-3.617939431417438,-0.011409982904729055
3.514499546298074,-3.617939431417438,-0.0038833708993683967
3.6178671800127233,-3.617939431417438,0.005948505495793625
3.7212348137273725,-3.617939431417438,0.015616112672292182
3.8246024474420213,-3.617939431417438,0.0226085997800347
3.9279700811566705,-3.617939431417438,0.025182611573461255
4.031337714871319,-3.617939431417438,0.022914828372073627
4.134705348585968,-3.617939431417438,0.016828269984180057
4.238072982300618,-3.617939431417438,0.009060560183401683
4.341440616015267,-3.617939431417438,0.002186512726043643
4.444808249729916,-3.617939431417438,-0.00158749295248814
4.548175883444565,-3.617939431417438,-0.0011051158032614403
4.651543517159214,-3.617939431417438,0.003390651079164079
4.754911150873865,-3.617939431417438,0.010342320281031166
4.858278784588514,-3.617939431417438,0.01736441230967408
4.961646418303163,-3.617939431417438,0.02197871760270233
5.065014052017812,-3.617939431417438,0.022374565972879627
5.168381685732461,-3.617939431417438,0.017968282750086186
5.27174931944711,-3.617939431417438,0.009600511276246119
5.3751169531617595,-3.617939431417438,-0.0006806353550865964
5.478484586876409,-3.617939431417438,-0.010182337147705082
5.581852220591058,-3.617939431417438,-0.016311297000087568
5.685219854305707,-3.617939431417438,-0.017289053550188165
5.788587488020356,-3.617939431417438,-0.012642590518141981
5.8919551217350055,-3.617939431417438,-0.00334221026974047
5.995322755449654,-3.617939431417438,0.008442060535713879
6.098690389164305,-3.617939431417438,0.019892122375954432
6.202058022878954,-3.617939431417438,0.028250459764362357
6.305425656593603,-3.617939431417438,0.03150036419737094
6.408793290308252,-3.617939431417438,0.028847151131522947
-6.408793290308252,-3.5145697333769395,0.01343290311984087
-6.305425656593603,-3.5145697333769395,0.0037633737861433496
-6.202058022878954,-3.5145697333769395,-0.00575206234464755
-6.098690389164304,-3.5145697333769395,-0.012999704979454485
-5.995322755449655,-3.5145697333769395,-0.016543917236378956
-5.8919551217350055,-3.5145697333769395,-0.015953311011655782
-5.788587488020356,-3.5145697333769395,-0.011864719634608018
-5.685219854305708,-3.5145697333769395,-0.005780006755106749
-5.581852220591058,-3.5145697333769395,0.0003467272565063076
-5.478484586876409,-3.5145697333769395,0.0046269305141371205
-5.3751169531617595,-3.5145697333769395,0.0057330686940248
-5.27174931944711,-3.5145697333769395,0.0032501664815123336
-5.168381685732461,-3.5145697333769395,-0.0022052033345001743
-5.065014052017812,-3.5145697333769395,-0.009132992469238698
-4.961646418303163,-3.5145697333769395,-0.015534772957275778
-4.858278784588514,-3.5145697333769395,-0.019444794346087348
-4.754911150873865,-3.5145697333769395,-0.01947334524522089
-4.651543517159215,-3.5145697333769395,-0.015217133807961462
-4.548175883444566,-3.5145697333769395,-0.0074171985941833465
-4.444808249729917,-3.5145697333769395,0.002194552206122406
-4.341440616015267,-3.5145697333769395,0.011336454614455762
-4.238072982300618,-3.5145697333769395,0.017798448134331738
-4.134705348585968,-3.5145697333769395,0.020075745085660623
-4.031337714871319,-3.5145697333769395,0.017830034260665033
-3.9279700811566705,-3.5145697333769395,0.01203010953453935
-3.8246024474420213,-3.5145697333769395,0.004708462485351407
-3.7212348137273725,-3.5145697333769395,-0.001618145135613443
-3.6178671800127233,-3.5145697333769395,-0.004709754284720598
-3.514499546298074,-3.5145697333769395,-0.003324012041716103
-3.411131912583425,-3.5145697333769395,0.0023291941987006507
-3.3077642788687753,-3.5145697333769395,0.010558803553312726
-3.204396645154126,-3.5145697333769395,0.01862729260597574
-3.101029011439477,-3.5145697333769395,0.023544356410972828
-2.9976613777248278,-3.5145697333769395,0.02299503822409021
-2.8942937440101786,-3.5145697333769395,0.01612063294268388
-2.790926110295529,-3.5145697333769395,0.0038989342561358063
-2.6875584765808798,-3.5145697333769395,-0.011019199069833082
-2.5841908428662306,-3.5145697333769395,-0.024997420543102545
-2.4808232091515814,-3.5145697333769395,-0.03444018136211816
-2.3774555754369326,-3.5145697333769395,-0.03685599121941301
-2.2740879417222835,-3.5145697333769395,-0.03162927015993298
-2.1707203080076334,-3.5145697333769395,-0.020248730954717173
-2.067352674292984,-3.5145697333769395,-0.0059002965798262245
-1.9639850405783352,-3.5145697333769395,0.0074709137137039285
-1.8606174068636863,-3.5145697333769395,0.016353359778638703
-1.757249773149037,-3.5145697333769395,0.018749851904701124
-1.6538821394343879,-3.5145697333769395,0.014802434170278735
-1.550514505719738,-3.5145697333769395,0.00675099361697873
-1.447146872005089,-3.5145697333769395,-0.0017793750058288705
-1.3437792382904399,-3.5145697333769395,-0.006953269568312982
-1.2404116045757907,-3.5145697333769395,-0.005999108005608375
-1.1370439708611417,-3.5145697333769395,0.0018232739728436707
-1.0336763371464925,-3.5145697333769395,0.014881469696221184
-0.9303087034318435,-3.5145697333769395,0.029584983899410704
-0.8269410697171936,-3.5145697333769395,0.04144708777297164
-0.7235734360025445,-3.5145697333769395,0.04647639971083346
-0.6202058022878953,-3.5145697333769395,0.04246695725434635
-0.5168381685732463,-3.5145697333769395,0.029776371849056387
-0.4134705348585972,-3.5145697333769395,0.01133327694618879
-0.31010290114394806,-3.5145697333769395,-0.008147907871878269
-0.2067352674292982,-3.5145697333769395,-0.023518601379562052
-0.1033676337146491,-3.5145697333769395,-0.030706714301261383
0.,-3.5145697333769395,-0.027923540110611655
0.1033676337146491,-3.5145697333769395,-0.016193436961899725
0.2067352674292982,-3.5145697333769395,0.0009597754704785323
0.31010290114394734,-3.5145697333769395,0.018574957542626443
0.4134705348585964,-3.5145697333769395,0.03173735934530894
0.5168381685732455,-3.5145697333769395,0.03702671557969231
0.6202058022878947,-3.5145697333769395,0.03348560049066012
0.7235734360025438,-3.5145697333769395,0.02281606601373375
0.8269410697171944,-3.5145697333769395,0.008755472340631348
0.9303087034318435,-3.5145697333769395,-0.004161027855455219
1.0336763371464925,-3.5145697333769395,-0.012054794887848897
1.1370439708611417,-3.5145697333769395,-0.012915853063609706
1.2404116045757907,-3.5145697333769395,-0.007196829767945346
1.3437792382904399,-3.5145697333769395,0.0023869954787369392
1.447146872005089,-3.5145697333769395,0.011774217713128868
1.550514505719738,-3.5145697333769395,0.01688838060259051
1.6538821394343872,-3.5145697333769395,0.014956002880965616
1.7572497731490362,-3.5145697333769395,0.00539584741739553
1.8606174068636854,-3.5145697333769395,-0.009993017582333454
1.9639850405783346,-3.5145697333769395,-0.027590049071166006
2.0673526742929837,-3.5145697333769395,-0.04306803140540871
2.1707203080076343,-3.5145697333769395,-0.052701932550385425
2.2740879417222835,-3.5145697333769395,-0.0544575183748296
2.3774555754369326,-3.5145697333769395,-0.04852569526839513
2.4808232091515814,-3.5145697333769395,-0.03715278935167179
2.5841908428662306,-3.5145697333769395,-0.023843914953473204
2.6875584765808798,-3.5145697333769395,-0.012212757813884855
2.790926110295529,-3.5145697333769395,-0.0048546742533028195
2.894293744010178,-3.5145697333769395,-0.002600381139348783
2.997661377724827,-3.5145697333769395,-0.004374347508368909
3.101029011439476,-3.5145697333769395,-0.007681091489632507
3.2043966451541253,-3.5145697333769395,-0.009540193854153233
3.3077642788687744,-3.5145697333769395,-0.007551846917553786
3.411131912583425,-3.5145697333769395,-0.0007418811790499388
3.514499546298074,-3.5145697333769395,0.010084073069789926
3.6178671800127233,-3.5145697333769395,0.022582451297763092
3.7212348137273725,-3.5145697333769395,0.03362044668712798
3.8246024474420213,-3.5145697333769395,0.040281710973877796
3.9279700811566705,-3.5145697333769395,0.04080258283927908
4.031337714871319,-3.5145697333769395,0.03514152611372352
4.134705348585968,-3.5145697333769395,0.0250069848578525
4.238072982300618,-3.5145697333769395,0.01334311360376982
4.341440616015267,-3.5145697333769395,0.003442289154107307
4.444808249729916,-3.5145697333769395,-0.0020350152918373714
4.548175883444565,-3.5145697333769395,-0.0018313515303488778
4.651543517159214,-3.5145697333769395,0.0035744640483284136
4.754911150873865,-3.5145697333769395,0.012160410881954629
4.858278784588514,-3.5145697333769395,0.02100686357011143
4.961646418303163,-3.5145697333769395,0.027187625974900043
5.065014052017812,-3.5145697333769395,0.028634029513037167
5.168381685732461,-3.5145697333769395,0.02471895930386932
5.27174931944711,-3.5145697333769395,0.01640126459997741
5.3751169531617595,-3.5145697333769395,0.005906947485699052
5.478484586876409,-3.5145697333769395,-0.003940955205926858
5.581852220591058,-3.5145697333769395,-0.010536634661676977
5.685219854305707,-3.5145697333769395,-0.012212967476468559
5.788587488020356,-3.5145697333769395,-0.008673000743100057
5.8919551217350055,-3.5145697333769395,-0.0010271760263829677
5.995322755449654,-3.5145697333769395,0.008552472758418597
6.098690389164305,-3.5145697333769395,0.017446011133715755
6.202058022878954,-3.5145697333769395,0.023287593453315866
6.305425656593603,-3.5145697333769395,0.02456525201600985
6.408793290308252,-3.5145697333769395,0.020968557625462323
-6.408793290308252,-3.4112000353364413,0.0037315679227211854
-6.305425656593603,-3.4112000353364413,-0.0029871310611146703
-6.202058022878954,-3.4112000353364413,-0.008494466562848215
-6.098690389164304,-3.4112000353364413,-0.011493952998779736
-5.995322755449655,-3.4112000353364413,-0.011405758681993165
-5.8919551217350055,-3.4112000353364413,-0.008503958886985857
-5.788587488020356,-3.4112000353364413,-0.0038323427502687715
-5.685219854305708,-3.4112000353364413,0.0010721186324422042
-5.581852220591058,-3.4112000353364413,0.004577159105779441
-5.478484586876409,-3.4112000353364413,0.00537931508684328
-5.3751169531617595,-3.4112000353364413,0.0028551803568558566
-5.27174931944711,-3.4112000353364413,-0.0027435918896150093
-5.168381685732461,-3.4112000353364413,-0.010302736304093804
-5.065014052017812,-3.4112000353364413,-0.018072577156436998
-4.961646418303163,-3.4112000353364413,-0.024068662463916188
-4.858278784588514,-3.4112000353364413,-0.026560203630767623
-4.754911150873865,-3.4112000353364413,-0.024531109938838395
-4.651543517159215,-3.4112000353364413,-0.01799321265301679
-4.548175883444566,-3.4112000353364413,-0.008056289193945304
-4.444808249729917,-3.4112000353364413,0.0032864698003254467
-4.341440616015267,-3.4112000353364413,0.013625850157482257
-4.238072982300618,-3.4112000353364413,0.020750993525359238
-4.134705348585968,-3.4112000353364413,0.023251460067705995
-4.031337714871319,-3.4112000353364413,0.020934302945236953
-3.9279700811566705,-3.4112000353364413,0.01492010235533133
-3.8246024474420213,-3.4112000353364413,0.007363980581343661
-3.7212348137273725,-3.4112000353364413,0.0008553165725877822
-3.6178671800127233,-3.4112000353364413,-0.002347622696516714
-3.514499546298074,-3.4112000353364413,-0.001027675871321794
-3.411131912583425,-3.4112000353364413,0.004558477111795995
-3.3077642788687753,-3.4112000353364413,0.01267848643460079
-3.204396645154126,-3.4112000353364413,0.020584325128676712
-3.101029011439477,-3.4112000353364413,0.025322232738410704
-2.9976613777248278,-3.4112000353364413,0.02466212843596739
-2.8942937440101786,-3.4112000353364413,0.017861811837107253
-2.790926110295529,-3.4112000353364413,0.006014039809262773
-2.6875584765808798,-3.4112000353364413,-0.008159761739540734
-2.5841908428662306,-3.4112000353364413,-0.021038286373768054
-2.4808232091515814,-3.4112000353364413,-0.029152757414742266
-2.3774555754369326,-3.4112000353364413,-0.030249435280808232
-2.2740879417222835,-3.4112000353364413,-0.024027808316140577
-2.1707203080076334,-3.4112000353364413,-0.012305235323290144
-2.067352674292984,-3.4112000353364413,0.00147146954706539
-1.9639850405783352,-3.4112000353364413,0.013243027077907667
-1.8606174068636863,-3.4112000353364413,0.01958462671634814
-1.757249773149037,-3.4112000353364413,0.018797540587098822
-1.6538821394343879,-3.4112000353364413,0.011493084717412897
-1.550514505719738,-3.4112000353364413,0.00046380925808658377
-1.447146872005089,-3.4112000353364413,-0.010144255842154651
-1.3437792382904399,-3.4112000353364413,-0.016121348915624722
-1.2404116045757907,-3.4112000353364413,-0.014553023976246826
-1.1370439708611417,-3.4112000353364413,-0.004819893707206379
-1.0336763371464925,-3.4112000353364413,0.011090984817412244
-0.9303087034318435,-3.4112000353364413,0.02908463639286742
-0.8269410697171936,-3.4112000353364413,0.04413581824757674
-0.7235734360025445,-3.4112000353364413,0.051797148340420034
-0.6202058022878953,-3.4112000353364413,0.049576054981487726
-0.5168381685732463,-3.4112000353364413,0.03774920051161494
-0.4134705348585972,-3.4112000353364413,0.019350096728529317
-0.31010290114394806,-3.4112000353364413,-0.0006809795672946742
-0.2067352674292982,-3.4112000353364413,-0.016934853847129526
-0.1033676337146491,-3.4112000353364413,-0.02512347084635817
0.,-3.4112000353364413,-0.023335482473864466
0.1033676337146491,-3.4112000353364413,-0.012572062777952702
0.2067352674292982,-3.4112000353364413,0.003599868240034555
0.31010290114394734,-3.4112000353364413,0.020165725314874053
0.4134705348585964,-3.4112000353364413,0.032202138289419584
0.5168381685732455,-3.4112000353364413,0.036357410396062634
0.6202058022878947,-3.4112000353364413,0.031816641156036614
0.7235734360025438,-3.4112000353364413,0.020460357377418605
0.8269410697171944,-3.4112000353364413,0.006181480462750011
0.9303087034318435,-3.4112000353364413,-0.006410043468427411
1.0336763371464925,-3.4112000353364413,-0.013476535896980847
1.1370439708611417,-3.4112000353364413,-0.01316294202818608
1.2404116045757907,-3.4112000353364413,-0.006151329671261636
1.3437792382904399,-3.4112000353364413,0.004603503494853173
1.447146872005089,-3.4112000353364413,0.014858230200994313
1.550514505719738,-3.4112000353364413,0.02045977213280914
1.6538821394343872,-3.4112000353364413,0.01867472682096839
1.7572497731490362,-3.4112000353364413,0.00905021009938172
1.8606174068636854,-3.4112000353364413,-0.006455608132842975
1.9639850405783346,-3.4112000353364413,-0.024097631284622292
2.0673526742929837,-3.4112000353364413,-0.03950730996139413
2.1707203080076343,-3.4112000353364413,-0.04901487434092476
2.2740879417222835,-3.4112000353364413,-0.050710035639289004
2.3774555754369326,-3.4112000353364413,-0.044916392867006674
2.4808232091515814,-3.4112000353364413,-0.033951460927939485
2.5841908428662306,-3.4112000353364413,-0.02127625378473005
2.6875584765808798,-3.4112000353364413,-0.010330156319302786
2.790926110295529,-3.4112000353364413,-0.003437763412857002
2.894293744010178,-3.4112000353364413,-0.00113797232084438
2.997661377724827,-3.4112000353364413,-0.002137246241633117
3.101029011439476,-3.4112000353364413,-0.0038797515191690357
3.2043966451541253,-3.4112000353364413,-0.003526384481867194
3.3077642788687744,-3.4112000353364413,0.0009927934178281703
3.411131912583425,-3.4112000353364413,0.010203352569249232
3.514499546298074,-3.4112000353364413,0.02284027376580818
3.6178671800127233,-3.4112000353364413,0.03620468374697892
3.7212348137273725,-3.4112000353364413,0.0470004252693533
3.8246024474420213,-3.4112000353364413,0.0523748840154695
3.9279700811566705,-3.4112000353364413,0.05082829699187856
4.031337714871319,-3.4112000353364413,0.04270431534020829
4.134705348585968,-3.4112000353364413,0.0301130331727542
4.238072982300618,-3.4112000353364413,0.016319142921950042
4.341440616015267,-3.4112000353364413,0.00479348181129088
4.444808249729916,-3.4112000353364413,-0.0017755840288758112
4.548175883444565,-3.4112000353364413,-0.00221191662076054
4.651543517159214,-3.4112000353364413,0.002886618603402652
4.754911150873865,-3.4112000353364413,0.01141313157014235
4.858278784588514,-3.4112000353364413,0.02044080129513015
4.961646418303163,-3.4112000353364413,0.027111292514961912
5.065014052017812,-3.4112000353364413,0.02945020382068605
5.168381685732461,-3.4112000353364413,0.0268746577637133
5.27174931944711,-3.4112000353364413,0.02026387731622253
5.3751169531617595,-3.4112000353364413,0.011601157970734572
5.478484586876409,-3.4112000353364413,0.00332129369738988
5.581852220591058,-3.4112000353364413,-0.0024256898061858242
5.685219854305707,-3.4112000353364413,-0.004374961336200586
5.788587488020356,-3.4112000353364413,-0.0024484720951328965
5.8919551217350055,-3.4112000353364413,0.0023058158299204376
5.995322755449654,-3.4112000353364413,0.008091264980409758
6.098690389164305,-3.4112000353364413,0.012924360465780712
6.202058022878954,-3.4112000353364413,0.015208297745068726
6.305425656593603,-3.4112000353364413,0.01415775371402856
6.408793290308252,-3.4112000353364413,0.009969813274533676
-6.408793290308252,-3.3078303372959432,-0.004415545731862416
-6.305425656593603,-3.3078303372959432,-0.008087586894728318
-6.202058022878954,-3.3078303372959432,-0.009840502742462086
-6.098690389164304,-3.3078303372959432,-0.009135464606633748
-5.995322755449655,-3.3078303372959432,-0.006087227345174819
-5.8919551217350055,-3.3078303372959432,-0.001464311721585193
-5.788587488020356,-3.3078303372959432,0.0034772404592414157
-5.685219854305708,-3.3078303372959432,0.007285474333830127
-5.581852220591058,-3.3078303372959432,0.00866275336324368
-5.478484586876409,-3.3078303372959432,0.006796786475811879
-5.3751169531617595,-3.3078303372959432,0.0015981556658106095
-5.27174931944711,-3.3078303372959432,-0.006213245408919461
-5.168381685732461,-3.3078303372959432,-0.015202728720527397
-5.065014052017812,-3.3078303372959432,-0.023490442772380167
-4.961646418303163,-3.3078303372959432,-0.02915128032854723
-4.858278784588514,-3.3078303372959432,-0.030664939486261575
-4.754911150873865,-3.3078303372959432,-0.02731327787596027
-4.651543517159215,-3.3078303372959432,-0.019420646778737526
-4.548175883444566,-3.3078303372959432,-0.008358200900373234
-4.444808249729917,-3.3078303372959432,0.003715763499103012
-4.341440616015267,-3.3078303372959432,0.014339920061160465
-4.238072982300618,-3.3078303372959432,0.02135188303760006
-4.134705348585968,-3.3078303372959432,0.023455143583395562
-4.031337714871319,-3.3078303372959432,0.020590239971853396
-3.9279700811566705,-3.3078303372959432,0.013988492601450289
-3.8246024474420213,-3.3078303372959432,0.0058671970646998715
-3.7212348137273725,-3.3078303372959432,-0.0011724808818105172
-3.6178671800127233,-3.3078303372959432,-0.004889076357557674
-3.514499546298074,-3.3078303372959432,-0.0040740329933447745
-3.411131912583425,-3.3078303372959432,0.0010527537635314117
-3.3077642788687753,-3.3078303372959432,0.008862664655508444
-3.204396645154126,-3.3078303372959432,0.016772235243874604
-3.101029011439477,-3.3078303372959432,0.02201599515495175
-2.9976613777248278,-3.3078303372959432,0.022515429887042606
-2.8942937440101786,-3.3078303372959432,0.01757671238735612
-2.790926110295529,-3.3078303372959432,0.00818753367746751
-2.6875584765808798,-3.3078303372959432,-0.0032030787311380644
-2.5841908428662306,-3.3078303372959432,-0.01338017867554524
-2.4808232091515814,-3.3078303372959432,-0.019337748866550573
-2.3774555754369326,-3.3078303372959432,-0.019237064355766793
-2.2740879417222835,-3.3078303372959432,-0.013042055258348534
-2.1707203080076334,-3.3078303372959432,-0.0026125516850360212
-2.067352674292984,-3.3078303372959432,0.00880126254334021
-1.9639850405783352,-3.3078303372959432,0.017531000070671002
-1.8606174068636863,-3.3078303372959432,0.02064106948224021
-1.757249773149037,-3.3078303372959432,0.01690030053680195
-1.6538821394343879,-3.3078303372959432,0.007257190828100591
-1.550514505719738,-3.3078303372959432,-0.005353762556902295
-1.447146872005089,-3.3078303372959432,-0.016841676736976056
-1.3437792382904399,-3.3078303372959432,-0.02318893065350348
-1.2404116045757907,-3.3078303372959432,-0.021709694251047396
-1.1370439708611417,-3.3078303372959432,-0.011944237815935246
-1.0336763371464925,-3.3078303372959432,0.004102110774228746
-0.9303087034318435,-3.3078303372959432,0.022469461068697225
-0.8269410697171936,-3.3078303372959432,0.03836545550222084
-0.7235734360025445,-3.3078303372959432,0.04756709101556701
-0.6202058022878953,-3.3078303372959432,0.047676688179430576
-0.5168381685732463,-3.3078303372959432,0.03884466606255861
-0.4134705348585972,-3.3078303372959432,0.023732054633373696
-0.31010290114394806,-3.3078303372959432,0.006719023765485251
-0.2067352674292982,-3.3078303372959432,-0.007400761888107359
-0.1033676337146491,-3.3078303372959432,-0.014840187386164279
0.,-3.3078303372959432,-0.013917932081146405
0.1033676337146491,-3.3078303372959432,-0.005502512249398274
0.2067352674292982,-3.3078303372959432,0.007327868144666646
0.31010290114394734,-3.3078303372959432,0.0202935827517059
0.4134705348585964,-3.3078303372959432,0.029266760957022325
0.5168381685732455,-3.3078303372959432,0.03154236174436236
0.6202058022878947,-3.3078303372959432,0.026631853082710877
0.7235734360025438,-3.3078303372959432,0.016340320167405414
0.8269410697171944,-3.3078303372959432,0.004117565236318592
0.9303087034318435,-3.3078303372959432,-0.006096713570011785
1.0336763371464925,-3.3078303372959432,-0.011157308732898595
1.1370439708611417,-3.3078303372959432,-0.009716879150095158
1.2404116045757907,-3.3078303372959432,-0.0026346782334520026
1.3437792382904399,-3.3078303372959432,0.007327934711191343
1.447146872005089,-3.3078303372959432,0.016414567996041796
1.550514505719738,-3.3078303372959432,0.02108340250259651
1.6538821394343872,-3.3078303372959432,0.0191294906520675
1.7572497731490362,-3.3078303372959432,0.010366502071299183
1.8606174068636854,-3.3078303372959432,-0.0033367936407922337
1.9639850405783346,-3.3078303372959432,-0.018659689001734623
2.0673526742929837,-3.3078303372959432,-0.031863582872198495
2.1707203080076343,-3.3078303372959432,-0.03991727482473892
2.2740879417222835,-3.3078303372959432,-0.04135551614782923
2.3774555754369326,-3.3078303372959432,-0.03660987858675918
2.4808232091515814,-3.3078303372959432,-0.027728995534157714
2.5841908428662306,-3.3078303372959432,-0.017604395554816514
2.6875584765808798,-3.3078303372959432,-0.008973462148924086
2.790926110295529,-3.3078303372959432,-0.003533491964060832
2.894293744010178,-3.3078303372959432,-0.001452865638732966
2.997661377724827,-3.3078303372959432,-0.0014258144311080014
3.101029011439476,-3.3078303372959432,-0.0012341992584163806
3.2043966451541253,-3.3078303372959432,0.001386082202464704
3.3077642788687744,-3.3078303372959432,0.00787155684482881
3.411131912583425,-3.3078303372959432,0.018243530041492526
3.514499546298074,-3.3078303372959432,0.030999579793643036
3.6178671800127233,-3.3078303372959432,0.043517399287114227
3.7212348137273725,-3.3078303372959432,0.052837355279362355
3.8246024474420213,-3.3078303372959432,0.056570454084465684
3.9279700811566705,-3.3078303372959432,0.05364290254275916
4.031337714871319,-3.3078303372959432,0.044645820171121696
4.134705348585968,-3.3078303372959432,0.031687538290508944
4.238072982300618,-3.3078303372959432,0.017802911863283345
4.341440616015267,-3.3078303372959432,0.006108543947797504
4.444808249729916,-3.3078303372959432,-0.0010365622659015091
4.548175883444565,-3.3078303372959432,-0.002617932826194461
4.651543517159214,-3.3078303372959432,0.0008590667653859778
4.754911150873865,-3.3078303372959432,0.007632834516977289
4.858278784588514,-3.3078303372959432,0.015282619378542915
4.961646418303163,-3.3078303372959432,0.021461174108328575
5.065014052017812,-3.3078303372959432,0.024538750577476575
5.168381685732461,-3.3078303372959432,0.02397771824922982
5.27174931944711,-3.3078303372959432,0.020352036670408125
5.3751169531617595,-3.3078303372959432,0.015039193387634106
5.478484586876409,-3.3078303372959432,0.009707825636017211
5.581852220591058,-3.3078303372959432,0.00577429966018885
5.685219854305707,-3.3078303372959432,0.003994688583051807
5.788587488020356,-3.3078303372959432,0.004302097299212352
5.8919551217350055,-3.3078303372959432,0.005914977143931334
5.995322755449654,-3.3078303372959432,0.007658208088864272
6.098690389164305,-3.3078303372959432,0.008380537413360983
6.202058022878954,-3.3078303372959432,0.0073341796773795055
6.305425656593603,-3.3078303372959432,0.004405878345943846
6.408793290308252,-3.3078303372959432,0.000141929868112375
-6.408793290308252,-3.204460639255445,-0.007754322441187651
-6.305425656593603,-3.204460639255445,-0.009340409154563627
-6.202058022878954,-3.204460639255445,-0.00882874855538188
-6.098690389164304,-3.204460639255445,-0.006103677760793656
-5.995322755449655,-3.204460639255445,-0.0015910579240235037
-5.8919551217350055,-3.204460639255445,0.003775189944999338
-5.788587488020356,-3.204460639255445,0.008715849515564911
-5.685219854305708,-3.204460639255445,0.011870786987102751
-5.581852220591058,-3.204460639255445,0.012112932741122339
-5.478484586876409,-3.204460639255445,0.008844269425650147
-5.3751169531617595,-3.204460639255445,0.002202968421910127
-5.27174931944711,-3.204460639255445,-0.006877681179780428
-5.168381685732461,-3.204460639255445,-0.016791332280657843
-5.065014052017812,-3.204460639255445,-0.02555572153904092
-4.961646418303163,-3.204460639255445,-0.031235068846712004
-4.858278784588514,-3.204460639255445,-0.03239903733791656
-4.754911150873865,-3.204460639255445,-0.028507319949238816
-4.651543517159215,-3.204460639255445,-0.02011287564672548
-4.548175883444566,-3.204460639255445,-0.008810829444404752
-4.444808249729917,-3.204460639255445,0.003080468231853355
-4.341440616015267,-3.204460639255445,0.01304804529137843
-4.238072982300618,-3.204460639255445,0.01899994357756252
-4.134705348585968,-3.204460639255445,0.019808355675034604
-4.031337714871319,-3.204460639255445,0.015626122691749292
-3.9279700811566705,-3.204460639255445,0.007873629255477096
-3.8246024474420213,-3.204460639255445,-0.0011203493812504473
-3.7212348137273725,-3.204460639255445,-0.008741211580340384
-3.6178671800127233,-3.204460639255445,-0.012809412254405758
-3.514499546298074,-3.204460639255445,-0.012195590355485564
-3.411131912583425,-3.204460639255445,-0.007145950093476803
-3.3077642788687753,-3.204460639255445,0.000788709433667981
-3.204396645154126,-3.204460639255445,0.009212292262131574
-3.101029011439477,-3.204460639255445,0.015604495530198258
-2.9976613777248278,-3.204460639255445,0.01809165957100163
-2.8942937440101786,-3.204460639255445,0.016031635328152178
-2.790926110295529,-3.204460639255445,0.010225810003363854
-2.6875584765808798,-3.204460639255445,0.00268115035374784
-2.5841908428662306,-3.204460639255445,-0.004016173197287827
-2.4808232091515814,-3.204460639255445,-0.007529081679969429
-2.3774555754369326,-3.204460639255445,-0.006542533559932802
-2.2740879417222835,-3.204460639255445,-0.0012321267503700006
-2.1707203080076334,-3.204460639255445,0.006732740056871774
-2.067352674292984,-3.204460639255445,0.014669686048749872
-1.9639850405783352,-3.204460639255445,0.01971297913564743
-1.8606174068636863,-3.204460639255445,0.019740684636137498
-1.757249773149037,-3.204460639255445,0.014107905131832616
-1.6538821394343879,-3.204460639255445,0.003945889080298284
-1.550514505719738,-3.204460639255445,-0.008084109689407098
-1.447146872005089,-3.204460639255445,-0.018525113198488905
-1.3437792382904399,-3.204460639255445,-0.02413476156873751
-1.2404116045757907,-3.204460639255445,-0.022867427128619548
-1.1370439708611417,-3.204460639255445,-0.01452503769347361
-1.0336763371464925,-3.204460639255445,-0.0008697912988019153
-0.9303087034318435,-3.204460639255445,0.014845398404378428
-0.8269410697171936,-3.204460639255445,0.028794006079886567
-0.7235734360025445,-3.204460639255445,0.03766679105825993
-0.6202058022878953,-3.204460639255445,0.03960765432898647
-0.5168381685732463,-3.204460639255445,0.03471246035022297
-0.4134705348585972,-3.204460639255445,0.02494338629267344
-0.31010290114394806,-3.204460639255445,0.013491615206748821
-0.2067352674292982,-3.204460639255445,0.0037905373116306736
-0.1033676337146491,-3.204460639255445,-0.0015131043288296887
0.,-3.204460639255445,-0.001314269391272212
0.1033676337146491,-3.204460639255445,0.003694587945115081
0.2067352674292982,-3.204460639255445,0.011332662955890256
0.31010290114394734,-3.204460639255445,0.018692576623399106
0.4134705348585964,-3.204460639255445,0.023102854255746638
0.5168381685732455,-3.204460639255445,0.022981615644719545
0.6202058022878947,-3.204460639255445,0.01831351926998667
0.7235734360025438,-3.204460639255445,0.010607803288829702
0.8269410697171944,-3.204460639255445,0.002363791012641711
0.9303087034318435,-3.204460639255445,-0.003773086410193272
1.0336763371464925,-3.204460639255445,-0.005886717334897699
1.1370439708611417,-3.204460639255445,-0.0034150790924275163
1.2404116045757907,-3.204460639255445,0.0026714513433453387
1.3437792382904399,-3.204460639255445,0.010186912970296952
1.447146872005089,-3.204460639255445,0.016430931386643963
1.550514505719738,-3.204460639255445,0.019043190942582035
1.6538821394343872,-3.204460639255445,0.01673675526881783
1.7572497731490362,-3.204460639255445,0.009681359205509003
1.8606174068636854,-3.204460639255445,-0.0005745338420605257
1.9639850405783346,-3.204460639255445,-0.01160407557629008
2.0673526742929837,-3.204460639255445,-0.020852702044958694
2.1707203080076343,-3.204460639255445,-0.02639305662872413
2.2740879417222835,-3.204460639255445,-0.027445489226813224
2.3774555754369326,-3.204460639255445,-0.024509434660374533
2.4808232091515814,-3.204460639255445,-0.019082073953543957
2.5841908428662306,-3.204460639255445,-0.01307502264111958
2.6875584765808798,-3.204460639255445,-0.008133733478017375
2.790926110295529,-3.204460639255445,-0.005088619062577401
2.894293744010178,-3.204460639255445,-0.0037158431529053207
2.997661377724827,-3.204460639255445,-0.002878187439723935
3.101029011439476,-3.204460639255445,-0.0009890135355411244
3.2043966451541253,-3.204460639255445,0.0033629460481335626
3.3077642788687744,-3.204460639255445,0.01083993683490825
3.411131912583425,-3.204460639255445,0.021024307019291776
3.514499546298074,-3.204460639255445,0.03244028557717631
3.6178671800127233,-3.204460639255445,0.04292320316844379
3.7212348137273725,-3.204460639255445,0.050220353951545844
3.8246024474420213,-3.204460639255445,0.05263664261872201
3.9279700811566705,-3.204460639255445,0.04952777508048505
4.031337714871319,-3.204460639255445,0.04149507362208174
4.134705348585968,-3.204460639255445,0.03023052185757437
4.238072982300618,-3.204460639255445,0.018067103409711183
4.341440616015267,-3.204460639255445,0.0073743983765928575
4.444808249729916,-3.204460639255445,-0.000022268290802770333
4.548175883444565,-3.204460639255445,-0.003238183384708578
4.651543517159214,-3.204460639255445,-0.002444474314173127
4.754911150873865,-3.204460639255445,0.001305853643577723
4.858278784588514,-3.204460639255445,0.006464945030951379
4.961646418303163,-3.204460639255445,0.011459438475765457
5.065014052017812,-3.204460639255445,0.015100451095294839
5.168381685732461,-3.204460639255445,0.016824806735054567
5.27174931944711,-3.204460639255445,0.016719862592482666
5.3751169531617595,-3.204460639255445,0.015353954581101092
5.478484586876409,-3.204460639255445,0.013490115854194105
5.581852220591058,-3.204460639255445,0.011786853948751994
5.685219854305707,-3.204460639255445,0.010581563274351724
5.788587488020356,-3.204460639255445,0.009815785119187055
5.8919551217350055,-3.204460639255445,0.009111092564030351
5.995322755449654,-3.204460639255445,0.007956618101074925
6.098690389164305,-3.204460639255445,0.005938121122917455
6.202058022878954,-3.204460639255445,0.0029313140811800986
6.305425656593603,-3.204460639255445,-0.000801714857915103
6.408793290308252,-3.204460639255445,-0.004641980764272194
-6.408793290308252,-3.101090941214947,-0.004680852045104537
-6.305425656593603,-3.101090941214947,-0.005860434234067185
-6.202058022878954,-3.101090941214947,-0.005301299780636728
-6.098690389164304,-3.101090941214947,-0.002816784456818005
-5.995322755449655,-3.101090941214947,0.0013353387163094607
-5.8919551217350055,-3.101090941214947,0.006398704598816275
-5.788587488020356,-3.101090941214947,0.011199218832743068
-5.685219854305708,-3.101090941214947,0.014367532561501528
-5.581852220591058,-3.101090941214947,0.014666374872168134
-5.478484586876409,-3.101090941214947,0.011346150525468555
-5.3751169531617595,-3.101090941214947,0.004429456832243422
-5.27174931944711,-3.101090941214947,-0.005170298488570906
-5.168381685732461,-3.101090941214947,-0.015756321066003852
-5.065014052017812,-3.101090941214947,-0.02518372313648728
-4.961646418303163,-3.101090941214947,-0.03135760327064958
-4.858278784588514,-3.101090941214947,-0.03277308605144188
-4.754911150873865,-3.101090941214947,-0.02895054574447352
-4.651543517159215,-3.101090941214947,-0.020634410305313163
-4.548175883444566,-3.101090941214947,-0.009679831853221235
-4.444808249729917,-3.101090941214947,0.0013650696697502563
-4.341440616015267,-3.101090941214947,0.00988569559939821
-4.238072982300618,-3.101090941214947,0.013874248475070601
-4.134705348585968,-3.101090941214947,0.012464956702378256
-4.031337714871319,-3.101090941214947,0.006176586423095892
-3.9279700811566705,-3.101090941214947,-0.0032151133387244625
-3.8246024474420213,-3.101090941214947,-0.013148783252620404
-3.7212348137273725,-3.101090941214947,-0.02096648395153421
-3.6178671800127233,-3.101090941214947,-0.02462828009719985
-3.514499546298074,-3.101090941214947,-0.02324941993130461
-3.411131912583425,-3.101090941214947,-0.01730637474663054
-3.3077642788687753,-3.101090941214947,-0.008453978618144264
-3.204396645154126,-3.101090941214947,0.0009894716844719325
-3.101029011439477,-3.101090941214947,0.008733606688685508
-2.9976613777248278,-3.101090941214947,0.013175963615539495
-2.8942937440101786,-3.101090941214947,0.01383327663230295
-2.790926110295529,-3.101090941214947,0.011417748615043128
-2.6875584765808798,-3.101090941214947,0.007541800190724558
-2.5841908428662306,-3.101090941214947,0.004149670304525977
-2.4808232091515814,-3.101090941214947,0.002858447779827951
-2.3774555754369326,-3.101090941214947,0.004418246404504765
-2.2740879417222835,-3.101090941214947,0.008462647375356108
-2.1707203080076334,-3.101090941214947,0.013628203242789088
-2.067352674292984,-3.101090941214947,0.01800469053893199
-1.9639850405783352,-3.101090941214947,0.019772783807785233
-1.8606174068636863,-3.101090941214947,0.017826028244269824
-1.757249773149037,-3.101090941214947,0.01217828246604562
-1.6538821394343879,-3.101090941214947,0.004024797063824336
-1.550514505719738,-3.101090941214947,-0.004566422791671612
-1.447146872005089,-3.101090941214947,-0.01124062768745967
-1.3437792382904399,-3.101090941214947,-0.014040887498549464
-1.2404116045757907,-3.101090941214947,-0.011982145841562958
-1.1370439708611417,-3.101090941214947,-0.005340780861969354
-1.0336763371464925,-3.101090941214947,0.004425509172157457
-0.9303087034318435,-3.101090941214947,0.015098560776243494
-0.8269410697171936,-3.101090941214947,0.024329015543162042
-0.7235734360025445,-3.101090941214947,0.0302811567893183
-0.6202058022878953,-3.101090941214947,0.032100908440117544
-0.5168381685732463,-3.101090941214947,0.030074550374842603
-0.4134705348585972,-3.101090941214947,0.02544497335030732
-0.31010290114394806,-3.101090941214947,0.01995871205091757
-0.2067352674292982,-3.101090941214947,0.015296916594227074
-0.1033676337146491,-3.101090941214947,0.012572482929055197
0.,-3.101090941214947,0.012046213866943937
0.1033676337146491,-3.101090941214947,0.013138382015502624
0.2067352674292982,-3.101090941214947,0.014714372518659983
0.31010290114394734,-3.101090941214947,0.015536130615441384
0.4134705348585964,-3.101090941214947,0.014722409364876348
0.5168381685732455,-3.101090941214947,0.01206462750041933
0.6202058022878947,-3.101090941214947,0.008098443493464174
0.7235734360025438,-3.101090941214947,0.003914998890958744
0.8269410697171944,-3.101090941214947,0.0007819898985322854
0.9303087034318435,-3.101090941214947,-0.00029475124731310576
1.0336763371464925,-3.101090941214947,0.0010775419758056034
1.1370439708611417,-3.101090941214947,0.004529042239868709
1.2404116045757907,-3.101090941214947,0.009025404394664588
1.3437792382904399,-3.101090941214947,0.013177949415924855
1.447146872005089,-3.101090941214947,0.01566292595771114
1.550514505719738,-3.101090941214947,0.015614583850008813
1.6538821394343872,-3.101090941214947,0.012869115826263404
1.7572497731490362,-3.101090941214947,0.007987930684443168
1.8606174068636854,-3.101090941214947,0.0020612991778820406
1.9639850405783346,-3.101090941214947,-0.003636947586691684
2.0673526742929837,-3.101090941214947,-0.008028571340511234
2.1707203080076343,-3.101090941214947,-0.010522965529883127
2.2740879417222835,-3.101090941214947,-0.011134199318020436
2.3774555754369326,-3.101090941214947,-0.010395098630003796
2.4808232091515814,-3.101090941214947,-0.009106880276824731
2.5841908428662306,-3.101090941214947,-0.008014372835894666
2.6875584765808798,-3.101090941214947,-0.007517548068921523
2.790926110295529,-3.101090941214947,-0.007514588063853926
2.894293744010178,-3.101090941214947,-0.007426397553592115
2.997661377724827,-3.101090941214947,-0.006392865088808012
3.101029011439476,-3.101090941214947,-0.003576599029850978
3.2043966451541253,-3.101090941214947,0.0015228608586691096
3.3077642788687744,-3.101090941214947,0.008843043200648697
3.411131912583425,-3.101090941214947,0.017690984283910624
3.514499546298074,-3.101090941214947,0.026855817821881664
3.6178671800127233,-3.101090941214947,0.03487024242039359
3.7212348137273725,-3.101090941214947,0.040348089755748884
3.8246024474420213,-3.101090941214947,0.04230661818822905
3.9279700811566705,-3.101090941214947,0.04039027537879911
4.031337714871319,-3.101090941214947,0.034943205409282044
4.134705348585968,-3.101090941214947,0.02692031727983682
4.238072982300618,-3.101090941214947,0.017668441426881377
4.341440616015267,-3.101090941214947,0.008638706492202502
4.444808249729916,-3.101090941214947,0.0011021437029313716
4.548175883444565,-3.101090941214947,-0.004067991392883361
4.651543517159214,-3.101090941214947,-0.006506914486458594
4.754911150873865,-3.101090941214947,-0.0063517456873657405
4.858278784588514,-3.101090941214947,-0.004135644603895635
4.961646418303163,-3.101090941214947,-0.0006204497111305623
5.065014052017812,-3.101090941214947,0.0033863428606783564
5.168381685732461,-3.101090941214947,0.0071881085128068555
5.27174931944711,-3.101090941214947,0.010299569207719546
5.3751169531617595,-3.101090941214947,0.012478914764679999
5.478484586876409,-3.101090941214947,0.013696819461965696
5.581852220591058,-3.101090941214947,0.014061803112508426
5.685219854305707,-3.101090941214947,0.013729774817060886
5.788587488020356,-3.101090941214947,0.012826951736232835
5.8919551217350055,-3.101090941214947,0.011409620962287155
5.995322755449654,-3.101090941214947,0.009472533047417164
6.098690389164305,-3.101090941214947,0.007002406781471614
6.202058022878954,-3.101090941214947,0.004057538390111181
6.305425656593603,-3.101090941214947,0.0008430077805183131
6.408793290308252,-3.101090941214947,-0.0022525482143929995
-6.408793290308252,-2.997721243174449,0.004176505317108555
-6.305425656593603,-2.997721243174449,0.00155424823440388
-6.202058022878954,-2.997721243174449,-0.00008327413492910412
-6.098690389164304,-2.997721243174449,0.000016770944648625447
-5.995322755449655,-2.997721243174449,0.0021964653657765903
-5.8919551217350055,-2.997721243174449,0.006141973285301924
-5.788587488020356,-2.997721243174449,0.010830649314663935
-5.685219854305708,-2.997721243174449,0.01472292195562425
-5.581852220591058,-2.997721243174449,0.016169798380111997
-5.478484586876409,-2.997721243174449,0.013926647050747061
-5.3751169531617595,-2.997721243174449,0.00761368324794601
-5.27174931944711,-2.997721243174449,-0.0020365371419324044
-5.168381685732461,-2.997721243174449,-0.013250087574547513
-5.065014052017812,-2.997721243174449,-0.02361216898629367
-4.961646418303163,-2.997721243174449,-0.030702394405722016
-4.858278784588514,-2.997721243174449,-0.03278735151029813
-4.754911150873865,-2.997721243174449,-0.02936195271159281
-4.651543517159215,-2.997721243174449,-0.021365002990416798
-4.548175883444566,-2.997721243174449,-0.010985634571718184
-4.444808249729917,-2.997721243174449,-0.0010990980403677109
-4.341440616015267,-2.997721243174449,0.005514818885438585
-4.238072982300618,-2.997721243174449,0.006946452319872069
-4.134705348585968,-2.997721243174449,0.002696163510431146
-4.031337714871319,-2.997721243174449,-0.006181742263920663
-3.9279700811566705,-2.997721243174449,-0.01737517460583999
-3.8246024474420213,-2.997721243174449,-0.0279629780396992
-3.7212348137273725,-2.997721243174449,-0.035223598793395115
-3.6178671800127233,-2.997721243174449,-0.03736532561001133
-3.514499546298074,-2.997721243174449,-0.03396737320825381
-3.411131912583425,-2.997721243174449,-0.026012874332891026
-3.3077642788687753,-2.997721243174449,-0.015521277074265599
-3.204396645154126,-2.997721243174449,-0.004908513154298538
-3.101029011439477,-2.997721243174449,0.003719229444163345
-2.9976613777248278,-2.997721243174449,0.009121551055471126
-2.8942937440101786,-2.997721243174449,0.011170593117106243
-2.790926110295529,-2.997721243174449,0.010734637652047628
-2.6875584765808798,-2.997721243174449,0.00926242082390839
-2.5841908428662306,-2.997721243174449,0.008223897674462844
-2.4808232091515814,-2.997721243174449,0.008600417241150753
-2.3774555754369326,-2.997721243174449,0.010589802924553112
-2.2740879417222835,-2.997721243174449,0.013611203101733893
-2.1707203080076334,-2.997721243174449,0.0165894693161201
-2.067352674292984,-2.997721243174449,0.018405096920815038
-1.9639850405783352,-2.997721243174449,0.01834432328914323
-1.8606174068636863,-2.997721243174449,0.01639057184597383
-1.757249773149037,-2.997721243174449,0.013258809387306385
-1.6538821394343879,-2.997721243174449,0.01016630031913453
-1.550514505719738,-2.997721243174449,0.008424455837674944
-1.447146872005089,-2.997721243174449,0.008995946797319809
-1.3437792382904399,-2.997721243174449,0.012169630275958182
-1.2404116045757907,-2.997721243174449,0.017461746466570064
-1.1370439708611417,-2.997721243174449,0.02377184604637473
-1.0336763371464925,-2.997721243174449,0.029734408832366128
-0.9303087034318435,-2.997721243174449,0.03414231995114899
-0.8269410697171936,-2.997721243174449,0.036297895235038256
-0.7235734360025445,-2.997721243174449,0.03617680884266323
-0.6202058022878953,-2.997721243174449,0.03435847672140028
-0.5168381685732463,-2.997721243174449,0.031758594545250804
-0.4134705348585972,-2.997721243174449,0.02926681621562903
-0.31010290114394806,-2.997721243174449,0.027422027308465838
-0.2067352674292982,-2.997721243174449,0.026240007658888547
-0.1033676337146491,-2.997721243174449,0.025250757413930864
0.,-2.997721243174449,0.023726356928177993
0.1033676337146491,-2.997721243174449,0.021012065973006838
0.2067352674292982,-2.997721243174449,0.016837174086328253
0.31010290114394734,-2.997721243174449,0.01149005555544601
0.4134705348585964,-2.997721243174449,0.0057905445384144804
0.5168381685732455,-2.997721243174449,0.0008645985864842582
0.6202058022878947,-2.997721243174449,-0.002204054389765581
0.7235734360025438,-2.997721243174449,-0.0027271872371841957
0.8269410697171944,-2.997721243174449,-0.0006498095100504153
0.9303087034318435,-2.997721243174449,0.003409057693808767
1.0336763371464925,-2.997721243174449,0.008327497030659367
1.1370439708611417,-2.997721243174449,0.012807763329083512
1.2404116045757907,-2.997721243174449,0.015752302500853632
1.3437792382904399,-2.997721243174449,0.0165673809670562
1.447146872005089,-2.997721243174449,0.015299431974524165
1.550514505719738,-2.997721243174449,0.012566565230623885
1.6538821394343872,-2.997721243174449,0.009315825073509552
1.7572497731490362,-2.997721243174449,0.006492558171712765
1.8606174068636854,-2.997721243174449,0.004733417762307152
1.9639850405783346,-2.997721243174449,0.004181805698544978
2.0673526742929837,-2.997721243174449,0.004479710369397561
2.1707203080076343,-2.997721243174449,0.004929309107855506
2.2740879417222835,-2.997721243174449,0.004762331880804323
2.3774555754369326,-2.997721243174449,0.00342324111473584
2.4808232091515814,-2.997721243174449,0.0007731429411801016
2.5841908428662306,-2.997721243174449,-0.0028472269945632126
2.6875584765808798,-2.997721243174449,-0.006707568717815258
2.790926110295529,-2.997721243174449,-0.009893455773775046
2.894293744010178,-2.997721243174449,-0.011556106562103716
2.997661377724827,-2.997721243174449,-0.011128392126325555
3.101029011439476,-2.997721243174449,-0.008448234110603558
3.2043966451541253,-2.997721243174449,-0.0037669357455093343
3.3077642788687744,-2.997721243174449,0.0023409006319094873
3.411131912583425,-2.997721243174449,0.009121454124873361
3.514499546298074,-2.997721243174449,0.01578752888417149
3.6178671800127233,-2.997721243174449,0.021626370545067695
3.7212348137273725,-2.997721243174449,0.02605490051707957
3.8246024474420213,-2.997721243174449,0.0286339940646332
3.9279700811566705,-2.997721243174449,0.029069292255699337
4.031337714871319,-2.997721243174449,0.02722542554191549
4.134705348585968,-2.997721243174449,0.02316472049804686
4.238072982300618,-2.997721243174449,0.017198470526864632
4.341440616015267,-2.997721243174449,0.009919965710775679
4.444808249729916,-2.997721243174449,0.0021834746914304298
4.548175883444565,-2.997721243174449,-0.004993704483411377
4.651543517159214,-2.997721243174449,-0.010601805470895221
4.754911150873865,-2.997721243174449,-0.013846167275697024
4.858278784588514,-2.997721243174449,-0.014333752967510303
4.961646418303163,-2.997721243174449,-0.01217734107398274
5.065014052017812,-2.997721243174449,-0.007975774971345167
5.168381685732461,-2.997721243174449,-0.002666002115349196
5.27174931944711,-2.997721243174449,0.002714846557244311
5.3751169531617595,-2.997721243174449,0.007286875106238291
5.478484586876409,-2.997721243174449,0.010524636918430384
5.581852220591058,-2.997721243174449,0.01233300817431392
5.685219854305707,-2.997721243174449,0.012981656627020218
5.788587488020356,-2.997721243174449,0.012927617120054349
5.8919551217350055,-2.997721243174449,0.012595643315960357
5.995322755449654,-2.997721243174449,0.012201431748961643
6.098690389164305,-2.997721243174449,0.01168668175084291
6.202058022878954,-2.997721243174449,0.010791929295382214
6.305425656593603,-2.997721243174449,0.00923820252939906
6.408793290308252,-2.997721243174449,0.006942123138817886
-6.408793290308252,-2.8943515451339508,0.01612382849758573
-6.305425656593603,-2.8943515451339508,0.010628069471590153
-6.202058022878954,-2.8943515451339508,0.00519621720244234
-6.098690389164304,-2.8943515451339508,0.0014918605075576455
-5.995322755449655,-2.8943515451339508,0.0007254921637756477
-5.8919551217350055,-2.8943515451339508,0.003159537170118352
-5.788587488020356,-2.8943515451339508,0.007903481591952784
-5.685219854305708,-2.8943515451339508,0.013099077434133544
-5.581852220591058,-2.8943515451339508,0.016463667391260338
-5.478484586876409,-2.8943515451339508,0.016030957289458175
-5.3751169531617595,-2.8943515451339508,0.010848650750568558
-5.27174931944711,-2.8943515451339508,0.001391648718108488
-5.168381685732461,-2.8943515451339508,-0.010467993985977062
-5.065014052017812,-2.8943515451339508,-0.021952189476051306
-4.961646418303163,-2.8943515451339508,-0.03019320795369302
-4.858278784588514,-2.8943515451339508,-0.03312498268035749
-4.754911150873865,-2.8943515451339508,-0.03016361061197481
-4.651543517159215,-2.8943515451339508,-0.022449564320874735
-4.548175883444566,-2.8943515451339508,-0.01255915027753349
-4.444808249729917,-2.8943515451339508,-0.0037615541158065
-4.341440616015267,-2.8943515451339508,0.0009547447989353828
-4.238072982300618,-2.8943515451339508,-0.00021475463053650067
-4.134705348585968,-2.8943515451339508,-0.00733927242631379
-4.031337714871319,-2.8943515451339508,-0.018724902121249103
-3.9279700811566705,-2.8943515451339508,-0.03141633177663269
-3.8246024474420213,-2.8943515451339508,-0.04206761746788454
-3.7212348137273725,-2.8943515451339508,-0.04790790429414042
-3.6178671800127233,-2.8943515451339508,-0.047503911529690766
-3.514499546298074,-2.8943515451339508,-0.04109303781123336
-3.411131912583425,-2.8943515451339508,-0.03040385662755031
-3.3077642788687753,-2.8943515451339508,-0.018046240019389308
-3.204396645154126,-2.8943515451339508,-0.006686446261349175
-3.101029011439477,-2.8943515451339508,0.0017197519337618645
-2.9976613777248278,-2.8943515451339508,0.006397217736464285
-2.8942937440101786,-2.8943515451339508,0.007798117219305649
-2.790926110295529,-2.8943515451339508,0.007247357487072873
-2.6875584765808798,-2.8943515451339508,0.006343231963482314
-2.5841908428662306,-2.8943515451339508,0.006343641215161874
-2.4808232091515814,-2.8943515451339508,0.0077585316447783504
-2.3774555754369326,-2.8943515451339508,0.010282048207948386
-2.2740879417222835,-2.8943515451339508,0.013066464601551064
-2.1707203080076334,-2.8943515451339508,0.015212198699666524
-2.067352674292984,-2.8943515451339508,0.01626986227093238
-1.9639850405783352,-2.8943515451339508,0.01654873577472545
-1.8606174068636863,-2.8943515451339508,0.01710092616231306
-1.757249773149037,-2.8943515451339508,0.019374008795513886
-1.6538821394343879,-2.8943515451339508,0.024652104546278204
-1.550514505719738,-2.8943515451339508,0.03348981954205206
-1.447146872005089,-2.8943515451339508,0.04535425316904479
-1.3437792382904399,-2.8943515451339508,0.05862261931793286
-1.2404116045757907,-2.8943515451339508,0.07096019568384158
-1.1370439708611417,-2.8943515451339508,0.0799684296298313
-1.0336763371464925,-2.8943515451339508,0.08389387136069658
-0.9303087034318435,-2.8943515451339508,0.0821607872891903
-0.8269410697171936,-2.8943515451339508,0.07554466381065132
-0.7235734360025445,-2.8943515451339508,0.0659224630601663
-0.6202058022878953,-2.8943515451339508,0.05567794644530833
-0.5168381685732463,-2.8943515451339508,0.04695756181627352
-0.4134705348585972,-2.8943515451339508,0.04102368256620954
-0.31010290114394806,-2.8943515451339508,0.03791937389784028
-0.2067352674292982,-2.8943515451339508,0.03655321754723718
-0.1033676337146491,-2.8943515451339508,0.03517009728358667
0.,-2.8943515451339508,0.032043016219388744
0.1033676337146491,-2.8943515451339508,0.026146682528836212
0.2067352674292982,-2.8943515451339508,0.017581006539570464
0.31010290114394734,-2.8943515451339508,0.0075989750187821295
0.4134705348585964,-2.8943515451339508,-0.001771194312383085
0.5168381685732455,-2.8943515451339508,-0.008381577658223666
0.6202058022878947,-2.8943515451339508,-0.010675889325989002
0.7235734360025438,-2.8943515451339508,-0.00821680942050814
0.8269410697171944,-2.8943515451339508,-0.0018527237921268113
0.9303087034318435,-2.8943515451339508,0.006530497144349908
1.0336763371464925,-2.8943515451339508,0.01458799274848581
1.1370439708611417,-2.8943515451339508,0.02023128682253065
1.2404116045757907,-2.8943515451339508,0.022244993489619218
1.3437792382904399,-2.8943515451339508,0.020606701398994218
1.447146872005089,-2.8943515451339508,0.016414625571849764
1.550514505719738,-2.8943515451339508,0.011459653799619956
1.6538821394343872,-2.8943515451339508,0.0075945988965535356
1.7572497731490362,-2.8943515451339508,0.006115153582726193
1.8606174068636854,-2.8943515451339508,0.007355114360049789
1.9639850405783346,-2.8943515451339508,0.010619320546766719
2.0673526742929837,-2.8943515451339508,0.014460497344162217
2.1707203080076343,-2.8943515451339508,0.017191847756637145
2.2740879417222835,-2.8943515451339508,0.017454385088455048
2.3774555754369326,-2.8943515451339508,0.014649549476481425
2.4808232091515814,-2.8943515451339508,0.009103500750463806
2.5841908428662306,-2.8943515451339508,0.0019273776037972486
2.6875584765808798,-2.8943515451339508,-0.0053580505647720855
2.790926110295529,-2.8943515451339508,-0.011290867341024073
2.894293744010178,-2.8943515451339508,-0.014867270654520811
2.997661377724827,-2.8943515451339508,-0.015747329101798487
3.101029011439476,-2.8943515451339508,-0.014221996437759631
3.2043966451541253,-2.8943515451339508,-0.01098530704295353
3.3077642788687744,-2.8943515451339508,-0.006821908713482016
3.411131912583425,-2.8943515451339508,-0.002340276675933616
3.514499546298074,-2.8943515451339508,0.002148978755192676
3.6178671800127233,-2.8943515451339508,0.0065780869304581865
3.7212348137273725,-2.8943515451339508,0.010935671323927735
3.8246024474420213,-2.8943515451339508,0.015049786617698157
3.9279700811566705,-2.8943515451339508,0.01845401884900704
4.031337714871319,-2.8943515451339508,0.020415290857858634
4.134705348585968,-2.8943515451339508,0.020133346642988277
4.238072982300618,-2.8943515451339508,0.017046586371625407
4.341440616015267,-2.8943515451339508,0.011126956557326258
4.444808249729916,-2.8943515451339508,0.0030393535754926902
4.548175883444565,-2.8943515451339508,-0.005917003995786626
4.651543517159214,-2.8943515451339508,-0.014090874846424281
4.754911150873865,-2.8943515451339508,-0.01990690783917357
4.858278784588514,-2.8943515451339508,-0.022302160408528622
4.961646418303163,-2.8943515451339508,-0.02102318749614769
5.065014052017812,-2.8943515451339508,-0.016678469991826903
5.168381685732461,-2.8943515451339508,-0.01052359958871343
5.27174931944711,-2.8943515451339508,-0.004049960460633431
5.3751169531617595,-2.8943515451339508,0.0014822577425208652
5.478484586876409,-2.8943515451339508,0.00540523344081635
5.581852220591058,-2.8943515451339508,0.007774859140249458
5.685219854305707,-2.8943515451339508,0.009231338555800338
5.788587488020356,-2.8943515451339508,0.01064727255207664
5.8919551217350055,-2.8943515451339508,0.01270053312668139
5.995322755449654,-2.8943515451339508,0.015538554087807703
6.098690389164305,-2.8943515451339508,0.018668218990326814
6.202058022878954,-2.8943515451339508,0.02112173604415184
6.305425656593603,-2.8943515451339508,0.021843457773620418
6.408793290308252,-2.8943515451339508,0.0201541508327328
-6.408793290308252,-2.7909818470934527,0.027264498050320808
-6.305425656593603,-2.7909818470934527,0.01832883274358541
-6.202058022878954,-2.7909818470934527,0.008597771909245645
-6.098690389164304,-2.7909818470934527,0.0007411076566404296
-5.995322755449655,-2.7909818470934527,-0.0031135517980287494
-5.8919551217350055,-2.7909818470934527,-0.0021290936533015143
-5.788587488020356,-2.7909818470934527,0.002893996126165773
-5.685219854305708,-2.7909818470934527,0.00971364709462611
-5.581852220591058,-2.7909818470934527,0.015344216756007693
-5.478484586876409,-2.7909818470934527,0.017039458367982836
-5.3751169531617595,-2.7909818470934527,0.013236307298752425
-5.27174931944711,-2.7909818470934527,0.004136566605778241
-5.168381685732461,-2.7909818470934527,-0.008284020405267826
-5.065014052017812,-2.7909818470934527,-0.02086183423189095
-4.961646418303163,-2.7909818470934527,-0.03024813109433849
-4.858278784588514,-2.7909818470934527,-0.03400456107187922
-4.754911150873865,-2.7909818470934527,-0.03142839780808437
-4.651543517159215,-2.7909818470934527,-0.023827014941330476
-4.548175883444566,-2.7909818470934527,-0.014139539650227795
-4.444808249729917,-2.7909818470934527,-0.0060189050270455895
-4.341440616015267,-2.7909818470934527,-0.0026675625660294894
-4.238072982300618,-2.7909818470934527,-0.005804017483000012
-4.134705348585968,-2.7909818470934527,-0.015096332786307601
-4.031337714871319,-2.7909818470934527,-0.028246125824055838
-3.9279700811566705,-2.7909818470934527,-0.041693388159057126
-3.8246024474420213,-2.7909818470934527,-0.05171016300973208
-3.7212348137273725,-2.7909818470934527,-0.05552730831858197
-3.6178671800127233,-2.7909818470934527,-0.05213400063005402
-3.514499546298074,-2.7909818470934527,-0.04250443468619313
-3.411131912583425,-2.7909818470934527,-0.02920007812562834
-3.3077642788687753,-2.7909818470934527,-0.015502225223060093
-3.204396645154126,-2.7909818470934527,-0.004378499419785393
-3.101029011439477,-2.7909818470934527,0.0023708927998707576
-2.9976613777248278,-2.7909818470934527,0.004517832230353393
-2.8942937440101786,-2.7909818470934527,0.0032584898647030204
-2.790926110295529,-2.7909818470934527,0.0006054239689827169
-2.6875584765808798,-2.7909818470934527,-0.0014314951069975953
-2.5841908428662306,-2.7909818470934527,-0.0015631868349339874
-2.4808232091515814,-2.7909818470934527,0.00042298676307515117
-2.3774555754369326,-2.7909818470934527,0.003786999904582316
-2.2740879417222835,-2.7909818470934527,0.007371306423744418
-2.1707203080076334,-2.7909818470934527,0.010321122015506048
-2.067352674292984,-2.7909818470934527,0.012689987574251908
-1.9639850405783352,-2.7909818470934527,0.015668971924982428
-1.8606174068636863,-2.7909818470934527,0.02131513633277873
-1.757249773149037,-2.7909818470934527,0.031842630482563916
-1.6538821394343879,-2.7909818470934527,0.0487107106405121
-1.550514505719738,-2.7909818470934527,0.0718347490665061
-1.447146872005089,-2.7909818470934527,0.09922375644968841
-1.3437792382904399,-2.7909818470934527,0.12721577887340696
-1.2404116045757907,-2.7909818470934527,0.15128422622523938
-1.1370439708611417,-2.7909818470934527,0.16719124226519236
-1.0336763371464925,-2.7909818470934527,0.17213693015657686
-0.9303087034318435,-2.7909818470934527,0.16554096870552834
-0.8269410697171936,-2.7909818470934527,0.14920238988602413
-0.7235734360025445,-2.7909818470934527,0.1267790493949578
-0.6202058022878953,-2.7909818470934527,0.10274581369971095
-0.5168381685732463,-2.7909818470934527,0.08115708365935753
-0.4134705348585972,-2.7909818470934527,0.06459924476068422
-0.31010290114394806,-2.7909818470934527,0.05365211185048907
-0.2067352674292982,-2.7909818470934527,0.04700813352451805
-0.1033676337146491,-2.7909818470934527,0.04218150168612714
0.,-2.7909818470934527,0.03654896026558459
0.1033676337146491,-2.7909818470934527,0.02836306708220989
0.2067352674292982,-2.7909818470934527,0.017399203308419264
0.31010290114394734,-2.7909818470934527,0.005030666530366936
0.4134705348585964,-2.7909818470934527,-0.006275101674266241
0.5168381685732455,-2.7909818470934527,-0.013849893064175585
0.6202058022878947,-2.7909818470934527,-0.01579083644623577
0.7235734360025438,-2.7909818470934527,-0.01166493049992922
0.8269410697171944,-2.7909818470934527,-0.002713926714718401
0.9303087034318435,-2.7909818470934527,0.008503835190805395
1.0336763371464925,-2.7909818470934527,0.018905934180446646
1.1370439708611417,-2.7909818470934527,0.025840059427923407
1.2404116045757907,-2.7909818470934527,0.02787907005862458
1.3437792382904399,-2.7909818470934527,0.025197608581997735
1.447146872005089,-2.7909818470934527,0.019418280578055825
1.550514505719738,-2.7909818470934527,0.012996127219033093
1.6538821394343872,-2.7909818470934527,0.00836188227383976
1.7572497731490362,-2.7909818470934527,0.007116729243812102
1.8606174068636854,-2.7909818470934527,0.009542140578810176
1.9639850405783346,-2.7909818470934527,0.0145714884944751
2.0673526742929837,-2.7909818470934527,0.020208687754715387
2.1707203080076343,-2.7909818470934527,0.024230118972662095
2.2740879417222835,-2.7909818470934527,0.024919985636354364
2.3774555754369326,-2.7909818470934527,0.021592805284304618
2.4808232091515814,-2.7909818470934527,0.014744413683462266
2.5841908428662306,-2.7909818470934527,0.005810036291793448
2.6875584765808798,-2.7909818470934527,-0.003355833154809449
2.790926110295529,-2.7909818470934527,-0.011075704369295251
2.894293744010178,-2.7909818470934527,-0.016309419898989253
2.997661377724827,-2.7909818470934527,-0.018833079681804695
3.101029011439476,-2.7909818470934527,-0.019106155781519064
3.2043966451541253,-2.7909818470934527,-0.017915156327741218
3.3077642788687744,-2.7909818470934527,-0.01596034987880165
3.411131912583425,-2.7909818470934527,-0.013561965131779529
3.514499546298074,-2.7909818470934527,-0.01060275219796119
3.6178671800127233,-2.7909818470934527,-0.006719912389325478
3.7212348137273725,-2.7909818470934527,-0.0016526105253088
3.8246024474420213,-2.7909818470934527,0.004416477613341063
3.9279700811566705,-2.7909818470934527,0.01068926632538077
4.031337714871319,-2.7909818470934527,0.015848959900555012
4.134705348585968,-2.7909818470934527,0.018417259878214336
4.238072982300618,-2.7909818470934527,0.01725577422070018
4.341440616015267,-2.7909818470934527,0.012028166340222034
4.444808249729916,-2.7909818470934527,0.003440812764457481
4.548175883444565,-2.7909818470934527,-0.006848764733974908
4.651543517159214,-2.7909818470934527,-0.016649383631150653
4.754911150873865,-2.7909818470934527,-0.023853248077050044
4.858278784588514,-2.7909818470934527,-0.02704797285143022
4.961646418303163,-2.7909818470934527,-0.025912998842189925
5.065014052017812,-2.7909818470934527,-0.021260458801055707
5.168381685732461,-2.7909818470934527,-0.014704017773296274
5.27174931944711,-2.7909818470934527,-0.008071613281149933
5.3751169531617595,-2.7909818470934527,-0.002771119031893404
5.478484586876409,-2.7909818470934527,0.0006631997959008501
5.581852220591058,-2.7909818470934527,0.002679524174308576
5.685219854305707,-2.7909818470934527,0.004433850667375022
5.788587488020356,-2.7909818470934527,0.007234971458481872
5.8919551217350055,-2.7909818470934527,0.011918976452777843
5.995322755449654,-2.7909818470934527,0.01839485983570609
6.098690389164305,-2.7909818470934527,0.025545643443803587
6.202058022878954,-2.7909818470934527,0.03154187019090394
6.305425656593603,-2.7909818470934527,0.03447107429833862
6.408793290308252,-2.7909818470934527,0.03306330718955472
-6.408793290308252,-2.6876121490529545,0.03376862948973366
-6.305425656593603,-2.6876121490529545,0.02186197023969184
-6.202058022878954,-2.6876121490529545,0.008517576584903515
-6.098690389164304,-2.6876121490529545,-0.002760769394259798
-5.995322755449655,-2.6876121490529545,-0.009086528214557618
-5.8919551217350055,-2.6876121490529545,-0.009146958200928063
-5.788587488020356,-2.6876121490529545,-0.003668738383534063
-5.685219854305708,-2.6876121490529545,0.004783486154292949
-5.581852220591058,-2.6876121490529545,0.012628356828513434
-5.478484586876409,-2.6876121490529545,0.01644793514188136
-5.3751169531617595,-2.6876121490529545,0.01413627658566272
-5.27174931944711,-2.6876121490529545,0.005627409124300291
-5.168381685732461,-2.6876121490529545,-0.007051549373668076
-5.065014052017812,-2.6876121490529545,-0.020431912278985106
-4.961646418303163,-2.6876121490529545,-0.030750578831115313
-4.858278784588514,-2.6876121490529545,-0.03521236101372276
-4.754911150873865,-2.6876121490529545,-0.0329425997335273
-4.651543517159215,-2.6876121490529545,-0.025304691562794513
-4.548175883444566,-2.6876121490529545,-0.015468302697747937
-4.444808249729917,-2.6876121490529545,-0.00736598345464677
-4.341440616015267,-2.6876121490529545,-0.004383151010856684
-4.238072982300618,-2.6876121490529545,-0.00821816786093289
-4.134705348585968,-2.6876121490529545,-0.018293759278328426
-4.031337714871319,-2.6876121490529545,-0.03191670122179226
-3.9279700811566705,-2.6876121490529545,-0.04513202787148069
-3.8246024474420213,-2.6876121490529545,-0.053986132907857046
-3.7212348137273725,-2.6876121490529545,-0.05577876025478865
-3.6178671800127233,-2.6876121490529545,-0.049892177015620286
-3.514499546298074,-2.6876121490529545,-0.03793297594424095
-3.411131912583425,-2.6876121490529545,-0.023156581337052822
-3.3077642788687753,-2.6876121490529545,-0.009385541792272424
-3.204396645154126,-2.6876121490529545,0.0002025903578724068
-3.101029011439477,-2.6876121490529545,0.0040092210341344135
-2.9976613777248278,-2.6876121490529545,0.0023705740304823322
-2.8942937440101786,-2.6876121490529545,-0.002754269409238853
-2.790926110295529,-2.6876121490529545,-0.008615998928074563
-2.6875584765808798,-2.6876121490529545,-0.012701456414545637
-2.5841908428662306,-2.6876121490529545,-0.013567340126670309
-2.4808232091515814,-2.6876121490529545,-0.011175882225806791
-2.3774555754369326,-2.6876121490529545,-0.006619202089580789
-2.2740879417222835,-2.6876121490529545,-0.0013528255194250078
-2.1707203080076334,-2.6876121490529545,0.0037501248519514123
-2.067352674292984,-2.6876121490529545,0.009134269260274691
-1.9639850405783352,-2.6876121490529545,0.01676195744021731
-1.8606174068636863,-2.6876121490529545,0.02964094728275572
-1.757249773149037,-2.6876121490529545,0.050789360104838026
-1.6538821394343879,-2.6876121490529545,0.08196608245093873
-1.550514505719738,-2.6876121490529545,0.12260672211120195
-1.447146872005089,-2.6876121490529545,0.16936733103185775
-1.3437792382904399,-2.6876121490529545,0.21649831992591165
-1.2404116045757907,-2.6876121490529545,0.25700646453853365
-1.1370439708611417,-2.6876121490529545,0.28430110574325085
-1.0336763371464925,-2.6876121490529545,0.29384983836112266
-0.9303087034318435,-2.6876121490529545,0.2843481934284872
-0.8269410697171936,-2.6876121490529545,0.25804655692280754
-0.7235734360025445,-2.6876121490529545,0.220132268139392
-0.6202058022878953,-2.6876121490529545,0.17735325385633918
-0.5168381685732463,-2.6876121490529545,0.13629820834901263
-0.4134705348585972,-2.6876121490529545,0.10184371646960236
-0.31010290114394806,-2.6876121490529545,0.07621163499286879
-0.2067352674292982,-2.6876121490529545,0.05887490769744361
-0.1033676337146491,-2.6876121490529545,0.04727607073007376
0.,-2.6876121490529545,0.038070484250444854
0.1033676337146491,-2.6876121490529545,0.028457056954312394
0.2067352674292982,-2.6876121490529545,0.017158119914651427
0.31010290114394734,-2.6876121490529545,0.004752097831435715
0.4134705348585964,-2.6876121490529545,-0.006704645011818739
0.5168381685732455,-2.6876121490529545,-0.014587806015054928
0.6202058022878947,-2.6876121490529545,-0.016796957070024546
0.7235734360025438,-2.6876121490529545,-0.0126341649020409
0.8269410697171944,-2.6876121490529545,-0.0031656338017508603
0.9303087034318435,-2.6876121490529545,0.009046359144500382
1.0336763371464925,-2.6876121490529545,0.02073201257800324
1.1370439708611417,-2.6876121490529545,0.028937917964551686
1.2404116045757907,-2.6876121490529545,0.031929823962017684
1.3437792382904399,-2.6876121490529545,0.02967131156995425
1.447146872005089,-2.6876121490529545,0.02373087195659628
1.550514505719738,-2.6876121490529545,0.01666984002507578
1.6538821394343872,-2.6876121490529545,0.011137637785401808
1.7572497731490362,-2.6876121490529545,0.008990000259139179
1.8606174068636854,-2.6876121490529545,0.01072310940179084
1.9639850405783346,-2.6876121490529545,0.015394577659431825
2.0673526742929837,-2.6876121490529545,0.02102769718429101
2.1707203080076343,-2.6876121490529545,0.025331326154167184
2.2740879417222835,-2.6876121490529545,0.026470812977014667
2.3774555754369326,-2.6876121490529545,0.023625939129336367
2.4808232091515814,-2.6876121490529545,0.01716461168416365
2.5841908428662306,-2.6876121490529545,0.008408076631263781
2.6875584765808798,-2.6876121490529545,-0.0008907735569181036
2.790926110295529,-2.6876121490529545,-0.00914235302941329
2.894293744010178,-2.6876121490529545,-0.01536717387568985
2.997661377724827,-2.6876121490529545,-0.019347876538875694
3.101029011439476,-2.6876121490529545,-0.02146513638468712
3.2043966451541253,-2.6876121490529545,-0.022321959503889724
3.3077642788687744,-2.6876121490529545,-0.022339107859521916
3.411131912583425,-2.6876121490529545,-0.02150625040938741
3.514499546298074,-2.6876121490529545,-0.019400198292730892
3.6178671800127233,-2.6876121490529545,-0.015463541810597422
3.7212348137273725,-2.6876121490529545,-0.00942158810765998
3.8246024474420213,-2.6876121490529545,-0.0016489918412125404
3.9279700811566705,-2.6876121490529545,0.006692734522221476
4.031337714871319,-2.6876121490529545,0.013841677892695638
4.134705348585968,-2.6876121490529545,0.017913776231621294
4.238072982300618,-2.6876121490529545,0.017519201776353275
4.341440616015267,-2.6876121490529545,0.012295030968144249
4.444808249729916,-2.6876121490529545,0.003146217752431037
4.548175883444565,-2.6876121490529545,-0.007918885663138234
4.651543517159214,-2.6876121490529545,-0.018329867172785605
4.754911150873865,-2.6876121490529545,-0.02570489379241898
4.858278784588514,-2.6876121490529545,-0.02855952152787833
4.961646418303163,-2.6876121490529545,-0.026727491325315253
5.065014052017812,-2.6876121490529545,-0.021342173800689892
5.168381685732461,-2.6876121490529545,-0.014380302122778634
5.27174931944711,-2.6876121490529545,-0.007926584436685816
5.3751169531617595,-2.6876121490529545,-0.0034214687232339393
5.478484586876409,-2.6876121490529545,-0.0011653220256426645
5.581852220591058,-2.6876121490529545,-0.00026390865105797834
5.685219854305707,-2.6876121490529545,0.0009582758716007906
5.788587488020356,-2.6876121490529545,0.004222762421121281
5.8919551217350055,-2.6876121490529545,0.01051002710498919
5.995322755449654,-2.6876121490529545,0.01951958490188248
6.098690389164305,-2.6876121490529545,0.02959642218280872
6.202058022878954,-2.6876121490529545,0.038179724555184175
6.305425656593603,-2.6876121490529545,0.042639700500719545
6.408793290308252,-2.6876121490529545,0.04121912942018947
-6.408793290308252,-2.5842424510124564,0.03312285751867387
-6.305425656593603,-2.5842424510124564,0.01960053016758532
-6.202058022878954,-2.5842424510124564,0.004260927378540575
-6.098690389164304,-2.5842424510124564,-0.00893598978412233
-5.995322755449655,-2.5842424510124564,-0.01663965085677897
-5.8919551217350055,-2.5842424510124564,-0.01719935611839927
-5.788587488020356,-2.5842424510124564,-0.011226052495791592
-5.685219854305708,-2.5842424510124564,-0.0014202615658264876
-5.581852220591058,-2.5842424510124564,0.008294332781370753
-5.478484586876409,-2.5842424510124564,0.014055004450808057
-5.3751169531617595,-2.5842424510124564,0.0133375951659336
-5.27174931944711,-2.5842424510124564,0.0057980246488432766
-5.168381685732461,-2.5842424510124564,-0.006610559607696023
-5.065014052017812,-2.5842424510124564,-0.02029131564117038
-4.961646418303163,-2.5842424510124564,-0.031213217963456157
-4.858278784588514,-2.5842424510124564,-0.03627098334407565
-4.754911150873865,-2.5842424510124564,-0.034335412504171554
-4.651543517159215,-2.5842424510124564,-0.026636206204907583
-4.548175883444566,-2.5842424510124564,-0.016344317637813556
-4.444808249729917,-2.5842424510124564,-0.007492728730683503
-4.341440616015267,-2.5842424510124564,-0.0036003709457098024
-4.238072982300618,-2.5842424510124564,-0.006466129819212935
-4.134705348585968,-2.5842424510124564,-0.015542925432838407
-4.031337714871319,-2.5842424510124564,-0.0281047753213981
-3.9279700811566705,-2.5842424510124564,-0.04014982848163204
-3.8246024474420213,-2.5842424510124564,-0.0477321528544211
-3.7212348137273725,-2.5842424510124564,-0.04827045703128025
-3.6178671800127233,-2.5842424510124564,-0.041392459545492734
-3.514499546298074,-2.5842424510124564,-0.02903524139225955
-3.411131912583425,-2.5842424510124564,-0.014778337529793968
-3.3077642788687753,-2.5842424510124564,-0.0026484822728105517
-3.204396645154126,-2.5842424510124564,0.004188074796795493
-3.101029011439477,-2.5842424510124564,0.00439900209971298
-2.9976613777248278,-2.5842424510124564,-0.0011962219404278865
-2.8942937440101786,-2.5842424510124564,-0.010048508140062418
-2.790926110295529,-2.5842424510124564,-0.018861861030256482
-2.6875584765808798,-2.5842424510124564,-0.024759232312758575
-2.5841908428662306,-2.5842424510124564,-0.02619338324496478
-2.4808232091515814,-2.5842424510124564,-0.023263250125172462
-2.3774555754369326,-2.5842424510124564,-0.017320270276172268
-2.2740879417222835,-2.5842424510124564,-0.010019243151446339
-2.1707203080076334,-2.5842424510124564,-0.002187691592221921
-2.067352674292984,-2.5842424510124564,0.007024317148614703
-1.9639850405783352,-2.5842424510124564,0.02033109826564659
-1.8606174068636863,-2.5842424510124564,0.041676010857712845
-1.757249773149037,-2.5842424510124564,0.07490907075243042
-1.6538821394343879,-2.5842424510124564,0.12217638063269337
-1.550514505719738,-2.5842424510124564,0.1825598460420386
-1.447146872005089,-2.5842424510124564,0.2514676832060436
-1.3437792382904399,-2.5842424510124564,0.32106630329362007
-1.2404116045757907,-2.5842424510124564,0.3817262831592928
-1.1370439708611417,-2.5842424510124564,0.42413113672737074
-1.0336763371464925,-2.5842424510124564,0.44147355253740955
-0.9303087034318435,-2.5842424510124564,0.43111464334132255
-0.8269410697171936,-2.5842424510124564,0.3952263054469654
-0.7235734360025445,-2.5842424510124564,0.34023100715972404
-0.6202058022878953,-2.5842424510124564,0.27520479383535446
-0.5168381685732463,-2.5842424510124564,0.20970747733853942
-0.4134705348585972,-2.5842424510124564,0.15165633732476905
-0.31010290114394806,-2.5842424510124564,0.10582152402936637
-0.2067352674292982,-2.5842424510124564,0.07330964279396711
-0.1033676337146491,-2.5842424510124564,0.0520885422287123
0.,-2.5842424510124564,0.038293243363962254
0.1033676337146491,-2.5842424510124564,0.02783867099649531
0.2067352674292982,-2.5842424510124564,0.017812234274400457
0.31010290114394734,-2.5842424510124564,0.007236371740101739
0.4134705348585964,-2.5842424510124564,-0.0029694288241083272
0.5168381685732455,-2.5842424510124564,-0.01072082722668462
0.6202058022878947,-2.5842424510124564,-0.013867388955966259
0.7235734360025438,-2.5842424510124564,-0.011233988732608578
0.8269410697171944,-2.5842424510124564,-0.003234046497261638
0.9303087034318435,-2.5842424510124564,0.008140820199950214
1.0336763371464925,-2.5842424510124564,0.01991927378420365
1.1370439708611417,-2.5842424510124564,0.029097076252709263
1.2404116045757907,-2.5842424510124564,0.033583197892837195
1.3437792382904399,-2.5842424510124564,0.032814242393725476
1.447146872005089,-2.5842424510124564,0.027838341782203953
1.550514505719738,-2.5842424510124564,0.020863793823174118
1.6538821394343872,-2.5842424510124564,0.014452960392734769
1.7572497731490362,-2.5842424510124564,0.010654230131732717
1.8606174068636854,-2.5842424510124564,0.010368942189565673
1.9639850405783346,-2.5842424510124564,0.013150665517965747
2.0673526742929837,-2.5842424510124564,0.017471996354681416
2.1707203080076343,-2.5842424510124564,0.021329974068100853
2.2740879417222835,-2.5842424510124564,0.022953601301134743
2.3774555754369326,-2.5842424510124564,0.02136071344993027
2.4808232091515814,-2.5842424510124564,0.016586690165458256
2.5841908428662306,-2.5842424510124564,0.009541145695011029
2.6875584765808798,-2.5842424510124564,0.001588085406349453
2.790926110295529,-2.5842424510124564,-0.005961968984282255
2.894293744010178,-2.5842424510124564,-0.01224484040950416
2.997661377724827,-2.5842424510124564,-0.016982449860183917
3.101029011439476,-2.5842424510124564,-0.020346470539887945
3.2043966451541253,-2.5842424510124564,-0.022640567372632644
3.3077642788687744,-2.5842424510124564,-0.02396906628245581
3.411131912583425,-2.5842424510124564,-0.02406009235659207
3.514499546298074,-2.5842424510124564,-0.022339392873005817
3.6178671800127233,-2.5842424510124564,-0.01823692898588023
3.7212348137273725,-2.5842424510124564,-0.011598648090861457
3.8246024474420213,-2.5842424510124564,-0.0030161851948115647
3.9279700811566705,-2.5842424510124564,0.00609599393806419
4.031337714871319,-2.5842424510124564,0.013756709502156727
4.134705348585968,-2.5842424510124564,0.017957921279586286
4.238072982300618,-2.5842424510124564,0.01731799045807442
4.341440616015267,-2.5842424510124564,0.011614966191265745
4.444808249729916,-2.5842424510124564,0.00198931812578363
4.548175883444565,-2.5842424510124564,-0.009289431727835272
4.651543517159214,-2.5842424510124564,-0.019445657383071434
4.754911150873865,-2.5842424510124564,-0.02601918604547879
4.858278784588514,-2.5842424510124564,-0.027611959621506525
4.961646418303163,-2.5842424510124564,-0.024299306593674307
5.065014052017812,-2.5842424510124564,-0.017553530448510955
5.168381685732461,-2.5842424510124564,-0.009695434769318556
5.27174931944711,-2.5842424510124564,-0.003058225749922863
5.3751169531617595,-2.5842424510124564,0.0008434167378408602
5.478484586876409,-2.5842424510124564,0.001840001993329313
5.581852220591058,-2.5842424510124564,0.0011321898802837804
5.685219854305707,-2.5842424510124564,0.0007931724486476388
5.788587488020356,-2.5842424510124564,0.0029177010619633147
5.8919551217350055,-2.5842424510124564,0.008722314140497506
5.995322755449654,-2.5842424510124564,0.01793105068478403
6.098690389164305,-2.5842424510124564,0.028690613874410402
6.202058022878954,-2.5842424510124564,0.038076839265273284
6.305425656593603,-2.5842424510124564,0.04304257642169999
6.408793290308252,-2.5842424510124564,0.04149053293943601
-6.408793290308252,-2.480872752971958,0.024944211726578167
-6.305425656593603,-2.480872752971958,0.011634806331699731
-6.202058022878954,-2.480872752971958,-0.0036630650550231085
-6.098690389164304,-2.480872752971958,-0.016998605757091747
-5.995322755449655,-2.480872752971958,-0.024890555089316802
-5.8919551217350055,-2.480872752971958,-0.0254721088027781
-5.788587488020356,-2.480872752971958,-0.019137616554797093
-5.685219854305708,-2.480872752971958,-0.008457442299416527
-5.581852220591058,-2.480872752971958,0.0026290411887871772
-5.478484586876409,-2.480872752971958,0.010086509518756902
-5.3751169531617595,-2.480872752971958,0.011103666966986463
-5.27174931944711,-2.480872752971958,0.005018068224320144
-5.168381685732461,-2.480872752971958,-0.006468585389318441
-5.065014052017812,-2.480872752971958,-0.019862243321244942
-4.961646418303163,-2.480872752971958,-0.03104692763414979
-4.858278784588514,-2.480872752971958,-0.036661014734453816
-4.754911150873865,-2.480872752971958,-0.03521481091453673
-4.651543517159215,-2.480872752971958,-0.02757134573803504
-4.548175883444566,-2.480872752971958,-0.016628531590943286
-4.444808249729917,-2.480872752971958,-0.006313254635577271
-4.341440616015267,-2.480872752971958,-0.0002331257041334645
-4.238072982300618,-2.480872752971958,-0.0004483934928474494
-4.134705348585968,-2.480872752971958,-0.0067842849086764394
-4.031337714871319,-2.480872752971958,-0.01691701911564326
-3.9279700811566705,-2.480872752971958,-0.027199391390547657
-3.8246024474420213,-2.480872752971958,-0.03393666661429306
-3.7212348137273725,-2.480872752971958,-0.03466910440386763
-3.6178671800127233,-2.480872752971958,-0.029017453540511363
-3.514499546298074,-2.480872752971958,-0.01880215750009261
-3.411131912583425,-2.480872752971958,-0.00740179308958714
-3.3077642788687753,-2.480872752971958,0.00141790655237207
-3.204396645154126,-2.480872752971958,0.004789706352766977
-3.101029011439477,-2.480872752971958,0.001694335669690978
-2.9976613777248278,-2.480872752971958,-0.006752853252730632
-2.8942937440101786,-2.480872752971958,-0.01776368287096052
-2.790926110295529,-2.480872752971958,-0.027900885109226902
-2.6875584765808798,-2.480872752971958,-0.03427150632395117
-2.5841908428662306,-2.480872752971958,-0.03543364034226731
-2.4808232091515814,-2.480872752971958,-0.0316635830027118
-2.3774555754369326,-2.480872752971958,-0.024467793758924456
-2.2740879417222835,-2.480872752971958,-0.015512745102922897
-2.1707203080076334,-2.480872752971958,-0.005382638723633584
-2.067352674292984,-2.480872752971958,0.007327967857170994
-1.9639850405783352,-2.480872752971958,0.02616382664265231
-1.8606174068636863,-2.480872752971958,0.05602274705037927
-1.757249773149037,-2.480872752971958,0.10158214010127253
-1.6538821394343879,-2.480872752971958,0.16538652539556603
-1.550514505719738,-2.480872752971958,0.2462113053530978
-1.447146872005089,-2.480872752971958,0.3382889633272892
-1.3437792382904399,-2.480872752971958,0.43175813023053056
-1.2404116045757907,-2.480872752971958,0.5143388935160207
-1.1370439708611417,-2.480872752971958,0.5738598466017897
-1.0336763371464925,-2.480872752971958,0.6009840345047343
-0.9303087034318435,-2.480872752971958,0.5913930045865349
-0.8269410697171936,-2.480872752971958,0.5468220785614039
-0.7235734360025445,-2.480872752971958,0.4746571360724223
-0.6202058022878953,-2.480872752971958,0.3862071837053441
-0.5168381685732463,-2.480872752971958,0.29413439249729667
-0.4134705348585972,-2.480872752971958,0.20974327954901206
-0.31010290114394806,-2.480872752971958,0.14083999521315263
-0.2067352674292982,-2.480872752971958,0.09067470198409608
-0.1033676337146491,-2.480872752971958,0.05814233293016107
0.,-2.480872752971958,0.03904804666319463
0.1033676337146491,-2.480872752971958,0.027957119412781343
0.2067352674292982,-2.480872752971958,0.020027468455925217
0.31010290114394734,-2.480872752971958,0.012293129644370782
0.4134705348585964,-2.480872752971958,0.004093581311956114
0.5168381685732455,-2.480872752971958,-0.0033558666609986285
0.6202058022878947,-2.480872752971958,-0.007984231588674737
0.7235734360025438,-2.480872752971958,-0.008046541650268621
0.8269410697171944,-2.480872752971958,-0.0030327955683698725
0.9303087034318435,-2.480872752971958,0.005990982785522187
1.0336763371464925,-2.480872752971958,0.016679456468113908
1.1370439708611417,-2.480872752971958,0.026183359621386036
1.2404116045757907,-2.480872752971958,0.032089712338204006
1.3437792382904399,-2.480872752971958,0.0331795331539696
1.447146872005089,-2.480872752971958,0.029745696877819007
1.550514505719738,-2.480872752971958,0.023386579804872052
1.6538821394343872,-2.480872752971958,0.01638074356254455
1.7572497731490362,-2.480872752971958,0.010886548188586963
1.8606174068636854,-2.480872752971958,0.008253207053357093
1.9639850405783346,-2.480872752971958,0.008668324386084178
2.0673526742929837,-2.480872752971958,0.011230823608082667
2.1707203080076343,-2.480872752971958,0.014381490348444123
2.2740879417222835,-2.480872752971958,0.01650395009436614
2.3774555754369326,-2.480872752971958,0.016467184743540555
2.4808232091515814,-2.480872752971958,0.013925956031617271
2.5841908428662306,-2.480872752971958,0.00930431713056928
2.6875584765808798,-2.480872752971958,0.003514138151119719
2.790926110295529,-2.480872752971958,-0.0024442871154528164
2.894293744010178,-2.480872752971958,-0.007823469584512964
2.997661377724827,-2.480872752971958,-0.012279838173139261
3.101029011439476,-2.480872752971958,-0.015798032449008605
3.2043966451541253,-2.480872752971958,-0.018456553237982985
3.3077642788687744,-2.480872752971958,-0.02017344740620134
3.411131912583425,-2.480872752971958,-0.020577755326762932
3.514499546298074,-2.480872752971958,-0.01909338107404921
3.6178671800127233,-2.480872752971958,-0.01522152778157561
3.7212348137273725,-2.480872752971958,-0.008908078613014483
3.8246024474420213,-2.480872752971958,-0.0008262431438937446
3.9279700811566705,-2.480872752971958,0.007581174558456125
4.031337714871319,-2.480872752971958,0.014372630652039222
4.134705348585968,-2.480872752971958,0.017642140145653653
4.238072982300618,-2.480872752971958,0.01615230774039109
4.341440616015267,-2.480872752971958,0.009840500452665688
4.444808249729916,-2.480872752971958,-5.844055902274683e-6
4.548175883444565,-2.480872752971958,-0.011006763316130845
4.651543517159214,-2.480872752971958,-0.020332816720249218
4.754911150873865,-2.480872752971958,-0.025542718262895708
4.858278784588514,-2.480872752971958,-0.02534087332346139
4.961646418303163,-2.480872752971958,-0.01999084179548674
5.065014052017812,-2.480872752971958,-0.011227417613114611
5.168381685732461,-2.480872752971958,-0.0016788709905934073
5.27174931944711,-2.480872752971958,0.006016218885624868
5.3751169531617595,-2.480872752971958,0.01009847633308593
5.478484586876409,-2.480872752971958,0.01027194493734207
5.581852220591058,-2.480872752971958,0.007769541170708019
5.685219854305707,-2.480872752971958,0.004864294145009515
5.788587488020356,-2.480872752971958,0.003987953718798174
5.8919551217350055,-2.480872752971958,0.0067647357751477
5.995322755449654,-2.480872752971958,0.013309197575964314
6.098690389164305,-2.480872752971958,0.022055073400753453
6.202058022878954,-2.480872752971958,0.030201379727240307
6.305425656593603,-2.480872752971958,0.03464414972900466
6.408793290308252,-2.480872752971958,0.0330830132267435
-6.408793290308252,-2.3775030549314597,0.011093431237044702
-6.305425656593603,-2.3775030549314597,-0.0002434001912144296
-6.202058022878954,-2.3775030549314597,-0.013639248212427074
-6.098690389164304,-2.3775030549314597,-0.02557155451586889
-5.995322755449655,-2.3775030549314597,-0.03270834704011684
-5.8919551217350055,-2.3775030549314597,-0.03304306635131347
-5.788587488020356,-2.3775030549314597,-0.026626416249700635
-5.685219854305708,-2.3775030549314597,-0.015630027889392665
-5.581852220591058,-2.3775030549314597,-0.003699690524664644
-5.478484586876409,-2.3775030549314597,0.005201365560279182
-5.3751169531617595,-2.3775030549314597,0.008079885593362632
-5.27174931944711,-2.3775030549314597,0.0038996785623012014
-5.168381685732461,-2.3775030549314597,-0.0060674636981855505
-5.065014052017812,-2.3775030549314597,-0.018651370168518807
-4.961646418303163,-2.3775030549314597,-0.029821543804661222
-4.858278784588514,-2.3775030549314597,-0.036007993329522286
-4.754911150873865,-2.3775030549314597,-0.03526226953208332
-4.651543517159215,-2.3775030549314597,-0.027870073648174887
-4.548175883444566,-2.3775030549314597,-0.016213793389629846
-4.444808249729917,-2.3775030549314597,-0.0039393729694804
-4.341440616015267,-2.3775030549314597,0.005281202894399438
-4.238072982300618,-2.3775030549314597,0.008964756725524336
-4.134705348585968,-2.3775030549314597,0.006594376874559538
-4.031337714871319,-2.3775030549314597,-0.0002992841175491385
-3.9279700811566705,-2.3775030549314597,-0.008766728558093382
-3.8246024474420213,-2.3775030549314597,-0.01554420524872476
-3.7212348137273725,-2.3775030549314597,-0.018236010556232713
-3.6178671800127233,-2.3775030549314597,-0.01615391949270403
-3.514499546298074,-2.3775030549314597,-0.010520035816823087
-3.411131912583425,-2.3775030549314597,-0.003970246000495502
-3.3077642788687753,-2.3775030549314597,0.00045210735969720294
-3.204396645154126,-2.3775030549314597,0.00043942218284915896
-3.101029011439477,-2.3775030549314597,-0.004720596371572859
-2.9976613777248278,-2.3775030549314597,-0.01388302149689932
-2.8942937440101786,-2.3775030549314597,-0.024472040840862023
-2.790926110295529,-2.3775030549314597,-0.03342597405192826
-2.6875584765808798,-2.3775030549314597,-0.03828977308866908
-2.5841908428662306,-2.3775030549314597,-0.038017102439919896
-2.4808232091515814,-2.3775030549314597,-0.033141798762012044
-2.3774555754369326,-2.3775030549314597,-0.025211182525962973
-2.2740879417222835,-2.3775030549314597,-0.015661598155262847
-2.1707203080076334,-2.3775030549314597,-0.004556361706754691
-2.067352674292984,-2.3775030549314597,0.010293033528542024
-1.9639850405783352,-2.3775030549314597,0.03338603644850266
-1.8606174068636863,-2.3775030549314597,0.0705884163335856
-1.757249773149037,-2.3775030549314597,0.12734299503596544
-1.6538821394343879,-2.3775030549314597,0.20651583680398033
-1.550514505719738,-2.3775030549314597,0.3065452258855563
-1.447146872005089,-2.3775030549314597,0.4205418829950291
-1.3437792382904399,-2.3775030549314597,0.5367567498489788
-1.2404116045757907,-2.3775030549314597,0.6404501327975596
-1.1370439708611417,-2.3775030549314597,0.7167774530521818
-1.0336763371464925,-2.3775030549314597,0.7539824493152273
-0.9303087034318435,-2.3775030549314597,0.7460625820211505
-0.8269410697171936,-2.3775030549314597,0.6941878544341724
-0.7235734360025445,-2.3775030549314597,0.6064827151195304
-0.6202058022878953,-2.3775030549314597,0.49622476306516056
-0.5168381685732463,-2.3775030549314597,0.3789415922391049
-0.4134705348585972,-2.3775030549314597,0.2691719809905374
-0.31010290114394806,-2.3775030549314597,0.177718471149873
-0.2067352674292982,-2.3775030549314597,0.11004346076957708
-0.1033676337146491,-2.3775030549314597,0.06611018477418613
0.,-2.3775030549314597,0.04155441025569901
0.1033676337146491,-2.3775030549314597,0.029718328805785742
0.2067352674292982,-2.3775030549314597,0.02388626629572022
0.31010290114394734,-2.3775030549314597,0.019078600960659383
0.4134705348585964,-2.3775030549314597,0.0129650336075927
0.5168381685732455,-2.3775030549314597,0.005773747383803588
0.6202058022878947,-2.3775030549314597,-0.0006072910730865115
0.7235734360025438,-2.3775030549314597,-0.003916353211893093
0.8269410697171944,-2.3775030549314597,-0.0027036478144570482
0.9303087034318435,-2.3775030549314597,0.0029744034365054607
1.0336763371464925,-2.3775030549314597,0.01153017101706556
1.1370439708611417,-2.3775030549314597,0.020418122787595548
1.2404116045757907,-2.3775030549314597,0.02703696371952484
1.3437792382904399,-2.3775030549314597,0.02960481765232392
1.447146872005089,-2.3775030549314597,0.027696247089242617
1.550514505719738,-2.3775030549314597,0.02227806621045933
1.6538821394343872,-2.3775030549314597,0.015272061410910516
1.7572497731490362,-2.3775030549314597,0.00883649983845544
1.8606174068636854,-2.3775030549314597,0.0046396604986767695
1.9639850405783346,-2.3775030549314597,0.003376028633137248
2.0673526742929837,-2.3775030549314597,0.004666307708655521
2.1707203080076343,-2.3775030549314597,0.007332759364783107
2.2740879417222835,-2.3775030549314597,0.009909065289500859
2.3774555754369326,-2.3775030549314597,0.01117557116104805
2.4808232091515814,-2.3775030549314597,0.010525955779980464
2.5841908428662306,-2.3775030549314597,0.008057118739855608
2.6875584765808798,-2.3775030549314597,0.004391919722203481
2.790926110295529,-2.3775030549314597,0.00034641435472167805
2.894293744010178,-2.3775030549314597,-0.0033991409540858374
2.997661377724827,-2.3775030549314597,-0.006487856913084926
3.101029011439476,-2.3775030549314597,-0.008872077633791773
3.2043966451541253,-2.3775030549314597,-0.01063512669509162
3.3077642788687744,-2.3775030549314597,-0.01176252368483248
3.411131912583425,-2.3775030549314597,-0.011998275686308787
3.514499546298074,-2.3775030549314597,-0.010880742432353837
3.6178671800127233,-2.3775030549314597,-0.007965816086197059
3.7212348137273725,-2.3775030549314597,-0.0031497501737222425
3.8246024474420213,-2.3775030549314597,0.0030584478280879213
3.9279700811566705,-2.3775030549314597,0.009465256109279972
4.031337714871319,-2.3775030549314597,0.014404849541103642
4.134705348585968,-2.3775030549314597,0.016207650107464958
4.238072982300618,-2.3775030549314597,0.013784878484884659
4.341440616015267,-2.3775030549314597,0.007120255487904963
4.444808249729916,-2.3775030549314597,-0.0025328455359271357
4.548175883444565,-2.3775030549314597,-0.012863802732747752
4.651543517159214,-2.3775030549314597,-0.02110226497432299
4.754911150873865,-2.3775030549314597,-0.024833011077745736
4.858278784588514,-2.3775030549314597,-0.022766737627953712
4.961646418303163,-2.3775030549314597,-0.015199753759627187
5.065014052017812,-2.3775030549314597,-0.003985891745106926
5.168381685732461,-2.3775030549314597,0.007996785482456071
5.27174931944711,-2.3775030549314597,0.017727356475734375
5.3751169531617595,-2.3775030549314597,0.022986480337392368
5.478484586876409,-2.3775030549314597,0.023045621431162608
5.581852220591058,-2.3775030549314597,0.018860147798520223
5.685219854305707,-2.3775030549314597,0.01269039059324247
5.788587488020356,-2.3775030549314597,0.0072721400205656315
5.8919551217350055,-2.3775030549314597,0.004819013429148793
5.995322755449654,-2.3775030549314597,0.006205437358917449
6.098690389164305,-2.3775030549314597,0.010624149924284438
6.202058022878954,-2.3775030549314597,0.01585184919127039
6.305425656593603,-2.3775030549314597,0.019044461503237374
6.408793290308252,-2.3775030549314597,0.017793005786830792
-6.408793290308252,-2.274133356890961,-0.004937555843245611
-6.305425656593603,-2.274133356890961,-0.013112791382377554
-6.202058022878954,-2.274133356890961,-0.023415264622767232
-6.098690389164304,-2.274133356890961,-0.03301587422764222
-5.995322755449655,-2.274133356890961,-0.038901106247049615
-5.8919551217350055,-2.274133356890961,-0.038958383633645455
-5.788587488020356,-2.274133356890961,-0.03279604186880829
-5.685219854305708,-2.274133356890961,-0.02199818675320825
-5.581852220591058,-2.274133356890961,-0.00970478122715134
-5.478484586876409,-2.274133356890961,0.0003601924186957674
-5.3751169531617595,-2.274133356890961,0.005095209820828108
-5.27174931944711,-2.274133356890961,0.0030570307419385775
-5.168381685732461,-2.274133356890961,-0.0050288142499022494
-5.065014052017812,-2.274133356890961,-0.01646407824387764
-4.961646418303163,-2.274133356890961,-0.027423882614252985
-4.858278784588514,-2.274133356890961,-0.03417591856976139
-4.754911150873865,-2.274133356890961,-0.034268911885992494
-4.651543517159215,-2.274133356890961,-0.02729717199905102
-4.548175883444566,-2.274133356890961,-0.014992892455289284
-4.444808249729917,-2.274133356890961,-0.0006268250549198615
-4.341440616015267,-2.274133356890961,0.01206832642584199
-4.238072982300618,-2.274133356890961,0.02007987693026615
-4.134705348585968,-2.274133356890961,0.022003296059410364
-4.031337714871319,-2.274133356890961,0.01834862395028788
-3.9279700811566705,-2.274133356890961,0.011186753567960325
-3.8246024474420213,-2.274133356890961,0.003289916638436442
-3.7212348137273725,-2.274133356890961,-0.0029060066711992277
-3.6178671800127233,-2.274133356890961,-0.0061370632216387255
-3.514499546298074,-2.274133356890961,-0.006649981998483693
-3.411131912583425,-2.274133356890961,-0.005940942490070783
-3.3077642788687753,-2.274133356890961,-0.006017878590728824
-3.204396645154126,-2.274133356890961,-0.008487800046434785
-3.101029011439477,-2.274133356890961,-0.013833337938825687
-2.9976613777248278,-2.274133356890961,-0.02116565439228411
-2.8942937440101786,-2.274133356890961,-0.028551150778514493
-2.790926110295529,-2.274133356890961,-0.03377705025378652
-2.6875584765808798,-2.274133356890961,-0.03523404332736286
-2.5841908428662306,-2.274133356890961,-0.03252703150556592
-2.4808232091515814,-2.274133356890961,-0.02651002829750852
-2.3774555754369326,-2.274133356890961,-0.018655375867439504
-2.2740879417222835,-2.274133356890961,-0.009937841233443285
-2.1707203080076334,-2.274133356890961,0.00035750534140821934
-2.067352674292984,-2.274133356890961,0.015398118796078988
-1.9639850405783352,-2.274133356890961,0.040715296208386785
-1.8606174068636863,-2.274133356890961,0.08309200602738802
-1.757249773149037,-2.274133356890961,0.14859928907919753
-1.6538821394343879,-2.274133356890961,0.2402797016602444
-1.550514505719738,-2.274133356890961,0.3561715627768665
-1.447146872005089,-2.274133356890961,0.488354913060169
-1.3437792382904399,-2.274133356890961,0.6234663895633114
-1.2404116045757907,-2.274133356890961,0.7447346910141368
-1.1370439708611417,-2.274133356890961,0.8351455294091771
-1.0336763371464925,-2.274133356890961,0.8809900549636585
-0.9303087034318435,-2.274133356890961,0.8748966215706794
-0.8269410697171936,-2.274133356890961,0.8175465560741662
-0.7235734360025445,-2.274133356890961,0.7176072454999496
-0.6202058022878953,-2.274133356890961,0.5898861138334909
-0.5168381685732463,-2.274133356890961,0.4521801535429118
-0.4134705348585972,-2.274133356890961,0.3216305136276733
-0.31010290114394806,-2.274133356890961,0.21149502064133224
-0.2067352674292982,-2.274133356890961,0.12909885356837925
-0.1033676337146491,-2.274133356890961,0.07536724355125143
0.,-2.274133356890961,0.045895393596424215
0.1033676337146491,-2.274133356890961,0.03310434698257439
0.2067352674292982,-2.274133356890961,0.028782940816589123
0.31010290114394734,-2.274133356890961,0.026287378589144036
0.4134705348585964,-2.274133356890961,0.021853382644197443
0.5168381685732455,-2.274133356890961,0.014799535312874245
0.6202058022878947,-2.274133356890961,0.0067546935036788495
0.7235734360025438,-2.274133356890961,0.00031655497824147906
0.8269410697171944,-2.274133356890961,-0.0023343102601935694
0.9303087034318435,-2.274133356890961,-0.0004013932547850466
1.0336763371464925,-2.274133356890961,0.00524215857618025
1.1370439708611417,-2.274133356890961,0.012449170579078378
1.2404116045757907,-2.274133356890961,0.01864375136748262
1.3437792382904399,-2.274133356890961,0.021757834256503048
1.447146872005089,-2.274133356890961,0.020910087092006348
1.550514505719738,-2.274133356890961,0.016607438992861795
1.6538821394343872,-2.274133356890961,0.010441899941640152
1.7572497731490362,-2.274133356890961,0.0044380557012726595
1.8606174068636854,-2.274133356890961,0.0003163334284672489
1.9639850405783346,-2.274133356890961,-0.0010583392539428994
2.0673526742929837,-2.274133356890961,0.0001343096405083498
2.1707203080076343,-2.274133356890961,0.002871559558331699
2.2740879417222835,-2.274133356890961,0.005763967765179982
2.3774555754369326,-2.274133356890961,0.007601328625957221
2.4808232091515814,-2.274133356890961,0.007758979119837606
2.5841908428662306,-2.274133356890961,0.006329715407112423
2.6875584765808798,-2.274133356890961,0.00396568661094864
2.790926110295529,-2.274133356890961,0.0015291565023426619
2.894293744010178,-2.274133356890961,-0.0002832018965047315
2.997661377724827,-2.274133356890961,-0.0011834210535993047
3.101029011439476,-2.274133356890961,-0.001314069269128277
3.2043966451541253,-2.274133356890961,-0.001063155054572411
3.3077642788687744,-2.274133356890961,-0.0007782152225131689
3.411131912583425,-2.274133356890961,-0.0005280303289544687
3.514499546298074,-2.274133356890961,-0.0000362043964996464
3.6178671800127233,-2.274133356890961,0.0011693905070282043
3.7212348137273725,-2.274133356890961,0.003449751093629761
3.8246024474420213,-2.274133356890961,0.006729995351053334
3.9279700811566705,-2.274133356890961,0.010320187283089605
4.031337714871319,-2.274133356890961,0.012998565102214869
4.134705348585968,-2.274133356890961,0.013371938901864716
4.238072982300618,-2.274133356890961,0.010409084182502809
4.341440616015267,-2.274133356890961,0.003954761979964327
4.444808249729916,-2.274133356890961,-0.004987215468582613
4.548175883444565,-2.274133356890961,-0.014350289760340381
4.651543517159214,-2.274133356890961,-0.021501642419416576
4.754911150873865,-2.274133356890961,-0.024011618315484085
4.858278784588514,-2.274133356890961,-0.02045496673860656
4.961646418303163,-2.274133356890961,-0.010968230985487512
5.065014052017812,-2.274133356890961,0.0026493532419442052
5.168381685732461,-2.274133356890961,0.017360250768486137
5.27174931944711,-2.274133356890961,0.029729735368856553
5.3751169531617595,-2.274133356890961,0.03692606741988157
5.478484586876409,-2.274133356890961,0.03755584526495448
5.581852220591058,-2.274133356890961,0.0320543523082675
5.685219854305707,-2.274133356890961,0.022493350773239402
5.788587488020356,-2.274133356890961,0.011863657660642929
5.8919551217350055,-2.274133356890961,0.003070219973015504
5.995322755449654,-2.274133356890961,-0.0020203959535698055
6.098690389164305,-2.274133356890961,-0.003154028014182547
6.202058022878954,-2.274133356890961,-0.0016861468674985792
6.305425656593603,-2.274133356890961,-3.308974212693912e-6
6.408793290308252,-2.274133356890961,-0.0005721714390037961
-6.408793290308252,-2.1707636588504626,-0.01914556067639013
-6.305425656593603,-2.1707636588504626,-0.023852725351868644
-6.202058022878954,-2.1707636588504626,-0.030790481114262167
-6.098690389164304,-2.1707636588504626,-0.037883153248430355
-5.995322755449655,-2.1707636588504626,-0.04248332989834321
-5.8919551217350055,-2.1707636588504626,-0.04239230658711737
-5.788587488020356,-2.1707636588504626,-0.03676060808683451
-5.685219854305708,-2.1707636588504626,-0.02653644733358482
-5.581852220591058,-2.1707636588504626,-0.014284285010584987
-5.478484586876409,-2.1707636588504626,-0.0034152841248841753
-5.3751169531617595,-2.1707636588504626,0.0029200229618519618
-5.27174931944711,-2.1707636588504626,0.0029023897964070974
-5.168381685732461,-2.1707636588504626,-0.003292053103402829
-5.065014052017812,-2.1707636588504626,-0.013471179069054597
-4.961646418303163,-2.1707636588504626,-0.024070408532947542
-4.858278784588514,-2.1707636588504626,-0.03125605732582936
-4.754911150873865,-2.1707636588504626,-0.03212798340615684
-4.651543517159215,-2.1707636588504626,-0.025627655182943333
-4.548175883444566,-2.1707636588504626,-0.012858353167183024
-4.444808249729917,-2.1707636588504626,0.003276623028150932
-4.341440616015267,-2.1707636588504626,0.018983583702714073
-4.238072982300618,-2.1707636588504626,0.03072336258625186
-4.134705348585968,-2.1707636588504626,0.03621125362897577
-4.031337714871319,-2.1707636588504626,0.03495596639862289
-3.9279700811566705,-2.1707636588504626,0.028192401834479748
-3.8246024474420213,-2.1707636588504626,0.01827773522197418
-3.7212348137273725,-2.1707636588504626,0.007801639422546854
-3.6178671800127233,-2.1707636588504626,-0.0012544329239088806
-3.514499546298074,-2.1707636588504626,-0.008014814432026876
-3.411131912583425,-2.1707636588504626,-0.012717248493717248
-3.3077642788687753,-2.1707636588504626,-0.016280037616267118
-3.204396645154126,-2.1707636588504626,-0.019648029127919915
-3.101029011439477,-2.1707636588504626,-0.023215078398472703
-2.9976613777248278,-2.1707636588504626,-0.026577035121210475
-2.8942937440101786,-2.1707636588504626,-0.02872011323386312
-2.790926110295529,-2.1707636588504626,-0.028552581876775368
-2.6875584765808798,-2.1707636588504626,-0.025521564020437985
-2.5841908428662306,-2.1707636588504626,-0.01999126779474207
-2.4808232091515814,-2.1707636588504626,-0.013128409385790246
-2.3774555754369326,-2.1707636588504626,-0.006228485472448919
-2.2740879417222835,-2.1707636588504626,0.0003409352382638668
-2.1707203080076334,-2.1707636588504626,0.008196943544261147
-2.067352674292984,-2.1707636588504626,0.021528996936194342
-1.9639850405783352,-2.1707636588504626,0.04683102945628209
-1.8606174068636863,-2.1707636588504626,0.09163292847508758
-1.757249773149037,-2.1707636588504626,0.16241909236824367
-1.6538821394343879,-2.1707636588504626,0.26223913877186045
-1.550514505719738,-2.1707636588504626,0.3887067506061674
-1.447146872005089,-2.1707636588504626,0.5330694903793013
-1.3437792382904399,-2.1707636588504626,0.6807994851393944
-1.2404116045757907,-2.1707636588504626,0.8137575238459498
-1.1370439708611417,-2.1707636588504626,0.9135335008161489
-1.0336763371464925,-2.1707636588504626,0.9651997217433387
-0.9303087034318435,-2.1707636588504626,0.9605465618968247
-0.8269410697171936,-2.1707636588504626,0.8999616271146366
-0.7235734360025445,-2.1707636588504626,0.7924459082788967
-0.6202058022878953,-2.1707636588504626,0.6537419441086906
-0.5168381685732463,-2.1707636588504626,0.503041908257786
-0.4134705348585972,-2.1707636588504626,0.35910572948899916
-0.31010290114394806,-2.1707636588504626,0.2367480002192345
-0.2067352674292982,-2.1707636588504626,0.14451508839304067
-0.1033676337146491,-2.1707636588504626,0.08401743932068315
0.,-2.1707636588504626,0.0509169047222849
0.1033676337146491,-2.1707636588504626,0.0371336227427258
0.2067352674292982,-2.1707636588504626,0.03355511929744242
0.31010290114394734,-2.1707636588504626,0.032473486760113364
0.4134705348585964,-2.1707636588504626,0.02914474656263413
0.5168381685732455,-2.1707636588504626,0.022189991457933378
0.6202058022878947,-2.1707636588504626,0.012929802367201709
0.7235734360025438,-2.1707636588504626,0.0040450795980621155
0.8269410697171944,-2.1707636588504626,-0.0018966942009244932
0.9303087034318435,-2.1707636588504626,-0.003550115762511323
1.0336763371464925,-2.1707636588504626,-0.0012285666248915905
1.1370439708611417,-2.1707636588504626,0.00337005457344526
1.2404116045757907,-2.1707636588504626,0.00794021592478532
1.3437792382904399,-2.1707636588504626,0.01049304915764471
1.447146872005089,-2.1707636588504626,0.010065599825603408
1.550514505719738,-2.1707636588504626,0.0069730968507385775
1.6538821394343872,-2.1707636588504626,0.00255598491469156
1.7572497731490362,-2.1707636588504626,-0.001435017342573538
1.8606174068636854,-2.1707636588504626,-0.0035514177462431388
1.9639850405783346,-2.1707636588504626,-0.0031794705803391984
2.0673526742929837,-2.1707636588504626,-0.0007060228589575343
2.1707203080076343,-2.1707636588504626,0.002715646097507939
2.2740879417222835,-2.1707636588504626,0.005678864062033688
2.3774555754369326,-2.1707636588504626,0.007096555564446135
2.4808232091515814,-2.1707636588504626,0.006607236866928704
2.5841908428662306,-2.1707636588504626,0.00466645189944498
2.6875584765808798,-2.1707636588504626,0.002307687390008064
2.790926110295529,-2.1707636588504626,0.0006874147454338069
2.894293744010178,-2.1707636588504626,0.0006081175531137552
2.997661377724827,-2.1707636588504626,0.0022123850759808938
3.101029011439476,-2.1707636588504626,0.004963739598326133
3.2043966451541253,-2.1707636588504626,0.007908856173389493
3.3077642788687744,-2.1707636588504626,0.010100448605300566
3.411131912583425,-2.1707636588504626,0.01099635022133947
3.514499546298074,-2.1707636588504626,0.010663183168985953
3.6178671800127233,-2.1707636588504626,0.009696880975844284
3.7212348137273725,-2.1707636588504626,0.008893347888168604
3.8246024474420213,-2.1707636588504626,0.00881181990894881
3.9279700811566705,-2.1707636588504626,0.00942619122519946
4.031337714871319,-2.1707636588504626,0.01003252181171814
4.134705348585968,-2.1707636588504626,0.009482134881359282
4.238072982300618,-2.1707636588504626,0.006675888345106542
4.341440616015267,-2.1707636588504626,0.0011383460635147394
4.444808249729916,-2.1707636588504626,-0.006561769524265592
4.548175883444565,-2.1707636588504626,-0.014741680602326513
4.651543517159214,-2.1707636588504626,-0.020964776743640036
4.754911150873865,-2.1707636588504626,-0.02275266856799485
4.858278784588514,-2.1707636588504626,-0.018429732894366446
4.961646418303163,-2.1707636588504626,-0.007810588318748307
5.065014052017812,-2.1707636588504626,0.007528058471352239
5.168381685732461,-2.1707636588504626,0.024522988314791643
5.27174931944711,-2.1707636588504626,0.039397462233744684
5.3751169531617595,-2.1707636588504626,0.048707296922017376
5.478484586876409,-2.1707636588504626,0.050331214400141454
5.581852220591058,-2.1707636588504626,0.04408180563978876
5.685219854305707,-2.1707636588504626,0.031730369524543174
5.788587488020356,-2.1707636588504626,0.016430225510575467
5.8919551217350055,-2.1707636588504626,0.001724197974781217
5.995322755449654,-2.1707636588504626,-0.009536860896011613
6.098690389164305,-2.1707636588504626,-0.016006588500266976
6.202058022878954,-2.1707636588504626,-0.01812035289900838
6.305425656593603,-2.1707636588504626,-0.01775493929134232
6.408793290308252,-2.1707636588504626,-0.017401805889015843
-6.408793290308252,-2.0673939608099645,-0.02826061390660509
-6.305425656593603,-2.0673939608099645,-0.03011498585932842
-6.202058022878954,-2.0673939608099645,-0.03429600368363002
-6.098690389164304,-2.0673939608099645,-0.03935017100418901
-5.995322755449655,-2.0673939608099645,-0.042952586411297435
-5.8919551217350055,-2.0673939608099645,-0.04286149451862942
-5.788587488020356,-2.0673939608099645,-0.037870039532427784
-5.685219854305708,-2.0673939608099645,-0.02840153349279614
-5.581852220591058,-2.0673939608099645,-0.016518677268913488
-5.478484586876409,-2.0673939608099645,-0.005324092843859032
-5.3751169531617595,-2.0673939608099645,0.002053245397812623
-5.27174931944711,-2.0673939608099645,0.003539956685909194
-5.168381685732461,-2.0673939608099645,-0.0011086939067937065
-5.065014052017812,-2.0673939608099645,-0.01012209157537077
-4.961646418303163,-2.0673939608099645,-0.020194308632197927
-4.858278784588514,-2.0673939608099645,-0.027485038102358507
-4.754911150873865,-2.0673939608099645,-0.02881834787826374
-4.651543517159215,-2.0673939608099645,-0.022688893779747702
-4.548175883444566,-2.0673939608099645,-0.009750393189901792
-4.444808249729917,-2.0673939608099645,0.007364779040970524
-4.341440616015267,-2.0673939608099645,0.02482405160372801
-4.238072982300618,-2.0673939608099645,0.03870722544851963
-4.134705348585968,-2.0673939608099645,0.0460903007317003
-4.031337714871319,-2.0673939608099645,0.045764314495822155
-3.9279700811566705,-2.0673939608099645,0.03839174749935129
-3.8246024474420213,-2.0673939608099645,0.02610172261230096
-3.7212348137273725,-2.0673939608099645,0.011711749450891077
-3.6178671800127233,-2.0673939608099645,-0.0021272508486624643
-3.514499546298074,-2.0673939608099645,-0.013569814849748058
-3.411131912583425,-2.0673939608099645,-0.021815606867337443
-3.3077642788687753,-2.0673939608099645,-0.02693624096135065
-3.204396645154126,-2.0673939608099645,-0.029437352979322717
-3.101029011439477,-2.0673939608099645,-0.02979500735989182
-2.9976613777248278,-2.0673939608099645,-0.02819109801715709
-2.8942937440101786,-2.0673939608099645,-0.024559836830110954
-2.790926110295529,-2.0673939608099645,-0.018893664849221236
-2.6875584765808798,-2.0673939608099645,-0.011611124192321116
-2.5841908428662306,-2.0673939608099645,-0.0037262470396485555
-2.4808232091515814,-2.0673939608099645,0.003386439243518478
-2.3774555754369326,-2.0673939608099645,0.00867600977231907
-2.2740879417222835,-2.0673939608099645,0.012380545114545635
-2.1707203080076334,-2.0673939608099645,0.016923794929671273
-2.067352674292984,-2.0673939608099645,0.027319789354747437
-1.9639850405783352,-2.0673939608099645,0.05074351979548094
-1.8606174068636863,-2.0673939608099645,0.09515464811812055
-1.757249773149037,-2.0673939608099645,0.16717496843825705
-1.6538821394343879,-2.0673939608099645,0.2697189289993652
-1.550514505719738,-2.0673939608099645,0.40005431004164027
-1.447146872005089,-2.0673939608099645,0.5489522865447174
-1.3437792382904399,-2.0673939608099645,0.701356479023616
-1.2404116045757907,-2.0673939608099645,0.838611567782055
-1.1370439708611417,-2.0673939608099645,0.941851653051733
-1.0336763371464925,-2.0673939608099645,0.9957885532869976
-0.9303087034318435,-2.0673939608099645,0.9919749267276348
-0.8269410697171936,-2.0673939608099645,0.9307060936749065
-0.7235734360025445,-2.0673939608099645,0.8210518766238133
-0.6202058022878953,-2.0673939608099645,0.6789871039152016
-0.5168381685732463,-2.0673939608099645,0.5240812834676501
-0.4134705348585972,-2.0673939608099645,0.3755732444929115
-0.31010290114394806,-2.0673939608099645,0.24879159883847296
-0.2067352674292982,-2.0673939608099645,0.1527519835745753
-0.1033676337146491,-2.0673939608099645,0.089411326186123
0.,-2.0673939608099645,0.05459596112905319
0.1033676337146491,-2.0673939608099645,0.04018202805863193
0.2067352674292982,-2.0673939608099645,0.03681762422853337
0.31010290114394734,-2.0673939608099645,0.03641035667925412
0.4134705348585964,-2.0673939608099645,0.033763894693907344
0.5168381685732455,-2.0673939608099645,0.0270672514592589
0.6202058022878947,-2.0673939608099645,0.01731111439440807
0.7235734360025438,-2.0673939608099645,0.007009719377429926
0.8269410697171944,-2.0673939608099645,-0.0012422518552094289
0.9303087034318435,-2.0673939608099645,-0.0058816557291453166
1.0336763371464925,-2.0673939608099645,-0.006848985212473491
1.1370439708611417,-2.0673939608099645,-0.00537553673890431
1.2404116045757907,-2.0673939608099645,-0.0032851040644208034
1.3437792382904399,-2.0673939608099645,-0.002154466397201301
1.447146872005089,-2.0673939608099645,-0.002682646279936189
1.550514505719738,-2.0673939608099645,-0.004497506108653037
1.6538821394343872,-2.0673939608099645,-0.006435156727577859
1.7572497731490362,-2.0673939608099645,-0.0071392547428768246
1.8606174068636854,-2.0673939608099645,-0.005712493866751963
1.9639850405783346,-2.0673939608099645,-0.002148797631004941
2.0673526742929837,-2.0673939608099645,0.0026238726735974024
2.1707203080076343,-2.0673939608099645,0.00709793023083413
2.2740879417222835,-2.0673939608099645,0.009787253309155175
2.3774555754369326,-2.0673939608099645,0.009830186574378006
2.4808232091515814,-2.0673939608099645,0.007353313440244053
2.5841908428662306,-2.0673939608099645,0.003451937408379228
2.6875584765808798,-2.0673939608099645,-0.00020585549383854407
2.790926110295529,-2.0673939608099645,-0.0019988206366574964
2.894293744010178,-2.0673939608099645,-0.0009580151528266909
2.997661377724827,-2.0673939608099645,0.002872566883173815
3.101029011439476,-2.0673939608099645,0.008455322338214695
3.2043966451541253,-2.0673939608099645,0.014147062874054449
3.3077642788687744,-2.0673939608099645,0.018303572015521855
3.411131912583425,-2.0673939608099645,0.019866999371805277
3.514499546298074,-2.0673939608099645,0.01871120604771523
3.6178671800127233,-2.0673939608099645,0.015615809694692992
3.7212348137273725,-2.0673939608099645,0.011885485316882893
3.8246024474420213,-2.0673939608099645,0.008771094605719789
3.9279700811566705,-2.0673939608099645,0.006929274964208022
4.031337714871319,-2.0673939608099645,0.006145389982844174
4.134705348585968,-2.0673939608099645,0.005444040744683122
4.238072982300618,-2.0673939608099645,0.0035585491271907473
4.341440616015267,-2.0673939608099645,-0.00041644452408463314
4.444808249729916,-2.0673939608099645,-0.006449864957664644
4.548175883444565,-2.0673939608099645,-0.01332441194155927
4.651543517159214,-2.0673939608099645,-0.018850456605099344
4.754911150873865,-2.0673939608099645,-0.020512909735131046
4.858278784588514,-2.0673939608099645,-0.016352444029388638
4.961646418303163,-2.0673939608099645,-0.0057783117794902115
5.065014052017812,-2.0673939608099645,0.009988935002504465
5.168381685732461,-2.0673939608099645,0.02803575456399137
5.27174931944711,-2.0673939608099645,0.04444062932936812
5.3751169531617595,-2.0673939608099645,0.055334986800257974
5.478484586876409,-2.0673939608099645,0.05801091106248468
5.581852220591058,-2.0673939608099645,0.05171710594885417
5.685219854305707,-2.0673939608099645,0.03787761870828622
5.788587488020356,-2.0673939608099645,0.019654097160501784
5.8919551217350055,-2.0673939608099645,0.000989234111454543
5.995322755449654,-2.0673939608099645,-0.014557913716752453
6.098690389164305,-2.0673939608099645,-0.024805167044265955
6.202058022878954,-2.0673939608099645,-0.029449503558675896
6.305425656593603,-2.0673939608099645,-0.02992792177840918
6.408793290308252,-2.0673939608099645,-0.028706488170139776
-6.408793290308252,-1.9640242627694664,-0.03070167801932017
-6.305425656593603,-1.9640242627694664,-0.031012901912091575
-6.202058022878954,-1.9640242627694664,-0.03363801671865404
-6.098690389164304,-1.9640242627694664,-0.037489977112000285
-5.995322755449655,-1.9640242627694664,-0.04048315296069498
-5.8919551217350055,-1.9640242627694664,-0.04042359616885529
-5.788587488020356,-1.9640242627694664,-0.035958010869454334
-5.685219854305708,-1.9640242627694664,-0.02722623486196622
-5.581852220591058,-1.9640242627694664,-0.015967091479490308
-5.478484586876409,-1.9640242627694664,-0.005022484924489143
-5.3751169531617595,-1.9640242627694664,0.002599171363943706
-5.27174931944711,-1.9640242627694664,0.004777988691067544
-5.168381685732461,-1.9640242627694664,0.0010848981954575045
-5.065014052017812,-1.9640242627694664,-0.006959155862676547
-4.961646418303163,-1.9640242627694664,-0.016274561880974092
-4.858278784588514,-1.9640242627694664,-0.02315074163776758
-4.754911150873865,-1.9640242627694664,-0.024412443406012386
-4.651543517159215,-1.9640242627694664,-0.018444538800315123
-4.548175883444566,-1.9640242627694664,-0.005741866986846191
-4.444808249729917,-1.9640242627694664,0.011190899600795983
-4.341440616015267,-1.9640242627694664,0.028549731607927772
-4.238072982300618,-1.9640242627694664,0.0423156249484579
-4.134705348585968,-1.9640242627694664,0.04936398285557853
-4.031337714871319,-1.9640242627694664,0.04825768138538735
-3.9279700811566705,-1.9640242627694664,0.03950324080128379
-3.8246024474420213,-1.9640242627694664,0.025237279556006045
-3.7212348137273725,-1.9640242627694664,0.00849716902405294
-3.6178671800127233,-1.9640242627694664,-0.007649529631706274
-3.514499546298074,-1.9640242627694664,-0.020826448566955803
-3.411131912583425,-1.9640242627694664,-0.029718354725560708
-3.3077642788687753,-1.9640242627694664,-0.03404030546550087
-3.204396645154126,-1.9640242627694664,-0.03421244187536932
-3.101029011439477,-1.9640242627694664,-0.030944624665294657
-2.9976613777248278,-1.9640242627694664,-0.02493847502587192
-2.8942937440101786,-1.9640242627694664,-0.01682530663128017
-2.790926110295529,-1.9640242627694664,-0.007316728931451899
-2.6875584765808798,-1.9640242627694664,0.002587254588273527
-2.5841908428662306,-1.9640242627694664,0.01154946516005702
-2.4808232091515814,-1.9640242627694664,0.018179953041816084
-2.3774555754369326,-1.9640242627694664,0.02168729564882955
-2.2740879417222835,-1.9640242627694664,0.022742029940220492
-2.1707203080076334,-1.9640242627694664,0.024235005100893124
-2.067352674292984,-1.9640242627694664,0.031549787148392267
-1.9639850405783352,-1.9640242627694664,0.05204635734440542
-1.8606174068636863,-1.9640242627694664,0.09366713380865127
-1.757249773149037,-1.9640242627694664,0.1628680964409176
-1.6538821394343879,-1.9640242627694664,0.2623542026423574
-1.550514505719738,-1.9640242627694664,0.3892604727704394
-1.447146872005089,-1.9640242627694664,0.5343978689777713
-1.3437792382904399,-1.9640242627694664,0.6829614397995281
-1.2404116045757907,-1.9640242627694664,0.8167269087025295
-1.1370439708611417,-1.9640242627694664,0.9173434850709176
-1.0336763371464925,-1.9640242627694664,0.9699902575719004
-0.9303087034318435,-1.9640242627694664,0.9665095371956158
-0.8269410697171936,-1.9640242627694664,0.9072192993033819
-0.7235734360025445,-1.9640242627694664,0.8009227895434006
-0.6202058022878953,-1.9640242627694664,0.6630913921451336
-0.5168381685732463,-1.9640242627694664,0.5126674046494955
-0.4134705348585972,-1.9640242627694664,0.36828153718057677
-0.31010290114394806,-1.9640242627694664,0.24480695528654509
-0.2067352674292982,-1.9640242627694664,0.15104495262159415
-0.1033676337146491,-1.9640242627694664,0.08899987332923529
0.,-1.9640242627694664,0.05475688250646041
0.1033676337146491,-1.9640242627694664,0.04055771533147134
0.2067352674292982,-1.9640242627694664,0.037395437021047064
0.31010290114394734,-1.9640242627694664,0.0373891517534957
0.4134705348585964,-1.9640242627694664,0.03535473788511333
0.5168381685732455,-1.9640242627694664,0.029293974721628268
0.6202058022878947,-1.9640242627694664,0.019876117613271207
0.7235734360025438,-1.9640242627694664,0.009271461017990605
0.8269410697171944,-1.9640242627694664,-0.00016596128450182567
0.9303087034318435,-1.9640242627694664,-0.006907229452883864
1.0336763371464925,-1.9640242627694664,-0.010671330569416675
1.1370439708611417,-1.9640242627694664,-0.012233795757670115
1.2404116045757907,-1.9640242627694664,-0.01281858238826165
1.3437792382904399,-1.9640242627694664,-0.01339660882729902
1.447146872005089,-1.9640242627694664,-0.01420641596207829
1.550514505719738,-1.9640242627694664,-0.014686180767322138
1.6538821394343872,-1.9640242627694664,-0.01381856642537601
1.7572497731490362,-1.9640242627694664,-0.010715846092424035
1.8606174068636854,-1.9640242627694664,-0.005177790645779859
1.9639850405783346,-1.9640242627694664,0.002028665112297045
2.0673526742929837,-1.9640242627694664,0.009301941809311978
2.1707203080076343,-1.9640242627694664,0.014715447113235355
2.2740879417222835,-1.9640242627694664,0.01671487770106558
2.3774555754369326,-1.9640242627694664,0.01473357905157024
2.4808232091515814,-1.9640242627694664,0.009480724761260228
2.5841908428662306,-1.9640242627694664,0.002776407220672216
2.6875584765808798,-1.9640242627694664,-0.003023308214552674
2.790926110295529,-1.9640242627694664,-0.005813455551035519
2.894293744010178,-1.9640242627694664,-0.004458943526116122
2.997661377724827,-1.9640242627694664,0.0008144189575085388
3.101029011439476,-1.9640242627694664,0.008499032835431845
3.2043966451541253,-1.9640242627694664,0.016327027377309906
3.3077642788687744,-1.9640242627694664,0.02204602731167694
3.411131912583425,-1.9640242627694664,0.024169467715972046
3.514499546298074,-1.9640242627694664,0.022432960043631434
3.6178671800127233,-1.9640242627694664,0.01779815119892855
3.7212348137273725,-1.9640242627694664,0.01201372206460706
3.8246024474420213,-1.9640242627694664,0.006907521092000305
3.9279700811566705,-1.9640242627694664,0.003683348291458996
4.031337714871319,-1.9640242627694664,0.002493240591296093
4.134705348585968,-1.9640242627694664,0.0024514507101930437
4.238072982300618,-1.9640242627694664,0.002087637386092832
4.341440616015267,-1.9640242627694664,0.00006625619947844176
4.444808249729916,-1.9640242627694664,-0.004109492234913981
4.548175883444565,-1.9640242627694664,-0.009695612332034972
4.651543517159214,-1.9640242627694664,-0.014790231436168954
4.754911150873865,-1.9640242627694664,-0.016908364826416493
4.858278784588514,-1.9640242627694664,-0.013869356279148787
4.961646418303163,-1.9640242627694664,-0.004689991689780894
5.065014052017812,-1.9640242627694664,0.009844732011062809
5.168381685732461,-1.9640242627694664,0.027164259096839602
5.27174931944711,-1.9640242627694664,0.04349580267553219
5.3751169531617595,-1.9640242627694664,0.05488786216035549
5.478484586876409,-1.9640242627694664,0.05835472835045432
5.581852220591058,-1.9640242627694664,0.052770197582722056
5.685219854305707,-1.9640242627694664,0.039213042151681955
5.788587488020356,-1.9640242627694664,0.020644524851668733
5.8919551217350055,-1.9640242627694664,0.0010193510976254823
5.995322755449654,-1.9640242627694664,-0.01587999603217312
6.098690389164305,-1.9640242627694664,-0.027504887927967472
6.202058022878954,-1.9640242627694664,-0.03315633681021301
6.305425656593603,-1.9640242627694664,-0.033968279101737345
6.408793290308252,-1.9640242627694664,-0.03228943837072419
-6.408793290308252,-1.8606545647289683,-0.026941050826635147
-6.305425656593603,-1.8606545647289683,-0.02730724023844132
-6.202058022878954,-1.8606545647289683,-0.029756862481974348
-6.098690389164304,-1.8606545647289683,-0.03328020126140856
-5.995322755449655,-1.8606545647289683,-0.035956106335287945
-5.8919551217350055,-1.8606545647289683,-0.03577424896211311
-5.788587488020356,-1.8606545647289683,-0.03151083678101654
-5.685219854305708,-1.8606545647289683,-0.023326906434775464
-5.581852220591058,-1.8606545647289683,-0.012856925985950104
-5.478484586876409,-1.8606545647289683,-0.0027384658139458645
-5.3751169531617595,-1.8606545647289683,0.004263773833040789
-5.27174931944711,-1.8606545647289683,0.006236228871875024
-5.168381685732461,-1.8606545647289683,0.0028496794205051584
-5.065014052017812,-1.8606545647289683,-0.004421613064489132
-4.961646418303163,-1.8606545647289683,-0.012689948948652786
-4.858278784588514,-1.8606545647289683,-0.018539440113704696
-4.754911150873865,-1.8606545647289683,-0.019120955714706636
-4.651543517159215,-1.8606545647289683,-0.013096782822017986
-4.548175883444566,-1.8606545647289683,-0.0011231349282799909
-4.444808249729917,-1.8606545647289683,0.014287864566765696
-4.341440616015267,-1.8606545647289683,0.029479790425786
-4.238072982300618,-1.8606545647289683,0.04070389462386113
-4.134705348585968,-1.8606545647289683,0.045174076477337385
-4.031337714871319,-1.8606545647289683,0.04179884417673447
-3.9279700811566705,-1.8606545647289683,0.03138371241019394
-3.8246024474420213,-1.8606545647289683,0.016280091918057002
-3.7212348137273725,-1.8606545647289683,-0.00036308754662934406
-3.6178671800127233,-1.8606545647289683,-0.015473457580479721
-3.514499546298074,-1.8606545647289683,-0.026769948939561573
-3.411131912583425,-1.8606545647289683,-0.03312029638698097
-3.3077642788687753,-1.8606545647289683,-0.0344932559702131
-3.204396645154126,-1.8606545647289683,-0.03161021133683028
-3.101029011439477,-1.8606545647289683,-0.025497733905208774
-2.9976613777248278,-1.8606545647289683,-0.01714834043830162
-2.8942937440101786,-1.8606545647289683,-0.0074126150327754395
-2.790926110295529,-1.8606545647289683,0.0028902299601047143
-2.6875584765808798,-1.8606545647289683,0.012784855852290828
-2.5841908428662306,-1.8606545647289683,0.0210798213204643
-2.4808232091515814,-1.8606545647289683,0.02660361180226591
-2.3774555754369326,-1.8606545647289683,0.02877636698043877
-2.2740879417222835,-1.8606545647289683,0.028380981478680144
-2.1707203080076334,-1.8606545647289683,0.02824388858323879
-2.067352674292984,-1.8606545647289683,0.03347384835326417
-1.9639850405783352,-1.8606545647289683,0.050977300176250344
-1.8606174068636863,-1.8606545647289683,0.08816610902026545
-1.757249773149037,-1.8606545647289683,0.15104413191783383
-1.6538821394343879,-1.8606545647289683,0.24211581884081101
-1.550514505719738,-1.8606545647289683,0.3587106797087424
-1.447146872005089,-1.8606545647289683,0.49229640124581703
-1.3437792382904399,-1.8606545647289683,0.629146955727439
-1.2404116045757907,-1.8606545647289683,0.752386927119164
-1.1370439708611417,-1.8606545647289683,0.8450453112851324
-1.0336763371464925,-1.8606545647289683,0.8934377161130063
-0.9303087034318435,-1.8606545647289683,0.8900556824081499
-0.8269410697171936,-1.8606545647289683,0.8352272801466823
-0.7235734360025445,-1.8606545647289683,0.7371085030244701
-0.6202058022878953,-1.8606545647289683,0.6099902449751229
-0.5168381685732463,-1.8606545647289683,0.471339930962941
-0.4134705348585972,-1.8606545647289683,0.3383153564728843
-0.31010290114394806,-1.8606545647289683,0.22460058679328418
-0.2067352674292982,-1.8606545647289683,0.13829159687977083
-0.1033676337146491,-1.8606545647289683,0.0812445074355793
0.,-1.8606545647289683,0.049889609353161515
0.1033676337146491,-1.8606545647289683,0.037132276595795405
0.2067352674292982,-1.8606545647289683,0.03471596190916723
0.31010290114394734,-1.8606545647289683,0.03537466149818602
0.4134705348585964,-1.8606545647289683,0.03425072978455183
0.5168381685732455,-1.8606545647289683,0.029337123351631474
0.6202058022878947,-1.8606545647289683,0.0210224635128966
0.7235734360025438,-1.8606545647289683,0.011070738628727645
0.8269410697171944,-1.8606545647289683,0.0014825610235748507
0.9303087034318435,-1.8606545647289683,-0.006359819471300719
1.0336763371464925,-1.8606545647289683,-0.012033143675600199
1.1370439708611417,-1.8606545647289683,-0.015894934382807775
1.2404116045757907,-1.8606545647289683,-0.01857816335048055
1.3437792382904399,-1.8606545647289683,-0.020450083899414568
1.447146872005089,-1.8606545647289683,-0.021302581496354327
1.550514505719738,-1.8606545647289683,-0.020413726278573716
1.6538821394343872,-1.8606545647289683,-0.016945363339756995
1.7572497731490362,-1.8606545647289683,-0.010490342232532795
1.8606174068636854,-1.8606545647289683,-0.0015137695294922746
1.9639850405783346,-1.8606545647289683,0.00852959785811747
2.0673526742929837,-1.8606545647289683,0.01749168637384382
2.1707203080076343,-1.8606545647289683,0.02316366225845491
2.2740879417222835,-1.8606545647289683,0.02402588262009116
2.3774555754369326,-1.8606545647289683,0.01983631180280526
2.4808232091515814,-1.8606545647289683,0.011823986892158087
2.5841908428662306,-1.8606545647289683,0.0023899033754867243
2.6875584765808798,-1.8606545647289683,-0.005605541946712981
2.790926110295529,-1.8606545647289683,-0.009736670643275634
2.894293744010178,-1.8606545647289683,-0.008784352673412064
2.997661377724827,-1.8606545647289683,-0.003118087519356753
3.101029011439476,-1.8606545647289683,0.005446158439857547
3.2043966451541253,-1.8606545647289683,0.014264370197392514
3.3077642788687744,-1.8606545647289683,0.02074450886426095
3.411131912583425,-1.8606545647289683,0.023182636680544624
3.514499546298074,-1.8606545647289683,0.02126745461636667
3.6178671800127233,-1.8606545647289683,0.016085837755076604
3.7212348137273725,-1.8606545647289683,0.00964149732425828
3.8246024474420213,-1.8606545647289683,0.004073060878239075
3.9279700811566705,-1.8606545647289683,0.0008638117229476401
4.031337714871319,-1.8606545647289683,0.00033475071269998814
4.134705348585968,-1.8606545647289683,0.001605662995595408
4.238072982300618,-1.8606545647289683,0.003034156784089118
4.341440616015267,-1.8606545647289683,0.002963601843344846
4.444808249729916,-1.8606545647289683,0.0004928997380858415
4.548175883444565,-1.8606545647289683,-0.00403222335561378
4.651543517159214,-1.8606545647289683,-0.009009095494256918
4.754911150873865,-1.8606545647289683,-0.012077396951619558
4.858278784588514,-1.8606545647289683,-0.010967099202261348
4.961646418303163,-1.8606545647289683,-0.004399011211689804
5.065014052017812,-1.8606545647289683,0.0072896418309865915
5.168381685732461,-1.8606545647289683,0.022036584100204346
5.27174931944711,-1.8606545647289683,0.03653034228697095
5.3751169531617595,-1.8606545647289683,0.04713524945820258
5.478484586876409,-1.8606545647289683,0.050970251296964336
5.581852220591058,-1.8606545647289683,0.04678604981721288
5.685219854305707,-1.8606545647289683,0.035347303062173235
5.788587488020356,-1.8606545647289683,0.019190666140375488
5.8919551217350055,-1.8606545647289683,0.0018390758776529281
5.995322755449654,-1.8606545647289683,-0.013264764185204775
6.098690389164305,-1.8606545647289683,-0.02375066709065538
6.202058022878954,-1.8606545647289683,-0.0289142864911926
6.305425656593603,-1.8606545647289683,-0.029728542921064433
6.408793290308252,-1.8606545647289683,-0.028293591097647255
-6.408793290308252,-1.7572848666884702,-0.01918518359427849
-6.305425656593603,-1.7572848666884702,-0.021045260875825863
-6.202058022878954,-1.7572848666884702,-0.02448516847623871
-6.098690389164304,-1.7572848666884702,-0.02833258684168583
-5.995322755449655,-1.7572848666884702,-0.030789335822350942
-5.8919551217350055,-1.7572848666884702,-0.03017638816109506
-5.788587488020356,-1.7572848666884702,-0.02566731974177869
-5.685219854305708,-1.7572848666884702,-0.017728655004928016
-5.581852220591058,-1.7572848666884702,-0.00808844052826752
-5.478484586876409,-1.7572848666884702,0.0007757609402912625
-5.3751169531617595,-1.7572848666884702,0.006461973543946268
-5.27174931944711,-1.7572848666884702,0.007495218821360315
-5.168381685732461,-1.7572848666884702,0.0038997533531605994
-5.065014052017812,-1.7572848666884702,-0.002723268612971179
-4.961646418303163,-1.7572848666884702,-0.009659735814518068
-4.858278784588514,-1.7572848666884702,-0.013947003007300616
-4.754911150873865,-1.7572848666884702,-0.01335573486997954
-4.651543517159215,-1.7572848666884702,-0.007160518054963011
-4.548175883444566,-1.7572848666884702,0.0035621136847789787
-4.444808249729917,-1.7572848666884702,0.016212368941717164
-4.341440616015267,-1.7572848666884702,0.027433960428041384
-4.238072982300618,-1.7572848666884702,0.034118620266601646
-4.134705348585968,-1.7572848666884702,0.03432287445551157
-4.031337714871319,-1.7572848666884702,0.027807657893512267
-3.9279700811566705,-1.7572848666884702,0.016044290427218055
-3.8246024474420213,-1.7572848666884702,0.0017120719451252742
-3.7212348137273725,-1.7572848666884702,-0.012121038391560236
-3.6178671800127233,-1.7572848666884702,-0.022850014444138485
-3.514499546298074,-1.7572848666884702,-0.0289420250948552
-3.411131912583425,-1.7572848666884702,-0.030134437757605565
-3.3077642788687753,-1.7572848666884702,-0.02721184537546771
-3.204396645154126,-1.7572848666884702,-0.021504390664103916
-3.101029011439477,-1.7572848666884702,-0.0143376631940316
-2.9976613777248278,-1.7572848666884702,-0.006656840639035893
-2.8942937440101786,-1.7572848666884702,0.0010500263421039794
-2.790926110295529,-1.7572848666884702,0.0085519968363734
-2.6875584765808798,-1.7572848666884702,0.015557063647148752
-2.5841908428662306,-1.7572848666884702,0.02150168131667774
-2.4808232091515814,-1.7572848666884702,0.025640037062689653
-2.3774555754369326,-1.7572848666884702,0.02749703449907639
-2.2740879417222835,-1.7572848666884702,0.02757198726636376
-2.1707203080076334,-1.7572848666884702,0.02802277222750088
-2.067352674292984,-1.7572848666884702,0.03298986653148516
-1.9639850405783352,-1.7572848666884702,0.048276465640482796
-1.8606174068636863,-1.7572848666884702,0.08028075434564054
-1.757249773149037,-1.7572848666884702,0.13432912803442873
-1.6538821394343879,-1.7572848666884702,0.2128027143003989
-1.550514505719738,-1.7572848666884702,0.31359685671668497
-1.447146872005089,-1.7572848666884702,0.42944232182906217
-1.3437792382904399,-1.7572848666884702,0.5484342007849958
-1.2404116045757907,-1.7572848666884702,0.6558023295184525
-1.1370439708611417,-1.7572848666884702,0.7366035465689734
-1.0336763371464925,-1.7572848666884702,0.7787282352883202
-0.9303087034318435,-1.7572848666884702,0.775483460279809
-0.8269410697171936,-1.7572848666884702,0.7270896174999737
-0.7235734360025445,-1.7572848666884702,0.6406923542913054
-0.6202058022878953,-1.7572848666884702,0.5288735598714476
-0.5168381685732463,-1.7572848666884702,0.40703478838306745
-0.4134705348585972,-1.7572848666884702,0.2903109430701483
-0.31010290114394806,-1.7572848666884702,0.19077070089869175
-0.2067352674292982,-1.7572848666884702,0.1155488139414831
-0.1033676337146491,-1.7572848666884702,0.0662730529962202
0.,-1.7572848666884702,0.039783879175770656
0.1033676337146491,-1.7572848666884702,0.029807631549008843
0.2067352674292982,-1.7572848666884702,0.02903015390408912
0.31010290114394734,-1.7572848666884702,0.030980606151761285
0.4134705348585964,-1.7572848666884702,0.031270728795825924
0.5168381685732455,-1.7572848666884702,0.02798627670467567
0.6202058022878947,-1.7572848666884702,0.021306348501839396
0.7235734360025438,-1.7572848666884702,0.0126432943726776
0.8269410697171944,-1.7572848666884702,0.0036889992064466975
0.9303087034318435,-1.7572848666884702,-0.004293113204890528
1.0336763371464925,-1.7572848666884702,-0.010744868947948068
1.1370439708611417,-1.7572848666884702,-0.015669097140300448
1.2404116045757907,-1.7572848666884702,-0.019237872830158778
1.3437792382904399,-1.7572848666884702,-0.02140165678280354
1.447146872005089,-1.7572848666884702,-0.021714570207268913
1.550514505719738,-1.7572848666884702,-0.019471562489047467
1.6538821394343872,-1.7572848666884702,-0.014100234646353578
1.7572497731490362,-1.7572848666884702,-0.005626422905446328
1.8606174068636854,-1.7572848666884702,0.005012581865369845
1.9639850405783346,-1.7572848666884702,0.015982724804343283
2.0673526742929837,-1.7572848666884702,0.024945042951627028
2.1707203080076343,-1.7572848666884702,0.029721268921093766
2.2740879417222835,-1.7572848666884702,0.02901034502860737
2.3774555754369326,-1.7572848666884702,0.022894259371305237
2.4808232091515814,-1.7572848666884702,0.012930912848992336
2.5841908428662306,-1.7572848666884702,0.0017697870044230844
2.6875584765808798,-1.7572848666884702,-0.007606033172206817
2.790926110295529,-1.7572848666884702,-0.012771347099099951
2.894293744010178,-1.7572848666884702,-0.012588861932869021
2.997661377724827,-1.7572848666884702,-0.007531242800798652
3.101029011439476,-1.7572848666884702,0.000515064127990717
3.2043966451541253,-1.7572848666884702,0.008897762093115557
3.3077642788687744,-1.7572848666884702,0.015077007718164132
3.411131912583425,-1.7572848666884702,0.017434604114848647
3.514499546298074,-1.7572848666884702,0.015741209032936014
3.6178671800127233,-1.7572848666884702,0.011130748204625784
3.7212348137273725,-1.7572848666884702,0.005605497821493541
3.8246024474420213,-1.7572848666884702,0.0012599209048192227
3.9279700811566705,-1.7572848666884702,-0.0004921148683298319
4.031337714871319,-1.7572848666884702,0.0005922272743782139
4.134705348585968,-1.7572848666884702,0.003550133964899797
4.238072982300618,-1.7572848666884702,0.006640521941823774
4.341440616015267,-1.7572848666884702,0.008070657635808309
4.444808249729916,-1.7572848666884702,0.0067493966815403966
4.548175883444565,-1.7572848666884702,0.0027832694926806737
4.651543517159214,-1.7572848666884702,-0.0024765161262477633
4.754911150873865,-1.7572848666884702,-0.006865875687678074
4.858278784588514,-1.7572848666884702,-0.008173577169242743
4.961646418303163,-1.7572848666884702,-0.0049716989551146515
5.065014052017812,-1.7572848666884702,0.002787476900399609
5.168381685732461,-1.7572848666884702,0.013629139366923832
5.27174931944711,-1.7572848666884702,0.024932264263718678
5.3751169531617595,-1.7572848666884702,0.03370730639346922
5.478484586876409,-1.7572848666884702,0.03751639952579074
5.581852220591058,-1.7572848666884702,0.035225590068250455
5.685219854305707,-1.7572848666884702,0.02733551655479589
5.788587488020356,-1.7572848666884702,0.01578243172850557
5.8919551217350055,-1.7572848666884702,0.003284288161231425
5.995322755449654,-1.7572848666884702,-0.007537674112762762
6.098690389164305,-1.7572848666884702,-0.014957547308747597
6.202058022878954,-1.7572848666884702,-0.018592941354507966
6.305425656593603,-1.7572848666884702,-0.019360678965253248
6.408793290308252,-1.7572848666884702,-0.01897521713084609
-6.408793290308252,-1.653915168647972,-0.010514157703877442
-6.305425656593603,-1.653915168647972,-0.01479655032335697
-6.202058022878954,-1.653915168647972,-0.01992402776863189
-6.098690389164304,-1.653915168647972,-0.024419499773945887
-5.995322755449655,-1.653915168647972,-0.026593815307463606
-5.8919551217350055,-1.653915168647972,-0.025206325666475255
-5.788587488020356,-1.653915168647972,-0.020010397245966222
-5.685219854305708,-1.653915168647972,-0.011968313301340532
-5.581852220591058,-1.653915168647972,-0.003033961629357001
-5.478484586876409,-1.653915168647972,0.004442746326475916
-5.3751169531617595,-1.653915168647972,0.008494353712548083
-5.27174931944711,-1.653915168647972,0.008226448567292297
-5.168381685732461,-1.653915168647972,0.004169412576322563
-5.065014052017812,-1.653915168647972,-0.0018489532888906243
-4.961646418303163,-1.653915168647972,-0.007285819375321549
-4.858278784588514,-1.653915168647972,-0.009735696322468929
-4.754911150873865,-1.653915168647972,-0.007767444530178677
-4.651543517159215,-1.653915168647972,-0.0014577219325029355
-4.548175883444566,-1.653915168647972,0.007569745813855894
-4.444808249729917,-1.653915168647972,0.016624022963373283
-4.341440616015267,-1.653915168647972,0.022793963249777435
-4.238072982300618,-1.653915168647972,0.023883651694000425
-4.134705348585968,-1.653915168647972,0.01912563189752118
-4.031337714871319,-1.653915168647972,0.009435772041601577
-3.9279700811566705,-1.653915168647972,-0.002870910729242815
-3.8246024474420213,-1.653915168647972,-0.014801710757020177
-3.7212348137273725,-1.653915168647972,-0.023597371782348442
-3.6178671800127233,-1.653915168647972,-0.02752672461918633
-3.514499546298074,-1.653915168647972,-0.026307171995433382
-3.411131912583425,-1.653915168647972,-0.021030785703422098
-3.3077642788687753,-1.653915168647972,-0.013652252866552875
-3.204396645154126,-1.653915168647972,-0.0062467115732101845
-3.101029011439477,-1.653915168647972,-0.00031793113607872135
-2.9976613777248278,-1.653915168647972,0.003595531612450057
-2.8942937440101786,-1.653915168647972,0.00589394123158659
-2.790926110295529,-1.653915168647972,0.007518348858171047
-2.6875584765808798,-1.653915168647972,0.009381100641886058
-2.5841908428662306,-1.653915168647972,0.011898519788659781
-2.4808232091515814,-1.653915168647972,0.014863545794976755
-2.3774555754369326,-1.653915168647972,0.017760015872325806
-2.2740879417222835,-1.653915168647972,0.020431311036147832
-2.1707203080076334,-1.653915168647972,0.023844175145105673
-2.067352674292984,-1.653915168647972,0.030601500024313943
-1.9639850405783352,-1.653915168647972,0.044896689690682445
-1.8606174068636863,-1.653915168647972,0.07176460226146214
-1.757249773149037,-1.653915168647972,0.11572288469838139
-1.6538821394343879,-1.653915168647972,0.1791348477069485
-1.550514505719738,-1.653915168647972,0.26077766023468124
-1.447146872005089,-1.653915168647972,0.3551075066175211
-1.3437792382904399,-1.653915168647972,0.4525612501396662
-1.2404116045757907,-1.653915168647972,0.5409591329821344
-1.1370439708611417,-1.653915168647972,0.607754486154247
-1.0336763371464925,-1.653915168647972,0.6426116777529115
-0.9303087034318435,-1.653915168647972,0.6396669487626161
-0.8269410697171936,-1.653915168647972,0.59888225101798
-0.7235734360025445,-1.653915168647972,0.5261282524548517
-0.6202058022878953,-1.653915168647972,0.43196528939813006
-0.5168381685732463,-1.653915168647972,0.3294332816100426
-0.4134705348585972,-1.653915168647972,0.23141379209290844
-0.31010290114394806,-1.653915168647972,0.1482179960436068
-0.2067352674292982,-1.653915168647972,0.08596168103362321
-0.1033676337146491,-1.653915168647972,0.046046358864469346
0.,-1.653915168647972,0.02575138304926702
0.1033676337146491,-1.653915168647972,0.01965090525249571
0.2067352674292982,-1.653915168647972,0.02138460365614598
0.31010290114394734,-1.653915168647972,0.025277990157603677
0.4134705348585964,-1.653915168647972,0.027422799001723727
0.5168381685732455,-1.653915168647972,0.026041282183527876
0.6202058022878947,-1.653915168647972,0.021194426011627392
0.7235734360025438,-1.653915168647972,0.014077064866135105
0.8269410697171944,-1.653915168647972,0.006220923474235731
0.9303087034318435,-1.653915168647972,-0.001112401564339134
1.0336763371464925,-1.653915168647972,-0.007194386968621439
1.1370439708611417,-1.653915168647972,-0.011755314771382306
1.2404116045757907,-1.653915168647972,-0.01471198086110644
1.3437792382904399,-1.653915168647972,-0.01589461050168745
1.447146872005089,-1.653915168647972,-0.014939634407206422
1.550514505719738,-1.653915168647972,-0.011415843355626744
1.6538821394343872,-1.653915168647972,-0.005128699561757118
1.7572497731490362,-1.653915168647972,0.003547033760903202
1.8606174068636854,-1.653915168647972,0.013484037021283972
1.9639850405783346,-1.653915168647972,0.0228960843236276
2.0673526742929837,-1.653915168647972,0.029727758511530183
2.1707203080076343,-1.653915168647972,0.03223561844751728
2.2740879417222835,-1.653915168647972,0.029566286500592703
2.3774555754369326,-1.653915168647972,0.02211773502994956
2.4808232091515814,-1.653915168647972,0.011532002671749073
2.5841908428662306,-1.653915168647972,0.0002904231710212356
2.6875584765808798,-1.653915168647972,-0.008977472781667564
2.790926110295529,-1.653915168647972,-0.014254079721250411
2.894293744010178,-1.653915168647972,-0.014713185107191768
2.997661377724827,-1.653915168647972,-0.01092420140771657
3.101029011439476,-1.653915168647972,-0.004611371319327537
3.2043966451541253,-1.653915168647972,0.0019505643939625715
3.3077642788687744,-1.653915168647972,0.006698264356617945
3.411131912583425,-1.653915168647972,0.008439879166778803
3.514499546298074,-1.653915168647972,0.007190973747929154
3.6178671800127233,-1.653915168647972,0.004078596616692094
3.7212348137273725,-1.653915168647972,0.0008577937888358014
3.8246024474420213,-1.653915168647972,-0.000779579933076324
3.9279700811566705,-1.653915168647972,0.00014728620798873704
4.031337714871319,-1.653915168647972,0.0035364293425387467
4.134705348585968,-1.653915168647972,0.008239361914627453
4.238072982300618,-1.653915168647972,0.0124897119550785
4.341440616015267,-1.653915168647972,0.014567390381824937
4.444808249729916,-1.653915168647972,0.013456691742219723
4.548175883444565,-1.653915168647972,0.009258673882784315
4.651543517159214,-1.653915168647972,0.0032059087739056526
4.754911150873865,-1.653915168647972,-0.002730234742029853
4.858278784588514,-1.653915168647972,-0.006504041435832218
4.961646418303163,-1.653915168647972,-0.006698780006505709
5.065014052017812,-1.653915168647972,-0.003021936005461247
5.168381685732461,-1.653915168647972,0.0035809477082609457
5.27174931944711,-1.653915168647972,0.011232196405993445
5.3751169531617595,-1.653915168647972,0.01773826641501061
5.478484586876409,-1.653915168647972,0.021299014526745094
5.581852220591058,-1.653915168647972,0.021062913712941528
5.685219854305707,-1.653915168647972,0.017339680573129183
5.788587488020356,-1.653915168647972,0.011406908721456558
5.8919551217350055,-1.653915168647972,0.004993524607350563
5.995322755449654,-1.653915168647972,-0.00036271348810831025
6.098690389164305,-1.653915168647972,-0.0038450635729933348
6.202058022878954,-1.653915168647972,-0.005582605359003408
6.305425656593603,-1.653915168647972,-0.006494146832502518
6.408793290308252,-1.653915168647972,-0.007819289253320495
-6.408793290308252,-1.550545470607474,-0.003799133327563731
-6.305425656593603,-1.550545470607474,-0.010761445557413435
-6.202058022878954,-1.550545470607474,-0.017749538909449105
-6.098690389164304,-1.550545470607474,-0.022941798596159763
-5.995322755449655,-1.550545470607474,-0.024742779416577067
-5.8919551217350055,-1.550545470607474,-0.02236542868768512
-5.788587488020356,-1.550545470607474,-0.016184214071475536
-5.685219854305708,-1.550545470607474,-0.007711865117990655
-5.581852220591058,-1.550545470607474,0.0008196457669099404
-5.478484586876409,-1.550545470607474,0.0071512598939271685
-5.3751169531617595,-1.550545470607474,0.009734467140697662
-5.27174931944711,-1.550545470607474,0.008258366204690884
-5.168381685732461,-1.550545470607474,0.003771929038857957
-5.065014052017812,-1.550545470607474,-0.0016590040923407416
-4.961646418303163,-1.550545470607474,-0.005659529707294839
-4.858278784588514,-1.550545470607474,-0.0063857124933168795
-4.754911150873865,-1.550545470607474,-0.003208764677864958
-4.651543517159215,-1.550545470607474,0.0030013273741993363
-4.548175883444566,-1.550545470607474,0.010107023958175063
-4.444808249729917,-1.550545470607474,0.015388962636084958
-4.341440616015267,-1.550545470607474,0.016466560829863156
-4.238072982300618,-1.550545470607474,0.012145743121854784
-4.134705348585968,-1.550545470607474,0.002901632763492386
-4.031337714871319,-1.550545470607474,-0.009179440628932346
-3.9279700811566705,-1.550545470607474,-0.020994710728510706
-3.8246024474420213,-1.550545470607474,-0.029370572387169145
-3.7212348137273725,-1.550545470607474,-0.03205113999578312
-3.6178671800127233,-1.550545470607474,-0.02840304646808292
-3.514499546298074,-1.550545470607474,-0.019601979337176244
-3.411131912583425,-1.550545470607474,-0.008239431068811375
-3.3077642788687753,-1.550545470607474,0.002516802291686573
-3.204396645154126,-1.550545470607474,0.009924804957692004
-3.101029011439477,-1.550545470607474,0.01249710908623492
-2.9976613777248278,-1.550545470607474,0.010382961075847739
-2.8942937440101786,-1.550545470607474,0.00519021481398044
-2.790926110295529,-1.550545470607474,-0.0006684912315797925
-2.6875584765808798,-1.550545470607474,-0.0048515411860625
-2.5841908428662306,-1.550545470607474,-0.005853449483861711
-2.4808232091515814,-1.550545470607474,-0.0033675444859771176
-2.3774555754369326,-1.550545470607474,0.001896615250128428
-2.2740879417222835,-1.550545470607474,0.008877655844533615
-2.1707203080076334,-1.550545470607474,0.017053853056419245
-2.067352674292984,-1.550545470607474,0.02719990815864036
-1.9639850405783352,-1.550545470607474,0.041667011071574556
-1.8606174068636863,-1.550545470607474,0.06399016768456486
-1.757249773149037,-1.550545470607474,0.09785475576169561
-1.6538821394343879,-1.550545470607474,0.14568979296787743
-1.550514505719738,-1.550545470607474,0.20731819310087046
-1.447146872005089,-1.550545470607474,0.2791251968487913
-1.3437792382904399,-1.550545470607474,0.35408757198154095
-1.2404116045757907,-1.550545470607474,0.422769009711707
-1.1370439708611417,-1.550545470607474,0.47510192574425864
-1.0336763371464925,-1.550545470607474,0.5025306247632287
-0.9303087034318435,-1.550545470607474,0.49996291901708934
-0.8269410697171936,-1.550545470607474,0.46700872055078096
-0.7235734360025445,-1.550545470607474,0.4081677229507804
-0.6202058022878953,-1.550545470607474,0.33191006781848714
-0.5168381685732463,-1.550545470607474,0.24889014670807638
-0.4134705348585972,-1.550545470607474,0.1697573908563088
-0.31010290114394806,-1.550545470607474,0.10311573079813756
-0.2067352674292982,-1.550545470607474,0.054114731790994505
-0.1033676337146491,-1.550545470607474,0.023957282420494743
0.,-1.550545470607474,0.010345689668359298
0.1033676337146491,-1.550545470607474,0.008640557167956664
0.2067352674292982,-1.550545470607474,0.01334553758626983
0.31010290114394734,-1.550545470607474,0.019495479843879258
0.4134705348585964,-1.550545470607474,0.02361377873801512
0.5168381685732455,-1.550545470607474,0.024077207125829215
0.6202058022878947,-1.550545470607474,0.020921189249002478
0.7235734360025438,-1.550545470607474,0.01527274516762813
0.8269410697171944,-1.550545470607474,0.008669271893853732
0.9303087034318435,-1.550545470607474,0.0024979579857178505
1.0336763371464925,-1.550545470607474,-0.0023054287917014292
1.1370439708611417,-1.550545470607474,-0.005284661008137749
1.2404116045757907,-1.550545470607474,-0.006309754146824274
1.3437792382904399,-1.550545470607474,-0.005383840594518529
1.447146872005089,-1.550545470607474,-0.0025348356220017848
1.550514505719738,-1.550545470607474,0.00215219598023692
1.6538821394343872,-1.550545470607474,0.008392612950006683
1.7572497731490362,-1.550545470607474,0.015546293741348634
1.8606174068636854,-1.550545470607474,0.02256235273930052
1.9639850405783346,-1.550545470607474,0.028100870448428242
2.0673526742929837,-1.550545470607474,0.0308313352637093
2.1707203080076343,-1.550545470607474,0.029824095788767723
2.2740879417222835,-1.550545470607474,0.024896377509098115
2.3774555754369326,-1.550545470607474,0.016772725371542067
2.4808232091515814,-1.550545470607474,0.006974830349588224
2.5841908428662306,-1.550545470607474,-0.002551093271580694
2.6875584765808798,-1.550545470607474,-0.009964140893852875
2.790926110295529,-1.550545470607474,-0.014046559617258725
2.894293744010178,-1.550545470607474,-0.014535209727174812
2.997661377724827,-1.550545470607474,-0.012150233101451224
3.101029011439476,-1.550545470607474,-0.008306640352050332
3.2043966451541253,-1.550545470607474,-0.004604930718042519
3.3077642788687744,-1.550545470607474,-0.0022757247092849704
3.411131912583425,-1.550545470607474,-0.0017715182278141455
3.514499546298074,-1.550545470607474,-0.002648340224240646
3.6178671800127233,-1.550545470607474,-0.003778237265705321
3.7212348137273725,-1.550545470607474,-0.0038158976061408887
3.8246024474420213,-1.550545470607474,-0.001751294372750421
3.9279700811566705,-1.550545470607474,0.002652018977939651
4.031337714871319,-1.550545470607474,0.008694288516508008
4.134705348585968,-1.550545470607474,0.014916968148776464
4.238072982300618,-1.550545470607474,0.019563798137423986
4.341440616015267,-1.550545470607474,0.021167652246375877
4.444808249729916,-1.550545470607474,0.01905914499126355
4.548175883444565,-1.550545470607474,0.013618920743815696
4.651543517159214,-1.550545470607474,0.006184433194663715
4.754911150873865,-1.550545470607474,-0.001357698732314869
4.858278784588514,-1.550545470607474,-0.007153768487661068
4.961646418303163,-1.550545470607474,-0.009940602883517636
5.065014052017812,-1.550545470607474,-0.009391571730973077
5.168381685732461,-1.550545470607474,-0.006141443715812178
5.27174931944711,-1.550545470607474,-0.0014956480284353175
5.3751169531617595,-1.550545470607474,0.0030596263500333593
5.478484586876409,-1.550545470607474,0.006363345795942504
5.581852220591058,-1.550545470607474,0.00791950601214272
5.685219854305707,-1.550545470607474,0.007956603884649914
5.788587488020356,-1.550545470607474,0.007201037132353493
5.8919551217350055,-1.550545470607474,0.006467812412086766
5.995322755449654,-1.550545470607474,0.0062405991600253475
6.098690389164305,-1.550545470607474,0.0064155983021931895
6.202058022878954,-1.550545470607474,0.0063186614870792985
6.305425656593603,-1.550545470607474,0.004996645927877729
6.408793290308252,-1.550545470607474,0.0016728342747839564
-6.408793290308252,-1.4471757725669758,-0.0007772492142474224
-6.305425656593603,-1.4471757725669758,-0.01006051875186335
-6.202058022878954,-1.4471757725669758,-0.018681129951173263
-6.098690389164304,-1.4471757725669758,-0.02450396354629869
-5.995322755449655,-1.4471757725669758,-0.0259764453163749
-5.8919551217350055,-1.4471757725669758,-0.022660836241360505
-5.788587488020356,-1.4471757725669758,-0.015438409375607063
-5.685219854305708,-1.4471757725669758,-0.0062924297696866855
-5.581852220591058,-1.4471757725669758,0.002280971140424908
-5.478484586876409,-1.4471757725669758,0.008052245356422067
-5.3751169531617595,-1.4471757725669758,0.009770921273097121
-5.27174931944711,-1.4471757725669758,0.007565042180610719
-5.168381685732461,-1.4471757725669758,0.002879365918896238
-5.065014052017812,-1.4471757725669758,-0.0020418078192736317
-4.961646418303163,-1.4471757725669758,-0.004962747479394567
-4.858278784588514,-1.4471757725669758,-0.004483091467289122
-4.754911150873865,-1.4471757725669758,-0.0005937127767665202
-4.651543517159215,-1.4471757725669758,0.005245321293917087
-4.548175883444566,-1.4471757725669758,0.01055380058709646
-4.444808249729917,-1.4471757725669758,0.012675321424681203
-4.341440616015267,-1.4471757725669758,0.009741192784177503
-4.238072982300618,-1.4471757725669758,0.00142553380298466
-4.134705348585968,-1.4471757725669758,-0.010780360874911294
-4.031337714871319,-1.4471757725669758,-0.023894412590637914
-3.9279700811566705,-1.4471757725669758,-0.034292578451967155
-3.8246024474420213,-1.4471757725669758,-0.03882283607698624
-3.7212348137273725,-1.4471757725669758,-0.03582866592092596
-3.6178671800127233,-1.4471757725669758,-0.02574391602579793
-3.514499546298074,-1.4471757725669758,-0.011051546861252586
-3.411131912583425,-1.4471757725669758,0.00439864708884897
-3.3077642788687753,-1.4471757725669758,0.01650979411240704
-3.204396645154126,-1.4471757725669758,0.0221466776770258
-3.101029011439477,-1.4471757725669758,0.02005269457796753
-2.9976613777248278,-1.4471757725669758,0.011186961138491382
-2.8942937440101786,-1.4471757725669758,-0.001618365393877143
-2.790926110295529,-1.4471757725669758,-0.014558621998672356
-2.6875584765808798,-1.4471757725669758,-0.024011237574342547
-2.5841908428662306,-1.4471757725669758,-0.027559774022447366
-2.4808232091515814,-1.4471757725669758,-0.024550752642994837
-2.3774555754369326,-1.4471757725669758,-0.01600814575397729
-2.2740879417222835,-1.4471757725669758,-0.003952037449768333
-2.1707203080076334,-1.4471757725669758,0.009624549644963315
-2.067352674292984,-1.4471757725669758,0.023743594485435886
-1.9639850405783352,-1.4471757725669758,0.039021890797344604
-1.8606174068636863,-1.4471757725669758,0.057602042513382176
-1.757249773149037,-1.4471757725669758,0.08241225493681138
-1.6538821394343879,-1.4471757725669758,0.11596579170616234
-1.550514505719738,-1.4471757725669758,0.15908204277889687
-1.447146872005089,-1.4471757725669758,0.20996223666089422
-1.3437792382904399,-1.4471757725669758,0.2639644969765601
-1.2404116045757907,-1.4471757725669758,0.3142206507917274
-1.1370439708611417,-1.4471757725669758,0.3529832093688548
-1.0336763371464925,-1.4471757725669758,0.37336434491724363
-0.9303087034318435,-1.4471757725669758,0.3710000970120632
-0.8269410697171936,-1.4471757725669758,0.3451822807466966
-0.7235734360025445,-1.4471757725669758,0.2991444553605558
-0.6202058022878953,-1.4471757725669758,0.2394223431070904
-0.5168381685732463,-1.4471757725669758,0.17446216678607146
-0.4134705348585972,-1.4471757725669758,0.11284755637792314
-0.31010290114394806,-1.4471757725669758,0.06160142760840774
-0.2067352674292982,-1.4471757725669758,0.024973768520708754
-0.1033676337146491,-1.4471757725669758,0.003969993788781759
0.,-1.4471757725669758,-0.0033402960850262373
0.1033676337146491,-1.4471757725669758,-0.0009014560144636514
0.2067352674292982,-1.4471757725669758,0.006555348415380811
0.31010290114394734,-1.4471757725669758,0.014696969303178074
0.4134705348585964,-1.4471757725669758,0.020444805135595236
0.5168381685732455,-1.4471757725669758,0.022350066642456066
0.6202058022878947,-1.4471757725669758,0.020490809953329425
0.7235734360025438,-1.4471757725669758,0.016023023603318046
0.8269410697171944,-1.4471757725669758,0.01058557170747506
0.9303087034318435,-1.4471757725669758,0.005753903188962165
1.0336763371464925,-1.4471757725669758,0.002674384405467317
1.1370439708611417,-1.4471757725669758,0.0019211843501079611
1.2404116045757907,-1.4471757725669758,0.0035362790123984597
1.3437792382904399,-1.4471757725669758,0.007167000073651458
1.447146872005089,-1.4471757725669758,0.012214084810880356
1.550514505719738,-1.4471757725669758,0.0179373740612523
1.6538821394343872,-1.4471757725669758,0.023514416099856363
1.7572497731490362,-1.4471757725669758,0.028084852036454038
1.8606174068636854,-1.4471757725669758,0.03082370901405282
1.9639850405783346,-1.4471757725669758,0.031066718619681414
2.0673526742929837,-1.4471757725669758,0.028471961601591805
2.1707203080076343,-1.4471757725669758,0.023164742248678784
2.2740879417222835,-1.4471757725669758,0.015796556191988546
2.3774555754369326,-1.4471757725669758,0.007465176078541966
2.4808232091515814,-1.4471757725669758,-0.0005120118676745824
2.5841908428662306,-1.4471757725669758,-0.006921745161661803
2.6875584765808798,-1.4471757725669758,-0.010979454232295271
2.790926110295529,-1.4471757725669758,-0.012543714137560016
2.894293744010178,-1.4471757725669758,-0.01213637424168509
2.997661377724827,-1.4471757725669758,-0.01074605098619844
3.101029011439476,-1.4471757725669758,-0.009468995763703544
3.2043966451541253,-1.4471757725669758,-0.009104233593115548
3.3077642788687744,-1.4471757725669758,-0.009844615325104682
3.411131912583425,-1.4471757725669758,-0.011180151145523174
3.514499546298074,-1.4471757725669758,-0.012060804156157607
3.6178671800127233,-1.4471757725669758,-0.011275545063820605
3.7212348137273725,-1.4471757725669758,-0.00792459140755325
3.8246024474420213,-1.4471757725669758,-0.001821740814716733
3.9279700811566705,-1.4471757725669758,0.006320257214235032
4.031337714871319,-1.4471757725669758,0.014999649751601164
4.134705348585968,-1.4471757725669758,0.02231036085718856
4.238072982300618,-1.4471757725669758,0.02648556831563009
4.341440616015267,-1.4471757725669758,0.026426405503487765
4.444808249729916,-1.4471757725669758,0.022042611481870197
4.548175883444565,-1.4471757725669758,0.014292032014663355
4.651543517159214,-1.4471757725669758,0.004905388704552908
4.754911150873865,-1.4471757725669758,-0.004112583388985911
4.858278784588514,-1.4471757725669758,-0.011041150047443707
4.961646418303163,-1.4471757725669758,-0.014879884408530811
5.065014052017812,-1.4471757725669758,-0.015528652895304427
5.168381685732461,-1.4471757725669758,-0.013668912400227353
5.27174931944711,-1.4471757725669758,-0.010409106881046721
5.3751169531617595,-1.4471757725669758,-0.006837277950804757
5.478484586876409,-1.4471757725669758,-0.0036507143349635233
5.581852220591058,-1.4471757725669758,-0.0009962390429832557
5.685219854305707,-1.4471757725669758,0.0014307312514681883
5.788587488020356,-1.4471757725669758,0.004083004484252422
5.8919551217350055,-1.4471757725669758,0.0071904511424621224
5.995322755449654,-1.4471757725669758,0.010486056331484212
6.098690389164305,-1.4471757725669758,0.013158973505652432
6.202058022878954,-1.4471757725669758,0.014076461975450896
6.305425656593603,-1.4471757725669758,0.012208250846347126
6.408793290308252,-1.4471757725669758,0.007098882733343168
-6.408793290308252,-1.3438060745264775,-0.0015898197444254422
-6.305425656593603,-1.3438060745264775,-0.012438219425085136
-6.202058022878954,-1.3438060745264775,-0.022282694633888926
-6.098690389164304,-1.3438060745264775,-0.02872901402533733
-5.995322755449655,-1.3438060745264775,-0.030162516301559028
-5.8919551217350055,-1.3438060745264775,-0.026282180639642737
-5.788587488020356,-1.3438060745264775,-0.018238820412591814
-5.685219854305708,-1.3438060745264775,-0.008311167074879543
-5.581852220591058,-1.3438060745264775,0.0007903772486134996
-5.478484586876409,-1.3438060745264775,0.006771108170868824
-5.3751169531617595,-1.3438060745264775,0.00846940916291938
-5.27174931944711,-1.3438060745264775,0.006198329715418956
-5.168381685732461,-1.3438060745264775,0.0015871418329162197
-5.065014052017812,-1.3438060745264775,-0.0030325562343836874
-4.961646418303163,-1.3438060745264775,-0.00549262479211436
-4.858278784588514,-1.3438060745264775,-0.004608724351086335
-4.754911150873865,-1.3438060745264775,-0.000664017127817794
-4.651543517159215,-1.3438060745264775,0.004627668101022526
-4.548175883444566,-1.3438060745264775,0.008688237525134186
-4.444808249729917,-1.3438060745264775,0.008995832158968526
-4.341440616015267,-1.3438060745264775,0.004052914702919722
-4.238072982300618,-1.3438060745264775,-0.005935385457896875
-4.134705348585968,-1.3438060745264775,-0.01892657332357946
-4.031337714871319,-1.3438060745264775,-0.031530389186176726
-3.9279700811566705,-1.3438060745264775,-0.03999587448360693
-3.8246024474420213,-1.3438060745264775,-0.041396091151730964
-3.7212348137273725,-1.3438060745264775,-0.03463126793471685
-3.6178671800127233,-1.3438060745264775,-0.020914567407516214
-3.514499546298074,-1.3438060745264775,-0.003559963797179802
-3.411131912583425,-1.3438060745264775,0.012889455770511095
-3.3077642788687753,-1.3438060745264775,0.023942450115513443
-3.204396645154126,-1.3438060745264775,0.026463714017866437
-3.101029011439477,-1.3438060745264775,0.01960079247285867
-2.9976613777248278,-1.3438060745264775,0.005047191017335686
-2.8942937440101786,-1.3438060745264775,-0.013438870663242558
-2.790926110295529,-1.3438060745264775,-0.031107997549803815
-2.6875584765808798,-1.3438060745264775,-0.043549093537190706
-2.5841908428662306,-1.3438060745264775,-0.047861870797748896
-2.4808232091515814,-1.3438060745264775,-0.043315229876382415
-2.3774555754369326,-1.3438060745264775,-0.03130396365619221
-2.2740879417222835,-1.3438060745264775,-0.014644445330517604
-2.1707203080076334,-1.3438060745264775,0.003537337408343878
-2.067352674292984,-1.3438060745264775,0.02094356588976626
-1.9639850405783352,-1.3438060745264775,0.03688315996968008
-1.8606174068636863,-1.3438060745264775,0.052428416563714726
-1.757249773149037,-1.3438060745264775,0.06989447396477118
-1.6538821394343879,-1.3438060745264775,0.09181146238300725
-1.550514505719738,-1.3438060745264775,0.11972929045076705
-1.447146872005089,-1.3438060745264775,0.15325576576383312
-1.3437792382904399,-1.3438060745264775,0.18966132925496382
-1.2404116045757907,-1.3438060745264775,0.22421025425505267
-1.1370439708611417,-1.3438060745264775,0.2511540966356512
-1.0336763371464925,-1.3438060745264775,0.2651188644977864
-0.9303087034318435,-1.3438060745264775,0.26249564369283446
-0.8269410697171936,-1.3438060745264775,0.2424410298177556
-0.7235734360025445,-1.3438060745264775,0.20720699803312212
-0.6202058022878953,-1.3438060745264775,0.16171247538171435
-0.5168381685732463,-1.3438060745264775,0.11248086258561023
-0.4134705348585972,-1.3438060745264775,0.06623588990699554
-0.31010290114394806,-1.3438060745264775,0.02852566282520048
-0.2067352674292982,-1.3438060745264775,0.0027145198876497518
-0.1033676337146491,-1.3438060745264775,-0.010439525414504621
0.,-1.3438060745264775,-0.012575431846835662
0.1033676337146491,-1.3438060745264775,-0.007009382370307202
0.2067352674292982,-1.3438060745264775,0.0022568642836964907
0.31010290114394734,-1.3438060745264775,0.011522408223132094
0.4134705348585964,-1.3438060745264775,0.018132399185202677
0.5168381685732455,-1.3438060745264775,0.020844390783334804
0.6202058022878947,-1.3438060745264775,0.019797705438096107
0.7235734360025438,-1.3438060745264775,0.01617080809284176
0.8269410697171944,-1.3438060745264775,0.011672095887995457
0.9303087034318435,-1.3438060745264775,0.008018292176364652
1.0336763371464925,-1.3438060745264775,0.006520461989606295
1.1370439708611417,-1.3438060745264775,0.007840859321936565
1.2404116045757907,-1.3438060745264775,0.01192730866530596
1.3437792382904399,-1.3438060745264775,0.018092659305086647
1.447146872005089,-1.3438060745264775,0.025191247716016173
1.550514505719738,-1.3438060745264775,0.03184767632459604
1.6538821394343872,-1.3438060745264775,0.036704533720185534
1.7572497731490362,-1.3438060745264775,0.038663868198113925
1.8606174068636854,-1.3438060745264775,0.037096719122701065
1.9639850405783346,-1.3438060745264775,0.03198810779310118
2.0673526742929837,-1.3438060745264775,0.023980045587876902
2.1707203080076343,-1.3438060745264775,0.014282089211553162
2.2740879417222835,-1.3438060745264775,0.004443091842060231
2.3774555754369326,-1.3438060745264775,-0.00398397553980801
2.4808232091515814,-1.3438060745264775,-0.009811565914391968
2.5841908428662306,-1.3438060745264775,-0.012522100080627525
2.6875584765808798,-1.3438060745264775,-0.012409743265265382
2.790926110295529,-1.3438060745264775,-0.010497525372784764
2.894293744010178,-1.3438060745264775,-0.008231442999426923
2.997661377724827,-1.3438060745264775,-0.007025889435030131
3.101029011439476,-1.3438060745264775,-0.007791930845711904
3.2043966451541253,-1.3438060745264775,-0.010599288822559186
3.3077642788687744,-1.3438060745264775,-0.01459319559315061
3.411131912583425,-1.3438060745264775,-0.018213758686566175
3.514499546298074,-1.3438060745264775,-0.01966939090547999
3.6178671800127233,-1.3438060745264775,-0.017528319824317087
3.7212348137273725,-1.3438060745264775,-0.0112437500768398
3.8246024474420213,-1.3438060745264775,-0.0014380691417315006
3.9279700811566705,-1.3438060745264775,0.010160172770694682
4.031337714871319,-1.3438060745264775,0.021125751314112873
4.134705348585968,-1.3438060745264775,0.028980344407642192
4.238072982300618,-1.3438060745264775,0.03187878840041738
4.341440616015267,-1.3438060745264775,0.029127733176499963
4.444808249729916,-1.3438060745264775,0.02137574933699363
4.548175883444565,-1.3438060745264775,0.010416610298208014
4.651543517159214,-1.3438060745264775,-0.001329851953682338
4.754911150873865,-1.3438060745264775,-0.011493003225707689
4.858278784588514,-1.3438060745264775,-0.01836961803123044
4.961646418303163,-1.3438060745264775,-0.02129601547682225
5.065014052017812,-1.3438060745264775,-0.020671898996910878
5.168381685732461,-1.3438060745264775,-0.01765325408649675
5.27174931944711,-1.3438060745264775,-0.013642640886538257
5.3751169531617595,-1.3438060745264775,-0.009769149087973349
5.478484586876409,-1.3438060745264775,-0.006545129973102386
5.581852220591058,-1.3438060745264775,-0.0038148987042613994
5.685219854305707,-1.3438060745264775,-0.000997977075277713
5.788587488020356,-1.3438060745264775,0.0024830891036659005
5.8919551217350055,-1.3438060745264775,0.006771653965139635
5.995322755449654,-1.3438060745264775,0.011327456583004773
6.098690389164305,-1.3438060745264775,0.014976758825949751
6.202058022878954,-1.3438060745264775,0.01626647604912106
6.305425656593603,-1.3438060745264775,0.014006819646290263
6.408793290308252,-1.3438060745264775,0.007805383423363321
-6.408793290308252,-1.2404363764859794,-0.004912771969251578
-6.305425656593603,-1.2404363764859794,-0.016460114510108634
-6.202058022878954,-1.2404363764859794,-0.027150280709338233
-6.098690389164304,-1.2404363764859794,-0.034368747780211276
-5.995322755449655,-1.2404363764859794,-0.03629080600264844
-5.8919551217350055,-1.2404363764859794,-0.032482758358590526
-5.788587488020356,-1.2404363764859794,-0.024074611913234255
-5.685219854305708,-1.2404363764859794,-0.013431729748167484
-5.581852220591058,-1.2404363764859794,-0.003422922135629155
-5.478484586876409,-1.2404363764859794,0.0034769661158636908
-5.3751169531617595,-1.2404363764859794,0.0059503528003686385
-5.27174931944711,-1.2404363764859794,0.00420708142252461
-5.168381685732461,-1.2404363764859794,-0.00016666625964848985
-5.065014052017812,-1.2404363764859794,-0.004831064543901809
-4.961646418303163,-1.2404363764859794,-0.007573265318252218
-4.858278784588514,-1.2404363764859794,-0.007139041103097271
-4.754911150873865,-1.2404363764859794,-0.003719914554311793
-4.651543517159215,-1.2404363764859794,0.0010854231499861393
-4.548175883444566,-1.2404363764859794,0.0048364800019098705
-4.444808249729917,-1.2404363764859794,0.005158929457744601
-4.341440616015267,-1.2404363764859794,0.0006843398522277689
-4.238072982300618,-1.2404363764859794,-0.008312114680184043
-4.134705348585968,-1.2404363764859794,-0.01981833973342108
-4.031337714871319,-1.2404363764859794,-0.030601118397450618
-3.9279700811566705,-1.2404363764859794,-0.037189846720914334
-3.8246024474420213,-1.2404363764859794,-0.03702179345103239
-3.7212348137273725,-1.2404363764859794,-0.029374566591364882
-3.6178671800127233,-1.2404363764859794,-0.01576612429738098
-3.514499546298074,-1.2404363764859794,0.0003353012109519069
-3.411131912583425,-1.2404363764859794,0.014430703945648882
-3.3077642788687753,-1.2404363764859794,0.022274534596252015
-3.204396645154126,-1.2404363764859794,0.021136009493246777
-3.101029011439477,-1.2404363764859794,0.010648991800148002
-2.9976613777248278,-1.2404363764859794,-0.007015231119415507
-2.8942937440101786,-1.2404363764859794,-0.027710010235157193
-2.790926110295529,-1.2404363764859794,-0.046441163269936206
-2.6875584765808798,-1.2404363764859794,-0.05871815843083566
-2.5841908428662306,-1.2404363764859794,-0.06172132436195714
-2.4808232091515814,-1.2404363764859794,-0.0549410890304695
-2.3774555754369326,-1.2404363764859794,-0.040115399677096944
-2.2740879417222835,-1.2404363764859794,-0.020513065850518746
-2.1707203080076334,-1.2404363764859794,0.00018726843951886996
-2.067352674292984,-1.2404363764859794,0.019054142790722498
-1.9639850405783352,-1.2404363764859794,0.03472845105310235
-1.8606174068636863,-1.2404363764859794,0.04766587531383761
-1.757249773149037,-1.2404363764859794,0.05973921211573259
-1.6538821394343879,-1.2404363764859794,0.07335005631156896
-1.550514505719738,-1.2404363764859794,0.09035360123068206
-1.447146872005089,-1.2404363764859794,0.11115467343573018
-1.3437792382904399,-1.2404363764859794,0.1342731631465027
-1.2404116045757907,-1.2404363764859794,0.1565248646454886
-1.1370439708611417,-1.2404363764859794,0.1737697567585261
-1.0336763371464925,-1.2404363764859794,0.18200553482047668
-0.9303087034318435,-1.2404363764859794,0.1784827464917306
-0.8269410697171936,-1.2404363764859794,0.16251732533043522
-0.7235734360025445,-1.2404363764859794,0.1357723597609098
-0.6202058022878953,-1.2404363764859794,0.10193991195225224
-0.5168381685732463,-1.2404363764859794,0.06592473558662792
-0.4134705348585972,-1.2404363764859794,0.03276358708083877
-0.31010290114394806,-1.2404363764859794,0.0065706896347738205
-0.2067352674292982,-1.2404363764859794,-0.01022872539132279
-0.1033676337146491,-1.2404363764859794,-0.017213150677069196
0.,-1.2404363764859794,-0.015797115050656604
0.1033676337146491,-1.2404363764859794,-0.008676562730036653
0.2067352674292982,-1.2404363764859794,0.0009323730605274674
0.31010290114394734,-1.2404363764859794,0.010055314110041727
0.4134705348585964,-1.2404363764859794,0.016548141034311382
0.5168381685732455,-1.2404363764859794,0.019408510084865487
0.6202058022878947,-1.2404363764859794,0.01878982262037152
0.7235734360025438,-1.2404363764859794,0.015767568946655514
0.8269410697171944,-1.2404363764859794,0.011950280955455717
0.9303087034318435,-1.2404363764859794,0.009038122186880342
1.0336763371464925,-1.2404363764859794,0.008418554799822411
1.1370439708611417,-1.2404363764859794,0.010862855604036376
1.2404116045757907,-1.2404363764859794,0.016360796789260713
1.3437792382904399,-1.2404363764859794,0.02410943088532339
1.447146872005089,-1.2404363764859794,0.03265509023002079
1.550514505719738,-1.2404363764859794,0.040170952423935515
1.6538821394343872,-1.2404363764859794,0.044831818369983255
1.7572497731490362,-1.2404363764859794,0.04522356579273281
1.8606174068636854,-1.2404363764859794,0.0407035645290363
1.9639850405783346,-1.2404363764859794,0.03162075096981813
2.0673526742929837,-1.2404363764859794,0.019319973122676245
2.1707203080076343,-1.2404363764859794,0.005898290064045563
2.2740879417222835,-1.2404363764859794,-0.006255319286580038
2.3774555754369326,-1.2404363764859794,-0.015037532335618381
2.4808232091515814,-1.2404363764859794,-0.019176687311548257
2.5841908428662306,-1.2404363764859794,-0.018587591840433
2.6875584765808798,-1.2404363764859794,-0.014413883832342832
2.790926110295529,-1.2404363764859794,-0.00871885686116559
2.894293744010178,-1.2404363764859794,-0.0038901640037485364
2.997661377724827,-1.2404363764859794,-0.0019186524135118644
3.101029011439476,-1.2404363764859794,-0.003764295478985064
3.2043966451541253,-1.2404363764859794,-0.009011213169417123
3.3077642788687744,-1.2404363764859794,-0.015937018537144094
3.411131912583425,-1.2404363764859794,-0.021999074203516943
3.514499546298074,-1.2404363764859794,-0.024608508065282853
3.6178671800127233,-1.2404363764859794,-0.021964497810964382
3.7212348137273725,-1.2404363764859794,-0.013690489511034349
3.8246024474420213,-1.2404363764859794,-0.0010643570034134173
3.9279700811566705,-1.2404363764859794,0.013246422236037001
4.031337714871319,-1.2404363764859794,0.025881429558501663
4.134705348585968,-1.2404363764859794,0.03371565982873331
4.238072982300618,-1.2404363764859794,0.034742324460719676
4.341440616015267,-1.2404363764859794,0.02864218795225492
4.444808249729916,-1.2404363764859794,0.01686608831127005
4.548175883444565,-1.2404363764859794,0.002207855625673026
4.651543517159214,-1.2404363764859794,-0.011996759932493033
4.754911150873865,-1.2404363764859794,-0.022794688279718634
4.858278784588514,-1.2404363764859794,-0.028379381389723717
4.961646418303163,-1.2404363764859794,-0.028467688099065566
5.065014052017812,-1.2404363764859794,-0.024193905682175935
5.168381685732461,-1.2404363764859794,-0.01758404748757918
5.27174931944711,-1.2404363764859794,-0.01080760658822922
5.3751169531617595,-1.2404363764859794,-0.0054690075853078704
5.478484586876409,-1.2404363764859794,-0.002175577814169841
5.581852220591058,-1.2404363764859794,-0.0005131950598820719
5.685219854305707,-1.2404363764859794,0.0005877521162587113
5.788587488020356,-1.2404363764859794,0.0022527405857370327
5.8919551217350055,-1.2404363764859794,0.005067831817789239
5.995322755449654,-1.2404363764859794,0.008721796486587254
6.098690389164305,-1.2404363764859794,0.012029374249019908
6.202058022878954,-1.2404363764859794,0.013337354341827926
6.305425656593603,-1.2404363764859794,0.011170928836662519
6.408793290308252,-1.2404363764859794,0.004883100703203482
-6.408793290308252,-1.1370666784454813,-0.00859403628350244
-6.305425656593603,-1.1370666784454813,-0.020107786342743822
-6.202058022878954,-1.1370666784454813,-0.03140799478136036
-6.098690389164304,-1.1370666784454813,-0.039670469103551084
-5.995322755449655,-1.1370666784454813,-0.042711568873464764
-5.8919551217350055,-1.1370666784454813,-0.039716820388069424
-5.788587488020356,-1.1370666784454813,-0.03153666719497779
-5.685219854305708,-1.1370666784454813,-0.02044136551601316
-5.581852220591058,-1.1370666784454813,-0.009411848272066075
-5.478484586876409,-1.1370666784454813,-0.0012028553946253659
-5.3751169531617595,-1.1370666784454813,0.0025065870266343733
-5.27174931944711,-1.1370666784454813,0.001589758168596381
-5.168381685732461,-1.1370666784454813,-0.002581680127572556
-5.065014052017812,-1.1370666784454813,-0.007697129825160182
-4.961646418303163,-1.1370666784454813,-0.011372846154269093
-4.858278784588514,-1.1370666784454813,-0.01201938983441125
-4.754911150873865,-1.1370666784454813,-0.009406050124946448
-4.651543517159215,-1.1370666784454813,-0.0047234979859252495
-4.548175883444566,-1.1370666784454813,-0.00012167121188273619
-4.444808249729917,-1.1370666784454813,0.002115084861270516
-4.341440616015267,-1.1370666784454813,0.00046341098515315966
-4.238072982300618,-1.1370666784454813,-0.005195046641668014
-4.134705348585968,-1.1370666784454813,-0.013420733922260349
-4.031337714871319,-1.1370666784454813,-0.02162713786193387
-3.9279700811566705,-1.1370666784454813,-0.026932879896735356
-3.8246024474420213,-1.1370666784454813,-0.02717506829735661
-3.7212348137273725,-1.1370666784454813,-0.0217394115276117
-3.6178671800127233,-1.1370666784454813,-0.011913906579450712
-3.514499546298074,-1.1370666784454813,-0.0006244737403025152
-3.411131912583425,-1.1370666784454813,0.008386903409925003
-3.3077642788687753,-1.1370666784454813,0.011695136148864247
-3.204396645154126,-1.1370666784454813,0.007282120048445866
-3.101029011439477,-1.1370666784454813,-0.004763163421074945
-2.9976613777248278,-1.1370666784454813,-0.02216203489604317
-2.8942937440101786,-1.1370666784454813,-0.041014920905984506
-2.790926110295529,-1.1370666784454813,-0.0568509346669163
-2.6875584765808798,-1.1370666784454813,-0.06583823902415434
-2.5841908428662306,-1.1370666784454813,-0.06578868127292142
-2.4808232091515814,-1.1370666784454813,-0.05666017800928926
-2.3774555754369326,-1.1370666784454813,-0.040422531656608335
-2.2740879417222835,-1.1370666784454813,-0.020353112032294004
-2.1707203080076334,-1.1370666784454813,-3.1574525604453747e-6
-2.067352674292984,-1.1370666784454813,0.01783155622388736
-1.9639850405783352,-1.1370666784454813,0.03181749428405898
-1.8606174068636863,-1.1370666784454813,0.04226502378828443
-1.757249773149037,-1.1370666784454813,0.0507576726968493
-1.6538821394343879,-1.1370666784454813,0.05937851529244616
-1.550514505719738,-1.1370666784454813,0.06980512605450505
-1.447146872005089,-1.1370666784454813,0.0825750253646261
-1.3437792382904399,-1.1370666784454813,0.0967569176030114
-1.2404116045757907,-1.1370666784454813,0.11012494111926
-1.1370439708611417,-1.1370666784454813,0.1197708038720387
-1.0336763371464925,-1.1370666784454813,0.12295450436263486
-0.9303087034318435,-1.1370666784454813,0.11792885859510573
-0.8269410697171936,-1.1370666784454813,0.10449257052060905
-0.7235734360025445,-1.1370666784454813,0.08411949107018783
-0.6202058022878953,-1.1370666784454813,0.05964414504800128
-0.5168381685732463,-1.1370666784454813,0.034611949862248616
-0.4134705348585972,-1.1370666784454813,0.01248819264871744
-0.31010290114394806,-1.1370666784454813,-0.004058907216032791
-0.2067352674292982,-1.1370666784454813,-0.013628255340053899
-0.1033676337146491,-1.1370666784454813,-0.01622223482162817
0.,-1.1370666784454813,-0.013060631914983764
0.1033676337146491,-1.1370666784454813,-0.006162916936721295
0.2067352674292982,-1.1370666784454813,0.0021695825839348724
0.31010290114394734,-1.1370666784454813,0.009842506811905335
0.4134705348585964,-1.1370666784454813,0.015334526391745545
0.5168381685732455,-1.1370666784454813,0.017896333431707417
0.6202058022878947,-1.1370666784454813,0.017582805015114118
0.7235734360025438,-1.1370666784454813,0.015146256075392875
0.8269410697171944,-1.1370666784454813,0.01182781997827554
0.9303087034318435,-1.1370666784454813,0.009081696074477659
1.0336763371464925,-1.1370666784454813,0.00826397269656064
1.1370439708611417,-1.1370666784454813,0.010321833971217408
1.2404116045757907,-1.1370666784454813,0.015530657113381037
1.3437792382904399,-1.1370666784454813,0.023338224089744702
1.447146872005089,-1.1370666784454813,0.0323750067211751
1.550514505719738,-1.1370666784454813,0.04066718002661423
1.6538821394343872,-1.1370666784454813,0.04604283951249289
1.7572497731490362,-1.1370666784454813,0.04666146636856019
1.8606174068636854,-1.1370666784454813,0.041541432460007556
1.9639850405783346,-1.1370666784454813,0.03093309310845466
2.0673526742929837,-1.1370666784454813,0.016402981647201394
2.1707203080076343,-1.1370666784454813,0.0005612015454864986
2.2740879417222835,-1.1370666784454813,-0.01353492917252179
2.3774555754369326,-1.1370666784454813,-0.023161919369538
2.4808232091515814,-1.1370666784454813,-0.02668141189923644
2.5841908428662306,-1.1370666784454813,-0.024032453576839204
2.6875584765808798,-1.1370666784454813,-0.016793467238168394
2.790926110295529,-1.1370666784454813,-0.007762278786138831
2.894293744010178,-1.1370666784454813,-0.00015008340906365087
2.997661377724827,-1.1370666784454813,0.0033856854126681954
3.101029011439476,-1.1370666784454813,0.0015781738486493064
3.2043966451541253,-1.1370666784454813,-0.005010956898230434
3.3077642788687744,-1.1370666784454813,-0.014110187304426817
3.411131912583425,-1.1370666784454813,-0.02240289423511803
3.514499546298074,-1.1370666784454813,-0.026553744534935794
3.6178671800127233,-1.1370666784454813,-0.02428890516855737
3.7212348137273725,-1.1370666784454813,-0.015192016895011934
3.8246024474420213,-1.1370666784454813,-0.0009546281929514855
3.9279700811566705,-1.1370666784454813,0.015017169959781747
4.031337714871319,-1.1370666784454813,0.028538538445588915
4.134705348585968,-1.1370666784454813,0.03584982004331849
4.238072982300618,-1.1370666784454813,0.034724476418673225
4.341440616015267,-1.1370666784454813,0.025140837972609763
4.444808249729916,-1.1370666784454813,0.009309441038671403
4.548175883444565,-1.1370666784454813,-0.008953262870350514
4.651543517159214,-1.1370666784454813,-0.025311326945809995
4.754911150873865,-1.1370666784454813,-0.0361210696485808
4.858278784588514,-1.1370666784454813,-0.03939901019143305
4.961646418303163,-1.1370666784454813,-0.03526006198326486
5.065014052017812,-1.1370666784454813,-0.025713195662755973
5.168381685732461,-1.1370666784454813,-0.013907691662093652
5.27174931944711,-1.1370666784454813,-0.003094272475227679
5.3751169531617595,-1.1370666784454813,0.0043536446027264445
5.478484586876409,-1.1370666784454813,0.007547620773888271
5.581852220591058,-1.1370666784454813,0.00714574379670482
5.685219854305707,-1.1370666784454813,0.004883097553789377
5.788587488020356,-1.1370666784454813,0.002765507627565888
5.8919551217350055,-1.1370666784454813,0.002228984067551045
5.995322755449654,-1.1370666784454813,0.0035686508471784667
6.098690389164305,-1.1370666784454813,0.0058370109761461
6.202058022878954,-1.1370666784454813,0.007239608463536871
6.305425656593603,-1.1370666784454813,0.005876940303654661
6.408793290308252,-1.1370666784454813,0.0005573160985529526
-6.408793290308252,-1.0336969804049831,-0.010538120576932469
-6.305425656593603,-1.0336969804049831,-0.021540975915698948
-6.202058022878954,-1.0336969804049831,-0.033333231144648805
-6.098690389164304,-1.0336969804049831,-0.042881590374388386
-5.995322755449655,-1.0336969804049831,-0.04755367551948046
-5.8919551217350055,-1.0336969804049831,-0.046007288240518404
-5.788587488020356,-1.0336969804049831,-0.03865825296711108
-5.685219854305708,-1.0336969804049831,-0.027567215820823446
-5.581852220591058,-1.0336969804049831,-0.015785613427185197
-5.478484586876409,-1.0336969804049831,-0.0063848302466741206
-5.3751169531617595,-1.0336969804049831,-0.0014974820667531025
-5.27174931944711,-1.0336969804049831,-0.0016908830016603325
-5.168381685732461,-1.0336969804049831,-0.005874724481810072
-5.065014052017812,-1.0336969804049831,-0.01175990367973105
-4.961646418303163,-1.0336969804049831,-0.016697824397723937
-4.858278784588514,-1.0336969804049831,-0.018603825929805216
-4.754911150873865,-1.0336969804049831,-0.016646869836395184
-4.651543517159215,-1.0336969804049831,-0.011475909376168712
-4.548175883444566,-1.0336969804049831,-0.004919181763812423
-4.444808249729917,-1.0336969804049831,0.0007226125200127531
-4.341440616015267,-1.0336969804049831,0.0035289649980217662
-4.238072982300618,-1.0336969804049831,0.002651572002165858
-4.134705348585968,-1.0336969804049831,-0.0013990634153386206
-4.031337714871319,-1.0336969804049831,-0.006970434950163474
-3.9279700811566705,-1.0336969804049831,-0.011906518139276602
-3.8246024474420213,-1.0336969804049831,-0.014376564286887024
-3.7212348137273725,-1.0336969804049831,-0.013595212021816802
-3.6178671800127233,-1.0336969804049831,-0.010172371026008546
-3.514499546298074,-1.0336969804049831,-0.00596026948548281
-3.411131912583425,-1.0336969804049831,-0.0034403558046053042
-3.3077642788687753,-1.0336969804049831,-0.004853602871180636
-3.204396645154126,-1.0336969804049831,-0.01136880647454581
-3.101029011439477,-1.0336969804049831,-0.022573741650251233
-2.9976613777248278,-1.0336969804049831,-0.0364673610179112
-2.8942937440101786,-1.0336969804049831,-0.04996447042646995
-2.790926110295529,-1.0336969804049831,-0.05975442443604951
-2.6875584765808798,-1.0336969804049831,-0.06323962716426158
-2.5841908428662306,-1.0336969804049831,-0.059256143971006335
-2.4808232091515814,-1.0336969804049831,-0.048353904440867644
-2.3774555754369326,-1.0336969804049831,-0.03256086042399507
-2.2740879417222835,-1.0336969804049831,-0.014723597749562008
-2.1707203080076334,-1.0336969804049831,0.0023500866263039487
-2.067352674292984,-1.0336969804049831,0.01666634517268125
-1.9639850405783352,-1.0336969804049831,0.02749698166281417
-1.8606174068636863,-1.0336969804049831,0.035383225777479085
-1.757249773149037,-1.0336969804049831,0.04171979615904331
-1.6538821394343879,-1.0336969804049831,0.04808395263135706
-1.550514505719738,-1.0336969804049831,0.05554986560321571
-1.447146872005089,-1.0336969804049831,0.0642210224561424
-1.3437792382904399,-1.0336969804049831,0.07312908120334381
-1.2404116045757907,-1.0336969804049831,0.08051852524857951
-1.1370439708611417,-1.0336969804049831,0.08440802544893139
-1.0336763371464925,-1.0336969804049831,0.08323427937992313
-0.9303087034318435,-1.0336969804049831,0.0763679493725208
-0.8269410697171936,-1.0336969804049831,0.06434502243236229
-0.7235734360025445,-1.0336969804049831,0.04875770323848552
-0.6202058022878953,-1.0336969804049831,0.03185974586564673
-0.5168381685732463,-1.0336969804049831,0.016024277631304006
-0.4134705348585972,-1.0336969804049831,0.003222537730682153
-0.31010290114394806,-1.0336969804049831,-0.005335237079313911
-0.2067352674292982,-1.0336969804049831,-0.009324668715109926
-0.1033676337146491,-1.0336969804049831,-0.009208024216996447
0.,-1.0336969804049831,-0.00598627075213855
0.1033676337146491,-1.0336969804049831,-0.0009051427989870614
0.2067352674292982,-1.0336969804049831,0.004796383615251435
0.31010290114394734,-1.0336969804049831,0.01005029370918891
0.4134705348585964,-1.0336969804049831,0.01404128549880623
0.5168381685732455,-1.0336969804049831,0.0162441339184859
0.6202058022878947,-1.0336969804049831,0.016457988197592328
0.7235734360025438,-1.0336969804049831,0.014853784872782019
0.8269410697171944,-1.0336969804049831,0.01201274491315077
0.9303087034318435,-1.0336969804049831,0.008904718321161997
1.0336763371464925,-1.0336969804049831,0.006753749142567362
1.1370439708611417,-1.0336969804049831,0.0067712596853577185
1.2404116045757907,-1.0336969804049831,0.009795063112802607
1.3437792382904399,-1.0336969804049831,0.015931913904129416
1.447146872005089,-1.0336969804049831,0.02433472692469736
1.550514505719738,-1.0336969804049831,0.03323204835586164
1.6538821394343872,-1.0336969804049831,0.04026261639930644
1.7572497731490362,-1.0336969804049831,0.04306824610320154
1.8606174068636854,-1.0336969804049831,0.039996716297795894
1.9639850405783346,-1.0336969804049831,0.030701310585333288
2.0673526742929837,-1.0336969804049831,0.0164249552765223
2.1707203080076343,-1.0336969804049831,-0.00016674543827415998
2.2740879417222835,-1.0336969804049831,-0.015605698684252932
2.3774555754369326,-1.0336969804049831,-0.026546641997401393
2.4808232091515814,-1.0336969804049831,-0.030733386201520715
2.5841908428662306,-1.0336969804049831,-0.027703338588042584
2.6875584765808798,-1.0336969804049831,-0.018987174235294918
2.790926110295529,-1.0336969804049831,-0.007705948458581195
2.894293744010178,-1.0336969804049831,0.00234327080229764
2.997661377724827,-1.0336969804049831,0.007850457910436055
3.101029011439476,-1.0336969804049831,0.007045572478186179
3.2043966451541253,-1.0336969804049831,0.00029891555554427667
3.3077642788687744,-1.0336969804049831,-0.009944046917068693
3.411131912583425,-1.0336969804049831,-0.01990066106996337
3.514499546298074,-1.0336969804049831,-0.025651609590214234
3.6178671800127233,-1.0336969804049831,-0.02443550317206823
3.7212348137273725,-1.0336969804049831,-0.015624502090716504
3.8246024474420213,-1.0336969804049831,-0.0010558413111051723
3.9279700811566705,-1.0336969804049831,0.015409786708734427
4.031337714871319,-1.0336969804049831,0.028988456165533076
4.134705348585968,-1.0336969804049831,0.03540417440391506
4.238072982300618,-1.0336969804049831,0.03221051888950027
4.341440616015267,-1.0336969804049831,0.019588313118575437
4.444808249729916,-1.0336969804049831,0.00036366922439835716
4.548175883444565,-1.0336969804049831,-0.020767290162035396
4.651543517159214,-1.0336969804049831,-0.038572668802583594
4.754911150873865,-1.0336969804049831,-0.04876928083326825
4.858278784588514,-1.0336969804049831,-0.049204214566047934
4.961646418303163,-1.0336969804049831,-0.04037980828344595
5.065014052017812,-1.0336969804049831,-0.02517904430912259
5.168381685732461,-1.0336969804049831,-0.007901381742932702
5.27174931944711,-1.0336969804049831,0.007067753759686707
5.3751169531617595,-1.0336969804049831,0.016525590874756465
5.478484586876409,-1.0336969804049831,0.019265826235692035
5.581852220591058,-1.0336969804049831,0.016205996844237226
5.685219854305707,-1.0336969804049831,0.009828435585013194
5.788587488020356,-1.0336969804049831,0.003158999463938876
5.8919551217350055,-1.0336969804049831,-0.0013494924209590412
5.995322755449654,-1.0336969804049831,-0.0026462210636051518
6.098690389164305,-1.0336969804049831,-0.001353770756670384
6.202058022878954,-1.0336969804049831,0.0005873684626248977
6.305425656593603,-1.0336969804049831,0.000752139450863066
6.408793290308252,-1.0336969804049831,-0.0027686176223431676
-6.408793290308252,-0.9303272823644849,-0.009503860706843066
-6.305425656593603,-0.9303272823644849,-0.01974922136785106
-6.202058022878954,-0.9303272823644849,-0.031897284068128876
-6.098690389164304,-0.9303272823644849,-0.04273469429786903
-5.995322755449655,-0.9303272823644849,-0.04920468314609794
-5.8919551217350055,-0.9303272823644849,-0.04944579105129421
-5.788587488020356,-0.9303272823644849,-0.04342464177196581
-5.685219854305708,-0.9303272823644849,-0.03295361901038325
-5.581852220591058,-0.9303272823644849,-0.02109687582498179
-5.478484586876409,-0.9303272823644849,-0.011174371728976501
-5.3751169531617595,-0.9303272823644849,-0.005703848702563793
-5.27174931944711,-0.9303272823644849,-0.005632758193576248
-5.168381685732461,-0.9303272823644849,-0.010105332189189974
-5.065014052017812,-0.9303272823644849,-0.016823877428575582
-4.961646418303163,-0.9303272823644849,-0.022863391157751742
-4.858278784588514,-0.9303272823644849,-0.02565291698213154
-4.754911150873865,-0.9303272823644849,-0.023793210885933915
-4.651543517159215,-0.9303272823644849,-0.01744951682419944
-4.548175883444566,-0.9303272823644849,-0.008212785194653934
-4.444808249729917,-0.9303272823644849,0.001493511903098231
-4.341440616015267,-0.9303272823644849,0.009234770097979121
-4.238072982300618,-0.9303272823644849,0.01332410978718509
-4.134705348585968,-0.9303272823644849,0.013266592620650126
-4.031337714871319,-0.9303272823644849,0.009760642991008763
-3.9279700811566705,-0.9303272823644849,0.004290896489702464
-3.8246024474420213,-0.9303272823644849,-0.0015110961721150123
-3.7212348137273725,-0.9303272823644849,-0.0064891851508639626
-3.6178671800127233,-0.9303272823644849,-0.010338663499158586
-3.514499546298074,-0.9303272823644849,-0.01360848917594542
-3.411131912583425,-0.9303272823644849,-0.017346354442217847
-3.3077642788687753,-0.9303272823644849,-0.022536527577419394
-3.204396645154126,-0.9303272823644849,-0.0295547425291784
-3.101029011439477,-0.9303272823644849,-0.03785437793715105
-2.9976613777248278,-0.9303272823644849,-0.04600931922142202
-2.8942937440101786,-0.9303272823644849,-0.05210514191491003
-2.790926110295529,-0.9303272823644849,-0.05434103714503462
-2.6875584765808798,-0.9303272823644849,-0.05162711093626825
-2.5841908428662306,-0.9303272823644849,-0.04396283848440011
-2.4808232091515814,-0.9303272823644849,-0.03246112132159864
-2.3774555754369326,-0.9303272823644849,-0.019009231133965326
-2.2740879417222835,-0.9303272823644849,-0.005686669975804211
-2.1707203080076334,-0.9303272823644849,0.005855632906139675
-2.067352674292984,-0.9303272823644849,0.014839976892288359
-1.9639850405783352,-0.9303272823644849,0.021481832896710955
-1.8606174068636863,-0.9303272823644849,0.02675449872649714
-1.757249773149037,-0.9303272823644849,0.03189459442391656
-1.6538821394343879,-0.9303272823644849,0.03783450954866447
-1.550514505719738,-0.9303272823644849,0.04476971001495522
-1.447146872005089,-0.9303272823644849,0.05201596494064107
-1.3437792382904399,-0.9303272823644849,0.05820449296943326
-1.2404116045757907,-0.9303272823644849,0.06174121271254415
-1.1370439708611417,-0.9303272823644849,0.06136362727496783
-1.0336763371464925,-0.9303272823644849,0.05659782510157753
-0.9303087034318435,-0.9303272823644849,0.04795814248861665
-0.8269410697171936,-0.9303272823644849,0.036826829466930194
-0.7235734360025445,-0.9303272823644849,0.025064858661937844
-0.6202058022878953,-0.9303272823644849,0.014496188533900365
-0.5168381685732463,-0.9303272823644849,0.006444169214008538
-0.4134705348585972,-0.9303272823644849,0.0014692365134507455
-0.31010290114394806,-0.9303272823644849,-0.0006248984834089364
-0.2067352674292982,-0.9303272823644849,-0.0005511193570926771
-0.1033676337146491,-0.9303272823644849,0.0008180312258724004
0.,-0.9303272823644849,0.0027741630764339885
0.1033676337146491,-0.9303272823644849,0.004941499268586276
0.2067352674292982,-0.9303272823644849,0.007242956672442182
0.31010290114394734,-0.9303272823644849,0.009708052764495581
0.4134705348585964,-0.9303272823644849,0.012236563245088653
0.5168381685732455,-0.9303272823644849,0.014451154210197364
0.6202058022878947,-0.9303272823644849,0.015732375567859676
0.7235734360025438,-0.9303272823644849,0.015445719687544055
0.8269410697171944,-0.9303272823644849,0.013276731222077768
0.9303087034318435,-0.9303272823644849,0.009525834797799098
1.0336763371464925,-0.9303272823644849,0.005209153758251412
1.1370439708611417,-0.9303272823644849,0.0018724816889445738
1.2404116045757907,-0.9303272823644849,0.001133766945386752
1.3437792382904399,-0.9303272823644849,0.004085548077108599
1.447146872005089,-0.9303272823644849,0.010766937002230088
1.550514505719738,-0.9303272823644849,0.019920155186429818
1.6538821394343872,-0.9303272823644849,0.0291695891657388
1.7572497731490362,-0.9303272823644849,0.03562279071606562
1.8606174068636854,-0.9303272823644849,0.03673871981065067
1.9639850405783346,-0.9303272823644849,0.031194367405030867
2.0673526742929837,-0.9303272823644849,0.019452040679194534
2.1707203080076343,-0.9303272823644849,0.0038038619337228624
2.2740879417222835,-0.9303272823644849,-0.012170608915706154
2.3774555754369326,-0.9303272823644849,-0.024602997686339407
2.4808232091515814,-0.9303272823644849,-0.03049592001663756
2.5841908428662306,-0.9303272823644849,-0.028673992704150716
2.6875584765808798,-0.9303272823644849,-0.02020228710139099
2.790926110295529,-0.9303272823644849,-0.008107149637658163
2.894293744010178,-0.9303272823644849,0.003542454779752006
2.997661377724827,-0.9303272823644849,0.010919719600319518
3.101029011439476,-0.9303272823644849,0.011683679918097361
3.2043966451541253,-0.9303272823644849,0.005770989163243566
3.3077642788687744,-0.9303272823644849,-0.004541595358219871
3.411131912583425,-0.9303272823644849,-0.01535026632423652
3.514499546298074,-0.9303272823644849,-0.022403899383311096
3.6178671800127233,-0.9303272823644849,-0.022546883774280334
3.7212348137273725,-0.9303272823644849,-0.014853979247675448
3.8246024474420213,-0.9303272823644849,-0.0010721807850272533
3.9279700811566705,-0.9303272823644849,0.014799991372391215
4.031337714871319,-0.9303272823644849,0.02768834435946742
4.134705348585968,-0.9303272823644849,0.0330177822947162
4.238072982300618,-0.9303272823644849,0.028191521302225436
4.341440616015267,-0.9303272823644849,0.01349993316923283
4.444808249729916,-0.9303272823644849,-0.007842126225896532
4.548175883444565,-0.9303272823644849,-0.030557480686282012
4.651543517159214,-0.9303272823644849,-0.04881131757096907
4.754911150873865,-0.9303272823644849,-0.057896940961055424
4.858278784588514,-0.9303272823644849,-0.05558356702928821
4.961646418303163,-0.9303272823644849,-0.042715117561660194
5.065014052017812,-0.9303272823644849,-0.022887197942587128
5.168381685732461,-0.9303272823644849,-0.001320308654879949
5.27174931944711,-0.9303272823644849,0.01670343725177528
5.3751169531617595,-0.9303272823644849,0.027345096053188068
5.478484586876409,-0.9303272823644849,0.029193284125244905
5.581852220591058,-0.9303272823644849,0.023446492907137094
5.685219854305707,-0.9303272823644849,0.01327735079167692
5.788587488020356,-0.9303272823644849,0.00262557842688834
5.8919551217350055,-0.9303272823644849,-0.0051595992615465006
5.995322755449654,-0.9303272823644849,-0.008376161550852862
6.098690389164305,-0.9303272823644849,-0.007392442837902183
6.202058022878954,-0.9303272823644849,-0.004328604292786364
6.305425656593603,-0.9303272823644849,-0.0021409998342022504
6.408793290308252,-0.9303272823644849,-0.0034497606265325967
-6.408793290308252,-0.8269575843239868,-0.005530129373689516
-6.305425656593603,-0.8269575843239868,-0.014868733919777236
-6.202058022878954,-0.8269575843239868,-0.027047728497275728
-6.098690389164304,-0.8269575843239868,-0.038769547819661715
-5.995322755449655,-0.8269575843239868,-0.04671772746863401
-5.8919551217350055,-0.8269575843239868,-0.04868396552303392
-5.788587488020356,-0.8269575843239868,-0.04430259927289539
-5.685219854305708,-0.8269575843239868,-0.035154020995058564
-5.581852220591058,-0.8269575843239868,-0.024217484761140544
-5.478484586876409,-0.8269575843239868,-0.014872229202146883
-5.3751169531617595,-0.8269575843239868,-0.009790537428638701
-5.27174931944711,-0.8269575843239868,-0.010091319498529691
-5.168381685732461,-0.8269575843239868,-0.015024022366720574
-5.065014052017812,-0.8269575843239868,-0.022267932561707424
-4.961646418303163,-0.8269575843239868,-0.028726485488074018
-4.858278784588514,-0.8269575843239868,-0.03153958566666921
-4.754911150873865,-0.8269575843239868,-0.028979279463640806
-4.651543517159215,-0.8269575843239868,-0.020949868296474966
-4.548175883444566,-0.8269575843239868,-0.008958171500142846
-4.444808249729917,-0.8269575843239868,0.004400233470131291
-4.341440616015267,-0.8269575843239868,0.016239937670905272
-4.238072982300618,-0.8269575843239868,0.024194859132771387
-4.134705348585968,-0.8269575843239868,0.026984165589938974
-4.031337714871319,-0.8269575843239868,0.024586260156241796
-3.9279700811566705,-0.8269575843239868,0.018017960426877852
-3.8246024474420213,-0.8269575843239868,0.008849046872975675
-3.7212348137273725,-0.8269575843239868,-0.0013431694032890206
-3.6178671800127233,-0.8269575843239868,-0.011380555374723477
-3.514499546298074,-0.8269575843239868,-0.020631179678040932
-3.411131912583425,-0.8269575843239868,-0.028890903486334316
-3.3077642788687753,-0.8269575843239868,-0.03610036082465641
-3.204396645154126,-0.8269575843239868,-0.04205582075525085
-3.101029011439477,-0.8269575843239868,-0.04626159541487746
-2.9976613777248278,-0.8269575843239868,-0.04799997000678144
-2.8942937440101786,-0.8269575843239868,-0.046593130854864925
-2.790926110295529,-0.8269575843239868,-0.04174216041625147
-2.6875584765808798,-0.8269575843239868,-0.033787230223088875
-2.5841908428662306,-0.8269575843239868,-0.023757500333098373
-2.4808232091515814,-0.8269575843239868,-0.013159862159329143
-2.3774555754369326,-0.8269575843239868,-0.0035611329806417035
-2.2740879417222835,-0.8269575843239868,0.003893021275912063
-2.1707203080076334,-0.8269575843239868,0.008843139993917476
-2.067352674292984,-0.8269575843239868,0.011818470664021332
-1.9639850405783352,-0.8269575843239868,0.014021846266963787
-1.8606174068636863,-0.8269575843239868,0.016859040284849757
-1.757249773149037,-0.8269575843239868,0.021373854555735136
-1.6538821394343879,-0.8269575843239868,0.027793125382026468
-1.550514505719738,-0.8269575843239868,0.035354420483965865
-1.447146872005089,-0.8269575843239868,0.04249265391762983
-1.3437792382904399,-0.8269575843239868,0.04733388827599206
-1.2404116045757907,-0.8269575843239868,0.048331455728620056
-1.1370439708611417,-0.8269575843239868,0.044823094656874826
-1.0336763371464925,-0.8269575843239868,0.03731004368265977
-0.9303087034318435,-0.8269575843239868,0.02735354826599679
-0.8269410697171936,-0.8269575843239868,0.017118048652184588
-0.7235734360025445,-0.8269575843239868,0.0087155392773854
-0.6202058022878953,-0.8269575843239868,0.0035767077029851256
-0.5168381685732463,-0.8269575843239868,0.002065053163996955
-0.4134705348585972,-0.8269575843239868,0.003462879951886093
-0.31010290114394806,-0.8269575843239868,0.006323996589921533
-0.2067352674292982,-0.8269575843239868,0.009055758762488667
-0.1033676337146491,-0.8269575843239868,0.010511284576800603
0.,-0.8269575843239868,0.010371788720909611
0.1033676337146491,-0.8269575843239868,0.009180065180230736
0.2067352674292982,-0.8269575843239868,0.008019854641357146
0.31010290114394734,-0.8269575843239868,0.00797275180456374
0.4134705348585964,-0.8269575843239868,0.009572883372170887
0.5168381685732455,-0.8269575843239868,0.012485220860532893
0.6202058022878947,-0.8269575843239868,0.015551723478821118
0.7235734360025438,-0.8269575843239868,0.017208849397049066
0.8269410697171944,-0.8269575843239868,0.01613174058667644
0.9303087034318435,-0.8269575843239868,0.011860697451922874
1.0336763371464925,-0.8269575843239868,0.0051545476773376874
1.1370439708611417,-0.8269575843239868,-0.0020981568867537064
1.2404116045757907,-0.8269575843239868,-0.007422754589653583
1.3437792382904399,-0.8269575843239868,-0.00859758677062339
1.447146872005089,-0.8269575843239868,-0.004504820294858734
1.550514505719738,-0.8269575843239868,0.004319074902150231
1.6538821394343872,-0.8269575843239868,0.0156612348009513
1.7572497731490362,-0.8269575843239868,0.026194333787104975
1.8606174068636854,-0.8269575843239868,0.03247439526139461
1.9639850405783346,-0.8269575843239868,0.03206230853094965
2.0673526742929837,-0.8269575843239868,0.024393054320087933
2.1707203080076343,-0.8269575843239868,0.011080804347454823
2.2740879417222835,-0.8269575843239868,-0.004475873571540317
2.3774555754369326,-0.8269575843239868,-0.018092590136803612
2.4808232091515814,-0.8269575843239868,-0.026095652105294014
2.5841908428662306,-0.8269575843239868,-0.026496563223353985
2.6875584765808798,-0.8269575843239868,-0.019649169720480936
2.790926110295529,-0.8269575843239868,-0.008154280874516858
2.894293744010178,-0.8269575843239868,0.003977672653955762
2.997661377724827,-0.8269575843239868,0.01264511378448041
3.101029011439476,-0.8269575843239868,0.015024434485255337
3.2043966451541253,-0.8269575843239868,0.010530338131163983
3.3077642788687744,-0.8269575843239868,0.0010336770837101707
3.411131912583425,-0.8269575843239868,-0.009755034373481688
3.514499546298074,-0.8269575843239868,-0.017548938178117885
3.6178671800127233,-0.8269575843239868,-0.018984200592004324
3.7212348137273725,-0.8269575843239868,-0.012854031820200522
3.8246024474420213,-0.8269575843239868,-0.0006515654304218797
3.9279700811566705,-0.8269575843239868,0.01378408356689606
4.031337714871319,-0.8269575843239868,0.025430327407780944
4.134705348585968,-0.8269575843239868,0.02969284772491399
4.238072982300618,-0.8269575843239868,0.02394964656113187
4.341440616015267,-0.8269575843239868,0.00852052002368187
4.444808249729916,-0.8269575843239868,-0.013268143071368343
4.548175883444565,-0.8269575843239868,-0.03596597293962536
4.651543517159214,-0.8269575843239868,-0.053566692079456496
4.754911150873865,-0.8269575843239868,-0.06127730059959067
4.858278784588514,-0.8269575843239868,-0.05693688386093421
4.961646418303163,-0.8269575843239868,-0.041643809946459866
5.065014052017812,-0.8269575843239868,-0.019401709279479526
5.168381685732461,-0.8269575843239868,0.004094578143389321
5.27174931944711,-0.8269575843239868,0.02314302550291498
5.3751169531617595,-0.8269575843239868,0.03365794457331719
5.478484586876409,-0.8269575843239868,0.034234267697670726
5.581852220591058,-0.8269575843239868,0.0263445282046784
5.685219854305707,-0.8269575843239868,0.013645222765902031
5.788587488020356,-0.8269575843239868,0.0006535175609268564
5.8919551217350055,-0.8269575843239868,-0.008753390067743247
5.995322755449654,-0.8269575843239868,-0.012525456660252551
6.098690389164305,-0.8269575843239868,-0.010945357934638177
6.202058022878954,-0.8269575843239868,-0.006322975507032805
6.305425656593603,-0.8269575843239868,-0.002021949423990045
6.408793290308252,-0.8269575843239868,-0.0011768075211038682
-6.408793290308252,-0.7235878862834879,0.00014600781345107982
-6.305425656593603,-0.7235878862834879,-0.008071644332425812
-6.202058022878954,-0.7235878862834879,-0.019657467717437274
-6.098690389164304,-0.7235878862834879,-0.03140840639576692
-5.995322755449655,-0.7235878862834879,-0.04003510316207027
-5.8919551217350055,-0.7235878862834879,-0.04327627474272009
-5.788587488020356,-0.7235878862834879,-0.040633014682413864
-5.685219854305708,-0.7235878862834879,-0.033487729406497586
-5.581852220591058,-0.7235878862834879,-0.0245869151686115
-5.478484586876409,-0.7235878862834879,-0.017080570530687015
-5.3751169531617595,-0.7235878862834879,-0.013452262704708126
-5.27174931944711,-0.7235878862834879,-0.014698361594063201
-5.168381685732461,-0.7235878862834879,-0.02001932772920302
-5.065014052017812,-0.7235878862834879,-0.027107233735689004
-4.961646418303163,-0.7235878862834879,-0.03291517144009502
-4.858278784588514,-0.7235878862834879,-0.034642787157546054
-4.754911150873865,-0.7235878862834879,-0.03061571513234021
-4.651543517159215,-0.7235878862834879,-0.02078859699940537
-4.548175883444566,-0.7235878862834879,-0.006737990545638926
-4.444808249729917,-0.7235878862834879,0.008817972626922136
-4.341440616015267,-0.7235878862834879,0.02279077889280216
-4.238072982300618,-0.7235878862834879,0.032527116869059035
-4.134705348585968,-0.7235878862834879,0.036408618488948434
-4.031337714871319,-0.7235878862834879,0.034098458045377644
-3.9279700811566705,-0.7235878862834879,0.026418218332000844
-3.8246024474420213,-0.7235878862834879,0.01495811331958261
-3.7212348137273725,-0.7235878862834879,0.0015917513523724986
-3.6178671800127233,-0.7235878862834879,-0.011935174477077747
-3.514499546298074,-0.7235878862834879,-0.024235578979350237
-3.411131912583425,-0.7235878862834879,-0.034317000008396534
-3.3077642788687753,-0.7235878862834879,-0.04149172704786629
-3.204396645154126,-0.7235878862834879,-0.04527029785250746
-3.101029011439477,-0.7235878862834879,-0.04533255107028993
-2.9976613777248278,-0.7235878862834879,-0.04161045161647391
-2.8942937440101786,-0.7235878862834879,-0.034441243934339213
-2.790926110295529,-0.7235878862834879,-0.024693506373942988
-2.6875584765808798,-0.7235878862834879,-0.013759191262569928
-2.5841908428662306,-0.7235878862834879,-0.0033487956284522368
-2.4808232091515814,-0.7235878862834879,0.004891569836048539
-2.3774555754369326,-0.7235878862834879,0.009836319507075827
-2.2740879417222835,-0.7235878862834879,0.01125135780143823
-2.1707203080076334,-0.7235878862834879,0.00992684783472663
-2.067352674292984,-0.7235878862834879,0.007487031135806979
-1.9639850405783352,-0.7235878862834879,0.005902545577822327
-1.8606174068636863,-0.7235878862834879,0.00684359026668241
-1.757249773149037,-0.7235878862834879,0.011084631932375823
-1.6538821394343879,-0.7235878862834879,0.018172304391775387
-1.550514505719738,-0.7235878862834879,0.026491811890658003
-1.447146872005089,-0.7235878862834879,0.03373617318469926
-1.3437792382904399,-0.7235878862834879,0.03764134645730956
-1.2404116045757907,-0.7235878862834879,0.03674928098205156
-1.1370439708611417,-0.7235878862834879,0.030938835370507088
-1.0336763371464925,-0.7235878862834879,0.02153313233733657
-0.9303087034318435,-0.7235878862834879,0.01093090875917288
-0.8269410697171936,-0.7235878862834879,0.001872232681415562
-0.7235734360025445,-0.7235878862834879,-0.003421286009959516
-0.6202058022878953,-0.7235878862834879,-0.003942073489710828
-0.5168381685732463,-0.7235878862834879,-0.00018887492119686768
-0.4134705348585972,-0.7235878862834879,0.006047538142012837
-0.31010290114394806,-0.7235878862834879,0.012333399887304336
-0.2067352674292982,-0.7235878862834879,0.016450593368494866
-0.1033676337146491,-0.7235878862834879,0.017163281032438645
0.,-0.7235878862834879,0.014620179869078207
0.1033676337146491,-0.7235878862834879,0.010247126023934804
0.2067352674292982,-0.7235878862834879,0.006166073828099643
0.31010290114394734,-0.7235878862834879,0.004348912748547515
0.4134705348585964,-0.7235878862834879,0.005815394799612469
0.5168381685732455,-0.7235878862834879,0.010175934700025795
0.6202058022878947,-0.7235878862834879,0.0157021885102225
0.7235734360025438,-0.7235878862834879,0.019920451181494044
0.8269410697171944,-0.7235878862834879,0.02053057462130128
0.9303087034318435,-0.7235878862834879,0.016325368280667787
1.0336763371464925,-0.7235878862834879,0.0077703693355774695
1.1370439708611417,-0.7235878862834879,-0.002989212190449044
1.2404116045757907,-0.7235878862834879,-0.012732510698012019
1.3437792382904399,-0.7235878862834879,-0.01819921137450541
1.447146872005089,-0.7235878862834879,-0.017216599196670897
1.550514505719738,-0.7235878862834879,-0.00952732764736719
1.6538821394343872,-0.7235878862834879,0.0029859200619045956
1.7572497731490362,-0.7235878862834879,0.016786829315592174
1.8606174068636854,-0.7235878862834879,0.027750056566568742
1.9639850405783346,-0.7235878862834879,0.032467713318115134
2.0673526742929837,-0.7235878862834879,0.029366948153032344
2.1707203080076343,-0.7235878862834879,0.019258228321873967
2.2740879417222835,-0.7235878862834879,0.005115821983364519
2.3774555754369326,-0.7235878862834879,-0.008853668950434265
2.4808232091515814,-0.7235878862834879,-0.018557503837545286
2.5841908428662306,-0.7235878862834879,-0.021334990459755475
2.6875584765808798,-0.7235878862834879,-0.016806993488234685
2.790926110295529,-0.7235878862834879,-0.006967888488217303
2.894293744010178,-0.7235878862834879,0.004516479808272515
2.997661377724827,-0.7235878862834879,0.013572601923121111
3.101029011439476,-0.7235878862834879,0.017119097891927566
3.2043966451541253,-0.7235878862834879,0.014125491935173796
3.3077642788687744,-0.7235878862834879,0.005963633781606658
3.411131912583425,-0.7235878862834879,-0.004077333512592751
3.514499546298074,-0.7235878862834879,-0.011956788914462429
3.6178671800127233,-0.7235878862834879,-0.014337578338586933
3.7212348137273725,-0.7235878862834879,-0.009832272968224254
3.8246024474420213,-0.7235878862834879,0.00039543575121060243
3.9279700811566705,-0.7235878862834879,0.012899421081803012
4.031337714871319,-0.7235878862834879,0.023024121625724512
4.134705348585968,-0.7235878862834879,0.026442265438604513
4.238072982300618,-0.7235878862834879,0.020653513947305895
4.341440616015267,-0.7235878862834879,0.005942141897617944
4.444808249729916,-0.7235878862834879,-0.01453881398346219
4.548175883444565,-0.7235878862834879,-0.0356075554012557
4.651543517159214,-0.7235878862834879,-0.05156642329633621
4.754911150873865,-0.7235878862834879,-0.057914453496909296
4.858278784588514,-0.7235878862834879,-0.05271776834292439
4.961646418303163,-0.7235878862834879,-0.03720363535722449
5.065014052017812,-0.7235878862834879,-0.015392429809671855
5.168381685732461,-0.7235878862834879,0.0071108657638117665
5.27174931944711,-0.7235878862834879,0.02477831200516139
5.3751169531617595,-0.7235878862834879,0.033748691532387735
5.478484586876409,-0.7235878862834879,0.03285338729962795
5.581852220591058,-0.7235878862834879,0.023777520824505093
5.685219854305707,-0.7235878862834879,0.010338877806425634
5.788587488020356,-0.7235878862834879,-0.002851055896413755
5.8919551217350055,-0.7235878862834879,-0.011891318113212918
5.995322755449654,-0.7235878862834879,-0.014772565813974518
6.098690389164305,-0.7235878862834879,-0.011870880593601205
6.202058022878954,-0.7235878862834879,-0.005628845189414111
6.305425656593603,-0.7235878862834879,0.00043038376426266547
6.408793290308252,-0.7235878862834879,0.0029971128560108253
-6.408793290308252,-0.6202181882429897,0.0056214430653212365
-6.305425656593603,-0.6202181882429897,-0.0010936959441859664
-6.202058022878954,-0.6202181882429897,-0.011184685551840361
-6.098690389164304,-0.6202181882429897,-0.021784367518421863
-5.995322755449655,-0.6202181882429897,-0.029976372519055904
-5.8919551217350055,-0.6202181882429897,-0.033780030242734106
-5.788587488020356,-0.6202181882429897,-0.03277353565430419
-5.685219854305708,-0.6202181882429897,-0.028158481444569086
-5.581852220591058,-0.6202181882429897,-0.022265339019524134
-5.478484586876409,-0.6202181882429897,-0.01768823627331385
-5.3751169531617595,-0.6202181882429897,-0.01635518869891365
-5.27174931944711,-0.6202181882429897,-0.018850104347773445
-5.168381685732461,-0.6202181882429897,-0.024206620462606084
-5.065014052017812,-0.6202181882429897,-0.030228224899667207
-4.961646418303163,-0.6202181882429897,-0.0342129285581357
-4.858278784588514,-0.6202181882429897,-0.033833442775812704
-4.754911150873865,-0.6202181882429897,-0.02788527271170952
-4.651543517159215,-0.6202181882429897,-0.016673114750279446
-4.548175883444566,-0.6202181882429897,-0.0019351512510072692
-4.444808249729917,-0.6202181882429897,0.013642513568282373
-4.341440616015267,-0.6202181882429897,0.027145441539571713
-4.238072982300618,-0.6202181882429897,0.03615292092061943
-4.134705348585968,-0.6202181882429897,0.03925569472557993
-4.031337714871319,-0.6202181882429897,0.03625158414035377
-3.9279700811566705,-0.6202181882429897,0.028017440064265205
-3.8246024474420213,-0.6202181882429897,0.016156027599747675
-3.7212348137273725,-0.6202181882429897,0.0025673642416617127
-3.6178671800127233,-0.6202181882429897,-0.010916156640810937
-3.514499546298074,-0.6202181882429897,-0.02275057295803508
-3.411131912583425,-0.6202181882429897,-0.03175489797909841
-3.3077642788687753,-0.6202181882429897,-0.03709983972343535
-3.204396645154126,-0.6202181882429897,-0.03829316802256346
-3.101029011439477,-0.6202181882429897,-0.035219592415210214
-2.9976613777248278,-0.6202181882429897,-0.028236550278255747
-2.8942937440101786,-0.6202181882429897,-0.018267836310380377
-2.790926110295529,-0.6202181882429897,-0.006804965504632388
-2.6875584765808798,-0.6202181882429897,0.004259591288708136
-2.5841908428662306,-0.6202181882429897,0.012983897467346345
-2.4808232091515814,-0.6202181882429897,0.0178469034066327
-2.3774555754369326,-0.6202181882429897,0.018200428691798595
-2.2740879417222835,-0.6202181882429897,0.014538432537710866
-2.1707203080076334,-0.6202181882429897,0.008454550544238255
-2.067352674292984,-0.6202181882429897,0.0022511110019575588
-1.9639850405783352,-0.6202181882429897,-0.0017169820745372496
-1.8606174068636863,-0.6202181882429897,-0.0017749670465581483
-1.757249773149037,-0.6202181882429897,0.0024997013845848514
-1.6538821394343879,-0.6202181882429897,0.010071604404790439
-1.550514505719738,-0.6202181882429897,0.0187058559866591
-1.447146872005089,-0.6202181882429897,0.025637305383125863
-1.3437792382904399,-0.6202181882429897,0.0284526280570104
-1.2404116045757907,-0.6202181882429897,0.02590217908467115
-1.1370439708611417,-0.6202181882429897,0.018366076766601517
-1.0336763371464925,-0.6202181882429897,0.007802282188546222
-0.9303087034318435,-0.6202181882429897,-0.002827562805742945
-0.8269410697171936,-0.6202181882429897,-0.010481519436921511
-0.7235734360025445,-0.6202181882429897,-0.013011724486477028
-0.6202058022878953,-0.6202181882429897,-0.00986405443647142
-0.5168381685732463,-0.6202181882429897,-0.002260981666400548
-0.4134705348585972,-0.6202181882429897,0.007204852225522993
-0.31010290114394806,-0.6202181882429897,0.015439150562101153
-0.2067352674292982,-0.6202181882429897,0.01988799577753589
-0.1033676337146491,-0.6202181882429897,0.019398909604347425
0.,-0.6202181882429897,0.014601546866853188
0.1033676337146491,-0.6202181882429897,0.0076688842225055105
0.2067352674292982,-0.6202181882429897,0.0015321995803592166
0.31010290114394734,-0.6202181882429897,-0.0011848276572471725
0.4134705348585964,-0.6202181882429897,0.0008566999049760565
0.5168381685732455,-0.6202181882429897,0.007170006732833192
0.6202058022878947,-0.6202181882429897,0.015541813090298987
0.7235734360025438,-0.6202181882429897,0.022756724209840824
0.8269410697171944,-0.6202181882429897,0.02571274902264063
0.9303087034318435,-0.6202181882429897,0.02255011965665573
1.0336763371464925,-0.6202181882429897,0.013399116240972923
1.1370439708611417,-0.6202181882429897,0.000472262210630628
1.2404116045757907,-0.6202181882429897,-0.01255599813042203
1.3437792382904399,-0.6202181882429897,-0.021695954270051915
1.447146872005089,-0.6202181882429897,-0.023944069204501383
1.550514505719738,-0.6202181882429897,-0.01830487944207893
1.6538821394343872,-0.6202181882429897,-0.0061828588090838184
1.7572497731490362,-0.6202181882429897,0.009001624447023678
1.8606174068636854,-0.6202181882429897,0.0228603019320934
1.9639850405783346,-0.6202181882429897,0.031412815644073735
2.0673526742929837,-0.6202181882429897,0.03234029073049626
2.1707203080076343,-0.6202181882429897,0.02570298336209766
2.2740879417222835,-0.6202181882429897,0.013884273120298093
2.3774555754369326,-0.6202181882429897,0.0007804929985119138
2.4808232091515814,-0.6202181882429897,-0.009491922812705372
2.5841908428662306,-0.6202181882429897,-0.01393914665083905
2.6875584765808798,-0.6202181882429897,-0.011634130466845909
2.790926110295529,-0.6202181882429897,-0.00394991634079592
2.894293744010178,-0.6202181882429897,0.005988322889375648
2.997661377724827,-0.6202181882429897,0.014437188729736133
3.101029011439476,-0.6202181882429897,0.018360537967578278
3.2043966451541253,-0.6202181882429897,0.01648788178564987
3.3077642788687744,-0.6202181882429897,0.009739804535472721
3.411131912583425,-0.6202181882429897,0.0008730056158325405
3.514499546298074,-0.6202181882429897,-0.006532601669138605
3.6178671800127233,-0.6202181882429897,-0.009393403059958522
3.7212348137273725,-0.6202181882429897,-0.006287564249007261
3.8246024474420213,-0.6202181882429897,0.001945767586170595
3.9279700811566705,-0.6202181882429897,0.012395252749043132
4.031337714871319,-0.6202181882429897,0.021007323143244886
4.134705348585968,-0.6202181882429897,0.02395503155321158
4.238072982300618,-0.6202181882429897,0.018988115468924198
4.341440616015267,-0.6202181882429897,0.0063047759076998045
4.444808249729916,-0.6202181882429897,-0.01136094120926963
4.548175883444565,-0.6202181882429897,-0.029484445398619975
4.651543517159214,-0.6202181882429897,-0.0431006937993316
4.754911150873865,-0.6202181882429897,-0.0483290340287693
4.858278784588514,-0.6202181882429897,-0.04358216929494216
4.961646418303163,-0.6202181882429897,-0.030069683059937655
5.065014052017812,-0.6202181882429897,-0.01143537498853517
5.168381685732461,-0.6202181882429897,0.007352017224720676
5.27174931944711,-0.6202181882429897,0.021496086632106403
5.3751169531617595,-0.6202181882429897,0.027779822214156733
5.478484586876409,-0.6202181882429897,0.025441895316616496
5.581852220591058,-0.6202181882429897,0.016261574420049676
5.685219854305707,-0.6202181882429897,0.0038523606496478355
5.788587488020356,-0.6202181882429897,-0.007581376893831368
5.8919551217350055,-0.6202181882429897,-0.01460605760538138
5.995322755449654,-0.6202181882429897,-0.015597143156965027
6.098690389164305,-0.6202181882429897,-0.011134345387968625
6.202058022878954,-0.6202181882429897,-0.0036566699251283728
6.305425656593603,-0.6202181882429897,0.0034734780285016606
6.408793290308252,-0.6202181882429897,0.00716003747792971
-6.408793290308252,-0.5168484902024916,0.009088214448902884
-6.305425656593603,-0.5168484902024916,0.0044058533998474194
-6.202058022878954,-0.5168484902024916,-0.00318458928845542
-6.098690389164304,-0.5168484902024916,-0.011399902509166615
-5.995322755449655,-0.5168484902024916,-0.01801002585270284
-5.8919551217350055,-0.5168484902024916,-0.02159273401136068
-5.788587488020356,-0.5168484902024916,-0.021958186635030585
-5.685219854305708,-0.5168484902024916,-0.0201123014977525
-5.581852220591058,-0.5168484902024916,-0.017793136650910688
-5.478484586876409,-0.5168484902024916,-0.016761080601878135
-5.3751169531617595,-0.5168484902024916,-0.018102038714282544
-5.27174931944711,-0.5168484902024916,-0.021788808551698405
-5.168381685732461,-0.5168484902024916,-0.026648075011311226
-5.065014052017812,-0.5168484902024916,-0.03073602353624864
-4.961646418303163,-0.5168484902024916,-0.03198602880004279
-4.858278784588514,-0.5168484902024916,-0.02890478381324631
-4.754911150873865,-0.5168484902024916,-0.021085835409674295
-4.651543517159215,-0.5168484902024916,-0.009380208269515144
-4.548175883444566,-0.5168484902024916,0.004315810935609418
-4.444808249729917,-0.5168484902024916,0.01756959591777108
-4.341440616015267,-0.5168484902024916,0.02804325218462312
-4.238072982300618,-0.5168484902024916,0.034048912521099164
-4.134705348585968,-0.5168484902024916,0.03487478668060863
-4.031337714871319,-0.5168484902024916,0.03081942568868017
-3.9279700811566705,-0.5168484902024916,0.02297283426205235
-3.8246024474420213,-0.5168484902024916,0.012857526573964365
-3.7212348137273725,-0.5168484902024916,0.0020663666627402703
-3.6178671800127233,-0.5168484902024916,-0.007995861650572231
-3.514499546298074,-0.5168484902024916,-0.016225838082586652
-3.411131912583425,-0.5168484902024916,-0.021819539843758316
-3.3077642788687753,-0.5168484902024916,-0.0242296191905737
-3.204396645154126,-0.5168484902024916,-0.023159801258984345
-3.101029011439477,-0.5168484902024916,-0.01863437277817228
-2.9976613777248278,-0.5168484902024916,-0.011119520835158905
-2.8942937440101786,-0.5168484902024916,-0.0016199343443655848
-2.790926110295529,-0.5168484902024916,0.008344078626879619
-2.6875584765808798,-0.5168484902024916,0.016943878229111763
-2.5841908428662306,-0.5168484902024916,0.02242909255953312
-2.4808232091515814,-0.5168484902024916,0.023604578369544875
-2.3774555754369326,-0.5168484902024916,0.020246214641546193
-2.2740879417222835,-0.5168484902024916,0.013292739636816212
-2.1707203080076334,-0.5168484902024916,0.004703125696347823
-2.067352674292984,-0.5168484902024916,-0.0030272333858177634
-1.9639850405783352,-0.5168484902024916,-0.007576667747513683
-1.8606174068636863,-0.5168484902024916,-0.00752358919408143
-1.757249773149037,-0.5168484902024916,-0.0028484839843427485
-1.6538821394343879,-0.5168484902024916,0.004976833757775515
-1.550514505719738,-0.5168484902024916,0.013377308844755771
-1.447146872005089,-0.5168484902024916,0.01944743507275288
-1.3437792382904399,-0.5168484902024916,0.02087852306779124
-1.2404116045757907,-0.5168484902024916,0.016742161937189887
-1.1370439708611417,-0.5168484902024916,0.00786156718597767
-1.0336763371464925,-0.5168484902024916,-0.0033738089902186777
-0.9303087034318435,-0.5168484902024916,-0.013715106205809728
-0.8269410697171936,-0.5168484902024916,-0.020069987812093345
-0.7235734360025445,-0.5168484902024916,-0.020502262064142927
-0.6202058022878953,-0.5168484902024916,-0.014882384426020634
-0.5168381685732463,-0.5168484902024916,-0.004961306159956042
-0.4134705348585972,-0.5168484902024916,0.006173537009879959
-0.31010290114394806,-0.5168484902024916,0.015094638980237444
-0.2067352674292982,-0.5168484902024916,0.019160647632229872
-0.1033676337146491,-0.5168484902024916,0.01739738300389344
0.,-0.5168484902024916,0.010831928310848699
0.1033676337146491,-0.5168484902024916,0.002155662879688338
0.2067352674292982,-0.5168484902024916,-0.005183703493398995
0.31010290114394734,-0.5168484902024916,-0.00816536953030135
0.4134705348585964,-0.5168484902024916,-0.0052583268594988365
0.5168381685732455,-0.5168484902024916,0.0029997370104071297
0.6202058022878947,-0.5168484902024916,0.01411524860983018
0.7235734360025438,-0.5168484902024916,0.024421559771114456
0.8269410697171944,-0.5168484902024916,0.030283389563367385
0.9303087034318435,-0.5168484902024916,0.029327423428724447
1.0336763371464925,-0.5168484902024916,0.021287129677705876
1.1370439708611417,-0.5168484902024916,0.008171634894895181
1.2404116045757907,-0.5168484902024916,-0.006310538651695756
1.3437792382904399,-0.5168484902024916,-0.017895022471639325
1.447146872005089,-0.5168484902024916,-0.02310418214722348
1.550514505719738,-0.5168484902024916,-0.020351144429704076
1.6538821394343872,-0.5168484902024916,-0.010443595293117327
1.7572497731490362,-0.5168484902024916,0.0036777752738507852
1.8606174068636854,-0.5168484902024916,0.017879437113553307
1.9639850405783346,-0.5168484902024916,0.028144028246293574
2.0673526742929837,-0.5168484902024916,0.03181889166751272
2.1707203080076343,-0.5168484902024916,0.028398564024066236
2.2740879417222835,-0.5168484902024916,0.019594203943016267
2.3774555754369326,-0.5168484902024916,0.008682460494580685
2.4808232091515814,-0.5168484902024916,-0.0006342406464983213
2.5841908428662306,-0.5168484902024916,-0.005465164217368837
2.6875584765808798,-0.5168484902024916,-0.004650297911271356
2.790926110295529,-0.5168484902024916,0.000939795381432989
2.894293744010178,-0.5168484902024916,0.008808337807605642
2.997661377724827,-0.5168484902024916,0.015784287092416062
3.101029011439476,-0.5168484902024916,0.01918028380269184
3.2043966451541253,-0.5168484902024916,0.017749391308870027
3.3077642788687744,-0.5168484902024916,0.0121086045490152
3.411131912583425,-0.5168484902024916,0.0044861506968295285
3.514499546298074,-0.5168484902024916,-0.0021132861309906756
3.6178671800127233,-0.5168484902024916,-0.0050280574023217235
3.7212348137273725,-0.5168484902024916,-0.0029469727330957074
3.8246024474420213,-0.5168484902024916,0.0035538014118449038
3.9279700811566705,-0.5168484902024916,0.012140214219885627
4.031337714871319,-0.5168484902024916,0.019481274739751468
4.134705348585968,-0.5168484902024916,0.022387064717763572
4.238072982300618,-0.5168484902024916,0.0189365215661899
4.341440616015267,-0.5168484902024916,0.009206981689993489
4.444808249729916,-0.5168484902024916,-0.004650728399974077
4.548175883444565,-0.5168484902024916,-0.019028413805313418
4.651543517159214,-0.5168484902024916,-0.029972042120199577
4.754911150873865,-0.5168484902024916,-0.034425920265573846
4.858278784588514,-0.5168484902024916,-0.031201529596031036
4.961646418303163,-0.5168484902024916,-0.02135420928273098
5.065014052017812,-0.5168484902024916,-0.007847030560925297
5.168381685732461,-0.5168484902024916,0.005384136446170512
5.27174931944711,-0.5168484902024916,0.014655892567805496
5.3751169531617595,-0.5168484902024916,0.017654408122174364
5.478484586876409,-0.5168484902024916,0.014088582784177886
5.581852220591058,-0.5168484902024916,0.00568247665559702
5.685219854305707,-0.5168484902024916,-0.004469667865160533
5.788587488020356,-0.5168484902024916,-0.012955671666243767
5.8919551217350055,-0.5168484902024916,-0.017149576431683865
5.995322755449654,-0.5168484902024916,-0.01600813055000368
6.098690389164305,-0.5168484902024916,-0.010314642515366455
6.202058022878954,-0.5168484902024916,-0.002316825759730674
6.305425656593603,-0.5168484902024916,0.005092662233542771
6.408793290308252,-0.5168484902024916,0.009359642498432694
-6.408793290308252,-0.4134787921619934,0.009526436715763724
-6.305425656593603,-0.4134787921619934,0.007407545122763199
-6.202058022878954,-0.4134787921619934,0.0031459192385669553
-6.098690389164304,-0.4134787921619934,-0.001737901530243557
-5.995322755449655,-0.4134787921619934,-0.005888573670400738
-5.8919551217350055,-0.4134787921619934,-0.008585511491072296
-5.788587488020356,-0.4134787921619934,-0.009930298753796174
-5.685219854305708,-0.4134787921619934,-0.010698237248480996
-5.581852220591058,-0.4134787921619934,-0.011925450478981426
-5.478484586876409,-0.4134787921619934,-0.014397989070254018
-5.3751169531617595,-0.4134787921619934,-0.01824123418307719
-5.27174931944711,-0.4134787921619934,-0.022766997973223964
-5.168381685732461,-0.4134787921619934,-0.026638746821536052
-5.065014052017812,-0.4134787921619934,-0.028298553664003783
-4.961646418303163,-0.4134787921619934,-0.026505039476888835
-4.858278784588514,-0.4134787921619934,-0.020792819506694243
-4.754911150873865,-0.4134787921619934,-0.011693184657996517
-4.651543517159215,-0.4134787921619934,-0.0006406816639323569
-4.548175883444566,-0.4134787921619934,0.010400829220866083
-4.444808249729917,-0.4134787921619934,0.019465426511915965
-4.341440616015267,-0.4134787921619934,0.02509257349946233
-4.238072982300618,-0.4134787921619934,0.026657637533911167
-4.134705348585968,-0.4134787921619934,0.02443764975042658
-4.031337714871319,-0.4134787921619934,0.01941959709088808
-3.9279700811566705,-0.4134787921619934,0.012943911406234621
-3.8246024474420213,-0.4134787921619934,0.006321110581195556
-3.7212348137273725,-0.4134787921619934,0.0005507411365359105
-3.6178671800127233,-0.4134787921619934,-0.003784156827061859
-3.514499546298074,-0.4134787921619934,-0.006452281496658828
-3.411131912583425,-0.4134787921619934,-0.007412882943252581
-3.3077642788687753,-0.4134787921619934,-0.0066636946820934915
-3.204396645154126,-0.4134787921619934,-0.004186561444622875
-3.101029011439477,-0.4134787921619934,-0.00002225361567828398
-2.9976613777248278,-0.4134787921619934,0.005566150010264993
-2.8942937440101786,-0.4134787921619934,0.011937345146344876
-2.790926110295529,-0.4134787921619934,0.018032566350920872
-2.6875584765808798,-0.4134787921619934,0.022524432663894138
-2.5841908428662306,-0.4134787921619934,0.024148721083993206
-2.4808232091515814,-0.4134787921619934,0.02212796470194482
-2.3774555754369326,-0.4134787921619934,0.01653597563949388
-2.2740879417222835,-0.4134787921619934,0.008446657067022504
-2.1707203080076334,-0.4134787921619934,-0.0002325447375302572
-2.067352674292984,-0.4134787921619934,-0.007237867706847859
-1.9639850405783352,-0.4134787921619934,-0.010616031051703247
-1.8606174068636863,-0.4134787921619934,-0.009374050125124166
-1.757249773149037,-0.4134787921619934,-0.003886247590639561
-1.6538821394343879,-0.4134787921619934,0.004106939410955692
-1.550514505719738,-0.4134787921619934,0.011948364530912272
-1.447146872005089,-0.4134787921619934,0.016850957768218117
-1.3437792382904399,-0.4134787921619934,0.016786385680229967
-1.2404116045757907,-0.4134787921619934,0.011187453077074529
-1.1370439708611417,-0.4134787921619934,0.00121891316178573
-1.0336763371464925,-0.4134787921619934,-0.010499144934662618
-0.9303087034318435,-0.4134787921619934,-0.020654479799312602
-0.8269410697171936,-0.4134787921619934,-0.026265792597380308
-0.7235734360025445,-0.4134787921619934,-0.02564137695093598
-0.6202058022878953,-0.4134787921619934,-0.018955891550345043
-0.5168381685732463,-0.4134787921619934,-0.008241625972359803
-0.4134705348585972,-0.4134787921619934,0.003222840130451645
-0.31010290114394806,-0.4134787921619934,0.011944640699969764
-0.2067352674292982,-0.4134787921619934,0.015342374196186686
-0.1033676337146491,-0.4134787921619934,0.012598231539895784
0.,-0.4134787921619934,0.004949839985591662
0.1033676337146491,-0.4134787921619934,-0.004686716442490082
0.2067352674292982,-0.4134787921619934,-0.012652846897995345
0.31010290114394734,-0.4134787921619934,-0.01574585380540872
0.4134705348585964,-0.4134787921619934,-0.012291185226490834
0.5168381685732455,-0.4134787921619934,-0.0027348209260127277
0.6202058022878947,-0.4134787921619934,0.010445644200275833
0.7235734360025438,-0.4134787921619934,0.02349188270936279
0.8269410697171944,-0.4134787921619934,0.032541466443192786
0.9303087034318435,-0.4134787921619934,0.034852899999934676
1.0336763371464925,-0.4134787921619934,0.029683581119714555
1.1370439708611417,-0.4134787921619934,0.018536735794105835
1.2404116045757907,-0.4134787921619934,0.004698124454389319
1.3437792382904399,-0.4134787921619934,-0.007786198692748063
1.447146872005089,-0.4134787921619934,-0.01535963468086256
1.550514505719738,-0.4134787921619934,-0.016030260461386572
1.6538821394343872,-0.4134787921619934,-0.009931066664461651
1.7572497731490362,-0.4134787921619934,0.0008029119524898399
1.8606174068636854,-0.4134787921619934,0.01278372703019462
1.9639850405783346,-0.4134787921619934,0.022486551254309196
2.0673526742929837,-0.4134787921619934,0.027360009904580495
2.1707203080076343,-0.4134787921619934,0.026570381074000737
2.2740879417222835,-0.4134787921619934,0.021150555044446656
2.3774555754369326,-0.4134787921619934,0.013528962184930968
2.4808232091515814,-0.4134787921619934,0.006621060706489577
2.5841908428662306,-0.4134787921619934,0.0028066227629874505
2.6875584765808798,-0.4134787921619934,0.0031439287145080866
2.790926110295529,-0.4134787921619934,0.007080059528645796
2.894293744010178,-0.4134787921619934,0.012738581940462857
2.997661377724827,-0.4134787921619934,0.017664566629598727
3.101029011439476,-0.4134787921619934,0.019751513432317666
3.2043966451541253,-0.4134787921619934,0.01801789898218813
3.3077642788687744,-0.4134787921619934,0.012960548620842728
3.411131912583425,-0.4134787921619934,0.0063653866207938085
3.514499546298074,-0.4134787921619934,0.0006488201578449434
3.6178671800127233,-0.4134787921619934,-0.0020323000954714943
3.7212348137273725,-0.4134787921619934,-0.000584356430435473
3.8246024474420213,-0.4134787921619934,0.0045916884654261785
3.9279700811566705,-0.4134787921619934,0.011695858189314231
4.031337714871319,-0.4134787921619934,0.018121707154568307
4.134705348585968,-0.4134787921619934,0.02134259614278351
4.238072982300618,-0.4134787921619934,0.019786243356665234
4.341440616015267,-0.4134787921619934,0.01339580890718825
4.444808249729916,-0.4134787921619934,0.0036834091350522887
4.548175883444565,-0.4134787921619934,-0.006744227894689651
4.651543517159214,-0.4134787921619934,-0.015028398949830395
4.754911150873865,-0.4134787921619934,-0.018985501511459627
4.858278784588514,-0.4134787921619934,-0.017807894598154496
4.961646418303163,-0.4134787921619934,-0.0123066582914104
5.065014052017812,-0.4134787921619934,-0.004620632076708837
5.168381685732461,-0.4134787921619934,0.002504235097224212
5.27174931944711,-0.4134787921619934,0.006619401276802021
5.3751169531617595,-0.4134787921619934,0.006359704061103347
5.478484586876409,-0.4134787921619934,0.001854482852603093
5.581852220591058,-0.4134787921619934,-0.005361425217987962
5.685219854305707,-0.4134787921619934,-0.012892383574484806
5.788587488020356,-0.4134787921619934,-0.01828785159830705
5.8919551217350055,-0.4134787921619934,-0.01983474371379296
5.995322755449654,-0.4134787921619934,-0.017076192735963787
6.098690389164305,-0.4134787921619934,-0.010898271954882398
6.202058022878954,-0.4134787921619934,-0.003177376135666105
6.305425656593603,-0.4134787921619934,0.0038715415194123426
6.408793290308252,-0.4134787921619934,0.0084120329660474
-6.408793290308252,-0.31010909412149523,0.007069028154825087
-6.305425656593603,-0.31010909412149523,0.007815736427896158
-6.202058022878954,-0.31010909412149523,0.007237506545322227
-6.098690389164304,-0.31010909412149523,0.006052784485943609
-5.995322755449655,-0.31010909412149523,0.004741557531011369
-5.8919551217350055,-0.31010909412149523,0.0033515116075823657
-5.788587488020356,-0.31010909412149523,0.0015266502422499905
-5.685219854305708,-0.31010909412149523,-0.0012573016254501647
-5.581852220591058,-0.31010909412149523,-0.005350328101110293
-5.478484586876409,-0.31010909412149523,-0.010623408154342482
-5.3751169531617595,-0.31010909412149523,-0.016336252508245268
-5.27174931944711,-0.31010909412149523,-0.021249355903371948
-5.168381685732461,-0.31010909412149523,-0.023960189724473877
-5.065014052017812,-0.31010909412149523,-0.02335603107507626
-4.961646418303163,-0.31010909412149523,-0.019025869428453794
-4.858278784588514,-0.31010909412149523,-0.011480219492889835
-4.754911150873865,-0.31010909412149523,-0.0020892110872125984
-4.651543517159215,-0.31010909412149523,0.00725534108505358
-4.548175883444566,-0.31010909412149523,0.01465282796007675
-4.444808249729917,-0.31010909412149523,0.018719238244155736
-4.341440616015267,-0.31010909412149523,0.018957085977613784
-4.238072982300618,-0.31010909412149523,0.01585427062729129
-4.134705348585968,-0.31010909412149523,0.010687844380647935
-4.031337714871319,-0.31010909412149523,0.005106939405447209
-3.9279700811566705,-0.31010909412149523,0.0006394835222727557
-3.8246024474420213,-0.31010909412149523,-0.0017144083317723795
-3.7212348137273725,-0.31010909412149523,-0.0016785110608472876
-3.6178671800127233,-0.31010909412149523,0.00035705156140578096
-3.514499546298074,-0.31010909412149523,0.0035979432874115778
-3.411131912583425,-0.31010909412149523,0.007193836331994178
-3.3077642788687753,-0.31010909412149523,0.010532315241044903
-3.204396645154126,-0.31010909412149523,0.013370575018919287
-3.101029011439477,-0.31010909412149523,0.015770142564561565
-2.9976613777248278,-0.31010909412149523,0.017884417807632978
-2.8942937440101786,-0.31010909412149523,0.019711363897272967
-2.790926110295529,-0.31010909412149523,0.020939107871667178
-2.6875584765808798,-0.31010909412149523,0.02097361608997899
-2.5841908428662306,-0.31010909412149523,0.019159199417798586
-2.4808232091515814,-0.31010909412149523,0.015114784133716822
-2.3774555754369326,-0.31010909412149523,0.009047001073597898
-2.2740879417222835,-0.31010909412149523,0.0018920198146568298
-2.1707203080076334,-0.31010909412149523,-0.004810717981811122
-2.067352674292984,-0.31010909412149523,-0.009313607691066445
-1.9639850405783352,-0.31010909412149523,-0.01021844929816446
-1.8606174068636863,-0.31010909412149523,-0.007012373632102621
-1.757249773149037,-0.31010909412149523,-0.0003819058244132137
-1.6538821394343879,-0.31010909412149523,0.007838141397296118
-1.550514505719738,-0.31010909412149523,0.015109083836712882
-1.447146872005089,-0.31010909412149523,0.018917971251367433
-1.3437792382904399,-0.31010909412149523,0.017574278661204062
-1.2404116045757907,-0.31010909412149523,0.010812967965167402
-1.1370439708611417,-0.31010909412149523,-0.000012258014927556143
-1.0336763371464925,-0.31010909412149523,-0.012239712483820685
-0.9303087034318435,-0.31010909412149523,-0.02264660663716695
-0.8269410697171936,-0.31010909412149523,-0.02841521472301321
-0.7235734360025445,-0.31010909412149523,-0.02801707784163568
-0.6202058022878953,-0.31010909412149523,-0.02172590255712107
-0.5168381685732463,-0.31010909412149523,-0.011578372591426444
-0.4134705348585972,-0.31010909412149523,-0.0007749553302990173
-0.31010290114394806,-0.31010909412149523,0.007305281670620957
-0.2067352674292982,-0.31010909412149523,0.010170958867809207
-0.1033676337146491,-0.31010909412149523,0.00702596748994834
0.,-0.31010909412149523,-0.0009463219805746132
0.1033676337146491,-0.31010909412149523,-0.01092380590919649
0.2067352674292982,-0.31010909412149523,-0.01931362810580023
0.31010290114394734,-0.31010909412149523,-0.022878808436919452
0.4134705348585964,-0.31010909412149523,-0.019768746467265008
0.5168381685732455,-0.31010909412149523,-0.01012637294200545
0.6202058022878947,-0.31010909412149523,0.003922060972119845
0.7235734360025438,-0.31010909412149523,0.018892477092497424
0.8269410697171944,-0.31010909412149523,0.03098627138253576
0.9303087034318435,-0.31010909412149523,0.037222636910355315
1.0336763371464925,-0.31010909412149523,0.03630617910139962
1.1370439708611417,-0.31010909412149523,0.028964788031023658
1.2404116045757907,-0.31010909412149523,0.017665089302258966
1.3437792382904399,-0.31010909412149523,0.005811754618834639
1.447146872005089,-0.31010909412149523,-0.003302527282950703
1.550514505719738,-0.31010909412149523,-0.007458971185561948
1.6538821394343872,-0.31010909412149523,-0.006089271357753914
1.7572497731490362,-0.31010909412149523,-0.0003047358630834258
1.8606174068636854,-0.31010909412149523,0.007600962722470299
1.9639850405783346,-0.31010909412149523,0.01498486939042281
2.0673526742929837,-0.31010909412149523,0.019732842556712954
2.1707203080076343,-0.31010909412149523,0.020891795096500822
2.2740879417222835,-0.31010909412149523,0.018861978699042804
2.3774555754369326,-0.31010909412149523,0.015112967459834687
2.4808232091515814,-0.31010909412149523,0.011550396325953434
2.5841908428662306,-0.31010909412149523,0.009773923475323344
2.6875584765808798,-0.31010909412149523,0.01049332709904873
2.790926110295529,-0.31010909412149523,0.01330292238854007
2.894293744010178,-0.31010909412149523,0.016880546135613708
2.997661377724827,-0.31010909412149523,0.01952460697729593
3.101029011439476,-0.31010909412149523,0.01982478847479239
3.2043966451541253,-0.31010909412149523,0.017219167858770576
3.3077642788687744,-0.31010909412149523,0.012235984530078143
3.411131912583425,-0.31010909412149523,0.0063342191456568385
3.514499546298074,-0.31010909412149523,0.001401463850546909
3.6178671800127233,-0.31010909412149523,-0.0009109034669953307
3.7212348137273725,-0.31010909412149523,0.00022121579522557322
3.8246024474420213,-0.31010909412149523,0.004486317625904919
3.9279700811566705,-0.31010909412149523,0.010520108981041696
4.031337714871319,-0.31010909412149523,0.016350350809324
4.134705348585968,-0.31010909412149523,0.02004874843100587
4.238072982300618,-0.31010909412149523,0.020364430243566545
4.341440616015267,-0.31010909412149523,0.017122281898265722
4.444808249729916,-0.31010909412149523,0.011253186284625476
4.548175883444565,-0.31010909412149523,0.004451847333034736
4.651543517159214,-0.31010909412149523,-0.0014139886658748708
4.754911150873865,-0.31010909412149523,-0.00493588017760117
4.858278784588514,-0.31010909412149523,-0.005621324750132464
4.961646418303163,-0.31010909412149523,-0.004022334131130201
5.065014052017812,-0.31010909412149523,-0.0014997770937079736
5.168381685732461,-0.31010909412149523,0.00028654132607823307
5.27174931944711,-0.31010909412149523,-0.000020128028128701328
5.3751169531617595,-0.31010909412149523,-0.0029887533069423195
5.478484586876409,-0.31010909412149523,-0.008196636079148547
5.581852220591058,-0.31010909412149523,-0.014368975241192074
5.685219854305707,-0.31010909412149523,-0.019804830917374682
5.788587488020356,-0.31010909412149523,-0.022936160986666024
5.8919551217350055,-0.31010909412149523,-0.022826487188581934
5.995322755449654,-0.31010909412149523,-0.01944400205056321
6.098690389164305,-0.31010909412149523,-0.013628416459963039
6.202058022878954,-0.31010909412149523,-0.00678000378880004
6.305425656593603,-0.31010909412149523,-0.00039380000303083907
6.408793290308252,-0.31010909412149523,0.004391142145478098
-6.408793290308252,-0.20673939608099706,0.0029118857153369046
-6.305425656593603,-0.20673939608099706,0.006376877817912298
-6.202058022878954,-0.20673939608099706,0.009160946329098536
-6.098690389164304,-0.20673939608099706,0.011317562150011323
-5.995322755449655,-0.20673939608099706,0.012649948195359969
-5.8919551217350055,-0.20673939608099706,0.012718402658716814
-5.788587488020356,-0.20673939608099706,0.011011136076948118
-5.685219854305708,-0.20673939608099706,0.007218793921083259
-5.581852220591058,-0.20673939608099706,0.001501872512534437
-5.478484586876409,-0.20673939608099706,-0.005369408972798483
-5.3751169531617595,-0.20673939608099706,-0.012085532941372075
-5.27174931944711,-0.20673939608099706,-0.01708786546293808
-5.168381685732461,-0.20673939608099706,-0.01900482817502565
-5.065014052017812,-0.20673939608099706,-0.017097699954363426
-4.961646418303163,-0.20673939608099706,-0.011562119268429875
-4.858278784588514,-0.20673939608099706,-0.0035678668629267113
-4.754911150873865,-0.20673939608099706,0.0050000086503748905
-4.651543517159215,-0.20673939608099706,0.012037469681740758
-4.548175883444566,-0.20673939608099706,0.01581156917711846
-4.444808249729917,-0.20673939608099706,0.015463332714379234
-4.341440616015267,-0.20673939608099706,0.011264301509260893
-4.238072982300618,-0.20673939608099706,0.004542813495649963
-4.134705348585968,-0.20673939608099706,-0.0026997183467907296
-4.031337714871319,-0.20673939608099706,-0.008363826505001533
-3.9279700811566705,-0.20673939608099706,-0.010839967567941807
-3.8246024474420213,-0.20673939608099706,-0.009430250231632261
-3.7212348137273725,-0.20673939608099706,-0.004482480283340331
-3.6178671800127233,-0.20673939608099706,0.0027886763299095237
-3.514499546298074,-0.20673939608099706,0.010717118621043383
-3.411131912583425,-0.20673939608099706,0.01768886470216068
-3.3077642788687753,-0.20673939608099706,0.022566314207741366
-3.204396645154126,-0.20673939608099706,0.02490491826242297
-3.101029011439477,-0.20673939608099706,0.024915504250986504
-2.9976613777248278,-0.20673939608099706,0.02321907215247912
-2.8942937440101786,-0.20673939608099706,0.020512344986554902
-2.790926110295529,-0.20673939608099706,0.017286218540852365
-2.6875584765808798,-0.20673939608099706,0.013707858931996122
-2.5841908428662306,-0.20673939608099706,0.009703477163763683
-2.4808232091515814,-0.20673939608099706,0.005191541201028739
-2.3774555754369326,-0.20673939608099706,0.0003493830545245034
-2.2740879417222835,-0.20673939608099706,-0.00422356288381286
-2.1707203080076334,-0.20673939608099706,-0.007546174573964099
-2.067352674292984,-0.20673939608099706,-0.008519515782605151
-1.9639850405783352,-0.20673939608099706,-0.006339044144539492
-1.8606174068636863,-0.20673939608099706,-0.0009070499034343649
-1.757249773149037,-0.20673939608099706,0.006923900613521824
-1.6538821394343879,-0.20673939608099706,0.015403005154789496
-1.550514505719738,-0.20673939608099706,0.022259816672484188
-1.447146872005089,-0.20673939608099706,0.02532372681247384
-1.3437792382904399,-0.20673939608099706,0.023201808597664263
-1.2404116045757907,-0.20673939608099706,0.01579201119235606
-1.1370439708611417,-0.20673939608099706,0.004443228174754069
-1.0336763371464925,-0.20673939608099706,-0.008323567407062804
-0.9303087034318435,-0.20673939608099706,-0.019479257555367602
-0.8269410697171936,-0.20673939608099706,-0.026350731744219497
-0.7235734360025445,-0.20673939608099706,-0.027423119040761574
-0.6202058022878953,-0.20673939608099706,-0.022823204440063305
-0.5168381685732463,-0.20673939608099706,-0.014317049257877143
-0.4134705348585972,-0.20673939608099706,-0.004803188268952421
-0.31010290114394806,-0.20673939608099706,0.0025571240647444798
-0.2067352674292982,-0.20673939608099706,0.005311372544754334
-0.1033676337146491,-0.20673939608099706,0.002488448451515039
0.,-0.20673939608099706,-0.005072026265773718
0.1033676337146491,-0.20673939608099706,-0.014943333471202915
0.2067352674292982,-0.20673939608099706,-0.023826177191156945
0.31010290114394734,-0.20673939608099706,-0.02853826213751045
0.4134705348585964,-0.20673939608099706,-0.02697662845770703
0.5168381685732455,-0.20673939608099706,-0.018759010455977568
0.6202058022878947,-0.20673939608099706,-0.005351226864588971
0.7235734360025438,-0.20673939608099706,0.010352056677289605
0.8269410697171944,-0.20673939608099706,0.024857446641109802
0.9303087034318435,-0.20673939608099706,0.03505514606450408
1.0336763371464925,-0.20673939608099706,0.03905548574569418
1.1370439708611417,-0.20673939608099706,0.03663647816569511
1.2404116045757907,-0.20673939608099706,0.029188151954574894
1.3437792382904399,-0.20673939608099706,0.01919910202352466
1.447146872005089,-0.20673939608099706,0.009469054787981901
1.550514505719738,-0.20673939608099706,0.00230485630223359
1.6538821394343872,-0.20673939608099706,-0.0010546910522953223
1.7572497731490362,-0.20673939608099706,-0.0006293750558301052
1.8606174068636854,-0.20673939608099706,0.002518008004591705
1.9639850405783346,-0.20673939608099706,0.006792377134645505
2.0673526742929837,-0.20673939608099706,0.010674197590090799
2.1707203080076343,-0.20673939608099706,0.01321126147907565
2.2740879417222835,-0.20673939608099706,0.014239085717427073
2.3774555754369326,-0.20673939608099706,0.014281598040752587
2.4808232091515814,-0.20673939608099706,0.014200490337846051
2.5841908428662306,-0.20673939608099706,0.014747012672996287
2.6875584765808798,-0.20673939608099706,0.016195703503554582
2.790926110295529,-0.20673939608099706,0.018199274114645
2.894293744010178,-0.20673939608099706,0.019914714306656096
2.997661377724827,-0.20673939608099706,0.020346451759539197
3.101029011439476,-0.20673939608099706,0.018771117802785568
3.2043966451541253,-0.20673939608099706,0.015078879027516994
3.3077642788687744,-0.20673939608099706,0.009897891357901971
3.411131912583425,-0.20673939608099706,0.004448606400166469
3.514499546298074,-0.20673939608099706,0.00017366791808880836
3.6178671800127233,-0.20673939608099706,-0.0017289478543056126
3.7212348137273725,-0.20673939608099706,-0.000706280218317344
3.8246024474420213,-0.20673939608099706,0.0029561348113886503
3.9279700811566705,-0.20673939608099706,0.008215376077139779
4.031337714871319,-0.20673939608099706,0.013598584571241074
4.134705348585968,-0.20673939608099706,0.017663420422767393
4.238072982300618,-0.20673939608099706,0.01943393469129667
4.341440616015267,-0.20673939608099706,0.01866577190048574
4.444808249729916,-0.20673939608099706,0.015856920563019863
4.548175883444565,-0.20673939608099706,0.012010468198617319
4.651543517159214,-0.20673939608099706,0.008241685089015703
4.754911150873865,-0.20673939608099706,0.005373109439853614
4.858278784588514,-0.20673939608099706,0.003660798941989462
4.961646418303163,-0.20673939608099706,0.002743934137362225
5.065014052017812,-0.20673939608099706,0.001827758995801691
5.168381685732461,-0.20673939608099706,0.000026342386637483405
5.27174931944711,-0.20673939608099706,-0.0032634455173180185
5.3751169531617595,-0.20673939608099706,-0.00809311567488471
5.478484586876409,-0.20673939608099706,-0.013894154236988289
5.581852220591058,-0.20673939608099706,-0.01963124895450409
5.685219854305707,-0.20673939608099706,-0.024118843330387277
5.788587488020356,-0.20673939608099706,-0.02638643917149067
5.8919551217350055,-0.20673939608099706,-0.025964699870208104
5.995322755449654,-0.20673939608099706,-0.022997568051867038
6.098690389164305,-0.20673939608099706,-0.018151885927997265
6.202058022878954,-0.20673939608099706,-0.012370158197667092
6.305425656593603,-0.20673939608099706,-0.0065665372700669565
6.408793290308252,-0.20673939608099706,-0.0013811115336402444
-6.408793290308252,-0.10336969804049892,-0.0011794815694102852
-6.305425656593603,-0.10336969804049892,0.00428965276331694
-6.202058022878954,-0.10336969804049892,0.009415619906669998
-6.098690389164304,-0.10336969804049892,0.01388776300637488
-5.995322755449655,-0.10336969804049892,0.01718488432718561
-5.8919551217350055,-0.10336969804049892,0.018661451164656718
-5.788587488020356,-0.10336969804049892,0.01775570984519776
-5.685219854305708,-0.10336969804049892,0.014251473091196417
-5.581852220591058,-0.10336969804049892,0.008490918605421532
-5.478484586876409,-0.10336969804049892,0.0014387969708585095
-5.3751169531617595,-0.10336969804049892,-0.005458879363253582
-5.27174931944711,-0.10336969804049892,-0.010609033330061683
-5.168381685732461,-0.10336969804049892,-0.012713201080778343
-5.065014052017812,-0.10336969804049892,-0.011181817329121123
-4.961646418303163,-0.10336969804049892,-0.006379916946137435
-4.858278784588514,-0.10336969804049892,0.00039446974123119745
-4.754911150873865,-0.10336969804049892,0.007218024771762475
-4.651543517159215,-0.10336969804049892,0.0120624936621646
-4.548175883444566,-0.10336969804049892,0.013380371831243461
-4.444808249729917,-0.10336969804049892,0.010579066625494878
-4.341440616015267,-0.10336969804049892,0.004233322073549828
-4.238072982300618,-0.10336969804049892,-0.004038110662915082
-4.134705348585968,-0.10336969804049892,-0.012003316476156507
-4.031337714871319,-0.10336969804049892,-0.01743179112534407
-3.9279700811566705,-0.10336969804049892,-0.01871132236960459
-3.8246024474420213,-0.10336969804049892,-0.01528506164069679
-3.7212348137273725,-0.10336969804049892,-0.00778331925720572
-3.6178671800127233,-0.10336969804049892,0.0021799324207835958
-3.514499546298074,-0.10336969804049892,0.012472890915349446
-3.411131912583425,-0.10336969804049892,0.021024133478704625
-3.3077642788687753,-0.10336969804049892,0.02633663934398401
-3.204396645154126,-0.10336969804049892,0.02779202835336695
-3.101029011439477,-0.10336969804049892,0.025675699932904823
-2.9976613777248278,-0.10336969804049892,0.020947902355438388
-2.8942937440101786,-0.10336969804049892,0.014865554834504543
-2.790926110295529,-0.10336969804049892,0.008598260721960467
-2.6875584765808798,-0.10336969804049892,0.0029679244102690807
-2.5841908428662306,-0.10336969804049892,-0.001617834625448423
-2.4808232091515814,-0.10336969804049892,-0.005049287055985373
-2.3774555754369326,-0.10336969804049892,-0.007298082335600055
-2.2740879417222835,-0.10336969804049892,-0.008219657648253506
-2.1707203080076334,-0.10336969804049892,-0.007480615709208138
-2.067352674292984,-0.10336969804049892,-0.004660187232131796
-1.9639850405783352,-0.10336969804049892,0.0005040779620169055
-1.8606174068636863,-0.10336969804049892,0.007826575840482604
-1.757249773149037,-0.10336969804049892,0.01647351018916628
-1.6538821394343879,-0.10336969804049892,0.024967350932485446
-1.550514505719738,-0.10336969804049892,0.03144397621283591
-1.447146872005089,-0.10336969804049892,0.03411757052282471
-1.3437792382904399,-0.10336969804049892,0.031822347554513686
-1.2404116045757907,-0.10336969804049892,0.02445365399783008
-1.1370439708611417,-0.10336969804049892,0.01314407189015588
-1.0336763371464925,-0.10336969804049892,0.00008269050066645457
-0.9303087034318435,-0.10336969804049892,-0.012003394340997597
-0.8269410697171936,-0.10336969804049892,-0.02057284592428974
-0.7235734360025445,-0.10336969804049892,-0.02398918452113557
-0.6202058022878953,-0.10336969804049892,-0.022012106447120216
-0.5168381685732463,-0.10336969804049892,-0.015896790831723358
-0.4134705348585972,-0.10336969804049892,-0.008051900623533214
-0.31010290114394806,-0.10336969804049892,-0.0013427825612459946
-0.2067352674292982,-0.10336969804049892,0.001760205977058545
-0.1033676337146491,-0.10336969804049892,-0.00006559334460429412
0.,-0.10336969804049892,-0.006570941278895972
0.1033676337146491,-0.10336969804049892,-0.015972287100020837
0.2067352674292982,-0.10336969804049892,-0.025445564194937827
0.31010290114394734,-0.10336969804049892,-0.0319324710263604
0.4134705348585964,-0.10336969804049892,-0.03302128194768681
0.5168381685732455,-0.10336969804049892,-0.02764316241067541
0.6202058022878947,-0.10336969804049892,-0.016382992348670543
0.7235734360025438,-0.10336969804049892,-0.001321759200349245
0.8269410697171944,-0.10336969804049892,0.014531986714721307
0.9303087034318435,-0.10336969804049892,0.02804520348430946
1.0336763371464925,-0.10336969804049892,0.03676011004348208
1.1370439708611417,-0.10336969804049892,0.03946560160791738
1.2404116045757907,-0.10336969804049892,0.03639521207186738
1.3437792382904399,-0.10336969804049892,0.029025470371605803
1.447146872005089,-0.10336969804049892,0.019567483506750635
1.550514505719738,-0.10336969804049892,0.010326563683450057
1.6538821394343872,-0.10336969804049892,0.0031265589550416523
1.7572497731490362,-0.10336969804049892,-0.0010452053048787162
1.8606174068636854,-0.10336969804049892,-0.0021018917154572198
1.9639850405783346,-0.10336969804049892,-0.0006584004953628588
2.0673526742929837,-0.10336969804049892,0.002322833990606269
2.1707203080076343,-0.10336969804049892,0.005899605469285328
2.2740879417222835,-0.10336969804049892,0.009406509881885102
2.3774555754369326,-0.10336969804049892,0.012533774783517988
2.4808232091515814,-0.10336969804049892,0.015236869802800803
2.5841908428662306,-0.10336969804049892,0.01754907453003312
2.6875584765808798,-0.10336969804049892,0.01939912947030567
2.790926110295529,-0.10336969804049892,0.02052371857941818
2.894293744010178,-0.10336969804049892,0.020517235498863588
2.997661377724827,-0.10336969804049892,0.018999054115512816
3.101029011439476,-0.10336969804049892,0.015826070772175217
3.2043966451541253,-0.10336969804049892,0.011255777066201567
3.3077642788687744,-0.10336969804049892,0.005980860683576765
3.411131912583425,-0.10336969804049892,0.0010039817246312933
3.514499546298074,-0.10336969804049892,-0.0026173799825302954
3.6178671800127233,-0.10336969804049892,-0.004074557839697703
3.7212348137273725,-0.10336969804049892,-0.003056074816016492
3.8246024474420213,-0.10336969804049892,0.00014735365286468936
3.9279700811566705,-0.10336969804049892,0.0047211690444460734
4.031337714871319,-0.10336969804049892,0.00956535225550403
4.134705348585968,-0.10336969804049892,0.013613966857575549
4.238072982300618,-0.10336969804049892,0.016129244396930913
4.341440616015267,-0.10336969804049892,0.0168735857729391
4.444808249729916,-0.10336969804049892,0.016106838806843424
4.548175883444565,-0.10336969804049892,0.01441821325096373
4.651543517159214,-0.10336969804049892,0.012459869956416634
4.754911150873865,-0.10336969804049892,0.010681995197772971
4.858278784588514,-0.10336969804049892,0.00916565284627678
4.961646418303163,-0.10336969804049892,0.00761171510088598
5.065014052017812,-0.10336969804049892,0.00548593826763897
5.168381685732461,-0.10336969804049892,0.002263126518016707
5.27174931944711,-0.10336969804049892,-0.002322036553775198
5.3751169531617595,-0.10336969804049892,-0.00811105663536809
5.478484586876409,-0.10336969804049892,-0.014505272820044874
5.581852220591058,-0.10336969804049892,-0.020603405636918704
5.685219854305707,-0.10336969804049892,-0.025443782408520743
5.788587488020356,-0.10336969804049892,-0.028265632948915223
5.8919551217350055,-0.10336969804049892,-0.02869965266914055
5.995322755449654,-0.10336969804049892,-0.026826917203814325
6.098690389164305,-0.10336969804049892,-0.023095762674532054
6.202058022878954,-0.10336969804049892,-0.01813899843476038
6.305425656593603,-0.10336969804049892,-0.01256872080970685
6.408793290308252,-0.10336969804049892,-0.0068298953265743916
-6.408793290308252,0.,-0.0035625457106869896
-6.305425656593603,0.,0.0026810569446011332
-6.202058022878954,0.,0.008610478947154096
-6.098690389164304,0.,0.013951871192510845
-5.995322755449655,0.,0.01827651304983001
-5.8919551217350055,0.,0.02102643099876807
-5.788587488020356,0.,0.021652417392606847
-5.685219854305708,0.,0.019824917465645776
-5.581852220591058,0.,0.015639276452184287
-5.478484586876409,0.,0.009725626362745668
-5.3751169531617595,0.,0.0031970769481020084
-5.27174931944711,0.,-0.0025779887044017377
-5.168381685732461,0.,-0.006329904939420184
-5.065014052017812,0.,-0.007265574653588044
-4.961646418303163,0.,-0.005346217900308481
-4.858278784588514,0.,-0.001361220027225764
-4.754911150873865,0.,0.003247604244859106
-4.651543517159215,0.,0.006778330373898679
-4.548175883444566,0.,0.007771183696036383
-4.444808249729917,0.,0.005470811362853748
-4.341440616015267,0.,0.00010196807287482977
-4.238072982300618,0.,-0.00713680648055628
-4.134705348585968,0.,-0.014372696844223386
-4.031337714871319,0.,-0.01957150172008579
-3.9279700811566705,0.,-0.021115720499562254
-3.8246024474420213,0.,-0.01827649118780027
-3.7212348137273725,0.,-0.011438287781701998
-3.6178671800127233,0.,-0.0020097948570021395
-3.514499546298074,0.,0.007950511057598334
-3.411131912583425,0.,0.01628022536900353
-3.3077642788687753,0.,0.021268030067389147
-3.204396645154126,0.,0.022058789478687977
-3.101029011439477,0.,0.018802254757935337
-2.9976613777248278,0.,0.012522437433581574
-2.8942937440101786,0.,0.004771006720753835
-2.790926110295529,0.,-0.0028111527107791533
-2.6875584765808798,0.,-0.008883636666208653
-2.5841908428662306,0.,-0.01263794382948919
-2.4808232091515814,0.,-0.013826473929259295
-2.3774555754369326,0.,-0.012620048550268869
-2.2740879417222835,0.,-0.009382581915112518
-2.1707203080076334,0.,-0.004471757022881822
-2.067352674292984,0.,0.001848565090508439
-1.9639850405783352,0.,0.009354788544612391
-1.8606174068636863,0.,0.01770654595160315
-1.757249773149037,0.,0.02627527394404948
-1.6538821394343879,0.,0.034062547324277485
-1.550514505719738,0.,0.039783744947816814
-1.447146872005089,0.,0.04212957675238584
-1.3437792382904399,0.,0.04014311241497433
-1.2404116045757907,0.,0.03359141062326795
-1.1370439708611417,0.,0.02319228639298713
-1.0336763371464925,0.,0.01058845000594273
-0.9303087034318435,0.,-0.0019641779589655134
-0.8269410697171936,0.,-0.012132948073276585
-0.7235734360025445,0.,-0.018126448014769134
-0.6202058022878953,0.,-0.01920958838895076
-0.5168381685732463,0.,-0.015948380553834865
-0.4134705348585972,0.,-0.010089859181048474
-0.31010290114394806,0.,-0.00409053111404933
-0.2067352674292982,0.,-0.00041629927642619635
-0.1033676337146491,0.,-0.0008128010865038528
0.,0.,-0.005762057053999186
0.1033676337146491,0.,-0.014292105599452268
0.2067352674292982,0.,-0.024204749147648575
0.31010290114394734,0.,-0.03266331965087494
0.4134705348585964,0.,-0.03697530187778987
0.5168381685732455,0.,-0.035346664000786586
0.6202058022878947,0.,-0.02739344338568541
0.7235734360025438,0.,-0.014268324625500052
0.8269410697171944,0.,0.001627135613997689
0.9303087034318435,0.,0.017255198570582775
1.0336763371464925,0.,0.02970124033749145
1.1370439708611417,0.,0.03686788137680937
1.2404116045757907,0.,0.03792168585483025
1.3437792382904399,0.,0.0333906453517988
1.447146872005089,0.,0.024915123307597754
1.550514505719738,0.,0.01475062373860603
1.6538821394343872,0.,0.0051797223526841366
1.7572497731490362,0.,-0.0020018538395119856
1.8606174068636854,0.,-0.005801245915427407
1.9639850405783346,0.,-0.006095449202916017
2.0673526742929837,0.,-0.0034763730744720492
2.1707203080076343,0.,0.0010400776900700635
2.2740879417222835,0.,0.006331649600678929
2.3774555754369326,0.,0.01141981435163489
2.4808232091515814,0.,0.015600792864437382
2.5841908428662306,0.,0.01845807057957755
2.6875584765808798,0.,0.019798465924111545
2.790926110295529,0.,0.019571212366982706
2.894293744010178,0.,0.017819607218112765
2.997661377724827,0.,0.014685098580260248
3.101029011439476,0.,0.010448785000146343
3.2043966451541253,0.,0.005570698303366655
3.3077642788687744,0.,0.0006832808077356034
3.411131912583425,0.,-0.003486499675135904
3.514499546298074,0.,-0.006259820134133981
3.6178671800127233,0.,-0.007174414651806818
3.7212348137273725,0.,-0.006120952351277223
3.8246024474420213,0.,-0.003393338966209802
3.9279700811566705,0.,0.0003750231367990191
4.031337714871319,0.,0.00437763668781816
4.134705348585968,0.,0.007854633225165083
4.238072982300618,0.,0.010294581597344454
4.341440616015267,0.,0.011550371683543389
4.444808249729916,0.,0.011829371260912306
4.548175883444565,0.,0.011561715427763448
4.651543517159214,0.,0.01119414486530194
4.754911150873865,0.,0.010984329220506918
4.858278784588514,0.,0.01087168055893876
4.961646418303163,0.,0.010474324431784355
5.065014052017812,0.,0.009217169727692162
5.168381685732461,0.,0.006548746275718461
5.27174931944711,0.,0.0021716432468440335
5.3751169531617595,0.,-0.003795064778461634
5.478484586876409,0.,-0.010780541907506352
5.581852220591058,0.,-0.01786969072119105
5.685219854305707,0.,-0.024020008064580503
5.788587488020356,0.,-0.02831732761658151
5.8919551217350055,0.,-0.03018811093097868
5.995322755449654,0.,-0.02950328529674678
6.098690389164305,0.,-0.02654854818527927
6.202058022878954,0.,-0.021883710776262135
6.305425656593603,0.,-0.01615141039346376
6.408793290308252,0.,-0.009909505240391607
-6.408793290308252,0.10336969804049741,-0.003333669089784496
-6.305425656593603,0.10336969804049741,0.0021673729152083994
-6.202058022878954,0.10336969804049741,0.007186510553541391
-6.098690389164304,0.10336969804049741,0.011890269297363027
-5.995322755449655,0.10336969804049741,0.016318754018244987
-5.8919551217350055,0.10336969804049741,0.020228368359667553
-5.788587488020356,0.10336969804049741,0.023076337703782694
-5.685219854305708,0.10336969804049741,0.024166070459034437
-5.581852220591058,0.10336969804049741,0.02290828527420498
-5.478484586876409,0.10336969804049741,0.019102724009728636
-5.3751169531617595,0.10336969804049741,0.013128516908558895
-5.27174931944711,0.10336969804049741,0.005955761207775436
-5.168381685732461,0.10336969804049741,-0.0010502158327085564
-5.065014052017812,0.10336969804049741,-0.0064867516847843115
-4.961646418303163,0.10336969804049741,-0.00932615037545587
-4.858278784588514,0.10336969804049741,-0.009246233238638563
-4.754911150873865,0.10336969804049741,-0.006760748124653587
-4.651543517159215,0.10336969804049741,-0.00309141078231329
-4.548175883444566,0.10336969804049741,0.00019289418667472422
-4.444808249729917,0.10336969804049741,0.0016646828103123721
-4.341440616015267,0.10336969804049741,0.000501246667127109
-4.238072982300618,0.10336969804049741,-0.003228806730120957
-4.134705348585968,0.10336969804049741,-0.00855557691124795
-4.031337714871319,0.10336969804049741,-0.013887443827686986
-3.9279700811566705,0.10336969804049741,-0.017499541397337778
-3.8246024474420213,0.10336969804049741,-0.018080853157460025
-3.7212348137273725,0.10336969804049741,-0.015167519439476673
-3.6178671800127233,0.10336969804049741,-0.009323346880254947
-3.514499546298074,0.10336969804049741,-0.002007144229656149
-3.411131912583425,0.10336969804049741,0.004834987201680595
-3.3077642788687753,0.10336969804049741,0.009327930650493154
-3.204396645154126,0.10336969804049741,0.010205738895186422
-3.101029011439477,0.10336969804049741,0.007167708262813256
-2.9976613777248278,0.10336969804049741,0.0009502526575011559
-2.8942937440101786,0.10336969804049741,-0.006896692562861163
-2.790926110295529,0.10336969804049741,-0.014448556419309314
-2.6875584765808798,0.10336969804049741,-0.019917875381341987
-2.5841908428662306,0.10336969804049741,-0.02208278342083366
-2.4808232091515814,0.10336969804049741,-0.02051361247919624
-2.3774555754369326,0.10336969804049741,-0.015552854793447939
-2.2740879417222835,0.10336969804049741,-0.008087422286969584
-2.1707203080076334,0.10336969804049741,0.0007834383156172444
-2.067352674292984,0.10336969804049741,0.0100574081455129
-1.9639850405783352,0.10336969804049741,0.01901153811937577
-1.8606174068636863,0.10336969804049741,0.027213455515862534
-1.757249773149037,0.10336969804049741,0.03438951702487791
-1.6538821394343879,0.10336969804049741,0.040236054105727115
-1.550514505719738,0.10336969804049741,0.044281360315932994
-1.447146872005089,0.10336969804049741,0.04588304056550087
-1.3437792382904399,0.10336969804049741,0.04438644306236459
-1.2404116045757907,0.10336969804049741,0.03939747121530495
-1.1370439708611417,0.10336969804049741,0.031065107495738965
-1.0336763371464925,0.10336969804049741,0.020248892650147003
-0.9303087034318435,0.10336969804049741,0.008474508876436618
-0.8269410697171936,0.10336969804049741,-0.0023507976916998193
-0.7235734360025445,0.10336969804049741,-0.010404657739764088
-0.6202058022878953,0.10336969804049741,-0.01446554637803203
-0.5168381685732463,0.10336969804049741,-0.014312116421910074
-0.4134705348585972,0.10336969804049741,-0.010861072693084643
-0.31010290114394806,0.10336969804049741,-0.005971685489981413
-0.2067352674292982,0.10336969804049741,-0.0019479414972837829
-0.1033676337146491,0.10336969804049741,-0.0008692947685495176
0.,0.10336969804049741,-0.003944586565277794
0.1033676337146491,0.10336969804049741,-0.011088273803342309
0.2067352674292982,0.10336969804049741,-0.02085961193127712
0.31010290114394734,0.10336969804049741,-0.030800322857405398
0.4134705348585964,0.10336969804049741,-0.03808651129603317
0.5168381685732455,0.10336969804049741,-0.04031352194157957
0.6202058022878947,0.10336969804049741,-0.03618876281384839
0.7235734360025438,0.10336969804049741,-0.025931392006369985
0.8269410697171944,0.10336969804049741,-0.0112621633119567
0.9303087034318435,0.10336969804049741,0.005014241784969059
1.0336763371464925,0.10336969804049741,0.019714846279914343
1.1370439708611417,0.10336969804049741,0.03007238792595146
1.2404116045757907,0.10336969804049741,0.034398482979850556
1.3437792382904399,0.10336969804049741,0.032441541770302555
1.447146872005089,0.10336969804049741,0.025358521895387065
1.550514505719738,0.10336969804049741,0.015331724943609295
1.6538821394343872,0.10336969804049741,0.004958279918606852
1.7572497731490362,0.10336969804049741,-0.003406978385326941
1.8606174068636854,0.10336969804049741,-0.008177596043270187
1.9639850405783346,0.10336969804049741,-0.008806826829105397
2.0673526742929837,0.10336969804049741,-0.005764731735817809
2.1707203080076343,0.10336969804049741,-0.00026800674634512583
2.2740879417222835,0.10336969804049741,0.006128235930308394
2.3774555754369326,0.10336969804049741,0.01194559509917171
2.4808232091515814,0.10336969804049741,0.016093478026043724
2.5841908428662306,0.10336969804049741,0.018015629173379108
2.6875584765808798,0.10336969804049741,0.017671842154917832
2.790926110295529,0.10336969804049741,0.015403742599071965
2.894293744010178,0.10336969804049741,0.011756961885003843
2.997661377724827,0.10336969804049741,0.0073260357381892145
3.101029011439476,0.10336969804049741,0.002660202525332903
3.2043966451541253,0.10336969804049741,-0.0017676684697498423
3.3077642788687744,0.10336969804049741,-0.005555084980817516
3.411131912583425,0.10336969804049741,-0.00836309498245734
3.514499546298074,0.10336969804049741,-0.009934927682739186
3.6178671800127233,0.10336969804049741,-0.010143251851428755
3.7212348137273725,0.10336969804049741,-0.00904481793148464
3.8246024474420213,0.10336969804049741,-0.006907807598386967
3.9279700811566705,0.10336969804049741,-0.004181712779235956
4.031337714871319,0.10336969804049741,-0.0014009674227167777
4.134705348585968,0.10336969804049741,0.0009568420960982696
4.238072982300618,0.10336969804049741,0.002612390014141145
4.341440616015267,0.10336969804049741,0.0035711923087682713
4.444808249729916,0.10336969804049741,0.004114155173473415
4.548175883444565,0.10336969804049741,0.004682934210038392
4.651543517159214,0.10336969804049741,0.005690704589511845
4.754911150873865,0.10336969804049741,0.007321340574860078
4.858278784588514,0.10336969804049741,0.009391685946822652
4.961646418303163,0.10336969804049741,0.011336234066221165
5.065014052017812,0.10336969804049741,0.012334676693926202
5.168381685732461,0.10336969804049741,0.01155307290564522
5.27174931944711,0.10336969804049741,0.008426324555655135
5.3751169531617595,0.10336969804049741,0.0028892937043509177
5.478484586876409,0.10336969804049741,-0.0045250913593503275
5.581852220591058,0.10336969804049741,-0.012762300047275363
5.685219854305707,0.10336969804049741,-0.020482446110699232
5.788587488020356,0.10336969804049741,-0.02638807844860605
5.8919551217350055,0.10336969804049741,-0.029543500047067007
5.995322755449654,0.10336969804049741,-0.029587153650307858
6.098690389164305,0.10336969804049741,-0.02677365885521652
6.202058022878954,0.10336969804049741,-0.02183893274559001
6.305425656593603,0.10336969804049741,-0.015740842155389734
6.408793290308252,0.10336969804049741,-0.009368300802153878
-6.408793290308252,0.20673939608099556,-0.0006275824789604716
-6.305425656593603,0.20673939608099556,0.002676269109147118
-6.202058022878954,0.20673939608099556,0.00529989271962109
-6.098690389164304,0.20673939608099556,0.00815470242639842
-5.995322755449655,0.20673939608099556,0.011997406611993557
-5.8919551217350055,0.20673939608099556,0.01701242313418249
-5.788587488020356,0.20673939608099556,0.022599557932282043
-5.685219854305708,0.20673939608099556,0.027461558002179223
-5.581852220591058,0.20673939608099556,0.02998199917695576
-5.478484586876409,0.20673939608099556,0.02877820523890984
-5.3751169531617595,0.20673939608099556,0.023243709584786044
-5.27174931944711,0.20673939608099556,0.013886304066821535
-5.168381685732461,0.20673939608099556,0.0023265641945068045
-5.065014052017812,0.20673939608099556,-0.00906968308212651
-4.961646418303163,0.20673939608099556,-0.017828571959482738
-4.858278784588514,0.20673939608099556,-0.022083011289499334
-4.754911150873865,0.20673939608099556,-0.021138097182789084
-4.651543517159215,0.20673939608099556,-0.01569985047768319
-4.548175883444566,0.20673939608099556,-0.007683301845076223
-4.444808249729917,0.20673939608099556,0.00035004160162972075
-4.341440616015267,0.20673939608099556,0.005954542889134121
-4.238072982300618,0.20673939608099556,0.007524653478051868
-4.134705348585968,0.20673939608099556,0.00475270364866639
-4.031337714871319,0.20673939608099556,-0.0013237732874407107
-3.9279700811566705,0.20673939608099556,-0.008697389955116534
-3.8246024474420213,0.20673939608099556,-0.015064849588541422
-3.7212348137273725,0.20673939608099556,-0.01857953393583138
-3.6178671800127233,0.20673939608099556,-0.01843892087346536
-3.514499546298074,0.20673939608099556,-0.015118908553769576
-3.411131912583425,0.20673939608099556,-0.010184030291380873
-3.3077642788687753,0.20673939608099556,-0.005741560931228545
-3.204396645154126,0.20673939608099556,-0.003722634736961239
-3.101029011439477,0.20673939608099556,-0.005227032476045979
-2.9976613777248278,0.20673939608099556,-0.010143430257183037
-2.8942937440101786,0.20673939608099556,-0.01716310600688401
-2.790926110295529,0.20673939608099556,-0.024174653972386537
-2.6875584765808798,0.20673939608099556,-0.02890411258733789
-2.5841908428662306,0.20673939608099556,-0.02958972385053041
-2.4808232091515814,0.20673939608099556,-0.025477031355264353
-2.3774555754369326,0.20673939608099556,-0.0169872674793154
-2.2740879417222835,0.20673939608099556,-0.005525219624233446
-2.1707203080076334,0.20673939608099556,0.006987668907325789
-2.067352674292984,0.20673939608099556,0.018684019114506588
-1.9639850405783352,0.20673939608099556,0.028231049697743895
-1.8606174068636863,0.20673939608099556,0.03507149743255731
-1.757249773149037,0.20673939608099556,0.03936960501336955
-1.6538821394343879,0.20673939608099556,0.04171556082649024
-1.550514505719738,0.20673939608099556,0.0427259338425742
-1.447146872005089,0.20673939608099556,0.04270778790735457
-1.3437792382904399,0.20673939608099556,0.0415207772496839
-1.2404116045757907,0.20673939608099556,0.03868820209925947
-1.1370439708611417,0.20673939608099556,0.033706315144620885
-1.0336763371464925,0.20673939608099556,0.026419215484748175
-0.9303087034318435,0.20673939608099556,0.017295312974986685
-0.8269410697171936,0.20673939608099556,0.007473056931592002
-0.7235734360025445,0.20673939608099556,-0.0014721584990749497
-0.6202058022878953,0.20673939608099556,-0.007981272570163048
-0.5168381685732463,0.20673939608099556,-0.011036032833318929
-0.4134705348585972,0.20673939608099556,-0.010565665990751944
-0.31010290114394806,0.20673939608099556,-0.007573833788528578
-0.2067352674292982,0.20673939608099556,-0.003911405780716558
-0.1033676337146491,0.20673939608099556,-0.0017399604430474499
0.,0.20673939608099556,-0.002841646409163129
0.1033676337146491,0.20673939608099556,-0.007994209324129906
0.2067352674292982,0.20673939608099556,-0.016621955740682554
0.31010290114394734,0.20673939608099556,-0.0268542155702684
0.4134705348585964,0.20673939608099556,-0.035996659593995915
0.5168381685732455,0.20673939608099556,-0.04128818056065202
0.6202058022878947,0.20673939608099556,-0.040720466643577
0.7235734360025438,0.20673939608099556,-0.03367083534275184
0.8269410697171944,0.20673939608099556,-0.02115102550899049
0.9303087034318435,0.20673939608099556,-0.0055895499372226815
1.0336763371464925,0.20673939608099556,0.00979340985047899
1.1370439708611417,0.20673939608099556,0.021836489235677364
1.2404116045757907,0.20673939608099556,0.028264702299984838
1.3437792382904399,0.20673939608099556,0.02825639223972822
1.447146872005089,0.20673939608099556,0.022594552735168423
1.550514505719738,0.20673939608099556,0.013374728958810471
1.6538821394343872,0.20673939608099556,0.0033727082597721876
1.7572497731490362,0.20673939608099556,-0.004730582483789216
1.8606174068636854,0.20673939608099556,-0.00903949470680143
1.9639850405783346,0.20673939608099556,-0.008861892616537938
2.0673526742929837,0.20673939608099556,-0.00476124790671191
2.1707203080076343,0.20673939608099556,0.0017366798887489716
2.2740879417222835,0.20673939608099556,0.008663064034612901
2.3774555754369326,0.20673939608099556,0.014178114350163041
2.4808232091515814,0.20673939608099556,0.01702752845613211
2.5841908428662306,0.20673939608099556,0.016770269542885612
2.6875584765808798,0.20673939608099556,0.013748351295980798
2.790926110295529,0.20673939608099556,0.008851302833589855
2.894293744010178,0.20673939608099556,0.003181917558947643
2.997661377724827,0.20673939608099556,-0.002258445249937525
3.101029011439476,0.20673939608099556,-0.006775639584443987
3.2043966451541253,0.20673939608099556,-0.010044178127537691
3.3077642788687744,0.20673939608099556,-0.012045400540599086
3.411131912583425,0.20673939608099556,-0.012941648185948765
3.514499546298074,0.20673939608099556,-0.012954167632789268
3.6178671800127233,0.20673939608099556,-0.012292263877505084
3.7212348137273725,0.20673939608099556,-0.011144666106282052
3.8246024474420213,0.20673939608099556,-0.009708852329895221
3.9279700811566705,0.20673939608099556,-0.008215824152505689
4.031337714871319,0.20673939608099556,-0.006913776948922758
4.134705348585968,0.20673939608099556,-0.006000471496325387
4.238072982300618,0.20673939608099556,-0.00552792425632244
4.341440616015267,0.20673939608099556,-0.005327815872190211
4.444808249729916,0.20673939608099556,-0.005008847231933357
4.548175883444565,0.20673939608099556,-0.004054460355607221
4.651543517159214,0.20673939608099556,-0.0020084101100199788
4.754911150873865,0.20673939608099556,0.001307233545506979
4.858278784588514,0.20673939608099556,0.005623429427739056
4.961646418303163,0.20673939608099556,0.01018305004935971
5.065014052017812,0.20673939608099556,0.01386958876845449
5.168381685732461,0.20673939608099556,0.015490137717159094
5.27174931944711,0.20673939608099556,0.014137423505165272
5.3751169531617595,0.20673939608099556,0.0095168629050059
5.478484586876409,0.20673939608099556,0.0021233166560594373
5.581852220591058,0.20673939608099556,-0.006807568005648995
5.685219854305707,0.20673939608099556,-0.015577992680029375
5.788587488020356,0.20673939608099556,-0.022463446979123537
5.8919551217350055,0.20673939608099556,-0.02617415426811208
5.995322755449654,0.20673939608099556,-0.026195967209484687
6.098690389164305,0.20673939608099556,-0.022898220018177217
6.202058022878954,0.20673939608099556,-0.017370501081468363
6.305425656593603,0.20673939608099556,-0.011040872990206705
6.408793290308252,0.20673939608099556,-0.005203607548293693
-6.408793290308252,0.31010909412149373,0.003510481758747847
-6.305425656593603,0.31010909412149373,0.0035938199688891385
-6.202058022878954,0.31010909412149373,0.0029063574379872845
-6.098690389164304,0.31010909412149373,0.003236130604191847
-5.995322755449655,0.31010909412149373,0.006131534888228532
-5.8919551217350055,0.31010909412149373,0.01220408975653925
-5.788587488020356,0.31010909412149373,0.02071778681254814
-5.685219854305708,0.31010909412149373,0.029638013955484495
-5.581852220591058,0.31010909412149373,0.036163189366895034
-5.478484586876409,0.31010909412149373,0.03759513454770453
-5.3751169531617595,0.31010909412149373,0.03227672006857547
-5.27174931944711,0.31010909412149373,0.02028331026729709
-5.168381685732461,0.31010909412149373,0.0036166478324028478
-5.065014052017812,0.31010909412149373,-0.014200035950559539
-4.961646418303163,0.31010909412149373,-0.02903535923600614
-4.858278784588514,0.31010909412149373,-0.037310716353272495
-4.754911150873865,0.31010909412149373,-0.03705596312811705
-4.651543517159215,0.31010909412149373,-0.028526767821342325
-4.548175883444566,0.31010909412149373,-0.014178891222630169
-4.444808249729917,0.31010909412149373,0.0020075615609606206
-4.341440616015267,0.31010909412149373,0.015656694121656264
-4.238072982300618,0.31010909412149373,0.02323668918191713
-4.134705348585968,0.31010909412149373,0.023032801231190943
-4.031337714871319,0.31010909412149373,0.015559035149716826
-3.9279700811566705,0.31010909412149373,0.003291839801191995
-3.8246024474420213,0.31010909412149373,-0.01017647089438958
-3.7212348137273725,0.31010909412149373,-0.02128536049211554
-3.6178671800127233,0.31010909412149373,-0.02758564552553979
-3.514499546298074,0.31010909412149373,-0.02841200300010147
-3.411131912583425,0.31010909412149373,-0.024948511960351135
-3.3077642788687753,0.31010909412149373,-0.019688618168606682
-3.204396645154126,0.31010909412149373,-0.015487608545307405
-3.101029011439477,0.31010909412149373,-0.014533340811699802
-2.9976613777248278,0.31010909412149373,-0.017578843963287537
-2.8942937440101786,0.31010909412149373,-0.02368471120217475
-2.790926110295529,0.31010909412149373,-0.03054391915837294
-2.6875584765808798,0.31010909412149373,-0.03526665860459243
-2.5841908428662306,0.31010909412149373,-0.035353235060068086
-2.4808232091515814,0.31010909412149373,-0.029527859231096774
-2.3774555754369326,0.31010909412149373,-0.018161365947409237
-2.2740879417222835,0.31010909412149373,-0.0031553143831793053
-2.1707203080076334,0.31010909412149373,0.012657259610437684
-2.067352674292984,0.31010909412149373,0.026380497189167865
-1.9639850405783352,0.31010909412149373,0.03589817127040718
-1.8606174068636863,0.31010909412149373,0.04041509112942513
-1.757249773149037,0.31010909412149373,0.040535665104085655
-1.6538821394343879,0.31010909412149373,0.03788179700731009
-1.550514505719738,0.31010909412149373,0.03440936597234608
-1.447146872005089,0.31010909412149373,0.03167876400977536
-1.3437792382904399,0.31010909412149373,0.03033878015274193
-1.2404116045757907,0.31010909412149373,0.029995836905254234
-1.1370439708611417,0.31010909412149373,0.029495288339548575
-1.0336763371464925,0.31010909412149373,0.027490910316843083
-0.9303087034318435,0.31010909412149373,0.023076442888607426
-0.8269410697171936,0.31010909412149373,0.01623471394096906
-0.7235734360025445,0.31010909412149373,0.007930858742976908
-0.6202058022878953,0.31010909412149373,-0.00018997389281903384
-0.5168381685732463,0.31010909412149373,-0.006391874441436776
-0.4134705348585972,0.31010909412149373,-0.00950682401854773
-0.31010290114394806,0.31010909412149373,-0.00941470804029489
-0.2067352674292982,0.31010909412149373,-0.007156144388562246
-0.1033676337146491,0.31010909412149373,-0.004618527780534715
0.,0.31010909412149373,-0.0038888787623021946
0.1033676337146491,0.31010909412149373,-0.006490424213239743
0.2067352674292982,0.31010909412149373,-0.012769315660350614
0.31010290114394734,0.31010909412149373,-0.02165498392637136
0.4134705348585964,0.31010909412149373,-0.030895824381493325
0.5168381685732455,0.31010909412149373,-0.03771214387309655
0.6202058022878947,0.31010909412149373,-0.03966490612799698
0.7235734360025438,0.31010909412149373,-0.03546085712474072
0.8269410697171944,0.31010909412149373,-0.02542911281662155
0.9303087034318435,0.31010909412149373,-0.011507029088869393
1.0336763371464925,0.31010909412149373,0.0032697881854318106
1.1370439708611417,0.31010909412149373,0.015619175206934306
1.2404116045757907,0.31010909412149373,0.022942579045496337
1.3437792382904399,0.31010909412149373,0.024046988409541052
1.447146872005089,0.31010909412149373,0.01944061337607564
1.550514505719738,0.31010909412149373,0.011121339878975636
1.6538821394343872,0.31010909412149373,0.0019365653438216577
1.7572497731490362,0.31010909412149373,-0.00527689812934469
1.8606174068636854,0.31010909412149373,-0.008504478470398914
1.9639850405783346,0.31010909412149373,-0.0070759399808076875
2.0673526742929837,0.31010909412149373,-0.0017585879479451159
2.1707203080076343,0.31010909412149373,0.005577632036551085
2.2740879417222835,0.31010909412149373,0.012590878249010425
2.3774555754369326,0.31010909412149373,0.017180619267887783
2.4808232091515814,0.31010909412149373,0.01806201166975476
2.5841908428662306,0.31010909412149373,0.01504285857961837
2.6875584765808798,0.31010909412149373,0.008952158090776067
2.790926110295529,0.31010909412149373,0.0012829875547827965
2.894293744010178,0.31010909412149373,-0.006305516867320342
2.997661377724827,0.31010909412149373,-0.012456178550231388
3.101029011439476,0.31010909412149373,-0.016413742654647557
3.2043966451541253,0.31010909412149373,-0.018093202379131052
3.3077642788687744,0.31010909412149373,-0.017938788096380366
3.411131912583425,0.31010909412149373,-0.016661875084826163
3.514499546298074,0.31010909412149373,-0.014971006609236689
3.6178671800127233,0.31010909412149373,-0.013387160741544838
3.7212348137273725,0.31010909412149373,-0.0121855353079336
3.8246024474420213,0.31010909412149373,-0.011445600496487485
3.9279700811566705,0.31010909412149373,-0.011148894312607906
4.031337714871319,0.31010909412149373,-0.01125488894899811
4.134705348585968,0.31010909412149373,-0.011710218597272573
4.238072982300618,0.31010909412149373,-0.0123920037717736
4.341440616015267,0.31010909412149373,-0.013029839865619485
4.444808249729916,0.31010909412149373,-0.013172141858621561
4.548175883444565,0.31010909412149373,-0.01224983592990469
4.651543517159214,0.31010909412149373,-0.009747630625279053
4.754911150873865,0.31010909412149373,-0.005437768469218203
4.858278784588514,0.31010909412149373,0.00041241898524931546
4.961646418303163,0.31010909412149373,0.006958424000054502
5.065014052017812,0.31010909412149373,0.012889812242288525
5.168381685732461,0.31010909412149373,0.016737100862721597
5.27174931944711,0.31010909412149373,0.017299551512085145
5.3751169531617595,0.31010909412149373,0.014060406116164508
5.478484586876409,0.31010909412149373,0.007440931125628149
5.581852220591058,0.31010909412149373,-0.001216207849159381
5.685219854305707,0.31010909412149373,-0.009959470298064748
5.788587488020356,0.31010909412149373,-0.016759940466581937
5.8919551217350055,0.31010909412149373,-0.02010102515471088
5.995322755449654,0.31010909412149373,-0.019432305267332525
6.098690389164305,0.31010909412149373,-0.015326899891915704
6.202058022878954,0.31010909412149373,-0.009274619077052487
6.305425656593603,0.31010909412149373,-0.003166325252517756
6.408793290308252,0.31010909412149373,0.001363843604916863
-6.408793290308252,0.4134787921619919,0.007619741704629292
-6.305425656593603,0.4134787921619919,0.004162976997367528
-6.202058022878954,0.4134787921619919,-7.345922184855177e-6
-6.098690389164304,0.4134787921619919,-0.0022898294263849484
-5.995322755449655,0.4134787921619919,-0.0004308237852015704
-5.8919551217350055,0.4134787921619919,0.006532979040247345
-5.788587488020356,0.4134787921619919,0.017694771856148976
-5.685219854305708,0.4134787921619919,0.030303285049703095
-5.581852220591058,0.4134787921619919,0.040445347637908184
-5.478484586876409,0.4134787921619919,0.044213943141646346
-5.3751169531617595,0.4134787921619919,0.039010495841861496
-5.27174931944711,0.4134787921619919,0.024557492523950553
-5.168381685732461,0.4134787921619919,0.003263059519749747
-5.065014052017812,0.4134787921619919,-0.02023169780538996
-4.961646418303163,0.4134787921619919,-0.040235876966859874
-4.858278784588514,0.4134787921619919,-0.05159503011583408
-4.754911150873865,0.4134787921619919,-0.05120765691705588
-4.651543517159215,0.4134787921619919,-0.039000582852352784
-4.548175883444566,0.4134787921619919,-0.01804483953600908
-4.444808249729917,0.4134787921619919,0.006246983643351932
-4.341440616015267,0.4134787921619919,0.027616426731687686
-4.238072982300618,0.4134787921619919,0.04070396527124461
-4.134705348585968,0.4134787921619919,0.042518054644597694
-4.031337714871319,0.4134787921619919,0.033187704582721266
-3.9279700811566705,0.4134787921619919,0.01578145216865298
-3.8246024474420213,0.4134787921619919,-0.004732633511106397
-3.7212348137273725,0.4134787921619919,-0.023044988017348535
-3.6178671800127233,0.4134787921619919,-0.03508435353065481
-3.514499546298074,0.4134787921619919,-0.03912789620805676
-3.411131912583425,0.4134787921619919,-0.036112044206979624
-3.3077642788687753,0.4134787921619919,-0.029079010755267008
-3.204396645154126,0.4134787921619919,-0.02197385953307797
-3.101029011439477,0.4134787921619919,-0.01821079114155146
-2.9976613777248278,0.4134787921619919,-0.01948982224856974
-2.8942937440101786,0.4134787921619919,-0.02524836758281378
-2.790926110295529,0.4134787921619919,-0.032911359724289976
-2.6875584765808798,0.4134787921619919,-0.03883387958113403
-2.5841908428662306,0.4134787921619919,-0.03960210185405864
-2.4808232091515814,0.4134787921619919,-0.033246545723370914
-2.3774555754369326,0.4134787921619919,-0.019960890387437515
-2.2740879417222835,0.4134787921619919,-0.0020936404915661132
-2.1707203080076334,0.4134787921619919,0.01657231658850623
-2.067352674292984,0.4134787921619919,0.03200018561321294
-1.9639850405783352,0.4134787921619919,0.04114047416150596
-1.8606174068636863,0.4134787921619919,0.04282347355452417
-1.757249773149037,0.4134787921619919,0.038020539528467776
-1.6538821394343879,0.4134787921619919,0.02940978315317822
-1.550514505719738,0.4134787921619919,0.020415225606910625
-1.447146872005089,0.4134787921619919,0.014058179565018054
-1.3437792382904399,0.4134787921619919,0.012010022984185294
-1.2404116045757907,0.4134787921619919,0.014152931476498976
-1.1370439708611417,0.4134787921619919,0.018771420196368432
-1.0336763371464925,0.4134787921619919,0.023278257218985042
-0.9303087034318435,0.4134787921619919,0.025199456152279545
-0.8269410697171936,0.4134787921619919,0.023064820690327593
-0.7235734360025445,0.4134787921619919,0.016896948049573576
-0.6202058022878953,0.4134787921619919,0.00814315451096225
-0.5168381685732463,0.4134787921619919,-0.000903967725794446
-0.4134705348585972,0.4134787921619919,-0.007972089517433481
-0.31010290114394806,0.4134787921619919,-0.011639869752528965
-0.2067352674292982,0.4134787921619919,-0.01183193271813242
-0.1033676337146491,0.4134787921619919,-0.009803443392176496
0.,0.4134787921619919,-0.007625881468184396
0.1033676337146491,0.4134787921619919,-0.0073652799308947395
0.2067352674292982,0.4134787921619919,-0.010254004517523431
0.31010290114394734,0.4134787921619919,-0.01615916866914963
0.4134705348585964,0.4134787921619919,-0.023545274084753647
0.5168381685732455,0.4134787921619919,-0.029953518528188658
0.6202058022878947,0.4134787921619919,-0.03283724100621775
0.7235734360025438,0.4134787921619919,-0.030466145217999806
0.8269410697171944,0.4134787921619919,-0.022585121484989243
0.9303087034318435,0.4134787921619919,-0.010595473148780041
1.0336763371464925,0.4134787921619919,0.002811741781657419
1.1370439708611417,0.4134787921619919,0.01445484177872996
1.2404116045757907,0.4134787921619919,0.021631879323990844
1.3437792382904399,0.4134787921619919,0.02294423340233708
1.447146872005089,0.4134787921619919,0.01870593228303045
1.550514505719738,0.4134787921619919,0.010810321773287555
1.6538821394343872,0.4134787921619919,0.0021051618962340973
1.7572497731490362,0.4134787921619919,-0.004513846246161031
1.8606174068636854,0.4134787921619919,-0.006995241981250981
1.9639850405783346,0.4134787921619919,-0.004727548877145175
2.0673526742929837,0.4134787921619919,0.001338002864566005
2.1707203080076343,0.4134787921619919,0.009055232311082679
2.2740879417222835,0.4134787921619919,0.015800831208765086
2.3774555754369326,0.4134787921619919,0.019297406705963804
2.4808232091515814,0.4134787921619919,0.01827781661919869
2.5841908428662306,0.4134787921619919,0.012794866369626356
2.6875584765808798,0.4134787921619919,0.00410782749954321
2.790926110295529,0.4134787921619919,-0.005782145430183039
2.894293744010178,0.4134787921619919,-0.014769644554350574
2.997661377724827,0.4134787921619919,-0.02123928179315895
3.101029011439476,0.4134787921619919,-0.02443705585822686
3.2043966451541253,0.4134787921619919,-0.024532395141681512
3.3077642788687744,0.4134787921619919,-0.022396783168801056
3.411131912583425,0.4134787921619919,-0.019215481964555692
3.514499546298074,0.4134787921619919,-0.01608792810716003
3.6178671800127233,0.4134787921619919,-0.013751176137641883
3.7212348137273725,0.4134787921619919,-0.012493468784308607
3.8246024474420213,0.4134787921619919,-0.012241850567532804
3.9279700811566705,0.4134787921619919,-0.012742530773399888
4.031337714871319,0.4134787921619919,-0.01372963932691519
4.134705348585968,0.4134787921619919,-0.015002752344830589
4.238072982300618,0.4134787921619919,-0.01639183751166228
4.341440616015267,0.4134787921619919,-0.017652453609304807
4.444808249729916,0.4134787921619919,-0.018374828897845915
4.548175883444565,0.4134787921619919,-0.017989052513236216
4.651543517159214,0.4134787921619919,-0.015904631039473614
4.754911150873865,0.4134787921619919,-0.011754452498109092
4.858278784588514,0.4134787921619919,-0.005650617762901929
4.961646418303163,0.4134787921619919,0.0016681764216751312
5.065014052017812,0.4134787921619919,0.008894784336388458
5.168381685732461,0.4134787921619919,0.014444412375013633
5.27174931944711,0.4134787921619919,0.01691286234078753
5.3751169531617595,0.4134787921619919,0.015558149259231173
5.478484586876409,0.4134787921619919,0.010629779031675503
5.581852220591058,0.4134787921619919,0.003403481922286192
5.685219854305707,0.4134787921619919,-0.0041282873382693834
5.788587488020356,0.4134787921619919,-0.009837988505763237
5.8919551217350055,0.4134787921619919,-0.012137278598833848
5.995322755449654,0.4134787921619919,-0.010513346879248153
6.098690389164305,0.4134787921619919,-0.005726074752485454
6.202058022878954,0.4134787921619919,0.0004293949488102314
6.305425656593603,0.4134787921619919,0.005740562866358583
6.408793290308252,0.4134787921619919,0.008379931527139669
-6.408793290308252,0.51684849020249,0.010478613438384911
-6.305425656593603,0.51684849020249,0.00395258183007979
-6.202058022878954,0.51684849020249,-0.0031702456471858964
-6.098690389164304,0.51684849020249,-0.007697558153879737
-5.995322755449655,0.51684849020249,-0.006859711395035764
-5.8919551217350055,0.51684849020249,0.0005711699211023711
-5.788587488020356,0.51684849020249,0.01357383424680252
-5.685219854305708,0.51684849020249,0.028879185404734678
-5.581852220591058,0.51684849020249,0.04175716386384581
-5.478484586876409,0.51684849020249,0.047401596658703304
-5.3751169531617595,0.51684849020249,0.04250453361810423
-5.27174931944711,0.51684849020249,0.026513228643675984
-5.168381685732461,0.51684849020249,0.002128452965881427
-5.065014052017812,0.51684849020249,-0.02517987636377901
-4.961646418303163,0.51684849020249,-0.04855883276632566
-4.858278784588514,0.51684849020249,-0.061683660489523964
-4.754911150873865,0.51684849020249,-0.060628773620633805
-4.651543517159215,0.51684849020249,-0.0451187591176527
-4.548175883444566,0.51684849020249,-0.01875053261784356
-4.444808249729917,0.51684849020249,0.011914750100479935
-4.341440616015267,0.51684849020249,0.03914278971193046
-4.238072982300618,0.51684849020249,0.056174479144711895
-4.134705348585968,0.51684849020249,0.059088207946648895
-4.031337714871319,0.51684849020249,0.047816655483486854
-3.9279700811566705,0.51684849020249,0.026019202886337252
-3.8246024474420213,0.51684849020249,-0.00013354591828062227
-3.7212348137273725,0.51684849020249,-0.023869927344540333
-3.6178671800127233,0.51684849020249,-0.03981863555859369
-3.514499546298074,0.51684849020249,-0.045481221699026235
-3.411131912583425,0.51684849020249,-0.04173635039400896
-3.3077642788687753,0.51684849020249,-0.03225482462904556
-3.204396645154126,0.51684849020249,-0.022055747693635833
-3.101029011439477,0.51684849020249,-0.01570421109248917
-2.9976613777248278,0.51684849020249,-0.015752954803551305
-2.8942937440101786,0.51684849020249,-0.021933928688426536
-2.790926110295529,0.51684849020249,-0.031345554352236495
-2.6875584765808798,0.51684849020249,-0.03954604974634626
-2.5841908428662306,0.51684849020249,-0.04216426714757207
-2.4808232091515814,0.51684849020249,-0.03647515109791593
-2.3774555754369326,0.51684849020249,-0.022409085933486374
-2.2740879417222835,0.51684849020249,-0.0026623370683121544
-2.1707203080076334,0.51684849020249,0.01811938809984491
-2.067352674292984,0.51684849020249,0.03480370481385331
-1.9639850405783352,0.51684849020249,0.0433903830745612
-1.8606174068636863,0.51684849020249,0.042252827181538
-1.757249773149037,0.51684849020249,0.032603104728616744
-1.6538821394343879,0.51684849020249,0.01804483922919232
-1.550514505719738,0.51684849020249,0.0033804147180114762
-1.447146872005089,0.51684849020249,-0.006921440811100316
-1.3437792382904399,0.51684849020249,-0.010092505120067631
-1.2404116045757907,0.51684849020249,-0.005831665606642258
-1.1370439708611417,0.51684849020249,0.003751577679313538
-1.0336763371464925,0.51684849020249,0.01496124350682542
-0.9303087034318435,0.51684849020249,0.023801299232764164
-0.8269410697171936,0.51684849020249,0.027280188752806894
-0.7235734360025445,0.51684849020249,0.024304045601713935
-0.6202058022878953,0.51684849020249,0.0158870742881712
-0.5168381685732463,0.51684849020249,0.004649991697205315
-0.4134705348585972,0.51684849020249,-0.0061809648459049005
-0.31010290114394806,0.51684849020249,-0.013903284177882214
-0.2067352674292982,0.51684849020249,-0.017199800554026177
-0.1033676337146491,0.51684849020249,-0.01644944311213701
0.,0.51684849020249,-0.013409866319968693
0.1033676337146491,0.51684849020249,-0.010419284525287736
0.2067352674292982,0.51684849020249,-0.009429166582978842
0.31010290114394734,0.51684849020249,-0.01122809353319832
0.4134705348585964,0.51684849020249,-0.015136562996955982
0.5168381685732455,0.51684849020249,-0.01927487286440654
0.6202058022878947,0.51684849020249,-0.021296624214677
0.7235734360025438,0.51684849020249,-0.019313603620519947
0.8269410697171944,0.51684849020249,-0.012671803481172595
0.9303087034318435,0.51684849020249,-0.0022944160413264705
1.0336763371464925,0.51684849020249,0.009536196206963493
1.1370439708611417,0.51684849020249,0.019885934783876843
1.2404116045757907,0.51684849020249,0.02612187299403609
1.3437792382904399,0.51684849020249,0.026781553733628623
1.447146872005089,0.51684849020249,0.022059906418795308
1.550514505719738,0.51684849020249,0.013748354863334564
1.6538821394343872,0.51684849020249,0.004649104939256806
1.7572497731490362,0.51684849020249,-0.0023349157840830024
1.8606174068636854,0.51684849020249,-0.005128171184343401
1.9639850405783346,0.51684849020249,-0.0031227561303568893
2.0673526742929837,0.51684849020249,0.002671527036121365
2.1707203080076343,0.51684849020249,0.010000951035909268
2.2740879417222835,0.51684849020249,0.016125041295672753
2.3774555754369326,0.51684849020249,0.01869622431986222
2.4808232091515814,0.51684849020249,0.016472922016497863
2.5841908428662306,0.51684849020249,0.009646769698256789
2.6875584765808798,0.51684849020249,-0.0002962128998076764
2.790926110295529,0.51684849020249,-0.011102964824915709
2.894293744010178,0.51684849020249,-0.02047018527922977
2.997661377724827,0.51684849020249,-0.026705471676718332
3.101029011439476,0.51684849020249,-0.029127876192895093
3.2043966451541253,0.51684849020249,-0.028109430676022267
3.3077642788687744,0.51684849020249,-0.0247898430997277
3.411131912583425,0.51684849020249,-0.020603500655354677
3.514499546298074,0.51684849020249,-0.01680498014098917
3.6178671800127233,0.51684849020249,-0.014154563760945076
3.7212348137273725,0.51684849020249,-0.01284413376126316
3.8246024474420213,0.51684849020249,-0.01264164450121445
3.9279700811566705,0.51684849020249,-0.01315014934085638
4.031337714871319,0.51684849020249,-0.014045795222109221
4.134705348585968,0.51684849020249,-0.015187285932624193
4.238072982300618,0.51684849020249,-0.016561682161193362
4.341440616015267,0.51684849020249,-0.018115211437749877
4.444808249729916,0.51684849020249,-0.019576320297638908
4.548175883444565,0.51684849020249,-0.020385949503140405
4.651543517159214,0.51684849020249,-0.019802936176888174
4.754911150873865,0.51684849020249,-0.01716988113155983
4.858278784588514,0.51684849020249,-0.012241862455712226
4.961646418303163,0.51684849020249,-0.005433788398276403
5.065014052017812,0.51684849020249,0.002144748192643994
5.168381685732461,0.51684849020249,0.008925915690244892
5.27174931944711,0.51684849020249,0.013343744541244571
5.3751169531617595,0.51684849020249,0.014370815696862542
5.478484586876409,0.51684849020249,0.011933593762589234
5.581852220591058,0.51684849020249,0.007031449773143888
5.685219854305707,0.51684849020249,0.0014792157861895714
5.788587488020356,0.51684849020249,-0.0026708351848020962
5.8919551217350055,0.51684849020249,-0.0038435778531632687
5.995322755449654,0.51684849020249,-0.0015381695499482257
6.098690389164305,0.51684849020249,0.0034262633333132075
6.202058022878954,0.51684849020249,0.009140059500628355
6.305425656593603,0.51684849020249,0.013264468309041452
6.408793290308252,0.51684849020249,0.013916431876021932
-6.408793290308252,0.6202181882429882,0.011646508456124046
-6.305425656593603,0.6202181882429882,0.0031818520649724443
-6.202058022878954,0.6202181882429882,-0.005895078475590832
-6.098690389164304,0.6202181882429882,-0.012101906599939798
-5.995322755449655,0.6202181882429882,-0.012362803332847196
-5.8919551217350055,0.6202181882429882,-0.005226801472212402
-5.788587488020356,0.6202181882429882,0.008333469202291832
-5.685219854305708,0.6202181882429882,0.024877139883072653
-5.581852220591058,0.6202181882429882,0.039306449738190294
-5.478484586876409,0.6202181882429882,0.04634787220619966
-5.3751169531617595,0.6202181882429882,0.04226949334433011
-5.27174931944711,0.6202181882429882,0.02628286674133648
-5.168381685732461,0.6202181882429882,0.00113758631726722
-5.065014052017812,0.6202181882429882,-0.027353861924964307
-4.961646418303163,0.6202181882429882,-0.051791813736161006
-4.858278784588514,0.6202181882429882,-0.0652677466389751
-4.754911150873865,0.6202181882429882,-0.06343045946461082
-4.651543517159215,0.6202181882429882,-0.04589733505009201
-4.548175883444566,0.6202181882429882,-0.016545873126296066
-4.444808249729917,0.6202181882429882,0.017445529759708648
-4.341440616015267,0.6202181882429882,0.0475520431528387
-4.238072982300618,0.6202181882429882,0.06628070740425486
-4.134705348585968,0.6202181882429882,0.06925938194175832
-4.031337714871319,0.6202181882429882,0.05640441143033177
-3.9279700811566705,0.6202181882429882,0.031816763123015956
-3.8246024474420213,0.6202181882429882,0.0024504354892092278
-3.7212348137273725,0.6202181882429882,-0.02402208046787782
-3.6178671800127233,0.6202181882429882,-0.04147673874064952
-3.514499546298074,0.6202181882429882,-0.04703504030093363
-3.411131912583425,0.6202181882429882,-0.04168102209745777
-3.3077642788687753,0.6202181882429882,-0.02964040131139481
-3.204396645154126,0.6202181882429882,-0.016762223829392082
-3.101029011439477,0.6202181882429882,-0.008457710233978502
-2.9976613777248278,0.6202181882429882,-0.007880551724179632
-2.8942937440101786,0.6202181882429882,-0.014937876168653491
-2.790926110295529,0.6202181882429882,-0.02643558157665698
-2.6875584765808798,0.6202181882429882,-0.037281903859667544
-2.5841908428662306,0.6202181882429882,-0.042324947281652675
-2.4808232091515814,0.6202181882429882,-0.038197411603943576
-2.3774555754369326,0.6202181882429882,-0.024549327747810358
-2.2740879417222835,0.6202181882429882,-0.004261499605102814
-2.1707203080076334,0.6202181882429882,0.017424564990325856
-2.067352674292984,0.6202181882429882,0.03456546291168363
-1.9639850405783352,0.6202181882429882,0.04241245252140565
-1.8606174068636863,0.6202181882429882,0.03892400058184222
-1.757249773149037,0.6202181882429882,0.025407174315486277
-1.6538821394343879,0.6202181882429882,0.006092436751461907
-1.550514505719738,0.6202181882429882,-0.013203975599932654
-1.447146872005089,0.6202181882429882,-0.026884499731647967
-1.3437792382904399,0.6202181882429882,-0.03125691454717237
-1.2404116045757907,0.6202181882429882,-0.025573557508140932
-1.1370439708611417,0.6202181882429882,-0.012118690156596288
-1.0336763371464925,0.6202181882429882,0.00464393992960823
-0.9303087034318435,0.6202181882429882,0.019550545551083667
-0.8269410697171936,0.6202181882429882,0.028344101094623438
-0.7235734360025445,0.6202181882429882,0.028892931162313396
-0.6202058022878953,0.6202181882429882,0.02165876629654345
-0.5168381685732463,0.6202181882429882,0.00931633347945562
-0.4134705348585972,0.6202181882429882,-0.004290727813695917
-0.31010290114394806,0.6202181882429882,-0.015466882707465176
-0.2067352674292982,0.6202181882429882,-0.021799971468597502
-0.1033676337146491,0.6202181882429882,-0.02275256608759597
0.,0.6202181882429882,-0.019556927209249602
0.1033676337146491,0.6202181882429882,-0.014510442084636054
0.2067352674292982,0.6202181882429882,-0.00996982975388963
0.31010290114394734,0.6202181882429882,-0.007428571767890387
0.4134705348585964,0.6202181882429882,-0.007008495097203441
0.5168381685732455,0.6202181882429882,-0.00752837308095264
0.6202058022878947,0.6202181882429882,-0.007094026609128096
0.7235734360025438,0.6202181882429882,-0.003965107448645408
0.8269410697171944,0.6202181882429882,0.0026402092086273156
0.9303087034318435,0.6202181882429882,0.012109719370373022
1.0336763371464925,0.6202181882429882,0.022535856225278608
1.1370439708611417,0.6202181882429882,0.03131488407069323
1.2404116045757907,0.6202181882429882,0.03603029914441574
1.3437792382904399,0.6202181882429882,0.03530226572638352
1.447146872005089,0.6202181882429882,0.029298451671714465
1.550514505719738,0.6202181882429882,0.019723376524928792
1.6538821394343872,0.6202181882429882,0.009288060083436665
1.7572497731490362,0.6202181882429882,0.0008429323370363306
1.8606174068636854,0.6202181882429882,-0.0035289448909798862
1.9639850405783346,0.6202181882429882,-0.0031526847522442346
2.0673526742929837,0.6202181882429882,0.0010720145357536975
2.1707203080076343,0.6202181882429882,0.007020936606493311
2.2740879417222835,0.6202181882429882,0.012078342865854342
2.3774555754369326,0.6202181882429882,0.013995603539213947
2.4808232091515814,0.6202181882429882,0.011587241452177835
2.5841908428662306,0.6202181882429882,0.005045023938032677
2.6875584765808798,0.6202181882429882,-0.004208865069412305
2.790926110295529,0.6202181882429882,-0.01404876955430601
2.894293744010178,0.6202181882429882,-0.022349331608286845
2.997661377724827,0.6202181882429882,-0.02761840883728196
3.101029011439476,0.6202181882429882,-0.029356238176036734
3.2043966451541253,0.6202181882429882,-0.02805052197089284
3.3077642788687744,0.6202181882429882,-0.024852848146198463
3.411131912583425,0.6202181882429882,-0.021090118417383938
3.514499546298074,0.6202181882429882,-0.017807647182968886
3.6178671800127233,0.6202181882429882,-0.015506747715388666
3.7212348137273725,0.6202181882429882,-0.01414680800627235
3.8246024474420213,0.6202181882429882,-0.013369444814727625
3.9279700811566705,0.6202181882429882,-0.012815397036165167
4.031337714871319,0.6202181882429882,-0.012376664176161052
4.134705348585968,0.6202181882429882,-0.012265919288092232
4.238072982300618,0.6202181882429882,-0.012874025874484947
4.341440616015267,0.6202181882429882,-0.014486569941695497
4.444808249729916,0.6202181882429882,-0.01699939426294941
4.548175883444565,0.6202181882429882,-0.019781548446829618
4.651543517159214,0.6202181882429882,-0.02177684481897174
4.754911150873865,0.6202181882429882,-0.021834339662867457
4.858278784588514,0.6202181882429882,-0.01915424841133399
4.961646418303163,0.6202181882429882,-0.013672573407891563
5.065014052017812,0.6202181882429882,-0.006213987899266082
5.168381685732461,0.6202181882429882,0.0016796056342361931
5.27174931944711,0.6202181882429882,0.008214681615891822
5.3751169531617595,0.6202181882429882,0.011954470703563255
5.478484586876409,0.6202181882429882,0.012347710235247443
5.581852220591058,0.6202181882429882,0.00996656761093142
5.685219854305707,0.6202181882429882,0.006337757307989619
5.788587488020356,0.6202181882429882,0.003399207912293244
5.8919551217350055,0.6202181882429882,0.0027624407330562443
5.995322755449654,0.6202181882429882,0.005050913808461419
6.098690389164305,0.6202181882429882,0.00957789748153477
6.202058022878954,0.6202181882429882,0.01451906120668338
6.305425656593603,0.6202181882429882,0.017558184394861436
6.408793290308252,0.6202181882429882,0.01680079256313496
-6.408793290308252,0.7235878862834864,0.011662511529578938
-6.305425656593603,0.7235878862834864,0.002739680271739845
-6.202058022878954,0.7235878862834864,-0.007164796759527401
-6.098690389164304,0.7235878862834864,-0.014560136124852456
-5.995322755449655,0.7235878862834864,-0.01622002222631142
-5.8919551217350055,0.7235878862834864,-0.010438024969650466
-5.788587488020356,0.7235878862834864,0.002103175063812683
-5.685219854305708,0.7235878862834864,0.018206318879634083
-5.581852220591058,0.7235878862834864,0.03290483752378034
-5.478484586876409,0.7235878862834864,0.040911757761316433
-5.3751169531617595,0.7235878862834864,0.03834618794364296
-5.27174931944711,0.7235878862834864,0.02417981484968853
-5.168381685732461,0.7235878862834864,0.0008953424963234704
-5.065014052017812,0.7235878862834864,-0.025926390637482456
-4.961646418303163,0.7235878862834864,-0.049039682836741066
-4.858278784588514,0.7235878862834864,-0.06159948254352134
-4.754911150873865,0.7235878862834864,-0.05924319562776882
-4.651543517159215,0.7235878862834864,-0.04153513115113478
-4.548175883444566,0.7235878862834864,-0.012292869308657138
-4.444808249729917,0.7235878862834864,0.021350179856622603
-4.341440616015267,0.7235878862834864,0.050898494362171955
-4.238072982300618,0.7235878862834864,0.06889139731411113
-4.134705348585968,0.7235878862834864,0.07101958297311875
-4.031337714871319,0.7235878862834864,0.05731412639348726
-3.9279700811566705,0.7235878862834864,0.032043906496766174
-3.8246024474420213,0.7235878862834864,0.002358482489328157
-3.7212348137273725,0.7235878862834864,-0.02389516676511168
-3.6178671800127233,0.7235878862834864,-0.040497852090037624
-3.514499546298074,0.7235878862834864,-0.044603553707204126
-3.411131912583425,0.7235878862834864,-0.03737580364047892
-3.3077642788687753,0.7235878862834864,-0.0233459275791063
-3.204396645154126,0.7235878862834864,-0.008734290865270736
-3.101029011439477,0.7235878862834864,0.0006968695212499099
-2.9976613777248278,0.7235878862834864,0.0015512691068384674
-2.8942937440101786,0.7235878862834864,-0.006148371576361185
-2.790926110295529,0.7235878862834864,-0.01908640559202054
-2.6875584765808798,0.7235878862834864,-0.031891506766429045
-2.5841908428662306,0.7235878862834864,-0.03905316533930035
-2.4808232091515814,0.7235878862834864,-0.036868727887236254
-2.3774555754369326,0.7235878862834864,-0.024771678259991724
-2.2740879417222835,0.7235878862834864,-0.005604519825699809
-2.1707203080076334,0.7235878862834864,0.015247419538478378
-2.067352674292984,0.7235878862834864,0.031569662369957056
-1.9639850405783352,0.7235878862834864,0.03831398334395523
-1.8606174068636863,0.7235878862834864,0.033224862391710956
-1.757249773149037,0.7235878862834864,0.01757499246421218
-1.6538821394343879,0.7235878862834864,-0.004216087370628857
-1.550514505719738,0.7235878862834864,-0.02594284792886401
-1.447146872005089,0.7235878862834864,-0.04150607770464495
-1.3437792382904399,0.7235878862834864,-0.046730336847113196
-1.2404116045757907,0.7235878862834864,-0.040541554413199704
-1.1370439708611417,0.7235878862834864,-0.02516115939187418
-1.0336763371464925,0.7235878862834864,-0.0052968089384628535
-0.9303087034318435,0.7235878862834864,0.013372961176879656
-0.8269410697171936,0.7235878862834864,0.025914674579465283
-0.7235734360025445,0.7235878862834864,0.029514840134544622
-0.6202058022878953,0.7235878862834864,0.024112056049894474
-0.5168381685732463,0.7235878862834864,0.012145934077520452
-0.4134705348585972,0.7235878862834864,-0.0024263376894790153
-0.31010290114394806,0.7235878862834864,-0.015471443056915998
-0.2067352674292982,0.7235878862834864,-0.023919144095465247
-0.1033676337146491,0.7235878862834864,-0.026511056850781832
0.,0.7235878862834864,-0.02386698525955482
0.1033676337146491,0.7235878862834864,-0.017923100739547417
0.2067352674292982,0.7235878862834864,-0.011005677545397783
0.31010290114394734,0.7235878862834864,-0.004907055380242236
0.4134705348585964,0.7235878862834864,-0.00029794010850028196
0.5168381685732455,0.7235878862834864,0.0033383459410143428
0.6202058022878947,0.7235878862834864,0.00726936548404823
0.7235734360025438,0.7235878862834864,0.01278047740682426
0.8269410697171944,0.7235878862834864,0.020451735438204097
0.9303087034318435,0.7235878862834864,0.029734793686890866
1.0336763371464925,0.7235878862834864,0.03899674200910481
1.1370439708611417,0.7235878862834864,0.046016905375890024
1.2404116045757907,0.7235878862834864,0.04875172245277285
1.3437792382904399,0.7235878862834864,0.046083752821096384
1.447146872005089,0.7235878862834864,0.03827768729570813
1.550514505719738,0.7235878862834864,0.02697382652368683
1.6538821394343872,0.7235878862834864,0.01471659735749872
1.7572497731490362,0.7235878862834864,0.00418078669018994
1.8606174068636854,0.7235878862834864,-0.00263782017825945
1.9639850405783346,0.7235878862834864,-0.004993383190993193
2.0673526742929837,0.7235878862834864,-0.0035378447776731148
2.1707203080076343,0.7235878862834864,-0.000012368209406336285
2.2740879417222835,0.7235878862834864,0.0033931358864582135
2.3774555754369326,0.7235878862834864,0.0047798917752647375
2.4808232091515814,0.7235878862834864,0.0031251967281173344
2.5841908428662306,0.7235878862834864,-0.0014734350585424497
2.6875584765808798,0.7235878862834864,-0.007950381102463747
2.790926110295529,0.7235878862834864,-0.014733130195248375
2.894293744010178,0.7235878862834864,-0.020322743311867158
2.997661377724827,0.7235878862834864,-0.023776182477171
3.101029011439476,0.7235878862834864,-0.024927062175158655
3.2043966451541253,0.7235878862834864,-0.02429250128062785
3.3077642788687744,0.7235878862834864,-0.022737424411225945
3.411131912583425,0.7235878862834864,-0.021056206830550744
3.514499546298074,0.7235878862834864,-0.019652381271981646
3.6178671800127233,0.7235878862834864,-0.018444734197821135
3.7212348137273725,0.7235878862834864,-0.01702563470026101
3.8246024474420213,0.7235878862834864,-0.014987170069242479
3.9279700811566705,0.7235878862834864,-0.012257420260921097
4.031337714871319,0.7235878862834864,-0.009282772246621603
4.134705348585968,0.7235878862834864,-0.006955631096178331
4.238072982300618,0.7235878862834864,-0.006295255802810669
4.341440616015267,0.7235878862834864,-0.0079992696167434
4.444808249729916,0.7235878862834864,-0.012049576910985566
4.548175883444565,0.7235878862834864,-0.017550018073478543
4.651543517159214,0.7235878862834864,-0.022893160085001897
4.754911150873865,0.7235878862834864,-0.0262284402296676
4.858278784588514,0.7235878862834864,-0.026080904990622943
4.961646418303163,0.7235878862834864,-0.021897822055786262
5.065014052017812,0.7235878862834864,-0.014310718827862444
5.168381685732461,0.7235878862834864,-0.004993718691655408
5.27174931944711,0.7235878862834864,0.003855874237878731
5.3751169531617595,0.7235878862834864,0.010244763687830902
5.478484586876409,0.7235878862834864,0.013060817907910404
5.581852220591058,0.7235878862834864,0.012447341468418034
5.685219854305707,0.7235878862834864,0.009722563339978745
5.788587488020356,0.7235878862834864,0.0068564103340392835
5.8919551217350055,0.7235878862834864,0.00568506164826401
5.995322755449654,0.7235878862834864,0.007153278098250815
6.098690389164305,0.7235878862834864,0.010880375827946619
6.202058022878954,0.7235878862834864,0.01523966371773336
6.305425656593603,0.7235878862834864,0.01795630318557548
6.408793290308252,0.7235878862834864,0.01702935233823998
-6.408793290308252,0.8269575843239845,0.011806438809956112
-6.305425656593603,0.8269575843239845,0.0038617624622237176
-6.202058022878954,0.8269575843239845,-0.005942811354781495
-6.098690389164304,0.8269575843239845,-0.014289619711873607
-5.995322755449655,0.8269575843239845,-0.017863416961481075
-5.8919551217350055,0.8269575843239845,-0.014610165945408272
-5.788587488020356,0.8269575843239845,-0.004670130598959115
-5.685219854305708,0.8269575843239845,0.009383612512151354
-5.581852220591058,0.8269575843239845,0.02315071705344625
-5.478484586876409,0.8269575843239845,0.031715983686622116
-5.3751169531617595,0.8269575843239845,0.031274180797644324
-5.27174931944711,0.8269575843239845,0.02053599755050994
-5.168381685732461,0.8269575843239845,0.001421299278551179
-5.065014052017812,0.8269575843239845,-0.02124621018475996
-4.961646418303163,0.8269575843239845,-0.04101267384754152
-4.858278784588514,0.8269575843239845,-0.05168329460142652
-4.754911150873865,0.8269575843239845,-0.04925329808726437
-4.651543517159215,0.8269575843239845,-0.033265444040745475
-4.548175883444566,0.8269575843239845,-0.007137504090030439
-4.444808249729917,0.8269575843239845,0.02268373757090753
-4.341440616015267,0.8269575843239845,0.04851588751134955
-4.238072982300618,0.8269575843239845,0.06364912211585319
-4.134705348585968,0.8269575843239845,0.06429425481642846
-4.031337714871319,0.8269575843239845,0.0506672165318593
-3.9279700811566705,0.8269575843239845,0.02687175545678776
-3.8246024474420213,0.8269575843239845,-0.000382143174859223
-3.7212348137273725,0.8269575843239845,-0.023820892166019694
-3.6178671800127233,0.8269575843239845,-0.03777008499856093
-3.514499546298074,0.8269575843239845,-0.03976384362511518
-3.411131912583425,0.8269575843239845,-0.03110989024923428
-3.3077642788687753,0.8269575843239845,-0.016257942402711712
-3.204396645154126,0.8269575843239845,-0.001202889007943481
-3.101029011439477,0.8269575843239845,0.008541121416621361
-2.9976613777248278,0.8269575843239845,0.00973208193903557
-2.8942937440101786,0.8269575843239845,0.0023825987245463752
-2.790926110295529,0.8269575843239845,-0.010366825101990074
-2.6875584765808798,0.8269575843239845,-0.023416579987596504
-2.5841908428662306,0.8269575843239845,-0.03151227301696482
-2.4808232091515814,0.8269575843239845,-0.031076972703582686
-2.3774555754369326,0.8269575843239845,-0.021464602415115896
-2.2740879417222835,0.8269575843239845,-0.005226902197336975
-2.1707203080076334,0.8269575843239845,0.01268454236400777
-2.067352674292984,0.8269575843239845,0.026510565753069298
-1.9639850405783352,0.8269575843239845,0.03154550798500983
-1.8606174068636863,0.8269575843239845,0.02566235998988769
-1.757249773149037,0.8269575843239845,0.01001559658267991
-1.6538821394343879,0.8269575843239845,-0.01129158249461231
-1.550514505719738,0.8269575843239845,-0.03245350343518626
-1.447146872005089,0.8269575843239845,-0.04771228675167004
-1.3437792382904399,0.8269575843239845,-0.05305478965054944
-1.2404116045757907,0.8269575843239845,-0.04733376326017937
-1.1370439708611417,0.8269575843239845,-0.03249073026201243
-1.0336763371464925,0.8269575843239845,-0.012852386025742122
-0.9303087034318435,0.8269575843239845,0.006237732393285329
-0.8269410697171936,0.8269575843239845,0.01999811392536746
-0.7235734360025445,0.8269575843239845,0.025506686879950648
-0.6202058022878953,0.8269575843239845,0.022345560941868157
-0.5168381685732463,0.8269575843239845,0.012453027032989637
-0.4134705348585972,0.8269575843239845,-0.0006975731127049147
-0.31010290114394806,0.8269575843239845,-0.013270858682615105
-0.2067352674292982,0.8269575843239845,-0.022191646860866377
-0.1033676337146491,0.8269575843239845,-0.0258708479312369
0.,0.8269575843239845,-0.024355683276500287
0.1033676337146491,0.8269575843239845,-0.018935971629992648
0.2067352674292982,0.8269575843239845,-0.011418881520024302
0.31010290114394734,0.8269575843239845,-0.0033750074091511103
0.4134705348585964,0.8269575843239845,0.004365604009847597
0.5168381685732455,0.8269575843239845,0.01181052323714408
0.6202058022878947,0.8269575843239845,0.019506708969449695
0.7235734360025438,0.8269575843239845,0.02800989952513655
0.8269410697171944,0.8269575843239845,0.03736444582866946
0.9303087034318435,0.8269575843239845,0.04681958634763688
1.0336763371464925,0.8269575843239845,0.05490585920931064
1.1370439708611417,0.8269575843239845,0.059849582626860055
1.2404116045757907,0.8269575843239845,0.06017030266534597
1.3437792382904399,0.8269575843239845,0.05523508392977842
1.447146872005089,0.8269575843239845,0.04555910386288485
1.550514505719738,0.8269575843239845,0.03273599868656448
1.6538821394343872,0.8269575843239845,0.019016916123875155
1.7572497731490362,0.8269575843239845,0.006683185957505756
1.8606174068636854,0.8269575843239845,-0.0025721016932171584
1.9639850405783346,0.8269575843239845,-0.00804770248908791
2.0673526742929837,0.8269575843239845,-0.010100319477716033
2.1707203080076343,0.8269575843239845,-0.009874611842801913
2.2740879417222835,0.8269575843239845,-0.008816506698960096
2.3774555754369326,0.8269575843239845,-0.008157891252298299
2.4808232091515814,0.8269575843239845,-0.008556748348909012
2.5841908428662306,0.8269575843239845,-0.010004693870545882
2.6875584765808798,0.8269575843239845,-0.012003805155291794
2.790926110295529,0.8269575843239845,-0.013910206071318189
2.894293744010178,0.8269575843239845,-0.015283282265972725
2.997661377724827,0.8269575843239845,-0.01608806705368153
3.101029011439476,0.8269575843239845,-0.016668967252096805
3.2043966451541253,0.8269575843239845,-0.017515933117729268
3.3077642788687744,0.8269575843239845,-0.018937143948784277
3.411131912583425,0.8269575843239845,-0.020796997199838563
3.514499546298074,0.8269575843239845,-0.022455472337669004
3.6178671800127233,0.8269575843239845,-0.022962512377156085
3.7212348137273725,0.8269575843239845,-0.021450968629574962
3.8246024474420213,0.8269575843239845,-0.01757814325082866
3.9279700811566705,0.8269575843239845,-0.011828373486481438
4.031337714871319,0.8269575843239845,-0.005526171416539048
4.134705348585968,0.8269575843239845,-0.0005111582688551398
4.238072982300618,0.8269575843239845,0.0014436426050394762
4.341440616015267,0.8269575843239845,-0.0007210606370684834
4.444808249729916,0.8269575843239845,-0.006874364440742544
4.548175883444565,0.8269575843239845,-0.015583830665207367
4.651543517159214,0.8269575843239845,-0.02444553315762673
4.754911150873865,0.8269575843239845,-0.03077648541518047
4.858278784588514,0.8269575843239845,-0.03245368565276431
4.961646418303163,0.8269575843239845,-0.028617426404971315
5.065014052017812,0.8269575843239845,-0.01998843836203844
5.168381685732461,0.8269575843239845,-0.008672325800692071
5.27174931944711,0.8269575843239845,0.0024999813761932433
5.3751169531617595,0.8269575843239845,0.01088158505639738
5.478484586876409,0.8269575843239845,0.014859258458341297
5.581852220591058,0.8269575843239845,0.014345886146332327
5.685219854305707,0.8269575843239845,0.010737478288145525
5.788587488020356,0.8269575843239845,0.006343903720580631
5.8919551217350055,0.8269575843239845,0.0034926621979666254
5.995322755449654,0.8269575843239845,0.0036291620825385862
6.098690389164305,0.8269575843239845,0.006747551568656212
6.202058022878954,0.8269575843239845,0.011374983137338975
6.305425656593603,0.8269575843239845,0.01513493343429256
6.408793290308252,0.8269575843239845,0.015700197727986823
-6.408793290308252,0.9303272823644827,0.013505290407750127
-6.305425656593603,0.9303272823644827,0.0075742818548857
-6.202058022878954,0.9303272823644827,-0.001608901197682862
-6.098690389164304,0.9303272823644827,-0.010943690454625413
-5.995322755449655,0.9303272823644827,-0.017000847334247726
-5.8919551217350055,0.9303272823644827,-0.017278403708182666
-5.788587488020356,0.9303272823644827,-0.011195610525763192
-5.685219854305708,0.9303272823644827,-0.00045523518229566306
-5.581852220591058,0.9303272823644827,0.011388931802761718
-5.478484586876409,0.9303272823644827,0.02005109271153523
-5.3751169531617595,0.9303272823644827,0.021966333333783526
-5.27174931944711,0.9303272823644827,0.015592646367283577
-5.168381685732461,0.9303272823644827,0.002106656434269012
-5.065014052017812,0.9303272823644827,-0.014776421966978839
-4.961646418303163,0.9303272823644827,-0.02984375717144907
-4.858278784588514,0.9303272823644827,-0.03798257780499603
-4.754911150873865,0.9303272823644827,-0.03583319031762015
-4.651543517159215,0.9303272823644827,-0.022959656482124717
-4.548175883444566,0.9303272823644827,-0.0021410840852704592
-4.444808249729917,0.9303272823644827,0.02133862364250186
-4.341440616015267,0.9303272823644827,0.041203731073462466
-4.238072982300618,0.9303272823644827,0.05204130360497312
-4.134705348585968,0.9303272823644827,0.050919866385424485
-4.031337714871319,0.9303272823644827,0.03826323387477794
-3.9279700811566705,0.9303272823644827,0.017703984178005696
-3.8246024474420213,0.9303272823644827,-0.005036062682402941
-3.7212348137273725,0.9303272823644827,-0.02388314293256328
-3.6178671800127233,0.9303272823644827,-0.0342183445155441
-3.514499546298074,0.9303272823644827,-0.03418949597407734
-3.411131912583425,0.9303272823644827,-0.02512870452771204
-3.3077642788687753,0.9303272823644827,-0.010967196816405143
-3.204396645154126,0.9303272823644827,0.003139277772262421
-3.101029011439477,0.9303272823644827,0.012513698962477397
-2.9976613777248278,0.9303272823644827,0.014434610049719411
-2.8942937440101786,0.9303272823644827,0.00891844070659031
-2.790926110295529,0.9303272823644827,-0.0014241102693478783
-2.6875584765808798,0.9303272823644827,-0.01238263917288823
-2.5841908428662306,0.9303272823644827,-0.01964261817956461
-2.4808232091515814,0.9303272823644827,-0.02027753355280461
-2.3774555754369326,0.9303272823644827,-0.013746653929367029
-2.2740879417222835,0.9303272823644827,-0.0020806933955613677
-2.1707203080076334,0.9303272823644827,0.010789947222016533
-2.067352674292984,0.9303272823644827,0.020329405058898277
-1.9639850405783352,0.9303272823644827,0.022881481642656833
-1.8606174068636863,0.9303272823644827,0.016862769579910383
-1.757249773149037,0.9303272823644827,0.003287142422088218
-1.6538821394343879,0.9303272823644827,-0.014530653967592462
-1.550514505719738,0.9303272823644827,-0.03197875527782657
-1.447146872005089,0.9303272823644827,-0.04452588259813305
-1.3437792382904399,0.9303272823644827,-0.04903481088447664
-1.2404116045757907,0.9303272823644827,-0.044612472362710105
-1.1370439708611417,0.9303272823644827,-0.03276119982086705
-1.0336763371464925,0.9303272823644827,-0.01682495707447582
-0.9303087034318435,0.9303272823644827,-0.0009422008318973191
-0.8269410697171936,0.9303272823644827,0.011146004531198404
-0.7235734360025445,0.9303272823644827,0.017066694707030854
-0.6202058022878953,0.9303272823644827,0.01629825777483065
-0.5168381685732463,0.9303272823644827,0.01007559547966104
-0.4134705348585972,0.9303272823644827,0.0008150262445347498
-0.31010290114394806,0.9303272823644827,-0.00870472668276761
-0.2067352674292982,0.9303272823644827,-0.016121824259218282
-0.1033676337146491,0.9303272823644827,-0.01999838049915298
0.,0.9303272823644827,-0.01994551535043149
0.1033676337146491,0.9303272823644827,-0.016401633199937395
0.2067352674292982,0.9303272823644827,-0.01021374534297167
0.31010290114394734,0.9303272823644827,-0.00221824241237631
0.4134705348585964,0.9303272823644827,0.007013898876302344
0.5168381685732455,0.9303272823644827,0.017192783692069172
0.6202058022878947,0.9303272823644827,0.028121281339437594
0.7235734360025438,0.9303272823644827,0.03942347850146179
0.8269410697171944,0.9303272823644827,0.05034041795524759
0.9303087034318435,0.9303272823644827,0.05970917135743171
1.0336763371464925,0.9303272823644827,0.06615948011559315
1.1370439708611417,0.9303272823644827,0.06846755291460309
1.2404116045757907,0.9303272823644827,0.06593735070659151
1.3437792382904399,0.9303272823644827,0.05866290623392835
1.447146872005089,0.9303272823644827,0.04756676221886825
1.550514505719738,0.9303272823644827,0.03419238205120267
1.6538821394343872,0.9303272823644827,0.020319511081095993
1.7572497731490362,0.9303272823644827,0.007535344438518525
1.8606174068636854,0.9303272823644827,-0.00309345257753285
1.9639850405783346,0.9303272823644827,-0.011146240136965815
2.0673526742929837,0.9303272823644827,-0.016750895045757705
2.1707203080076343,0.9303272823644827,-0.020329042277095657
2.2740879417222835,0.9303272823644827,-0.022306878194614656
2.3774555754369326,0.9303272823644827,-0.022919840643691507
2.4808232091515814,0.9303272823644827,-0.022191274321724172
2.5841908428662306,0.9303272823644827,-0.020083429897225034
2.6875584765808798,0.9303272823644827,-0.016737417241230325
2.790926110295529,0.9303272823644827,-0.012671611647293687
2.894293744010178,0.9303272823644827,-0.008816853752891927
2.997661377724827,0.9303272823644827,-0.006330791442239916
3.101029011439476,0.9303272823644827,-0.006229366354289329
3.2043966451541253,0.9303272823644827,-0.00896289473246627
3.3077642788687744,0.9303272823644827,-0.014109618931346973
3.411131912583425,0.9303272823644827,-0.020338258730048023
3.514499546298074,0.9303272823644827,-0.025705166854703546
3.6178671800127233,0.9303272823644827,-0.028229069656692054
3.7212348137273725,0.9303272823644827,-0.026571491493629553
3.8246024474420213,0.9303272823644827,-0.0205888483985491
3.9279700811566705,0.9303272823644827,-0.011541359835386176
4.031337714871319,0.9303272823644827,-0.001844486497325463
4.134705348585968,0.9303272823644827,0.005599630023988124
4.238072982300618,0.9303272823644827,0.008301533097042471
4.341440616015267,0.9303272823644827,0.005028570939727501
4.444808249729916,0.9303272823644827,-0.003695706048259924
4.548175883444565,0.9303272823644827,-0.015628900364154368
4.651543517159214,0.9303272823644827,-0.027405674901214573
4.754911150873865,0.9303272823644827,-0.03552642362049294
4.858278784588514,0.9303272823644827,-0.03743235666427484
4.961646418303163,0.9303272823644827,-0.03231809099376965
5.065014052017812,0.9303272823644827,-0.021407262640213483
5.168381685732461,0.9303272823644827,-0.007587104127337416
5.27174931944711,0.9303272823644827,0.005490771502115669
5.3751169531617595,0.9303272823644827,0.014555200596550334
5.478484586876409,0.9303272823644827,0.017730162419849448
5.581852220591058,0.9303272823644827,0.015081943932051079
5.685219854305707,0.9303272823644827,0.008515543393488707
5.788587488020356,0.9303272823644827,0.0010565575880968777
5.8919551217350055,0.9303272823644827,-0.004234752024187108
5.995322755449654,0.9303272823644827,-0.0053420285319498275
6.098690389164305,0.9303272823644827,-0.001988406192048341
6.202058022878954,0.9303272823644827,0.004296305005220676
6.305425656593603,0.9303272823644827,0.01076428456841788
6.408793290308252,0.9303272823644827,0.014490306921954691
-6.408793290308252,1.033696980404981,0.017618805992871973
-6.305425656593603,1.033696980404981,0.014122955121610567
-6.202058022878954,1.033696980404981,0.00564918503402868
-6.098690389164304,1.033696980404981,-0.004842290663643927
-5.995322755449655,1.033696980404981,-0.013745738306684399
-5.8919551217350055,1.033696980404981,-0.018071260469701183
-5.788587488020356,1.033696980404981,-0.016485568373141846
-5.685219854305708,1.033696980404981,-0.009773669983470373
-5.581852220591058,1.033696980404981,-0.0005613741356676414
-5.478484586876409,1.033696980404981,0.007608301266205178
-5.3751169531617595,1.033696980404981,0.01152972563318507
-5.27174931944711,1.033696980404981,0.00948980193700763
-5.168381685732461,1.033696980404981,0.0019238756397875398
-5.065014052017812,1.033696980404981,-0.008660683166127052
-4.961646418303163,1.033696980404981,-0.01847958763908826
-4.858278784588514,1.033696980404981,-0.023728109525401848
-4.754911150873865,1.033696980404981,-0.021883050922546745
-4.651543517159215,1.033696980404981,-0.012614408262139575
-4.548175883444566,1.033696980404981,0.002003458282993952
-4.444808249729917,1.033696980404981,0.018061973964743707
-4.341440616015267,1.033696980404981,0.030993889809701698
-4.238072982300618,1.033696980404981,0.03697935203768086
-4.134705348585968,1.033696980404981,0.03413207697581794
-4.031337714871319,1.033696980404981,0.023087228593176974
-3.9279700811566705,1.033696980404981,0.006807375788545913
-3.8246024474420213,1.033696980404981,-0.010324647767507852
-3.7212348137273725,1.033696980404981,-0.02383033096479354
-3.6178671800127233,1.033696980404981,-0.030454294796334307
-3.514499546298074,1.033696980404981,-0.029065554817778123
-3.411131912583425,1.033696980404981,-0.020873328957815126
-3.3077642788687753,1.033696980404981,-0.008915830125188906
-3.204396645154126,1.033696980404981,0.002986478118573041
-3.101029011439477,1.033696980404981,0.011457986080670574
-2.9976613777248278,1.033696980404981,0.014577030951125693
-2.8942937440101786,1.033696980404981,0.01235599701057602
-2.790926110295529,1.033696980404981,0.006566291509251522
-2.6875584765808798,1.033696980404981,3.3447570381859614e-7
-2.5841908428662306,1.033696980404981,-0.004558362067326269
-2.4808232091515814,1.033696980404981,-0.005303423976124058
-2.3774555754369326,1.033696980404981,-0.001995498467804482
-2.2740879417222835,1.033696980404981,0.004003757455921256
-2.1707203080076334,1.033696980404981,0.010240194952641344
-2.067352674292984,1.033696980404981,0.014027291793504404
-1.9639850405783352,1.033696980404981,0.013360683675078137
-1.8606174068636863,1.033696980404981,0.00758633324017062
-1.757249773149037,1.033696980404981,-0.002383474771422687
-1.6538821394343879,1.033696980404981,-0.014355213783475762
-1.550514505719738,1.033696980404981,-0.025525465276249604
-1.447146872005089,1.033696980404981,-0.033307445361019636
-1.3437792382904399,1.033696980404981,-0.03604788767764054
-1.2404116045757907,1.033696980404981,-0.03342366551155924
-1.1370439708611417,1.033696980404981,-0.026425314626295805
-1.0336763371464925,1.033696980404981,-0.016972084896557
-0.9303087034318435,1.033696980404981,-0.007313158902839166
-0.8269410697171936,1.033696980404981,0.0005818015372295977
-0.7235734360025445,1.033696980404981,0.005462749259270861
-0.6202058022878953,1.033696980404981,0.0069693465238716105
-0.5168381685732463,1.033696980404981,0.005532567212812937
-0.4134705348585972,1.033696980404981,0.002095950808650409
-0.31010290114394806,1.033696980404981,-0.0022130902674253237
-0.2067352674292982,1.033696980404981,-0.006343364398179531
-0.1033676337146491,1.033696980404981,-0.0094473691302542
0.,1.033696980404981,-0.01088264520436214
0.1033676337146491,1.033696980404981,-0.010149601202225389
0.2067352674292982,1.033696980404981,-0.006847859760545473
0.31010290114394734,1.033696980404981,-0.0007105431255760639
0.4134705348585964,1.033696980404981,0.00827624717748768
0.5168381685732455,1.033696980404981,0.01971837896798965
0.6202058022878947,1.033696980404981,0.03270778405144894
0.7235734360025438,1.033696980404981,0.04584661406726569
0.8269410697171944,1.033696980404981,0.05743910674429102
0.9303087034318435,1.033696980404981,0.06582252160882855
1.0336763371464925,1.033696980404981,0.06974618458744097
1.1370439708611417,1.033696980404981,0.06867604524841499
1.2404116045757907,1.033696980404981,0.0629166598619254
1.3437792382904399,1.033696980404981,0.053500627539257106
1.447146872005089,1.033696980404981,0.04187692632914191
1.550514505719738,1.033696980404981,0.029503592351045885
1.6538821394343872,1.033696980404981,0.017487344094694168
1.7572497731490362,1.033696980404981,0.006396679119421253
1.8606174068636854,1.033696980404981,-0.0036906348259988435
1.9639850405783346,1.033696980404981,-0.01293655325710049
2.0673526742929837,1.033696980404981,-0.021402287495222137
2.1707203080076343,1.033696980404981,-0.028773665316978395
2.2740879417222835,1.033696980404981,-0.034288139484057144
2.3774555754369326,1.033696980404981,-0.03692297458801333
2.4808232091515814,1.033696980404981,-0.03579737265500717
2.5841908428662306,1.033696980404981,-0.03064403656924197
2.6875584765808798,1.033696980404981,-0.022157047336582206
2.790926110295529,1.033696980404981,-0.012046197845302625
2.894293744010178,1.033696980404981,-0.0027205545949036208
2.997661377724827,1.033696980404981,0.0033430946408509053
3.101029011439476,1.033696980404981,0.0043646928437883065
3.2043966451541253,1.033696980404981,-0.00009625437666761241
3.3077642788687744,1.033696980404981,-0.008860418692256528
3.411131912583425,1.033696980404981,-0.01934986623735465
3.514499546298074,1.033696980404981,-0.028288448442640658
3.6178671800127233,1.033696980404981,-0.03269142819907238
3.7212348137273725,1.033696980404981,-0.030839078923754214
3.8246024474420213,1.033696980404981,-0.022910164322661745
3.9279700811566705,1.033696980404981,-0.01104200944243026
4.031337714871319,1.033696980404981,0.0012399741556859628
4.134705348585968,1.033696980404981,0.010074179193929809
4.238072982300618,1.033696980404981,0.012479167756078663
4.341440616015267,1.033696980404981,0.007347050076498648
4.444808249729916,1.033696980404981,-0.004118396598525186
4.548175883444565,1.033696980404981,-0.018683290458027475
4.651543517159214,1.033696980404981,-0.032020472562739134
4.754911150873865,1.033696980404981,-0.040021510227363846
4.858278784588514,1.033696980404981,-0.04007350419950879
4.961646418303163,1.033696980404981,-0.03189123165269162
5.065014052017812,1.033696980404981,-0.01763040106870069
5.168381685732461,1.033696980404981,-0.0012357149500339668
5.27174931944711,1.033696980404981,0.012775486176638028
5.3751169531617595,1.033696980404981,0.020708333568029418
5.478484586876409,1.033696980404981,0.020817936043964317
5.581852220591058,1.033696980404981,0.013807986343058756
5.685219854305707,1.033696980404981,0.002543270257378307
5.788587488020356,1.033696980404981,-0.008924643094271259
5.8919551217350055,1.033696980404981,-0.01669508331240884
5.995322755449654,1.033696980404981,-0.018278515322160873
6.098690389164305,1.033696980404981,-0.01336716341739801
6.202058022878954,1.033696980404981,-0.0038690964051172694
6.305425656593603,1.033696980404981,0.006794495329990325
6.408793290308252,1.033696980404981,0.01488358320893138
-6.408793290308252,1.137066678445479,0.02390145424141773
-6.305425656593603,1.137066678445479,0.022634571160419382
-6.202058022878954,1.137066678445479,0.014666729235865194
-6.098690389164304,1.137066678445479,0.002953343922592036
-5.995322755449655,1.137066678445479,-0.008691823075863697
-5.8919551217350055,1.137066678445479,-0.016867614742186485
-5.788587488020356,1.137066678445479,-0.019636929482502678
-5.685219854305708,1.137066678445479,-0.017026325202615433
-5.581852220591058,1.137066678445479,-0.010839683550331264
-5.478484586876409,1.137066678445479,-0.0038865320299788174
-5.3751169531617595,1.137066678445479,0.001082850175617159
-5.27174931944711,1.137066678445479,0.0023575976020030667
-5.168381685732461,1.137066678445479,-0.00017133574216658163
-5.065014052017812,1.137066678445479,-0.005043674657124434
-4.961646418303163,1.137066678445479,-0.00982401908439947
-4.858278784588514,1.137066678445479,-0.01203276499045398
-4.754911150873865,1.137066678445479,-0.010079974425179144
-4.651543517159215,1.137066678445479,-0.0038767870975427764
-4.548175883444566,1.137066678445479,0.005082104628241523
-4.444808249729917,1.137066678445479,0.01418578053064757
-4.341440616015267,1.137066678445479,0.020557833957482313
-4.238072982300618,1.137066678445479,0.021998720205667174
-4.134705348585968,1.137066678445479,0.017704648714506575
-4.031337714871319,1.137066678445479,0.00853121350803619
-3.9279700811566705,1.137066678445479,-0.0032721555162134566
-3.8246024474420213,1.137066678445479,-0.014754259688454995
-3.7212348137273725,1.137066678445479,-0.023142852853173995
-3.6178671800127233,1.137066678445479,-0.02662590671373502
-3.514499546298074,1.137066678445479,-0.024792946825906773
-3.411131912583425,1.137066678445479,-0.018620666866055395
-3.3077642788687753,1.137066678445479,-0.010042768544559764
-3.204396645154126,1.137066678445479,-0.0012765477827592633
-3.101029011439477,1.137066678445479,0.005855294246985906
-2.9976613777248278,1.137066678445479,0.01038802903025733
-2.8942937440101786,1.137066678445479,0.012335624439615236
-2.790926110295529,1.137066678445479,0.012469081692540419
-2.6875584765808798,1.137066678445479,0.011870210287189327
-2.5841908428662306,1.137066678445479,0.011445347948796362
-2.4808232091515814,1.137066678445479,0.01157948968360079
-2.3774555754369326,1.137066678445479,0.012043063457646564
-2.2740879417222835,1.137066678445479,0.0121603137754274
-2.1707203080076334,1.137066678445479,0.011149919270206135
-2.067352674292984,1.137066678445479,0.008490822981564287
-1.9639850405783352,1.137066678445479,0.0041679484262713016
-1.8606174068636863,1.137066678445479,-0.0012909275218663534
-1.757249773149037,1.137066678445479,-0.0069891203540037704
-1.6538821394343879,1.137066678445479,-0.01196571298746765
-1.550514505719738,1.137066678445479,-0.015504846170589082
-1.447146872005089,1.137066678445479,-0.01732960076562025
-1.3437792382904399,1.137066678445479,-0.01761385213372793
-1.2404116045757907,1.137066678445479,-0.01682304509182024
-1.1370439708611417,1.137066678445479,-0.015464590216489448
-1.0336763371464925,1.137066678445479,-0.01386243747309107
-0.9303087034318435,1.137066678445479,-0.012055175036795637
-0.8269410697171936,1.137066678445479,-0.009859554009948276
-0.7235734360025445,1.137066678445479,-0.007065679112362396
-0.6202058022878953,1.137066678445479,-0.0036678989055535806
-0.5168381685732463,1.137066678445479,-0.000013350814127739002
-0.4134705348585972,1.137066678445479,0.0032209711831717967
-0.31010290114394806,1.137066678445479,0.0052415679986226905
-0.2067352674292982,1.137066678445479,0.005476721532472376
-0.1033676337146491,1.137066678445479,0.003909772539533645
0.,1.137066678445479,0.001261010426211927
0.1033676337146491,1.137066678445479,-0.0010861101817426998
0.2067352674292982,1.137066678445479,-0.0014301324380878752
0.31010290114394734,1.137066678445479,0.0017201240665492682
0.4134705348585964,1.137066678445479,0.00910266229136209
0.5168381685732455,1.137066678445479,0.020337183106432476
0.6202058022878947,1.137066678445479,0.03388445897582107
0.7235734360025438,1.137066678445479,0.047373798139480165
0.8269410697171944,1.137066678445479,0.05821592024785117
0.9303087034318435,1.137066678445479,0.06431399137365494
1.0336763371464925,1.137066678445479,0.06464195285311071
1.1370439708611417,1.137066678445479,0.05949554629632318
1.2404116045757907,1.137066678445479,0.050328266282906264
1.3437792382904399,1.137066678445479,0.03922644511946922
1.447146872005089,1.137066678445479,0.028205077264493648
1.550514505719738,1.137066678445479,0.01857233048084879
1.6538821394343872,1.137066678445479,0.010589741979159618
1.7572497731490362,1.137066678445479,0.00355125968274744
1.8606174068636854,1.137066678445479,-0.003747780289849234
1.9639850405783346,1.137066678445479,-0.012327386936412303
2.0673526742929837,1.137066678445479,-0.02238859846126838
2.1707203080076343,1.137066678445479,-0.032985217820822095
2.2740879417222835,1.137066678445479,-0.04215678030715273
2.3774555754369326,1.137066678445479,-0.04751284068901493
2.4808232091515814,1.137066678445479,-0.04708740401622337
2.5841908428662306,1.137066678445479,-0.040166854998400114
2.6875584765808798,1.137066678445479,-0.02777998808150633
2.790926110295529,1.137066678445479,-0.012635757953236725
2.894293744010178,1.137066678445479,0.001525122729056163
2.997661377724827,1.137066678445479,0.010993971641045179
3.101029011439476,1.137066678445479,0.013244625255053976
3.2043966451541253,1.137066678445479,0.007788678417945056
3.3077642788687744,1.137066678445479,-0.003570916731963236
3.411131912583425,1.137066678445479,-0.01720937284360831
3.514499546298074,1.137066678445479,-0.028758066672201477
3.6178671800127233,1.137066678445479,-0.034467302113787804
3.7212348137273725,1.137066678445479,-0.032420340602377154
3.8246024474420213,1.137066678445479,-0.023195933171115367
3.9279700811566705,1.137066678445479,-0.009742906208021285
4.031337714871319,1.137066678445479,0.0035186583297078244
4.134705348585968,1.137066678445479,0.012100514690410282
4.238072982300618,1.137066678445479,0.012910989210872774
4.341440616015267,1.137066678445479,0.00530624804202519
4.444808249729916,1.137066678445479,-0.008624099626175705
4.548175883444565,1.137066678445479,-0.024647923638112086
4.651543517159214,1.137066678445479,-0.0376861810387044
4.754911150873865,1.137066678445479,-0.04340949732838771
4.858278784588514,1.137066678445479,-0.03962787690111825
4.961646418303163,1.137066678445479,-0.02702520682567426
5.065014052017812,1.137066678445479,-0.008995845274680763
5.168381685732461,1.137066678445479,0.009373356290960571
5.27174931944711,1.137066678445479,0.022858321481078886
5.3751169531617595,1.137066678445479,0.02770031966325823
5.478484586876409,1.137066678445479,0.022750612728583017
5.581852220591058,1.137066678445479,0.009799063569922445
5.685219854305707,1.137066678445479,-0.007010043937266266
5.788587488020356,1.137066678445479,-0.022481262678435015
5.8919551217350055,1.137066678445479,-0.031971158672736755
5.995322755449654,1.137066678445479,-0.03278395297016399
6.098690389164305,1.137066678445479,-0.024927745170515263
6.202058022878954,1.137066678445479,-0.01101186909748619
6.305425656593603,1.137066678445479,0.004655941502380283
6.408793290308252,1.137066678445479,0.01746142989241602
-6.408793290308252,1.2404363764859772,0.030886123985069715
-6.305425656593603,1.2404363764859772,0.03118836577233351
-6.202058022878954,1.2404363764859772,0.023469606125113767
-6.098690389164304,1.2404363764859772,0.01079362114761055
-5.995322755449655,1.2404363764859772,-0.002874429643131432
-5.8919551217350055,1.2404363764859772,-0.013933146879665412
-5.788587488020356,1.2404363764859772,-0.02014755716935613
-5.685219854305708,1.2404363764859772,-0.02110043696331673
-5.581852220591058,1.2404363764859772,-0.0180084058421278
-5.478484586876409,1.2404363764859772,-0.0130351124832194
-5.3751169531617595,1.2404363764859772,-0.008388328365061103
-5.27174931944711,1.2404363764859772,-0.005532959707513797
-5.168381685732461,1.2404363764859772,-0.004780425225800237
-5.065014052017812,1.2404363764859772,-0.005359447893783171
-4.961646418303163,1.2404363764859772,-0.005893754819461494
-4.858278784588514,1.2404363764859772,-0.005072742498425586
-4.754911150873865,1.2404363764859772,-0.002248082179610588
-4.651543517159215,1.2404363764859772,0.0022644562773342708
-4.548175883444566,1.2404363764859772,0.007275910782606013
-4.444808249729917,1.2404363764859772,0.011155254375988997
-4.341440616015267,1.2404363764859772,0.012425980514165786
-4.238072982300618,1.2404363764859772,0.010301940101939891
-4.134705348585968,1.2404363764859772,0.004970254938273445
-4.031337714871319,1.2404363764859772,-0.0024685558552989353
-3.9279700811566705,1.2404363764859772,-0.010363753378941132
-3.8246024474420213,1.2404363764859772,-0.01703407267895204
-3.7212348137273725,1.2404363764859772,-0.02125037536799481
-3.6178671800127233,1.2404363764859772,-0.02251559857506635
-3.514499546298074,1.2404363764859772,-0.021064419030340852
-3.411131912583425,1.2404363764859772,-0.017616790658339637
-3.3077642788687753,1.2404363764859772,-0.013010924765670078
-3.204396645154126,1.2404363764859772,-0.007877878997956347
-3.101029011439477,1.2404363764859772,-0.0024896324443613458
-2.9976613777248278,1.2404363764859772,0.0031702274288192243
-2.8942937440101786,1.2404363764859772,0.009164507156432737
-2.790926110295529,1.2404363764859772,0.01531721850314061
-2.6875584765808798,1.2404363764859772,0.021034990118265196
-2.5841908428662306,1.2404363764859772,0.0253419959346458
-2.4808232091515814,1.2404363764859772,0.027144434002193758
-2.3774555754369326,1.2404363764859772,0.02563792144281109
-2.2740879417222835,1.2404363764859772,0.020698643805912728
-2.1707203080076334,1.2404363764859772,0.013087933796264795
-2.067352674292984,1.2404363764859772,0.004358103579002545
-1.9639850405783352,1.2404363764859772,-0.00354436593270784
-1.8606174068636863,1.2404363764859772,-0.008863569199803271
-1.757249773149037,1.2404363764859772,-0.010609003494649168
-1.6538821394343879,1.2404363764859772,-0.008909346141470674
-1.550514505719738,1.2404363764859772,-0.00499997724247677
-1.447146872005089,1.2404363764859772,-0.0008238853045604768
-1.3437792382904399,1.2404363764859772,0.001634203880044371
-1.2404116045757907,1.2404363764859772,0.0010565032452174241
-1.1370439708611417,1.2404363764859772,-0.0027079531757638786
-1.0336763371464925,1.2404363764859772,-0.008540988779562709
-0.9303087034318435,1.2404363764859772,-0.014404764147472281
-0.8269410697171936,1.2404363764859772,-0.01803694248542764
-0.7235734360025445,1.2404363764859772,-0.017756439545180153
-0.6202058022878953,1.2404363764859772,-0.013095100999115039
-0.5168381685732463,1.2404363764859772,-0.005021610015644434
-0.4134705348585972,1.2404363764859772,0.004339098890470199
-0.31010290114394806,1.2404363764859772,0.012410727671693333
-0.2067352674292982,1.2404363764859772,0.017059820670372688
-0.1033676337146491,1.2404363764859772,0.017367869013313084
0.,1.2404363764859772,0.014001814682222878
0.1033676337146491,1.2404363764859772,0.009035936306173657
0.2067352674292982,1.2404363764859772,0.005267200779523708
0.31010290114394734,1.2404363764859772,0.005246452047769255
0.4134705348585964,1.2404363764859772,0.010355078034594142
0.5168381685732455,1.2404363764859772,0.020250976462293496
0.6202058022878947,1.2404363764859772,0.032887681669621006
0.7235734360025438,1.2404363764859772,0.04511577375833849
0.8269410697171944,1.2404363764859772,0.05367298061410215
0.9303087034318435,1.2404363764859772,0.05622995775106875
1.0336763371464925,1.2404363764859772,0.0521331556230066
1.1370439708611417,1.2404363764859772,0.042585953773745085
1.2404116045757907,1.2404363764859772,0.030201823614781277
1.3437792382904399,1.2404363764859772,0.018082637950314975
1.447146872005089,1.2404363764859772,0.008744441979766263
1.550514505719738,1.2404363764859772,0.003271172463370194
1.6538821394343872,1.2404363764859772,0.0010010378331174051
1.7572497731490362,1.2404363764859772,-0.000135477557062444
1.8606174068636854,1.2404363764859772,-0.0027393015655550403
1.9639850405783346,1.2404363764859772,-0.008838873914949506
2.0673526742929837,1.2404363764859772,-0.01896086299998078
2.1707203080076343,1.2404363764859772,-0.031727920492987054
2.2740879417222835,1.2404363764859772,-0.044158495530481616
2.3774555754369326,1.2404363764859772,-0.05259778872452
2.4808232091515814,1.2404363764859772,-0.053979295469568596
2.5841908428662306,1.2404363764859772,-0.04698457438325562
2.6875584765808798,1.2404363764859772,-0.03268440095597259
2.790926110295529,1.2404363764859772,-0.014406732073867166
2.894293744010178,1.2404363764859772,0.003165876852535291
2.997661377724827,1.2404363764859772,0.015400867659985404
3.101029011439476,1.2404363764859772,0.01917087841719684
3.2043966451541253,1.2404363764859772,0.013873806109959808
3.3077642788687744,1.2404363764859772,0.0016623392630384349
3.411131912583425,1.2404363764859772,-0.013217371491015607
3.514499546298074,1.2404363764859772,-0.025782047544133588
3.6178671800127233,1.2404363764859772,-0.03192899225953802
3.7212348137273725,1.2404363764859772,-0.02978404800633816
3.8246024474420213,1.2404363764859772,-0.02032740505747229
3.9279700811566705,1.2404363764859772,-0.007076869356018743
4.031337714871319,1.2404363764859772,0.005081629535978076
4.134705348585968,1.2404363764859772,0.011540817408298026
4.238072982300618,1.2404363764859772,0.009555447680293061
4.341440616015267,1.2404363764859772,-0.0007662372143943438
4.444808249729916,1.2404363764859772,-0.016403536581890834
4.548175883444565,1.2404363764859772,-0.032334066064584166
4.651543517159214,1.2404363764859772,-0.04313211636733237
4.754911150873865,1.2404363764859772,-0.0447424195039289
4.858278784588514,1.2404363764859772,-0.03585308197520926
4.961646418303163,1.2404363764859772,-0.018415430267946172
5.065014052017812,1.2404363764859772,0.002869266829545525
5.168381685732461,1.2404363764859772,0.021944383216510804
5.27174931944711,1.2404363764859772,0.033238613442283904
5.3751169531617595,1.2404363764859772,0.03337449723971038
5.478484586876409,1.2404363764859772,0.022209501733603487
5.581852220591058,1.2404363764859772,0.002888041306923112
5.685219854305707,1.2404363764859772,-0.019103373152642482
5.788587488020356,1.2404363764859772,-0.03757380933083642
5.8919551217350055,1.2404363764859772,-0.0474442931259962
5.995322755449654,1.2404363764859772,-0.04618551116719839
6.098690389164305,1.2404363764859772,-0.03445275292406733
6.202058022878954,1.2404363764859772,-0.015756428906568653
6.305425656593603,1.2404363764859772,0.004689664129569252
6.408793290308252,1.2404363764859772,0.021553170592076294
-6.408793290308252,1.3438060745264753,0.036281938920048294
-6.305425656593603,1.3438060745264753,0.037327661305156724
-6.202058022878954,1.3438060745264753,0.029774365797441325
-6.098690389164304,1.3438060745264753,0.016817224066597188
-5.995322755449655,1.3438060745264753,0.002408760503886344
-5.8919551217350055,1.3438060745264753,-0.009960416282542092
-5.788587488020356,1.3438060745264753,-0.018143881487629042
-5.685219854305708,1.3438060745264753,-0.021655432767985212
-5.581852220591058,1.3438060745264753,-0.021403480720645515
-5.478484586876409,1.3438060745264753,-0.019024920191476623
-5.3751169531617595,1.3438060745264753,-0.016113087920058788
-5.27174931944711,1.3438060745264753,-0.013632854246129701
-5.168381685732461,1.3438060745264753,-0.011710164547162095
-5.065014052017812,1.3438060745264753,-0.009820503335047333
-4.961646418303163,1.3438060745264753,-0.007244953350209757
-4.858278784588514,1.3438060745264753,-0.0035708067172535328
-4.754911150873865,1.3438060745264753,0.0009843710125593678
-4.651543517159215,1.3438060745264753,0.005557947223406266
-4.548175883444566,1.3438060745264753,0.008934016793762645
-4.444808249729917,1.3438060745264753,0.010011918600185826
-4.341440616015267,1.3438060745264753,0.008252173973750356
-4.238072982300618,1.3438060745264753,0.003914040168834744
-4.134705348585968,1.3438060745264753,-0.0020127096205427224
-4.031337714871319,1.3438060745264753,-0.008152976946561911
-3.9279700811566705,1.3438060745264753,-0.01322697307018484
-3.8246024474420213,1.3438060745264753,-0.01647065676916887
-3.7212348137273725,1.3438060745264753,-0.01782630767679832
-3.6178671800127233,1.3438060745264753,-0.017829181252276675
-3.514499546298074,1.3438060745264753,-0.017243186671616065
-3.411131912583425,1.3438060745264753,-0.016605748980967283
-3.3077642788687753,1.3438060745264753,-0.01588540480648983
-3.204396645154126,1.3438060745264753,-0.014415728746240346
-3.101029011439477,1.3438060745264753,-0.01115911648245899
-2.9976613777248278,1.3438060745264753,-0.005215360742918214
-2.8942937440101786,1.3438060745264753,0.0036226030031759715
-2.790926110295529,1.3438060745264753,0.014503270924831549
-2.6875584765808798,1.3438060745264753,0.025525780251861217
-2.5841908428662306,1.3438060745264753,0.03417676140584898
-2.4808232091515814,1.3438060745264753,0.038084375004529804
-2.3774555754369326,1.3438060745264753,0.0358443469953456
-2.2740879417222835,1.3438060745264753,0.02762023356546351
-2.1707203080076334,1.3438060745264753,0.015275159069034332
-2.067352674292984,1.3438060745264753,0.0019415008872272228
-1.9639850405783352,1.3438060745264753,-0.008870617954756547
-1.8606174068636863,1.3438060745264753,-0.01435392973686847
-1.757249773149037,1.3438060745264753,-0.013316903280964479
-1.6538821394343879,1.3438060745264753,-0.00660902969106948
-1.550514505719738,1.3438060745264753,0.003109815390103147
-1.447146872005089,1.3438060745264753,0.012206484504910011
-1.3437792382904399,1.3438060745264753,0.017258651904914216
-1.2404116045757907,1.3438060745264753,0.016198137028343836
-1.1370439708611417,1.3438060745264753,0.009027057225385564
-1.0336763371464925,1.3438060745264753,-0.002144851691721433
-0.9303087034318435,1.3438060745264753,-0.013768196043397218
-0.8269410697171936,1.3438060745264753,-0.02201372657619984
-0.7235734360025445,1.3438060745264753,-0.024038853220172192
-0.6202058022878953,1.3438060745264753,-0.01893327282436927
-0.5168381685732463,1.3438060745264753,-0.008020133670092015
-0.4134705348585972,1.3438060745264753,0.005593765771703935
-0.31010290114394806,1.3438060745264753,0.01806856667684268
-0.2067352674292982,1.3438060745264753,0.02612474301826723
-0.1033676337146491,1.3438060745264753,0.028135195671028516
0.,1.3438060745264753,0.024638962455655243
0.1033676337146491,1.3438060745264753,0.018098057882275375
0.2067352674292982,1.3438060745264753,0.011981371380709045
0.31010290114394734,1.3438060745264753,0.009494891544584596
0.4134705348585964,1.3438060745264753,0.01240328294766799
0.5168381685732455,1.3438060745264753,0.02035890790496463
0.6202058022878947,1.3438060745264753,0.03097930430703012
0.7235734360025438,1.3438060745264753,0.0406527665407864
0.8269410697171944,1.3438060745264753,0.04579483904649883
0.9303087034318435,1.3438060745264753,0.04411649293775835
1.0336763371464925,1.3438060745264753,0.03545556511802384
1.1370439708611417,1.3438060745264753,0.021871755600355317
1.2404116045757907,1.3438060745264753,0.006961739584439529
1.3437792382904399,1.3438060745264753,-0.005374043174175162
1.447146872005089,1.3438060745264753,-0.012284161622445035
1.550514505719738,1.3438060745264753,-0.012960897919171134
1.6538821394343872,1.3438060745264753,-0.008918097573224473
1.7572497731490362,1.3438060745264753,-0.00344071230687441
1.8606174068636854,1.3438060745264753,-0.0003854969509565904
1.9639850405783346,1.3438060745264753,-0.0027453435796272034
2.0673526742929837,1.3438060745264753,-0.011482111417542882
2.1707203080076343,1.3438060745264753,-0.025049716288633627
2.2740879417222835,1.3438060745264753,-0.03979664349621839
2.3774555754369326,1.3438060745264753,-0.05113351350392632
2.4808232091515814,1.3438060745264753,-0.05508140963932815
2.5841908428662306,1.3438060745264753,-0.04967487942412825
2.6875584765808798,1.3438060745264753,-0.03573132158635614
2.790926110295529,1.3438060745264753,-0.016705848835776985
2.894293744010178,1.3438060745264753,0.0023412050867641487
2.997661377724827,1.3438060745264753,0.016332860063168243
3.101029011439476,1.3438060745264753,0.02179349448122631
3.2043966451541253,1.3438060745264753,0.017951671309009702
3.3077642788687744,1.3438060745264753,0.006951174838636279
3.411131912583425,1.3438060745264753,-0.006907628591012278
3.514499546298074,1.3438060745264753,-0.018645241855329384
3.6178671800127233,1.3438060745264753,-0.024301726850276418
3.7212348137273725,1.3438060745264753,-0.02227952915073347
3.8246024474420213,1.3438060745264753,-0.01386980712823323
3.9279700811566705,1.3438060745264753,-0.002776294673862647
4.031337714871319,1.3438060745264753,0.006208503501398378
4.134705348585968,1.3438060745264753,0.008928452349609727
4.238072982300618,1.3438060745264753,0.00340115484819273
4.341440616015267,1.3438060745264753,-0.00936579958828398
4.444808249729916,1.3438060745264753,-0.025575873158392944
4.548175883444565,1.3438060745264753,-0.039818000982652174
4.651543517159214,1.3438060745264753,-0.046841195465032806
4.754911150873865,1.3438060745264753,-0.04334819289180533
4.858278784588514,1.3438060745264753,-0.029210734815493626
4.961646418303163,1.3438060745264753,-0.007690926630319661
5.065014052017812,1.3438060745264753,0.015426453868819258
5.168381685732461,1.3438060745264753,0.033532306228856334
5.27174931944711,1.3438060745264753,0.04119336944868595
5.3751169531617595,1.3438060745264753,0.03582616299892071
5.478484586876409,1.3438060745264753,0.01852004165960081
5.581852220591058,1.3438060745264753,-0.00624472171930769
5.685219854305707,1.3438060745264753,-0.031889573835060935
5.788587488020356,1.3438060745264753,-0.0516339804147653
5.8919551217350055,1.3438060745264753,-0.06041055490997953
5.995322755449654,1.3438060745264753,-0.05622485698432593
6.098690389164305,1.3438060745264753,-0.04057582225332433
6.202058022878954,1.3438060745264753,-0.017855650617566967
6.305425656593603,1.3438060745264753,0.006037173103889929
6.408793290308252,1.3438060745264753,0.025411892096643983
-6.408793290308252,1.4471757725669734,0.037779232825109664
-6.305425656593603,1.4471757725669734,0.03887016038224479
-6.202058022878954,1.4471757725669734,0.031686514648460264
-6.098690389164304,1.4471757725669734,0.01946121930153629
-5.995322755449655,1.4471757725669734,0.0058938665735131564
-5.8919551217350055,1.4471757725669734,-0.0059663702120844155
-5.788587488020356,1.4471757725669734,-0.0144197293843479
-5.685219854305708,1.4471757725669734,-0.01923680594393903
-5.581852220591058,1.4471757725669734,-0.021259906028517652
-5.478484586876409,1.4471757725669734,-0.02171783944611451
-5.3751169531617595,1.4471757725669734,-0.021559902091151467
-5.27174931944711,1.4471757725669734,-0.02106813438315704
-5.168381685732461,1.4471757725669734,-0.019867742766900568
-5.065014052017812,1.4471757725669734,-0.017282860704928325
-4.961646418303163,1.4471757725669734,-0.01284646285980831
-4.858278784588514,1.4471757725669734,-0.0067203861624933305
-4.754911150873865,1.4471757725669734,0.00016984623869522073
-4.651543517159215,1.4471757725669734,0.006353969826701587
-4.548175883444566,1.4471757725669734,0.01030651932433343
-4.444808249729917,1.4471757725669734,0.011008274142696698
-4.341440616015267,1.4471757725669734,0.008347396803665964
-4.238072982300618,1.4471757725669734,0.0031894256002905313
-4.134705348585968,1.4471757725669734,-0.00292304426949966
-4.031337714871319,1.4471757725669734,-0.008330499954229043
-3.9279700811566705,1.4471757725669734,-0.01185802011949398
-3.8246024474420213,1.4471757725669734,-0.013217302206152061
-3.7212348137273725,1.4471757725669734,-0.013042339013896346
-3.6178671800127233,1.4471757725669734,-0.01253536538363022
-3.514499546298074,1.4471757725669734,-0.01285785695330512
-3.411131912583425,1.4471757725669734,-0.014512032521477392
-3.3077642788687753,1.4471757725669734,-0.016975839007775592
-3.204396645154126,1.4471757725669734,-0.018767725040212326
-3.101029011439477,1.4471757725669734,-0.017955535801856458
-2.9976613777248278,1.4471757725669734,-0.01294578841242693
-2.8942937440101786,1.4471757725669734,-0.003263494429472142
-2.790926110295529,1.4471757725669734,0.009989918736822315
-2.6875584765808798,1.4471757725669734,0.024217363468843393
-2.5841908428662306,1.4471757725669734,0.035977322512590365
-2.4808232091515814,1.4471757725669734,0.04202690930982366
-2.3774555754369326,1.4471757725669734,0.04041874281673262
-2.2740879417222835,1.4471757725669734,0.03126690087999564
-2.1707203080076334,1.4471757725669734,0.016886567487341603
-2.067352674292984,1.4471757725669734,0.0012125587569254324
-1.9639850405783352,1.4471757725669734,-0.011352391184785537
-1.8606174068636863,1.4471757725669734,-0.017303029134360184
-1.757249773149037,1.4471757725669734,-0.01516288257576884
-1.6538821394343879,1.4471757725669734,-0.005993681509697223
-1.550514505719738,1.4471757725669734,0.006908806435086175
-1.447146872005089,1.4471757725669734,0.019055511997274344
-1.3437792382904399,1.4471757725669734,0.0262137263124465
-1.2404116045757907,1.4471757725669734,0.025792497027251685
-1.1370439708611417,1.4471757725669734,0.017702790870511163
-1.0336763371464925,1.4471757725669734,0.004400654017572279
-0.9303087034318435,1.4471757725669734,-0.0099073509916007
-0.8269410697171936,1.4471757725669734,-0.020635565100523345
-0.7235734360025445,1.4471757725669734,-0.0243108917968884
-0.6202058022878953,1.4471757725669734,-0.01968622335029061
-0.5168381685732463,1.4471757725669734,-0.008104937204209949
-0.4134705348585972,1.4471757725669734,0.006999517954360582
-0.31010290114394806,1.4471757725669734,0.021290191682857604
-0.2067352674292982,1.4471757725669734,0.03098724895168346
-0.1033676337146491,1.4471757725669734,0.03409932899346592
0.,1.4471757725669734,0.03100519649757555
0.1033676337146491,1.4471757725669734,0.024193726707407014
0.2067352674292982,1.4471757725669734,0.017265156292065466
0.31010290114394734,1.4471757725669734,0.013555091938234691
0.4134705348585964,1.4471757725669734,0.01487450221452146
0.5168381685732455,1.4471757725669734,0.020817270091272686
0.6202058022878947,1.4471757725669734,0.0288858001231205
0.7235734360025438,1.4471757725669734,0.035394606292910996
0.8269410697171944,1.4471757725669734,0.036833567096886614
0.9303087034318435,1.4471757725669734,0.031204820303176818
1.0336763371464925,1.4471757725669734,0.018850184220242035
1.1370439708611417,1.4471757725669734,0.0024601538058268914
1.2404116045757907,1.4471757725669734,-0.01375865102623438
1.3437792382904399,1.4471757725669734,-0.02548261410083546
1.447146872005089,1.4471757725669734,-0.02975623310195428
1.550514505719738,1.4471757725669734,-0.02604287175321092
1.6538821394343872,1.4471757725669734,-0.01646304105668788
1.7572497731490362,1.4471757725669734,-0.005118881383763071
1.8606174068636854,1.4471757725669734,0.003280091296892773
1.9639850405783346,1.4471757725669734,0.005028709390092896
2.0673526742929837,1.4471757725669734,-0.0012754374680351828
2.1707203080076343,1.4471757725669734,-0.014197671784812984
2.2740879417222835,1.4471757725669734,-0.029889840930059485
2.3774555754369326,1.4471757725669734,-0.04333933576056034
2.4808232091515814,1.4471757725669734,-0.050027231966530805
2.5841908428662306,1.4471757725669734,-0.047436406828900386
2.6875584765808798,1.4471757725669734,-0.0358986590948165
2.790926110295529,1.4471757725669734,-0.018493509986818316
2.894293744010178,1.4471757725669734,-0.000034240810707125046
2.997661377724827,1.4471757725669734,0.014512014412977638
3.101029011439476,1.4471757725669734,0.021630898433443624
3.2043966451541253,1.4471757725669734,0.02034795704927825
3.3077642788687744,1.4471757725669734,0.012431124836859568
3.411131912583425,1.4471757725669734,0.0016503085470473459
3.514499546298074,1.4471757725669734,-0.007637477018142839
3.6178671800127233,1.4471757725669734,-0.012075486937063918
3.7212348137273725,1.4471757725669734,-0.01050608678480252
3.8246024474420213,1.4471757725669734,-0.004356264630270819
3.9279700811566705,1.4471757725669734,0.0029298941611580628
4.031337714871319,1.4471757725669734,0.00721584254805781
4.134705348585968,1.4471757725669734,0.005288441822921916
4.238072982300618,1.4471757725669734,-0.003810903253799744
4.341440616015267,1.4471757725669734,-0.018226493085614488
4.444808249729916,1.4471757725669734,-0.03372677554445197
4.548175883444565,1.4471757725669734,-0.045025142689022316
4.651543517159214,1.4471757725669734,-0.04755848179542587
4.754911150873865,1.4471757725669734,-0.03912990940055379
4.858278784588514,1.4471757725669734,-0.02085190767931708
4.961646418303163,1.4471757725669734,0.0029534638341652754
5.065014052017812,1.4471757725669734,0.02590198493917997
5.168381685732461,1.4471757725669734,0.04140261628209582
5.27174931944711,1.4471757725669734,0.04464524495386079
5.3751169531617595,1.4471757725669734,0.034096079292436667
5.478484586876409,1.4471757725669734,0.012029049044136297
5.581852220591058,1.4471757725669734,-0.016074158246333552
5.685219854305707,1.4471757725669734,-0.04306770657963189
5.788587488020356,1.4471757725669734,-0.06215079579235497
5.8919551217350055,1.4471757725669734,-0.0687309826768703
5.995322755449654,1.4471757725669734,-0.06159278831479413
6.098690389164305,1.4471757725669734,-0.04305540157600838
6.202058022878954,1.4471757725669734,-0.018125616654489037
6.305425656593603,1.4471757725669734,0.007042576091458067
6.408793290308252,1.4471757725669734,0.026878982898460694
-6.408793290308252,1.5505454706074717,0.033983305744510965
-6.305425656593603,1.5505454706074717,0.034742861380803076
-6.202058022878954,1.5505454706074717,0.02836943239868207
-6.098690389164304,1.5505454706074717,0.01795005927416392
-5.995322755449655,1.5505454706074717,0.0066889436794601576
-5.8919551217350055,1.5505454706074717,-0.0030543866954142462
-5.788587488020356,1.5505454706074717,-0.010250138129959398
-5.685219854305708,1.5505454706074717,-0.015113831908711586
-5.581852220591058,1.5505454706074717,-0.01857325992366427
-5.478484586876409,1.5505454706074717,-0.021558400547899245
-5.3751169531617595,1.5505454706074717,-0.024423878137059547
-5.27174931944711,1.5505454706074717,-0.026732425768505468
-5.168381685732461,1.5505454706074717,-0.027465027210158376
-5.065014052017812,1.5505454706074717,-0.025544764348163905
-4.961646418303163,1.5505454706074717,-0.02043572968000062
-4.858278784588514,1.5505454706074717,-0.01255199413698273
-4.754911150873865,1.5505454706074717,-0.003291761573779682
-4.651543517159215,1.5505454706074717,0.0053350777248029994
-4.548175883444566,1.5505454706074717,0.011352600027479964
-4.444808249729917,1.5505454706074717,0.01349168059629969
-4.341440616015267,1.5505454706074717,0.01162779535379522
-4.238072982300618,1.5505454706074717,0.0068084674003205834
-4.134705348585968,1.5505454706074717,0.000851926112834029
-4.031337714871319,1.5505454706074717,-0.004334747041178905
-3.9279700811566705,1.5505454706074717,-0.007457717628660556
-3.8246024474420213,1.5505454706074717,-0.008285524904320014
-3.7212348137273725,1.5505454706074717,-0.0076651573097569784
-3.6178671800127233,1.5505454706074717,-0.007090754717987662
-3.514499546298074,1.5505454706074717,-0.007986994486907546
-3.411131912583425,1.5505454706074717,-0.010988600788693391
-3.3077642788687753,1.5505454706074717,-0.015511987898139932
-3.204396645154126,1.5505454706074717,-0.019815328302619267
-3.101029011439477,1.5505454706074717,-0.021562800145113043
-2.9976613777248278,1.5505454706074717,-0.018712567162669082
-2.8942937440101786,1.5505454706074717,-0.010409667423751039
-2.790926110295529,1.5505454706074717,0.002460797825936349
-2.6875584765808798,1.5505454706074717,0.017302844204735365
-2.5841908428662306,1.5505454706074717,0.030465603646984397
-2.4808232091515814,1.5505454706074717,0.038344209245416525
-2.3774555754369326,1.5505454706074717,0.0385702770196696
-2.2740879417222835,1.5505454706074717,0.030881613176881578
-2.1707203080076334,1.5505454706074717,0.017349129098026994
-2.067352674292984,1.5505454706074717,0.0018454466562420643
-1.9639850405783352,1.5505454706074717,-0.011103984877404669
-1.8606174068636863,1.5505454706074717,-0.017728569599944233
-1.757249773149037,1.5505454706074717,-0.016218512574153115
-1.6538821394343879,1.5505454706074717,-0.007321807136944097
-1.550514505719738,1.5505454706074717,0.005880598171262491
-1.447146872005089,1.5505454706074717,0.01896246831343828
-1.3437792382904399,1.5505454706074717,0.027586386265540868
-1.2404116045757907,1.5505454706074717,0.028913610953046245
-1.1370439708611417,1.5505454706074717,0.02252240030769327
-1.0336763371464925,1.5505454706074717,0.010529466473901378
-0.9303087034318435,1.5505454706074717,-0.0031240708896598736
-0.8269410697171936,1.5505454706074717,-0.013979920641610709
-0.7235734360025445,1.5505454706074717,-0.01852169918120948
-0.6202058022878953,1.5505454706074717,-0.015295910839800251
-0.5168381685732463,1.5505454706074717,-0.0053236522097971795
-0.4134705348585972,1.5505454706074717,0.00832287850220705
-0.31010290114394806,1.5505454706074717,0.021617975502310705
-0.2067352674292982,1.5505454706074717,0.03096360332107907
-0.1033676337146491,1.5505454706074717,0.034371193539412974
0.,1.5505454706074717,0.032037366793385966
0.1033676337146491,1.5505454706074717,0.02612474850647143
0.2067352674292982,1.5505454706074717,0.0198418519231847
0.31010290114394734,1.5505454706074717,0.016164291649441588
0.4134705348585964,1.5505454706074717,0.016665899666413103
0.5168381685732455,1.5505454706074717,0.020887910945885154
0.6202058022878947,1.5505454706074717,0.026481142835582422
0.7235734360025438,1.5505454706074717,0.030077865225062023
0.8269410697171944,1.5505454706074717,0.028585066450574494
0.9303087034318435,1.5505454706074717,0.020433240633754665
1.0336763371464925,1.5505454706074717,0.006321609598341837
1.1370439708611417,1.5505454706074717,-0.010828727816730428
1.2404116045757907,1.5505454706074717,-0.026726186178868266
1.3437792382904399,1.5505454706074717,-0.03709163529689253
1.447146872005089,1.5505454706074717,-0.039105382601774166
1.550514505719738,1.5505454706074717,-0.03241659924715751
1.6538821394343872,1.5505454706074717,-0.019354013969067087
1.7572497731490362,1.5505454706074717,-0.0042448981837751015
1.8606174068636854,1.5505454706074717,0.007946341169181838
1.9639850405783346,1.5505454706074717,0.013213272756606515
2.0673526742929837,1.5505454706074717,0.00980501120244817
2.1707203080076343,1.5505454706074717,-0.0012085485988910546
2.2740879417222835,1.5505454706074717,-0.016293405628180383
2.3774555754369326,1.5505454706074717,-0.030609326185374826
2.4808232091515814,1.5505454706074717,-0.03957920379947124
2.5841908428662306,1.5505454706074717,-0.040344645100218936
2.6875584765808798,1.5505454706074717,-0.03262652812052225
2.790926110295529,1.5505454706074717,-0.01871691029627546
2.894293744010178,1.5505454706074717,-0.0026275429003667747
2.997661377724827,1.5505454706074717,0.011293253191811192
3.101029011439476,1.5505454706074717,0.019788331089608435
3.2043966451541253,1.5505454706074717,0.021672774443758168
3.3077642788687744,1.5505454706074717,0.01804361115747201
3.411131912583425,1.5505454706074717,0.011671474291717748
3.514499546298074,1.5505454706074717,0.005818461243718693
3.6178671800127233,1.5505454706074717,0.002927931522702458
3.7212348137273725,1.5505454706074717,0.003673188311960617
3.8246024474420213,1.5505454706074717,0.00671857865818829
3.9279700811566705,1.5505454706074717,0.009285739795362217
4.031337714871319,1.5505454706074717,0.008321823755085337
4.134705348585968,1.5505454706074717,0.0018406842240232617
4.238072982300618,1.5505454706074717,-0.010066666664485245
4.341440616015267,1.5505454706074717,-0.0249509848153633
4.444808249729916,1.5505454706074717,-0.03860137178690102
4.548175883444565,1.5505454706074717,-0.0463577731534758
4.651543517159214,1.5505454706074717,-0.044715684790910155
4.754911150873865,1.5505454706074717,-0.03267770385495588
4.858278784588514,1.5505454706074717,-0.012370170127402996
4.961646418303163,1.5505454706074717,0.011326298935576668
5.065014052017812,1.5505454706074717,0.03206175371930685
5.168381685732461,1.5505454706074717,0.04384111565113807
5.27174931944711,1.5505454706074717,0.04282485972721672
5.3751169531617595,1.5505454706074717,0.028539152059386244
5.478484586876409,1.5505454706074717,0.004108845533054001
5.581852220591058,1.5505454706074717,-0.024567320872569232
5.685219854305707,1.5505454706074717,-0.05044900450405532
5.788587488020356,1.5505454706074717,-0.06729557052003783
5.8919551217350055,1.5505454706074717,-0.07133184103301173
5.995322755449654,1.5505454706074717,-0.06215412630121487
6.098690389164305,1.5505454706074717,-0.04264224909824942
6.202058022878954,1.5505454706074717,-0.017957450958798485
6.305425656593603,1.5505454706074717,0.0060189914429465575
6.408793290308252,1.5505454706074717,0.02430289471718311
-6.408793290308252,1.6539151686479698,0.025122605689873307
-6.305425656593603,1.6539151686479698,0.025528404439067596
-6.202058022878954,1.6539151686479698,0.020439164054719804
-6.098690389164304,1.6539151686479698,0.012593871970336798
-5.995322755449655,1.6539151686479698,0.0045483263853661245
-5.8919551217350055,1.6539151686479698,-0.0021048458000328374
-5.788587488020356,1.6539151686479698,-0.007025842919546278
-5.685219854305708,1.6539151686479698,-0.01088522626331177
-5.581852220591058,1.6539151686479698,-0.01474505996210341
-5.478484586876409,1.6539151686479698,-0.019347147740039823
-5.3751169531617595,1.6539151686479698,-0.024607382401755064
-5.27174931944711,1.6539151686479698,-0.02951808128979349
-5.168381685732461,1.6539151686479698,-0.03249085006548913
-5.065014052017812,1.6539151686479698,-0.03199650734315109
-4.961646418303163,1.6539151686479698,-0.027241982147413173
-4.858278784588514,1.6539151686479698,-0.018609361435593108
-4.754911150873865,1.6539151686479698,-0.007673249995889263
-4.651543517159215,1.6539151686479698,0.0032262592166889697
-4.548175883444566,1.6539151686479698,0.011707719518076242
-4.444808249729917,1.6539151686479698,0.016107541553144575
-4.341440616015267,1.6539151686479698,0.01599589614259217
-4.238072982300618,1.6539151686479698,0.012259268438119504
-4.134705348585968,1.6539151686479698,0.006719903996788733
-4.031337714871319,1.6539151686479698,0.001434913931244962
-3.9279700811566705,1.6539151686479698,-0.002061963353836795
-3.8246024474420213,1.6539151686479698,-0.0032904920014649344
-3.7212348137273725,1.6539151686479698,-0.0029252631963319464
-3.6178671800127233,1.6539151686479698,-0.0024290648093459955
-3.514499546298074,1.6539151686479698,-0.0033580663190622005
-3.411131912583425,1.6539151686479698,-0.006608086132973311
-3.3077642788687753,1.6539151686479698,-0.011901701768183748
-3.204396645154126,1.6539151686479698,-0.01773367076144635
-3.101029011439477,1.6539151686479698,-0.02182479054515216
-2.9976613777248278,1.6539151686479698,-0.021941806262904984
-2.8942937440101786,1.6539151686479698,-0.016793975933788917
-2.790926110295529,1.6539151686479698,-0.006671319493767499
-2.6875584765808798,1.6539151686479698,0.0064342311638634865
-2.5841908428662306,1.6539151686479698,0.01930903581725035
-2.4808232091515814,1.6539151686479698,0.028470496513194356
-2.3774555754369326,1.6539151686479698,0.03128743372853056
-2.2740879417222835,1.6539151686479698,0.026888401591170036
-2.1707203080076334,1.6539151686479698,0.016534843210483485
-2.067352674292984,1.6539151686479698,0.0033080364138278104
-1.9639850405783352,1.6539151686479698,-0.008810862198534691
-1.8606174068636863,1.6539151686479698,-0.01617874779897642
-1.757249773149037,1.6539151686479698,-0.01664214706042454
-1.6538821394343879,1.6539151686479698,-0.010218921656067678
-1.550514505719738,1.6539151686479698,0.0009211925266548334
-1.447146872005089,1.6539151686479698,0.013175338629662607
-1.3437792382904399,1.6539151686479698,0.022688850195724627
-1.2404116045757907,1.6539151686479698,0.026606454144773275
-1.1370439708611417,1.6539151686479698,0.023977691209210977
-1.0336763371464925,1.6539151686479698,0.01601917459043378
-0.9303087034318435,1.6539151686479698,0.005655484440028297
-0.8269410697171936,1.6539151686479698,-0.0034948313084843066
-0.7235734360025445,1.6539151686479698,-0.008335759112907858
-0.6202058022878953,1.6539151686479698,-0.007297087611380691
-0.5168381685732463,1.6539151686479698,-0.0007890860375917065
-0.4134705348585972,1.6539151686479698,0.009031528137784222
-0.31010290114394806,1.6539151686479698,0.019083157855331375
-0.2067352674292982,1.6539151686479698,0.026464492159124386
-0.1033676337146491,1.6539151686479698,0.02944583392313751
0.,1.6539151686479698,0.027997001255112296
0.1033676337146491,1.6539151686479698,0.02367358112264413
0.2067352674292982,1.6539151686479698,0.018916803065986615
0.31010290114394734,1.6539151686479698,0.016034617557826807
0.4134705348585964,1.6539151686479698,0.016246947392176348
0.5168381685732455,1.6539151686479698,0.01915513542584867
0.6202058022878947,1.6539151686479698,0.0228420643373801
0.7235734360025438,1.6539151686479698,0.024579564979128207
0.8269410697171944,1.6539151686479698,0.02189538399247009
0.9303087034318435,1.6539151686479698,0.013613651944489281
1.0336763371464925,1.6539151686479698,0.0004811220609955467
1.1370439708611417,1.6539151686479698,-0.014870941630910458
1.2404116045757907,1.6539151686479698,-0.02864918178279928
1.3437792382904399,1.6539151686479698,-0.03708210531647997
1.447146872005089,1.6539151686479698,-0.03767293460880981
1.550514505719738,1.6539151686479698,-0.030092477426543272
1.6538821394343872,1.6539151686479698,-0.01639526009747337
1.7572497731490362,1.6539151686479698,-0.00046570645571652694
1.8606174068636854,1.6539151686479698,0.01313992319566563
1.9639850405783346,1.6539151686479698,0.020584666317134404
2.0673526742929837,1.6539151686479698,0.019922809067435758
2.1707203080076343,1.6539151686479698,0.011671901506297705
2.2740879417222835,1.6539151686479698,-0.001396105754615136
2.3774555754369326,1.6539151686479698,-0.015165845434158921
2.4808232091515814,1.6539151686479698,-0.02548209420075037
2.5841908428662306,1.6539151686479698,-0.029412900317839833
2.6875584765808798,1.6539151686479698,-0.026064021411174285
2.790926110295529,1.6539151686479698,-0.016698815612728377
2.894293744010178,1.6539151686479698,-0.0041597560954384945
2.997661377724827,1.6539151686479698,0.008175527752360417
3.101029011439476,1.6539151686479698,0.017521321088641146
3.2043966451541253,1.6539151686479698,0.02249986076145132
3.3077642788687744,1.6539151686479698,0.023379491548560345
3.411131912583425,1.6539151686479698,0.021686797583322412
3.514499546298074,1.6539151686479698,0.01937511036560832
3.6178671800127233,1.6539151686479698,0.01789112493544056
3.7212348137273725,1.6539151686479698,0.01751246697994408
3.8246024474420213,1.6539151686479698,0.017221258372540543
3.9279700811566705,1.6539151686479698,0.01517146910047062
4.031337714871319,1.6539151686479698,0.009576687619589923
4.134705348585968,1.6539151686479698,-0.00032531918256101613
4.238072982300618,1.6539151686479698,-0.013620553610637425
4.341440616015267,1.6539151686479698,-0.027670028372574075
4.444808249729916,1.6539151686479698,-0.038744453692841546
4.548175883444565,1.6539151686479698,-0.04317275841604499
4.651543517159214,1.6539151686479698,-0.03863456029462351
4.754911150873865,1.6539151686479698,-0.025149066907305465
4.858278784588514,1.6539151686479698,-0.005389543339579335
4.961646418303163,1.6539151686479698,0.015838210764688294
5.065014052017812,1.6539151686479698,0.03284121855297572
5.168381685732461,1.6539151686479698,0.040650142536065574
5.27174931944711,1.6539151686479698,0.036502661145028176
5.3751169531617595,1.6539151686479698,0.0207312205783076
5.478484586876409,1.6539151686479698,-0.003234728239115802
5.581852220591058,1.6539151686479698,-0.029767293010876314
5.685219854305707,1.6539151686479698,-0.05257355745365042
5.788587488020356,1.6539151686479698,-0.0664019351612293
5.8919551217350055,1.6539151686479698,-0.06841206382623381
5.995322755449654,1.6539151686479698,-0.05881346262269627
6.098690389164305,1.6539151686479698,-0.04061486108761552
6.202058022878954,1.6539151686479698,-0.018605351156327825
6.305425656593603,1.6539151686479698,0.0020813857910086477
6.408793290308252,1.6539151686479698,0.017360527411734605
-6.408793290308252,1.757284866688468,0.013231250382047817
-6.305425656593603,1.757284866688468,0.013485561655883577
-6.202058022878954,1.757284866688468,0.009912480751088052
-6.098690389164304,1.757284866688468,0.0047720175014622215
-5.995322755449655,1.757284866688468,-0.00001769365405271971
-5.8919551217350055,1.757284866688468,-0.0034959116608846968
-5.788587488020356,1.757284866688468,-0.0058239614443713165
-5.685219854305708,1.757284866688468,-0.007979144148184314
-5.581852220591058,1.757284866688468,-0.011131024490479913
-5.478484586876409,1.757284866688468,-0.01596352884872452
-5.3751169531617595,1.757284866688468,-0.022216477569826355
-5.27174931944711,1.757284866688468,-0.028629476046971077
-5.168381685732461,1.757284866688468,-0.03331479817248665
-5.065014052017812,1.757284866688468,-0.034422153167932124
-4.961646418303163,1.757284866688468,-0.030846870815878124
-4.858278784588514,1.757284866688468,-0.022714149578011336
-4.754911150873865,1.757284866688468,-0.01145176374461407
-4.651543517159215,1.757284866688468,0.000587574111149031
-4.548175883444566,1.757284866688468,0.010829554644397388
-4.444808249729917,1.757284866688468,0.01726402909984114
-4.341440616015267,1.757284866688468,0.019039065758566388
-4.238072982300618,1.757284866688468,0.01665732914407185
-4.134705348585968,1.757284866688468,0.011711256589095592
-4.031337714871319,1.757284866688468,0.006258750343659607
-3.9279700811566705,1.757284866688468,0.0020693612495086664
-3.8246024474420213,1.757284866688468,0.000015737130690443058
-3.7212348137273725,1.757284866688468,-0.0001699348708039943
-3.6178671800127233,1.757284866688468,0.00031005656185174375
-3.514499546298074,1.757284866688468,-0.00010748361425415756
-3.411131912583425,1.757284866688468,-0.002624850449404065
-3.3077642788687753,1.757284866688468,-0.007490681783105105
-3.204396645154126,1.757284866688468,-0.013770023264767112
-3.101029011439477,1.757284866688468,-0.019580526952634743
-2.9976613777248278,1.757284866688468,-0.022726813868436176
-2.8942937440101786,1.757284866688468,-0.021514432710152596
-2.790926110295529,1.757284866688468,-0.01544990149090399
-2.6875584765808798,1.757284866688468,-0.005562687430271381
-2.5841908428662306,1.757284866688468,0.005789567313510224
-2.4808232091515814,1.757284866688468,0.015592401207391676
-2.3774555754369326,1.757284866688468,0.021112410632282645
-2.2740879417222835,1.757284866688468,0.020790928846093435
-2.1707203080076334,1.757284866688468,0.014788133081964217
-2.067352674292984,1.757284866688468,0.0049836351409627755
-1.9639850405783352,1.757284866688468,-0.005579931412922801
-1.8606174068636863,1.757284866688468,-0.013635884508827132
-1.757249773149037,1.757284866688468,-0.01670993071533897
-1.6538821394343879,1.757284866688468,-0.013880974959306978
-1.550514505719738,1.757284866688468,-0.006037996959217745
-1.447146872005089,1.757284866688468,0.0044465271491212575
-1.3437792382904399,1.757284866688468,0.014511162222419454
-1.2404116045757907,1.757284866688468,0.02139798582867565
-1.1370439708611417,1.757284866688468,0.023511462295247244
-1.0336763371464925,1.757284866688468,0.020863880081929017
-0.9303087034318435,1.757284866688468,0.01497338323282486
-0.8269410697171936,1.757284866688468,0.008269290730441406
-0.7235734360025445,1.757284866688468,0.003225208044309609
-0.6202058022878953,1.757284866688468,0.0015264624975854224
-0.5168381685732463,1.757284866688468,0.0035562104384443123
-0.4134705348585972,1.757284866688468,0.008363915776424315
-0.31010290114394806,1.757284866688468,0.014104914702441192
-0.2067352674292982,1.757284866688468,0.018773117415848226
-0.1033676337146491,1.757284866688468,0.020949468079448075
0.,1.757284866688468,0.020290955487584916
0.1033676337146491,1.757284866688468,0.01758656477948811
0.2067352674292982,1.757284866688468,0.014369893289122547
0.31010290114394734,1.757284866688468,0.012243644573247486
0.4134705348585964,1.757284866688468,0.012178773161394514
0.5168381685732455,1.757284866688468,0.014061581004173462
0.6202058022878947,1.757284866688468,0.016671461209157926
0.7235734360025438,1.757284866688468,0.01811265531311474
0.8269410697171944,1.757284866688468,0.016552752213691305
0.9303087034318435,1.757284866688468,0.011000669325073528
1.0336763371464925,1.757284866688468,0.0018318652061950892
1.1370439708611417,1.757284866688468,-0.009150715395575014
1.2404116045757907,1.757284866688468,-0.019171936509645927
1.3437792382904399,1.757284866688468,-0.02532510194148475
1.447146872005089,1.757284866688468,-0.02552526977732136
1.550514505719738,1.757284866688468,-0.01925278021754561
1.6538821394343872,1.757284866688468,-0.00782573544312287
1.7572497731490362,1.757284866688468,0.005907166172226173
1.8606174068636854,1.757284866688468,0.01836955992055658
1.9639850405783346,1.757284866688468,0.02630576456928672
2.0673526742929837,1.757284866688468,0.027740898555347403
2.1707203080076343,1.757284866688468,0.02254751538885144
2.2740879417222835,1.757284866688468,0.012443725799976496
2.3774555754369326,1.757284866688468,0.00043496097037662234
2.4808232091515814,1.757284866688468,-0.01010836384553215
2.5841908428662306,1.757284866688468,-0.01643293646185562
2.6875584765808798,1.757284866688468,-0.01713266733401381
2.790926110295529,1.757284866688468,-0.012412468575748485
2.894293744010178,1.757284866688468,-0.0038371440737042703
2.997661377724827,1.757284866688468,0.006308132113687049
3.101029011439476,1.757284866688468,0.015796207098050623
3.2043966451541253,1.757284866688468,0.02309600861092941
3.3077642788687744,1.757284866688468,0.027662155652226524
3.411131912583425,1.757284866688468,0.029810954135736156
3.514499546298074,1.757284866688468,0.030278176005097246
3.6178671800127233,1.757284866688468,0.029672438901337705
3.7212348137273725,1.757284866688468,0.028070749191998576
3.8246024474420213,1.757284866688468,0.024938357252754784
3.9279700811566705,1.757284866688468,0.01941823719358591
4.031337714871319,1.757284866688468,0.010878231675622461
4.134705348585968,1.757284866688468,-0.0005135114306112512
4.238072982300618,1.757284866688468,-0.013445284761517448
4.341440616015267,1.757284866688468,-0.025540760444850687
4.444808249729916,1.757284866688468,-0.03390032860030928
4.548175883444565,1.757284866688468,-0.03596836462787275
4.651543517159214,1.757284866688468,-0.030450799034243182
4.754911150873865,1.757284866688468,-0.017959033834263127
4.858278784588514,1.757284866688468,-0.001121408644292262
4.961646418303163,1.757284866688468,0.015934969071459703
5.065014052017812,1.757284866688468,0.028623048862586903
5.168381685732461,1.757284866688468,0.03316510540889417
5.27174931944711,1.757284866688468,0.027709198793331637
5.3751169531617595,1.757284866688468,0.012939619749664257
5.478484586876409,1.757284866688468,-0.00802491460338979
5.581852220591058,1.757284866688468,-0.03043353608835929
5.685219854305707,1.757284866688468,-0.04917575043949749
5.788587488020356,1.757284866688468,-0.060146790543104185
5.8919551217350055,1.757284866688468,-0.061300936480517175
5.995322755449654,1.757284866688468,-0.05308916425129228
6.098690389164305,1.757284866688468,-0.038173637000901775
6.202058022878954,1.757284866688468,-0.02053771459020165
6.305425656593603,1.757284866688468,-0.004292221540341546
6.408793290308252,1.757284866688468,0.007441644342972601
-6.408793290308252,1.8606545647289676,0.0016780255173918695
-6.305425656593603,1.8606545647289676,0.001977673304687519
-6.202058022878954,1.8606545647289676,-0.00032190541458988
-6.098690389164304,1.8606545647289676,-0.003426370663973681
-5.995322755449655,1.8606545647289676,-0.0058552389440311185
-5.8919551217350055,1.8606545647289676,-0.006958013823131699
-5.788587488020356,1.8606545647289676,-0.007061421807434554
-5.685219854305708,1.8606545647289676,-0.007214121225997207
-5.581852220591058,1.8606545647289676,-0.008642136890251267
-5.478484586876409,1.8606545647289676,-0.012131453982921618
-5.3751169531617595,1.8606545647289676,-0.017577874232507066
-5.27174931944711,1.8606545647289676,-0.023880942943669853
-5.168381685732461,1.8606545647289676,-0.029231801484535032
-5.065014052017812,1.8606545647289676,-0.03169988032306448
-4.961646418303163,1.8606545647289676,-0.02991226048282499
-4.858278784588514,1.8606545647289676,-0.02358198309068988
-4.754911150873865,1.8606545647289676,-0.013691126124887187
-4.651543517159215,1.8606545647289676,-0.0022537548028005324
-4.548175883444566,1.8606545647289676,0.008269195540376386
-4.444808249729917,1.8606545647289676,0.015708385214308333
-4.341440616015267,1.8606545647289676,0.01882827785652909
-4.238072982300618,1.8606545647289676,0.017655998000340553
-4.134705348585968,1.8606545647289676,0.01338847132489179
-4.031337714871319,1.8606545647289676,0.007916290181860948
-3.9279700811566705,1.8606545647289676,0.0031359804407849194
-3.8246024474420213,1.8606545647289676,0.00029500381064231365
-3.7212348137273725,1.8606545647289676,-0.00039982607527346215
-3.6178671800127233,1.8606545647289676,0.00022486347450559362
-3.514499546298074,1.8606545647289676,0.0007069660108446113
-3.411131912583425,1.8606545647289676,-0.0004112755533256152
-3.3077642788687753,1.8606545647289676,-0.003938738671675393
-3.204396645154126,1.8606545647289676,-0.009627350161788891
-3.101029011439477,1.8606545647289676,-0.016159229816162447
-2.9976613777248278,1.8606545647289676,-0.02154738750596073
-2.8942937440101786,1.8606545647289676,-0.023818996778131464
-2.790926110295529,1.8606545647289676,-0.021744766523158297
-2.6875584765808798,1.8606545647289676,-0.015354087267601029
-2.5841908428662306,1.8606545647289676,-0.0060430411335422405
-2.4808232091515814,1.8606545647289676,0.0037811742948138153
-2.3774555754369326,1.8606545647289676,0.011416853930719057
-2.2740879417222835,1.8606545647289676,0.01471611517554734
-2.1707203080076334,1.8606545647289676,0.01278525047884109
-2.067352674292984,1.8606545647289676,0.0063015006241492815
-1.9639850405783352,1.8606545647289676,-0.002665002282462977
-1.8606174068636863,1.8606545647289676,-0.01127254471854719
-1.757249773149037,1.8606545647289676,-0.01677450988278033
-1.6538821394343879,1.8606545647289676,-0.01735311584135807
-1.550514505719738,1.8606545647289676,-0.012654217002232465
-1.447146872005089,1.8606545647289676,-0.0038574859321252554
-1.3437792382904399,1.8606545647289676,0.006729888160291739
-1.2404116045757907,1.8606545647289676,0.016412761778638662
-1.1370439708611417,1.8606545647289676,0.02293326180277834
-1.0336763371464925,1.8606545647289676,0.025114394412563284
-0.9303087034318435,1.8606545647289676,0.023124430472388297
-0.8269410697171936,1.8606545647289676,0.018297688414090976
-0.7235734360025445,1.8606545647289676,0.01259726884395345
-0.6202058022878953,1.8606545647289676,0.007920509616381645
-0.5168381685732463,1.8606545647289676,0.005490230662509722
-0.4134705348585972,1.8606545647289676,0.0055321622637966505
-0.31010290114394806,1.8606545647289676,0.0073289708066947255
-0.2067352674292982,1.8606545647289676,0.009604603431190873
-0.1033676337146491,1.8606545647289676,0.011078086605832264
0.,1.8606545647289676,0.01097317770139502
0.1033676337146491,1.8606545647289676,0.009296247205606942
0.2067352674292982,1.8606545647289676,0.006787942722795598
0.31010290114394734,1.8606545647289676,0.0045792707927852375
0.4134705348585964,1.8606545647289676,0.003693655889190385
0.5168381685732455,1.8606545647289676,0.004593065952258927
0.6202058022878947,1.8606545647289676,0.0069483853310813755
0.7235734360025438,1.8606545647289676,0.009728998264596903
0.8269410697171944,1.8606545647289676,0.011585535546641892
0.9303087034318435,1.8606545647289676,0.011387348100214243
1.0336763371464925,1.8606545647289676,0.008713778736221993
1.1370439708611417,1.8606545647289676,0.004109000592479487
1.2404116045757907,1.8606545647289676,-0.0010089753218350504
1.3437792382904399,1.8606545647289676,-0.0047718840195566554
1.447146872005089,1.8606545647289676,-0.005483233941715025
1.550514505719738,1.8606545647289676,-0.002228693646234489
1.6538821394343872,1.8606545647289676,0.004738628488645675
1.7572497731490362,1.8606545647289676,0.01398019223857016
1.8606174068636854,1.8606545647289676,0.023241687446907782
1.9639850405783346,1.8606545647289676,0.030100276705426136
2.0673526742929837,1.8606545647289676,0.03268522876057318
2.1707203080076343,1.8606545647289676,0.03024221963593044
2.2740879417222835,1.8606545647289676,0.02336301860332432
2.3774555754369326,1.8606545647289676,0.013812475834792408
2.4808232091515814,1.8606545647289676,0.004015490932379346
2.5841908428662306,1.8606545647289676,-0.0036266623338649323
2.6875584765808798,1.8606545647289676,-0.007374077437666668
2.790926110295529,1.8606545647289676,-0.006549789956330232
2.894293744010178,1.8606545647289676,-0.0016030729824453886
2.997661377724827,1.8606545647289676,0.006150619778219402
3.101029011439476,1.8606545647289676,0.014993988768960714
3.2043966451541253,1.8606545647289676,0.02330186792867776
3.3077642788687744,1.8606545647289676,0.02990023478580464
3.411131912583425,1.8606545647289676,0.03419390677689725
3.514499546298074,1.8606545647289676,0.03606475190902931
3.6178671800127233,1.8606545647289676,0.035631864067505375
3.7212348137273725,1.8606545647289676,0.033012133899845454
3.8246024474420213,1.8606545647289676,0.028206959804108925
3.9279700811566705,1.8606545647289676,0.021174801063033197
4.031337714871319,1.8606545647289676,0.012057054605057873
4.134705348585968,1.8606545647289676,0.0014440675308856124
4.238072982300618,1.8606545647289676,-0.009467120342766215
4.341440616015267,1.8606545647289676,-0.018944543370857197
4.444808249729916,1.8606545647289676,-0.025061301542295224
4.548175883444565,1.8606545647289676,-0.026233730623008492
4.651543517159214,1.8606545647289676,-0.021793708976542918
4.754911150873865,1.8606545647289676,-0.012389722700022806
4.858278784588514,1.8606545647289676,-0.00004306071207637095
4.961646418303163,1.8606545647289676,0.01221514081190736
5.065014052017812,1.8606545647289676,0.021064015899477165
5.168381685732461,1.8606545647289676,0.02378101510613768
5.27174931944711,1.8606545647289676,0.019035839709510536
5.3751169531617595,1.8606545647289676,0.007338528784479729
5.478484586876409,1.8606545647289676,-0.009015491524078562
5.581852220591058,1.8606545647289676,-0.026509684177537383
5.685219854305707,1.8606545647289676,-0.041327234702612785
5.788587488020356,1.8606545647289676,-0.050360993974375046
5.8919551217350055,1.8606545647289676,-0.05201373597749675
5.995322755449654,1.8606545647289676,-0.04655372182344246
6.098690389164305,1.8606545647289676,-0.03592963253933424
6.202058022878954,1.8606545647289676,-0.02311810494067709
6.305425656593603,1.8606545647289676,-0.011220910738830548
6.408793290308252,1.8606545647289676,-0.002600215700392596
-6.408793290308252,1.9640242627694657,-0.005852773343455469
-6.305425656593603,1.9640242627694657,-0.005547333694428686
-6.202058022878954,1.9640242627694657,-0.007372645320598742
-6.098690389164304,1.9640242627694657,-0.009817250877045125
-5.995322755449655,1.9640242627694657,-0.011488349356692764
-5.8919551217350055,1.9640242627694657,-0.011627671249436365
-5.788587488020356,1.9640242627694657,-0.010356554403610744
-5.685219854305708,1.9640242627694657,-0.00857013474386422
-5.581852220591058,1.9640242627694657,-0.007527882178964473
-5.478484586876409,1.9640242627694657,-0.008297271787826944
-5.3751169531617595,1.9640242627694657,-0.011260494802870799
-5.27174931944711,1.9640242627694657,-0.015871924157557015
-5.168381685732461,1.9640242627694657,-0.02076424248082579
-5.065014052017812,1.9640242627694657,-0.024175362334426274
-4.961646418303163,1.9640242627694657,-0.024551084338354262
-4.858278784588514,1.9640242627694657,-0.02111167145410129
-4.754911150873865,1.9640242627694657,-0.014178449172221552
-4.651543517159215,1.9640242627694657,-0.00513719779035641
-4.548175883444566,1.9640242627694657,0.003959261691086083
-4.444808249729917,1.9640242627694657,0.011020208934934057
-4.341440616015267,1.9640242627694657,0.014565848174473218
-4.238072982300618,1.9640242627694657,0.01417429534781959
-4.134705348585968,1.9640242627694657,0.010573378279332975
-4.031337714871319,1.9640242627694657,0.005346525569386424
-3.9279700811566705,1.9640242627694657,0.0003564806687612511
-3.8246024474420213,1.9640242627694657,-0.002910357483351002
-3.7212348137273725,1.9640242627694657,-0.003847745680916381
-3.6178671800127233,1.9640242627694657,-0.002903291884988288
-3.514499546298074,1.9640242627694657,-0.0013602674522804822
-3.411131912583425,1.9640242627694657,-0.0008053910423579955
-3.3077642788687753,1.9640242627694657,-0.0024741256851665092
-3.204396645154126,1.9640242627694657,-0.00671223394204085
-3.101029011439477,1.9640242627694657,-0.012755365434667805
-2.9976613777248278,1.9640242627694657,-0.018918967651997888
-2.8942937440101786,1.9640242627694657,-0.02314612295643765
-2.790926110295529,1.9640242627694657,-0.023731262508953927
-2.6875584765808798,1.9640242627694657,-0.019968889062603287
-2.5841908428662306,1.9640242627694657,-0.012493784163788458
-2.4808232091515814,1.9640242627694657,-0.0031784544698641027
-2.3774555754369326,1.9640242627694657,0.005397922553448447
-2.2740879417222835,1.9640242627694657,0.0107473018231479
-2.1707203080076334,1.9640242627694657,0.011279745817155327
-2.067352674292984,1.9640242627694657,0.006851481046219312
-1.9639850405783352,1.9640242627694657,-0.0011343309741194596
-1.8606174068636863,1.9640242627694657,-0.010118243596222182
-1.757249773149037,1.9640242627694657,-0.01714982782545009
-1.6538821394343879,1.9640242627694657,-0.019787080366114058
-1.550514505719738,1.9640242627694657,-0.0168442584128411
-1.447146872005089,1.9640242627694657,-0.008751155720229102
-1.3437792382904399,1.9640242627694657,0.0025869435923090277
-1.2404116045757907,1.9640242627694657,0.014377835947095597
-1.1370439708611417,1.9640242627694657,0.02378554104236335
-1.0336763371464925,1.9640242627694657,0.028756434484886587
-0.9303087034318435,1.9640242627694657,0.028569376178852773
-0.8269410697171936,1.9640242627694657,0.023947839769719672
-0.7235734360025445,1.9640242627694657,0.016719513375825976
-0.6202058022878953,1.9640242627694657,0.009156554649207472
-0.5168381685732463,1.9640242627694657,0.0032283861765693964
-0.4134705348585972,1.9640242627694657,0.000016960269182492587
-0.31010290114394806,1.9640242627694657,-0.0005218510854306044
-0.2067352674292982,1.9640242627694657,0.0006073256464209659
-0.1033676337146491,1.9640242627694657,0.0019268208226152213
0.,1.9640242627694657,0.002106140528791329
0.1033676337146491,1.9640242627694657,0.00048822898277545433
0.2067352674292982,1.9640242627694657,-0.0026625350918689198
0.31010290114394734,1.9640242627694657,-0.00626957005256126
0.4134705348585964,1.9640242627694657,-0.008859702667204707
0.5168381685732455,1.9640242627694657,-0.00912609140609379
0.6202058022878947,1.9640242627694657,-0.006430222505276484
0.7235734360025438,1.9640242627694657,-0.0010605997176681046
0.8269410697171944,1.9640242627694657,0.005844010996300749
0.9303087034318435,1.9640242627694657,0.012677361633779272
1.0336763371464925,1.9640242627694657,0.017915721771373634
1.1370439708611417,1.9640242627694657,0.020637578513566807
1.2404116045757907,1.9640242627694657,0.020827553116926665
1.3437792382904399,1.9640242627694657,0.01935673181537073
1.447146872005089,1.9640242627694657,0.017646815712260684
1.550514505719738,1.9640242627694657,0.017137289039889873
1.6538821394343872,1.9640242627694657,0.018743961977914492
1.7572497731490362,1.9640242627694657,0.02249996756137907
1.8606174068636854,1.9640242627694657,0.027506317587091374
1.9639850405783346,1.9640242627694657,0.03221145824048209
2.0673526742929837,1.9640242627694657,0.03492579804669528
2.1707203080076343,1.9640242627694657,0.034397215281439575
2.2740879417222835,1.9640242627694657,0.03025410153730802
2.3774555754369326,1.9640242627694657,0.023169118486527678
2.4808232091515814,1.9640242627694657,0.014692153080061013
2.5841908428662306,1.9640242627694657,0.00681119871847138
2.6875584765808798,1.9640242627694657,0.0013870874027848241
2.790926110295529,1.9640242627694657,-0.0003567216068161911
2.894293744010178,1.9640242627694657,0.0018653018469078709
2.997661377724827,1.9640242627694657,0.007387774115332267
3.101029011439476,1.9640242627694657,0.01484885726261968
3.2043966451541253,1.9640242627694657,0.0226075184929734
3.3077642788687744,1.9640242627694657,0.029176431187101063
3.411131912583425,1.9640242627694657,0.03353500546578412
3.514499546298074,1.9640242627694657,0.03524495942571616
3.6178671800127233,1.9640242627694657,0.03437077346744893
3.7212348137273725,1.9640242627694657,0.031278184767498135
3.8246024474420213,1.9640242627694657,0.026419387666679433
3.9279700811566705,1.9640242627694657,0.020202222825915724
4.031337714871319,1.9640242627694657,0.01298938159051669
4.134705348585968,1.9640242627694657,0.005205061855054741
4.238072982300618,1.9640242627694657,-0.0025302958992231696
4.341440616015267,1.9640242627694657,-0.009337310930381657
4.444808249729916,1.9640242627694657,-0.014161944406351308
4.548175883444565,1.9640242627694657,-0.016019256269438054
4.651543517159214,1.9640242627694657,-0.014333614968195222
4.754911150873865,1.9640242627694657,-0.009254470524758055
4.858278784588514,1.9640242627694657,-0.001812047938091329
4.961646418303163,1.9640242627694657,0.006184246785272042
5.065014052017812,1.9640242627694657,0.012520251027950364
5.168381685732461,1.9640242627694657,0.01514219435135529
5.27174931944711,1.9640242627694657,0.012752019580308242
5.3751169531617595,1.9640242627694657,0.0052435249883482716
5.478484586876409,1.9640242627694657,-0.006174938821141336
5.581852220591058,1.9640242627694657,-0.01923448564493765
5.685219854305707,1.9640242627694657,-0.03118113189263354
5.788587488020356,1.9640242627694657,-0.0395107290755561
5.8919551217350055,1.9640242627694657,-0.042643817628846704
5.995322755449654,1.9640242627694657,-0.04033366673118587
6.098690389164305,1.9640242627694657,-0.03368197595966031
6.202058022878954,1.9640242627694657,-0.024760647703317915
6.305425656593603,1.9640242627694657,-0.01596382768550523
6.408793290308252,1.9640242627694657,-0.009299807141758416
-6.408793290308252,2.067393960809964,-0.006611647481048519
-6.305425656593603,2.067393960809964,-0.006707313572418075
-6.202058022878954,2.067393960809964,-0.009287304436589821
-6.098690389164304,2.067393960809964,-0.012808254167277157
-5.995322755449655,2.067393960809964,-0.015562780712375627
-5.8919551217350055,2.067393960809964,-0.016300090921225897
-5.788587488020356,2.067393960809964,-0.014656402232153658
-5.685219854305708,2.067393960809964,-0.011248628355015099
-5.581852220591058,2.067393960809964,-0.007406043733369046
-5.478484586876409,2.067393960809964,-0.004643627977853049
-5.3751169531617595,2.067393960809964,-0.004071929570396698
-5.27174931944711,2.067393960809964,-0.005959459716689488
-5.168381685732461,2.067393960809964,-0.00960753497230288
-5.065014052017812,2.067393960809964,-0.013584265204811858
-4.961646418303163,2.067393960809964,-0.01623448839471943
-4.858278784588514,2.067393960809964,-0.016282322503180284
-4.754911150873865,2.067393960809964,-0.013308539756367435
-4.651543517159215,2.067393960809964,-0.007928711409092865
-4.548175883444566,2.067393960809964,-0.001604638738934084
-4.444808249729917,2.067393960809964,0.003846960455907938
-4.341440616015267,2.067393960809964,0.006875256618515945
-4.238072982300618,2.067393960809964,0.0067246349788448465
-4.134705348585968,2.067393960809964,0.003683016739629461
-4.031337714871319,2.067393960809964,-0.0010404306527485906
-3.9279700811566705,2.067393960809964,-0.005764759809693838
-3.8246024474420213,2.067393960809964,-0.0089518929832079
-3.7212348137273725,2.067393960809964,-0.009763283299347983
-3.6178671800127233,2.067393960809964,-0.008354385702705693
-3.514499546298074,2.067393960809964,-0.005796082226669189
-3.411131912583425,2.067393960809964,-0.003647315161768753
-3.3077642788687753,2.067393960809964,-0.003331905615772256
-3.204396645154126,2.067393960809964,-0.005548206911223043
-3.101029011439477,2.067393960809964,-0.009934407868939973
-2.9976613777248278,2.067393960809964,-0.015125211838242345
-2.8942937440101786,2.067393960809964,-0.01919666739830265
-2.790926110295529,2.067393960809964,-0.020353729749636673
-2.6875584765808798,2.067393960809964,-0.017620601096622616
-2.5841908428662306,2.067393960809964,-0.011282210151331956
-2.4808232091515814,2.067393960809964,-0.0029029894225080077
-2.3774555754369326,2.067393960809964,0.005108451869979955
-2.2740879417222835,2.067393960809964,0.01026134114076016
-2.1707203080076334,2.067393960809964,0.010824047878702264
-2.067352674292984,2.067393960809964,0.006459163625508798
-1.9639850405783352,2.067393960809964,-0.0015738897180711856
-1.8606174068636863,2.067393960809964,-0.010736164815978633
-1.757249773149037,2.067393960809964,-0.01796120282981833
-1.6538821394343879,2.067393960809964,-0.0206082890873399
-1.550514505719738,2.067393960809964,-0.01731051555939517
-1.447146872005089,2.067393960809964,-0.00843956926416574
-1.3437792382904399,2.067393960809964,0.003969236321357559
-1.2404116045757907,2.067393960809964,0.01681311772184061
-1.1370439708611417,2.067393960809964,0.02685032095362702
-1.0336763371464925,2.067393960809964,0.031663623866543374
-0.9303087034318435,2.067393960809964,0.03035121027686937
-0.8269410697171936,2.067393960809964,0.023728630770657996
-0.7235734360025445,2.067393960809964,0.013987783622177043
-0.6202058022878953,2.067393960809964,0.0039374094887747275
-0.5168381685732463,2.067393960809964,-0.003915298633543182
-0.4134705348585972,2.067393960809964,-0.008135518686694734
-0.31010290114394806,2.067393960809964,-0.008733744747314302
-0.2067352674292982,2.067393960809964,-0.00702954433987828
-0.1033676337146491,2.067393960809964,-0.005068784218666316
0.,2.067393960809964,-0.004806734397377406
0.1033676337146491,2.067393960809964,-0.007344733282217315
0.2067352674292982,2.067393960809964,-0.012484504334188979
0.31010290114394734,2.067393960809964,-0.018751240329902674
0.4134705348585964,2.067393960809964,-0.02387392358222382
0.5168381685732455,2.067393960809964,-0.025555054036697507
0.6202058022878947,2.067393960809964,-0.02226504831119697
0.7235734360025438,2.067393960809964,-0.013791068449819678
0.8269410697171944,2.067393960809964,-0.0013563357395880145
0.9303087034318435,2.067393960809964,0.012726780726571883
1.0336763371464925,2.067393960809964,0.02574951495498059
1.1370439708611417,2.067393960809964,0.03541145300111671
1.2404116045757907,2.067393960809964,0.04047123268750124
1.3437792382904399,2.067393960809964,0.041035354923872246
1.447146872005089,2.067393960809964,0.03840403994099918
1.550514505719738,2.067393960809964,0.034543658423999916
1.6538821394343872,2.067393960809964,0.03137788093294661
1.7572497731490362,2.067393960809964,0.030143368809389462
1.8606174068636854,2.067393960809964,0.031024283441975865
1.9639850405783346,2.067393960809964,0.03317647738741682
2.0673526742929837,2.067393960809964,0.035114605876772925
2.1707203080076343,2.067393960809964,0.03531188668913049
2.2740879417222835,2.067393960809964,0.03279485093023513
2.3774555754369326,2.067393960809964,0.027525495434332074
2.4808232091515814,2.067393960809964,0.02044460869235936
2.5841908428662306,2.067393960809964,0.013171994852159054
2.6875584765808798,2.067393960809964,0.00747805963501405
2.790926110295529,2.067393960809964,0.004715551915787052
2.894293744010178,2.067393960809964,0.005405949461873375
2.997661377724827,2.067393960809964,0.009112767302546532
3.101029011439476,2.067393960809964,0.01462858600308444
3.2043966451541253,2.067393960809964,0.020392885696488776
3.3077642788687744,2.067393960809964,0.024982920968722108
3.411131912583425,2.067393960809964,0.027505041186817344
3.514499546298074,2.067393960809964,0.027761670424527533
3.6178671800127233,2.067393960809964,0.026159428560614637
3.7212348137273725,2.067393960809964,0.023421617739347953
3.8246024474420213,2.067393960809964,0.02023693729108894
3.9279700811566705,2.067393960809964,0.01699116250069105
4.031337714871319,2.067393960809964,0.01368576558820144
4.134705348585968,2.067393960809964,0.010065075125075058
4.238072982300618,2.067393960809964,0.005884380262050644
4.341440616015267,2.067393960809964,0.0011905157166680975
4.444808249729916,2.067393960809964,-0.0035219520622673983
4.548175883444565,2.067393960809964,-0.007367805948132926
4.651543517159214,2.067393960809964,-0.009343789621452972
4.754911150873865,2.067393960809964,-0.00872692703282509
4.858278784588514,2.067393960809964,-0.005447237190629735
4.961646418303163,2.067393960809964,-0.00027807852279754903
5.065014052017812,2.067393960809964,0.005257105721157816
5.168381685732461,2.067393960809964,0.009264294522761136
5.27174931944711,2.067393960809964,0.010040520215406218
5.3751169531617595,2.067393960809964,0.006637815669590978
5.478484586876409,2.067393960809964,-0.0007654657045082281
5.581852220591058,2.067393960809964,-0.010827003426542737
5.685219854305707,2.067393960809964,-0.02137085110694257
5.788587488020356,2.067393960809964,-0.029996271095717456
5.8919551217350055,2.067393960809964,-0.03477770587850544
5.995322755449654,2.067393960809964,-0.03483171685026778
6.098690389164305,2.067393960809964,-0.030565473447697084
6.202058022878954,2.067393960809964,-0.023524034696912166
6.305425656593603,2.067393960809964,-0.01588600841100952
6.408793290308252,2.067393960809964,-0.009774070980858088
-6.408793290308252,2.170763658850462,0.00016260633269626757
-6.305425656593603,2.170763658850462,-0.0010754306897638893
-6.202058022878954,2.170763658850462,-0.005750413668644551
-6.098690389164304,2.170763658850462,-0.011933054448779684
-5.995322755449655,2.170763658850462,-0.017274509486735715
-5.8919551217350055,2.170763658850462,-0.019808252591270593
-5.788587488020356,2.170763658850462,-0.01859547461819323
-5.685219854305708,2.170763658850462,-0.014000801381644107
-5.581852220591058,2.170763658850462,-0.007516578151716995
-5.478484586876409,2.170763658850462,-0.0012106769445404712
-5.3751169531617595,2.170763658850462,0.0029999320782203064
-5.27174931944711,2.170763658850462,0.003993369455354313
-5.168381685732461,2.170763658850462,0.0017845950945803337
-5.065014052017812,2.170763658850462,-0.0025432030852428483
-4.961646418303163,2.170763658850462,-0.0072781751817892195
-4.858278784588514,2.170763658850462,-0.0107211943378247
-4.754911150873865,2.170763658850462,-0.011793352550341434
-4.651543517159215,2.170763658850462,-0.010392868217107625
-4.548175883444566,2.170763658850462,-0.007380891842007363
-4.444808249729917,2.170763658850462,-0.004213179299409935
-4.341440616015267,2.170763658850462,-0.002363164634078001
-4.238072982300618,2.170763658850462,-0.0027552142317420593
-4.134705348585968,2.170763658850462,-0.005418884786848781
-4.031337714871319,2.170763658850462,-0.00948964332499626
-3.9279700811566705,2.170763658850462,-0.013550701700752342
-3.8246024474420213,2.170763658850462,-0.01618277900101465
-3.7212348137273725,2.170763658850462,-0.016510933867511096
-3.6178671800127233,2.170763658850462,-0.014538875373940593
-3.514499546298074,2.170763658850462,-0.011141142602796705
-3.411131912583425,2.170763658850462,-0.007712966634192155
-3.3077642788687753,2.170763658850462,-0.005608698026989534
-3.204396645154126,2.170763658850462,-0.0055834424931849366
-3.101029011439477,2.170763658850462,-0.007456843933427525
-2.9976613777248278,2.170763658850462,-0.010139485103621984
-2.8942937440101786,2.170763658850462,-0.012028388524887945
-2.790926110295529,2.170763658850462,-0.01163698318192124
-2.6875584765808798,2.170763658850462,-0.00822892200620518
-2.5841908428662306,2.170763658850462,-0.0022114273024697226
-2.4808232091515814,2.170763658850462,0.004879498589714834
-2.3774555754369326,2.170763658850462,0.010827284254101883
-2.2740879417222835,2.170763658850462,0.01348298833341263
-2.1707203080076334,2.170763658850462,0.011561962760573991
-2.067352674292984,2.170763658850462,0.0052043105877110415
-1.9639850405783352,2.170763658850462,-0.0039183100358858095
-1.8606174068636863,2.170763658850462,-0.013019212129588042
-1.757249773149037,2.170763658850462,-0.019026928962521002
-1.6538821394343879,2.170763658850462,-0.019570547192955593
-1.550514505719738,2.170763658850462,-0.013795818475883369
-1.447146872005089,2.170763658850462,-0.002731070419774118
-1.3437792382904399,2.170763658850462,0.01093722490265985
-1.2404116045757907,2.170763658850462,0.023626497878687064
-1.1370439708611417,2.170763658850462,0.03192459719677337
-1.0336763371464925,2.170763658850462,0.03362128275462395
-0.9303087034318435,2.170763658850462,0.028370460504331427
-0.8269410697171936,2.170763658850462,0.017765949910904088
-0.7235734360025445,2.170763658850462,0.004804572895133977
-0.6202058022878953,2.170763658850462,-0.007088024163508062
-0.5168381685732463,2.170763658850462,-0.01514876391593075
-0.4134705348585972,2.170763658850462,-0.018126966185712187
-0.31010290114394806,2.170763658850462,-0.016614522889160956
-0.2067352674292982,2.170763658850462,-0.012751775153887831
-0.1033676337146491,2.170763658850462,-0.009412669175499997
0.,2.170763658850462,-0.009146036885290252
0.1033676337146491,2.170763658850462,-0.013230234305906481
0.2067352674292982,2.170763658850462,-0.02115928214597729
0.31010290114394734,2.170763658850462,-0.030733713058492672
0.4134705348585964,2.170763658850462,-0.038727598475901494
0.5168381685732455,2.170763658850462,-0.041912450064756114
0.6202058022878947,2.170763658850462,-0.03810233273714056
0.7235734360025438,2.170763658850462,-0.0268804502558508
0.8269410697171944,2.170763658850462,-0.009775478384993803
0.9303087034318435,2.170763658850462,0.010161655252441249
1.0336763371464925,2.170763658850462,0.029234930997040724
1.1370439708611417,2.170763658850462,0.04414622060881624
1.2404116045757907,2.170763658850462,0.05287185124255833
1.3437792382904399,2.170763658850462,0.05510667373819331
1.447146872005089,2.170763658850462,0.05216064034569055
1.550514505719738,2.170763658850462,0.046375710898624335
1.6538821394343872,2.170763658850462,0.04028322098949998
1.7572497731490362,2.170763658850462,0.03579377436449809
1.8606174068636854,2.170763658850462,0.0336823608637777
1.9639850405783346,2.170763658850462,0.03351509107358932
2.0673526742929837,2.170763658850462,0.03400422831235072
2.1707203080076343,2.170763658850462,0.033631892106293595
2.2740879417222835,2.170763658850462,0.03129986781047611
2.3774555754369326,2.170763658850462,0.026769359153656195
2.4808232091515814,2.170763658850462,0.020743968424718012
2.5841908428662306,2.170763658850462,0.014586383667360649
2.6875584765808798,2.170763658850462,0.00979328074019073
2.790926110295529,2.170763658850462,0.007435833003868454
2.894293744010178,2.170763658850462,0.007776943855460152
2.997661377724827,2.170763658850462,0.010202298723952891
3.101029011439476,2.170763658850462,0.013480151470637032
3.2043966451541253,2.170763658850462,0.01624077058524472
3.3077642788687744,2.170763658850462,0.017486597133701407
3.411131912583425,2.170763658850462,0.016937156257831133
3.514499546298074,2.170763658850462,0.0150799443545296
3.6178671800127233,2.170763658850462,0.012913677072489143
3.7212348137273725,2.170763658850462,0.011489632414662972
3.8246024474420213,2.170763658850462,0.011435277611758762
3.9279700811566705,2.170763658850462,0.01265224604738642
4.031337714871319,2.170763658850462,0.014314725168087534
4.134705348585968,2.170763658850462,0.015178774189722575
4.238072982300618,2.170763658850462,0.014091121294692834
4.341440616015267,2.170763658850462,0.010503639955303632
4.444808249729916,2.170763658850462,0.004788941837000283
4.548175883444565,2.170763658850462,-0.0017807570931678363
4.651543517159214,2.170763658850462,-0.0074078940092969165
4.754911150873865,2.170763658850462,-0.01038069037030205
4.858278784588514,2.170763658850462,-0.009709797176348444
4.961646418303163,2.170763658850462,-0.005557772729902678
5.065014052017812,2.170763658850462,0.0007085059679663674
5.168381685732461,2.170763658850462,0.006885416273641922
5.27174931944711,2.170763658850462,0.010615482591966636
5.3751169531617595,2.170763658850462,0.010164866060671735
5.478484586876409,2.170763658850462,0.005032386624527354
5.581852220591058,2.170763658850462,-0.003824582635901868
5.685219854305707,2.170763658850462,-0.014237501331366321
5.788587488020356,2.170763658850462,-0.023478566347411117
5.8919551217350055,2.170763658850462,-0.029109558688459623
5.995322755449654,2.170763658850462,-0.02974971148914517
6.098690389164305,2.170763658850462,-0.02550804331469574
6.202058022878954,2.170763658850462,-0.017935726869580223
6.305425656593603,2.170763658850462,-0.009513944861874834
6.408793290308252,2.170763658850462,-0.0028479073774758624
-6.408793290308252,2.2741333568909603,0.012777849687980892
-6.305425656593603,2.2741333568909603,0.009521342838095886
-6.202058022878954,2.2741333568909603,0.0017178206835729531
-6.098690389164304,2.2741333568909603,-0.00804397401451072
-5.995322755449655,2.2741333568909603,-0.016638425936855605
-5.8919551217350055,2.2741333568909603,-0.021405376381170432
-5.788587488020356,2.2741333568909603,-0.02096824313882759
-5.685219854305708,2.2741333568909603,-0.015609342939074702
-5.581852220591058,2.2741333568909603,-0.007098734736765291
-5.478484586876409,2.2741333568909603,0.0019426764220429335
-5.3751169531617595,2.2741333568909603,0.008914305690553053
-5.27174931944711,2.2741333568909603,0.012042811796765727
-5.168381685732461,2.2741333568909603,0.010862802823193074
-5.065014052017812,2.2741333568909603,0.006233167243971515
-4.961646418303163,2.2741333568909603,-0.00008392519904830505
-4.858278784588514,2.2741333568909603,-0.006106440092861024
-4.754911150873865,2.2741333568909603,-0.010323545559763291
-4.651543517159215,2.2741333568909603,-0.012152822659492466
-4.548175883444566,2.2741333568909603,-0.012019894797535733
-4.444808249729917,2.2741333568909603,-0.011060786269790393
-4.341440616015267,2.2741333568909603,-0.010584114645598474
-4.238072982300618,2.2741333568909603,-0.011510639131502227
-4.134705348585968,2.2741333568909603,-0.01400452962959183
-4.031337714871319,2.2741333568909603,-0.01742805081137815
-3.9279700811566705,2.2741333568909603,-0.020622317786888777
-3.8246024474420213,2.2741333568909603,-0.02239088214181199
-3.7212348137273725,2.2741333568909603,-0.021987500469051974
-3.6178671800127233,2.2741333568909603,-0.019412212576750295
-3.514499546298074,2.2741333568909603,-0.015398744493579806
-3.411131912583425,2.2741333568909603,-0.011100393836268891
-3.3077642788687753,2.2741333568909603,-0.007602952616686109
-3.204396645154126,2.2741333568909603,-0.0054647654523038245
-3.101029011439477,2.2741333568909603,-0.004477260557255728
-2.9976613777248278,2.2741333568909603,-0.0037553773468263084
-2.8942937440101786,2.2741333568909603,-0.0021369983796539578
-2.790926110295529,2.2741333568909603,0.001256935424262235
-2.6875584765808798,2.2741333568909603,0.006524841931701316
-2.5841908428662306,2.2741333568909603,0.012763718484560371
-2.4808232091515814,2.2741333568909603,0.018246010770355568
-2.3774555754369326,2.2741333568909603,0.020968347774478903
-2.2740879417222835,2.2741333568909603,0.01939922387260467
-2.1707203080076334,2.2741333568909603,0.013160424868384812
-2.067352674292984,2.2741333568909603,0.003377273582771941
-1.9639850405783352,2.2741333568909603,-0.007468884454901412
-1.8606174068636863,2.2741333568909603,-0.016186167526444282
-1.757249773149037,2.2741333568909603,-0.019837621264637624
-1.6538821394343879,2.2741333568909603,-0.01672178929748762
-1.550514505719738,2.2741333568909603,-0.007035833759338217
-1.447146872005089,2.2741333568909603,0.00702492243097908
-1.3437792382904399,2.2741333568909603,0.02180112850424603
-1.2404116045757907,2.2741333568909603,0.033198454088723434
-1.1370439708611417,2.2741333568909603,0.03790143133409277
-1.0336763371464925,2.2741333568909603,0.03438798774153479
-0.9303087034318435,2.2741333568909603,0.023412415955202055
-0.8269410697171936,2.2741333568909603,0.007788587086599237
-0.7235734360025445,2.2741333568909603,-0.008470582360643516
-0.6202058022878953,2.2741333568909603,-0.021390660976405216
-0.5168381685732463,2.2741333568909603,-0.028256758438593464
-0.4134705348585972,2.2741333568909603,-0.028425468116122315
-0.31010290114394806,2.2741333568909603,-0.023464876393739044
-0.2067352674292982,2.2741333568909603,-0.01657696569596825
-0.1033676337146491,2.2741333568909603,-0.011490076898067622
0.,2.2741333568909603,-0.011181690383925252
0.1033676337146491,2.2741333568909603,-0.016846648562651313
0.2067352674292982,2.2741333568909603,-0.02744514088573646
0.31010290114394734,2.2741333568909603,-0.03997537863462901
0.4134705348585964,2.2741333568909603,-0.05038079268579711
0.5168381685732455,2.2741333568909603,-0.054798312097598084
0.6202058022878947,2.2741333568909603,-0.05074900089781031
0.7235734360025438,2.2741333568909603,-0.037897942314434975
0.8269410697171944,2.2741333568909603,-0.018155864512664405
0.9303087034318435,2.2741333568909603,0.0048897575601817905
1.0336763371464925,2.2741333568909603,0.027013784177620046
1.1370439708611417,2.2741333568909603,0.04452193203869042
1.2404116045757907,2.2741333568909603,0.05518341806178959
1.3437792382904399,2.2741333568909603,0.05865739697117256
1.447146872005089,2.2741333568909603,0.05632110083190944
1.550514505719738,2.2741333568909603,0.05060619239157311
1.6538821394343872,2.2741333568909603,0.04410152297477238
1.7572497731490362,2.2741333568909603,0.038736595525064435
1.8606174068636854,2.2741333568909603,0.035306570550304325
1.9639850405783346,2.2741333568909603,0.033460832425537136
2.0673526742929837,2.2741333568909603,0.03210562133995853
2.1707203080076343,2.2741333568909603,0.030028767936041558
2.2740879417222835,2.2741333568909603,0.026489972810218882
2.3774555754369326,2.2741333568909603,0.021552482329875357
2.4808232091515814,2.2741333568909603,0.016045049181347266
2.5841908428662306,2.2741333568909603,0.011191829201217697
2.6875584765808798,2.2741333568909603,0.008075942503302848
2.790926110295529,2.2741333568909603,0.007162658008368342
2.894293744010178,2.2741333568909603,0.008079641080933939
2.997661377724827,2.2741333568909603,0.009746954267128514
3.101029011439476,2.2741333568909603,0.01080935431791022
3.2043966451541253,2.2741333568909603,0.010201626202861334
3.3077642788687744,2.2741333568909603,0.007620875888986035
3.411131912583425,2.2741333568909603,0.0037101018064541413
3.514499546298074,2.2741333568909603,-0.00013549058095273592
3.6178671800127233,2.2741333568909603,-0.00228352647886956
3.7212348137273725,2.2741333568909603,-0.001517237841661224
3.8246024474420213,2.2741333568909603,0.0024198770809604297
3.9279700811566705,2.2741333568909603,0.00860480244753324
4.031337714871319,2.2741333568909603,0.015146896825691201
4.134705348585968,2.2741333568909603,0.0197808235235672
4.238072982300618,2.2741333568909603,0.020646344617712323
4.341440616015267,2.2741333568909603,0.01698181180048044
4.444808249729916,2.2741333568909603,0.009475386149504283
4.548175883444565,2.2741333568909603,0.00012855025497017614
4.651543517159214,2.2741333568909603,-0.008346252985954703
4.754911150873865,2.2741333568909603,-0.013405983703011527
4.858278784588514,2.2741333568909603,-0.013541816127646492
4.961646418303163,2.2741333568909603,-0.008828760031042972
5.065014052017812,2.2741333568909603,-0.0009590039419597847
5.168381685732461,2.2741333568909603,0.007270591937977359
5.27174931944711,2.2741333568909603,0.012859876199100005
5.3751169531617595,2.2741333568909603,0.01360148033174395
5.478484586876409,2.2741333568909603,0.008837995046070371
5.581852220591058,2.2741333568909603,-0.0002795603724744607
5.685219854305707,2.2741333568909603,-0.011128245508036714
5.788587488020356,2.2741333568909603,-0.020442288306674595
5.8919551217350055,2.2741333568909603,-0.025365862375392893
5.995322755449654,2.2741333568909603,-0.024383210450251592
6.098690389164305,2.2741333568909603,-0.017818249041949716
6.202058022878954,2.2741333568909603,-0.007737693581165628
6.305425656593603,2.2741333568909603,0.0027106191065059022
6.408793290308252,2.2741333568909603,0.010305782779076926
-6.408793290308252,2.3775030549314584,0.02742442145875238
-6.305425656593603,2.3775030549314584,0.021442990959919164
-6.202058022878954,2.3775030549314584,0.010164610110546687
-6.098690389164304,2.3775030549314584,-0.0030758090854655826
-5.995322755449655,2.3775030549314584,-0.014495989663497329
-5.8919551217350055,2.3775030549314584,-0.02101800920422524
-5.788587488020356,2.3775030549314584,-0.02115311809150542
-5.685219854305708,2.3775030549314584,-0.01535352119051592
-5.581852220591058,2.3775030549314584,-0.005748344364295671
-5.478484586876409,2.3775030549314584,0.004616551798883744
-5.3751169531617595,2.3775030549314584,0.012761794820268384
-5.27174931944711,2.3775030549314584,0.016652193363226025
-5.168381685732461,2.3775030549314584,0.015696811501420084
-5.065014052017812,2.3775030549314584,0.010743074842394909
-4.961646418303163,2.3775030549314584,0.0036142231370214894
-4.858278784588514,2.3775030549314584,-0.00361148485215131
-4.754911150873865,2.3775030549314584,-0.009310512576835238
-4.651543517159215,2.3775030549314584,-0.012770705201961358
-4.548175883444566,2.3775030549314584,-0.014262836896118625
-4.444808249729917,2.3775030549314584,-0.014743810515445982
-4.341440616015267,2.3775030549314584,-0.015340281530875473
-4.238072982300618,2.3775030549314584,-0.016829868146293243
-4.134705348585968,2.3775030549314584,-0.019320400951020455
-4.031337714871319,2.3775030549314584,-0.022236610076712442
-3.9279700811566705,2.3775030549314584,-0.024596155132836948
-3.8246024474420213,2.3775030549314584,-0.02544312532107995
-3.7212348137273725,2.3775030549314584,-0.0242503826161064
-3.6178671800127233,2.3775030549314584,-0.02112270299361232
-3.514499546298074,2.3775030549314584,-0.016720628677041043
-3.411131912583425,2.3775030549314584,-0.011944247668591075
-3.3077642788687753,2.3775030549314584,-0.007518697706406504
-3.204396645154126,2.3775030549314584,-0.003667514460049836
-3.101029011439477,2.3775030549314584,-0.00002713406672990198
-2.9976613777248278,2.3775030549314584,0.004142691017864723
-2.8942937440101786,2.3775030549314584,0.009524308045545882
-2.790926110295529,2.3775030549314584,0.016259460200829887
-2.6875584765808798,2.3775030549314584,0.023633172750523495
-2.5841908428662306,2.3775030549314584,0.030092276921847422
-2.4808232091515814,2.3775030549314584,0.03364726639485345
-2.3774555754369326,2.3775030549314584,0.032555706212091924
-2.2740879417222835,2.3775030549314584,0.02605991210066777
-2.1707203080076334,2.3775030549314584,0.014901270375457331
-2.067352674292984,2.3775030549314584,0.0013835298583760828
-1.9639850405783352,2.3775030549314584,-0.01110289409419417
-1.8606174068636863,2.3775030549314584,-0.01899842952956403
-1.757249773149037,2.3775030549314584,-0.019669658972941456
-1.6538821394343879,2.3775030549314584,-0.012330963973243552
-1.550514505719738,2.3775030549314584,0.0015306216004870854
-1.447146872005089,2.3775030549314584,0.018408761716005514
-1.3437792382904399,2.3775030549314584,0.03367793794299423
-1.2404116045757907,2.3775030549314584,0.04289394277931694
-1.1370439708611417,2.3775030549314584,0.04310418393660402
-1.0336763371464925,2.3775030549314584,0.03375563949526166
-0.9303087034318435,2.3775030549314584,0.016901396709062537
-0.8269410697171936,2.3775030549314584,-0.003378436430543923
-0.7235734360025445,2.3775030549314584,-0.02217710578153005
-0.6202058022878953,2.3775030549314584,-0.035217351819802005
-0.5168381685732463,2.3775030549314584,-0.040111038373835534
-0.4134705348585972,2.3775030549314584,-0.03702792703355699
-0.31010290114394806,2.3775030549314584,-0.02856471805007777
-0.2067352674292982,2.3775030549314584,-0.018859054704432488
-0.1033676337146491,2.3775030549314584,-0.012232661874244342
0.,2.3775030549314584,-0.01179536193200856
0.1033676337146491,2.3775030549314584,-0.018449826572002104
0.2067352674292982,2.3775030549314584,-0.0306039836977063
0.31010290114394734,2.3775030549314584,-0.04466866856487384
0.4134705348585964,2.3775030549314584,-0.056168149936313645
0.5168381685732455,2.3775030549314584,-0.061101990603835275
0.6202058022878947,2.3775030549314584,-0.057128317502554586
0.7235734360025438,2.3775030549314584,-0.0442100168822464
0.8269410697171944,2.3775030549314584,-0.024549192079752202
0.9303087034318435,2.3775030549314584,-0.0018676876594025654
1.0336763371464925,2.3775030549314584,0.019705250544162594
1.1370439708611417,2.3775030549314584,0.03676854388029177
1.2404116045757907,2.3775030549314584,0.04745609191725723
1.3437792382904399,2.3775030549314584,0.05169469405996021
1.447146872005089,2.3775030549314584,0.050889016100833635
1.550514505719738,2.3775030549314584,0.047200228011947606
1.6538821394343872,2.3775030549314584,0.04270565467639697
1.7572497731490362,2.3775030549314584,0.03874001869291021
1.8606174068636854,2.3775030549314584,0.035626239102065985
1.9639850405783346,2.3775030549314584,0.0328440179842516
2.0673526742929837,2.3775030549314584,0.029518435156871903
2.1707203080076343,2.3775030549314584,0.024999009926367242
2.2740879417222835,2.3775030549314584,0.019280702921515583
2.3774555754369326,2.3775030549314584,0.01309536128635481
2.4808232091515814,2.3775030549314584,0.007642845519677954
2.5841908428662306,2.3775030549314584,0.004080270922719455
2.6875584765808798,2.3775030549314584,0.0029880377129197977
2.790926110295529,2.3775030549314584,0.00404432621632866
2.894293744010178,2.3775030549314584,0.006060427064332973
2.997661377724827,2.3775030549314584,0.0073875993842226146
3.101029011439476,2.3775030549314584,0.006555936274140544
3.2043966451541253,2.3775030549314584,0.0029047409845717946
3.3077642788687744,2.3775030549314584,-0.003047627929983779
3.411131912583425,2.3775030549314584,-0.00966121909162342
3.514499546298074,2.3775030549314584,-0.014672722048252993
3.6178671800127233,2.3775030549314584,-0.015981574121159137
3.7212348137273725,2.3775030549314584,-0.012453179504555299
3.8246024474420213,2.3775030549314584,-0.004444768502329361
3.9279700811566705,2.3775030549314584,0.006157481563693806
4.031337714871319,2.3775030549314584,0.016437378129087823
4.134705348585968,2.3775030549314584,0.02334199796791594
4.238072982300618,2.3775030549314584,0.02468051440168447
4.341440616015267,2.3775030549314584,0.01988857179803426
4.444808249729916,2.3775030549314584,0.010284533942347898
4.548175883444565,2.3775030549314584,-0.0012915891500925767
4.651543517159214,2.3775030549314584,-0.01135755184417673
4.754911150873865,2.3775030549314584,-0.016906975648293774
4.858278784588514,2.3775030549314584,-0.01639675267470653
4.961646418303163,2.3775030549314584,-0.010268803190915396
5.065014052017812,2.3775030549314584,-0.0008208753398787363
5.168381685732461,2.3775030549314584,0.008543006157504269
5.27174931944711,2.3775030549314584,0.014442180869261224
5.3751169531617595,2.3775030549314584,0.014656960628418677
5.478484586876409,2.3775030549314584,0.008893930024668678
5.581852220591058,2.3775030549314584,-0.0010814973140559206
5.685219854305707,2.3775030549314584,-0.011997075021376383
5.788587488020356,2.3775030549314584,-0.020134289242072705
5.8919551217350055,2.3775030549314584,-0.02255107090222715
5.995322755449654,2.3775030549314584,-0.018064581659515744
6.098690389164305,2.3775030549314584,-0.007669972128442669
6.202058022878954,2.3775030549314584,0.005743522670483186
6.305425656593603,2.3775030549314584,0.018286983955891924
6.408793290308252,2.3775030549314584,0.026285449532458743
-6.408793290308252,2.4808727529719565,0.039258044468163875
-6.305425656593603,2.4808727529719565,0.03031896603627027
-6.202058022878954,2.4808727529719565,0.016112928917904442
-6.098690389164304,2.4808727529719565,0.000566419109621626
-5.995322755449655,2.4808727529719565,-0.012242845605255386
-5.8919551217350055,2.4808727529719565,-0.019274667338431466
-5.788587488020356,2.4808727529719565,-0.019337387419169922
-5.685219854305708,2.4808727529719565,-0.013291414604186313
-5.581852220591058,2.4808727529719565,-0.0036210785790174926
-5.478484586876409,2.4808727529719565,0.006446725087285163
-5.3751169531617595,2.4808727529719565,0.013965726046021159
-5.27174931944711,2.4808727529719565,0.017101200166002636
-5.168381685732461,2.4808727529719565,0.015523341626080905
-5.065014052017812,2.4808727529719565,0.01028173891285188
-4.961646418303163,2.4808727529719565,0.003258523899125138
-4.858278784588514,2.4808727529719565,-0.0035703032197143382
-4.754911150873865,2.4808727529719565,-0.008793153136988238
-4.651543517159215,2.4808727529719565,-0.011923712526529438
-4.548175883444566,2.4808727529719565,-0.01337424408158691
-4.444808249729917,2.4808727529719565,-0.014099517171167648
-4.341440616015267,2.4808727529719565,-0.015084390016183974
-4.238072982300618,2.4808727529719565,-0.01688964636654938
-4.134705348585968,2.4808727529719565,-0.019428376274548423
-4.031337714871319,2.4808727529719565,-0.022040073972149347
-3.9279700811566705,2.4808727529719565,-0.023805440564784265
-3.8246024474420213,2.4808727529719565,-0.023950772303353744
-3.7212348137273725,2.4808727529719565,-0.022162548332876026
-3.6178671800127233,2.4808727529719565,-0.018679441784490734
-3.514499546298074,2.4808727529719565,-0.014129803610530975
-3.411131912583425,2.4808727529719565,-0.00919574689576354
-3.3077642788687753,2.4808727529719565,-0.004263545189508177
-3.204396645154126,2.4808727529719565,0.0007690131323127207
-3.101029011439477,2.4808727529719565,0.006420755157647421
-2.9976613777248278,2.4808727529719565,0.013296799702068172
-2.8942937440101786,2.4808727529719565,0.02162518156406363
-2.790926110295529,2.4808727529719565,0.03086167727616174
-2.6875584765808798,2.4808727529719565,0.039562007732063594
-2.5841908428662306,2.4808727529719565,0.0456350621169089
-2.4808232091515814,2.4808727529719565,0.04694882552225875
-2.3774555754369326,2.4808727529719565,0.04211325273387028
-2.2740879417222835,2.4808727529719565,0.031168232158980402
-2.1707203080076334,2.4808727529719565,0.01590157492082457
-2.067352674292984,2.4808727529719565,-0.00037856594414224017
-1.9639850405783352,2.4808727529719565,-0.013617830956249622
-1.8606174068636863,2.4808727529719565,-0.020144601646394176
-1.757249773149037,2.4808727529719565,-0.017818724157928914
-1.6538821394343879,2.4808727529719565,-0.0068255202087938996
-1.550514505719738,2.4808727529719565,0.010173836339902544
-1.447146872005089,2.4808727529719565,0.028635143906508915
-1.3437792382904399,2.4808727529719565,0.04333189504209977
-1.2404116045757907,2.4808727529719565,0.049824972686617224
-1.1370439708611417,2.4808727529719565,0.04575961926423982
-1.0336763371464925,2.4808727529719565,0.03158438830923315
-0.9303087034318435,2.4808727529719565,0.010455419431554747
-0.8269410697171936,2.4808727529719565,-0.012661035334526697
-0.7235734360025445,2.4808727529719565,-0.032423796430386925
-0.6202058022878953,2.4808727529719565,-0.04465457775962206
-0.5168381685732463,2.4808727529719565,-0.047508956148999595
-0.4134705348585972,2.4808727529719565,-0.04192557193383167
-0.31010290114394806,2.4808727529719565,-0.031225835137541524
-0.2067352674292982,2.4808727529719565,-0.020002918158476334
-0.1033676337146491,2.4808727529719565,-0.012658572070265942
0.,2.4808727529719565,-0.012048966945687275
0.1033676337146491,2.4808727529719565,-0.018654877381049307
0.2067352674292982,2.4808727529719565,-0.0305146179551048
0.31010290114394734,2.4808727529719565,-0.04391026265215256
0.4134705348585964,2.4808727529719565,-0.054560969387892844
0.5168381685732455,2.4808727529719565,-0.05892816774885347
0.6202058022878947,2.4808727529719565,-0.05522150488586411
0.7235734360025438,2.4808727529719565,-0.04381193454780348
0.8269410697171944,2.4808727529719565,-0.026965079898383898
0.9303087034318435,2.4808727529719565,-0.008031737424905743
1.0336763371464925,2.4808727529719565,0.009602061801000952
1.1370439708611417,2.4808727529719565,0.023448154140628116
1.2404116045757907,2.4808727529719565,0.03244372977290634
1.3437792382904399,2.4808727529719565,0.03694618277034711
1.447146872005089,2.4808727529719565,0.0382623489569378
1.550514505719738,2.4808727529719565,0.03793596451847061
1.6538821394343872,2.4808727529719565,0.03708335525686973
1.7572497731490362,2.4808727529719565,0.036023965830607275
1.8606174068636854,2.4808727529719565,0.03432050741299565
1.9639850405783346,2.4808727529719565,0.03117569686041461
2.0673526742929837,2.4808727529719565,0.025992734478115787
2.1707203080076343,2.4808727529719565,0.018846709207276352
2.2740879417222835,2.4808727529719565,0.010655060365324959
2.3774555754369326,2.4808727529719565,0.0029599372263636324
2.4808232091515814,2.4808727529719565,-0.002604778594220718
2.5841908428662306,2.4808727529719565,-0.004955671737924708
2.6875584765808798,2.4808727529719565,-0.004050302505947504
2.790926110295529,2.4808727529719565,-0.0010116287713437212
2.894293744010178,2.4808727529719565,0.0021954800434647393
2.997661377724827,2.4808727529719565,0.0034468656526437345
3.101029011439476,2.4808727529719565,0.0012670136253025621
3.2043966451541253,2.4808727529719565,-0.0045352536838831415
3.3077642788687744,2.4808727529719565,-0.012656014148649388
3.411131912583425,2.4808727529719565,-0.020621691211991637
3.514499546298074,2.4808727529719565,-0.025571968183091678
3.6178671800127233,2.4808727529719565,-0.0252501861057806
3.7212348137273725,2.4808727529719565,-0.01886169000630384
3.8246024474420213,2.4808727529719565,-0.007488375876523859
3.9279700811566705,2.4808727529719565,0.00611239586189112
4.031337714871319,2.4808727529719565,0.018289661730281615
4.134705348585968,2.4808727529719565,0.02562361846056142
4.238072982300618,2.4808727529719565,0.026027384071839646
4.341440616015267,2.4808727529719565,0.019453861040746995
4.444808249729916,2.4808727529719565,0.007957574691803766
4.548175883444565,2.4808727529719565,-0.004927659595697851
4.651543517159214,2.4808727529719565,-0.015304532668254597
4.754911150873865,2.4808727529719565,-0.020160419391390526
4.858278784588514,2.4808727529719565,-0.01833538501705232
4.961646418303163,2.4808727529719565,-0.010884599411268417
5.065014052017812,2.4808727529719565,-0.0007080931344627494
5.168381685732461,2.4808727529719565,0.008435322204041229
5.27174931944711,2.4808727529719565,0.013205690223417393
5.3751169531617595,2.4808727529719565,0.011826226974031014
5.478484586876409,2.4808727529719565,0.00471052107373742
5.581852220591058,2.4808727529719565,-0.0056412872398280195
5.685219854305707,2.4808727529719565,-0.015448931825717497
5.788587488020356,2.4808727529719565,-0.020898842444260907
5.8919551217350055,2.4808727529719565,-0.019422072398631734
5.995322755449654,2.4808727529719565,-0.010582701520124782
6.098690389164305,2.4808727529719565,0.0037160802984516996
6.202058022878954,2.4808727529719565,0.019777101708871057
6.305425656593603,2.4808727529719565,0.03322933992260191
6.408793290308252,2.4808727529719565,0.040361762392958654
-6.408793290308252,2.5842424510124546,0.04391265784763521
-6.305425656593603,2.5842424510124546,0.03244815652578956
-6.202058022878954,2.5842424510124546,0.016700516062899157
-6.098690389164304,2.5842424510124546,0.000812238016877037
-5.995322755449655,2.5842424510124546,-0.011352413157909122
-5.8919551217350055,2.5842424510124546,-0.017289172963857402
-5.788587488020356,2.5842424510124546,-0.016458358550797126
-5.685219854305708,2.5842424510124546,-0.010255796664729712
-5.581852220591058,2.5842424510124546,-0.0014044857085393086
-5.478484586876409,2.5842424510124546,0.006997337054027744
-5.3751169531617595,2.5842424510124546,0.012442839052216789
-5.27174931944711,2.5842424510124546,0.013690039592979741
-5.168381685732461,2.5842424510124546,0.01095556706552353
-5.065014052017812,2.5842424510124546,0.00561693970874917
-4.961646418303163,2.5842424510124546,-0.0004231985727332353
-4.858278784588514,2.5842424510124546,-0.005457698410232453
-4.754911150873865,2.5842424510124546,-0.008522910924926975
-4.651543517159215,2.5842424510124546,-0.009602630258894301
-4.548175883444566,2.5842424510124546,-0.00945606512200813
-4.444808249729917,2.5842424510124546,-0.009177272871057122
-4.341440616015267,2.5842424510124546,-0.009682101013037313
-4.238072982300618,2.5842424510124546,-0.011327399189125011
-4.134705348585968,2.5842424510124546,-0.013797999287057898
-4.031337714871319,2.5842424510124546,-0.016280662105259643
-3.9279700811566705,2.5842424510124546,-0.01782814968298416
-3.8246024474420213,2.5842424510124546,-0.017746035609715997
-3.7212348137273725,2.5842424510124546,-0.01583582550643907
-3.6178671800127233,2.5842424510124546,-0.012397693664584378
-3.514499546298074,2.5842424510124546,-0.008004735236564274
-3.411131912583425,2.5842424510124546,-0.00316294740943539
-3.3077642788687753,2.5842424510124546,0.0019754119244873706
-3.204396645154126,2.5842424510124546,0.007696125149342003
-3.101029011439477,2.5842424510124546,0.014541241673181613
-2.9976613777248278,2.5842424510124546,0.02291644896731391
-2.8942937440101786,2.5842424510124546,0.03264759635383805
-2.790926110295529,2.5842424510124546,0.04269239501710331
-2.6875584765808798,2.5842424510124546,0.051176888451171174
-2.5841908428662306,2.5842424510124546,0.05581496119311076
-2.4808232091515814,2.5842424510124546,0.05462045262197729
-2.3774555754369326,2.5842424510124546,0.046690177094809625
-2.2740879417222835,2.5842424510124546,0.03277461345936749
-2.1707203080076334,2.5842424510124546,0.015391159765312386
-2.067352674292984,2.5842424510124546,-0.0016322702874531777
-1.9639850405783352,2.5842424510124546,-0.014108004616410331
-1.8606174068636863,2.5842424510124546,-0.01867901268336567
-1.757249773149037,2.5842424510124546,-0.013887073981140974
-1.6538821394343879,2.5842424510124546,-0.0007645984957097021
-1.550514505719738,2.5842424510124546,0.01727629566400203
-1.447146872005089,2.5842424510124546,0.03527233348612025
-1.3437792382904399,2.5842424510124546,0.048041534464357306
-1.2404116045757907,2.5842424510124546,0.05163557289513207
-1.1370439708611417,2.5842424510124546,0.044474891677048795
-1.0336763371464925,2.5842424510124546,0.02781487780673144
-0.9303087034318435,2.5842424510124546,0.005391494288076455
-0.8269410697171936,2.5842424510124546,-0.017653065320637804
-0.7235734360025445,2.5842424510124546,-0.03624073975739394
-0.6202058022878953,2.5842424510124546,-0.04677786829607618
-0.5168381685732463,2.5842424510124546,-0.04809818809572417
-0.4134705348585972,2.5842424510124546,-0.04165517957819431
-0.31010290114394806,2.5842424510124546,-0.03092867960657196
-0.2067352674292982,2.5842424510124546,-0.020255768654025997
-0.1033676337146491,2.5842424510124546,-0.013468639232449538
0.,2.5842424510124546,-0.012768133027489246
0.1033676337146491,2.5842424510124546,-0.018169147017331203
0.2067352674292982,2.5842424510124546,-0.027657255531525975
0.31010290114394734,2.5842424510124546,-0.037962406243592685
0.4134705348585964,2.5842424510124546,-0.04566340501384805
0.5168381685732455,2.5842424510124546,-0.04824790209558322
0.6202058022878947,2.5842424510124546,-0.04479190869733819
0.7235734360025438,2.5842424510124546,-0.036071545767710794
0.8269410697171944,2.5842424510124546,-0.024122398330992743
0.9303087034318435,2.5842424510124546,-0.011446836786103216
1.0336763371464925,2.5842424510124546,-0.00017418931941251266
1.1370439708611417,2.5842424510124546,0.00852965650505912
1.2404116045757907,2.5842424510124546,0.014619346512913559
1.3437792382904399,2.5842424510124546,0.01888202517393967
1.447146872005089,2.5842424510124546,0.022359121231422873
1.550514505719738,2.5842424510124546,0.025733757217670253
1.6538821394343872,2.5842424510124546,0.028939614902162736
1.7572497731490362,2.5842424510124546,0.031149193461181893
1.8606174068636854,2.5842424510124546,0.031142580838383886
1.9639850405783346,2.5842424510124546,0.027902454201699237
2.0673526742929837,2.5842424510124546,0.021186306804237054
2.1707203080076343,2.5842424510124546,0.011829211720670443
2.2740879417222835,2.5842424510124546,0.0016297659520292283
2.3774555754369326,2.5842424510124546,-0.0071682804737793196
2.4808232091515814,2.5842424510124546,-0.01262553636739728
2.5841908428662306,2.5842424510124546,-0.013814055348692567
2.6875584765808798,2.5842424510124546,-0.011208182040437716
2.790926110295529,2.5842424510124546,-0.0065887997332861985
2.894293744010178,2.5842424510124546,-0.002462971004365216
2.997661377724827,2.5842424510124546,-0.001180942381231202
3.101029011439476,2.5842424510124546,-0.004054118266585183
3.2043966451541253,2.5842424510124546,-0.010794105941355357
3.3077642788687744,2.5842424510124546,-0.01949414475425119
3.411131912583425,2.5842424510124546,-0.027191298470183187
3.514499546298074,2.5842424510124546,-0.030843067406555832
3.6178671800127233,2.5842424510124546,-0.028397683581556844
3.7212348137273725,2.5842424510124546,-0.019589752247537173
3.8246024474420213,2.5842424510124546,-0.006172493389309084
3.9279700811566705,2.5842424510124546,0.008519152949817742
4.031337714871319,2.5842424510124546,0.02055450101770151
4.134705348585968,2.5842424510124546,0.02663065245805936
4.238072982300618,2.5842424510124546,0.02513196217257503
4.341440616015267,2.5842424510124546,0.01666850253960366
4.444808249729916,2.5842424510124546,0.0039037012781884344
4.548175883444565,2.5842424510124546,-0.009283852620866066
4.651543517159214,2.5842424510124546,-0.019035761310471345
4.754911150873865,2.5842424510124546,-0.022741340028125744
4.858278784588514,2.5842424510124546,-0.019850786452306795
4.961646418303163,2.5842424510124546,-0.012002782484252073
5.065014052017812,2.5842424510124546,-0.0024230177094494163
5.168381685732461,2.5842424510124546,0.005205944887599038
5.27174931944711,2.5842424510124546,0.008025061622829757
5.3751169531617595,2.5842424510124546,0.004999324829510719
5.478484586876409,2.5842424510124546,-0.002699359114621009
5.581852220591058,2.5842424510124546,-0.012058925759684801
5.685219854305707,2.5842424510124546,-0.019225303113702494
5.788587488020356,2.5842424510124546,-0.020802840982085166
5.8919551217350055,2.5842424510124546,-0.015026791707947379
5.995322755449654,2.5842424510124546,-0.00241958907086283
6.098690389164305,2.5842424510124546,0.01428702658847345
6.202058022878954,2.5842424510124546,0.030940871993660326
6.305425656593603,2.5842424510124546,0.043214629437495544
6.408793290308252,2.5842424510124546,0.047907739729002786
-6.408793290308252,2.6876121490529528,0.038958413691633345
-6.305425656593603,2.6876121490529528,0.0260644033167321
-6.202058022878954,2.6876121490529528,0.010680728114965935
-6.098690389164304,2.6876121490529528,-0.003336715492754088
-5.995322755449655,2.6876121490529528,-0.012846687155104878
-5.8919551217350055,2.6876121490529528,-0.01626371879697845
-5.788587488020356,2.6876121490529528,-0.013873947002860335
-5.685219854305708,2.6876121490529528,-0.007560596164327557
-5.581852220591058,2.6876121490529528,-0.00006666713191805447
-5.478484586876409,2.6876121490529528,0.005937047662017262
-5.3751169531617595,2.6876121490529528,0.008666075812194382
-5.27174931944711,2.6876121490529528,0.007667399914758887
-5.168381685732461,2.6876121490529528,0.003785306328081608
-5.065014052017812,2.6876121490529528,-0.001294357948197399
-4.961646418303163,2.6876121490529528,-0.005727324264205036
-4.858278784588514,2.6876121490529528,-0.008166957908426649
-4.754911150873865,2.6876121490529528,-0.00817054460070671
-4.651543517159215,2.6876121490529528,-0.006239842580843727
-4.548175883444566,2.6876121490529528,-0.0035190635675572592
-4.444808249729917,2.6876121490529528,-0.0012934030287472373
-4.341440616015267,2.6876121490529528,-0.0004902524294330306
-4.238072982300618,2.6876121490529528,-0.0013659110602637968
-4.134705348585968,2.6876121490529528,-0.003475174832120924
-4.031337714871319,2.6876121490529528,-0.005905618925000285
-3.9279700811566705,2.6876121490529528,-0.0076581971487189185
-3.8246024474420213,2.6876121490529528,-0.008008551662544099
-3.7212348137273725,2.6876121490529528,-0.006704941693258665
-3.6178671800127233,2.6876121490529528,-0.003937530199117851
-3.514499546298074,2.6876121490529528,-0.00011629107218746786
-3.411131912583425,2.6876121490529528,0.004421402318615626
-3.3077642788687753,2.6876121490529528,0.009621941007522849
-3.204396645154126,2.6876121490529528,0.015729752432453413
-3.101029011439477,2.6876121490529528,0.023077734423371347
-2.9976613777248278,2.6876121490529528,0.03173290347658989
-2.8942937440101786,2.6876121490529528,0.0411558043886584
-2.790926110295529,2.6876121490529528,0.05005011406978876
-2.6875584765808798,2.6876121490529528,0.05652289367181899
-2.5841908428662306,2.6876121490529528,0.05856253100817132
-2.4808232091515814,2.6876121490529528,0.05471076716156745
-2.3774555754369326,2.6876121490529528,0.04470712100536477
-2.2740879417222835,2.6876121490529528,0.02985951377459043
-2.1707203080076334,2.6876121490529528,0.012960195766459159
-2.067352674292984,2.6876121490529528,-0.0022948301573929683
-1.9639850405783352,2.6876121490529528,-0.012256065251005475
-1.8606174068636863,2.6876121490529528,-0.014373441398639669
-1.757249773149037,2.6876121490529528,-0.008024718170207485
-1.6538821394343879,2.6876121490529528,0.005161612264087757
-1.550514505719738,2.6876121490529528,0.02162645297286402
-1.447146872005089,2.6876121490529528,0.03678344769983461
-1.3437792382904399,2.6876121490529528,0.04625805811741985
-1.2404116045757907,2.6876121490529528,0.04709970197344713
-1.1370439708611417,2.6876121490529528,0.03860204429281849
-1.0336763371464925,2.6876121490529528,0.022480998349539826
-0.9303087034318435,2.6876121490529528,0.002356108568723832
-0.8269410697171936,2.6876121490529528,-0.01730397179952051
-0.7235734360025445,2.6876121490529528,-0.03244690856901257
-0.6202058022878953,2.6876121490529528,-0.040527803255686855
-0.5168381685732463,2.6876121490529528,-0.04110364194551881
-0.4134705348585972,2.6876121490529528,-0.035772962078454276
-0.31010290114394806,2.6876121490529528,-0.027513234718500132
-0.2067352674292982,2.6876121490529528,-0.019655773556036
-0.1033676337146491,2.6876121490529528,-0.01484121438283537
0.,2.6876121490529528,-0.01428620794538764
0.1033676337146491,2.6876121490529528,-0.017571809078521343
0.2067352674292982,2.6876121490529528,-0.022980044949126154
0.31010290114394734,2.6876121490529528,-0.028221595190439378
0.4134705348585964,2.6876121490529528,-0.031276644199020945
0.5168381685732455,2.6876121490529528,-0.031051580727509104
0.6202058022878947,2.6876121490529528,-0.02763883698808771
0.7235734360025438,2.6876121490529528,-0.022121978160269114
0.8269410697171944,2.6876121490529528,-0.016035737643835566
0.9303087034318435,2.6876121490529528,-0.010710744934147068
1.0336763371464925,2.6876121490529528,-0.006763500027850743
1.1370439708611417,2.6876121490529528,-0.003925121874847988
1.2404116045757907,2.6876121490529528,-0.0012646057435254136
1.3437792382904399,2.6876121490529528,0.002293775615680814
1.447146872005089,2.6876121490529528,0.007375149643388249
1.550514505719738,2.6876121490529528,0.0137293681803355
1.6538821394343872,2.6876121490529528,0.02016214337814979
1.7572497731490362,2.6876121490529528,0.024871286221370345
1.8606174068636854,2.6876121490529528,0.026079357530977596
1.9639850405783346,2.6876121490529528,0.0227330960735309
2.0673526742929837,2.6876121490529528,0.015002370243390444
2.1707203080076343,2.6876121490529528,0.004373398930897502
2.2740879417222835,2.6876121490529528,-0.006727541867988013
2.3774555754369326,2.6876121490529528,-0.015672634858250316
2.4808232091515814,2.6876121490529528,-0.02048728371629471
2.5841908428662306,2.6876121490529528,-0.02052070007059121
2.6875584765808798,2.6876121490529528,-0.016684373338126203
2.790926110295529,2.6876121490529528,-0.011154545593470741
2.894293744010178,2.6876121490529528,-0.006621705603366201
2.997661377724827,2.6876121490529528,-0.005334337973954109
3.101029011439476,2.6876121490529528,-0.00826646493412561
3.2043966451541253,2.6876121490529528,-0.014707133084129157
3.3077642788687744,2.6876121490529528,-0.022432555791587934
3.411131912583425,2.6876121490529528,-0.028423362703884396
3.514499546298074,2.6876121490529528,-0.0298980861841412
3.6178671800127233,2.6876121490529528,-0.0253165995040499
3.7212348137273725,2.6876121490529528,-0.015006439771230694
3.8246024474420213,2.6876121490529528,-0.0011838935300739729
3.9279700811566705,2.6876121490529528,0.01265796295186523
4.031337714871319,2.6876121490529528,0.022807620477848668
4.134705348585968,2.6876121490529528,0.026497943821230285
4.238072982300618,2.6876121490529528,0.02278949429681854
4.341440616015267,2.6876121490529528,0.012877843102847867
4.444808249729916,2.6876121490529528,-0.0002828324413099964
4.548175883444565,2.6876121490529528,-0.012920306616111214
4.651543517159214,2.6876121490529528,-0.02164042674852014
4.754911150873865,2.6876121490529528,-0.024483754607555946
4.858278784588514,2.6876121490529528,-0.021493708468017472
4.961646418303163,2.6876121490529528,-0.014610767237019769
5.065014052017812,2.6876121490529528,-0.006933562794235633
5.168381685732461,2.6876121490529528,-0.0016003492881543244
5.27174931944711,2.6876121490529528,-0.000671582530335589
5.3751169531617595,2.6876121490529528,-0.004393214782740503
5.478484586876409,2.6876121490529528,-0.011091285035129841
5.581852220591058,2.6876121490529528,-0.017735146356755386
5.685219854305707,2.6876121490529528,-0.020981212444171376
5.788587488020356,2.6876121490529528,-0.018347268179263992
5.8919551217350055,2.6876121490529528,-0.009123221603367317
5.995322755449654,2.6876121490529528,0.00528817438383378
6.098690389164305,2.6876121490529528,0.02171784415011372
6.202058022878954,2.6876121490529528,0.036154487868782385
6.305425656593603,2.6876121490529528,0.044947949814962425
6.408793290308252,2.6876121490529528,0.04590525160007059
-6.408793290308252,2.790981847093451,0.024811607959414103
-6.305425656593603,2.790981847093451,0.012036502897884604
-6.202058022878954,2.790981847093451,-0.0010570330103284269
-6.098690389164304,2.790981847093451,-0.01138818783732624
-5.995322755449655,2.790981847093451,-0.016893171817226885
-5.8919551217350055,2.790981847093451,-0.017043932205127336
-5.788587488020356,2.790981847093451,-0.012872227568832776
-5.685219854305708,2.790981847093451,-0.006518068843518347
-5.581852220591058,2.790981847093451,-0.00047235613771893874
-5.478484586876409,2.790981847093451,0.0032278955292178433
-5.3751169531617595,2.790981847093451,0.0035934501865091148
-5.27174931944711,2.790981847093451,0.0008920360049775088
-5.168381685732461,2.790981847093451,-0.0035645199050790602
-5.065014052017812,2.790981847093451,-0.007952279162788938
-4.961646418303163,2.790981847093451,-0.010586388288747898
-4.858278784588514,2.790981847093451,-0.010467774731163464
-4.754911150873865,2.790981847093451,-0.0075543842463661965
-4.651543517159215,2.790981847093451,-0.002692285693133004
-4.548175883444566,2.790981847093451,0.002738248420929074
-4.444808249729917,2.790981847093451,0.0073155096240346456
-4.341440616015267,2.790981847093451,0.01002891195222072
-4.238072982300618,2.790981847093451,0.010544617790062867
-4.134705348585968,2.790981847093451,0.00921839926539773
-4.031337714871319,2.790981847093451,0.006886328502278618
-3.9279700811566705,2.790981847093451,0.004539369840103036
-3.8246024474420213,2.790981847093451,0.003016148126347912
-3.7212348137273725,2.790981847093451,0.002822185711753798
-3.6178671800127233,2.790981847093451,0.00411794765324484
-3.514499546298074,2.790981847093451,0.006841118192571122
-3.411131912583425,2.790981847093451,0.010872709848868987
-3.3077642788687753,2.790981847093451,0.016144353504471104
-3.204396645154126,2.790981847093451,0.02261961266252855
-3.101029011439477,2.790981847093451,0.03014978484163079
-2.9976613777248278,2.790981847093451,0.03827521401851137
-2.8942937440101786,2.790981847093451,0.0460854942352226
-2.790926110295529,2.790981847093451,0.05224551824298285
-2.6875584765808798,2.790981847093451,0.05523775476560224
-2.5841908428662306,2.790981847093451,0.053783644791012455
-2.4808232091515814,2.790981847093451,0.04732178434248518
-2.3774555754369326,2.790981847093451,0.03637248906096313
-2.2740879417222835,2.790981847093451,0.022630517641767437
-2.1707203080076334,2.790981847093451,0.008701896311168108
-2.067352674292984,2.790981847093451,-0.0024846907472948145
-1.9639850405783352,2.790981847093451,-0.008444924772047094
-1.8606174068636863,2.790981847093451,-0.007860547203982656
-1.757249773149037,2.790981847093451,-0.001025431031745008
-1.6538821394343879,2.790981847093451,0.010143395616278698
-1.550514505719738,2.790981847093451,0.022560461084176156
-1.447146872005089,2.790981847093451,0.03277703944881465
-1.3437792382904399,2.790981847093451,0.03790676447020337
-1.2404116045757907,2.790981847093451,0.03639747043574571
-1.1370439708611417,2.790981847093451,0.02841827569056257
-1.0336763371464925,2.790981847093451,0.01574906974463732
-0.9303087034318435,2.790981847093451,0.0012147235909465094
-0.8269410697171936,2.790981847093451,-0.012152350314696553
-0.7235734360025445,2.790981847093451,-0.02195681243498951
-0.6202058022878953,2.790981847093451,-0.027033723208448147
-0.5168381685732463,2.790981847093451,-0.027622100949274305
-0.4134705348585972,2.790981847093451,-0.02509292733248344
-0.31010290114394806,2.790981847093451,-0.021352392879097563
-0.2067352674292982,2.790981847093451,-0.018142045673219576
-0.1033676337146491,2.790981847093451,-0.016479449415975896
0.,2.790981847093451,-0.016420481441142734
0.1033676337146491,2.790981847093451,-0.01720141400500698
0.2067352674292982,2.790981847093451,-0.017680096030208193
0.31010290114394734,2.790981847093451,-0.016890437876596543
0.4134705348585964,2.790981847093451,-0.01448988002135536
0.5168381685732455,2.790981847093451,-0.010926806075380937
0.6202058022878947,2.790981847093451,-0.007265622050858521
0.7235734360025438,2.790981847093451,-0.004740292994248124
0.8269410697171944,2.790981847093451,-0.004213320880547397
0.9303087034318435,2.790981847093451,-0.005757017492292697
1.0336763371464925,2.790981847093451,-0.008532085041993048
1.1370439708611417,2.790981847093451,-0.011029387015160621
1.2404116045757907,2.790981847093451,-0.011603661687230687
1.3437792382904399,2.790981847093451,-0.009113004605721776
1.447146872005089,2.790981847093451,-0.0034282873129333905
1.550514505719738,2.790981847093451,0.0043875182661810294
1.6538821394343872,2.790981847093451,0.012319290370403404
1.7572497731490362,2.790981847093451,0.018000153021575878
1.8606174068636854,2.790981847093451,0.01948063234494064
1.9639850405783346,2.790981847093451,0.01590548353049416
2.0673526742929837,2.790981847093451,0.007858041301717283
2.1707203080076343,2.790981847093451,-0.0027613418495028067
2.2740879417222835,2.790981847093451,-0.013298882956168313
2.3774555754369326,2.790981847093451,-0.02117513451655642
2.4808232091515814,2.790981847093451,-0.02470262691387418
2.5841908428662306,2.790981847093451,-0.02361537925222469
2.6875584765808798,2.790981847093451,-0.019124882073860903
2.790926110295529,2.790981847093451,-0.013476083107775382
2.894293744010178,2.790981847093451,-0.009148413133680321
2.997661377724827,2.790981847093451,-0.007971797393629028
3.101029011439476,2.790981847093451,-0.01046179205354287
3.2043966451541253,2.790981847093451,-0.015607983700282232
3.3077642788687744,2.790981847093451,-0.02119790921131703
3.411131912583425,2.790981847093451,-0.024575924226402496
3.514499546298074,2.790981847093451,-0.023585026393514168
3.6178671800127233,2.790981847093451,-0.017372050755125944
3.7212348137273725,2.790981847093451,-0.006777222411837764
3.8246024474420213,2.790981847093451,0.0058346832479737026
3.9279700811566705,2.790981847093451,0.017257703381940492
4.031337714871319,2.790981847093451,0.024424720492995173
4.134705348585968,2.790981847093451,0.025364181280486956
4.238072982300618,2.790981847093451,0.01981841369089587
4.341440616015267,2.790981847093451,0.00931935297560223
4.444808249729916,2.790981847093451,-0.0033026593392581198
4.548175883444565,2.790981847093451,-0.014813111139040883
4.651543517159214,2.790981847093451,-0.022573634226362365
4.754911150873865,2.790981847093451,-0.025318424927546775
4.858278784588514,2.790981847093451,-0.023454774268242537
4.961646418303163,2.790981847093451,-0.018797987915943573
5.065014052017812,2.790981847093451,-0.013842350386331635
5.168381685732461,2.790981847093451,-0.010825373806592462
5.27174931944711,2.790981847093451,-0.010909877510415103
5.3751169531617595,2.790981847093451,-0.013765158832653468
5.478484586876409,2.790981847093451,-0.017689945184109396
5.581852220591058,2.790981847093451,-0.020233495851923317
5.685219854305707,2.790981847093451,-0.01910058588351683
5.788587488020356,2.790981847093451,-0.013028872842501732
5.8919551217350055,2.790981847093451,-0.0023357986899750693
5.995322755449654,2.790981847093451,0.011056844157309297
6.098690389164305,2.790981847093451,0.024137319153110025
6.202058022878954,2.790981847093451,0.03369383830542321
6.305425656593603,2.790981847093451,0.037291839668806254
6.408793290308252,2.790981847093451,0.034022488143548475
-6.408793290308252,2.894351545133949,0.004764178990427448
-6.305425656593603,2.894351545133949,-0.0062592605451467845
-6.202058022878954,2.894351545133949,-0.01564543974440336
-6.098690389164304,2.894351545133949,-0.021417777322119823
-5.995322755449655,2.894351545133949,-0.022674274116998426
-5.8919551217350055,2.894351545133949,-0.01978166820702071
-5.788587488020356,2.894351545133949,-0.01418967346166683
-5.685219854305708,2.894351545133949,-0.007936358945604124
-5.581852220591058,2.894351545133949,-0.003008186237822961
-5.478484586876409,2.894351545133949,-0.0007553964401664239
-5.3751169531617595,2.894351545133949,-0.0015359412806644503
-5.27174931944711,2.894351545133949,-0.004680968263668282
-5.168381685732461,2.894351545133949,-0.00877041488367959
-5.065014052017812,2.894351545133949,-0.012113216944790237
-4.961646418303163,2.894351545133949,-0.013272180862111146
-4.858278784588514,2.894351545133949,-0.01147313403987535
-4.754911150873865,2.894351545133949,-0.006787406755597987
-4.651543517159215,2.894351545133949,-0.00005596569100277274
-4.548175883444566,2.894351545133949,0.007395483376957812
-4.444808249729917,2.894351545133949,0.014144484579924193
-4.341440616015267,2.894351545133949,0.01904021926676238
-4.238072982300618,2.894351545133949,0.021453282173429605
-4.134705348585968,2.894351545133949,0.021358838036465856
-4.031337714871319,2.894351545133949,0.01926260020503945
-3.9279700811566705,2.894351545133949,0.016022557050057323
-3.8246024474420213,2.894351545133949,0.012636252711789055
-3.7212348137273725,2.894351545133949,0.010052660183708095
-3.6178671800127233,2.894351545133949,0.00903893406292807
-3.514499546298074,2.894351545133949,0.010101041186480707
-3.411131912583425,2.894351545133949,0.013437812974750654
-3.3077642788687753,2.894351545133949,0.018907678095082713
-3.204396645154126,2.894351545133949,0.02600377087397637
-3.101029011439477,2.894351545133949,0.033855533195463784
-2.9976613777248278,2.894351545133949,0.04128934358950325
-2.8942937440101786,2.894351545133949,0.04697633952184905
-2.790926110295529,2.894351545133949,0.04967010512922581
-2.6875584765808798,2.894351545133949,0.048498132183088426
-2.5841908428662306,2.894351545133949,0.043234431214934504
-2.4808232091515814,2.894351545133949,0.03446352527702529
-2.3774555754369326,2.894351545133949,0.023559926858916516
-2.2740879417222835,2.894351545133949,0.012452670339298385
-2.1707203080076334,2.894351545133949,0.0032095793871437083
-2.067352674292984,2.894351545133949,-0.002460508683849014
-1.9639850405783352,2.894351545133949,-0.0036505777693887436
-1.8606174068636863,2.894351545133949,-0.0005090117435980385
-1.757249773149037,2.894351545133949,0.0057829939286849095
-1.6538821394343879,2.894351545133949,0.013317305868590909
-1.550514505719738,2.894351545133949,0.019967654258556913
-1.447146872005089,2.894351545133949,0.02395490720186716
-1.3437792382904399,2.894351545133949,0.024301013937231268
-1.2404116045757907,2.894351545133949,0.02103634647626309
-1.1370439708611417,2.894351545133949,0.015102594131784781
-1.0336763371464925,2.894351545133949,0.007990931855755752
-0.9303087034318435,2.894351545133949,0.0012404202334927986
-0.8269410697171936,2.894351545133949,-0.004034628910324897
-0.7235734360025445,2.894351545133949,-0.007432800448220289
-0.6202058022878953,2.894351545133949,-0.009280045617481627
-0.5168381685732463,2.894351545133949,-0.010378310928364195
-0.4134705348585972,2.894351545133949,-0.011590346470441321
-0.31010290114394806,2.894351545133949,-0.013420898498766634
-0.2067352674292982,2.894351545133949,-0.01575560207369507
-0.1033676337146491,2.894351545133949,-0.017861633901122383
0.,2.894351545133949,-0.018657963974607932
0.1033676337146491,2.894351545133949,-0.017161570240668774
0.2067352674292982,2.894351545133949,-0.012945679677192004
0.31010290114394734,2.894351545133949,-0.00643326148669314
0.4134705348585964,2.894351545133949,0.0010998187559623205
0.5168381685732455,2.894351545133949,0.007838419041757057
0.6202058022878947,2.894351545133949,0.01197144543094767
0.7235734360025438,2.894351545133949,0.012289801235168948
0.8269410697171944,2.894351545133949,0.00863357220800139
0.9303087034318435,2.894351545133949,0.002023476271324944
1.0336763371464925,2.894351545133949,-0.0055885484075117444
1.1370439708611417,2.894351545133949,-0.011887867497059997
1.2404116045757907,2.894351545133949,-0.014911968658960228
1.3437792382904399,2.894351545133949,-0.013682211578668493
1.447146872005089,2.894351545133949,-0.008542235449521046
1.550514505719738,2.894351545133949,-0.0010832462876368021
1.6538821394343872,2.894351545133949,0.006330400540874941
1.7572497731490362,2.894351545133949,0.011289939033605334
1.8606174068636854,2.894351545133949,0.012093570191134776
1.9639850405783346,2.894351545133949,0.00827800064244738
2.0673526742929837,2.894351545133949,0.0007571979868093801
2.1707203080076343,2.894351545133949,-0.008476923971823144
2.2740879417222835,2.894351545133949,-0.016993474074875566
2.3774555754369326,2.894351545133949,-0.022690981014041222
2.4808232091515814,2.894351545133949,-0.024442712932511976
2.5841908428662306,2.894351545133949,-0.022408174546850367
2.6875584765808798,2.894351545133949,-0.017912144525348915
2.790926110295529,2.894351545133949,-0.012937619848091724
2.894293744010178,2.894351545133949,-0.009408265238607189
2.997661377724827,2.894351545133949,-0.008505942276411431
3.101029011439476,2.894351545133949,-0.010256034805745462
3.2043966451541253,2.894351545133949,-0.01352193482898197
3.3077642788687744,2.894351545133949,-0.016411039595728094
3.411131912583425,2.894351545133949,-0.016954856260374237
3.514499546298074,2.894351545133949,-0.013832457978347782
3.6178671800127233,2.894351545133949,-0.006891012092318171
3.7212348137273725,2.894351545133949,0.0027154804342425956
3.8246024474420213,2.894351545133949,0.012820606343391008
3.9279700811566705,2.894351545133949,0.020879977922523163
4.031337714871319,2.894351545133949,0.024739596550612857
4.134705348585968,2.894351545133949,0.023288387086023356
4.238072982300618,2.894351545133949,0.016784921897782495
4.341440616015267,2.894351545133949,0.006757537168187137
4.444808249729916,2.894351545133949,-0.00448162447285412
4.548175883444565,2.894351545133949,-0.014542348366439669
4.651543517159214,2.894351545133949,-0.021647318988401894
4.754911150873865,2.894351545133949,-0.02508512080620647
4.858278784588514,2.894351545133949,-0.025287888601522875
4.961646418303163,2.894351545133949,-0.023526351575751846
5.065014052017812,2.894351545133949,-0.021344660922173
5.168381685732461,2.894351545133949,-0.019942568593846497
5.27174931944711,2.894351545133949,-0.01972496758189396
5.3751169531617595,2.894351545133949,-0.020175380573282706
5.478484586876409,2.894351545133949,-0.020093460939202647
5.581852220591058,2.894351545133949,-0.018107551830001695
5.685219854305707,2.894351545133949,-0.013276243919986141
5.788587488020356,2.894351545133949,-0.005560730709974275
5.8919551217350055,2.894351545133949,0.004006842560578788
5.995322755449654,2.894351545133949,0.013530149628251921
6.098690389164305,2.894351545133949,0.02077330497123551
6.202058022878954,2.894351545133949,0.02383665867242936
6.305425656593603,2.894351545133949,0.02176351373643564
6.408793290308252,2.894351545133949,0.014877494068259254
-6.408793290308252,2.9977212431744475,-0.015917886587203386
-6.305425656593603,2.9977212431744475,-0.023890235794983117
-6.202058022878954,2.9977212431744475,-0.02905604608704031
-6.098690389164304,2.9977212431744475,-0.03060998078541886
-5.995322755449655,2.9977212431744475,-0.02859031009279889
-5.8919551217350055,2.9977212431744475,-0.023830399102879127
-5.788587488020356,2.9977212431744475,-0.017709546351470904
-5.685219854305708,2.9977212431744475,-0.011777825953439389
-5.581852220591058,2.9977212431744475,-0.007359406374522165
-5.478484586876409,2.9977212431744475,-0.005237631356106705
-5.3751169531617595,2.9977212431744475,-0.0054959652505026475
-5.27174931944711,2.9977212431744475,-0.007542644788961561
-5.168381685732461,2.9977212431744475,-0.010298172149692586
-5.065014052017812,2.9977212431744475,-0.01248707866719849
-4.961646418303163,2.9977212431744475,-0.012957061452358766
-4.858278784588514,2.9977212431744475,-0.010951239633280922
-4.754911150873865,2.9977212431744475,-0.006278450966258445
-4.651543517159215,2.9977212431744475,0.0006456789613058547
-4.548175883444566,2.9977212431744475,0.008885846431785176
-4.444808249729917,2.9977212431744475,0.017178307958509838
-4.341440616015267,2.9977212431744475,0.024186968235621106
-4.238072982300618,2.9977212431744475,0.02877726270424711
-4.134705348585968,2.9977212431744475,0.030258987245991586
-4.031337714871319,2.9977212431744475,0.028552488648110094
-3.9279700811566705,2.9977212431744475,0.024241378611895563
-3.8246024474420213,2.9977212431744475,0.018490483809940426
-3.7212348137273725,2.9977212431744475,0.012830730126910087
-3.6178671800127233,2.9977212431744475,0.008841240416872653
-3.514499546298074,2.9977212431744475,0.007787794591687775
-3.411131912583425,2.9977212431744475,0.010297789823046887
-3.3077642788687753,2.9977212431744475,0.016156249719807527
-3.204396645154126,2.9977212431744475,0.024289428655826607
-3.101029011439477,2.9977212431744475,0.032962335377220826
-2.9976613777248278,2.9977212431744475,0.040161816521438555
-2.8942937440101786,2.9977212431744475,0.04408194430223447
-2.790926110295529,2.9977212431744475,0.043590337074648766
-2.6875584765808798,2.9977212431744475,0.038547010374558016
-2.5841908428662306,2.9977212431744475,0.029877675563226135
-2.4808232091515814,2.9977212431744475,0.01936602548180134
-2.3774555754369326,2.9977212431744475,0.009208361576317346
-2.2740879417222835,2.9977212431744475,0.0014458678801572119
-2.1707203080076334,2.9977212431744475,-0.0025681286751905266
-2.067352674292984,2.9977212431744475,-0.0025118594615814757
-1.9639850405783352,2.9977212431744475,0.0008536599866191145
-1.8606174068636863,2.9977212431744475,0.005944475659701912
-1.757249773149037,2.9977212431744475,0.01084911965589398
-1.6538821394343879,2.9977212431744475,0.013910194158079685
-1.550514505719738,2.9977212431744475,0.014213366987852067
-1.447146872005089,2.9977212431744475,0.011831453091594887
-1.3437792382904399,2.9977212431744475,0.00774695227864178
-1.2404116045757907,2.9977212431744475,0.003478581328424889
-1.1370439708611417,2.9977212431744475,0.00053365086933103
-1.0336763371464925,2.9977212431744475,-0.0001329846195782338
-0.9303087034318435,2.9977212431744475,0.001528393983591026
-0.8269410697171936,2.9977212431744475,0.0046210924280361415
-0.7235734360025445,2.9977212431744475,0.007594177697307965
-0.6202058022878953,2.9977212431744475,0.008779062168929826
-0.5168381685732463,2.9977212431744475,0.006996647804942062
-0.4134705348585972,2.9977212431744475,0.0020314571519637918
-0.31010290114394806,2.9977212431744475,-0.005194025005024858
-0.2067352674292982,2.9977212431744475,-0.012818443708751789
-0.1033676337146491,2.9977212431744475,-0.01856730297916908
0.,2.9977212431744475,-0.020449557061832074
0.1033676337146491,2.9977212431744475,-0.01740775732490561
0.2067352674292982,2.9977212431744475,-0.0097116654297934
0.31010290114394734,2.9977212431744475,0.0010394734826673659
0.4134705348585964,2.9977212431744475,0.012320325454904706
0.5168381685732455,2.9977212431744475,0.02137515815712415
0.6202058022878947,2.9977212431744475,0.025998458420688608
0.7235734360025438,2.9977212431744475,0.02516340590501131
0.8269410697171944,2.9977212431744475,0.019305922014837953
0.9303087034318435,2.9977212431744475,0.01017760696065686
1.0336763371464925,2.9977212431744475,0.0003139749532341954
1.1370439708611417,2.9977212431744475,-0.007717222839761651
1.2404116045757907,2.9977212431744475,-0.01205664448442025
1.3437792382904399,2.9977212431744475,-0.012058783613805779
1.447146872005089,2.9977212431744475,-0.00841487297689065
1.550514505719738,2.9977212431744475,-0.002867768145472901
1.6538821394343872,2.9977212431744475,0.002379295374533003
1.7572497731490362,2.9977212431744475,0.005365811790771233
1.8606174068636854,2.9977212431744475,0.004966109817766213
1.9639850405783346,2.9977212431744475,0.0011904389287486264
2.0673526742929837,2.9977212431744475,-0.00488612260807362
2.1707203080076343,2.9977212431744475,-0.01152648175770462
2.2740879417222835,2.9977212431744475,-0.016921079679619675
2.3774555754369326,2.9977212431744475,-0.019765078062697474
2.4808232091515814,2.9977212431744475,-0.019636470554943743
2.5841908428662306,2.9977212431744475,-0.017061228733045677
2.6875584765808798,2.9977212431744475,-0.013259162024536354
2.790926110295529,2.9977212431744475,-0.0096700910814115
2.894293744010178,2.9977212431744475,-0.007429352572618308
2.997661377724827,2.9977212431744475,-0.006972730404452101
3.101029011439476,2.9977212431744475,-0.007901704700387532
3.2043966451541253,2.9977212431744475,-0.009148511008978748
3.3077642788687744,2.9977212431744475,-0.009378490421577625
3.411131912583425,2.9977212431744475,-0.007488813761451791
3.514499546298074,2.9977212431744475,-0.0030332976560780924
3.6178671800127233,2.9977212431744475,0.003568912860002803
3.7212348137273725,2.9977212431744475,0.011108497225954615
3.8246024474420213,2.9977212431744475,0.0179177545474029
3.9279700811566705,2.9977212431744475,0.0223486638304252
4.031337714871319,2.9977212431744475,0.0232425368537056
4.134705348585968,2.9977212431744475,0.020244526840338527
4.238072982300618,2.9977212431744475,0.013871905877037828
4.341440616015267,2.9977212431744475,0.005328113358943093
4.444808249729916,2.9977212431744475,-0.0038635905591494026
4.548175883444565,2.9977212431744475,-0.012279637857164792
4.651543517159214,2.9977212431744475,-0.018933200927175188
4.754911150873865,2.9977212431744475,-0.023430452102811736
4.858278784588514,2.9977212431744475,-0.02591593142254799
4.961646418303163,2.9977212431744475,-0.026851335409022285
5.065014052017812,2.9977212431744475,-0.026726790075579935
5.168381685732461,2.9977212431744475,-0.0258206457190234
5.27174931944711,2.9977212431744475,-0.02409862572810968
5.3751169531617595,2.9977212431744475,-0.021286157725842875
5.478484586876409,2.9977212431744475,-0.017080051891752927
5.581852220591058,2.9977212431744475,-0.011411661396729753
5.685219854305707,2.9977212431744475,-0.004652236112101096
5.788587488020356,2.9977212431744475,0.0023304045824210596
5.8919551217350055,2.9977212431744475,0.008303235667717141
5.995322755449654,2.9977212431744475,0.011960252909395326
6.098690389164305,2.9977212431744475,0.012289877077620744
6.202058022878954,2.9977212431744475,0.008901394386955782
6.305425656593603,2.9977212431744475,0.002202214528667352
6.408793290308252,2.9977212431744475,-0.006638608458149841
-6.408793290308252,3.1010909412149457,-0.03156761913301893
-6.305425656593603,3.1010909412149457,-0.03586288180835178
-6.202058022878954,3.1010909412149457,-0.03733411512179091
-6.098690389164304,3.1010909412149457,-0.036125727365795036
-5.995322755449655,3.1010909412149457,-0.03274609771079774
-5.8919551217350055,3.1010909412149457,-0.027921378612483855
-5.788587488020356,3.1010909412149457,-0.02245298612888565
-5.685219854305708,3.1010909412149457,-0.017105573261715506
-5.581852220591058,3.1010909412149457,-0.012529323005107918
-5.478484586876409,3.1010909412149457,-0.00920319386846178
-5.3751169531617595,3.1010909412149457,-0.007382218847372681
-5.27174931944711,3.1010909412149457,-0.0070431414164541595
-5.168381685732461,3.1010909412149457,-0.007842191709220814
-5.065014052017812,3.1010909412149457,-0.00911553403248372
-4.961646418303163,3.1010909412149457,-0.009955855598361039
-4.858278784588514,3.1010909412149457,-0.009382003566904972
-4.754911150873865,3.1010909412149457,-0.006585365061650911
-4.651543517159215,3.1010909412149457,-0.0011981331034377454
-4.548175883444566,3.1010909412149457,0.006499248412183827
-4.444808249729917,3.1010909412149457,0.015516691275262593
-4.341440616015267,3.1010909412149457,0.024294650749432344
-4.238072982300618,3.1010909412149457,0.031044290467340162
-4.134705348585968,3.1010909412149457,0.03421775726682676
-4.031337714871319,3.1010909412149457,0.032982451510749654
-3.9279700811566705,3.1010909412149457,0.02755110705233955
-3.8246024474420213,3.1010909412149457,0.019244436530973144
-3.7212348137273725,3.1010909412149457,0.010232772075776981
-3.6178671800127233,3.1010909412149457,0.0029992592677106915
-3.514499546298074,3.1010909412149457,-0.000339748118331846
-3.411131912583425,3.1010909412149457,0.0013371216763296751
-3.3077642788687753,3.1010909412149457,0.007774989367915177
-3.204396645154126,3.1010909412149457,0.01734244401178599
-3.101029011439477,3.1010909412149457,0.027437231051323653
-2.9976613777248278,3.1010909412149457,0.035198201388288726
-2.8942937440101786,3.1010909412149457,0.038322933548622345
-2.790926110295529,3.1010909412149457,0.035747431259563825
-2.6875584765808798,3.1010909412149457,0.027976223175961663
-2.5841908428662306,3.1010909412149457,0.016951529702209908
-2.4808232091515814,3.1010909412149457,0.005489776901676613
-2.3774555754369326,3.1010909412149457,-0.0035505729980948053
-2.2740879417222835,3.1010909412149457,-0.008117810000353097
-2.1707203080076334,3.1010909412149457,-0.007569651109504304
-2.067352674292984,3.1010909412149457,-0.002839561838798169
-1.9639850405783352,3.1010909412149457,0.003888889272998398
-1.8606174068636863,3.1010909412149457,0.009900221123177596
-1.757249773149037,3.1010909412149457,0.01283227966621764
-1.6538821394343879,3.1010909412149457,0.011447036937392942
-1.550514505719738,3.1010909412149457,0.006038832131356135
-1.447146872005089,3.1010909412149457,-0.0016545909915843596
-1.3437792382904399,3.1010909412149457,-0.00901465719200828
-1.2404116045757907,3.1010909412149457,-0.01340188792278103
-1.1370439708611417,3.1010909412149457,-0.013039071308295284
-1.0336763371464925,3.1010909412149457,-0.007632631690768176
-0.9303087034318435,3.1010909412149457,0.0014724267960344393
-0.8269410697171936,3.1010909412149457,0.01166184958684354
-0.7235734360025445,3.1010909412149457,0.01983697198747352
-0.6202058022878953,3.1010909412149457,0.023373046399374157
-0.5168381685732463,3.1010909412149457,0.02095181377901192
-0.4134705348585972,3.1010909412149457,0.013006339375575512
-0.31010290114394806,3.1010909412149457,0.0016361184742084115
-0.2067352674292982,3.1010909412149457,-0.009984958968933198
-0.1033676337146491,3.1010909412149457,-0.018528178027594863
0.,3.1010909412149457,-0.021477452717473814
0.1033676337146491,3.1010909412149457,-0.017852823617682145
0.2067352674292982,3.1010909412149457,-0.008476510055238803
0.31010290114394734,3.1010909412149457,0.004289056418393524
0.4134705348585964,3.1010909412149457,0.01724020922157569
0.5168381685732455,3.1010909412149457,0.027247603248226154
0.6202058022878947,3.1010909412149457,0.032110110615492876
0.7235734360025438,3.1010909412149457,0.031098423855768352
0.8269410697171944,3.1010909412149457,0.025044516408934837
0.9303087034318435,3.1010909412149457,0.01597751606121561
1.0336763371464925,3.1010909412149457,0.00644382303168646
1.1370439708611417,3.1010909412149457,-0.0012631769932001974
1.2404116045757907,3.1010909412149457,-0.005725710925427682
1.3437792382904399,3.1010909412149457,-0.0067005620887486
1.447146872005089,3.1010909412149457,-0.005031609302500613
1.550514505719738,3.1010909412149457,-0.002238589389517075
1.6538821394343872,3.1010909412149457,0.00005850048436154048
1.7572497731490362,3.1010909412149457,0.0006810121467944416
1.8606174068636854,3.1010909412149457,-0.0007713326867774689
1.9639850405783346,3.1010909412149457,-0.0038776155712000175
2.0673526742929837,3.1010909412149457,-0.007632536286361328
2.1707203080076343,3.1010909412149457,-0.010856883377301384
2.2740879417222835,3.1010909412149457,-0.012626428416264093
2.3774555754369326,3.1010909412149457,-0.012570536417461768
2.4808232091515814,3.1010909412149457,-0.01094812782515284
2.5841908428662306,3.1010909412149457,-0.008492415568975734
2.6875584765808798,3.1010909412149457,-0.006096771773639362
2.790926110295529,3.1010909412149457,-0.004464657681564531
2.894293744010178,3.1010909412149457,-0.003851302935853484
2.997661377724827,3.1010909412149457,-0.003984913603295262
3.101029011439476,3.1010909412149457,-0.004187099673028374
3.2043966451541253,3.1010909412149457,-0.0036411988423116254
3.3077642788687744,3.1010909412149457,-0.0017080485201219368
3.411131912583425,3.1010909412149457,0.0018226907278512856
3.514499546298074,3.1010909412149457,0.006629565040671033
3.6178671800127233,3.1010909412149457,0.011933279242230485
3.7212348137273725,3.1010909412149457,0.01671440841477009
3.8246024474420213,3.1010909412149457,0.019995517976614263
3.9279700811566705,3.1010909412149457,0.021092820729423957
4.031337714871319,3.1010909412149457,0.0197609781573595
4.134705348585968,3.1010909412149457,0.01619814713957632
4.238072982300618,3.1010909412149457,0.010929500345668221
4.341440616015267,3.1010909412149457,0.004627176804646104
4.444808249729916,3.1010909412149457,-0.00206071704585561
4.548175883444565,3.1010909412149457,-0.00861340417273721
4.651543517159214,3.1010909412149457,-0.014649636278637105
4.754911150873865,3.1010909412149457,-0.019866932203367417
4.858278784588514,3.1010909412149457,-0.023957084412445415
4.961646418303163,3.1010909412149457,-0.026555786376880948
5.065014052017812,3.1010909412149457,-0.027267478138130383
5.168381685732461,3.1010909412149457,-0.025771465616606506
5.27174931944711,3.1010909412149457,-0.021976235342778847
5.3751169531617595,3.1010909412149457,-0.016161432194701397
5.478484586876409,3.1010909412149457,-0.00904251210104444
5.581852220591058,3.1010909412149457,-0.0017142096011917936
5.685219854305707,3.1010909412149457,0.004531438546395887
5.788587488020356,3.1010909412149457,0.008472835692406462
5.8919551217350055,3.1010909412149457,0.009240291466732045
5.995322755449654,3.1010909412149457,0.006530193324575481
6.098690389164305,3.1010909412149457,0.0006887053202902529
6.202058022878954,3.1010909412149457,-0.007359643097199128
6.305425656593603,3.1010909412149457,-0.016317182711492295
6.408793290308252,3.1010909412149457,-0.02479309181022284
-6.408793290308252,3.2044606392554438,-0.037868460850812434
-6.305425656593603,3.2044606392554438,-0.038691614474871426
-6.202058022878954,3.2044606392554438,-0.03786196169547163
-6.098690389164304,3.2044606392554438,-0.03602374470849015
-5.995322755449655,3.2044606392554438,-0.03357104302782173
-5.8919551217350055,3.2044606392554438,-0.03057152431258773
-5.788587488020356,3.2044606392554438,-0.026875109900648342
-5.685219854305708,3.2044606392554438,-0.022346648286454347
-5.581852220591058,3.2044606392554438,-0.01710773112135736
-5.478484586876409,3.2044606392554438,-0.011665364527590878
-5.3751169531617595,3.2044606392554438,-0.006848709054874993
-5.27174931944711,3.2044606392554438,-0.0035541971903367197
-5.168381685732461,3.2044606392554438,-0.0023841393736942964
-5.065014052017812,3.2044606392554438,-0.003320818918321686
-4.961646418303163,3.2044606392554438,-0.005582372054010123
-4.858278784588514,3.2044606392554438,-0.007752565632619274
-4.754911150873865,3.2044606392554438,-0.00818010154898724
-4.651543517159215,3.2044606392554438,-0.00553773177662529
-4.548175883444566,3.2044606392554438,0.0006435096363405564
-4.444808249729917,3.2044606392554438,0.009663457645600814
-4.341440616015267,3.2044606392554438,0.019706000265192272
-4.238072982300618,3.2044606392554438,0.028282398522490888
-4.134705348585968,3.2044606392554438,0.03295618481306945
-4.031337714871319,3.2044606392554438,0.03213269324100685
-3.9279700811566705,3.2044606392554438,0.025654376995448473
-3.8246024474420213,3.2044606392554438,0.014987096060221585
-3.7212348137273725,3.2044606392554438,0.0029031471083021763
-3.6178671800127233,3.2044606392554438,-0.007272511868836969
-3.514499546298074,3.2044606392554438,-0.012637936591347446
-3.411131912583425,3.2044606392554438,-0.011611538985715424
-3.3077642788687753,3.2044606392554438,-0.004460607501899731
-3.204396645154126,3.2044606392554438,0.0067234263108070244
-3.101029011439477,3.2044606392554438,0.018616169182364178
-2.9976613777248278,3.2044606392554438,0.02764889524579597
-2.8942937440101786,3.2044606392554438,0.03109231792963535
-2.790926110295529,3.2044606392554438,0.027894328935317785
-2.6875584765808798,3.2044606392554438,0.019001640945139626
-2.5841908428662306,3.2044606392554438,0.0070558904018433784
-2.4808232091515814,3.2044606392554438,-0.004445704353872679
-2.3774555754369326,3.2044606392554438,-0.01226114190236777
-2.2740879417222835,3.2044606392554438,-0.014431056994004397
-2.1707203080076334,3.2044606392554438,-0.010891188465539077
-2.067352674292984,3.2044606392554438,-0.0034697257669873438
-1.9639850405783352,3.2044606392554438,0.004732688707727191
-1.8606174068636863,3.2044606392554438,0.01038196668985866
-1.757249773149037,3.2044606392554438,0.011032538646634872
-1.6538821394343879,3.2044606392554438,0.005966782022431514
-1.550514505719738,3.2044606392554438,-0.0035244186482766143
-1.447146872005089,3.2044606392554438,-0.014516918289279245
-1.3437792382904399,3.2044606392554438,-0.023369611293329203
-1.2404116045757907,3.2044606392554438,-0.02689163545395247
-1.1370439708611417,3.2044606392554438,-0.02338806273646659
-1.0336763371464925,3.2044606392554438,-0.013249050994278495
-0.9303087034318435,3.2044606392554438,0.0011078510639970323
-0.8269410697171936,3.2044606392554438,0.01592749498299601
-0.7235734360025445,3.2044606392554438,0.027224998884865383
-0.6202058022878953,3.2044606392554438,0.031967821520179664
-0.5168381685732463,3.2044606392554438,0.028968304891123717
-0.4134705348585972,3.2044606392554438,0.019217715110800122
-0.31010290114394806,3.2044606392554438,0.005570079622639315
-0.2067352674292982,3.2044606392554438,-0.008113984684619638
-0.1033676337146491,3.2044606392554438,-0.018091108956258505
0.,3.2044606392554438,-0.02178189469442489
0.1033676337146491,3.2044606392554438,-0.018432857127879957
0.2067352674292982,3.2044606392554438,-0.00921683383653488
0.31010290114394734,3.2044606392554438,0.003225298126204949
0.4134705348585964,3.2044606392554438,0.015629277239469483
0.5168381685732455,3.2044606392554438,0.02505978935460683
0.6202058022878947,3.2044606392554438,0.029678734703336648
0.7235734360025438,3.2044606392554438,0.02911666469642032
0.8269410697171944,3.2044606392554438,0.02437471406922612
0.9303087034318435,3.2044606392554438,0.017336644904024052
1.0336763371464925,3.2044606392554438,0.01008519109158926
1.1370439708611417,3.2044606392554438,0.0042593304273213575
1.2404116045757907,3.2044606392554438,0.0006510201932502839
1.3437792382904399,3.2044606392554438,-0.0008598069729822219
1.447146872005089,3.2044606392554438,-0.0010563974607955449
1.550514505719738,3.2044606392554438,-0.0009501666787042499
1.6538821394343872,3.2044606392554438,-0.0013370095649219294
1.7572497731490362,3.2044606392554438,-0.0025059284747922825
1.8606174068636854,3.2044606392554438,-0.0041892495554025745
1.9639850405783346,3.2044606392554438,-0.005746336587169796
2.0673526742929837,3.2044606392554438,-0.006486372002312705
2.1707203080076343,3.2044606392554438,-0.005990817248728515
2.2740879417222835,3.2044606392554438,-0.004306209298217543
2.3774555754369326,3.2044606392554438,-0.001935915335279633
2.4808232091515814,3.2044606392554438,0.00035880204045923657
2.5841908428662306,3.2044606392554438,0.0018641961461267418
2.6875584765808798,3.2044606392554438,0.0022029630373724416
2.790926110295529,3.2044606392554438,0.0014931584373963273
2.894293744010178,3.2044606392554438,0.00031586853372811673
2.997661377724827,3.2044606392554438,-0.0004955343318064524
3.101029011439476,3.2044606392554438,-0.00016435414561676817
3.2043966451541253,3.2044606392554438,0.001738020681794736
3.3077642788687744,3.2044606392554438,0.005125339588927206
3.411131912583425,3.2044606392554438,0.009412867396983998
3.514499546298074,3.2044606392554438,0.0137062662908711
3.6178671800127233,3.2044606392554438,0.017089028678972103
3.7212348137273725,3.2044606392554438,0.01890075488158832
3.8246024474420213,3.2044606392554438,0.01890638969787615
3.9279700811566705,3.2044606392554438,0.01730197691350065
4.031337714871319,3.2044606392554438,0.014567388486111367
4.134705348585968,3.2044606392554438,0.011235513181254866
4.238072982300618,3.2044606392554438,0.007677773137970161
4.341440616015267,3.2044606392554438,0.00399601087394131
4.444808249729916,3.2044606392554438,0.00006477587409169723
4.548175883444565,3.2044606392554438,-0.00429608872392666
4.651543517159214,3.2044606392554438,-0.00909565199382359
4.754911150873865,3.2044606392554438,-0.013997042648848134
4.858278784588514,3.2044606392554438,-0.018283227197056256
4.961646418303163,3.2044606392554438,-0.02100138507691885
5.065014052017812,3.2044606392554438,-0.021253625723324072
5.168381685732461,3.2044606392554438,-0.01853952755288819
5.27174931944711,3.2044606392554438,-0.013025979733794754
5.3751169531617595,3.2044606392554438,-0.005635023915017115
5.478484586876409,3.2044606392554438,0.002102733984679556
5.581852220591058,3.2044606392554438,0.008402212829199673
5.685219854305707,3.2044606392554438,0.011684746982689393
5.788587488020356,3.2044606392554438,0.011003746441290159
5.8919551217350055,3.2044606392554438,0.006299947299400503
5.995322755449654,3.2044606392554438,-0.0015952098032011334
6.098690389164305,3.2044606392554438,-0.011207168739584742
6.202058022878954,3.2044606392554438,-0.020833636895957016
6.305425656593603,3.2044606392554438,-0.028991376866726735
6.408793290308252,3.2044606392554438,-0.034752611662181646
-6.408793290308252,3.307830337295942,-0.03321632720942273
-6.305425656593603,3.307830337295942,-0.0315300963386458
-6.202058022878954,3.307830337295942,-0.030237472641944048
-6.098690389164304,3.307830337295942,-0.029933143022567412
-5.995322755449655,3.307830337295942,-0.030368878182095344
-5.8919551217350055,3.307830337295942,-0.030589886809000714
-5.788587488020356,3.307830337295942,-0.02937133103542235
-5.685219854305708,3.307830337295942,-0.025789508438932254
-5.581852220591058,3.307830337295942,-0.019705288403145633
-5.478484586876409,3.307830337295942,-0.011962102063969861
-5.3751169531617595,3.307830337295942,-0.0042007860245690445
-5.27174931944711,3.307830337295942,0.0016652672867854246
-5.168381685732461,3.307830337295942,0.0041393238745044865
-5.065014052017812,3.307830337295942,0.0027459334023760677
-4.961646418303163,3.307830337295942,-0.0016836257636673908
-4.858278784588514,3.307830337295942,-0.007178266441570703
-4.754911150873865,3.307830337295942,-0.011223549810374574
-4.651543517159215,3.307830337295942,-0.01160773874917197
-4.548175883444566,3.307830337295942,-0.007235562891589843
-4.444808249729917,3.307830337295942,0.0013798400322665837
-4.341440616015267,3.307830337295942,0.0121422540390204
-4.238072982300618,3.307830337295942,0.021942677954193884
-4.134705348585968,3.307830337295942,0.027615922139053457
-4.031337714871319,3.307830337295942,0.02698371390810228
-3.9279700811566705,3.307830337295942,0.019639252748213765
-3.8246024474420213,3.307830337295942,0.007198256193383086
-3.7212348137273725,3.307830337295942,-0.0070924204465654
-3.6178671800127233,3.307830337295942,-0.01928839455426582
-3.514499546298074,3.307830337295942,-0.02594041966773859
-3.411131912583425,3.307830337295942,-0.025168442299798
-3.3077642788687753,3.307830337295942,-0.01726755295607521
-3.204396645154126,3.307830337295942,-0.004640807992186817
-3.101029011439477,3.307830337295942,0.008930850279397535
-2.9976613777248278,3.307830337295942,0.019455488788551113
-2.8942937440101786,3.307830337295942,0.023962955374574064
-2.790926110295529,3.307830337295942,0.021407771031040787
-2.6875584765808798,3.307830337295942,0.012951288874808736
-2.5841908428662306,3.307830337295942,0.0015335021790562676
-2.4808232091515814,3.307830337295942,-0.00912328760927316
-2.3774555754369326,3.307830337295942,-0.015750737461854424
-2.2740879417222835,3.307830337295942,-0.016603987384309394
-2.1707203080076334,3.307830337295942,-0.012013124509196076
-2.067352674292984,3.307830337295942,-0.004236468672931014
-1.9639850405783352,3.307830337295942,0.003333813592211238
-1.8606174068636863,3.307830337295942,0.007349358335197454
-1.757249773149037,3.307830337295942,0.005675517072464568
-1.6538821394343879,3.307830337295942,-0.0018351384651187018
-1.550514505719738,3.307830337295942,-0.01322422910459601
-1.447146872005089,3.307830337295942,-0.025007658190099837
-1.3437792382904399,3.307830337295942,-0.03326967534860131
-1.2404116045757907,3.307830337295942,-0.03491892913737135
-1.1370439708611417,3.307830337295942,-0.02870259666924495
-1.0336763371464925,3.307830337295942,-0.01565392490775255
-0.9303087034318435,3.307830337295942,0.0011683309893973507
-0.8269410697171936,3.307830337295942,0.01756381562468165
-0.7235734360025445,3.307830337295942,0.029417480001852358
-0.6202058022878953,3.307830337295942,0.03388661212399148
-0.5168381685732463,3.307830337295942,0.03018643076501285
-0.4134705348585972,3.307830337295942,0.01974768243684274
-0.31010290114394806,3.307830337295942,0.0057216803764968
-0.2067352674292982,3.307830337295942,-0.007989672077802242
-0.1033676337146491,3.307830337295942,-0.017863693429395384
0.,3.307830337295942,-0.021699408160598125
0.1033676337146491,3.307830337295942,-0.019104400544548303
0.2067352674292982,3.307830337295942,-0.011416383595403815
0.31010290114394734,3.307830337295942,-0.0011327583773234828
0.4134705348585964,3.307830337295942,0.008931853202074427
0.5168381685732455,3.307830337295942,0.016474846145105988
0.6202058022878947,3.307830337295942,0.020268211050903984
0.7235734360025438,3.307830337295942,0.020312409481170357
0.8269410697171944,3.307830337295942,0.017587443669583702
0.9303087034318435,3.307830337295942,0.01353906076337116
1.0336763371464925,3.307830337295942,0.009510695877652884
1.1370439708611417,3.307830337295942,0.006324944595775197
1.2404116045757907,3.307830337295942,0.004140919254251127
1.3437792382904399,3.307830337295942,0.002598798296975736
1.447146872005089,3.307830337295942,0.0011543704149558896
1.550514505719738,3.307830337295942,-0.0005566301765884487
1.6538821394343872,3.307830337295942,-0.0024820094509117635
1.7572497731490362,3.307830337295942,-0.004138920268568404
1.8606174068636854,3.307830337295942,-0.00482005645728215
1.9639850405783346,3.307830337295942,-0.003926919024518846
2.0673526742929837,3.307830337295942,-0.0012854455515019156
2.1707203080076343,3.307830337295942,0.002693462090231812
2.2740879417222835,3.307830337295942,0.0070841859058292786
2.3774555754369326,3.307830337295942,0.010731461708359109
2.4808232091515814,3.307830337295942,0.012648468532401454
2.5841908428662306,3.307830337295942,0.012379040027701637
2.6875584765808798,3.307830337295942,0.010184757128364294
2.790926110295529,3.307830337295942,0.00698054103403101
2.894293744010178,3.307830337295942,0.004034853682435524
2.997661377724827,3.307830337295942,0.0025380826454841302
3.101029011439476,3.307830337295942,0.0031924115490534134
3.2043966451541253,3.307830337295942,0.005969836284096944
3.3077642788687744,3.307830337295942,0.01012435227275366
3.411131912583425,3.307830337295942,0.014452134175652219
3.514499546298074,3.307830337295942,0.01770386741231595
3.6178671800127233,3.307830337295942,0.018999388208096653
3.7212348137273725,3.307830337295942,0.01809628256416304
3.8246024474420213,3.307830337295942,0.015420289628883569
3.9279700811566705,3.307830337295942,0.011855125607375264
4.031337714871319,3.307830337295942,0.008379078914316983
4.134705348585968,3.307830337295942,0.005691823753832043
4.238072982300618,3.307830337295942,0.003976294991683304
4.341440616015267,3.307830337295942,0.002886559101728119
4.444808249729916,3.307830337295942,0.0017636117927658252
4.548175883444565,3.307830337295942,-9.447297907057334e-6
4.651543517159214,3.307830337295942,-0.002658800787155084
4.754911150873865,3.307830337295942,-0.0058255331402014285
4.858278784588514,3.307830337295942,-0.008617324589430764
4.961646418303163,3.307830337295942,-0.009904473430195732
5.065014052017812,3.307830337295942,-0.00876169581052138
5.168381685732461,3.307830337295942,-0.004893793401632776
5.27174931944711,3.307830337295942,0.0011214731629475682
5.3751169531617595,3.307830337295942,0.007882102932482453
5.478484586876409,3.307830337295942,0.013509648457379337
5.581852220591058,3.307830337295942,0.016194661807154613
5.685219854305707,3.307830337295942,0.014761644633700985
5.788587488020356,3.307830337295942,0.00905998157485132
5.8919551217350055,3.307830337295942,0.00004092284050135946
5.995322755449654,3.307830337295942,-0.010514062244526567
6.098690389164305,3.307830337295942,-0.020527818533362448
6.202058022878954,3.307830337295942,-0.028246505260449764
6.305425656593603,3.307830337295942,-0.032733587003805846
6.408793290308252,3.307830337295942,-0.03407226241973599
-6.408793290308252,3.41120003533644,-0.01923916780213651
-6.305425656593603,3.41120003533644,-0.016484129448305254
-6.202058022878954,3.41120003533644,-0.016468012952895066
-6.098690389164304,3.41120003533644,-0.019244947554993137
-5.995322755449655,3.41120003533644,-0.023606676980954745
-5.8919551217350055,3.41120003533644,-0.027509059869817724
-5.788587488020356,3.41120003533644,-0.02882285326825531
-5.685219854305708,3.41120003533644,-0.026149398938621376
-5.581852220591058,3.41120003533644,-0.019408888928689524
-5.478484586876409,3.41120003533644,-0.009978777478178274
-5.3751169531617595,3.41120003533644,-0.0003114236504418302
-5.27174931944711,3.41120003533644,0.0068575634549903645
-5.168381685732461,3.41120003533644,0.009448843363175977
-5.065014052017812,3.41120003533644,0.006801690034014085
-4.961646418303163,3.41120003533644,-0.000017763541999774396
-4.858278784588514,3.41120003533644,-0.00849243461184705
-4.754911150873865,3.41120003533644,-0.015446584841980254
-4.651543517159215,3.41120003533644,-0.018104982142678777
-4.548175883444566,3.41120003533644,-0.015067194350790803
-4.444808249729917,3.41120003533644,-0.006860400199371821
-4.341440616015267,3.41120003533644,0.004134999191334479
-4.238072982300618,3.41120003533644,0.014387383749845474
-4.134705348585968,3.41120003533644,0.02033215242573561
-4.031337714871319,3.41120003533644,0.019548296618789644
-3.9279700811566705,3.41120003533644,0.011605359964572008
-3.8246024474420213,3.41120003533644,-0.0017079841490360438
-3.7212348137273725,3.41120003533644,-0.01686479592741498
-3.6178671800127233,3.41120003533644,-0.02964946033993699
-3.514499546298074,3.41120003533644,-0.036446379617808285
-3.411131912583425,3.41120003533644,-0.035355643440437616
-3.3077642788687753,3.41120003533644,-0.026776091431856514
-3.204396645154126,3.41120003533644,-0.01326746743804687
-3.101029011439477,3.41120003533644,0.0012626807331713285
-2.9976613777248278,3.41120003533644,0.012782365988872458
-2.8942937440101786,3.41120003533644,0.01837175503977164
-2.790926110295529,3.41120003533644,0.017074889735328627
-2.6875584765808798,3.41120003533644,0.010098392185360803
-2.5841908428662306,3.41120003533644,0.00030636549116025495
-2.4808232091515814,3.41120003533644,-0.00880714704153153
-2.3774555754369326,3.41120003533644,-0.014317041487125932
-2.2740879417222835,3.41120003533644,-0.014834885945748118
-2.1707203080076334,3.41120003533644,-0.010926065753115376
-2.067352674292984,3.41120003533644,-0.004845445094562113
-1.9639850405783352,3.41120003533644,0.00030922205076288326
-1.8606174068636863,3.41120003533644,0.0017323981576239063
-1.757249773149037,3.41120003533644,-0.0020536749293463474
-1.6538821394343879,3.41120003533644,-0.010614763980815692
-1.550514505719738,3.41120003533644,-0.021670281067537184
-1.447146872005089,3.41120003533644,-0.0317892975319112
-1.3437792382904399,3.41120003533644,-0.037488083262596644
-1.2404116045757907,3.41120003533644,-0.03636886716865884
-1.1370439708611417,3.41120003533644,-0.02792835047618875
-1.0336763371464925,3.41120003533644,-0.013775352079229685
-0.9303087034318435,3.41120003533644,0.002808894477986251
-0.8269410697171936,3.41120003533644,0.01782228259356578
-0.7235734360025445,3.41120003533644,0.02769966405550092
-0.6202058022878953,3.41120003533644,0.030314187620468284
-0.5168381685732463,3.41120003533644,0.02552045391825998
-0.4134705348585972,3.41120003533644,0.0150932820648884
-0.31010290114394806,3.41120003533644,0.002111590078750594
-0.2067352674292982,3.41120003533644,-0.009992534869737911
-0.1033676337146491,3.41120003533644,-0.018408406643975334
0.,3.41120003533644,-0.021647803674485457
0.1033676337146491,3.41120003533644,-0.019784072174287973
0.2067352674292982,3.41120003533644,-0.014202767494129605
0.31010290114394734,3.41120003533644,-0.006995575947652983
0.4134705348585964,3.41120003533644,-0.00023133094735963022
0.5168381685732455,3.41120003533644,0.0046464820693562555
0.6202058022878947,3.41120003533644,0.007116179790705947
0.7235734360025438,3.41120003533644,0.007513582821322646
0.8269410697171944,3.41120003533644,0.006684458601699307
0.9303087034318435,3.41120003533644,0.005523541330395851
1.0336763371464925,3.41120003533644,0.004592304606935267
1.1370439708611417,3.41120003533644,0.003956829734098761
1.2404116045757907,3.41120003533644,0.0032867360802937146
1.3437792382904399,3.41120003533644,0.002146844964757813
1.447146872005089,3.41120003533644,0.0003370732981882205
1.550514505719738,3.41120003533644,-0.0018791050405959308
1.6538821394343872,3.41120003533644,-0.0037675594095971576
1.7572497731490362,3.41120003533644,-0.004353983423494064
1.8606174068636854,3.41120003533644,-0.0028077764221490376
1.9639850405783346,3.41120003533644,0.0011725921707847987
2.0673526742929837,3.41120003533644,0.007133149933601892
2.1707203080076343,3.41120003533644,0.013902678962463784
2.2740879417222835,3.41120003533644,0.019903731669947404
2.3774555754369326,3.41120003533644,0.02364030529608392
2.4808232091515814,3.41120003533644,0.024194771362647183
2.5841908428662306,3.41120003533644,0.02155566737614562
2.6875584765808798,3.41120003533644,0.016652586117953876
2.790926110295529,3.41120003533644,0.011075702493966994
2.894293744010178,3.41120003533644,0.00656911452717156
2.997661377724827,3.41120003533644,0.004468648408606658
3.101029011439476,3.41120003533644,0.005276254586658876
3.2043966451541253,3.41120003533644,0.00851638272942306
3.3077642788687744,3.41120003533644,0.012921242229846202
3.411131912583425,3.41120003533644,0.016876877408273237
3.514499546298074,3.41120003533644,0.018971754656708084
3.6178671800127233,3.41120003533644,0.01845633508811755
3.7212348137273725,3.41120003533644,0.015457456729577832
3.8246024474420213,3.41120003533644,0.010881961683370429
3.9279700811566705,3.41120003533644,0.006056570402404666
4.031337714871319,3.41120003533644,0.0022444135858504678
4.134705348585968,3.41120003533644,0.00021900217456626147
4.238072982300618,3.41120003533644,0.000049505116429433614
4.341440616015267,3.41120003533644,0.0011676252211041442
4.444808249729916,3.41120003533644,0.0026776749597831055
4.548175883444565,3.41120003533644,0.003778526009330432
4.651543517159214,3.41120003533644,0.004123988020938774
4.754911150873865,3.41120003533644,0.003973016454862008
4.858278784588514,3.41120003533644,0.0040640286336363005
4.961646418303163,3.41120003533644,0.005257571207236702
5.065014052017812,3.41120003533644,0.00808693663863905
5.168381685732461,3.41120003533644,0.012400073164565135
5.27174931944711,3.41120003533644,0.017249929222410313
5.3751169531617595,3.41120003533644,0.021101825468458617
5.478484586876409,3.41120003533644,0.022306919929774502
5.581852220591058,3.41120003533644,0.019684391346548227
5.685219854305707,3.41120003533644,0.013002341459998868
5.788587488020356,3.41120003533644,0.0031707669583801623
5.8919551217350055,3.41120003533644,-0.007945945583840808
5.995322755449654,3.41120003533644,-0.018056284405509167
6.098690389164305,3.41120003533644,-0.02514273839070841
6.202058022878954,3.41120003533644,-0.02809991382305756
6.305425656593603,3.41120003533644,-0.027084137816356463
6.408793290308252,3.41120003533644,-0.023442020901137738
-6.408793290308252,3.514569733376938,-0.00029043167027807866
-6.305425656593603,3.514569733376938,0.002013679946466241
-6.202058022878954,3.514569733376938,-0.00039703536474136456
-6.098690389164304,3.514569733376938,-0.006741134085197598
-5.995322755449655,3.514569733376938,-0.014832084889594262
-5.8919551217350055,3.514569733376938,-0.021787054568677862
-5.788587488020356,3.514569733376938,-0.024992506597493747
-5.685219854305708,3.514569733376938,-0.02300818600818075
-5.581852220591058,3.514569733376938,-0.01610105491347159
-5.478484586876409,3.514569733376938,-0.00621648435980856
-5.3751169531617595,3.514569733376938,0.0036207750406865476
-5.27174931944711,3.514569733376938,0.010289908563511588
-5.168381685732461,3.514569733376938,0.011619946199329058
-5.065014052017812,3.514569733376938,0.007146356777368345
-4.961646418303163,3.514569733376938,-0.0016852188427385248
-4.858278784588514,3.514569733376938,-0.011951805049496588
-4.754911150873865,3.514569733376938,-0.02019375829436731
-4.651543517159215,3.514569733376938,-0.023560651628050894
-4.548175883444566,3.514569733376938,-0.020783993603887215
-4.444808249729917,3.514569733376938,-0.012648134779826674
-4.341440616015267,3.514569733376938,-0.001791434692664109
-4.238072982300618,3.514569733376938,0.008110697452046017
-4.134705348585968,3.514569733376938,0.013523580926334638
-4.031337714871319,3.514569733376938,0.012211592874889387
-3.9279700811566705,3.514569733376938,0.003998413560917383
-3.8246024474420213,3.514569733376938,-0.009122708234405866
-3.7212348137273725,3.514569733376938,-0.023570001376233333
-3.6178671800127233,3.514569733376938,-0.03526191487377436
-3.514499546298074,3.514569733376938,-0.040865027244659013
-3.411131912583425,3.514569733376938,-0.03880218548291254
-3.3077642788687753,3.514569733376938,-0.029702336532405844
-3.204396645154126,3.514569733376938,-0.016157469042800025
-3.101029011439477,3.514569733376938,-0.0018780559000083675
-2.9976613777248278,3.514569733376938,0.009468679760691079
-2.8942937440101786,3.514569733376938,0.015356836473324427
-2.790926110295529,3.514569733376938,0.015085883300441744
-2.6875584765808798,3.514569733376938,0.009845650887848266
-2.5841908428662306,3.514569733376938,0.002167079669821254
-2.4808232091515814,3.514569733376938,-0.005033238655717912
-2.3774555754369326,3.514569733376938,-0.00947789464487129
-2.2740879417222835,3.514569733376938,-0.010273347853340376
-2.1707203080076334,3.514569733376938,-0.008130269037436006
-2.067352674292984,3.514569733376938,-0.005000783661356852
-1.9639850405783352,3.514569733376938,-0.003275159344143066
-1.8606174068636863,3.514569733376938,-0.004829149785269522
-1.757249773149037,3.514569733376938,-0.0102598020077682
-1.6538821394343879,3.514569733376938,-0.01857805796806379
-1.550514505719738,3.514569733376938,-0.027466522081018373
-1.447146872005089,3.514569733376938,-0.03401611506898252
-1.3437792382904399,3.514569733376938,-0.03569252643814139
-1.2404116045757907,3.514569733376938,-0.031206936506114866
-1.1370439708611417,3.514569733376938,-0.020999676984561066
-1.0336763371464925,3.514569733376938,-0.007176756852539366
-0.9303087034318435,3.514569733376938,0.007078519885729277
-0.8269410697171936,3.514569733376938,0.018425416068894696
-0.7235734360025445,3.514569733376938,0.024320418300706862
-0.6202058022878953,3.514569733376938,0.023707158650224616
-0.5168381685732463,3.514569733376938,0.017237413188674555
-0.4134705348585972,3.514569733376938,0.006977396106349
-0.31010290114394806,3.514569733376938,-0.004280039455107489
-0.2067352674292982,3.514569733376938,-0.01385797444580016
-0.1033676337146491,3.514569733376938,-0.019919739804626864
0.,3.514569733376938,-0.02186016027997279
0.1033676337146491,3.514569733376938,-0.020274441879112644
0.2067352674292982,3.514569733376938,-0.016561867087292858
0.31010290114394734,3.514569733376938,-0.012337593923978865
0.4134705348585964,3.514569733376938,-0.008873593008632817
0.5168381685732455,3.514569733376938,-0.006756896491210105
0.6202058022878947,3.514569733376938,-0.005856686050310307
0.7235734360025438,3.514569733376938,-0.00556991621347152
0.8269410697171944,3.514569733376938,-0.005213838670008675
0.9303087034318435,3.514569733376938,-0.00438900863397977
1.0336763371464925,3.514569733376938,-0.003161826476765569
1.1370439708611417,3.514569733376938,-0.0019985524415601246
1.2404116045757907,3.514569733376938,-0.0014891880583354027
1.3437792382904399,3.514569733376938,-0.001987897659632558
1.447146872005089,3.514569733376938,-0.0033327962354854973
1.550514505719738,3.514569733376938,-0.004778337801203688
1.6538821394343872,3.514569733376938,-0.00518975281794063
1.7572497731490362,3.514569733376938,-0.003443190561182013
1.8606174068636854,3.514569733376938,0.0011118968085084323
1.9639850405783346,3.514569733376938,0.0083060917451892
2.0673526742929837,3.514569733376938,0.01706441023653729
2.1707203080076343,3.514569733376938,0.025637820910292267
2.2740879417222835,3.514569733376938,0.03209377620962248
2.3774555754369326,3.514569733376938,0.034910158306769946
2.4808232091515814,3.514569733376938,0.03347242096719528
2.5841908428662306,3.514569733376938,0.02829948020760809
2.6875584765808798,3.514569733376938,0.020912356743459037
2.790926110295529,3.514569733376938,0.013380295408534209
2.894293744010178,3.514569733376938,0.007689756038543154
2.997661377724827,3.514569733376938,0.005143167242250556
3.101029011439476,3.514569733376938,0.0059847687348733225
3.2043966451541253,3.514569733376938,0.009373445999846602
3.3077642788687744,3.514569733376938,0.01370436127769353
3.411131912583425,3.514569733376938,0.017163845376277
3.514499546298074,3.514569733376938,0.018326334496483177
3.6178671800127233,3.514569733376938,0.01659391818081939
3.7212348137273725,3.514569733376938,0.01233993551399743
3.8246024474420213,3.514569733376938,0.00672511401776754
3.9279700811566705,3.514569733376938,0.001269023385241755
4.031337714871319,3.514569733376938,-0.002659721784413621
4.134705348585968,3.514569733376938,-0.00425197656604728
4.238072982300618,3.514569733376938,-0.003430313722197136
4.341440616015267,3.514569733376938,-0.0007448731369430269
4.444808249729916,3.514569733376938,0.0029415761563807118
4.548175883444565,3.514569733376938,0.006836989839969145
4.651543517159214,3.514569733376938,0.010510173759294318
4.754911150873865,3.514569733376938,0.013970782144959372
4.858278784588514,3.514569733376938,0.017513165031430175
4.961646418303163,3.514569733376938,0.021399403013588576
5.065014052017812,3.514569733376938,0.025528691673315063
5.168381685732461,3.514569733376938,0.029253300456374462
5.27174931944711,3.514569733376938,0.03144856323146369
5.3751169531617595,3.514569733376938,0.030844080914511907
5.478484586876409,3.514569733376938,0.026512983851779675
5.581852220591058,3.514569733376938,0.01833867192040935
5.685219854305707,3.514569733376938,0.007266276885008995
5.788587488020356,3.514569733376938,-0.004791752582835669
5.8919551217350055,3.514569733376938,-0.015408701762655443
5.995322755449654,3.514569733376938,-0.022335166755703288
6.098690389164305,3.514569733376938,-0.02420974441939712
6.202058022878954,3.514569733376938,-0.02104263856420415
6.305425656593603,3.514569733376938,-0.014286271710823546
6.408793290308252,3.514569733376938,-0.006438018543373204
-6.408793290308252,3.6179394314174362,0.01793028532989858
-6.305425656593603,3.6179394314174362,0.018580009900403927
-6.202058022878954,3.6179394314174362,0.01346848152841089
-6.098690389164304,3.6179394314174362,0.0042367922863093144
-5.995322755449655,3.6179394314174362,-0.006228673545256713
-5.8919551217350055,3.6179394314174362,-0.014699569642241846
-5.788587488020356,3.6179394314174362,-0.01863030301110133
-5.685219854305708,3.6179394314174362,-0.016975271831148168
-5.581852220591058,3.6179394314174362,-0.01052932980070735
-5.478484586876409,3.6179394314174362,-0.0016726374273499764
-5.3751169531617595,3.6179394314174362,0.006405441258461652
-5.27174931944711,3.6179394314174362,0.010755793057357235
-5.168381685732461,3.6179394314174362,0.00965054413670948
-5.065014052017812,3.6179394314174362,0.003171253013448058
-4.961646418303163,3.6179394314174362,-0.006794706846396065
-4.858278784588514,3.6179394314174362,-0.017155512310311975
-4.754911150873865,3.6179394314174362,-0.024622444640044157
-4.651543517159215,3.6179394314174362,-0.026795804694226117
-4.548175883444566,3.6179394314174362,-0.022972253214472865
-4.444808249729917,3.6179394314174362,-0.014405296498807412
-4.341440616015267,3.6179394314174362,-0.003928482128565212
-4.238072982300618,3.6179394314174362,0.004940551158587459
-4.134705348585968,3.6179394314174362,0.009126632196286637
-4.031337714871319,3.6179394314174362,0.006989862937273109
-3.9279700811566705,3.6179394314174362,-0.0011359580153075843
-3.8246024474420213,3.6179394314174362,-0.013031370102595643
-3.7212348137273725,3.6179394314174362,-0.02527390838637315
-3.6178671800127233,3.6179394314174362,-0.03429182142272468
-3.514499546298074,3.6179394314174362,-0.037448729934282894
-3.411131912583425,3.6179394314174362,-0.0338151648676137
-3.3077642788687753,3.6179394314174362,-0.024391237319868055
-3.204396645154126,3.6179394314174362,-0.011727636279456121
-3.101029011439477,3.6179394314174362,0.0009121169811859285
-2.9976613777248278,3.6179394314174362,0.010561713914486874
-2.8942937440101786,3.6179394314174362,0.015402991503031949
-2.790926110295529,3.6179394314174362,0.015192329826841005
-2.6875584765808798,3.6179394314174362,0.011148962756031049
-2.5841908428662306,3.6179394314174362,0.005376021704259219
-2.4808232091515814,3.6179394314174362,0.00003892488860028873
-2.3774555754369326,3.6179394314174362,-0.0034022547923627713
-2.2740879417222835,3.6179394314174362,-0.004641711220695994
-2.1707203080076334,3.6179394314174362,-0.004515366827076174
-2.067352674292984,3.6179394314174362,-0.004551832975849
-1.9639850405783352,3.6179394314174362,-0.006266198474870382
-1.8606174068636863,3.6179394314174362,-0.010463814572545511
-1.757249773149037,3.6179394314174362,-0.016813401805279182
-1.6538821394343879,3.6179394314174362,-0.023849766268909552
-1.550514505719738,3.6179394314174362,-0.029412146188686015
-1.447146872005089,3.6179394314174362,-0.031369192981080714
-1.3437792382904399,3.6179394314174362,-0.028379692095900067
-1.2404116045757907,3.6179394314174362,-0.02042402064068665
-1.1370439708611417,3.6179394314174362,-0.008918858918490646
-1.0336763371464925,3.6179394314174362,0.0036309733845021107
-0.9303087034318435,3.6179394314174362,0.014333795822163275
-0.8269410697171936,3.6179394314174362,0.020738710633724313
-0.7235734360025445,3.6179394314174362,0.021523885825909354
-0.6202058022878953,3.6179394314174362,0.016830426624019686
-0.5168381685732463,3.6179394314174362,0.008147859864630404
-0.4134705348585972,3.6179394314174362,-0.002194064543811673
-0.31010290114394806,3.6179394314174362,-0.01174731721684571
-0.2067352674292982,3.6179394314174362,-0.018641064951385976
-0.1033676337146491,3.6179394314174362,-0.022033083698884945
0.,3.6179394314174362,-0.022193886737595467
0.1033676337146491,3.6179394314174362,-0.02023102379046856
0.2067352674292982,3.6179394314174362,-0.017581340868994544
0.31010290114394734,3.6179394314174362,-0.01546779138819479
0.4134705348585964,3.6179394314174362,-0.014513195217432828
0.5168381685732455,3.6179394314174362,-0.014631328130428212
0.6202058022878947,3.6179394314174362,-0.015204982550615786
0.7235734360025438,3.6179394314174362,-0.015453033190421177
0.8269410697171944,3.6179394314174362,-0.014823277871390745
0.9303087034318435,3.6179394314174362,-0.013247373021309591
1.0336763371464925,3.6179394314174362,-0.011156537916050546
1.1370439708611417,3.6179394314174362,-0.009256661199880611
1.2404116045757907,3.6179394314174362,-0.008160297722749286
1.3437792382904399,3.6179394314174362,-0.008033032298542872
1.447146872005089,3.6179394314174362,-0.008409930044196186
1.550514505719738,3.6179394314174362,-0.008274648705073547
1.6538821394343872,3.6179394314174362,-0.006392645384017502
1.7572497731490362,3.6179394314174362,-0.001788547953261943
1.8606174068636854,3.6179394314174362,0.005805541208252305
1.9639850405783346,3.6179394314174362,0.015704589690562813
2.0673526742929837,3.6179394314174362,0.026337653827886623
2.1707203080076343,3.6179394314174362,0.03562986383276907
2.2740879417222835,3.6179394314174362,0.04158949400421114
2.3774555754369326,3.6179394314174362,0.04291290064521712
2.4808232091515814,3.6179394314174362,0.03940616222137262
2.5841908428662306,3.6179394314174362,0.03207787163872033
2.6875584765808798,3.6179394314174362,0.0228643514634878
2.790926110295529,3.6179394314174362,0.014070079190993125
2.894293744010178,3.6179394314174362,0.007700498988515484
2.997661377724827,3.6179394314174362,0.004899241530136072
3.101029011439476,3.6179394314174362,0.005665417150063196
3.2043966451541253,3.6179394314174362,0.008932162661844609
3.3077642788687744,3.6179394314174362,0.012968029299731827
3.411131912583425,3.6179394314174362,0.01595928684132505
3.514499546298074,3.6179394314174362,0.016578609496839817
3.6178671800127233,3.6179394314174362,0.01436026346271918
3.7212348137273725,3.6179394314174362,0.009776356265020008
3.8246024474420213,3.6179394314174362,0.004014796161834662
3.9279700811566705,3.6179394314174362,-0.0014409660045610953
4.031337714871319,3.6179394314174362,-0.005272135711246018
4.134705348585968,3.6179394314174362,-0.006667946317834925
4.238072982300618,3.6179394314174362,-0.005452838886316493
4.341440616015267,3.6179394314174362,-0.001987257016645905
4.444808249729916,3.6179394314174362,0.0030822119957410227
4.548175883444565,3.6179394314174362,0.009097538171495601
4.651543517159214,3.6179394314174362,0.015566692477719227
4.754911150873865,3.6179394314174362,0.022175913052476116
4.858278784588514,3.6179394314174362,0.028650375825715342
4.961646418303163,3.6179394314174362,0.03455170507583734
5.065014052017812,3.6179394314174362,0.03913736386043799
5.168381685732461,3.6179394314174362,0.04138853576346629
5.27174931944711,3.6179394314174362,0.04024465695604253
5.3751169531617595,3.6179394314174362,0.03498982974965565
5.478484586876409,3.6179394314174362,0.02565582823072107
5.581852220591058,3.6179394314174362,0.013272611374889257
5.685219854305707,3.6179394314174362,-0.00017154753174036553
5.788587488020356,3.6179394314174362,-0.012107801175798353
5.8919551217350055,3.6179394314174362,-0.020029293789223728
5.995322755449654,3.6179394314174362,-0.02221771493806138
6.098690389164305,3.6179394314174362,-0.0183194151012765
6.202058022878954,3.6179394314174362,-0.009561875913212012
6.305425656593603,3.6179394314174362,0.001496990278979473
6.408793290308252,3.6179394314174362,0.011646190437938532
-6.408793290308252,3.7213091294579344,0.030184621420981758
-6.305425656593603,3.7213091294579344,0.028568947983828873
-6.202058022878954,3.7213091294579344,0.02136030623476969
-6.098690389164304,3.7213091294579344,0.01082199688002716
-5.995322755449655,3.7213091294579344,0.00005764980724599356
-5.8919551217350055,3.7213091294579344,-0.007948050482460712
-5.788587488020356,3.7213091294579344,-0.01124665201651833
-5.685219854305708,3.7213091294579344,-0.009510347279228977
-5.581852220591058,3.7213091294579344,-0.004095425275428042
-5.478484586876409,3.7213091294579344,0.0024372041838024295
-5.3751169531617595,3.7213091294579344,0.007190437517371968
-5.27174931944711,3.7213091294579344,0.007906483287294524
-5.168381685732461,3.7213091294579344,0.003730668091035986
-5.065014052017812,3.7213091294579344,-0.004487799168230956
-4.961646418303163,3.7213091294579344,-0.014458821257813809
-4.858278784588514,3.7213091294579344,-0.023194109373381937
-4.754911150873865,3.7213091294579344,-0.027987444071283916
-4.651543517159215,3.7213091294579344,-0.027311376854511495
-4.548175883444566,3.7213091294579344,-0.021335780473839206
-4.444808249729917,3.7213091294579344,-0.011897175809951198
-4.341440616015267,3.7213091294579344,-0.0019275249528639229
-4.238072982300618,3.7213091294579344,0.00547223461321962
-4.134705348585968,3.7213091294579344,0.008013493232647679
-4.031337714871319,3.7213091294579344,0.004939650725216724
-3.9279700811566705,3.7213091294579344,-0.002744625041539479
-3.8246024474420213,3.7213091294579344,-0.012601860800619752
-3.7212348137273725,3.7213091294579344,-0.021533983599220298
-3.6178671800127233,3.7213091294579344,-0.02674326336472799
-3.514499546298074,3.7213091294579344,-0.026572051394592032
-3.411131912583425,3.7213091294579344,-0.020959037575328077
-3.3077642788687753,3.7213091294579344,-0.01138205563323205
-3.204396645154126,3.7213091294579344,-0.0003285555428154969
-3.101029011439477,3.7213091294579344,0.009513140502763643
-2.9976613777248278,3.7213091294579344,0.01606595151194892
-2.8942937440101786,3.7213091294579344,0.018415880263813515
-2.790926110295529,3.7213091294579344,0.01694005039960284
-2.6875584765808798,3.7213091294579344,0.012998725929058713
-2.5841908428662306,3.7213091294579344,0.008328442840792177
-2.4808232091515814,3.7213091294579344,0.004369576764674793
-2.3774555754369326,3.7213091294579344,0.0017731048721871688
-2.2740879417222835,3.7213091294579344,0.00025643038513939643
-2.1707203080076334,3.7213091294579344,-0.001154634891411285
-2.067352674292984,3.7213091294579344,-0.0036032558713158074
-1.9639850405783352,3.7213091294579344,-0.007805726046982501
-1.8606174068636863,3.7213091294579344,-0.013615416499351878
-1.757249773149037,3.7213091294579344,-0.019920724661447925
-1.6538821394343879,3.7213091294579344,-0.024929514939082492
-1.550514505719738,3.7213091294579344,-0.026751443769680534
-1.447146872005089,3.7213091294579344,-0.024079062594358724
-1.3437792382904399,3.7213091294579344,-0.016727664883928035
-1.2404116045757907,3.7213091294579344,-0.005836943640152958
-1.1370439708611417,3.7213091294579344,0.0063502412531984765
-1.0336763371464925,3.7213091294579344,0.017074155891631925
-0.9303087034318435,3.7213091294579344,0.023827998977375912
-0.8269410697171936,3.7213091294579344,0.025067081159429787
-0.7235734360025445,3.7213091294579344,0.02063273464332332
-0.6202058022878953,3.7213091294579344,0.011760558704374494
-0.5168381685732463,3.7213091294579344,0.0006788407327857779
-0.4134705348585972,3.7213091294579344,-0.010065341449384277
-0.31010290114394806,3.7213091294579344,-0.01833186912584345
-0.2067352674292982,3.7213091294579344,-0.02293708369152264
-0.1033676337146491,3.7213091294579344,-0.023866967450774483
0.,3.7213091294579344,-0.022112153724307644
0.1033676337146491,3.7213091294579344,-0.019209458713424377
0.2067352674292982,3.7213091294579344,-0.01666610293364463
0.31010290114394734,3.7213091294579344,-0.015469358388817741
0.4134705348585964,3.7213091294579344,-0.01583971969576924
0.5168381685732455,3.7213091294579344,-0.017288614478770364
0.6202058022878947,3.7213091294579344,-0.018928654884420717
0.7235734360025438,3.7213091294579344,-0.01989637087361525
0.8269410697171944,3.7213091294579344,-0.01971489106892094
0.9303087034318435,3.7213091294579344,-0.018456878735837613
1.0336763371464925,3.7213091294579344,-0.016652029375031862
1.1370439708611417,3.7213091294579344,-0.014986152772858386
1.2404116045757907,3.7213091294579344,-0.013921642077764841
1.3437792382904399,3.7213091294579344,-0.013401220504609668
1.447146872005089,3.7213091294579344,-0.012766478663495532
1.550514505719738,3.7213091294579344,-0.010941193351936704
1.6538821394343872,3.7213091294579344,-0.006826909654548444
1.7572497731490362,3.7213091294579344,0.00022726216063156604
1.8606174068636854,3.7213091294579344,0.010055253125947567
1.9639850405783346,3.7213091294579344,0.02155286393067877
2.0673526742929837,3.7213091294579344,0.03287087712365956
2.1707203080076343,3.7213091294579344,0.0418800927176233
2.2740879417222835,3.7213091294579344,0.04676896034363776
2.3774555754369326,3.7213091294579344,0.04658338326797437
2.4808232091515814,3.7213091294579344,0.04153154381483426
2.5841908428662306,3.7213091294579344,0.03295030738551689
2.6875584765808798,3.7213091294579344,0.022938939699859696
2.790926110295529,3.7213091294579344,0.013773343196111065
2.894293744010178,3.7213091294579344,0.007283431286953654
2.997661377724827,3.7213091294579344,0.0043847035173090005
3.101029011439476,3.7213091294579344,0.004900851034746054
3.2043966451541253,3.7213091294579344,0.007717025451589838
3.3077642788687744,3.7213091294579344,0.011197108290491673
3.411131912583425,3.7213091294579344,0.013718847430854147
3.514499546298074,3.7213091294579344,0.014153532338214331
3.6178671800127233,3.7213091294579344,0.012148405323287668
3.7212348137273725,3.7213091294579344,0.008146104431157793
3.8246024474420213,3.7213091294579344,0.0031671400584526977
3.9279700811566705,3.7213091294579344,-0.0015441710319247211
4.031337714871319,3.7213091294579344,-0.004877617802110356
4.134705348585968,3.7213091294579344,-0.006104203864820772
4.238072982300618,3.7213091294579344,-0.00495536946629292
4.341440616015267,3.7213091294579344,-0.0015493553768108198
4.444808249729916,3.7213091294579344,0.0037627733901013658
4.548175883444565,3.7213091294579344,0.010538105323776704
4.651543517159214,3.7213091294579344,0.018298890547702288
4.754911150873865,3.7213091294579344,0.02648885147623338
4.858278784588514,3.7213091294579344,0.034373689053844705
4.961646418303163,3.7213091294579344,0.04097183489433812
5.065014052017812,3.7213091294579344,0.04510229629203935
5.168381685732461,3.7213091294579344,0.04559331312895003
5.27174931944711,3.7213091294579344,0.04162343366740683
5.3751169531617595,3.7213091294579344,0.033093896620601006
5.478484586876409,3.7213091294579344,0.020889089426299884
5.581852220591058,3.7213091294579344,0.006892104929560952
5.685219854305707,3.7213091294579344,-0.006311950438514945
5.788587488020356,3.7213091294579344,-0.01600964987170708
5.8919551217350055,3.7213091294579344,-0.020069643225929044
5.995322755449654,3.7213091294579344,-0.01758079992530418
6.098690389164305,3.7213091294579344,-0.009205916962346784
6.202058022878954,3.7213091294579344,0.0028911583730926184
6.305425656593603,3.7213091294579344,0.015561668469259759
6.408793290308252,3.7213091294579344,0.025505936534784668
-6.408793290308252,3.8246788274984325,0.03333933563953094
-6.305425656593603,3.8246788274984325,0.029523874354558242
-6.202058022878954,3.8246788274984325,0.02142822607478786
-6.098690389164304,3.8246788274984325,0.011526904370333522
-5.995322755449655,3.8246788274984325,0.002605189945985528
-5.8919551217350055,3.8246788274984325,-0.0031093733159542757
-5.788587488020356,3.8246788274984325,-0.004626331295282615
-5.685219854305708,3.8246788274984325,-0.002464628792836263
-5.581852220591058,3.8246788274984325,0.0015703224526160348
-5.478484586876409,3.8246788274984325,0.005032362472626084
-5.3751169531617595,3.8246788274984325,0.005691592796698906
-5.27174931944711,3.8246788274984325,0.00232012257480087
-5.168381685732461,3.8246788274984325,-0.004854588730447961
-5.065014052017812,3.8246788274984325,-0.014182017196054074
-4.961646418303163,3.8246788274984325,-0.02310018382068512
-4.858278784588514,3.8246788274984325,-0.028961608969142395
-4.754911150873865,3.8246788274984325,-0.029903488043028045
-4.651543517159215,3.8246788274984325,-0.02547557908982983
-4.548175883444566,3.8246788274984325,-0.016817534715197504
-4.444808249729917,3.8246788274984325,-0.006324650644444253
-4.341440616015267,3.8246788274984325,0.0030914336600219483
-4.238072982300618,3.8246788274984325,0.008908151156932977
-4.134705348585968,3.8246788274984325,0.009771126253346002
-4.031337714871319,3.8246788274984325,0.0058973892447201125
-3.9279700811566705,3.8246788274984325,-0.0010225658406121318
-3.8246024474420213,3.8246788274984325,-0.008385016015933375
-3.7212348137273725,3.8246788274984325,-0.01350748279485555
-3.6178671800127233,3.8246788274984325,-0.014464291518746812
-3.514499546298074,3.8246788274984325,-0.010656260346402026
-3.411131912583425,3.8246788274984325,-0.0029413944894127577
-3.3077642788687753,3.8246788274984325,0.006697998493040586
-3.204396645154126,3.8246788274984325,0.01582382270084019
-3.101029011439477,3.8246788274984325,0.022312987689548033
-2.9976613777248278,3.8246788274984325,0.02497309919281052
-2.8942937440101786,3.8246788274984325,0.023808989753555297
-2.790926110295529,3.8246788274984325,0.019872896113147288
-2.6875584765808798,3.8246788274984325,0.014776485405824121
-2.5841908428662306,3.8246788274984325,0.010056429299753613
-2.4808232091515814,3.8246788274984325,0.006628382578227149
-2.3774555754369326,3.8246788274984325,0.004523644487950024
-2.2740879417222835,3.8246788274984325,0.002994377470749042
-2.1707203080076334,3.8246788274984325,0.0009363326360902343
-2.067352674292984,3.8246788274984325,-0.0025386546798087306
-1.9639850405783352,3.8246788274984325,-0.007603432070497035
-1.8606174068636863,3.8246788274984325,-0.013487222877682881
-1.757249773149037,3.8246788274984325,-0.018619019950658046
-1.6538821394343879,3.8246788274984325,-0.021109255474616544
-1.550514505719738,3.8246788274984325,-0.019412032788045888
-1.447146872005089,3.8246788274984325,-0.012939592469801107
-1.3437792382904399,3.8246788274984325,-0.002408872033093713
-1.2404116045757907,3.8246788274984325,0.010215153156184471
-1.1370439708611417,3.8246788274984325,0.02218180617425113
-1.0336763371464925,3.8246788274984325,0.030689428653815107
-0.9303087034318435,3.8246788274984325,0.03366662312341294
-0.8269410697171936,3.8246788274984325,0.030356037931030633
-0.7235734360025445,3.8246788274984325,0.02151894309932457
-0.6202058022878953,3.8246788274984325,0.009200172546160176
-0.5168381685732463,3.8246788274984325,-0.00386743777836983
-0.4134705348585972,3.8246788274984325,-0.015028590793305499
-0.31010290114394806,3.8246788274984325,-0.0224034081301737
-0.2067352674292982,3.8246788274984325,-0.025311018990933763
-0.1033676337146491,3.8246788274984325,-0.02430873368612257
0.,3.8246788274984325,-0.020864487353365675
0.1033676337146491,3.8246788274984325,-0.016795759716747367
0.2067352674292982,3.8246788274984325,-0.013673487837441121
0.31010290114394734,3.8246788274984325,-0.01238508785452571
0.4134705348585964,3.8246788274984325,-0.012981574461363273
0.5168381685732455,3.8246788274984325,-0.014826849834097208
0.6202058022878947,3.8246788274984325,-0.016961358069824062
0.7235734360025438,3.8246788274984325,-0.01852429915398536
0.8269410697171944,3.8246788274984325,-0.01907050814212968
0.9303087034318435,3.8246788274984325,-0.018669930323294205
1.0336763371464925,3.8246788274984325,-0.0177680241125476
1.1370439708611417,3.8246788274984325,-0.016879943594823445
1.2404116045757907,3.8246788274984325,-0.016255077639062185
1.3437792382904399,3.8246788274984325,-0.015658609160654563
1.447146872005089,3.8246788274984325,-0.014370390657048225
1.550514505719738,3.8246788274984325,-0.011416466905709011
1.6538821394343872,3.8246788274984325,-0.005956776052794157
1.7572497731490362,3.8246788274984325,0.002312045213507324
1.8606174068636854,3.8246788274984325,0.012893238356821383
1.9639850405783346,3.8246788274984325,0.02447716871515971
2.0673526742929837,3.8246788274984325,0.035205701900241596
2.1707203080076343,3.8246788274984325,0.043143623874666026
2.2740879417222835,3.8246788274984325,0.046812833142541706
2.3774555754369326,3.8246788274984325,0.04561937271199093
2.4808232091515814,3.8246788274984325,0.04003529422660453
2.5841908428662306,3.8246788274984325,0.03147580139735192
2.6875584765808798,3.8246788274984325,0.021910044409550838
2.790926110295529,3.8246788274984325,0.013327946176594462
2.894293744010178,3.8246788274984325,0.007227557086377073
2.997661377724827,3.8246788274984325,0.004274687290010921
3.101029011439476,3.8246788274984325,0.00422511177015975
3.2043966451541253,3.8246788274984325,0.006112066513621555
3.3077642788687744,3.8246788274984325,0.008618659489559755
3.411131912583425,3.8246788274984325,0.010503858218723653
3.514499546298074,3.8246788274984325,0.010947012179769492
3.6178671800127233,3.8246788274984325,0.009717247051148568
3.7212348137273725,3.8246788274984325,0.007142646014020084
3.8246024474420213,3.8246788274984325,0.003923523459652453
3.9279700811566705,3.8246788274984325,0.0008794262835208991
4.031337714871319,3.8246788274984325,-0.0012735096697711092
4.134705348585968,3.8246788274984325,-0.002048442706140549
4.238072982300618,3.8246788274984325,-0.0012026121201562697
4.341440616015267,3.8246788274984325,0.0013224532386483451
4.444808249729916,3.8246788274984325,0.005470550562145176
4.548175883444565,3.8246788274984325,0.011091071288783904
4.651543517159214,3.8246788274984325,0.017886723916935153
4.754911150873865,3.8246788274984325,0.02531522967896288
4.858278784588514,3.8246788274984325,0.03251183433517629
4.961646418303163,3.8246788274984325,0.03831028770528272
5.065014052017812,3.8246788274984325,0.04141269368317092
5.168381685732461,3.8246788274984325,0.04070062375816606
5.27174931944711,3.8246788274984325,0.035612345210429636
5.3751169531617595,3.8246788274984325,0.02646151969950407
5.478484586876409,3.8246788274984325,0.01456462449598158
5.581852220591058,3.8246788274984325,0.002087102907135845
5.685219854305707,3.8246788274984325,-0.008397505800471026
5.788587488020356,3.8246788274984325,-0.014541777580915224
5.8919551217350055,3.8246788274984325,-0.01487845805810423
5.995322755449654,3.8246788274984325,-0.009291715878686446
6.098690389164305,3.8246788274984325,0.0008599050246269926
6.202058022878954,3.8246788274984325,0.013037583334735394
6.305425656593603,3.8246788274984325,0.024173989295005274
6.408793290308252,3.8246788274984325,0.03150508938078663
-6.408793290308252,3.9280485255389306,0.027305109723593745
-6.305425656593603,3.9280485255389306,0.02191633373024953
-6.202058022878954,3.9280485255389306,0.01430891127783697
-6.098690389164304,3.9280485255389306,0.006719446771121761
-5.995322755449655,3.9280485255389306,0.0011869015834653773
-5.8919551217350055,3.9280485255389306,-0.001112829274492162
-5.788587488020356,3.9280485255389306,-0.00024778341456460694
-5.685219854305708,3.9280485255389306,0.0025054260568659983
-5.581852220591058,3.9280485255389306,0.0051091773169628695
-5.478484586876409,3.9280485255389306,0.00548273809500772
-5.3751169531617595,3.9280485255389306,0.00225481241829762
-5.27174931944711,3.9280485255389306,-0.004702117146688892
-5.168381685732461,3.9280485255389306,-0.014141498671031951
-5.065014052017812,3.9280485255389306,-0.02377174651837423
-4.961646418303163,3.9280485255389306,-0.030948131836234186
-4.858278784588514,3.9280485255389306,-0.03350843058389192
-4.754911150873865,3.9280485255389306,-0.03048113079342286
-4.651543517159215,3.9280485255389306,-0.022431873542739417
-4.548175883444566,3.9280485255389306,-0.011328626318211958
-4.444808249729917,3.9280485255389306,0.00003829500231000278
-4.341440616015267,3.9280485255389306,0.008899947608554356
-4.238072982300618,3.9280485255389306,0.013347946968536206
-4.134705348585968,3.9280485255389306,0.012901352688731863
-4.031337714871319,3.9280485255389306,0.008621466144118847
-3.9279700811566705,3.9280485255389306,0.00274123924825268
-3.8246024474420213,3.9280485255389306,-0.0020673377475724205
-3.7212348137273725,3.9280485255389306,-0.003549237282818885
-3.6178671800127233,3.9280485255389306,-0.0005709056211811068
-3.514499546298074,3.9280485255389306,0.0065476787742980705
-3.411131912583425,3.9280485255389306,0.01616917422716246
-3.3077642788687753,3.9280485255389306,0.025884968548099296
-3.204396645154126,3.9280485255389306,0.03328139740123308
-3.101029011439477,3.9280485255389306,0.03667059161156831
-2.9976613777248278,3.9280485255389306,0.03555108420344161
-2.8942937440101786,3.9280485255389306,0.030661485387667466
-2.790926110295529,3.9280485255389306,0.023631530814233633
-2.6875584765808798,3.9280485255389306,0.01637004909856008
-2.5841908428662306,3.9280485255389306,0.010413127165182815
-2.4808232091515814,3.9280485255389306,0.006460566133427048
-2.3774555754369326,3.9280485255389306,0.004254636246407067
-2.2740879417222835,3.9280485255389306,0.00282922944299802
-2.1707203080076334,3.9280485255389306,0.0010242770828603716
-2.067352674292984,3.9280485255389306,-0.001933799785404011
-1.9639850405783352,3.9280485255389306,-0.006007400436129594
-1.8606174068636863,3.9280485255389306,-0.010244278197527011
-1.757249773149037,3.9280485255389306,-0.013045564784617636
-1.6538821394343879,3.9280485255389306,-0.012721779768714941
-1.550514505719738,3.9280485255389306,-0.008147532441802427
-1.447146872005089,3.9280485255389306,0.0007153854580076031
-1.3437792382904399,3.9280485255389306,0.012618586042876538
-1.2404116045757907,3.9280485255389306,0.025238641723370668
-1.1370439708611417,3.9280485255389306,0.035750934590998526
-1.0336763371464925,3.9280485255389306,0.041595807103963954
-0.9303087034318435,3.9280485255389306,0.04120106337130563
-0.8269410697171936,3.9280485255389306,0.034436112262849095
-0.7235734360025445,3.9280485255389306,0.022657319328568872
-0.6202058022878953,3.9280485255389306,0.008333004680172423
-0.5168381685732463,3.9280485255389306,-0.005632812018454082
-0.4134705348585972,3.9280485255389306,-0.016668940921092897
-0.31010290114394806,3.9280485255389306,-0.023167895953409408
-0.2067352674292982,3.9280485255389306,-0.024801811235682952
-0.1033676337146491,3.9280485255389306,-0.022452553952639256
0.,3.9280485255389306,-0.01780865077095027
0.1033676337146491,3.9280485255389306,-0.012781105270371162
0.2067352674292982,3.9280485255389306,-0.008934345742187759
0.31010290114394734,3.9280485255389306,-0.007105981240013785
0.4134705348585964,3.9280485255389306,-0.0073112594086692465
0.5168381685732455,3.9280485255389306,-0.008924664654686089
0.6202058022878947,3.9280485255389306,-0.011038699185448102
0.7235734360025438,3.9280485255389306,-0.012849526594504149
0.8269410697171944,3.9280485255389306,-0.013925597011417646
0.9303087034318435,3.9280485255389306,-0.014272755478872638
1.0336763371464925,3.9280485255389306,-0.014194120308153053
1.1370439708611417,3.9280485255389306,-0.014023025038588707
1.2404116045757907,3.9280485255389306,-0.013853492737468427
1.3437792382904399,3.9280485255389306,-0.01338938704719851
1.447146872005089,3.9280485255389306,-0.011983446334593825
1.550514505719738,3.9280485255389306,-0.008860684531724972
1.6538821394343872,3.9280485255389306,-0.0034462786812327673
1.7572497731490362,3.9280485255389306,0.004326251953327149
1.8606174068636854,3.9280485255389306,0.013848788933938325
1.9639850405783346,3.9280485255389306,0.023889059110010248
2.0673526742929837,3.9280485255389306,0.03285699758234392
2.1707203080076343,3.9280485255389306,0.039209847605880394
2.2740879417222835,3.9280485255389306,0.04186887452634948
2.3774555754369326,3.9280485255389306,0.04051461295845052
2.4808232091515814,3.9280485255389306,0.03566726915320642
2.5841908428662306,3.9280485255389306,0.02852980106514728
2.6875584765808798,3.9280485255389306,0.020648174729664015
2.790926110295529,3.9280485255389306,0.013499726938249301
2.894293744010178,3.9280485255389306,0.008137805576591377
2.997661377724827,3.9280485255389306,0.004994614759654757
3.101029011439476,3.9280485255389306,0.0038855741290969906
3.2043966451541253,3.9280485255389306,0.0041895236318799
3.3077642788687744,3.9280485255389306,0.005124385060068933
3.411131912583425,3.9280485255389306,0.006015681032427672
3.514499546298074,3.9280485255389306,0.006471140657051869
3.6178671800127233,3.9280485255389306,0.006419822238240878
3.7212348137273725,3.9280485255389306,0.006029719372613683
3.8246024474420213,3.9280485255389306,0.005561853322387734
3.9279700811566705,3.9280485255389306,0.005235165606560105
4.031337714871319,3.9280485255389306,0.005160541961094906
4.134705348585968,3.9280485255389306,0.005362545630275374
4.238072982300618,3.9280485255389306,0.005861855277344247
4.341440616015267,3.9280485255389306,0.006760018897781697
4.444808249729916,3.9280485255389306,0.008264927920102473
4.548175883444565,3.9280485255389306,0.01062253607915328
4.651543517159214,3.9280485255389306,0.013966990262475519
4.754911150873865,3.9280485255389306,0.018147786296232878
4.858278784588514,3.9280485255389306,0.02261792917809903
4.961646418303163,3.9280485255389306,0.026457845587711228
5.065014052017812,3.9280485255389306,0.02856579958581185
5.168381685732461,3.9280485255389306,0.02798099048040415
5.27174931944711,3.9280485255389306,0.02424431370416236
5.3751169531617595,3.9280485255389306,0.017668944924703493
5.478484586876409,3.9280485255389306,0.009404841670655884
5.581852220591058,3.9280485255389306,0.001238676708267338
5.685219854305707,3.9280485255389306,-0.004842840531817802
5.788587488020356,3.9280485255389306,-0.007211676007632161
5.8919551217350055,3.9280485255389306,-0.005109303699998954
5.995322755449654,3.9280485255389306,0.0010615689166800486
6.098690389164305,3.9280485255389306,0.009777800012476794
6.202058022878954,3.9280485255389306,0.018781182400368225
6.305425656593603,3.9280485255389306,0.025707506831666678
6.408793290308252,3.9280485255389306,0.02877210022305299
-6.408793290308252,4.031418223579429,0.014961071411484585
-6.305425656593603,4.031418223579429,0.008926630508129418
-6.202058022878954,4.031418223579429,0.002892026394464872
-6.098690389164304,4.031418223579429,-0.0014939387836109368
-5.995322755449655,4.031418223579429,-0.0031402215132479033
-5.8919551217350055,4.031418223579429,-0.001926805300847678
-5.788587488020356,4.031418223579429,0.0011925579028724137
-5.685219854305708,4.031418223579429,0.004453357137667136
-5.581852220591058,4.031418223579429,0.005842089755185566
-5.478484586876409,4.031418223579429,0.003784194144779145
-5.3751169531617595,4.031418223579429,-0.0022665785182480807
-5.27174931944711,4.031418223579429,-0.011540685605600601
-5.168381685732461,4.031418223579429,-0.022079806968830468
-5.065014052017812,4.031418223579429,-0.03125872025911942
-4.961646418303163,4.031418223579429,-0.03655147402881334
-4.858278784588514,4.031418223579429,-0.036305384214340264
-4.754911150873865,4.031418223579429,-0.03027542538274855
-4.651543517159215,4.031418223579429,-0.019741324857191107
-4.548175883444566,4.031418223579429,-0.007159144363165736
-4.444808249729917,4.031418223579429,0.004552846781401997
-4.341440616015267,4.031418223579429,0.012875733816174986
-4.238072982300618,4.031418223579429,0.016430879498196136
-4.134705348585968,4.031418223579429,0.015368048720303153
-4.031337714871319,4.031418223579429,0.011279303849605083
-3.9279700811566705,4.031418223579429,0.006667291498987692
-3.8246024474420213,4.031418223579429,0.004137408925615605
-3.7212348137273725,4.031418223579429,0.005569444344412336
-3.6178671800127233,4.031418223579429,0.01152800260764215
-3.514499546298074,4.031418223579429,0.021091750430471335
-3.411131912583425,4.031418223579429,0.032145754673553684
-3.3077642788687753,4.031418223579429,0.04203366826915984
-3.204396645154126,4.031418223579429,0.04835528098237115
-3.101029011439477,4.031418223579429,0.04965545849066873
-2.9976613777248278,4.031418223579429,0.045794059366079984
-2.8942937440101786,4.031418223579429,0.03789680631819344
-2.790926110295529,4.031418223579429,0.027926318607977497
-2.6875584765808798,4.031418223579429,0.01803387242759713
-2.5841908428662306,4.031418223579429,0.009916232500417337
-2.4808232091515814,4.031418223579429,0.004388535380339798
-2.3774555754369326,4.031418223579429,0.001300480661797815
-2.2740879417222835,4.031418223579429,-0.00020067832980171505
-2.1707203080076334,4.031418223579429,-0.001177482982851139
-2.067352674292984,4.031418223579429,-0.0023734241511419066
-1.9639850405783352,4.031418223579429,-0.003848177434943451
-1.8606174068636863,4.031418223579429,-0.0049135105294703186
-1.757249773149037,4.031418223579429,-0.004395497336862644
-1.6538821394343879,4.031418223579429,-0.0011295471035737323
-1.550514505719738,4.031418223579429,0.005491127299412998
-1.447146872005089,4.031418223579429,0.015116072247584685
-1.3437792382904399,4.031418223579429,0.02634221134987961
-1.2404116045757907,4.031418223579429,0.036975977026271145
-1.1370439708611417,4.031418223579429,0.04458544897333252
-1.0336763371464925,4.031418223579429,0.0471756427111787
-0.9303087034318435,4.031418223579429,0.04377570897430088
-0.8269410697171936,4.031418223579429,0.03475193588861739
-0.7235734360025445,4.031418223579429,0.021746226398731087
-0.6202058022878953,4.031418223579429,0.007257253100498463
-0.5168381685732463,4.031418223579429,-0.00600811303292267
-0.4134705348585972,4.031418223579429,-0.01581792550212464
-0.31010290114394806,4.031418223579429,-0.020933581379020374
-0.2067352674292982,4.031418223579429,-0.021322924010307224
-0.1033676337146491,4.031418223579429,-0.018027479959196933
0.,4.031418223579429,-0.012750715985802755
0.1033676337146491,4.031418223579429,-0.007314015579509634
0.2067352674292982,4.031418223579429,-0.0031550222834083705
0.31010290114394734,4.031418223579429,-0.0010132061287665796
0.4134705348585964,4.031418223579429,-0.0008735857252963158
0.5168381685732455,4.031418223579429,-0.002149022282447419
0.6202058022878947,4.031418223579429,-0.004005826725189098
0.7235734360025438,4.031418223579429,-0.0057010007514622625
0.8269410697171944,4.031418223579429,-0.006811670952096555
0.9303087034318435,4.031418223579429,-0.007290142873504741
1.0336763371464925,4.031418223579429,-0.007349789994442284
1.1370439708611417,4.031418223579429,-0.007250670785231229
1.2404116045757907,4.031418223579429,-0.007086823287403916
1.3437792382904399,4.031418223579429,-0.006669415516645199
1.447146872005089,4.031418223579429,-0.0055564925647112835
1.550514505719738,4.031418223579429,-0.003218913224086194
1.6538821394343872,4.031418223579429,0.0007231094265053288
1.7572497731490362,4.031418223579429,0.0062871166718689656
1.8606174068636854,4.031418223579429,0.013025569029009327
1.9639850405783346,4.031418223579429,0.020078954709508632
2.0673526742929837,4.031418223579429,0.026373362982799103
2.1707203080076343,4.031418223579429,0.030898457843631127
2.2740879417222835,4.031418223579429,0.032973275199050786
2.3774555754369326,4.031418223579429,0.03241274053384558
2.4808232091515814,4.031418223579429,0.029544389169437066
2.5841908428662306,4.031418223579429,0.025078206861900428
2.6875584765808798,4.031418223579429,0.019882724260228992
2.790926110295529,4.031418223579429,0.014749213811151091
2.894293744010178,4.031418223579429,0.010223321212989531
2.997661377724827,4.031418223579429,0.006551958206329039
3.101029011439476,4.031418223579429,0.003745873623526292
3.2043966451541253,4.031418223579429,0.0017137398930376602
3.3077642788687744,4.031418223579429,0.00039898453683727376
3.411131912583425,4.031418223579429,-0.000145029782890042
3.514499546298074,4.031418223579429,0.0002249932599747109
3.6178671800127233,4.031418223579429,0.001638007539598866
3.7212348137273725,4.031418223579429,0.004070715186236628
3.8246024474420213,4.031418223579429,0.007245230836789059
3.9279700811566705,4.031418223579429,0.010620761591070423
4.031337714871319,4.031418223579429,0.013501139988636621
4.134705348585968,4.031418223579429,0.015231605800605069
4.238072982300618,4.031418223579429,0.01541722291335707
4.341440616015267,4.031418223579429,0.014078849686948447
4.444808249729916,4.031418223579429,0.011678808135918454
4.548175883444565,4.031418223579429,0.008992968612190533
4.651543517159214,4.031418223579429,0.006863182444693951
4.754911150873865,4.031418223579429,0.00591236899999104
4.858278784588514,4.031418223579429,0.006324825981760447
4.961646418303163,4.031418223579429,0.007776920580225035
5.065014052017812,4.031418223579429,0.009552507971991156
5.168381685732461,4.031418223579429,0.010810398922195912
5.27174931944711,4.031418223579429,0.010912230280582516
5.3751169531617595,4.031418223579429,0.009690782482572598
5.478484586876409,4.031418223579429,0.007553533714189283
5.581852220591058,4.031418223579429,0.00537109562590594
5.685219854305707,4.031418223579429,0.0041771584803290355
5.788587488020356,4.031418223579429,0.0047785368227239045
5.8919551217350055,4.031418223579429,0.007414054300026565
5.995322755449654,4.031418223579429,0.011592730178691574
6.098690389164305,4.031418223579429,0.01618519011296591
6.202058022878954,4.031418223579429,0.019755137691968686
6.305425656593603,4.031418223579429,0.02102983413648267
6.408793290308252,4.031418223579429,0.019351480347133326
-6.408793290308252,4.134787921619927,0.0010942653345491055
-6.305425656593603,4.134787921619927,-0.0046630485915328534
-6.202058022878954,4.134787921619927,-0.008646670332114982
-6.098690389164304,4.134787921619927,-0.00995154695185024
-5.995322755449655,4.134787921619927,-0.008369309528855487
-5.8919551217350055,4.134787921619927,-0.004570128924649627
-5.788587488020356,4.134787921619927,-0.000014228267331694652
-5.685219854305708,4.134787921619927,0.0034125829880046945
-5.581852220591058,4.134787921619927,0.003949544516914386
-5.478484586876409,4.134787921619927,0.0005351892549988232
-5.3751169531617595,4.134787921619927,-0.00678045723682665
-5.27174931944711,4.134787921619927,-0.016733425348963278
-5.168381685732461,4.134787921619927,-0.02711074164804652
-5.065014052017812,4.134787921619927,-0.03532540086473272
-4.961646418303163,4.134787921619927,-0.03914102583630163
-4.858278784588514,4.134787921619927,-0.03732956648274807
-4.754911150873865,4.134787921619927,-0.03005635991741926
-4.651543517159215,4.134787921619927,-0.018864255820450652
-4.548175883444566,4.134787921619927,-0.006249562476631752
-4.444808249729917,4.134787921619927,0.0050504358450522546
-4.341440616015267,4.134787921619927,0.012846353386993843
-4.238072982300618,4.134787921619927,0.016122647499303953
-4.134705348585968,4.134787921619927,0.01530884859194068
-4.031337714871319,4.134787921619927,0.012112483448646603
-3.9279700811566705,4.134787921619927,0.008965124979998148
-3.8246024474420213,4.134787921619927,0.008252201055899444
-3.7212348137273725,4.134787921619927,0.011562863319037255
-3.6178671800127233,4.134787921619927,0.01918781400821097
-3.514499546298074,4.134787921619927,0.03001375163729628
-3.411131912583425,4.134787921619927,0.04183886950784232
-3.3077642788687753,4.134787921619927,0.05200453494014612
-3.204396645154126,4.134787921619927,0.058144803496488304
-3.101029011439477,4.134787921619927,0.05882644293280939
-2.9976613777248278,4.134787921619927,0.053894996512688226
-2.8942937440101786,4.134787921619927,0.044441173340238734
-2.790926110295529,4.134787921619927,0.03242302558520945
-2.6875584765808798,4.134787921619927,0.020083280015668642
-2.5841908428662306,4.134787921619927,0.009355122488483466
-2.4808232091515814,4.134787921619927,0.00143849081563043
-2.3774555754369326,4.134787921619927,-0.003340690136000953
-2.2740879417222835,4.134787921619927,-0.005378054781762224
-2.1707203080076334,4.134787921619927,-0.005433877975834946
-2.067352674292984,4.134787921619927,-0.004223125070621181
-1.9639850405783352,4.134787921619927,-0.002110566682563237
-1.8606174068636863,4.134787921619927,0.0009801865707106372
-1.757249773149037,4.134787921619927,0.005420743723185026
-1.6538821394343879,4.134787921619927,0.011563292286863376
-1.550514505719738,4.134787921619927,0.019389672690111024
-1.447146872005089,4.134787921619927,0.028271646503671775
-1.3437792382904399,4.134787921619927,0.036951110314254014
-1.2404116045757907,4.134787921619927,0.04377063166703417
-1.1370439708611417,4.134787921619927,0.04709436467713197
-1.0336763371464925,4.134787921619927,0.04578866284444896
-0.9303087034318435,4.134787921619927,0.03960501644622682
-0.8269410697171936,4.134787921619927,0.029334469209885014
-0.7235734360025445,4.134787921619927,0.01667339928210755
-0.6202058022878953,4.134787921619927,0.003831647098464367
-0.5168381685732463,4.134787921619927,-0.007004900886472697
-0.4134705348585972,4.134787921619927,-0.01420051548627389
-0.31010290114394806,4.134787921619927,-0.017033569752544303
-0.2067352674292982,4.134787921619927,-0.01580019663035189
-0.1033676337146491,4.134787921619927,-0.011641464485107266
0.,4.134787921619927,-0.006161251008270188
0.1033676337146491,4.134787921619927,-0.0009602119820579906
0.2067352674292982,4.134787921619927,0.0027729976813069936
0.31010290114394734,4.134787921619927,0.004501357691042452
0.4134705348585964,4.134787921619927,0.004360069035972128
0.5168381685732455,4.134787921619927,0.002980610835299863
0.6202058022878947,4.134787921619927,0.0011993424503756798
0.7235734360025438,4.134787921619927,-0.00024158803399537825
0.8269410697171944,4.134787921619927,-0.0009044996719328684
0.9303087034318435,4.134787921619927,-0.0007230304841513304
1.0336763371464925,4.134787921619927,0.00007335826088753465
1.1370439708611417,4.134787921619927,0.0011272435825810784
1.2404116045757907,4.134787921619927,0.0021375985490846012
1.3437792382904399,4.134787921619927,0.002988787208150562
1.447146872005089,4.134787921619927,0.003781884892586987
1.550514505719738,4.134787921619927,0.004767893716389842
1.6538821394343872,4.134787921619927,0.006220026096829362
1.7572497731490362,4.134787921619927,0.008301875080468087
1.8606174068636854,4.134787921619927,0.010984123080612772
1.9639850405783346,4.134787921619927,0.014038121704173477
2.0673526742929837,4.134787921619927,0.017101400349568703
2.1707203080076343,4.134787921619927,0.019781903157734673
2.2740879417222835,4.134787921619927,0.02175564646805342
2.3774555754369326,4.134787921619927,0.02282053240170889
2.4808232091515814,4.134787921619927,0.02289276436197666
2.5841908428662306,4.134787921619927,0.02196077012475875
2.6875584765808798,4.134787921619927,0.020031992909061446
2.790926110295529,4.134787921619927,0.017111070672418363
2.894293744010178,4.134787921619927,0.013231874238100391
2.997661377724827,4.134787921619927,0.008537032218739467
3.101029011439476,4.134787921619927,0.0033692668757256262
3.2043966451541253,4.134787921619927,-0.0016775466349290584
3.3077642788687744,4.134787921619927,-0.005794324735928761
3.411131912583425,4.134787921619927,-0.0080988531675901
3.514499546298074,4.134787921619927,-0.007862021703728078
3.6178671800127233,4.134787921619927,-0.004756727671107322
3.7212348137273725,4.134787921619927,0.0009539676922506565
3.8246024474420213,4.134787921619927,0.00836647329695612
3.9279700811566705,4.134787921619927,0.01606553508660987
4.031337714871319,4.134787921619927,0.022418886402873945
4.134705348585968,4.134787921619927,0.02596791704992032
4.238072982300618,4.134787921619927,0.025806610710430337
4.341440616015267,4.134787921619927,0.021835923667499767
4.444808249729916,4.134787921619927,0.014812483583358248
4.548175883444565,4.134787921619927,0.006170224243328574
4.651543517159214,4.134787921619927,-0.0023375051505009664
4.754911150873865,4.134787921619927,-0.009072420102033761
4.858278784588514,4.134787921619927,-0.012896320616342733
4.961646418303163,4.134787921619927,-0.013397921591856168
5.065014052017812,4.134787921619927,-0.010904977608062623
5.168381685732461,4.134787921619927,-0.00629473354572515
5.27174931944711,4.134787921619927,-0.0006789968900443364
5.3751169531617595,4.134787921619927,0.004924366217947119
5.478484586876409,4.134787921619927,0.009825719146203973
5.581852220591058,4.134787921619927,0.013737272562818746
5.685219854305707,4.134787921619927,0.016682792728318043
5.788587488020356,4.134787921619927,0.01880198860217017
5.8919551217350055,4.134787921619927,0.02014585474176137
5.995322755449654,4.134787921619927,0.020558835615875907
6.098690389164305,4.134787921619927,0.019705223263988297
6.202058022878954,4.134787921619927,0.017235009865720484
6.305425656593603,4.134787921619927,0.013022074367273881
6.408793290308252,4.134787921619927,0.007369457439699773
-6.408793290308252,4.238157619660425,-0.009285700890023237
-6.305425656593603,4.238157619660425,-0.014096581537931314
-6.202058022878954,4.238157619660425,-0.01623271679106403
-6.098690389164304,4.238157619660425,-0.015471430185396656
-5.995322755449655,4.238157619660425,-0.012202584934089102
-5.8919551217350055,4.238157619660425,-0.0074529834292248595
-5.788587488020356,4.238157619660425,-0.0027261401707046585
-5.685219854305708,4.238157619660425,0.0003317270455178191
-5.581852220591058,4.238157619660425,0.00036513700589966717
-5.478484586876409,4.238157619660425,-0.0032783135351387755
-5.3751169531617595,4.238157619660425,-0.010287555817134171
-5.27174931944711,4.238157619660425,-0.019377551576822853
-5.168381685732461,4.238157619660425,-0.028557692779874373
-5.065014052017812,4.238157619660425,-0.03562323774910535
-4.961646418303163,4.238157619660425,-0.038740102325789
-4.858278784588514,4.238157619660425,-0.03695552545673213
-4.754911150873865,4.238157619660425,-0.03047983733566108
-4.651543517159215,4.238157619660425,-0.0206464348507406
-4.548175883444566,4.238157619660425,-0.009550714388465166
-4.444808249729917,4.238157619660425,0.0005342271918052257
-4.341440616015267,4.238157619660425,0.0077972590269163155
-4.238072982300618,4.238157619660425,0.011396028984205364
-4.134705348585968,4.238157619660425,0.011679501589638895
-4.031337714871319,4.238157619660425,0.010058307886355328
-3.9279700811566705,4.238157619660425,0.008559935686058631
-3.8246024474420213,4.238157619660425,0.009199968831081092
-3.7212348137273725,4.238157619660425,0.013355065657221048
-3.6178671800127233,4.238157619660425,0.021321628228469086
-3.514499546298074,4.238157619660425,0.032187212933306945
-3.411131912583425,4.238157619660425,0.04404782048261723
-3.3077642788687753,4.238157619660425,0.054502583472400064
-3.204396645154126,4.238157619660425,0.06127908450957446
-3.101029011439477,4.238157619660425,0.06281056578686342
-2.9976613777248278,4.238157619660425,0.05860853281742088
-2.8942937440101786,4.238157619660425,0.0493415183639211
-2.790926110295529,4.238157619660425,0.03662028696241423
-2.6875584765808798,4.238157619660425,0.02257293450786085
-2.5841908428662306,4.238157619660425,0.009345108802440591
-2.4808232091515814,4.238157619660425,-0.0013327467174994773
-2.3774555754369326,4.238157619660425,-0.008406148358108562
-2.2740879417222835,4.238157619660425,-0.011545506977186768
-2.1707203080076334,4.238157619660425,-0.011013386772889164
-2.067352674292984,4.238157619660425,-0.00743171756973201
-1.9639850405783352,4.238157619660425,-0.001548207018982412
-1.8606174068636863,4.238157619660425,0.005917824004120018
-1.757249773149037,4.238157619660425,0.01431556310131605
-1.6538821394343879,4.238157619660425,0.023007640481219248
-1.550514505719738,4.238157619660425,0.03127969499076785
-1.447146872005089,4.238157619660425,0.03828805431312743
-1.3437792382904399,4.238157619660425,0.04310120717236425
-1.2404116045757907,4.238157619660425,0.04484905979367233
-1.1370439708611417,4.238157619660425,0.04294468962139819
-1.0336763371464925,4.238157619660425,0.0373053800581294
-0.9303087034318435,4.238157619660425,0.028487890763093417
-0.8269410697171936,4.238157619660425,0.01767250472158091
-0.7235734360025445,4.238157619660425,0.006475442596633094
-0.6202058022878953,4.238157619660425,-0.0033753334526806017
-0.5168381685732463,4.238157619660425,-0.010418998680289674
-0.4134705348585972,4.238157619660425,-0.013791296407829463
-0.31010290114394806,4.238157619660425,-0.013410799962995166
-0.2067352674292982,4.238157619660425,-0.009968331397789262
-0.1033676337146491,4.238157619660425,-0.00472279674146106
0.,4.238157619660425,0.0008375998259823015
0.1033676337146491,4.238157619660425,0.005372727925166456
0.2067352674292982,4.238157619660425,0.008003006306805498
0.31010290114394734,4.238157619660425,0.008476898419588593
0.4134705348585964,4.238157619660425,0.007159035742043068
0.5168381685732455,4.238157619660425,0.0048574421147436955
0.6202058022878947,4.238157619660425,0.0025519166452670737
0.7235734360025438,4.238157619660425,0.0011075075824589307
0.8269410697171944,4.238157619660425,0.0010524830597423353
0.9303087034318435,4.238157619660425,0.002473222185529966
1.0336763371464925,4.238157619660425,0.0050395691978219114
1.1370439708611417,4.238157619660425,0.008136529516219076
1.2404116045757907,4.238157619660425,0.011052869854906305
1.3437792382904399,4.238157619660425,0.013169936352804864
1.447146872005089,4.238157619660425,0.014103927355766061
1.550514505719738,4.238157619660425,0.013775663261503982
1.6538821394343872,4.238157619660425,0.012404897954552633
1.7572497731490362,4.238157619660425,0.010443811452142897
1.8606174068636854,4.238157619660425,0.008472607341170807
1.9639850405783346,4.238157619660425,0.0070797305631796455
2.0673526742929837,4.238157619660425,0.006744134851155645
2.1707203080076343,4.238157619660425,0.007732221508544848
2.2740879417222835,4.238157619660425,0.01002080663452005
2.3774555754369326,4.238157619660425,0.013259677396631408
2.4808232091515814,4.238157619660425,0.01678962384500148
2.5841908428662306,4.238157619660425,0.019729431013929946
2.6875584765808798,4.238157619660425,0.021134535684226838
2.790926110295529,4.238157619660425,0.020210879700153485
2.894293744010178,4.238157619660425,0.01654456926913562
2.997661377724827,4.238157619660425,0.010289548492805426
3.101029011439476,4.238157619660425,0.002250641800765453
3.2043966451541253,4.238157619660425,-0.006185934043760902
3.3077642788687744,4.238157619660425,-0.013288205110956196
3.411131912583425,4.238157619660425,-0.01734739649407046
3.514499546298074,4.238157619660425,-0.017102003284224593
3.6178671800127233,4.238157619660425,-0.012109631185386566
3.7212348137273725,4.238157619660425,-0.0029583676917357676
3.8246024474420213,4.238157619660425,0.008758982845018698
3.9279700811566705,4.238157619660425,0.020726353245609286
4.031337714871319,4.238157619660425,0.030390597916584296
4.134705348585968,4.238157619660425,0.03554073159436671
4.238072982300618,4.238157619660425,0.034835657176647765
4.341440616015267,4.238157619660425,0.02814237846088183
4.444808249729916,4.238157619660425,0.01659274094209132
4.548175883444565,4.238157619660425,0.002340149448977094
4.651543517159214,4.238157619660425,-0.011922441406867752
4.754911150873865,4.238157619660425,-0.023559030719437372
4.858278784588514,4.238157619660425,-0.03054977876536783
4.961646418303163,4.238157619660425,-0.031876665202458014
5.065014052017812,4.238157619660425,-0.02765246369929959
5.168381685732461,4.238157619660425,-0.018983671163462935
5.27174931944711,4.238157619660425,-0.007629622902392185
5.3751169531617595,4.238157619660425,0.004431896115725972
5.478484586876409,4.238157619660425,0.01541068563549522
5.581852220591058,4.238157619660425,0.02398567183565551
5.685219854305707,4.238157619660425,0.02941747295390363
5.788587488020356,4.238157619660425,0.03150595175014908
5.8919551217350055,4.238157619660425,0.030451808041147003
5.995322755449654,4.238157619660425,0.026698820228673387
6.098690389164305,4.238157619660425,0.020819873019396248
6.202058022878954,4.238157619660425,0.013473437161045368
6.305425656593603,4.238157619660425,0.005413942615224732
6.408793290308252,4.238157619660425,-0.0024922546060458348
-6.408793290308252,4.3415273177009235,-0.01268520917406271
-6.305425656593603,4.3415273177009235,-0.016250877682908626
-6.202058022878954,4.3415273177009235,-0.017246081529804023
-6.098690389164304,4.3415273177009235,-0.015903403372487378
-5.995322755449655,4.3415273177009235,-0.012823623408596392
-5.8919551217350055,4.3415273177009235,-0.008936853379999882
-5.788587488020356,4.3415273177009235,-0.005380979341029065
-5.685219854305708,4.3415273177009235,-0.003297274903111268
-5.581852220591058,4.3415273177009235,-0.0035766143578539926
-5.478484586876409,4.3415273177009235,-0.006618292109067645
-5.3751169531617595,4.3415273177009235,-0.012174807575873752
-5.27174931944711,4.3415273177009235,-0.01934310579526273
-5.168381685732461,4.3415273177009235,-0.026726888920755594
-5.065014052017812,4.3415273177009235,-0.03274534200455651
-4.961646418303163,4.3415273177009235,-0.036016166002597355
-4.858278784588514,4.3415273177009235,-0.03571111527883861
-4.754911150873865,4.3415273177009235,-0.03178155182466522
-4.651543517159215,4.3415273177009235,-0.024982365117656436
-4.548175883444566,4.3415273177009235,-0.016677414302326925
-4.444808249729917,4.3415273177009235,-0.008472781363482994
-4.341440616015267,4.3415273177009235,-0.0017765333759668803
-4.238072982300618,4.3415273177009235,0.0025911128328361763
-4.134705348585968,4.3415273177009235,0.004623984965685194
-4.031337714871319,4.3415273177009235,0.005123637428029519
-3.9279700811566705,4.3415273177009235,0.0054572615975419176
-3.8246024474420213,4.3415273177009235,0.0071443125927145865
-3.7212348137273725,4.3415273177009235,0.011386279142065693
-3.6178671800127233,4.3415273177009235,0.018671438807131797
-3.514499546298074,4.3415273177009235,0.028566299386768287
-3.411131912583425,4.3415273177009235,0.039753808498784
-3.3077642788687753,4.3415273177009235,0.05031053021290672
-3.204396645154126,4.3415273177009235,0.05815046345061819
-3.101029011439477,4.3415273177009235,0.06152010227379758
-2.9976613777248278,4.3415273177009235,0.059418976488332796
-2.8942937440101786,4.3415273177009235,0.05184366087429005
-2.790926110295529,4.3415273177009235,0.03980270346880347
-2.6875584765808798,4.3415273177009235,0.025109912376204906
-2.5841908428662306,4.3415273177009235,0.010016868144322703
-2.4808232091515814,4.3415273177009235,-0.0032214529202234765
-2.3774555754369326,4.3415273177009235,-0.012748258403023748
-2.2740879417222835,4.3415273177009235,-0.01739385691926333
-2.1707203080076334,4.3415273177009235,-0.016808804877498966
-2.067352674292984,4.3415273177009235,-0.011439472003879023
-1.9639850405783352,4.3415273177009235,-0.0023781319937980637
-1.8606174068636863,4.3415273177009235,0.008861623924428222
-1.757249773149037,4.3415273177009235,0.02059177336011373
-1.6538821394343879,4.3415273177009235,0.031178410775769286
-1.550514505719738,4.3415273177009235,0.039229045555543976
-1.447146872005089,4.3415273177009235,0.04373168287208393
-1.3437792382904399,4.3415273177009235,0.04414755589631702
-1.2404116045757907,4.3415273177009235,0.04045989042457777
-1.1370439708611417,4.3415273177009235,0.03317611865361124
-1.0336763371464925,4.3415273177009235,0.02327580372912721
-0.9303087034318435,4.3415273177009235,0.012096430742175117
-0.8269410697171936,4.3415273177009235,0.0011569921234287459
-0.7235734360025445,4.3415273177009235,-0.008065980613690085
-0.6202058022878953,4.3415273177009235,-0.014378126280991001
-0.5168381685732463,4.3415273177009235,-0.017077798102289096
-0.4134705348585972,4.3415273177009235,-0.016089566926206625
-0.31010290114394806,4.3415273177009235,-0.01198320846563263
-0.2067352674292982,4.3415273177009235,-0.005863459031735385
-0.1033676337146491,4.3415273177009235,0.0008543101866096084
0.,4.3415273177009235,0.006738396460930751
0.1033676337146491,4.3415273177009235,0.01064123448292284
0.2067352674292982,4.3415273177009235,0.011937805097268203
0.31010290114394734,4.3415273177009235,0.010646501846311992
0.4134705348585964,4.3415273177009235,0.007403954119327669
0.5168381685732455,4.3415273177009235,0.0032996764845852813
0.6202058022878947,4.3415273177009235,-0.00039060026655468285
0.7235734360025438,4.3415273177009235,-0.0025106865604815998
0.8269410697171944,4.3415273177009235,-0.0022982799637260164
0.9303087034318435,4.3415273177009235,0.00043428703737065095
1.0336763371464925,4.3415273177009235,0.00525280692947508
1.1370439708611417,4.3415273177009235,0.011196853825521843
1.2404116045757907,4.3415273177009235,0.016996115589350963
1.3437792382904399,4.3415273177009235,0.021359281492091584
1.447146872005089,4.3415273177009235,0.02327221376651209
1.550514505719738,4.3415273177009235,0.02224022781101783
1.6538821394343872,4.3415273177009235,0.01842051572005692
1.7572497731490362,4.3415273177009235,0.012612684315702791
1.8606174068636854,4.3415273177009235,0.006104013807697853
1.9639850405783346,4.3415273177009235,0.00039634574882860854
2.0673526742929837,4.3415273177009235,-0.0031319558469494755
2.1707203080076343,4.3415273177009235,-0.0035579783425537356
2.2740879417222835,4.3415273177009235,-0.0006648788913136426
2.3774555754369326,4.3415273177009235,0.004952781558029154
2.4808232091515814,4.3415273177009235,0.011966251214122073
2.5841908428662306,4.3415273177009235,0.018571389326456023
2.6875584765808798,4.3415273177009235,0.0228854423377146
2.790926110295529,4.3415273177009235,0.02340059516325597
2.894293744010178,4.3415273177009235,0.019390531262485265
2.997661377724827,4.3415273177009235,0.011166472654352142
3.101029011439476,4.3415273177009235,0.00010527683027933431
3.2043966451541253,4.3415273177009235,-0.011579221141334176
3.3077642788687744,4.3415273177009235,-0.02128921683391189
3.411131912583425,4.3415273177009235,-0.026628691400151908
3.514499546298074,4.3415273177009235,-0.025988969204417144
3.6178671800127233,4.3415273177009235,-0.018990362469524763
3.7212348137273725,4.3415273177009235,-0.0066615930972077075
3.8246024474420213,4.3415273177009235,0.008703546900283658
3.9279700811566705,4.3415273177009235,0.023995708434325993
4.031337714871319,4.3415273177009235,0.03595186359389587
4.134705348585968,4.3415273177009235,0.04187892333054021
4.238072982300618,4.3415273177009235,0.04026805715559545
4.341440616015267,4.3415273177009235,0.03115141766654227
4.444808249729916,4.3415273177009235,0.016114043464716347
4.548175883444565,4.3415273177009235,-0.0020423137691356536
4.651543517159214,4.3415273177009235,-0.019901775997727484
4.754911150873865,4.3415273177009235,-0.03415821766159897
4.858278784588514,4.3415273177009235,-0.04228983205920695
4.961646418303163,4.3415273177009235,-0.04303223857862877
5.065014052017812,4.3415273177009235,-0.036554182955375984
5.168381685732461,4.3415273177009235,-0.024317416961538527
5.27174931944711,4.3415273177009235,-0.0086795305240538
5.3751169531617595,4.3415273177009235,0.007645224217436682
5.478484586876409,4.3415273177009235,0.022130302296820215
5.581852220591058,4.3415273177009235,0.0328652924807419
5.685219854305707,4.3415273177009235,0.038792472257894776
5.788587488020356,4.3415273177009235,0.039734527619451086
5.8919551217350055,4.3415273177009235,0.03625087075502163
5.995322755449654,4.3415273177009235,0.029394731798451194
6.098690389164305,4.3415273177009235,0.020450877494933364
6.202058022878954,4.3415273177009235,0.010716383300960808
6.305425656593603,4.3415273177009235,0.0013542359627261137
6.408793290308252,4.3415273177009235,-0.006684526999086171
-6.408793290308252,4.444897015741422,-0.008327600553250939
-6.305425656593603,4.444897015741422,-0.010684293989038673
-6.202058022878954,4.444897015741422,-0.011392412881830481
-6.098690389164304,4.444897015741422,-0.0108514388471224
-5.995322755449655,4.444897015741422,-0.00952633025758811
-5.8919551217350055,4.444897015741422,-0.007922508679087578
-5.788587488020356,4.444897015741422,-0.006568705334273749
-5.685219854305708,4.444897015741422,-0.005983753976507784
-5.581852220591058,4.444897015741422,-0.0066129964858319245
-5.478484586876409,4.444897015741422,-0.008737984060017417
-5.3751169531617595,4.444897015741422,-0.01238216422128674
-5.27174931944711,4.444897015741422,-0.01724722329520444
-5.168381685732461,4.444897015741422,-0.022713991628536156
-5.065014052017812,4.444897015741422,-0.02792703718971332
-4.961646418303163,4.444897015741422,-0.031957093111797064
-4.858278784588514,4.444897015741422,-0.034008142594687284
-4.754911150873865,4.444897015741422,-0.033615730447967805
-4.651543517159215,4.444897015741422,-0.030777722834585183
-4.548175883444566,4.444897015741422,-0.02597180114328017
-4.444808249729917,4.444897015741422,-0.020043149361035895
-4.341440616015267,4.444897015741422,-0.01398331067054953
-4.238072982300618,4.444897015741422,-0.008655955433883682
-4.134705348585968,4.444897015741422,-0.0045462227228363515
-4.031337714871319,4.444897015741422,-0.001609776430148269
-3.9279700811566705,4.444897015741422,0.0007257484358393932
-3.8246024474420213,4.444897015741422,0.003395231561712472
-3.7212348137273725,4.444897015741422,0.007402282492884553
-3.6178671800127233,4.444897015741422,0.01347329200836466
-3.514499546298074,4.444897015741422,0.02175631287857864
-3.411131912583425,4.444897015741422,0.031656063061731944
-3.3077642788687753,4.444897015741422,0.041864310208456615
-3.204396645154126,4.444897015741422,0.050594391980008535
-3.101029011439477,4.444897015741422,0.05597308836739369
-2.9976613777248278,4.444897015741422,0.05649778163465241
-2.8942937440101786,4.444897015741422,0.05144463586719208
-2.790926110295529,4.444897015741422,0.04112106909509732
-2.6875584765808798,4.444897015741422,0.026891641120322614
-2.5841908428662306,4.444897015741422,0.01096144986217023
-2.4808232091515814,4.444897015741422,-0.004039177816134575
-2.3774555754369326,4.444897015741422,-0.01557609900786874
-2.2740879417222835,4.444897015741422,-0.02172084347534796
-2.1707203080076334,4.444897015741422,-0.021534185137933474
-2.067352674292984,4.444897015741422,-0.015241453319106686
-1.9639850405783352,4.444897015741422,-0.00416751328195364
-1.8606174068636863,4.444897015741422,0.009545174510790925
-1.757249773149037,4.444897015741422,0.02336532998468597
-1.6538821394343879,4.444897015741422,0.03485131741318001
-1.550514505719738,4.444897015741422,0.042079650509412994
-1.447146872005089,4.444897015741422,0.04394416254287356
-1.3437792382904399,4.444897015741422,0.040282080535219866
-1.2404116045757907,4.444897015741422,0.03182371637489398
-1.1370439708611417,4.444897015741422,0.0199974833164715
-1.0336763371464925,4.444897015741422,0.006644105416038986
-0.9303087034318435,4.444897015741422,-0.006299530732825166
-0.8269410697171936,4.444897015741422,-0.01709348895451355
-0.7235734360025445,4.444897015741422,-0.024426921479828202
-0.6202058022878953,4.444897015741422,-0.027568831248572387
-0.5168381685732463,4.444897015741422,-0.026431567690597423
-0.4134705348585972,4.444897015741422,-0.021550259866689993
-0.31010290114394806,4.444897015741422,-0.013985741788673874
-0.2067352674292982,4.444897015741422,-0.005160966113213211
-0.1033676337146491,4.444897015741422,0.003355271407225683
0.,4.444897015741422,0.010096325254657484
0.1033676337146491,4.444897015741422,0.01394659340018023
0.2067352674292982,4.444897015741422,0.014351241634077846
0.31010290114394734,4.444897015741422,0.011442904874879416
0.4134705348585964,4.444897015741422,0.006047711780359731
0.5168381685732455,4.444897015741422,-0.00044874824273352225
0.6202058022878947,4.444897015741422,-0.00636635273640174
0.7235734360025438,4.444897015741422,-0.010084195348542819
0.8269410697171944,4.444897015741422,-0.010412569896054881
0.9303087034318435,4.444897015741422,-0.0068976761336422485
1.0336763371464925,4.444897015741422,0.000021115092128795925
1.1370439708611417,4.444897015741422,0.009054275789359153
1.2404116045757907,4.444897015741422,0.01831346946061303
1.3437792382904399,4.444897015741422,0.025727191788039932
1.447146872005089,4.444897015741422,0.029530664068037425
1.550514505719738,4.444897015741422,0.02871317037593717
1.6538821394343872,4.444897015741422,0.02330752404953363
1.7572497731490362,4.444897015741422,0.014438138825399394
1.8606174068636854,4.444897015741422,0.0041001626944953155
1.9639850405783346,4.444897015741422,-0.005290821469105335
2.0673526742929837,4.444897015741422,-0.011477921301139738
2.1707203080076343,4.444897015741422,-0.012931586750099058
2.2740879417222835,4.444897015741422,-0.009263635226734903
2.3774555754369326,4.444897015741422,-0.001374530735903828
2.4808232091515814,4.444897015741422,0.008715823028540418
2.5841908428662306,4.444897015741422,0.018325589970411105
2.6875584765808798,4.444897015741422,0.02475461132720299
2.790926110295529,4.444897015741422,0.0259609807944639
2.894293744010178,4.444897015741422,0.02110341252115891
2.997661377724827,4.444897015741422,0.010809841054011561
3.101029011439476,4.444897015741422,-0.002903855158482456
3.2043966451541253,4.444897015741422,-0.01705691534301782
3.3077642788687744,4.444897015741422,-0.02837618791597144
3.411131912583425,4.444897015741422,-0.034062441348584445
3.514499546298074,4.444897015741422,-0.03246873306627558
3.6178671800127233,4.444897015741422,-0.023527008800125787
3.7212348137273725,4.444897015741422,-0.008817147149785595
3.8246024474420213,4.444897015741422,0.008743171445360768
3.9279700811566705,4.444897015741422,0.025519611967358805
4.031337714871319,4.444897015741422,0.0379516779912361
4.134705348585968,4.444897015741422,0.043331428412324624
4.238072982300618,4.444897015741422,0.04039318808036834
4.341440616015267,4.444897015741422,0.02958281322550151
4.444808249729916,4.444897015741422,0.012951078705810715
4.548175883444565,4.444897015741422,-0.006296876642755156
4.651543517159214,4.444897015741422,-0.02448658362853635
4.754911150873865,4.444897015741422,-0.03823485248907502
4.858278784588514,4.444897015741422,-0.04511653611115419
4.961646418303163,4.444897015741422,-0.044097379072854354
5.065014052017812,4.444897015741422,-0.03565329101181189
5.168381685732461,4.444897015741422,-0.02157180970649666
5.27174931944711,4.444897015741422,-0.004503044445481166
5.3751169531617595,4.444897015741422,0.012621914522133728
5.478484586876409,4.444897015741422,0.027168032223297497
5.581852220591058,4.444897015741422,0.03724641670452035
5.685219854305707,4.444897015741422,0.04195714261431004
5.788587488020356,4.444897015741422,0.041401128697175674
5.8919551217350055,4.444897015741422,0.03649309883922081
5.995322755449654,4.444897015741422,0.0286485742349569
6.098690389164305,4.444897015741422,0.01943526461639393
6.202058022878954,4.444897015741422,0.010271540458687896
6.305425656593603,4.444897015741422,0.002227205589598614
6.408793290308252,4.444897015741422,-0.004055266535325631
-6.408793290308252,4.54826671378192,0.0015932093702375235
-6.305425656593603,4.54826671378192,0.00022638725466955247
-6.202058022878954,4.54826671378192,-0.0008006715855083052
-6.098690389164304,4.54826671378192,-0.0018227750662436158
-5.995322755449655,4.54826671378192,-0.0029842005289595825
-5.8919551217350055,4.54826671378192,-0.004259011497610129
-5.788587488020356,4.54826671378192,-0.005541033981356602
-5.685219854305708,4.54826671378192,-0.00676101390305518
-5.581852220591058,4.54826671378192,-0.007980002225420278
-5.478484586876409,4.54826671378192,-0.00941723575056455
-5.3751169531617595,4.54826671378192,-0.011395024473056018
-5.27174931944711,4.54826671378192,-0.014214629811994279
-5.168381685732461,4.54826671378192,-0.01800520092398067
-5.065014052017812,4.54826671378192,-0.022602471733759563
-4.961646418303163,4.54826671378192,-0.027509063375564018
-4.858278784588514,4.54826671378192,-0.031964183743522986
-4.754911150873865,4.54826671378192,-0.035114249374388215
-4.651543517159215,4.54826671378192,-0.03623921760639418
-4.548175883444566,4.54826671378192,-0.0349650192061289
-4.444808249729917,4.54826671378192,-0.03138997251708264
-4.341440616015267,4.54826671378192,-0.026075200882938115
-4.238072982300618,4.54826671378192,-0.019890379823608733
-4.134705348585968,4.54826671378192,-0.013754129152783744
-4.031337714871319,4.54826671378192,-0.0083472887024481
-3.9279700811566705,4.54826671378192,-0.003893253722012351
-3.8246024474420213,4.54826671378192,-0.00008523697705423722
-3.7212348137273725,4.54826671378192,0.0038019146405338373
-3.6178671800127233,4.54826671378192,0.00863609981323007
-3.514499546298074,4.54826671378192,0.015065812615304573
-3.411131912583425,4.54826671378192,0.02318473672854384
-3.3077642788687753,4.54826671378192,0.03233858154440751
-3.204396645154126,4.54826671378192,0.04115491353225718
-3.101029011439477,4.54826671378192,0.047813516380908
-2.9976613777248278,4.54826671378192,0.05050119673424631
-2.8942937440101786,4.54826671378192,0.04793331639470143
-2.790926110295529,4.54826671378192,0.03979445311868012
-2.6875584765808798,4.54826671378192,0.026963302545893887
-2.5841908428662306,4.54826671378192,0.011440391825934409
-2.4808232091515814,4.54826671378192,-0.004022976798625353
-2.3774555754369326,4.54826671378192,-0.016512677720189137
-2.2740879417222835,4.54826671378192,-0.023612059052764086
-2.1707203080076334,4.54826671378192,-0.023966716887921055
-2.067352674292984,4.54826671378192,-0.017608981039278417
-1.9639850405783352,4.54826671378192,-0.005960256154721067
-1.8606174068636863,4.54826671378192,0.008486157062341636
-1.757249773149037,4.54826671378192,0.022717322117849433
-1.6538821394343879,4.54826671378192,0.03384727354392294
-1.550514505719738,4.54826671378192,0.03970109847250278
-1.447146872005089,4.54826671378192,0.039205967326446364
-1.3437792382904399,4.54826671378192,0.03251725054219159
-1.2404116045757907,4.54826671378192,0.02087989382594374
-1.1370439708611417,4.54826671378192,0.006289200594078179
-1.0336763371464925,4.54826671378192,-0.008946082996637888
-0.9303087034318435,4.54826671378192,-0.022629859254207588
-0.8269410697171936,4.54826671378192,-0.03300981193906212
-0.7235734360025445,4.54826671378192,-0.03897172194289895
-0.6202058022878953,4.54826671378192,-0.04009897830053556
-0.5168381685732463,4.54826671378192,-0.03663022951379234
-0.4134705348585972,4.54826671378192,-0.02935824398856426
-0.31010290114394806,4.54826671378192,-0.019503382726882776
-0.2067352674292982,4.54826671378192,-0.008574390042620908
-0.1033676337146491,4.54826671378192,0.0017900137031589534
0.,4.54826671378192,0.0100120306993198
0.1033676337146491,4.54826671378192,0.014800964350845684
0.2067352674292982,4.54826671378192,0.015393138988203684
0.31010290114394734,4.54826671378192,0.01175651544951954
0.4134705348585964,4.54826671378192,0.0046940673893136175
0.5168381685732455,4.54826671378192,-0.004214870457346897
0.6202058022878947,4.54826671378192,-0.012864825847104095
0.7235734360025438,4.54826671378192,-0.01904401929180537
0.8269410697171944,4.54826671378192,-0.02094479572725534
0.9303087034318435,4.54826671378192,-0.017642309701856124
1.0336763371464925,4.54826671378192,-0.009406749448333057
1.1370439708611417,4.54826671378192,0.0022580155479287457
1.2404116045757907,4.54826671378192,0.014892212302566099
1.3437792382904399,4.54826671378192,0.025631996405166932
1.447146872005089,4.54826671378192,0.03191088364541505
1.550514505719738,4.54826671378192,0.032132735984852535
1.6538821394343872,4.54826671378192,0.026131784613210477
1.7572497731490362,4.54826671378192,0.015281382849032642
1.8606174068636854,4.54826671378192,0.0022020390347674413
1.9639850405783346,4.54826671378192,-0.009872620923008661
2.0673526742929837,4.54826671378192,-0.017916274438350522
2.1707203080076343,4.54826671378192,-0.019903414801581042
2.2740879417222835,4.54826671378192,-0.01536240178751862
2.3774555754369326,4.54826671378192,-0.005533434875508074
2.4808232091515814,4.54826671378192,0.006920131215560985
2.5841908428662306,4.54826671378192,0.018579527672252523
2.6875584765808798,4.54826671378192,0.02614730537525299
2.790926110295529,4.54826671378192,0.027305630641341363
2.894293744010178,4.54826671378192,0.021332253982943607
2.997661377724827,4.54826671378192,0.009313563177504066
3.101029011439476,4.54826671378192,-0.0061004006826993395
3.2043966451541253,4.54826671378192,-0.02133529291892913
3.3077642788687744,4.54826671378192,-0.032762237086628836
3.411131912583425,4.54826671378192,-0.037578325869613516
3.514499546298074,4.54826671378192,-0.034480191390898654
3.6178671800127233,4.54826671378192,-0.023970234687581804
3.7212348137273725,4.54826671378192,-0.008230597031411234
3.8246024474420213,4.54826671378192,0.009392403848644938
3.9279700811566705,4.54826671378192,0.025158639860197334
4.031337714871319,4.54826671378192,0.03577028915255429
4.134705348585968,4.54826671378192,0.03907903420177761
4.238072982300618,4.54826671378192,0.034510742066122674
4.341440616015267,4.54826671378192,0.023128358334091242
4.444808249729916,4.54826671378192,0.007340929753044205
4.548175883444565,4.54826671378192,-0.009654913257959858
4.651543517159214,4.54826671378192,-0.02456242175554976
4.754911150873865,4.54826671378192,-0.034645859049394205
4.858278784588514,4.54826671378192,-0.03822904601500246
4.961646418303163,4.54826671378192,-0.03494183076408148
5.065014052017812,4.54826671378192,-0.025686258182373533
5.168381685732461,4.54826671378192,-0.012355208673572222
5.27174931944711,4.54826671378192,0.0026158801270523683
5.3751169531617595,4.54826671378192,0.01675741207827171
5.478484586876409,4.54826671378192,0.028025850482358422
5.581852220591058,4.54826671378192,0.03512831556384049
5.685219854305707,4.54826671378192,0.037660863048928454
5.788587488020356,4.54826671378192,0.036053428389529796
5.8919551217350055,4.54826671378192,0.03135555436414528
5.995322755449654,4.54826671378192,0.024927333026766217
6.098690389164305,4.54826671378192,0.01811388230250363
6.202058022878954,4.54826671378192,0.011977166144898944
6.305425656593603,4.54826671378192,0.007138047366272539
6.408793290308252,4.54826671378192,0.003749708983088501
-6.408793290308252,4.651636411822418,0.012695151482008917
-6.305425656593603,4.651636411822418,0.012109070183684808
-6.202058022878954,4.651636411822418,0.01069021626803075
-6.098690389164304,4.651636411822418,0.008254390682379912
-5.995322755449655,4.651636411822418,0.004942052197483797
-5.8919551217350055,4.651636411822418,0.0011770579968341857
-5.788587488020356,4.651636411822418,-0.002474052699151627
-5.685219854305708,4.651636411822418,-0.0055012694972475205
-5.581852220591058,4.651636411822418,-0.007644161624287093
-5.478484586876409,4.651636411822418,-0.009010177491192796
-5.3751169531617595,4.651636411822418,-0.010069092447716631
-5.27174931944711,4.651636411822418,-0.01151309608731309
-5.168381685732461,4.651636411822418,-0.01401805572680411
-5.065014052017812,4.651636411822418,-0.01797948809925973
-4.961646418303163,4.651636411822418,-0.02331258933875251
-4.858278784588514,4.651636411822418,-0.029391776716970693
-4.754911150873865,4.651636411822418,-0.03516391550100873
-4.651543517159215,4.651636411822418,-0.039412927278022855
-4.548175883444566,4.651636411822418,-0.04110029044053775
-4.444808249729917,4.651636411822418,-0.03967476797345345
-4.341440616015267,4.651636411822418,-0.0352478957590574
-4.238072982300618,4.651636411822418,-0.02857056303836395
-4.134705348585968,4.651636411822418,-0.020809343275044495
-4.031337714871319,4.651636411822418,-0.013188807481413076
-3.9279700811566705,4.651636411822418,-0.006614884614114961
-3.8246024474420213,4.651636411822418,-0.0014065492100039825
-3.7212348137273725,4.651636411822418,0.0027675744720861944
-3.6178671800127233,4.651636411822418,0.006716602733519311
-3.514499546298074,4.651636411822418,0.011367540438669064
-3.411131912583425,4.651636411822418,0.017334717835686752
-3.3077642788687753,4.651636411822418,0.02456704414451506
-3.204396645154126,4.651636411822418,0.0322050767436705
-3.101029011439477,4.651636411822418,0.03871783529541601
-2.9976613777248278,4.651636411822418,0.042300074459629654
-2.8942937440101786,4.651636411822418,0.04142262436304821
-2.790926110295529,4.651636411822418,0.035370479780388445
-2.6875584765808798,4.651636411822418,0.02459582076654739
-2.5841908428662306,4.651636411822418,0.010760556956979207
-2.4808232091515814,4.651636411822418,-0.003567903730599524
-2.3774555754369326,4.651636411822418,-0.015500155532345622
-2.2740879417222835,4.651636411822418,-0.022533840709566256
-2.1707203080076334,4.651636411822418,-0.023193087467418532
-2.067352674292984,4.651636411822418,-0.017419839326763
-1.9639850405783352,4.651636411822418,-0.006608366106136313
-1.8606174068636863,4.651636411822418,0.0067244091573720605
-1.757249773149037,4.651636411822418,0.01953844913253449
-1.6538821394343879,4.651636411822418,0.028974416302233564
-1.550514505719738,4.651636411822418,0.03297578137503341
-1.447146872005089,4.651636411822418,0.030677629489129304
-1.3437792382904399,4.651636411822418,0.022486302489652728
-1.2404116045757907,4.651636411822418,0.009865331544370642
-1.1370439708611417,4.651636411822418,-0.005079200291620563
-1.0336763371464925,4.651636411822418,-0.020079576536412097
-0.9303087034318435,4.651636411822418,-0.03312406964136368
-0.8269410697171936,4.651636411822418,-0.04272562801157792
-0.7235734360025445,4.651636411822418,-0.04801975497523685
-0.6202058022878953,4.651636411822418,-0.048728658634618414
-0.5168381685732463,4.651636411822418,-0.04506208026838337
-0.4134705348585972,4.651636411822418,-0.0376233281379011
-0.31010290114394806,4.651636411822418,-0.027356660048446283
-0.2067352674292982,4.651636411822418,-0.015525981107762541
-0.1033676337146491,4.651636411822418,-0.0036767989793693857
0.,4.651636411822418,0.006478039157452159
0.1033676337146491,4.651636411822418,0.01328561285474468
0.2067352674292982,4.651636411822418,0.015480013050368242
0.31010290114394734,4.651636411822418,0.012537930368718664
0.4134705348585964,4.651636411822418,0.004949686729956183
0.5168381685732455,4.651636411822418,-0.005712031643740085
0.6202058022878947,4.651636411822418,-0.01700265522397573
0.7235734360025438,4.651636411822418,-0.026094117950848348
0.8269410697171944,4.651636411822418,-0.030447371013676363
0.9303087034318435,4.651636411822418,-0.028499605140982646
1.0336763371464925,4.651636411822418,-0.02016649669923734
1.1370439708611417,4.651636411822418,-0.0069906205983894356
1.2404116045757907,4.651636411822418,0.008144502447050207
1.3437792382904399,4.651636411822418,0.02169260078137903
1.447146872005089,4.651636411822418,0.03035231732879477
1.550514505719738,4.651636411822418,0.031961262072751795
1.6538821394343872,4.651636411822418,0.026121277201675976
1.7572497731490362,4.651636411822418,0.014363730946200184
1.8606174068636854,4.651636411822418,-0.00021190832919422455
1.9639850405783346,4.651636411822418,-0.013743226956557105
2.0673526742929837,4.651636411822418,-0.022639993598769857
2.1707203080076343,4.651636411822418,-0.024563561154595993
2.2740879417222835,4.651636411822418,-0.01907466598843783
2.3774555754369326,4.651636411822418,-0.007763966938264201
2.4808232091515814,4.651636411822418,0.006175304096434288
2.5841908428662306,4.651636411822418,0.018815577037488075
2.6875584765808798,4.651636411822418,0.02656289903781452
2.790926110295529,4.651636411822418,0.02712876239210652
2.894293744010178,4.651636411822418,0.020139946776845073
2.997661377724827,4.651636411822418,0.007225271460725175
3.101029011439476,4.651636411822418,-0.008433935668598918
3.2043966451541253,4.651636411822418,-0.022955183478871623
3.3077642788687744,4.651636411822418,-0.03276810989455476
3.411131912583425,4.651636411822418,-0.035514986358852814
3.514499546298074,4.651636411822418,-0.030606116076380155
3.6178671800127233,4.651636411822418,-0.01930174442770805
3.7212348137273725,4.651636411822418,-0.004325050717082017
3.8246024474420213,4.651636411822418,0.010866042537732287
3.9279700811566705,4.651636411822418,0.022940514580565174
4.031337714871319,4.651636411822418,0.029463468614024102
4.134705348585968,4.651636411822418,0.029390426015292053
4.238072982300618,4.651636411822418,0.02319147721558382
4.341440616015267,4.651636411822418,0.012613093727101938
4.444808249729916,4.651636411822418,0.00017459631233294147
4.548175883444565,4.651636411822418,-0.01145060724759018
4.651543517159214,4.651636411822418,-0.020011227398584564
4.754911150873865,4.651636411822418,-0.0240871797443159
4.858278784588514,4.651636411822418,-0.023265923072244527
4.961646418303163,4.651636411822418,-0.01808523883758799
5.065014052017812,4.651636411822418,-0.009794458473725705
5.168381685732461,4.651636411822418,-0.000015878574303339344
5.27174931944711,4.651636411822418,0.009607574748196294
5.3751169531617595,4.651636411822418,0.01770823873019196
5.478484586876409,4.651636411822418,0.023389634228355192
5.581852220591058,4.651636411822418,0.02630679720820386
5.685219854305707,4.651636411822418,0.02663797231140384
5.788587488020356,4.651636411822418,0.024969418655291366
5.8919551217350055,4.651636411822418,0.022123120777822882
5.995322755449654,4.651636411822418,0.01896092917191898
6.098690389164305,4.651636411822418,0.01619983980742475
6.202058022878954,4.651636411822418,0.014271660823005185
6.305425656593603,4.651636411822418,0.013254503642481227
6.408793290308252,4.651636411822418,0.012891555287703216
-6.408793290308252,4.755006109862916,0.019962149615158308
-6.305425656593603,4.755006109862916,0.020105813162780435
-6.202058022878954,4.755006109862916,0.01882397587428846
-6.098690389164304,4.755006109862916,0.015994752239229776
-5.995322755449655,4.755006109862916,0.011807887070284956
-5.8919551217350055,4.755006109862916,0.006771761011858685
-5.788587488020356,4.755006109862916,0.0016139918791464372
-5.685219854305708,4.755006109862916,-0.002911734419448633
-5.581852220591058,4.755006109862916,-0.0062598082415212045
-5.478484586876409,4.755006109862916,-0.008289335976492052
-5.3751169531617595,4.755006109862916,-0.009346075187203935
-5.27174931944711,4.755006109862916,-0.01018371749832947
-5.168381685732461,4.755006109862916,-0.011731287590574601
-5.065014052017812,4.755006109862916,-0.01476992443376853
-4.961646418303163,4.755006109862916,-0.01962180297980272
-4.858278784588514,4.755006109862916,-0.025960219625737004
-4.754911150873865,4.755006109862916,-0.032817693952763995
-4.651543517159215,4.755006109862916,-0.038806855713908454
-4.548175883444566,4.755006109862916,-0.04249691860699688
-4.444808249729917,4.755006109862916,-0.04283162154484834
-4.341440616015267,4.755006109862916,-0.03945371047375236
-4.238072982300618,4.755006109862916,-0.03282572354919457
-4.134705348585968,4.755006109862916,-0.024100754445065924
-4.031337714871319,4.755006109862916,-0.014779544620481002
-3.9279700811566705,4.755006109862916,-0.006263682765460919
-3.8246024474420213,4.755006109862916,0.0005470926438194302
-3.7212348137273725,4.755006109862916,0.005477132569145874
-3.6178671800127233,4.755006109862916,0.009039539839976992
-3.514499546298074,4.755006109862916,0.012153973328108525
-3.411131912583425,4.755006109862916,0.01571510823771453
-3.3077642788687753,4.755006109862916,0.0201647597647552
-3.204396645154126,4.755006109862916,0.025224537864788062
-3.101029011439477,4.755006109862916,0.02989511480337964
-2.9976613777248278,4.755006109862916,0.032738597306866436
-2.8942937440101786,4.755006109862916,0.032361816777104674
-2.790926110295529,4.755006109862916,0.02794424944584143
-2.6875584765808798,4.755006109862916,0.019630856489538395
-2.5841908428662306,4.755006109862916,0.008646798843846728
-2.4808232091515814,4.755006109862916,-0.0029231027554835645
-2.3774555754369326,4.755006109862916,-0.012639845543084983
-2.2740879417222835,4.755006109862916,-0.01835677464931379
-2.1707203080076334,4.755006109862916,-0.01881475243420946
-2.067352674292984,4.755006109862916,-0.014006405644912298
-1.9639850405783352,4.755006109862916,-0.005200048052253203
-1.8606174068636863,4.755006109862916,0.005381764748063137
-1.757249773149037,4.755006109862916,0.015129814741452724
-1.6538821394343879,4.755006109862916,0.021692307829395224
-1.550514505719738,4.755006109862916,0.023511232143266808
-1.447146872005089,4.755006109862916,0.020110699395364456
-1.3437792382904399,4.755006109862916,0.012082542135910113
-1.2404116045757907,4.755006109862916,0.0008112208289560918
-1.1370439708611417,4.755006109862916,-0.011944932515064236
-1.0336763371464925,4.755006109862916,-0.024470031524037237
-0.9303087034318435,4.755006109862916,-0.03538215818155056
-0.8269410697171936,4.755006109862916,-0.04374208219677753
-0.7235734360025445,4.755006109862916,-0.048999650466562135
-0.6202058022878953,4.755006109862916,-0.05086024330570036
-0.5168381685732463,4.755006109862916,-0.04917559804341079
-0.4134705348585972,4.755006109862916,-0.04393771101135026
-0.31010290114394806,4.755006109862916,-0.035392777068765965
-0.2067352674292982,4.755006109862916,-0.024220145536889264
-0.1033676337146491,4.755006109862916,-0.011669830707145262
0.,4.755006109862916,0.0004550059700128619
0.1033676337146491,4.755006109862916,0.01003973501800944
0.2067352674292982,4.755006109862916,0.015110145241073685
0.31010290114394734,4.755006109862916,0.014388195508150585
0.4134705348585964,4.755006109862916,0.007779232126508384
0.5168381685732455,4.755006109862916,-0.0033925274342734135
0.6202058022878947,4.755006109862916,-0.01652801904206717
0.7235734360025438,4.755006109862916,-0.028295361115198526
0.8269410697171944,4.755006109862916,-0.03545822304025637
0.9303087034318435,4.755006109862916,-0.03577112691868909
1.0336763371464925,4.755006109862916,-0.028676078652081632
1.1370439708611417,4.755006109862916,-0.015571319668247477
1.2404116045757907,4.755006109862916,0.00046342345223644905
1.3437792382904399,4.755006109862916,0.015441637570707146
1.447146872005089,4.755006109862916,0.025544969986200927
1.550514505719738,4.755006109862916,0.028195921849160057
1.6538821394343872,4.755006109862916,0.022811798648179966
1.7572497731490362,4.755006109862916,0.011006652737807194
1.8606174068636854,4.755006109862916,-0.0038340075421831135
1.9639850405783346,4.755006109862916,-0.017495040998096643
2.0673526742929837,4.755006109862916,-0.026122555439006444
2.1707203080076343,4.755006109862916,-0.02731789666847358
2.2740879417222835,4.755006109862916,-0.02081406097807452
2.3774555754369326,4.755006109862916,-0.00853623146745458
2.4808232091515814,4.755006109862916,0.00596927690206864
2.5841908428662306,4.755006109862916,0.018566320385586647
2.6875584765808798,4.755006109862916,0.025714655678488244
2.790926110295529,4.755006109862916,0.025462875631733238
2.894293744010178,4.755006109862916,0.01796442903838243
2.997661377724827,4.755006109862916,0.005379294621031973
3.101029011439476,4.755006109862916,-0.008792030714633164
3.2043966451541253,4.755006109862916,-0.02073070810094455
3.3077642788687744,4.755006109862916,-0.0273699513438851
3.411131912583425,4.755006109862916,-0.02720441747864568
3.514499546298074,4.755006109862916,-0.020619881022793385
3.6178671800127233,4.755006109862916,-0.009675461985428726
3.7212348137273725,4.755006109862916,0.0025662995583796825
3.8246024474420213,4.755006109862916,0.012940920529277472
3.9279700811566705,4.755006109862916,0.019042356847861583
4.031337714871319,4.755006109862916,0.019801893300268464
4.134705348585968,4.755006109862916,0.015646152454214808
4.238072982300618,4.755006109862916,0.008228971283223295
4.341440616015267,4.755006109862916,-0.00014409582075780808
4.444808249729916,4.755006109862916,-0.007202778514380015
4.548175883444565,4.755006109862916,-0.011303702626886675
4.651543517159214,4.755006109862916,-0.011771699952985546
4.754911150873865,4.755006109862916,-0.008928382964916305
4.858278784588514,4.755006109862916,-0.00384550954196715
4.961646418303163,4.755006109862916,0.0020638331742041205
5.065014052017812,4.755006109862916,0.007472736095385376
5.168381685732461,4.755006109862916,0.011461427427380457
5.27174931944711,4.755006109862916,0.013660743824939587
5.3751169531617595,4.755006109862916,0.014214578535908908
5.478484586876409,4.755006109862916,0.013614023993552498
5.581852220591058,4.755006109862916,0.012483967417073227
5.685219854305707,4.755006109862916,0.011397980997492762
5.788587488020356,4.755006109862916,0.010767222632363077
5.8919551217350055,4.755006109862916,0.01080959237725984
5.995322755449654,4.755006109862916,0.011573598926140146
6.098690389164305,4.755006109862916,0.012978748825148118
6.202058022878954,4.755006109862916,0.01484274120881921
6.305425656593603,4.755006109862916,0.01688793236592516
6.408793290308252,4.755006109862916,0.01874258830895554
-6.408793290308252,4.858375807903414,0.01954053958725376
-6.305425656593603,4.858375807903414,0.02056261827595941
-6.202058022878954,4.858375807903414,0.020372854101101158
-6.098690389164304,4.858375807903414,0.018689625863952068
-5.995322755449655,4.858375807903414,0.015408505462345576
-5.8919551217350055,4.858375807903414,0.010743827853592954
-5.788587488020356,4.858375807903414,0.0052644179520836215
-5.685219854305708,4.858375807903414,-0.00021572767784009875
-5.581852220591058,4.858375807903414,-0.004870432082590262
-5.478484586876409,4.858375807903414,-0.008140259851550377
-5.3751169531617595,4.858375807903414,-0.009950917764826423
-5.27174931944711,4.858375807903414,-0.010776928542558682
-5.168381685732461,4.858375807903414,-0.011507242657106684
-5.065014052017812,4.858375807903414,-0.013141419435410221
-4.961646418303163,4.858375807903414,-0.01641158982278733
-4.858278784588514,4.858375807903414,-0.021460969194764368
-4.754911150873865,4.858375807903414,-0.027699143565029304
-4.651543517159215,4.858375807903414,-0.03389920837130613
-4.548175883444566,4.858375807903414,-0.038520166500131875
-4.444808249729917,4.858375807903414,-0.040158281342899525
-4.341440616015267,4.858375807903414,-0.03798209712016025
-4.238072982300618,4.858375807903414,-0.03200613610104172
-4.134705348585968,4.858375807903414,-0.02310920441073165
-4.031337714871319,4.858375807903414,-0.01278802880596708
-3.9279700811566705,4.858375807903414,-0.002726399962266064
-3.8246024474420213,4.858375807903414,0.005677293318554973
-3.7212348137273725,4.858375807903414,0.011667684179402617
-3.6178671800127233,4.858375807903414,0.015259554058861927
-3.514499546298074,4.858375807903414,0.01709998866594121
-3.411131912583425,4.858375807903414,0.018124140666845284
-3.3077642788687753,4.858375807903414,0.01913518230765932
-3.204396645154126,4.858375807903414,0.02046433093090344
-3.101029011439477,4.858375807903414,0.021836263423400847
-2.9976613777248278,4.858375807903414,0.02248954158011372
-2.8942937440101786,4.858375807903414,0.02150779178511311
-2.790926110295529,4.858375807903414,0.018238936645063524
-2.6875584765808798,4.858375807903414,0.012645066263054196
-2.5841908428662306,4.858375807903414,0.005447382746983153
-2.4808232091515814,4.858375807903414,-0.0019982974972583543
-2.3774555754369326,4.858375807903414,-0.008064752897812588
-2.2740879417222835,4.858375807903414,-0.011338916881505425
-2.1707203080076334,4.858375807903414,-0.011067968536265639
-2.067352674292984,4.858375807903414,-0.007415184049589673
-1.9639850405783352,4.858375807903414,-0.0014385708779624177
-1.8606174068636863,4.858375807903414,0.005200740748017074
-1.757249773149037,4.858375807903414,0.010702577490100073
-1.6538821394343879,4.858375807903414,0.013610946860945425
-1.550514505719738,4.858375807903414,0.013162059703128025
-1.447146872005089,4.858375807903414,0.009395862399256086
-1.3437792382904399,4.858375807903414,0.0030168915522394858
-1.2404116045757907,4.858375807903414,-0.004920875622845385
-1.1370439708611417,4.858375807903414,-0.013372586020069837
-1.0336763371464925,4.858375807903414,-0.021565982029392607
-0.9303087034318435,4.858375807903414,-0.029078870691585806
-0.8269410697171936,4.858375807903414,-0.03572205758736202
-0.7235734360025445,4.858375807903414,-0.04130414891877135
-0.6202058022878953,4.858375807903414,-0.04540837971715252
-0.5168381685732463,4.858375807903414,-0.04731171763775528
-0.4134705348585972,4.858375807903414,-0.046120613116089476
-0.31010290114394806,4.858375807903414,-0.04110540666456093
-0.2067352674292982,4.858375807903414,-0.03212135160958631
-0.1033676337146491,4.858375807903414,-0.0199460642199463
0.,4.858375807903414,-0.00636728608248952
0.1033676337146491,4.858375807903414,0.006074410937575308
0.2067352674292982,4.858375807903414,0.014666359963050688
0.31010290114394734,4.858375807903414,0.017282480541430764
0.4134705348585964,4.858375807903414,0.013088718598460279
0.5168381685732455,4.858375807903414,0.00295133981056972
0.6202058022878947,4.858375807903414,-0.010624250697286706
0.7235734360025438,4.858375807903414,-0.024058315232342493
0.8269410697171944,4.858375807903414,-0.03363689274684315
0.9303087034318435,4.858375807903414,-0.03656570265069227
1.0336763371464925,4.858375807903414,-0.0318194470082251
1.1370439708611417,4.858375807903414,-0.020511447894501073
1.2404116045757907,4.858375807903414,-0.005643656095402645
1.3437792382904399,4.858375807903414,0.008715561511560065
1.447146872005089,4.858375807903414,0.018597420516984896
1.550514505719738,4.858375807903414,0.021298314656965637
1.6538821394343872,4.858375807903414,0.016190047554769188
1.7572497731490362,4.858375807903414,0.004920711846194699
1.8606174068636854,4.858375807903414,-0.00906437775919009
1.9639850405783346,4.858375807903414,-0.021543149193097386
2.0673526742929837,4.858375807903414,-0.028771291521538928
2.1707203080076343,4.858375807903414,-0.028589188926341182
2.2740879417222835,4.858375807903414,-0.021044308787865115
2.3774555754369326,4.858375807903414,-0.00834227822749552
2.4808232091515814,4.858375807903414,0.0058516948027828265
2.5841908428662306,4.858375807903414,0.017538743349806415
2.6875584765808798,4.858375807903414,0.023587816122705114
2.790926110295529,4.858375807903414,0.022643011642414935
2.894293744010178,4.858375807903414,0.015465220037484921
2.997661377724827,4.858375807903414,0.004618082085468249
3.101029011439476,4.858375807903414,-0.006385580228080186
3.2043966451541253,4.858375807903414,-0.014195746044384934
3.3077642788687744,4.858375807903414,-0.016642104555024087
3.411131912583425,4.858375807903414,-0.013343361779971028
3.514499546298074,4.858375807903414,-0.005734699941767774
3.6178671800127233,4.858375807903414,0.003472006320385983
3.7212348137273725,4.858375807903414,0.011202864816360101
3.8246024474420213,4.858375807903414,0.015008788955807975
3.9279700811566705,4.858375807903414,0.013811506287150726
4.031337714871319,4.858375807903414,0.008185226699530116
4.134705348585968,4.858375807903414,0.00010698246488675207
4.238072982300618,4.858375807903414,-0.007720603598624293
4.341440616015267,4.858375807903414,-0.012740696317851536
4.444808249729916,4.858375807903414,-0.013325344542983227
4.548175883444565,4.858375807903414,-0.009231204495164853
4.651543517159214,4.858375807903414,-0.0016056752833662877
4.754911150873865,4.858375807903414,0.007430033742049797
4.858278784588514,4.858375807903414,0.015463550916059787
4.961646418303163,4.858375807903414,0.020510479969531665
5.065014052017812,4.858375807903414,0.02154718929438
5.168381685732461,4.858375807903414,0.018711464302556085
5.27174931944711,4.858375807903414,0.013142589201106785
5.3751169531617595,4.858375807903414,0.006548522143147318
5.478484586876409,4.858375807903414,0.0006645789510609882
5.581852220591058,4.858375807903414,-0.003216537845467996
5.685219854305707,4.858375807903414,-0.0045089470118387836
5.788587488020356,4.858375807903414,-0.0033426724257674656
5.8919551217350055,4.858375807903414,-0.00035984805748555
5.995322755449654,4.858375807903414,0.0035940936375550396
6.098690389164305,4.858375807903414,0.007757292491487222
6.202058022878954,4.858375807903414,0.011618907608669956
6.305425656593603,4.858375807903414,0.01493182769867771
6.408793290308252,4.858375807903414,0.017603443089318355
-6.408793290308252,4.961745505943912,0.010161642951564062
-6.305425656593603,4.961745505943912,0.012329855728077203
-6.202058022878954,4.961745505943912,0.014256459850511757
-6.098690389164304,4.961745505943912,0.015237705658051371
-5.995322755449655,4.961745505943912,0.014551442115217632
-5.8919551217350055,4.961745505943912,0.01180257138748928
-5.788587488020356,4.961745505943912,0.007157230515417725
-5.685219854305708,4.961745505943912,0.0013627751231474446
-5.581852220591058,4.961745505943912,-0.004464866345284844
-5.478484586876409,4.961745505943912,-0.009212907203947032
-5.3751169531617595,4.961745505943912,-0.012164452116183664
-5.27174931944711,4.961745505943912,-0.013261754307769142
-5.168381685732461,4.961745505943912,-0.013133924137138755
-5.065014052017812,4.961745505943912,-0.012868294792313599
-4.961646418303163,4.961745505943912,-0.013599436362189458
-4.858278784588514,4.961745505943912,-0.01605927585848444
-4.754911150873865,4.961745505943912,-0.020250243593727325
-4.651543517159215,4.961745505943912,-0.025363620453101206
-4.548175883444566,4.961745505943912,-0.029981145386402615
-4.444808249729917,4.961745505943912,-0.0324992830448999
-4.341440616015267,4.961745505943912,-0.03163736714252312
-4.238072982300618,4.961745505943912,-0.026860754108717386
-4.134705348585968,4.961745505943912,-0.018578549716045542
-4.031337714871319,4.961745505943912,-0.008052023676773766
-3.9279700811566705,4.961745505943912,0.0029527581010317344
-3.8246024474420213,4.961745505943912,0.012650507045281414
-3.7212348137273725,4.961745505943912,0.0197011605993061
-3.6178671800127233,4.961745505943912,0.023507834863915177
-3.514499546298074,4.961745505943912,0.0242660153810696
-3.411131912583425,4.961745505943912,0.022770179609095408
-3.3077642788687753,4.961745505943912,0.020065750020731417
-3.204396645154126,4.961745505943912,0.01708054217138707
-3.101029011439477,4.961745505943912,0.014365703283696643
-2.9976613777248278,4.961745505943912,0.012025322227277242
-2.8942937440101786,4.961745505943912,0.009837137103298923
-2.790926110295529,4.961745505943912,0.007493660875213539
-2.6875584765808798,4.961745505943912,0.00485089703728875
-2.5841908428662306,4.961745505943912,0.0020755229200642485
-2.4808232091515814,4.961745505943912,-0.00037189142175643247
-2.3774555754369326,4.961745505943912,-0.001909649815801024
-2.2740879417222835,4.961745505943912,-0.00208969434528591
-2.1707203080076334,4.961745505943912,-0.0008249113543649444
-2.067352674292984,4.961745505943912,0.0015113095800259563
-1.9639850405783352,4.961745505943912,0.004163164381453573
-1.8606174068636863,4.961745505943912,0.006226171379806889
-1.757249773149037,4.961745505943912,0.006949650553634729
-1.6538821394343879,4.961745505943912,0.005989441487386288
-1.550514505719738,4.961745505943912,0.003507848621839906
-1.447146872005089,4.961745505943912,0.0000759038484955109
-1.3437792382904399,4.961745505943912,-0.0035878161849066683
-1.2404116045757907,4.961745505943912,-0.00693821427181068
-1.1370439708611417,4.961745505943912,-0.00984976893961005
-1.0336763371464925,4.961745505943912,-0.012674786208239208
-0.9303087034318435,4.961745505943912,-0.01607053786497041
-0.8269410697171936,4.961745505943912,-0.020645147589209645
-0.7235734360025445,4.961745505943912,-0.026553592294981904
-0.6202058022878953,4.961745505943912,-0.03321199836872794
-0.5168381685732463,4.961745505943912,-0.03927225465566577
-0.4134705348585972,4.961745505943912,-0.04291425208325941
-0.31010290114394806,4.961745505943912,-0.04239675826095105
-0.2067352674292982,4.961745505943912,-0.036701012088300816
-0.1033676337146491,4.961745505943912,-0.026044317328715764
0.,4.961745505943912,-0.012059737078684513
0.1033676337146491,4.961745505943912,0.0024676098126521473
0.2067352674292982,4.961745505943912,0.014274479647348456
0.31010290114394734,4.961745505943912,0.020526094600371383
0.4134705348585964,4.961745505943912,0.019682144622353046
0.5168381685732455,4.961745505943912,0.012038764992194643
0.6202058022878947,4.961745505943912,-0.00025220241489978514
0.7235734360025438,4.961745505943912,-0.013728385599518469
0.8269410697171944,4.961745505943912,-0.024587705261289148
0.9303087034318435,4.961745505943912,-0.029801226112249765
1.0336763371464925,4.961745505943912,-0.02802531361587089
1.1370439708611417,4.961745505943912,-0.020020439140975718
1.2404116045757907,4.961745505943912,-0.008431097956885666
1.3437792382904399,4.961745505943912,0.0030194112011775885
1.447146872005089,4.961745505943912,0.010677839403224577
1.550514505719738,4.961745505943912,0.01209748575571775
1.6538821394343872,4.961745505943912,0.006804297792753189
1.7572497731490362,4.961745505943912,-0.0035521122321522016
1.8606174068636854,4.961745505943912,-0.015713396612424445
1.9639850405783346,4.961745505943912,-0.0258318986030926
2.0673526742929837,4.961745505943912,-0.030671254656463396
2.1707203080076343,4.961745505943912,-0.028606560834672366
2.2740879417222835,4.961745505943912,-0.020107401362742215
2.3774555754369326,4.961745505943912,-0.007554449746831137
2.4808232091515814,4.961745505943912,0.00554418313953231
2.5841908428662306,4.961745505943912,0.0156775455420154
2.6875584765808798,4.961745505943912,0.020430376638362453
2.790926110295529,4.961745505943912,0.01920125216536224
2.894293744010178,4.961745505943912,0.013314347363395911
2.997661377724827,4.961745505943912,0.005499952590595645
3.101029011439476,4.961745505943912,-0.001073818155544328
3.2043966451541253,4.961745505943912,-0.0038904940236904315
3.3077642788687744,4.961745505943912,-0.0019324983746901996
3.411131912583425,4.961745505943912,0.003992725843269674
3.514499546298074,4.961745505943912,0.011550925162939254
3.6178671800127233,4.961745505943912,0.01769877218988424
3.7212348137273725,4.961745505943912,0.019744992002076734
3.8246024474420213,4.961745505943912,0.016300227690107378
3.9279700811566705,4.961745505943912,0.007800122820309888
4.031337714871319,4.961745505943912,-0.0035714440850274144
4.134705348585968,4.961745505943912,-0.01453442961722808
4.238072982300618,4.961745505943912,-0.021728303213181515
4.341440616015267,4.961745505943912,-0.022764008768544147
4.444808249729916,4.961745505943912,-0.016977243307448264
4.548175883444565,4.961745505943912,-0.005648730289952109
4.651543517159214,4.961745505943912,0.008369067707423572
4.754911150873865,4.961745505943912,0.02149066432104914
4.858278784588514,4.961745505943912,0.03043141907948319
4.961646418303163,4.961745505943912,0.03311508498219858
5.065014052017812,4.961745505943912,0.02918650295775708
5.168381685732461,4.961745505943912,0.01999671086579365
5.27174931944711,4.961745505943912,0.008098847253012725
5.3751169531617595,4.961745505943912,-0.003557403563844829
5.478484586876409,4.961745505943912,-0.012464738498217174
5.581852220591058,4.961745505943912,-0.017173339120227227
5.685219854305707,4.961745505943912,-0.01751793643342819
5.788587488020356,4.961745505943912,-0.014431753869348788
5.8919551217350055,4.961745505943912,-0.009458211570018018
5.995322755449654,4.961745505943912,-0.0041587535026511345
6.098690389164305,4.961745505943912,0.00037194657997781654
6.202058022878954,4.961745505943912,0.003732765091673836
6.305425656593603,4.961745505943912,0.00614196218859098
6.408793290308252,4.961745505943912,0.008132651723301364
-6.408793290308252,5.065115203984412,-0.006303338964568845
-6.305425656593603,5.065115203984412,-0.00276913725890023
-6.202058022878954,5.065115203984412,0.0019581070734530754
-6.098690389164304,5.065115203984412,0.00656113689864587
-5.995322755449655,5.065115203984412,0.009515400076802735
-5.8919551217350055,5.065115203984412,0.009662672600417048
-5.788587488020356,5.065115203984412,0.006656958450412511
-5.685219854305708,5.065115203984412,0.001119481593363438
-5.581852220591058,5.065115203984412,-0.005552423380438756
-5.478484586876409,5.065115203984412,-0.01165228473138117
-5.3751169531617595,5.065115203984412,-0.015739074642529566
-5.27174931944711,5.065115203984412,-0.01711459883963932
-5.168381685732461,5.065115203984412,-0.01603545884848043
-5.065014052017812,5.065115203984412,-0.013586714656375414
-4.961646418303163,5.065115203984412,-0.011263956912272334
-4.858278784588514,5.065115203984412,-0.010412026479999796
-4.754911150873865,5.065115203984412,-0.011717078911977314
-4.651543517159215,5.065115203984412,-0.01492833277451114
-4.548175883444566,5.065115203984412,-0.018905151796241106
-4.444808249729917,5.065115203984412,-0.02197320923816545
-4.341440616015267,5.065115203984412,-0.02246943706363953
-4.238072982300618,5.065115203984412,-0.019294479803736487
-4.134705348585968,5.065115203984412,-0.012292773401114869
-4.031337714871319,5.065115203984412,-0.0023414844407982738
-3.9279700811566705,5.065115203984412,0.008872527381265352
-3.8246024474420213,5.065115203984412,0.019308242305855355
-3.7212348137273725,5.065115203984412,0.02710989561892116
-3.6178671800127233,5.065115203984412,0.031064918483221564
-3.514499546298074,5.065115203984412,0.030852848764438282
-3.411131912583425,5.065115203984412,0.02703343122708107
-3.3077642788687753,5.065115203984412,0.020807479612741625
-3.204396645154126,5.065115203984412,0.013649482717875992
-3.101029011439477,5.065115203984412,0.006936246768017008
-2.9976613777248278,5.065115203984412,0.0016767911696780958
-2.8942937440101786,5.065115203984412,-0.0016028109644445467
-2.790926110295529,5.065115203984412,-0.0028273997433705916
-2.6875584765808798,5.065115203984412,-0.002248703749445277
-2.5841908428662306,5.065115203984412,-0.00030186758648546093
-2.4808232091515814,5.065115203984412,0.002500330477565091
-2.3774555754369326,5.065115203984412,0.005615650945421046
-2.2740879417222835,5.065115203984412,0.008482826608232009
-2.1707203080076334,5.065115203984412,0.010537384566548813
-2.067352674292984,5.065115203984412,0.011271884713284138
-1.9639850405783352,5.065115203984412,0.010350203555878377
-1.8606174068636863,5.065115203984412,0.007744899794324676
-1.757249773149037,5.065115203984412,0.0038351182636311046
-1.6538821394343879,5.065115203984412,-0.000602493307547628
-1.550514505719738,5.065115203984412,-0.004548781623188228
-1.447146872005089,5.065115203984412,-0.007027295095649142
-1.3437792382904399,5.065115203984412,-0.007443488652176516
-1.2404116045757907,5.065115203984412,-0.005860771044890073
-1.1370439708611417,5.065115203984412,-0.003095507575140863
-1.0336763371464925,5.065115203984412,-0.0005594218448845637
-0.9303087034318435,5.065115203984412,0.00013996411555266413
-0.8269410697171936,5.065115203984412,-0.002261096965299662
-0.7235734360025445,5.065115203984412,-0.008171834253776907
-0.6202058022878953,5.065115203984412,-0.016848220316864643
-0.5168381685732463,5.065115203984412,-0.02643956712464078
-0.4134705348585972,5.065115203984412,-0.03441056912538718
-0.31010290114394806,5.065115203984412,-0.038243585007408265
-0.2067352674292982,5.065115203984412,-0.036220631678865134
-0.1033676337146491,5.065115203984412,-0.02803791214289334
0.,5.065115203984412,-0.01503887639992188
0.1033676337146491,5.065115203984412,0.00004026612509902826
0.2067352674292982,5.065115203984412,0.013767335474016276
0.31010290114394734,5.065115203984412,0.022961607114611798
0.4134705348585964,5.065115203984412,0.02560827800466553
0.5168381685732455,5.065115203984412,0.021452737784838298
0.6202058022878947,5.065115203984412,0.01207771284366663
0.7235734360025438,5.065115203984412,0.00042481649683355727
0.8269410697171944,5.065115203984412,-0.010101131339380112
0.9303087034318435,5.065115203984412,-0.01666934038026731
1.0336763371464925,5.065115203984412,-0.01787505026767544
1.1370439708611417,5.065115203984412,-0.014133906172539602
1.2404116045757907,5.065115203984412,-0.007490870611785919
1.3437792382904399,5.065115203984412,-0.0009046714377456933
1.447146872005089,5.065115203984412,0.0027597590366566335
1.550514505719738,5.065115203984412,0.0017014318922174637
1.6538821394343872,5.065115203984412,-0.004202626994771783
1.7572497731490362,5.065115203984412,-0.013341810535983309
1.8606174068636854,5.065115203984412,-0.022893157500325154
1.9639850405783346,5.065115203984412,-0.02974639959856658
2.0673526742929837,5.065115203984412,-0.031525317858492295
2.1707203080076343,5.065115203984412,-0.027365523247968128
2.2740879417222835,5.065115203984412,-0.0181900691826186
2.3774555754369326,5.065115203984412,-0.006392602655564461
2.4808232091515814,5.065115203984412,0.004963119315823162
2.5841908428662306,5.065115203984412,0.01315556695000312
2.6875584765808798,5.065115203984412,0.016686286482194154
2.790926110295529,5.065115203984412,0.015730440791405856
2.894293744010178,5.065115203984412,0.01200439347444806
2.997661377724827,5.065115203984412,0.008096547459419508
3.101029011439476,5.065115203984412,0.006492042907783436
3.2043966451541253,5.065115203984412,0.008629110812674243
3.3077642788687744,5.065115203984412,0.014317818617929834
3.411131912583425,5.065115203984412,0.021731980774805072
3.514499546298074,5.065115203984412,0.027991689650036067
3.6178671800127233,5.065115203984412,0.03015189528762686
3.7212348137273725,5.065115203984412,0.02626982495569373
3.8246024474420213,5.065115203984412,0.016189435435444145
3.9279700811566705,5.065115203984412,0.001767290937683526
4.031337714871319,5.065115203984412,-0.013556307940200742
4.134705348585968,5.065115203984412,-0.02572325715363654
4.238072982300618,5.065115203984412,-0.031265155353465184
4.341440616015267,5.065115203984412,-0.02837387797764175
4.444808249729916,5.065115203984412,-0.017495961290955955
4.548175883444565,5.065115203984412,-0.0012602709061218505
4.651543517159214,5.065115203984412,0.016241970885999858
4.754911150873865,5.065115203984412,0.030603432629410374
4.858278784588514,5.065115203984412,0.038321958084284714
4.961646418303163,5.065115203984412,0.03772889138531488
5.065014052017812,5.065115203984412,0.029356076952094294
5.168381685732461,5.065115203984412,0.015654614143371777
5.27174931944711,5.065115203984412,0.00018137980437141058
5.3751169531617595,5.065115203984412,-0.013471964418451419
5.478484586876409,5.065115203984412,-0.022667686083403686
5.581852220591058,5.065115203984412,-0.02633446675161338
5.685219854305707,5.065115203984412,-0.025046931481286238
5.788587488020356,5.065115203984412,-0.020595368091494894
5.8919551217350055,5.065115203984412,-0.015230503516670218
5.995322755449654,5.065115203984412,-0.010859550257258519
6.098690389164305,5.065115203984412,-0.008464141411151132
6.202058022878954,5.065115203984412,-0.007915246766482878
6.305425656593603,5.065115203984412,-0.008211612892349078
6.408793290308252,5.065115203984412,-0.008019849635432709
-6.408793290308252,5.16848490202491,-0.0253590667354073
-6.305425656593603,5.16848490202491,-0.02046749490524166
-6.202058022878954,5.16848490202491,-0.012906745680896605
-6.098690389164304,5.16848490202491,-0.004639839675498589
-5.995322755449655,5.16848490202491,0.002029362827356339
-5.8919551217350055,5.16848490202491,0.005225166353568604
-5.788587488020356,5.16848490202491,0.004119932576189961
-5.685219854305708,5.16848490202491,-0.0008017445166591581
-5.581852220591058,5.16848490202491,-0.007916352989858502
-5.478484586876409,5.16848490202491,-0.015005111547794107
-5.3751169531617595,5.16848490202491,-0.0199784599643782
-5.27174931944711,5.16848490202491,-0.02153638175683621
-5.168381685732461,5.16848490202491,-0.019547459869064605
-5.065014052017812,5.16848490202491,-0.015029078177974746
-4.961646418303163,5.16848490202491,-0.00974692493514305
-4.858278784588514,5.16848490202491,-0.005577635666276435
-4.754911150873865,5.16848490202491,-0.003852659075829426
-4.651543517159215,5.16848490202491,-0.00490140703817512
-4.548175883444566,5.16848490202491,-0.00794006952815336
-4.444808249729917,5.16848490202491,-0.01133531903424247
-4.341440616015267,5.16848490202491,-0.013149585135553714
-4.238072982300618,5.16848490202491,-0.011786764853829235
-4.134705348585968,5.16848490202491,-0.006531045569985903
-4.031337714871319,5.16848490202491,0.00218756535752934
-3.9279700811566705,5.16848490202491,0.012875975328609209
-3.8246024474420213,5.16848490202491,0.023373966012244896
-3.7212348137273725,5.16848490202491,0.031435633417673234
-3.6178671800127233,5.16848490202491,0.03532099678117918
-3.514499546298074,5.16848490202491,0.03423132215624728
-3.411131912583425,5.16848490202491,0.028479372973010585
-3.3077642788687753,5.16848490202491,0.019369883653500168
-3.204396645154126,5.16848490202491,0.008847606756089933
-3.101029011439477,5.16848490202491,-0.00097424185186866
-2.9976613777248278,5.16848490202491,-0.008276431393807907
-2.8942937440101786,5.16848490202491,-0.01188063810726715
-2.790926110295529,5.16848490202491,-0.011421470160397683
-2.6875584765808798,5.16848490202491,-0.007336985357043951
-2.5841908428662306,5.16848490202491,-0.0007124299529692086
-2.4808232091515814,5.16848490202491,0.006967545123479714
-2.3774555754369326,5.16848490202491,0.014102800129690986
-2.2740879417222835,5.16848490202491,0.019254517286102377
-2.1707203080076334,5.16848490202491,0.021385338204400764
-2.067352674292984,5.16848490202491,0.020040573575049733
-1.9639850405783352,5.16848490202491,0.01544787433801073
-1.8606174068636863,5.16848490202491,0.008510162527392088
-1.757249773149037,5.16848490202491,0.0006707058097444921
-1.6538821394343879,5.16848490202491,-0.006352863390620049
-1.550514505719738,5.16848490202491,-0.010936423259239852
-1.447146872005089,5.16848490202491,-0.011951136424879171
-1.3437792382904399,5.16848490202491,-0.009100445317852155
-1.2404116045757907,5.16848490202491,-0.003086939505657504
-1.1370439708611417,5.16848490202491,0.0044687944141327
-1.0336763371464925,5.16848490202491,0.011374885700083407
-0.9303087034318435,5.16848490202491,0.015419171622187528
-0.8269410697171936,5.16848490202491,0.014990109250889094
-0.7235734360025445,5.16848490202491,0.00959230263974079
-0.6202058022878953,5.16848490202491,0.00009147456224557203
-0.5168381685732463,5.16848490202491,-0.011411534250923075
-0.4134705348585972,5.16848490202491,-0.022073826222448033
-0.31010290114394806,5.16848490202491,-0.0290531177189895
-0.2067352674292982,5.16848490202491,-0.030296395825640095
-0.1033676337146491,5.16848490202491,-0.025142760187972926
0.,5.16848490202491,-0.014552085268641966
0.1033676337146491,5.16848490202491,-0.0008768353315469514
0.2067352674292982,5.16848490202491,0.0127683886897648
0.31010290114394734,5.16848490202491,0.02335916406693496
0.4134705348585964,5.16848490202491,0.028781988923323867
0.5168381685732455,5.16848490202491,0.02837554231155626
0.6202058022878947,5.16848490202491,0.023029374283251896
0.7235734360025438,5.16848490202491,0.014815546544171648
0.8269410697171944,5.16848490202491,0.006276996878293783
0.9303087034318435,5.16848490202491,-0.00039421799461480993
1.0336763371464925,5.16848490202491,-0.004021816306272324
1.1370439708611417,5.16848490202491,-0.004740229969881421
1.2404116045757907,5.16848490202491,-0.0038310937790628735
1.3437792382904399,5.16848490202491,-0.00316702483642229
1.447146872005089,5.16848490202491,-0.004460644030918376
1.550514505719738,5.16848490202491,-0.00858209719810212
1.6538821394343872,5.16848490202491,-0.015184026309174653
1.7572497731490362,5.16848490202491,-0.02276660005652312
1.8606174068636854,5.16848490202491,-0.02916258195177022
1.9639850405783346,5.16848490202491,-0.032275572944856584
2.0673526742929837,5.16848490202491,-0.030814283872831336
2.1707203080076343,5.16848490202491,-0.02476392812392516
2.2740879417222835,5.16848490202491,-0.015424402115627912
2.3774555754369326,5.16848490202491,-0.004994409266652276
2.4808232091515814,5.16848490202491,0.004159963354784231
2.5841908428662306,5.16848490202491,0.01029987051228602
2.6875584765808798,5.16848490202491,0.012891504982275787
2.790926110295529,5.16848490202491,0.01275703040898029
2.894293744010178,5.16848490202491,0.011734159698933514
2.997661377724827,5.16848490202491,0.011952121955582524
3.101029011439476,5.16848490202491,0.01497141854076382
3.2043966451541253,5.16848490202491,0.021092382447222467
3.3077642788687744,5.16848490202491,0.029090710742446513
3.411131912583425,5.16848490202491,0.03649979634469859
3.514499546298074,5.16848490202491,0.04037454957094338
3.6178671800127233,5.16848490202491,0.03830138199810436
3.7212348137273725,5.16848490202491,0.029322545636087476
3.8246024474420213,5.16848490202491,0.014455105757797838
3.9279700811566705,5.16848490202491,-0.0033952361053082563
4.031337714871319,5.16848490202491,-0.02013440099611519
4.134705348585968,5.16848490202491,-0.03160290518295287
4.238072982300618,5.16848490202491,-0.03478630968267647
4.341440616015267,5.16848490202491,-0.028738906078792995
4.444808249729916,5.16848490202491,-0.014926949389427454
4.548175883444565,5.16848490202491,0.003126437688647947
4.651543517159214,5.16848490202491,0.020797112946454144
4.754911150873865,5.16848490202491,0.03363274124787844
4.858278784588514,5.16848490202491,0.03856153375866153
4.961646418303163,5.16848490202491,0.0346783638392951
5.065014052017812,5.16848490202491,0.023384228408666045
5.168381685732461,5.16848490202491,0.00785763341845591
5.27174931944711,5.16848490202491,-0.00795815308201818
5.3751169531617595,5.16848490202491,-0.020525276526234964
5.478484586876409,5.16848490202491,-0.027676156053494425
5.581852220591058,5.16848490202491,-0.029089811717151002
5.685219854305707,5.16848490202491,-0.026162856940231197
5.788587488020356,5.16848490202491,-0.021355556719801817
5.8919551217350055,5.16848490202491,-0.017256733444405432
5.995322755449654,5.16848490202491,-0.01568909285225408
6.098690389164305,5.16848490202491,-0.017146464040087555
6.202058022878954,5.16848490202491,-0.020730255257630406
6.305425656593603,5.16848490202491,-0.024578387396356333
6.408793290308252,5.16848490202491,-0.026615367472484035
-6.408793290308252,5.271854600065408,-0.041313683968095705
-6.305425656593603,5.271854600065408,-0.035415310478072615
-6.202058022878954,5.271854600065408,-0.025735760478963147
-6.098690389164304,5.271854600065408,-0.01472480478607078
-5.995322755449655,5.271854600065408,-0.0052386871090989
-5.8919551217350055,5.271854600065408,0.00034256927742008737
-5.788587488020356,5.271854600065408,0.0008372689480630192
-5.685219854305708,5.271854600065408,-0.003402960918196253
-5.581852220591058,5.271854600065408,-0.010643028519206446
-5.478484586876409,5.271854600065408,-0.01833990530522549
-5.3751169531617595,5.271854600065408,-0.023950737067211018
-5.27174931944711,5.271854600065408,-0.02571189028377513
-5.168381685732461,5.271854600065408,-0.02314416012489405
-5.065014052017812,5.271854600065408,-0.017133738015050512
-4.961646418303163,5.271854600065408,-0.009577876643298112
-4.858278784588514,5.271854600065408,-0.002722643782082277
-4.754911150873865,5.271854600065408,0.0015862905432770748
-4.651543517159215,5.271854600065408,0.002498386698308572
-4.548175883444566,5.271854600065408,0.0004134878192365717
-4.444808249729917,5.271854600065408,-0.003174642646220908
-4.341440616015267,5.271854600065408,-0.006187225435282189
-4.238072982300618,5.271854600065408,-0.006654164095443608
-4.134705348585968,5.271854600065408,-0.003372402942747785
-4.031337714871319,5.271854600065408,0.003673995984654912
-3.9279700811566705,5.271854600065408,0.013256607696173994
-3.8246024474420213,5.271854600065408,0.023220063266926567
-3.7212348137273725,5.271854600065408,0.031074730149137177
-3.6178671800127233,5.271854600065408,0.034688637618603496
-3.514499546298074,5.271854600065408,0.032881144300859685
-3.411131912583425,5.271854600065408,0.025757069893334098
-3.3077642788687753,5.271854600065408,0.014699309178836936
-3.204396645154126,5.271854600065408,0.0020343771893740017
-3.101029011439477,5.271854600065408,-0.009529511856829138
-2.9976613777248278,5.271854600065408,-0.017540596475487287
-2.8942937440101786,5.271854600065408,-0.020358907169163335
-2.790926110295529,5.271854600065408,-0.01750269886549617
-2.6875584765808798,5.271854600065408,-0.009719949319684807
-2.5841908428662306,5.271854600065408,0.0012125916158949811
-2.4808232091515814,5.271854600065408,0.012900968745304256
-2.3774555754369326,5.271854600065408,0.022856129958570504
-2.2740879417222835,5.271854600065408,0.029013743248296413
-2.1707203080076334,5.271854600065408,0.030149275331331212
-2.067352674292984,5.271854600065408,0.026113025252096193
-1.9639850405783352,5.271854600065408,0.017846283438636864
-1.8606174068636863,5.271854600065408,0.0071792647242954755
-1.757249773149037,5.271854600065408,-0.003550733693468904
-1.6538821394343879,5.271854600065408,-0.011990105975537605
-1.550514505719738,5.271854600065408,-0.01627473968024115
-1.447146872005089,5.271854600065408,-0.01544782416007397
-1.3437792382904399,5.271854600065408,-0.00969596619372352
-1.2404116045757907,5.271854600065408,-0.00034006095555886824
-1.1370439708611417,5.271854600065408,0.010433771340267461
-1.0336763371464925,5.271854600065408,0.020058372556072734
-0.9303087034318435,5.271854600065408,0.026183410216081403
-0.8269410697171936,5.271854600065408,0.02724765168431153
-0.7235734360025445,5.271854600065408,0.022880996189728005
-0.6202058022878953,5.271854600065408,0.014024831974839483
-0.5168381685732463,5.271854600065408,0.0027263818071045845
-0.4134705348585972,5.271854600065408,-0.008352189569917201
-0.31010290114394806,5.271854600065408,-0.01658937414825781
-0.2067352674292982,5.271854600065408,-0.020053846220855494
-0.1033676337146491,5.271854600065408,-0.017973555580461553
0.,5.271854600065408,-0.010897020379096204
0.1033676337146491,5.271854600065408,-0.0005052980698396973
0.2067352674292982,5.271854600065408,0.010866832607476942
0.31010290114394734,5.271854600065408,0.020858035842016807
0.4134705348585964,5.271854600065408,0.02767217263277528
0.5168381685732455,5.271854600065408,0.030465867315418383
0.6202058022878947,5.271854600065408,0.02943030179587538
0.7235734360025438,5.271854600065408,0.025563922549541054
0.8269410697171944,5.271854600065408,0.020230403713458845
0.9303087034318435,5.271854600065408,0.01466131121676448
1.0336763371464925,5.271854600065408,0.009573978886925754
1.1370439708611417,5.271854600065408,0.005028601950232847
1.2404116045757907,5.271854600065408,0.0005604340600803969
1.3437792382904399,5.271854600065408,-0.004476407023839683
1.447146872005089,5.271854600065408,-0.010493103454691836
1.550514505719738,5.271854600065408,-0.017343760197659566
1.6538821394343872,5.271854600065408,-0.02422803435609362
1.7572497731490362,5.271854600065408,-0.02986778993367598
1.8606174068636854,5.271854600065408,-0.03290441021114554
1.9639850405783346,5.271854600065408,-0.03237764480182788
2.0673526742929837,5.271854600065408,-0.028109296006344733
2.1707203080076343,5.271854600065408,-0.02084094019371681
2.2740879417222835,5.271854600065408,-0.012057305233459843
2.3774555754369326,5.271854600065408,-0.0035384513061372204
2.4808232091515814,5.271854600065408,0.0032144081945898574
2.5841908428662306,5.271854600065408,0.0074798275512457015
2.6875584765808798,5.271854600065408,0.009558304798180569
2.790926110295529,5.271854600065408,0.010651815180699152
2.894293744010178,5.271854600065408,0.012400451346414588
2.997661377724827,5.271854600065408,0.016220163136801462
3.101029011439476,5.271854600065408,0.02266670419083444
3.2043966451541253,5.271854600065408,0.031058026762332422
3.3077642788687744,5.271854600065408,0.03951382402478481
3.411131912583425,5.271854600065408,0.045437546464555
3.514499546298074,5.271854600065408,0.04631544977519195
3.6178671800127233,5.271854600065408,0.04058950816419204
3.7212348137273725,5.271854600065408,0.028317972917314492
3.8246024474420213,5.271854600065408,0.011387325545594795
3.9279700811566705,5.271854600065408,-0.006829643572780267
4.031337714871319,5.271854600065408,-0.02230239769458973
4.134705348585968,5.271854600065408,-0.03143138182267662
4.238072982300618,5.271854600065408,-0.032076867220307906
4.341440616015267,5.271854600065408,-0.02421262109928594
4.444808249729916,5.271854600065408,-0.009993833188365882
4.548175883444565,5.271854600065408,0.0067972905587858476
4.651543517159214,5.271854600065408,0.021775379265606073
4.754911150873865,5.271854600065408,0.031147107487609706
4.858278784588514,5.271854600065408,0.032725291194321535
4.961646418303163,5.271854600065408,0.02646389198875228
5.065014052017812,5.271854600065408,0.014362829085573245
5.168381685732461,5.271854600065408,-0.00021525882877998902
5.27174931944711,5.271854600065408,-0.013595412592353529
5.3751169531617595,5.271854600065408,-0.022878949614918445
5.478484586876409,5.271854600065408,-0.0267373547798507
5.581852220591058,5.271854600065408,-0.025678824041104484
5.685219854305707,5.271854600065408,-0.02172613934511456
5.788587488020356,5.271854600065408,-0.017631472400584405
5.8919551217350055,5.271854600065408,-0.01589651438377196
5.995322755449654,5.271854600065408,-0.017920297318889344
6.098690389164305,5.271854600065408,-0.02354671311921901
6.202058022878954,5.271854600065408,-0.031147339742270477
6.305425656593603,5.271854600065408,-0.03819839633199181
6.408793290308252,5.271854600065408,-0.04215126231906598
-6.408793290308252,5.375224298105906,-0.049149169378241236
-6.305425656593603,5.375224298105906,-0.04292545323431955
-6.202058022878954,5.375224298105906,-0.03242782026500734
-6.098690389164304,5.375224298105906,-0.020279000714499312
-5.995322755449655,5.375224298105906,-0.00953063807963109
-5.8919551217350055,5.375224298105906,-0.0027721713018561325
-5.788587488020356,5.375224298105906,-0.0013846312108125865
-5.685219854305708,5.375224298105906,-0.005164447923282046
-5.581852220591058,5.375224298105906,-0.012426168921309459
-5.478484586876409,5.375224298105906,-0.020544784399736792
-5.3751169531617595,5.375224298105906,-0.026764522064340792
-5.27174931944711,5.375224298105906,-0.029022697043162127
-5.168381685732461,5.375224298105906,-0.026537734993702128
-5.065014052017812,5.375224298105906,-0.019988221735975396
-4.961646418303163,5.375224298105906,-0.011239279309581268
-4.858278784588514,5.375224298105906,-0.0027127460073754343
-4.754911150873865,5.375224298105906,0.003394887732059792
-4.651543517159215,5.375224298105906,0.00580045622013199
-4.548175883444566,5.375224298105906,0.00451599645539282
-4.444808249729917,5.375224298105906,0.0008112888596323608
-4.341440616015267,5.375224298105906,-0.0032246617464798347
-4.238072982300618,5.375224298105906,-0.005381597058636945
-4.134705348585968,5.375224298105906,-0.004066047159645545
-4.031337714871319,5.375224298105906,0.0011496140443955365
-3.9279700811566705,5.375224298105906,0.009336407817142183
-3.8246024474420213,5.375224298105906,0.018436007487243094
-3.7212348137273725,5.375224298105906,0.02584022241646162
-3.6178671800127233,5.375224298105906,0.029153041997356
-3.514499546298074,5.375224298105906,0.02691326339506556
-3.411131912583425,5.375224298105906,0.019068751367107877
-3.3077642788687753,5.375224298105906,0.007066006362085568
-3.204396645154126,5.375224298105906,-0.006471714129182571
-3.101029011439477,5.375224298105906,-0.018390189543423127
-2.9976613777248278,5.375224298105906,-0.025799477223880932
-2.8942937440101786,5.375224298105906,-0.026807381962401917
-2.790926110295529,5.375224298105906,-0.021001132457724916
-2.6875584765808798,5.375224298105906,-0.009557890878514132
-2.5841908428662306,5.375224298105906,0.005036478100124664
-2.4808232091515814,5.375224298105906,0.019581385747398646
-2.3774555754369326,5.375224298105906,0.030914589635568132
-2.2740879417222835,5.375224298105906,0.03663827271532436
-2.1707203080076334,5.375224298105906,0.03564708740648289
-2.067352674292984,5.375224298105906,0.0283425622425681
-1.9639850405783352,5.375224298105906,0.016497738199179577
-1.8606174068636863,5.375224298105906,0.0028187099233798587
-1.757249773149037,5.375224298105906,-0.009683667879075642
-1.6538821394343879,5.375224298105906,-0.01836224805255139
-1.550514505719738,5.375224298105906,-0.021492155561005283
-1.447146872005089,5.375224298105906,-0.018602220771102056
-1.3437792382904399,5.375224298105906,-0.010518481444745244
-1.2404116045757907,5.375224298105906,0.0008748935070041068
-1.1370439708611417,5.375224298105906,0.013090795337075075
-1.0336763371464925,5.375224298105906,0.02360060763755156
-0.9303087034318435,5.375224298105906,0.030374529077714922
-0.8269410697171936,5.375224298105906,0.03228438672551139
-0.7235734360025445,5.375224298105906,0.029288425455805994
-0.6202058022878953,5.375224298105906,0.022369738494258714
-0.5168381685732463,5.375224298105906,0.013256475947008253
-0.4134705348585972,5.375224298105906,0.003999874087443889
-0.31010290114394806,5.375224298105906,-0.0034854086243355726
-0.2067352674292982,5.375224298105906,-0.0078115450610682
-0.1033676337146491,5.375224298105906,-0.008354618896700649
0.,5.375224298105906,-0.005297690713349313
0.1033676337146491,5.375224298105906,0.0005099579296838459
0.2067352674292982,5.375224298105906,0.007821761593722595
0.31010290114394734,5.375224298105906,0.015307657567193394
0.4134705348585964,5.375224298105906,0.02182660194839184
0.5168381685732455,5.375224298105906,0.026593681390849354
0.6202058022878947,5.375224298105906,0.02921690394977875
0.7235734360025438,5.375224298105906,0.029622400603366607
0.8269410697171944,5.375224298105906,0.027920725091437826
0.9303087034318435,5.375224298105906,0.024280299152569778
1.0336763371464925,5.375224298105906,0.01886280725741053
1.1370439708611417,5.375224298105906,0.011843922176307963
1.2404116045757907,5.375224298105906,0.0035027214299433247
1.3437792382904399,5.375224298105906,-0.005670523869257479
1.447146872005089,5.375224298105906,-0.014912700662544314
1.550514505719738,5.375224298105906,-0.02322502703620263
1.6538821394343872,5.375224298105906,-0.029526654568608986
1.7572497731490362,5.375224298105906,-0.03289566645599583
1.8606174068636854,5.375224298105906,-0.03282713310916933
1.9639850405783346,5.375224298105906,-0.029418266627039797
2.0673526742929837,5.375224298105906,-0.023402567679162208
2.1707203080076343,5.375224298105906,-0.015997315498529414
2.2740879417222835,5.375224298105906,-0.008589700536912473
2.3774555754369326,5.375224298105906,-0.0023463607176731124
2.4808232091515814,5.375224298105906,0.0021323412190182617
2.5841908428662306,5.375224298105906,0.004993618873515748
2.6875584765808798,5.375224298105906,0.007072716865601022
2.790926110295529,5.375224298105906,0.009590116218374821
2.894293744010178,5.375224298105906,0.01368540531762813
2.997661377724827,5.375224298105906,0.019931018953546563
3.101029011439476,5.375224298105906,0.027990099567010016
3.2043966451541253,5.375224298105906,0.03655069743601311
3.3077642788687744,5.375224298105906,0.043589527749671
3.411131912583425,5.375224298105906,0.04691485736808235
3.514499546298074,5.375224298105906,0.04484200802356958
3.6178671800127233,5.375224298105906,0.03679850659241594
3.7212348137273725,5.375224298105906,0.02366040559087167
3.8246024474420213,5.375224298105906,0.007689604838660264
3.9279700811566705,5.375224298105906,-0.00794351755433119
4.031337714871319,5.375224298105906,-0.019940805552121403
4.134705348585968,5.375224298105906,-0.02574889815342051
4.238072982300618,5.375224298105906,-0.02427207459566221
4.341440616015267,5.375224298105906,-0.01620915592357418
4.444808249729916,5.375224298105906,-0.00390152742020549
4.548175883444565,5.375224298105906,0.009278827880587322
4.651543517159214,5.375224298105906,0.019834582990118865
4.754911150873865,5.375224298105906,0.025083837137947956
4.858278784588514,5.375224298105906,0.02386368592457998
4.961646418303163,5.375224298105906,0.016791434997766516
5.065014052017812,5.375224298105906,0.006009157819512608
5.168381685732461,5.375224298105906,-0.005507865129736122
5.27174931944711,5.375224298105906,-0.014866918618076186
5.3751169531617595,5.375224298105906,-0.020118821018708412
5.478484586876409,5.375224298105906,-0.02080345143888705
5.581852220591058,5.375224298105906,-0.01801781289885367
5.685219854305707,5.375224298105906,-0.013993123661001982
5.788587488020356,5.375224298105906,-0.011319757547806437
5.8919551217350055,5.375224298105906,-0.012067552808384034
5.995322755449654,5.375224298105906,-0.01708018921301777
6.098690389164305,5.375224298105906,-0.025666359580512048
6.202058022878954,5.375224298105906,-0.035785020238412416
6.305425656593603,5.375224298105906,-0.044666540187410134
6.408793290308252,5.375224298105906,-0.049674850858625004
-6.408793290308252,5.4785939961464045,-0.04621134380316462
-6.305425656593603,5.4785939961464045,-0.040528057292334746
-6.202058022878954,5.4785939961464045,-0.030727842067120245
-6.098690389164304,5.4785939961464045,-0.0192311851677769
-5.995322755449655,5.4785939961464045,-0.008914535779524557
-5.8919551217350055,5.4785939961464045,-0.0023061762751101418
-5.788587488020356,5.4785939961464045,-0.000872544536204735
-5.685219854305708,5.4785939961464045,-0.004607018184965515
-5.581852220591058,5.4785939961464045,-0.01204533853284519
-5.478484586876409,5.4785939961464045,-0.02070529286739637
-5.3751169531617595,5.4785939961464045,-0.027820998958835125
-5.27174931944711,5.4785939961464045,-0.031152944055462057
-5.168381685732461,5.4785939961464045,-0.029631463793090024
-5.065014052017812,5.4785939961464045,-0.023641408336994775
-4.961646418303163,5.4785939961464045,-0.014864635665980572
-4.858278784588514,5.4785939961464045,-0.005731764321425334
-4.754911150873865,5.4785939961464045,0.001345885008750367
-4.651543517159215,5.4785939961464045,0.004725849070872473
-4.548175883444566,5.4785939961464045,0.0040330457483807045
-4.444808249729917,5.4785939961464045,0.00025228059628956624
-4.341440616015267,5.4785939961464045,-0.004614425154835119
-4.238072982300618,5.4785939961464045,-0.008219313373239804
-4.134705348585968,5.4785939961464045,-0.00865933216382726
-4.031337714871319,5.4785939961464045,-0.005136427537182824
-3.9279700811566705,5.4785939961464045,0.0017239588731184164
-3.8246024474420213,5.4785939961464045,0.010004583411547203
-3.7212348137273725,5.4785939961464045,0.017048871841860328
-3.6178671800127233,5.4785939961464045,0.02027430087550405
-3.514499546298074,5.4785939961464045,0.01800356059118551
-3.411131912583425,5.4785939961464045,0.010059901405965806
-3.3077642788687753,5.4785939961464045,-0.0020610087038297796
-3.204396645154126,5.4785939961464045,-0.015507530734517048
-3.101029011439477,5.4785939961464045,-0.026798352893373605
-2.9976613777248278,5.4785939961464045,-0.03275904094585719
-2.8942937440101786,5.4785939961464045,-0.031405936843068125
-2.790926110295529,5.4785939961464045,-0.02252737220066815
-2.6875584765808798,5.4785939961464045,-0.0077969185718352214
-2.5841908428662306,5.4785939961464045,0.009615251783586881
-2.4808232091515814,5.4785939961464045,0.025827312835515984
-2.3774555754369326,5.4785939961464045,0.037213806469006724
-2.2740879417222835,5.4785939961464045,0.0412975489598147
-2.1707203080076334,5.4785939961464045,0.03733322372162971
-2.067352674292984,5.4785939961464045,0.026440409455951833
-1.9639850405783352,5.4785939961464045,0.011269132632890186
-1.8606174068636863,5.4785939961464045,-0.004694687039648926
-1.757249773149037,5.4785939961464045,-0.01798773730104588
-1.6538821394343879,5.4785939961464045,-0.025964886460169173
-1.550514505719738,5.4785939961464045,-0.027337220579292554
-1.447146872005089,5.4785939961464045,-0.022340013311637957
-1.3437792382904399,5.4785939961464045,-0.012523677033021256
-1.2404116045757907,5.4785939961464045,-0.0002588314343226967
-1.1370439708611417,5.4785939961464045,0.011889197529729594
-1.0336763371464925,5.4785939961464045,0.021745437902513202
-0.9303087034318435,5.4785939961464045,0.02793112696902718
-0.8269410697171936,5.4785939961464045,0.0300175969356191
-0.7235734360025445,5.4785939961464045,0.02843270602964012
-0.6202058022878953,5.4785939961464045,0.02418951493093276
-0.5168381685732463,5.4785939961464045,0.018542735453012237
-0.4134705348585972,5.4785939961464045,0.012678345787194439
-0.31010290114394806,5.4785939961464045,0.007510643770302136
-0.2067352674292982,5.4785939961464045,0.003612732679045193
-0.1033676337146491,5.4785939961464045,0.001258524177594354
0.,5.4785939961464045,0.0005221577747589053
0.1033676337146491,5.4785939961464045,0.001372826642935495
0.2067352674292982,5.4785939961464045,0.0037190235941911487
0.31010290114394734,5.4785939961464045,0.007387858043092484
0.4134705348585964,5.4785939961464045,0.012059438850730015
0.5168381685732455,5.4785939961464045,0.01720048594741919
0.6202058022878947,5.4785939961464045,0.02204674287893266
0.7235734360025438,5.4785939961464045,0.025668744803721687
0.8269410697171944,5.4785939961464045,0.027125530262628417
0.9303087034318435,5.4785939961464045,0.025676515701782653
1.0336763371464925,5.4785939961464045,0.02099498473242614
1.1370439708611417,5.4785939961464045,0.013317014526642069
1.2404116045757907,5.4785939961464045,0.003471211337819079
1.3437792382904399,5.4785939961464045,-0.007235326462865371
1.447146872005089,5.4785939961464045,-0.017259403263654296
1.550514505719738,5.4785939961464045,-0.025138917038450507
1.6538821394343872,5.4785939961464045,-0.029806500208032674
1.7572497731490362,5.4785939961464045,-0.03081767308066473
1.8606174068636854,5.4785939961464045,-0.02843101698918477
1.9639850405783346,5.4785939961464045,-0.023515634800028672
2.0673526742929837,5.4785939961464045,-0.017307223365940195
2.1707203080076343,5.4785939961464045,-0.011075844694003856
2.2740879417222835,5.4785939961464045,-0.005794224788109554
2.3774555754369326,5.4785939961464045,-0.0018974976539609869
2.4808232091515814,5.4785939961464045,0.0007976287331024486
2.5841908428662306,5.4785939961464045,0.0029888583108879955
2.6875584765808798,5.4785939961464045,0.005625216978342388
2.790926110295529,5.4785939961464045,0.00955675482374591
2.894293744010178,5.4785939961464045,0.01519695077452851
2.997661377724827,5.4785939961464045,0.022299094509692103
3.101029011439476,5.4785939961464045,0.02992085547473493
3.2043966451541253,5.4785939961464045,0.036601721339884694
3.3077642788687744,5.4785939961464045,0.0407185064420055
3.411131912583425,5.4785939961464045,0.04093071946787858
3.514499546298074,5.4785939961464045,0.036595590196720804
3.6178671800127233,5.4785939961464045,0.028032361006176343
3.7212348137273725,5.4785939961464045,0.016549203186331025
3.8246024474420213,5.4785939961464045,0.004206563647152915
3.9279700811566705,5.4785939961464045,-0.006637412455972775
4.031337714871319,5.4785939961464045,-0.013890078307864444
4.134705348585968,5.4785939961464045,-0.016249891791109052
4.238072982300618,5.4785939961464045,-0.01355024466266204
4.341440616015267,5.4785939961464045,-0.0068200857419434555
4.444808249729916,5.4785939961464045,0.0019663944954244534
4.548175883444565,5.4785939961464045,0.0103934565425747
4.651543517159214,5.4785939961464045,0.016230291816166396
4.754911150873865,5.4785939961464045,0.01801061484213916
4.858278784588514,5.4785939961464045,0.015403526793413887
4.961646418303163,5.4785939961464045,0.009268484348283944
5.065014052017812,5.4785939961464045,0.0013748623126997796
5.168381685732461,5.4785939961464045,-0.006137048709687327
5.27174931944711,5.4785939961464045,-0.011399723361835586
5.3751169531617595,5.4785939961464045,-0.013378670600382836
5.478484586876409,5.4785939961464045,-0.012181604103710603
5.581852220591058,5.4785939961464045,-0.009019740627206846
5.685219854305707,5.4785939961464045,-0.005826426931798527
5.788587488020356,5.4785939961464045,-0.00464175474481778
5.8919551217350055,5.4785939961464045,-0.006945620733073313
5.995322755449654,5.4785939961464045,-0.013142525658596107
6.098690389164305,5.4785939961464045,-0.022361243955751675
6.202058022878954,5.4785939961464045,-0.03264158029762306
6.305425656593603,5.4785939961464045,-0.041464824047494894
6.408793290308252,5.4785939961464045,-0.04647865289054359
-6.408793290308252,5.581963694186903,-0.033151442684943425
-6.305425656593603,5.581963694186903,-0.028817749867159133
-6.202058022878954,5.581963694186903,-0.020986696035303787
-6.098690389164304,5.581963694186903,-0.011558192330395838
-5.995322755449655,5.581963694186903,-0.0029670771470434293
-5.8919551217350055,5.581963694186903,0.002478131621617003
-5.788587488020356,5.581963694186903,0.003258936880982077
-5.685219854305708,5.581963694186903,-0.0008874142026533847
-5.581852220591058,5.581963694186903,-0.008851344848834269
-5.478484586876409,5.581963694186903,-0.018434986292500694
-5.3751169531617595,5.581963694186903,-0.026967040424425374
-5.27174931944711,5.581963694186903,-0.03207326298959621
-5.168381685732461,5.581963694186903,-0.032372258237357385
-5.065014052017812,5.581963694186903,-0.02788144218439057
-4.961646418303163,5.581963694186903,-0.020001730265625937
-4.858278784588514,5.581963694186903,-0.011077808008771985
-4.754911150873865,5.581963694186903,-0.0036644125283407897
-4.651543517159215,5.581963694186903,0.0002747229741233428
-4.548175883444566,5.581963694186903,-0.000018108589672520495
-4.444808249729917,5.581963694186903,-0.003865321571289941
-4.341440616015267,5.581963694186903,-0.009390975345071611
-4.238072982300618,5.581963694186903,-0.014155899586538265
-4.134705348585968,5.581963694186903,-0.015992341375298258
-4.031337714871319,5.581963694186903,-0.013769302946804693
-3.9279700811566705,5.581963694186903,-0.00783442578768089
-3.8246024474420213,5.581963694186903,0.000024516503176299164
-3.7212348137273725,5.581963694186903,0.007104722619661592
-3.6178671800127233,5.581963694186903,0.010648990295267034
-3.514499546298074,5.581963694186903,0.008777211566395066
-3.411131912583425,5.581963694186903,0.0011916504992020417
-3.3077642788687753,5.581963694186903,-0.010580007552500199
-3.204396645154126,5.581963694186903,-0.023502419459025634
-3.101029011439477,5.581963694186903,-0.03383767180268647
-2.9976613777248278,5.581963694186903,-0.038210841329354796
-2.8942937440101786,5.581963694186903,-0.034622762769547705
-2.790926110295529,5.581963694186903,-0.023105083979511002
-2.6875584765808798,5.581963694186903,-0.005814259219952143
-2.5841908428662306,5.581963694186903,0.013474613978757346
-2.4808232091515814,5.581963694186903,0.030336301686307774
-2.3774555754369326,5.581963694186903,0.04085277219991101
-2.2740879417222835,5.581963694186903,0.04263224794442256
-2.1707203080076334,5.581963694186903,0.03540664193445019
-2.067352674292984,5.581963694186903,0.02105051627469704
-1.9639850405783352,5.581963694186903,0.0030341378665453226
-1.8606174068636863,5.581963694186903,-0.014516285713898333
-1.757249773149037,5.581963694186903,-0.027874271623211117
-1.6538821394343879,5.581963694186903,-0.034589460801989415
-1.550514505719738,5.581963694186903,-0.03395863702677422
-1.447146872005089,5.581963694186903,-0.026996554134121074
-1.3437792382904399,5.581963694186903,-0.0159623199178327
-1.2404116045757907,5.581963694186903,-0.0036201575586990668
-1.1370439708611417,5.581963694186903,0.007526740162770301
-1.0336763371464925,5.581963694186903,0.01580777857104941
-0.9303087034318435,5.581963694186903,0.02062373737303793
-0.8269410697171936,5.581963694186903,0.022332627669639293
-0.7235734360025445,5.581963694186903,0.021875161129908685
-0.6202058022878953,5.581963694186903,0.020303849049860608
-0.5168381685732463,5.581963694186903,0.018390173208175476
-0.4134705348585972,5.581963694186903,0.016435194867835724
-0.31010290114394806,5.581963694186903,0.014321644958829228
-0.2067352674292982,5.581963694186903,0.011752703379348362
-0.1033676337146491,5.581963694186903,0.008556913981986358
0.,5.581963694186903,0.004921403387421992
0.1033676337146491,5.581963694186903,0.0014502655737141396
0.2067352674292982,5.581963694186903,-0.0009831590504711604
0.31010290114394734,5.581963694186903,-0.0015395562853529967
0.4134705348585964,5.581963694186903,0.00024012560166189773
0.5168381685732455,5.581963694186903,0.004178405400550384
0.6202058022878947,5.581963694186903,0.009399818663657475
0.7235734360025438,5.581963694186903,0.014502997316269323
0.8269410697171944,5.581963694186903,0.017924179111296096
0.9303087034318435,5.581963694186903,0.018382676253332012
1.0336763371464925,5.581963694186903,0.015267980945231659
1.1370439708611417,5.581963694186903,0.00884416313774605
1.2404116045757907,5.581963694186903,0.0002043594858998544
1.3437792382904399,5.581963694186903,-0.009012893592060669
1.447146872005089,5.581963694186903,-0.017059196003679097
1.550514505719738,5.581963694186903,-0.02253147745189964
1.6538821394343872,5.581963694186903,-0.024711516860866995
1.7572497731490362,5.581963694186903,-0.023693984198136182
1.8606174068636854,5.581963694186903,-0.020275410235690437
1.9639850405783346,5.581963694186903,-0.015650682349231164
2.0673526742929837,5.581963694186903,-0.011020144283106374
2.1707203080076343,5.581963694186903,-0.007232162838232017
2.2740879417222835,5.581963694186903,-0.004567995673996769
2.3774555754369326,5.581963694186903,-0.002725718382300904
2.4808232091515814,5.581963694186903,-0.0009952841600678257
2.5841908428662306,5.581963694186903,0.0014415420468292521
2.6875584765808798,5.581963694186903,0.0051870129759773575
2.790926110295529,5.581963694186903,0.010381152811763116
2.894293744010178,5.581963694186903,0.01660619250715858
2.997661377724827,5.581963694186903,0.022965389747008243
3.101029011439476,5.581963694186903,0.028307511526934316
3.2043966451541253,5.581963694186903,0.031528221764489224
3.3077642788687744,5.581963694186903,0.03186241514994212
3.411131912583425,5.581963694186903,0.029089713995216555
3.514499546298074,5.581963694186903,0.0236037516556249
3.6178671800127233,5.581963694186903,0.016334270816188334
3.7212348137273725,5.581963694186903,0.00854795931660768
3.8246024474420213,5.581963694186903,0.0015801383466455669
3.9279700811566705,5.581963694186903,-0.0034397553241402898
4.031337714871319,5.581963694186903,-0.005810287254973354
4.134705348585968,5.581963694186903,-0.005384846417696128
4.238072982300618,5.581963694186903,-0.0025820580844455325
4.341440616015267,5.581963694186903,0.001718353770968805
4.444808249729916,5.581963694186903,0.006371707214320273
4.548175883444565,5.581963694186903,0.01021761932616183
4.651543517159214,5.581963694186903,0.012332920371078662
4.754911150873865,5.581963694186903,0.01223548204196786
4.858278784588514,5.581963694186903,0.009991979542809505
4.961646418303163,5.581963694186903,0.0061986701466649205
5.065014052017812,5.581963694186903,0.0018300377361712312
5.168381685732461,5.581963694186903,-0.0020180439668820655
5.27174931944711,5.581963694186903,-0.004433141011781036
5.3751169531617595,5.581963694186903,-0.0049608263482637536
5.478484586876409,5.581963694186903,-0.0037685614208418663
5.581852220591058,5.581963694186903,-0.00163953185904626
5.685219854305707,5.581963694186903,0.00022063116945091212
5.788587488020356,5.581963694186903,0.0005272916672660097
5.8919551217350055,5.581963694186903,-0.001677047621260676
5.995322755449654,5.581963694186903,-0.0066715928467599005
6.098690389164305,5.581963694186903,-0.013876028126898808
6.202058022878954,5.581963694186903,-0.021914708544426776
6.305425656593603,5.581963694186903,-0.028933678963054953
6.408793290308252,5.581963694186903,-0.03309967145915017
-6.408793290308252,5.685333392227401,-0.01379701380696695
-6.305425656593603,5.685333392227401,-0.011309803072469428
-6.202058022878954,5.685333392227401,-0.006084363231976544
-6.098690389164304,5.685333392227401,0.0006590587298934331
-5.995322755449655,5.685333392227401,0.007011154963780519
-5.8919551217350055,5.685333392227401,0.010891078455029155
-5.788587488020356,5.685333392227401,0.010683138408189699
-5.685219854305708,5.685333392227401,0.005791058786576512
-5.581852220591058,5.685333392227401,-0.003082246929833727
-5.478484586876409,5.685333392227401,-0.014044816890631735
-5.3751169531617595,5.685333392227401,-0.024509143601105923
-5.27174931944711,5.685333392227401,-0.03193413027651251
-5.168381685732461,5.685333392227401,-0.0345895639779306
-5.065014052017812,5.685333392227401,-0.03209685756712947
-4.961646418303163,5.685333392227401,-0.025561139439448412
-4.858278784588514,5.685333392227401,-0.01723622681586624
-4.754911150873865,5.685333392227401,-0.009815997244871597
-4.651543517159215,5.685333392227401,-0.005572985907744403
-4.548175883444566,5.685333392227401,-0.005623633486262064
-4.444808249729917,5.685333392227401,-0.009566889289882646
-4.341440616015267,5.685333392227401,-0.015626256947989504
-4.238072982300618,5.685333392227401,-0.021260936823263493
-4.134705348585968,5.685333392227401,-0.024053034638820272
-4.031337714871319,5.685333392227401,-0.02257840494800269
-3.9279700811566705,5.685333392227401,-0.016964005833826745
-3.8246024474420213,5.685333392227401,-0.008929448091832054
-3.7212348137273725,5.685333392227401,-0.0012763251424732676
-3.6178671800127233,5.685333392227401,0.0030271428702956533
-3.514499546298074,5.685333392227401,0.0018772736542103476
-3.411131912583425,5.685333392227401,-0.0051575073414872625
-3.3077642788687753,5.685333392227401,-0.016532373852408806
-3.204396645154126,5.685333392227401,-0.029051268902113722
-3.101029011439477,5.685333392227401,-0.03874816279271646
-2.9976613777248278,5.685333392227401,-0.042069237856332604
-2.8942937440101786,5.685333392227401,-0.036996123742937835
-2.790926110295529,5.685333392227401,-0.023757935960737248
-2.6875584765808798,5.685333392227401,-0.0048992815084924575
-2.5841908428662306,5.685333392227401,0.015333990091561485
-2.4808232091515814,5.685333392227401,0.032120698720520216
-2.3774555754369326,5.685333392227401,0.04137412579508469
-2.2740879417222835,5.685333392227401,0.04085176262426416
-2.1707203080076334,5.685333392227401,0.030743173079804776
-2.067352674292984,5.685333392227401,0.013574017558143851
-1.9639850405783352,5.685333392227401,-0.006529146443403389
-1.8606174068636863,5.685333392227401,-0.024980510764600478
-1.757249773149037,5.685333392227401,-0.03793857419537042
-1.6538821394343879,5.685333392227401,-0.04322419642932535
-1.550514505719738,5.685333392227401,-0.04070888127824059
-1.447146872005089,5.685333392227401,-0.03210185373515246
-1.3437792382904399,5.685333392227401,-0.020249844283573536
-1.2404116045757907,5.685333392227401,-0.008202462742563003
-1.1370439708611417,5.685333392227401,0.0016528982670783682
-1.0336763371464925,5.685333392227401,0.008130892335619618
-0.9303087034318435,5.685333392227401,0.011333183610461223
-0.8269410697171936,5.685333392227401,0.012307390254754934
-0.7235734360025445,5.685333392227401,0.01244571888816148
-0.6202058022878953,5.685333392227401,0.012860394742601554
-0.5168381685732463,5.685333392227401,0.01395915207117882
-0.4134705348585972,5.685333392227401,0.015354889706085898
-0.31010290114394806,5.685333392227401,0.016114021475047473
-0.2067352674292982,5.685333392227401,0.015225003709275242
-0.1033676337146491,5.685333392227401,0.012094446516740215
0.,5.685333392227401,0.006876687616695238
0.1033676337146491,5.685333392227401,0.0005110711016788322
0.2067352674292982,5.685333392227401,-0.005547528100947
0.31010290114394734,5.685333392227401,-0.009806161356601575
0.4134705348585964,5.685333392227401,-0.011245579474581019
0.5168381685732455,5.685333392227401,-0.009681607329523383
0.6202058022878947,5.685333392227401,-0.00584647725771135
0.7235734360025438,5.685333392227401,-0.0011606130789861718
0.8269410697171944,5.685333392227401,0.0027257977419223186
0.9303087034318435,5.685333392227401,0.004463035117333151
1.0336763371464925,5.685333392227401,0.0034232496545723223
1.1370439708611417,5.685333392227401,-0.00012649235308829235
1.2404116045757907,5.685333392227401,-0.005150494263916737
1.3437792382904399,5.685333392227401,-0.010217071280387952
1.447146872005089,5.685333392227401,-0.013981873536712692
1.550514505719738,5.685333392227401,-0.01561299612297599
1.6538821394343872,5.685333392227401,-0.0150154281034618
1.7572497731490362,5.685333392227401,-0.01278752932067459
1.8606174068636854,5.685333392227401,-0.00993833511810685
1.9639850405783346,5.685333392227401,-0.007477288276198078
2.0673526742929837,5.685333392227401,-0.006028840358602174
2.1707203080076343,5.685333392227401,-0.005610157804376185
2.2740879417222835,5.685333392227401,-0.0056475436729852575
2.3774555754369326,5.685333392227401,-0.005219622365372333
2.4808232091515814,5.685333392227401,-0.0034344214949463465
2.5841908428662306,5.685333392227401,0.00019843188171529265
2.6875584765808798,5.685333392227401,0.005534898633551271
2.790926110295529,5.685333392227401,0.011786024375666435
2.894293744010178,5.685333392227401,0.01773328392040507
2.997661377724827,5.685333392227401,0.02209476731381347
3.101029011439476,5.685333392227401,0.023916947972700654
3.2043966451541253,5.685333392227401,0.022861397718245705
3.3077642788687744,5.685333392227401,0.019295551723703154
3.411131912583425,5.685333392227401,0.0141658612524821
3.514499546298074,5.685333392227401,0.008705053822023802
3.6178671800127233,5.685333392227401,0.004077043082074872
3.7212348137273725,5.685333392227401,0.0010763934059161476
3.8246024474420213,5.685333392227401,-0.000028292727458024018
3.9279700811566705,5.685333392227401,0.000526112974918205
4.031337714871319,5.685333392227401,0.0021650135092137813
4.134705348585968,5.685333392227401,0.004214433246527866
4.238072982300618,5.685333392227401,0.006118387930947437
4.341440616015267,5.685333392227401,0.007563676309833765
4.444808249729916,5.685333392227401,0.008485080158522743
4.548175883444565,5.685333392227401,0.008974162889278483
4.651543517159214,5.685333392227401,0.00915060318140803
4.754911150873865,5.685333392227401,0.009062972110089395
4.858278784588514,5.685333392227401,0.008664491760545736
4.961646418303163,5.685333392227401,0.00786906692075577
5.065014052017812,5.685333392227401,0.006651790631330075
5.168381685732461,5.685333392227401,0.005134344091645196
5.27174931944711,5.685333392227401,0.0036000406600313665
5.3751169531617595,5.685333392227401,0.002414585842294282
5.478484586876409,5.685333392227401,0.0018741120432991204
5.581852220591058,5.685333392227401,0.0020421319285392494
5.685219854305707,5.685333392227401,0.0026533118830517244
5.788587488020356,5.685333392227401,0.003144848821958453
5.8919551217350055,5.685333392227401,0.0028295770982880953
5.995322755449654,5.685333392227401,0.0011653132353751303
6.098690389164305,5.685333392227401,-0.0019741189281747107
6.202058022878954,5.685333392227401,-0.006137731800318689
6.305425656593603,5.685333392227401,-0.010331789133359694
6.408793290308252,5.685333392227401,-0.01327196605448635
-6.408793290308252,5.788703090267899,0.006015802436635807
-6.305425656593603,5.788703090267899,0.006652572983225235
-6.202058022878954,5.788703090267899,0.009463109919063128
-6.098690389164304,5.788703090267899,0.013855527856134238
-5.995322755449655,5.788703090267899,0.01833467554157357
-5.8919551217350055,5.788703090267899,0.020926238281970842
-5.788587488020356,5.788703090267899,0.019834606494621845
-5.685219854305708,5.788703090267899,0.014114258690573003
-5.581852220591058,5.788703090267899,0.0041130474955045635
-5.478484586876409,5.788703090267899,-0.008489473873284777
-5.3751169531617595,5.788703090267899,-0.02109347904752441
-5.27174931944711,5.788703090267899,-0.030929275432922513
-5.168381685732461,5.788703090267899,-0.035911024723120105
-5.065014052017812,5.788703090267899,-0.03530953693736534
-4.961646418303163,5.788703090267899,-0.03000821164257661
-4.858278784588514,5.788703090267899,-0.022238680398869455
-4.754911150873865,5.788703090267899,-0.014866594208597041
-4.651543517159215,5.788703090267899,-0.01045444310315281
-4.548175883444566,5.788703090267899,-0.010412375170527016
-4.444808249729917,5.788703090267899,-0.014528009725099612
-4.341440616015267,5.788703090267899,-0.021045524001972564
-4.238072982300618,5.788703090267899,-0.027281088190044177
-4.134705348585968,5.788703090267899,-0.030577045974501775
-4.031337714871319,5.788703090267899,-0.029274474254504686
-3.9279700811566705,5.788703090267899,-0.023366914352334244
-3.8246024474420213,5.788703090267899,-0.014596142391385517
-3.7212348137273725,5.788703090267899,-0.005933823173704563
-3.6178671800127233,5.788703090267899,-0.0006010110085539553
-3.514499546298074,5.788703090267899,-0.000940849411006603
-3.411131912583425,5.788703090267899,-0.007521978786736795
-3.3077642788687753,5.788703090267899,-0.018787369828018874
-3.204396645154126,5.788703090267899,-0.03139329429675801
-3.101029011439477,5.788703090267899,-0.041159929212147756
-2.9976613777248278,5.788703090267899,-0.044351471165894496
-2.8942937440101786,5.788703090267899,-0.0388872020253876
-2.790926110295529,5.788703090267899,-0.025095508429555654
-2.6875584765808798,5.788703090267899,-0.005758945578284333
-2.5841908428662306,5.788703090267899,0.014582572606196794
-2.4808232091515814,5.788703090267899,0.030871466100748937
-2.3774555754369326,5.788703090267899,0.038945701967476175
-2.2740879417222835,5.788703090267899,0.03670187094632601
-2.1707203080076334,5.788703090267899,0.024663108454151022
-2.067352674292984,5.788703090267899,0.005792308898817586
-1.9639850405783352,5.788703090267899,-0.015376797816329354
-1.8606174068636863,5.788703090267899,-0.034013632147840006
-1.757249773149037,5.788703090267899,-0.04627984662422311
-1.6538821394343879,5.788703090267899,-0.050255401714117194
-1.550514505719738,5.788703090267899,-0.046252347481993764
-1.447146872005089,5.788703090267899,-0.036467608549632095
-1.3437792382904399,5.788703090267899,-0.024131666288955387
-1.2404116045757907,5.788703090267899,-0.012454767570041663
-1.1370439708611417,5.788703090267899,-0.003712719593307374
-1.0336763371464925,5.788703090267899,0.0012571116598219453
-0.9303087034318435,5.788703090267899,0.0030328847016262263
-0.8269410697171936,5.788703090267899,0.0031229553596356643
-0.7235734360025445,5.788703090267899,0.0032297547235042895
-0.6202058022878953,5.788703090267899,0.004540568663448887
-0.5168381685732463,5.788703090267899,0.0072906945311862915
-0.4134705348585972,5.788703090267899,0.010730777804550715
-0.31010290114394806,5.788703090267899,0.013478686823726676
-0.2067352674292982,5.788703090267899,0.014101415716982642
-0.1033676337146491,5.788703090267899,0.01170006308788107
0.,5.788703090267899,0.006282805207682355
0.1033676337146491,5.788703090267899,-0.0012016454009328127
0.2067352674292982,5.788703090267899,-0.009169109820090195
0.31010290114394734,5.788703090267899,-0.015920760789623338
0.4134705348585964,5.788703090267899,-0.020184957720737667
0.5168381685732455,5.788703090267899,-0.021486806155932712
0.6202058022878947,5.788703090267899,-0.020223293974754756
0.7235734360025438,5.788703090267899,-0.01743410621163953
0.8269410697171944,5.788703090267899,-0.01436919346548309
0.9303087034318435,5.788703090267899,-0.01202343981425672
1.0336763371464925,5.788703090267899,-0.010812449111176611
1.1370439708611417,5.788703090267899,-0.010502387043720493
1.2404116045757907,5.788703090267899,-0.010405602885316195
1.3437792382904399,5.788703090267899,-0.009751230659550619
1.447146872005089,5.788703090267899,-0.008074597484951377
1.550514505719738,5.788703090267899,-0.005464992530907258
1.6538821394343872,5.788703090267899,-0.002568981617996155
1.7572497731490362,5.788703090267899,-0.0003436433394913141
1.8606174068636854,5.788703090267899,0.0003461630995725588
1.9639850405783346,5.788703090267899,-0.0008720112208409595
2.0673526742929837,5.788703090267899,-0.0036434287110921697
2.1707203080076343,5.788703090267899,-0.006921626615125541
2.2740879417222835,5.788703090267899,-0.009279345341666327
2.3774555754369326,5.788703090267899,-0.00939553650498268
2.4808232091515814,5.788703090267899,-0.006548244074342634
2.5841908428662306,5.788703090267899,-0.0009330226732854655
2.6875584765808798,5.788703090267899,0.006317852077108058
2.790926110295529,5.788703090267899,0.013437672094510515
2.894293744010178,5.788703090267899,0.01855816630578132
2.997661377724827,5.788703090267899,0.020298515289361777
3.101029011439476,5.788703090267899,0.01821248753070846
3.2043966451541253,5.788703090267899,0.012941116193634463
3.3077642788687744,5.788703090267899,0.006017393074687768
3.411131912583425,5.788703090267899,-0.0006123948117403058
3.514499546298074,5.788703090267899,-0.005190196450846867
3.6178671800127233,5.788703090267899,-0.006670035848641325
3.7212348137273725,5.788703090267899,-0.00499306031946729
3.8246024474420213,5.788703090267899,-0.0010308306758219446
3.9279700811566705,5.788703090267899,0.0037708126717734716
4.031337714871319,5.788703090267899,0.007913322277020771
4.134705348585968,5.788703090267899,0.010346013554082607
4.238072982300618,5.788703090267899,0.010773570818763269
4.341440616015267,5.788703090267899,0.009673238909446026
4.444808249729916,5.788703090267899,0.008031767185191703
4.548175883444565,5.788703090267899,0.006912804650786425
4.651543517159214,5.788703090267899,0.007023174603637383
4.754911150873865,5.788703090267899,0.008441119316912344
4.858278784588514,5.788703090267899,0.010604266580046097
4.961646418303163,5.788703090267899,0.012554726386148083
5.065014052017812,5.788703090267899,0.01334101005974178
5.168381685732461,5.788703090267899,0.012417757859907735
5.27174931944711,5.788703090267899,0.009886288447696808
5.3751169531617595,5.788703090267899,0.006480788574807558
5.478484586876409,5.788703090267899,0.0033032301102193166
5.581852220591058,5.788703090267899,0.0014077467793300147
5.685219854305707,5.788703090267899,0.0013951024894238691
5.788587488020356,5.788703090267899,0.003176750238179071
5.8919551217350055,5.788703090267899,0.006005249956945666
5.995322755449654,5.788703090267899,0.008766199748924692
6.098690389164305,5.788703090267899,0.010424240258321215
6.202058022878954,5.788703090267899,0.010451315513953586
6.305425656593603,5.788703090267899,0.009065050152909176
6.408793290308252,5.788703090267899,0.007171272017312433
-6.408793290308252,5.892072788308397,0.02027262182493662
-6.305425656593603,5.892072788308397,0.01958615546246567
-6.202058022878954,5.892072788308397,0.02092686304172099
-6.098690389164304,5.892072788308397,0.02408709858365411
-5.995322755449655,5.892072788308397,0.027734436691335625
-5.8919551217350055,5.892072788308397,0.029822145083267276
-5.788587488020356,5.892072788308397,0.028315975181828462
-5.685219854305708,5.892072788308397,0.02198499356193216
-5.581852220591058,5.892072788308397,0.010968396548413566
-5.478484586876409,5.892072788308397,-0.0031025069570246627
-5.3751169531617595,5.892072788308397,-0.017498446603160092
-5.27174931944711,5.892072788308397,-0.02919279184770674
-5.168381685732461,5.892072788308397,-0.035809964734277965
-5.065014052017812,5.892072788308397,-0.03640006963421329
-4.961646418303163,5.892072788308397,-0.031766244942639264
-4.858278784588514,5.892072788308397,-0.024216946648797758
-4.754911150873865,5.892072788308397,-0.016810494767891784
-4.651543517159215,5.892072788308397,-0.012336898283328436
-4.548175883444566,5.892072788308397,-0.012379691150647187
-4.444808249729917,5.892072788308397,-0.01678202465436803
-4.341440616015267,5.892072788308397,-0.023709886876526545
-4.238072982300618,5.892072788308397,-0.030303678761863344
-4.134705348585968,5.892072788308397,-0.03370547123181189
-4.031337714871319,5.892072788308397,-0.03211348227089384
-3.9279700811566705,5.892072788308397,-0.025496143141830123
-3.8246024474420213,5.892072788308397,-0.015705018095105397
-3.7212348137273725,5.892072788308397,-0.0059251871770163765
-3.6178671800127233,5.892072788308397,0.00037247311310649147
-3.514499546298074,5.892072788308397,0.0006367287919591762
-3.411131912583425,5.892072788308397,-0.00580641128025449
-3.3077642788687753,5.892072788308397,-0.017379405809989923
-3.204396645154126,5.892072788308397,-0.030613077878686733
-3.101029011439477,5.892072788308397,-0.041152063613726315
-2.9976613777248278,5.892072788308397,-0.04510160405652999
-2.8942937440101786,5.892072788308397,-0.04029168843394275
-2.790926110295529,5.892072788308397,-0.02705134937450858
-2.6875584765808798,5.892072788308397,-0.008235213257511819
-2.5841908428662306,5.892072788308397,0.011521517663149133
-2.4808232091515814,5.892072788308397,0.02710030275615228
-2.3774555754369326,5.892072788308397,0.034355694165743474
-2.2740879417222835,5.892072788308397,0.031289382084285534
-2.1707203080076334,5.892072788308397,0.018591400334453088
-2.067352674292984,5.892072788308397,-0.0006020328323541847
-1.9639850405783352,5.892072788308397,-0.021641436158000963
-1.8606174068636863,5.892072788308397,-0.0396871376485295
-1.757249773149037,5.892072788308397,-0.0510141964777532
-1.6538821394343879,5.892072788308397,-0.05391459431185649
-1.550514505719738,5.892072788308397,-0.048954969799002525
-1.447146872005089,5.892072788308397,-0.03855980148733638
-1.3437792382904399,5.892072788308397,-0.026099649932087327
-1.2404116045757907,5.892072788308397,-0.014804719197744266
-1.1370439708611417,5.892072788308397,-0.0068539776978579865
-1.0336763371464925,5.892072788308397,-0.002905968208385939
-0.9303087034318435,5.892072788308397,-0.002173469317973865
-0.8269410697171936,5.892072788308397,-0.002959109226672863
-0.7235734360025445,5.892072788308397,-0.0034253567618176693
-0.6202058022878953,5.892072788308397,-0.002315051262055759
-0.5168381685732463,5.892072788308397,0.0006189448677277448
-0.4134705348585972,5.892072788308397,0.004595590039282419
-0.31010290114394806,5.892072788308397,0.008167195778783881
-0.2067352674292982,5.892072788308397,0.009799488928515976
-0.1033676337146491,5.892072788308397,0.00844604809058354
0.,5.892072788308397,0.0039136881713711345
0.1033676337146491,5.892072788308397,-0.003093397322864749
0.2067352674292982,5.892072788308397,-0.011238659672343535
0.31010290114394734,5.892072788308397,-0.019005067980604907
0.4134705348585964,5.892072788308397,-0.025154505162133883
0.5168381685732455,5.892072788308397,-0.029029075893615464
0.6202058022878947,5.892072788308397,-0.0306035657951099
0.7235734360025438,5.892072788308397,-0.030302334141406484
0.8269410697171944,5.892072788308397,-0.028685676026803924
0.9303087034318435,5.892072788308397,-0.02615506947523036
1.0336763371464925,5.892072788308397,-0.022808138958695445
1.1370439708611417,5.892072788308397,-0.018501982540002595
1.2404116045757907,5.892072788308397,-0.01308796607832575
1.3437792382904399,5.892072788308397,-0.006701357886149197
1.447146872005089,5.892072788308397,0.00004187976948966958
1.550514505719738,5.892072788308397,0.006057453209315762
1.6538821394343872,5.892072788308397,0.010047622557221138
1.7572497731490362,5.892072788308397,0.010929086533551229
1.8606174068636854,5.892072788308397,0.008282051114536351
1.9639850405783346,5.892072788308397,0.002641022558320268
2.0673526742929837,5.892072788308397,-0.004510849390688515
2.1707203080076343,5.892072788308397,-0.011083431315461188
2.2740879417222835,5.892072788308397,-0.01497485886592574
2.3774555754369326,5.892072788308397,-0.014737109051456618
2.4808232091515814,5.892072788308397,-0.010087566505974348
2.5841908428662306,5.892072788308397,-0.0020794646075698595
2.6875584765808798,5.892072788308397,0.007149775400891618
2.790926110295529,5.892072788308397,0.01499287331650026
2.894293744010178,5.892072788308397,0.01916388240640955
2.997661377724827,5.892072788308397,0.018413117399074214
3.101029011439476,5.892072788308397,0.01292993811835768
3.2043966451541253,5.892072788308397,0.004295788250712526
3.3077642788687744,5.892072788308397,-0.0050028290174023975
3.411131912583425,5.892072788308397,-0.012345278216451662
3.514499546298074,5.892072788308397,-0.015780175283468496
3.6178671800127233,5.892072788308397,-0.014598990870564411
3.7212348137273725,5.892072788308397,-0.009495679033934827
3.8246024474420213,5.892072788308397,-0.0022685675372903086
3.9279700811566705,5.892072788308397,0.0048246682387767595
4.031337714871319,5.892072788308397,0.00983267535483789
4.134705348585968,5.892072788308397,0.011733880871376742
4.238072982300618,5.892072788308397,0.010709388145925416
4.341440616015267,5.892072788308397,0.007982957927837769
4.444808249729916,5.892072788308397,0.005298639116423832
4.548175883444565,5.892072788308397,0.004232619965402212
4.651543517159214,5.892072788308397,0.005590834963812921
4.754911150873865,5.892072788308397,0.00910893593647483
4.858278784588514,5.892072788308397,0.01355948086745315
4.961646418303163,5.892072788308397,0.01722290761276788
5.065014052017812,5.892072788308397,0.0185472181526179
5.168381685732461,5.892072788308397,0.01675340607626655
5.27174931944711,5.892072788308397,0.01216373421627894
5.3751169531617595,5.892072788308397,0.006130669371420729
5.478484586876409,5.892072788308397,0.0005892912198275659
5.581852220591058,5.892072788308397,-0.0026070119440770347
5.685219854305707,5.892072788308397,-0.0023283485166887235
5.788587488020356,5.892072788308397,0.0014444021449549747
5.8919551217350055,5.892072788308397,0.007627286048198982
5.995322755449654,5.892072788308397,0.014433112117209884
6.098690389164305,5.892072788308397,0.02001737264316617
6.202058022878954,5.892072788308397,0.02313317213723369
6.305425656593603,5.892072788308397,0.02355305017097896
6.408793290308252,5.892072788308397,0.02209944430353382
-6.408793290308252,5.995442486348895,0.02467922848006737
-6.305425656593603,5.995442486348895,0.02360350946284129
-6.202058022878954,5.995442486348895,0.024861216933585714
-6.098690389164304,5.995442486348895,0.028271983923468108
-5.995322755449655,5.995442486348895,0.0323765082858274
-5.8919551217350055,5.995442486348895,0.03491115032626832
-5.788587488020356,5.995442486348895,0.03362478607273849
-5.685219854305708,5.995442486348895,0.027152002737565226
-5.581852220591058,5.995442486348895,0.015626108619646407
-5.478484586876409,5.995442486348895,0.0007973945177224528
-5.3751169531617595,5.995442486348895,-0.014409819162554962
-5.27174931944711,5.995442486348895,-0.026771111179108565
-5.168381685732461,5.995442486348895,-0.03378018164719559
-5.065014052017812,5.995442486348895,-0.03446465463931315
-4.961646418303163,5.995442486348895,-0.029712583381865797
-4.858278784588514,5.995442486348895,-0.02198438745874624
-4.754911150873865,5.995442486348895,-0.014494249515625357
-4.651543517159215,5.995442486348895,-0.010130148735356274
-4.548175883444566,5.995442486348895,-0.010477832797436462
-4.444808249729917,5.995442486348895,-0.015285904543505245
-4.341440616015267,5.995442486348895,-0.022563993212893433
-4.238072982300618,5.995442486348895,-0.02929149077467319
-4.134705348585968,5.995442486348895,-0.03250313925615513
-4.031337714871319,5.995442486348895,-0.03038258264983115
-3.9279700811566705,5.995442486348895,-0.02298370794816931
-3.8246024474420213,5.995442486348895,-0.012318396508167465
-3.7212348137273725,5.995442486348895,-0.001760024602076148
-3.6178671800127233,5.995442486348895,0.005055398040003175
-3.514499546298074,5.995442486348895,0.0054727205214657485
-3.411131912583425,5.995442486348895,-0.0012106768367959346
-3.3077642788687753,5.995442486348895,-0.013381431890568007
-3.204396645154126,5.995442486348895,-0.02749734016176944
-3.101029011439477,5.995442486348895,-0.03912266324421897
-2.9976613777248278,5.995442486348895,-0.044294335465406315
-2.8942937440101786,5.995442486348895,-0.04078814202726948
-2.790926110295529,5.995442486348895,-0.028879515903206945
-2.6875584765808798,5.995442486348895,-0.011350578960406496
-2.5841908428662306,5.995442486348895,0.007267562954942561
-2.4808232091515814,5.995442486348895,0.021987592948636957
-2.3774555754369326,5.995442486348895,0.028797838999835512
-2.2740879417222835,5.995442486348895,0.025797925982829054
-2.1707203080076334,5.995442486348895,0.013701346448833765
-2.067352674292984,5.995442486348895,-0.0044298601537493135
-1.9639850405783352,5.995442486348895,-0.024114215402129026
-1.8606174068636863,5.995442486348895,-0.04074083104548604
-1.757249773149037,5.995442486348895,-0.050820678122881074
-1.6538821394343879,5.995442486348895,-0.05283141171623437
-1.550514505719738,5.995442486348895,-0.04743319301765807
-1.447146872005089,5.995442486348895,-0.037039644636313374
-1.3437792382904399,5.995442486348895,-0.024927201502551444
-1.2404116045757907,5.995442486348895,-0.014194403230489873
-1.1370439708611417,5.995442486348895,-0.006903244424269575
-1.0336763371464925,5.995442486348895,-0.00364796048514534
-0.9303087034318435,5.995442486348895,-0.003638174102390387
-0.8269410697171936,5.995442486348895,-0.005210164974987753
-0.7235734360025445,5.995442486348895,-0.006550255289516291
-0.6202058022878953,5.995442486348895,-0.006367508183593134
-0.5168381685732463,5.995442486348895,-0.004297922506111604
-0.4134705348585972,5.995442486348895,-0.0009360759423293395
-0.31010290114394806,5.995442486348895,0.002472085215876601
-0.2067352674292982,5.995442486348895,0.004529502274510618
-0.1033676337146491,5.995442486348895,0.004185762651751233
0.,5.995442486348895,0.0010612075335558666
0.1033676337146491,5.995442486348895,-0.004490968649718783
0.2067352674292982,5.995442486348895,-0.011567443173985004
0.31010290114394734,5.995442486348895,-0.019038079665740826
0.4134705348585964,5.995442486348895,-0.025868206313136445
0.5168381685732455,5.995442486348895,-0.031320492241414234
0.6202058022878947,5.995442486348895,-0.034985144278483864
0.7235734360025438,5.995442486348895,-0.03666992906719367
0.8269410697171944,5.995442486348895,-0.03624348168147899
0.9303087034318435,5.995442486348895,-0.033540821592573995
1.0336763371464925,5.995442486348895,-0.028403227567660314
1.1370439708611417,5.995442486348895,-0.02085193550409653
1.2404116045757907,5.995442486348895,-0.011318244351957999
1.3437792382904399,5.995442486348895,-0.0008059130730196405
1.447146872005089,5.995442486348895,0.009131773821975712
1.550514505719738,5.995442486348895,0.016656304524576032
1.6538821394343872,5.995442486348895,0.020109857664687165
1.7572497731490362,5.995442486348895,0.01854960675499304
1.8606174068636854,5.995442486348895,0.012164396570626691
1.9639850405783346,5.995442486348895,0.002401089852254914
2.0673526742929837,5.995442486348895,-0.008291003753427735
2.1707203080076343,5.995442486348895,-0.017064402539151514
2.2740879417222835,5.995442486348895,-0.02146713718342214
2.3774555754369326,5.995442486348895,-0.020185163559518143
2.4808232091515814,5.995442486348895,-0.01348889198602443
2.5841908428662306,5.995442486348895,-0.003219604955470474
2.6875584765808798,5.995442486348895,0.0077066328905547096
2.790926110295529,5.995442486348895,0.016142508182405105
2.894293744010178,5.995442486348895,0.019645762619118174
2.997661377724827,5.995442486348895,0.017214386677105457
3.101029011439476,5.995442486348895,0.009584286208207567
3.2043966451541253,5.995442486348895,-0.0010094129054960858
3.3077642788687744,5.995442486348895,-0.011533107714274774
3.411131912583425,5.995442486348895,-0.019092266068858457
3.514499546298074,5.995442486348895,-0.021803126111121215
3.6178671800127233,5.995442486348895,-0.01931895168018241
3.7212348137273725,5.995442486348895,-0.012847691111944774
3.8246024474420213,5.995442486348895,-0.004668610884868789
3.9279700811566705,5.995442486348895,0.002677473468114829
4.031337714871319,5.995442486348895,0.007243299488757549
4.134705348585968,5.995442486348895,0.008284887814657894
4.238072982300618,5.995442486348895,0.006425217454004691
4.341440616015267,5.995442486348895,0.0033292281204791952
4.444808249729916,5.995442486348895,0.0010184693052612184
4.548175883444565,5.995442486348895,0.0010779856735734755
4.651543517159214,5.995442486348895,0.004042495117721935
4.754911150873865,5.995442486348895,0.00918195221170043
4.858278784588514,5.995442486348895,0.014762175088408325
4.961646418303163,5.995442486348895,0.018685540538605664
5.065014052017812,5.995442486348895,0.019280241917637685
5.168381685732461,5.995442486348895,0.0159526235525761
5.27174931944711,5.995442486348895,0.009464868275049925
5.3751169531617595,5.995442486348895,0.0017330231768491377
5.478484586876409,5.995442486348895,-0.0047889668205211705
5.581852220591058,5.995442486348895,-0.007925490059140389
5.685219854305707,5.995442486348895,-0.00650940245885126
5.788587488020356,5.995442486348895,-0.0007687093993612127
5.8919551217350055,5.995442486348895,0.007766731583588321
5.995322755449654,5.995442486348895,0.0168049304188429
6.098690389164305,5.995442486348895,0.024085400446258367
6.202058022878954,5.995442486348895,0.028143233394287433
6.305425656593603,5.995442486348895,0.028770170397177445
6.408793290308252,5.995442486348895,0.0270075080692081
-6.408793290308252,6.098812184389393,0.018012649192888343
-6.305425656593603,6.098812184389393,0.017636591971880403
-6.202058022878954,6.098812184389393,0.020193013942865212
-6.098690389164304,6.098812184389393,0.025173761674980505
-5.995322755449655,6.098812184389393,0.030776191932458823
-5.8919551217350055,6.098812184389393,0.03448757922803845
-5.788587488020356,6.098812184389393,0.03396989221114304
-5.685219854305708,6.098812184389393,0.027939230676933022
-5.581852220591058,6.098812184389393,0.016725848634626835
-5.478484586876409,6.098812184389393,0.0023029307512759407
-5.3751169531617595,6.098812184389393,-0.012248230837152341
-5.27174931944711,6.098812184389393,-0.023673389295834197
-5.168381685732461,6.098812184389393,-0.02957373919542713
-5.065014052017812,6.098812184389393,-0.029179682909607534
-4.961646418303163,6.098812184389393,-0.023600713979921063
-4.858278784588514,6.098812184389393,-0.015455446866263938
-4.754911150873865,6.098812184389393,-0.00799580677255574
-4.651543517159215,6.098812184389393,-0.004014421042656481
-4.548175883444566,6.098812184389393,-0.0049034976934462385
-4.444808249729917,6.098812184389393,-0.010188058043378592
-4.341440616015267,6.098812184389393,-0.01769976365960043
-4.238072982300618,6.098812184389393,-0.02434149187562694
-4.134705348585968,6.098812184389393,-0.02719008951772701
-4.031337714871319,6.098812184389393,-0.024564639828479697
-3.9279700811566705,6.098812184389393,-0.01669217079622038
-3.8246024474420213,6.098812184389393,-0.005732260639517856
-3.7212348137273725,6.098812184389393,0.004865605111047872
-3.6178671800127233,6.098812184389393,0.011473312194052808
-3.514499546298074,6.098812184389393,0.011503675486425894
-3.411131912583425,6.098812184389393,0.004334074957735499
-3.3077642788687753,6.098812184389393,-0.008380130057710974
-3.204396645154126,6.098812184389393,-0.023121716239796277
-3.101029011439477,6.098812184389393,-0.035540168122042616
-2.9976613777248278,6.098812184389393,-0.0417754255177161
-2.8942937440101786,6.098812184389393,-0.039661151586167974
-2.790926110295529,6.098812184389393,-0.029427389938536833
-2.6875584765808798,6.098812184389393,-0.013679972858883751
-2.5841908428662306,6.098812184389393,0.0033381307405482875
-2.4808232091515814,6.098812184389393,0.01697414995890198
-2.3774555754369326,6.098812184389393,0.023503374839375757
-2.2740879417222835,6.098812184389393,0.02117218685978727
-2.1707203080076334,6.098812184389393,0.010641243220574349
-2.067352674292984,6.098812184389393,-0.005283525033658205
-1.9639850405783352,6.098812184389393,-0.02252334147229432
-1.8606174068636863,6.098812184389393,-0.03691510929381516
-1.757249773149037,6.098812184389393,-0.045347375528139264
-1.6538821394343879,6.098812184389393,-0.04651227171950444
-1.550514505719738,6.098812184389393,-0.04107994619723205
-1.447146872005089,6.098812184389393,-0.03129148847534155
-1.3437792382904399,6.098812184389393,-0.02014409559155928
-1.2404116045757907,6.098812184389393,-0.010452426696478046
-1.1370439708611417,6.098812184389393,-0.004082254465383935
-1.0336763371464925,6.098812184389393,-0.0015700759735504306
-0.9303087034318435,6.098812184389393,-0.002199417964838118
-0.8269410697171936,6.098812184389393,-0.004452667555445695
-0.7235734360025445,6.098812184389393,-0.00664687075564462
-0.6202058022878953,6.098812184389393,-0.007525624962864852
-0.5168381685732463,6.098812184389393,-0.00662184815452115
-0.4134705348585972,6.098812184389393,-0.004305504772508035
-0.31010290114394806,6.098812184389393,-0.0015465784826046616
-0.2067352674292982,6.098812184389393,0.00048516869962729524
-0.1033676337146491,6.098812184389393,0.0008248902708147184
0.,6.098812184389393,-0.0010132302629612836
0.1033676337146491,6.098812184389393,-0.004958712637144042
0.2067352674292982,6.098812184389393,-0.010487858391609756
0.31010290114394734,6.098812184389393,-0.016827210394577585
0.4134705348585964,6.098812184389393,-0.02315598036789817
0.5168381685732455,6.098812184389393,-0.028730579145648808
0.6202058022878947,6.098812184389393,-0.03290975086322641
0.7235734360025438,6.098812184389393,-0.03511777813411332
0.8269410697171944,6.098812184389393,-0.034818212459346014
0.9303087034318435,6.098812184389393,-0.03156521917363314
1.0336763371464925,6.098812184389393,-0.025155614073186564
1.1370439708611417,6.098812184389393,-0.015841265331591508
1.2404116045757907,6.098812184389393,-0.0045077943739095456
1.3437792382904399,6.098812184389393,0.007291688446549557
1.447146872005089,6.098812184389393,0.01752654159909536
1.550514505719738,6.098812184389393,0.024105647281750592
1.6538821394343872,6.098812184389393,0.025432589155567276
1.7572497731490362,6.098812184389393,0.020936135751474967
1.8606174068636854,6.098812184389393,0.011389965477262247
1.9639850405783346,6.098812184389393,-0.0011214131366620514
2.0673526742929837,6.098812184389393,-0.013632419440083811
2.1707203080076343,6.098812184389393,-0.02303509035106479
2.2740879417222835,6.098812184389393,-0.026927450557922117
2.3774555754369326,6.098812184389393,-0.024317227755798577
2.4808232091515814,6.098812184389393,-0.015952795780756427
2.5841908428662306,6.098812184389393,-0.004157544209732892
2.6875584765808798,6.098812184389393,0.007804409421007638
2.790926110295529,6.098812184389393,0.01665291047111937
2.894293744010178,6.098812184389393,0.020030278396026415
2.997661377724827,6.098812184389393,0.017165675603633218
3.101029011439476,6.098812184389393,0.009059515063129237
3.2043966451541253,6.098812184389393,-0.0018672097913075129
3.3077642788687744,6.098812184389393,-0.012543324798267416
3.411131912583425,6.098812184389393,-0.020188481390257605
3.514499546298074,6.098812184389393,-0.02312348052334773
3.6178671800127233,6.098812184389393,-0.02119588985238595
3.7212348137273725,6.098812184389393,-0.015697892903501078
3.8246024474420213,6.098812184389393,-0.00882373445120901
3.9279700811566705,6.098812184389393,-0.002866233400773933
4.031337714871319,6.098812184389393,0.0005659149430886067
4.134705348585968,6.098812184389393,0.001043446707181367
4.238072982300618,6.098812184389393,-0.0006357306865178182
4.341440616015267,6.098812184389393,-0.002846426350578403
4.444808249729916,6.098812184389393,-0.003826032691872479
4.548175883444565,6.098812184389393,-0.002396497816416392
4.651543517159214,6.098812184389393,0.0015474044560143127
4.754911150873865,6.098812184389393,0.006962625266516729
4.858278784588514,6.098812184389393,0.012024006197923983
4.961646418303163,6.098812184389393,0.01480035762533235
5.065014052017812,6.098812184389393,0.013995213320653703
5.168381685732461,6.098812184389393,0.009481080935806034
5.27174931944711,6.098812184389393,0.0024273364752050554
5.3751169531617595,6.098812184389393,-0.005034340639282662
5.478484586876409,6.098812184389393,-0.01049770462414158
5.581852220591058,6.098812184389393,-0.012085393682341818
5.685219854305707,6.098812184389393,-0.009085792215580306
5.788587488020356,6.098812184389393,-0.0021963660585948026
5.8919551217350055,6.098812184389393,0.006716519560320038
5.995322755449654,6.098812184389393,0.015260606673946868
6.098690389164305,6.098812184389393,0.02133886263616987
6.202058022878954,6.098812184389393,0.023858273528618707
6.305425656593603,6.098812184389393,0.02307289115256674
6.408793290308252,6.098812184389393,0.020435696760150127
-6.408793290308252,6.202181882429891,0.002492035864434471
-6.305425656593603,6.202181882429891,0.0037589218412087074
-6.202058022878954,6.202181882429891,0.008558503392104112
-6.098690389164304,6.202181882429891,0.015812065047666177
-5.995322755449655,6.202181882429891,0.023311475187741085
-5.8919551217350055,6.202181882429891,0.028409137372942053
-5.788587488020356,6.202181882429891,0.028904665040865276
-5.685219854305708,6.202181882429891,0.023830199316930766
-5.581852220591058,6.202181882429891,0.013860042068611344
-5.478484586876409,6.202181882429891,0.0011894883710166194
-5.3751169531617595,6.202181882429891,-0.011096094624164665
-5.27174931944711,6.202181882429891,-0.019966886058910022
-5.168381685732461,6.202181882429891,-0.023401755403043012
-5.065014052017812,6.202181882429891,-0.021031357363336608
-4.961646418303163,6.202181882429891,-0.014250733843908936
-4.858278784588514,6.202181882429891,-0.005754837085061596
-4.754911150873865,6.202181882429891,0.001356577028461022
-4.651543517159215,6.202181882429891,0.004611121938715022
-4.548175883444566,6.202181882429891,0.002988848937040081
-4.444808249729917,6.202181882429891,-0.0027393967331023907
-4.341440616015267,6.202181882429891,-0.010280243067059538
-4.238072982300618,6.202181882429891,-0.016610204195676177
-4.134705348585968,6.202181882429891,-0.01903218570306831
-4.031337714871319,6.202181882429891,-0.016143218233432857
-3.9279700811566705,6.202181882429891,-0.008384648583172758
-3.8246024474420213,6.202181882429891,0.0020196991350959286
-3.7212348137273725,6.202181882429891,0.011731015573165127
-3.6178671800127233,6.202181882429891,0.017360979531905445
-3.514499546298074,6.202181882429891,0.0165925404837253
-3.411131912583425,6.202181882429891,0.008989722526729877
-3.3077642788687753,6.202181882429891,-0.0037736357207649725
-3.204396645154126,6.202181882429891,-0.018351305411885885
-3.101029011439477,6.202181882429891,-0.03069978567562572
-2.9976613777248278,6.202181882429891,-0.03728992243450491
-2.8942937440101786,6.202181882429891,-0.03617775937430885
-2.790926110295529,6.202181882429891,-0.0276019079592053
-2.6875584765808798,6.202181882429891,-0.013924552348762274
-2.5841908428662306,6.202181882429891,0.0010608830836977238
-2.4808232091515814,6.202181882429891,0.013236876291449042
-2.3774555754369326,6.202181882429891,0.019342030390146883
-2.2740879417222835,6.202181882429891,0.017869048098845243
-2.1707203080076334,6.202181882429891,0.009422380850568143
-2.067352674292984,6.202181882429891,-0.003548642101621346
-1.9639850405783352,6.202181882429891,-0.01753241869668044
-1.8606174068636863,6.202181882429891,-0.028994008046292742
-1.757249773149037,6.202181882429891,-0.03534811614576493
-1.6538821394343879,6.202181882429891,-0.035584041516482506
-1.550514505719738,6.202181882429891,-0.03038536682318875
-1.447146872005089,6.202181882429891,-0.021752296572626877
-1.3437792382904399,6.202181882429891,-0.012285133847340157
-1.2404116045757907,6.202181882429891,-0.0043767925503350865
-1.1370439708611417,6.202181882429891,0.0004333730645779385
-1.0336763371464925,6.202181882429891,0.001767395642755985
-0.9303087034318435,6.202181882429891,0.0003251788718737213
-0.8269410697171936,6.202181882429891,-0.002514937417098136
-0.7235734360025445,6.202181882429891,-0.005245410508320719
-0.6202058022878953,6.202181882429891,-0.006735384153616975
-0.5168381685732463,6.202181882429891,-0.006539055616584445
-0.4134705348585972,6.202181882429891,-0.004937138445647444
-0.31010290114394806,6.202181882429891,-0.002738899541656886
-0.2067352674292982,6.202181882429891,-0.0009467166555907157
-0.1033676337146491,6.202181882429891,-0.00041420695985604824
0.,6.202181882429891,-0.0016083689332854856
0.1033676337146491,6.202181882429891,-0.004529979821289328
0.2067352674292982,6.202181882429891,-0.008780382675403348
0.31010290114394734,6.202181882429891,-0.01371332593867002
0.4134705348585964,6.202181882429891,-0.018594824887208202
0.5168381685732455,6.202181882429891,-0.022713861778211622
0.6202058022878947,6.202181882429891,-0.0254289220050785
0.7235734360025438,6.202181882429891,-0.026178046810890258
0.8269410697171944,6.202181882429891,-0.024502409347368578
0.9303087034318435,6.202181882429891,-0.020124438102268955
1.0336763371464925,6.202181882429891,-0.013084884342234756
1.1370439708611417,6.202181882429891,-0.0038958394183562692
1.2404116045757907,6.202181882429891,0.006368322336807046
1.3437792382904399,6.202181882429891,0.016123207901392284
1.447146872005089,6.202181882429891,0.023514935416344418
1.550514505719738,6.202181882429891,0.026827872722916344
1.6538821394343872,6.202181882429891,0.024965549762750124
1.7572497731490362,6.202181882429891,0.017859880026672992
1.8606174068636854,6.202181882429891,0.006658877799706695
1.9639850405783346,6.202181882429891,-0.006407395493517609
2.0673526742929837,6.202181882429891,-0.01849009713306642
2.1707203080076343,6.202181882429891,-0.02681395200297789
2.2740879417222835,6.202181882429891,-0.029412898929833075
2.3774555754369326,6.202181882429891,-0.025691480287448415
2.4808232091515814,6.202181882429891,-0.016631942068441874
2.5841908428662306,6.202181882429891,-0.004566085851650568
2.6875584765808798,6.202181882429891,0.007437946783048528
2.790926110295529,6.202181882429891,0.01640261540729262
2.894293744010178,6.202181882429891,0.020239682992411336
2.997661377724827,6.202181882429891,0.018283642480451518
3.101029011439476,6.202181882429891,0.011403641820238827
3.2043966451541253,6.202181882429891,0.0016692077155935892
3.3077642788687744,6.202181882429891,-0.008315361820868889
3.411131912583425,6.202181882429891,-0.016191395066280413
3.514499546298074,6.202181882429891,-0.02049430667428737
3.6178671800127233,6.202181882429891,-0.020974318479652043
3.7212348137273725,6.202181882429891,-0.01850788222813501
3.8246024474420213,6.202181882429891,-0.014656569216761254
3.9279700811566705,6.202181882429891,-0.011045370692070454
4.031337714871319,6.202181882429891,-0.008785467532570836
4.134705348585968,6.202181882429891,-0.008140433789917235
4.238072982300618,6.202181882429891,-0.008540074259704924
4.341440616015267,6.202181882429891,-0.008917113757879291
4.444808249729916,6.202181882429891,-0.008224950994624152
4.548175883444565,6.202181882429891,-0.005931274655480999
4.651543517159214,6.202181882429891,-0.0022948010306287976
4.754911150873865,6.202181882429891,0.0016842345787083832
4.858278784588514,6.202181882429891,0.004625403287309807
4.961646418303163,6.202181882429891,0.005307742656610782
5.065014052017812,6.202181882429891,0.0031836578914324247
5.168381685732461,6.202181882429891,-0.0013327233993590394
5.27174931944711,6.202181882429891,-0.00692377533031041
5.3751169531617595,6.202181882429891,-0.011768570615454532
5.478484586876409,6.202181882429891,-0.014153008791346424
5.581852220591058,6.202181882429891,-0.013075203286399483
5.685219854305707,6.202181882429891,-0.008624944733571217
5.788587488020356,6.202181882429891,-0.0019901101214275744
5.8919551217350055,6.202181882429891,0.004927088968859443
5.995322755449654,6.202181882429891,0.010160544823201723
6.098690389164305,6.202181882429891,0.012373175428015564
6.202058022878954,6.202181882429891,0.011344708678955116
6.305425656593603,6.202181882429891,0.008071400569387897
6.408793290308252,6.202181882429891,0.004427181691780779
-6.408793290308252,6.30555158047039,-0.016940074462669468
-6.305425656593603,6.30555158047039,-0.013486867540394827
-6.202058022878954,6.30555158047039,-0.006213949263786774
-6.098690389164304,6.30555158047039,0.0031682742620159944
-5.995322755449655,6.30555158047039,0.012161598186070766
-5.8919551217350055,6.30555158047039,0.018221789547528615
-5.788587488020356,6.30555158047039,0.01955339305346125
-5.685219854305708,6.30555158047039,0.01570115229718871
-5.581852220591058,6.30555158047039,0.0077378851520802224
-5.478484586876409,6.30555158047039,-0.0020263881426015014
-5.3751169531617595,6.30555158047039,-0.010734984507197162
-5.27174931944711,6.30555158047039,-0.01586262333541882
-5.168381685732461,6.30555158047039,-0.016001989046398466
-5.065014052017812,6.30555158047039,-0.011303111913399418
-4.961646418303163,6.30555158047039,-0.003418003028502999
-4.858278784588514,6.30555158047039,0.005038020530007974
-4.754911150873865,6.30555158047039,0.01133857241239933
-4.651543517159215,6.30555158047039,0.013537010823457483
-4.548175883444566,6.30555158047039,0.011104410415656128
-4.444808249729917,6.30555158047039,0.005102515056929858
-4.341440616015267,6.30555158047039,-0.0021703090306582702
-4.238072982300618,6.30555158047039,-0.007949499801531276
-4.134705348585968,6.30555158047039,-0.009942058104141569
-4.031337714871319,6.30555158047039,-0.007124287162335579
-3.9279700811566705,6.30555158047039,-0.0001340010067471427
-3.8246024474420213,6.30555158047039,0.008879070251117697
-3.7212348137273725,6.30555158047039,0.01690584986301272
-3.6178671800127233,6.30555158047039,0.02103049779296222
-3.514499546298074,6.30555158047039,0.01938040044876984
-3.411131912583425,6.30555158047039,0.011768454488789468
-3.3077642788687753,6.30555158047039,-0.0001817332590273973
-3.204396645154126,6.30555158047039,-0.013473921015225208
-3.101029011439477,6.30555158047039,-0.024608682174809313
-2.9976613777248278,6.30555158047039,-0.030616452953036347
-2.8942937440101786,6.30555158047039,-0.029935867867256022
-2.790926110295529,6.30555158047039,-0.022869199274609092
-2.6875584765808798,6.30555158047039,-0.011480381376657356
-2.5841908428662306,6.30555158047039,0.0010252618465181303
-2.4808232091515814,6.30555158047039,0.01124238017679151
-2.3774555754369326,6.30555158047039,0.016537720226568325
-2.2740879417222835,6.30555158047039,0.015762060130196265
-2.1707203080076334,6.30555158047039,0.009500326973275805
-2.067352674292984,6.30555158047039,-0.00019349665588869652
-1.9639850405783352,6.30555158047039,-0.010471539668933313
-1.8606174068636863,6.30555158047039,-0.018553350047034116
-1.757249773149037,6.30555158047039,-0.022505701306732462
-1.6538821394343879,6.30555158047039,-0.02171457089320921
-1.550514505719738,6.30555158047039,-0.016931755543343575
-1.447146872005089,6.30555158047039,-0.009916771211577972
-1.3437792382904399,6.30555158047039,-0.002816933781065523
-1.2404116045757907,6.30555158047039,0.002502714033788418
-1.1370439708611417,6.30555158047039,0.004970732904911909
-1.0336763371464925,6.30555158047039,0.0045211590022392785
-0.9303087034318435,6.30555158047039,0.0019720006854201952
-0.8269410697171936,6.30555158047039,-0.0013554922776755063
-0.7235734360025445,6.30555158047039,-0.00412822270702952
-0.6202058022878953,6.30555158047039,-0.0054351132064496144
-0.5168381685732463,6.30555158047039,-0.005031805150050721
-0.4134705348585972,6.30555158047039,-0.0033399641214253064
-0.31010290114394806,6.30555158047039,-0.0012305596163695973
-0.2067352674292982,6.30555158047039,0.0003131744630148483
-0.1033676337146491,6.30555158047039,0.0005303885615977844
0.,6.30555158047039,-0.0008908508985152362
0.1033676337146491,6.30555158047039,-0.0037508957927714563
0.2067352674292982,6.30555158047039,-0.007433814703836737
0.31010290114394734,6.30555158047039,-0.011104508430063546
0.4134705348585964,6.30555158047039,-0.013928976904071175
0.5168381685732455,6.30555158047039,-0.015248484323023994
0.6202058022878947,6.30555158047039,-0.01467136475545832
0.7235734360025438,6.30555158047039,-0.012086231734538752
0.8269410697171944,6.30555158047039,-0.007629838084193793
0.9303087034318435,6.30555158047039,-0.0016503538339441882
1.0336763371464925,6.30555158047039,0.005308568105415719
1.1370439708611417,6.30555158047039,0.012506477373417122
1.2404116045757907,6.30555158047039,0.019018092760725573
1.3437792382904399,6.30555158047039,0.023799491421134866
1.447146872005089,6.30555158047039,0.025835861822573136
1.550514505719738,6.30555158047039,0.0243638818773004
1.6538821394343872,6.30555158047039,0.019120057207690107
1.7572497731490362,6.30555158047039,0.010535304218156372
1.8606174068636854,6.30555158047039,-0.00020856832886851934
1.9639850405783346,6.30555158047039,-0.011316391868953167
2.0673526742929837,6.30555158047039,-0.020711542605000702
2.1707203080076343,6.30555158047039,-0.02649718779709409
2.2740879417222835,6.30555158047039,-0.027429531804079664
2.3774555754369326,6.30555158047039,-0.023266791302745435
2.4808232091515814,6.30555158047039,-0.01488204783325426
2.5841908428662306,6.30555158047039,-0.004091176454664034
2.6875584765808798,6.30555158047039,0.006769847142604822
2.790926110295529,6.30555158047039,0.015407367073531946
2.894293744010178,6.30555158047039,0.02011678364484632
2.997661377724827,6.30555158047039,0.020161352538188206
3.101029011439476,6.30555158047039,0.015881559668967517
3.2043966451541253,6.30555158047039,0.008515878880095768
3.3077642788687744,6.30555158047039,-0.00019927964745986444
3.411131912583425,6.30555158047039,-0.008519369464755386
3.514499546298074,6.30555158047039,-0.015120996342820615
3.6178671800127233,6.30555158047039,-0.019350451016146766
3.7212348137273725,6.30555158047039,-0.021238781744978456
3.8246024474420213,6.30555158047039,-0.02131143955926158
3.9279700811566705,6.30555158047039,-0.020286171981379008
4.031337714871319,6.30555158047039,-0.018781172318904915
4.134705348585968,6.30555158047039,-0.017138188336293398
4.238072982300618,6.30555158047039,-0.01541071321204123
4.341440616015267,6.30555158047039,-0.013497299002768104
4.444808249729916,6.30555158047039,-0.011341506434551112
4.548175883444565,6.30555158047039,-0.009095313081077827
4.651543517159214,6.30555158047039,-0.0071611322892897195
4.754911150873865,6.30555158047039,-0.006081555010090725
4.858278784588514,6.30555158047039,-0.006314215394869672
4.961646418303163,6.30555158047039,-0.007984515517193083
5.065014052017812,6.30555158047039,-0.010728381025050313
5.168381685732461,6.30555158047039,-0.013711076717756473
5.27174931944711,6.30555158047039,-0.015844136137237376
5.3751169531617595,6.30555158047039,-0.01614355339777259
5.478484586876409,6.30555158047039,-0.014108539909230682
5.581852220591058,6.30555158047039,-0.00997739624616928
5.685219854305707,6.30555158047039,-0.004747422377732775
5.788587488020356,6.30555158047039,0.00007796389914051493
5.8919551217350055,6.30555158047039,0.0029545311732225277
5.995322755449654,6.30555158047039,0.002830822387432322
6.098690389164305,6.30555158047039,-0.00043269363828567486
6.202058022878954,6.30555158047039,-0.005917619334022969
6.305425656593603,6.30555158047039,-0.0118509676945364
6.408793290308252,6.30555158047039,-0.016118306586671093
-6.408793290308252,6.408921278510888,-0.03418024289540516
-6.305425656593603,6.408921278510888,-0.028527117717180892
-6.202058022878954,6.408921278510888,-0.019303175932018798
-6.098690389164304,6.408921278510888,-0.008723191319545806
-5.995322755449655,6.408921278510888,0.0006764658572870491
-5.8919551217350055,6.408921278510888,0.00674667478470573
-5.788587488020356,6.408921278510888,0.008334427336015209
-5.685219854305708,6.408921278510888,0.005607810322356494
-5.581852220591058,6.408921278510888,-6.24997913523152e-6
-5.478484586876409,6.408921278510888,-0.006259504583586757
-5.3751169531617595,6.408921278510888,-0.01076797018625543
-5.27174931944711,6.408921278510888,-0.011739516502998721
-5.168381685732461,6.408921278510888,-0.008520748256397457
-5.065014052017812,6.408921278510888,-0.0017930399686694235
-4.961646418303163,6.408921278510888,0.006645539093153586
-4.858278784588514,6.408921278510888,0.0144470404730639
-4.754911150873865,6.408921278510888,0.01945371012559233
-4.651543517159215,6.408921278510888,0.020379483058327787
-4.548175883444566,6.408921278510888,0.017217248120883398
-4.444808249729917,6.408921278510888,0.01124092064396301
-4.341440616015267,6.408921278510888,0.004598572642190175
-4.238072982300618,6.408921278510888,-0.00037733551937304996
-4.134705348585968,6.408921278510888,-0.0019254906618138147
-4.031337714871319,6.408921278510888,0.000563077444876552
-3.9279700811566705,6.408921278510888,0.0063251579065872554
-3.8246024474420213,6.408921278510888,0.013441001623393433
-3.7212348137273725,6.408921278510888,0.019422330776647033
-3.6178671800127233,6.408921278510888,0.02199145362474227
-3.514499546298074,6.408921278510888,0.019808718392238318
-3.411131912583425,6.408921278510888,0.012920318110049657
-3.3077642788687753,6.408921278510888,0.00278494802108834
-3.204396645154126,6.408921278510888,-0.008131304707788067
-3.101029011439477,6.408921278510888,-0.01706851531634832
-2.9976613777248278,6.408921278510888,-0.02177669705817192
-2.8942937440101786,6.408921278510888,-0.021165219271878286
-2.790926110295529,6.408921278510888,-0.015603085073128029
-2.6875584765808798,6.408921278510888,-0.0067847524128297095
-2.5841908428662306,6.408921278510888,0.0027897350417312784
-2.4808232091515814,6.408921278510888,0.010555091950355755
-2.3774555754369326,6.408921278510888,0.014613517789725238
-2.2740879417222835,6.408921278510888,0.014240763548110331
-2.1707203080076334,6.408921278510888,0.010022798035102904
-2.067352674292984,6.408921278510888,0.0035981887355640953
-1.9639850405783352,6.408921278510888,-0.0028973250925647793
-1.8606174068636863,6.408921278510888,-0.0075007152503968584
-1.757249773149037,6.408921278510888,-0.008996158619257533
-1.6538821394343879,6.408921278510888,-0.0072241352926737555
-1.550514505719738,6.408921278510888,-0.003046075486350962
-1.447146872005089,6.408921278510888,0.002003224618683699
-1.3437792382904399,6.408921278510888,0.0062475716974918554
-1.2404116045757907,6.408921278510888,0.008407380409041617
-1.1370439708611417,6.408921278510888,0.007973811539403887
-1.0336763371464925,6.408921278510888,0.005310940818440264
-0.9303087034318435,6.408921278510888,0.0014706514462022669
-0.8269410697171936,6.408921278510888,-0.0022024596640330936
-0.7235734360025445,6.408921278510888,-0.004536056082726078
-0.6202058022878953,6.408921278510888,-0.004910302454847153
-0.5168381685732463,6.408921278510888,-0.0034346042307156484
-0.4134705348585972,6.408921278510888,-0.0008740311044924166
-0.31010290114394806,6.408921278510888,0.0016384203371303109
-0.2067352674292982,6.408921278510888,0.003000802598405692
-0.1033676337146491,6.408921278510888,0.0025193815293685345
0.,6.408921278510888,0.00014487425946089493
0.1033676337146491,6.408921278510888,-0.0035005565005749436
0.2067352674292982,6.408921278510888,-0.007304787088734621
0.31010290114394734,6.408921278510888,-0.009990745320701985
0.4134705348585964,6.408921278510888,-0.010480651695738549
0.5168381685732455,6.408921278510888,-0.00819113687088068
0.6202058022878947,6.408921278510888,-0.0031804043860864852
0.7235734360025438,6.408921278510888,0.0038806613884598785
0.8269410697171944,6.408921278510888,0.011887670532151031
0.9303087034318435,6.408921278510888,0.019566722994122068
1.0336763371464925,6.408921278510888,0.02574315053237717
1.1370439708611417,6.408921278510888,0.02954685948337092
1.2404116045757907,6.408921278510888,0.030517062367627364
1.3437792382904399,6.408921278510888,0.028606104039463193
1.447146872005089,6.408921278510888,0.024111569233160362
1.550514505719738,6.408921278510888,0.017578850865630335
1.6538821394343872,6.408921278510888,0.009710959745903885
1.7572497731490362,6.408921278510888,0.0013037671107991825
1.8606174068636854,6.408921278510888,-0.006797247477188249
1.9639850405783346,6.408921278510888,-0.01373828404384063
2.0673526742929837,6.408921278510888,-0.018718710471551187
2.1707203080076343,6.408921278510888,-0.021083925968201685
2.2740879417222835,6.408921278510888,-0.020441343299043492
2.3774555754369326,6.408921278510888,-0.016772031661800087
2.4808232091515814,6.408921278510888,-0.010500216040917193
2.5841908428662306,6.408921278510888,-0.0024865200355124687
2.6875584765808798,6.408921278510888,0.006071671099991617
2.790926110295529,6.408921278510888,0.013823583467917564
2.894293744010178,6.408921278510888,0.019497659869900253
2.997661377724827,6.408921278510888,0.022132553564318973
3.101029011439476,6.408921278510888,0.021253787266397837
3.2043966451541253,6.408921278510888,0.016956384691356057
3.3077642788687744,6.408921278510888,0.00987725213708192
3.411131912583425,6.408921278510888,0.0010674510733080453
3.514499546298074,6.408921278510888,-0.008204038487112484
3.6178671800127233,6.408921278510888,-0.016672269471348856
3.7212348137273725,6.408921278510888,-0.023281639910512714
3.8246024474420213,6.408921278510888,-0.027341761731851467
3.9279700811566705,6.408921278510888,-0.028614887942906703
4.031337714871319,6.408921278510888,-0.02732906314136726
4.134705348585968,6.408921278510888,-0.024120736304993572
4.238072982300618,6.408921278510888,-0.019916430821378464
4.341440616015267,6.408921278510888,-0.01576730582654742
4.444808249729916,6.408921278510888,-0.012655683523092081
4.548175883444565,6.408921278510888,-0.01129999935997397
4.651543517159214,6.408921278510888,-0.011992537605157344
4.754911150873865,6.408921278510888,-0.014508521908311168
4.858278784588514,6.408921278510888,-0.01812050583536963
4.961646418303163,6.408921278510888,-0.021735135526837774
5.065014052017812,6.408921278510888,-0.024140989608435737
5.168381685732461,6.408921278510888,-0.024322363002603067
5.27174931944711,6.408921278510888,-0.02176482875742382
5.3751169531617595,6.408921278510888,-0.016665629910200024
5.478484586876409,6.408921278510888,-0.009973785712486442
5.581852220591058,6.408921278510888,-0.0032226421022633713
5.685219854305707,6.408921278510888,0.0018260356852744602
5.788587488020356,6.408921278510888,0.003647732511705178
5.8919551217350055,6.408921278510888,0.001408047826063669
5.995322755449654,6.408921278510888,-0.00473141332618096
6.098690389164305,6.408921278510888,-0.013559553711383147
6.202058022878954,6.408921278510888,-0.023055316107515902
6.305425656593603,6.408921278510888,-0.030876579617410086
6.408793290308252,6.408921278510888,-0.034975826347204
