-6.408793290308252,-6.408921278510889,-0.016482854886989477
-6.305425656593603,-6.408921278510889,-0.02820709567987424
-6.202058022878954,-6.408921278510889,-0.029180926296344115
-6.098690389164304,-6.408921278510889,-0.019293892248346645
-5.995322755449655,-6.408921278510889,-0.001699499977751918
-5.8919551217350055,-6.408921278510889,0.018164881360034902
-5.788587488020356,-6.408921278510889,0.034281779475170436
-5.685219854305708,-6.408921278510889,0.04192416896716608
-5.581852220591058,-6.408921278510889,0.039085084475514065
-5.478484586876409,-6.408921278510889,0.027009802156974242
-5.3751169531617595,-6.408921278510889,0.009675162734272427
-5.27174931944711,-6.408921278510889,-0.007590557120254652
-5.168381685732461,-6.408921278510889,-0.01987423453378307
-5.065014052017812,-6.408921278510889,-0.024240025914731907
-4.961646418303163,-6.408921278510889,-0.02057680249138311
-4.858278784588514,-6.408921278510889,-0.01146986732757916
-4.754911150873865,-6.408921278510889,-0.0011674552820111874
-4.651543517159215,-6.408921278510889,0.005985980968836186
-4.548175883444566,-6.408921278510889,0.007106583470509503
-4.444808249729917,-6.408921278510889,0.0017890050927983547
-4.341440616015267,-6.408921278510889,-0.007752477036330514
-4.238072982300618,-6.408921278510889,-0.017456878795801337
-4.134705348585968,-6.408921278510889,-0.022833098966752473
-4.031337714871319,-6.408921278510889,-0.02053812556333311
-3.9279700811566705,-6.408921278510889,-0.00958746051803416
-3.8246024474420213,-6.408921278510889,0.008202572123368414
-3.7212348137273725,-6.408921278510889,0.028682461213002605
-3.6178671800127233,-6.408921278510889,0.04658964614094957
-3.514499546298074,-6.408921278510889,0.05712331398986628
-3.411131912583425,-6.408921278510889,0.05737151579510162
-3.3077642788687753,-6.408921278510889,0.0471492539811547
-3.204396645154126,-6.408921278510889,0.02900668262078193
-3.101029011439477,-6.408921278510889,0.007435766222702367
-2.9976613777248278,-6.408921278510889,-0.012448551553868944
-2.8942937440101786,-6.408921278510889,-0.02632925426032746
-2.790926110295529,-6.408921278510889,-0.031781670569887066
-2.6875584765808798,-6.408921278510889,-0.0287428455623117
-2.5841908428662306,-6.408921278510889,-0.019271572517692504
-2.4808232091515814,-6.408921278510889,-0.006738187734713163
-2.3774555754369326,-6.408921278510889,0.005256949926375539
-2.2740879417222835,-6.408921278510889,0.013887202769096413
-2.1707203080076334,-6.408921278510889,0.01774187820050632
-2.067352674292984,-6.408921278510889,0.016970865956342517
-1.9639850405783352,-6.408921278510889,0.01296792362558621
-1.8606174068636863,-6.408921278510889,0.007765580580882019
-1.757249773149037,-6.408921278510889,0.0033743296240614155
-1.6538821394343879,-6.408921278510889,0.0012715860529416538
-1.550514505719738,-6.408921278510889,0.002154050619536503
-1.447146872005089,-6.408921278510889,0.005953641304255824
-1.3437792382904399,-6.408921278510889,0.012027750842344346
-1.2404116045757907,-6.408921278510889,0.01939987560676745
-1.1370439708611417,-6.408921278510889,0.026951612229526852
-1.0336763371464925,-6.408921278510889,0.03353114269449731
-0.9303087034318435,-6.408921278510889,0.03801111170221841
-0.8269410697171936,-6.408921278510889,0.039365779906130126
-0.7235734360025445,-6.408921278510889,0.03682517456086552
-0.6202058022878953,-6.408921278510889,0.03010837143093258
-0.5168381685732463,-6.408921278510889,0.01966638396617168
-0.4134705348585972,-6.408921278510889,0.006814602940178625
-0.31010290114394806,-6.408921278510889,-0.006364063086406259
-0.2067352674292982,-6.408921278510889,-0.01740153997503435
-0.1033676337146491,-6.408921278510889,-0.02406191286631655
0.,-6.408921278510889,-0.02503203599433977
0.1033676337146491,-6.408921278510889,-0.02045534871531836
0.2067352674292982,-6.408921278510889,-0.012089115536108377
0.31010290114394734,-6.408921278510889,-0.0029629111454896368
0.4134705348585964,-6.408921278510889,0.0034240200432094385
0.5168381685732455,-6.408921278510889,0.0041593784285025885
0.6202058022878947,-6.408921278510889,-0.0020956560151059508
0.7235734360025438,-6.408921278510889,-0.014528957282075273
0.8269410697171944,-6.408921278510889,-0.030244432774178546
0.9303087034318435,-6.408921278510889,-0.04501193514598034
1.0336763371464925,-6.408921278510889,-0.054509769002244066
1.1370439708611417,-6.408921278510889,-0.05568667735970293
1.2404116045757907,-6.408921278510889,-0.04780119918944595
1.3437792382904399,-6.408921278510889,-0.03277360771344702
1.447146872005089,-6.408921278510889,-0.01469267347971877
1.550514505719738,-6.408921278510889,0.001406707793441678
1.6538821394343872,-6.408921278510889,0.011128378725088947
1.7572497731490362,-6.408921278510889,0.012155245770770337
1.8606174068636854,-6.408921278510889,0.005061541358026646
1.9639850405783346,-6.408921278510889,-0.0067990333180675015
2.0673526742929837,-6.408921278510889,-0.0183299324237539
2.1707203080076343,-6.408921278510889,-0.024345744949240744
2.2740879417222835,-6.408921278510889,-0.021318870427741794
2.3774555754369326,-6.408921278510889,-0.008644355328797638
2.4808232091515814,-6.408921278510889,0.011011566876691995
2.5841908428662306,-6.408921278510889,0.032424511403892256
2.6875584765808798,-6.408921278510889,0.04938591478845595
2.790926110295529,-6.408921278510889,0.05664865550969284
2.894293744010178,-6.408921278510889,0.051621300112708365
2.997661377724827,-6.408921278510889,0.03525705654961368
3.101029011439476,-6.408921278510889,0.011836428287949681
3.2043966451541253,-6.408921278510889,-0.012301571541328443
3.3077642788687744,-6.408921278510889,-0.030682489583515396
3.411131912583425,-6.408921278510889,-0.038661448631514085
3.514499546298074,-6.408921278510889,-0.034802096742632904
3.6178671800127233,-6.408921278510889,-0.02123176869326237
3.7212348137273725,-6.408921278510889,-0.0028691994467271043
3.8246024474420213,-6.408921278510889,0.014211513786703564
3.9279700811566705,-6.408921278510889,0.024738226592227346
4.031337714871319,-6.408921278510889,0.025879023788472878
4.134705348585968,-6.408921278510889,0.0180359454830534
4.238072982300618,-6.408921278510889,0.004556445208596676
4.341440616015267,-6.408921278510889,-0.009511954987816817
4.444808249729916,-6.408921278510889,-0.01918226703658588
4.548175883444565,-6.408921278510889,-0.0211992539689138
4.651543517159214,-6.408921278510889,-0.015059958010194573
4.754911150873865,-6.408921278510889,-0.00305510196150553
4.858278784588514,-6.408921278510889,0.010655895177946122
4.961646418303163,-6.408921278510889,0.021591602867478923
5.065014052017812,-6.408921278510889,0.02656314524250395
5.168381685732461,-6.408921278510889,0.02478728310798916
5.27174931944711,-6.408921278510889,0.018110586490122753
5.3751169531617595,-6.408921278510889,0.010272643339764093
5.478484586876409,-6.408921278510889,0.005475269598659494
5.581852220591058,-6.408921278510889,0.006769736578390609
5.685219854305707,-6.408921278510889,0.014840168344811054
5.788587488020356,-6.408921278510889,0.027625424825305268
5.8919551217350055,-6.408921278510889,0.040930697382172046
5.995322755449654,-6.408921278510889,0.0498340984521336
6.098690389164305,-6.408921278510889,0.05041224584863215
6.202058022878954,-6.408921278510889,0.04118976481177086
6.305425656593603,-6.408921278510889,0.02380277321430257
6.408793290308252,-6.408921278510889,0.0026277921120151887
-6.408793290308252,-6.305551580470391,-0.02521859500032407
-6.305425656593603,-6.305551580470391,-0.03967427952383601
-6.202058022878954,-6.305551580470391,-0.0413866015522076
-6.098690389164304,-6.305551580470391,-0.029549974186671688
-5.995322755449655,-6.305551580470391,-0.007501596699553988
-5.8919551217350055,-6.305551580470391,0.018303988850046048
-5.788587488020356,-6.305551580470391,0.04034296445983162
-5.685219854305708,-6.305551580470391,0.05241314828880418
-5.581852220591058,-6.305551580470391,0.051571499022695214
-5.478484586876409,-6.305551580470391,0.038975819272799306
-5.3751169531617595,-6.305551580470391,0.019360295329826183
-5.27174931944711,-6.305551580470391,-0.0006622289685757711
-5.168381685732461,-6.305551580470391,-0.014882083217513855
-5.065014052017812,-6.305551580470391,-0.019575534623831867
-4.961646418303163,-6.305551580470391,-0.014679477545641187
-4.858278784588514,-6.305551580470391,-0.0036654294775915644
-4.754911150873865,-6.305551580470391,0.007829991220276852
-4.651543517159215,-6.305551580470391,0.014132026509554307
-4.548175883444566,-6.305551580470391,0.011664958699693912
-4.444808249729917,-6.305551580470391,0.00034813821095953517
-4.341440616015267,-6.305551580470391,-0.016246448384659336
-4.238072982300618,-6.305551580470391,-0.03204704694582357
-4.134705348585968,-6.305551580470391,-0.04056600414056379
-4.031337714871319,-6.305551580470391,-0.03721145853406121
-3.9279700811566705,-6.305551580470391,-0.021037615888849646
-3.8246024474420213,-6.305551580470391,0.004674886549978513
-3.7212348137273725,-6.305551580470391,0.03323063029341831
-3.6178671800127233,-6.305551580470391,0.056483295655816994
-3.514499546298074,-6.305551580470391,0.06732929962155959
-3.411131912583425,-6.305551580470391,0.06193219341341101
-3.3077642788687753,-6.305551580470391,0.040965376560645556
-3.204396645154126,-6.305551580470391,0.00947905999555936
-3.101029011439477,-6.305551580470391,-0.024560042036092904
-2.9976613777248278,-6.305551580470391,-0.05258789537214178
-2.8942937440101786,-6.305551580470391,-0.06789184087453844
-2.790926110295529,-6.305551580470391,-0.0674382039500986
-2.6875584765808798,-6.305551580470391,-0.05254661156102481
-2.5841908428662306,-6.305551580470391,-0.02825818887402506
-2.4808232091515814,-6.305551580470391,-0.0016565943766363288
-2.3774555754369326,-6.305551580470391,0.020289112251705998
-2.2740879417222835,-6.305551580470391,0.03267753329543194
-2.1707203080076334,-6.305551580470391,0.03385127392012347
-2.067352674292984,-6.305551580470391,0.02550783275458788
-1.9639850405783352,-6.305551580470391,0.01181141089207663
-1.8606174068636863,-6.305551580470391,-0.002122195728308611
-1.757249773149037,-6.305551580470391,-0.011835300099802005
-1.6538821394343879,-6.305551580470391,-0.014726899288217235
-1.550514505719738,-6.305551580470391,-0.01052309573689683
-1.447146872005089,-6.305551580470391,-0.0009754421511772467
-1.3437792382904399,-6.305551580470391,0.010999588261680491
-1.2404116045757907,-6.305551580470391,0.022372205444061145
-1.1370439708611417,-6.305551580470391,0.030865362065141434
-1.0336763371464925,-6.305551580470391,0.03538330201114295
-0.9303087034318435,-6.305551580470391,0.03594930318806963
-0.8269410697171936,-6.305551580470391,0.033290509978380345
-0.7235734360025445,-6.305551580470391,0.028319657665476596
-0.6202058022878953,-6.305551580470391,0.021760447735578132
-0.5168381685732463,-6.305551580470391,0.014057288449339714
-0.4134705348585972,-6.305551580470391,0.005553430382431815
-0.31010290114394806,-6.305551580470391,-0.0032155546070195265
-0.2067352674292982,-6.305551580470391,-0.01132414999578388
-0.1033676337146491,-6.305551580470391,-0.017520937430387296
0.,-6.305551580470391,-0.020590980329901885
0.1033676337146491,-6.305551580470391,-0.019896375454109435
0.2067352674292982,-6.305551580470391,-0.015859799251684993
0.31010290114394734,-6.305551580470391,-0.010137343138810375
0.4134705348585964,-6.305551580470391,-0.0053214834609187165
0.5168381685732455,-6.305551580470391,-0.004192777653778508
0.6202058022878947,-6.305551580470391,-0.008733181156277081
0.7235734360025438,-6.305551580470391,-0.019246111321471835
0.8269410697171944,-6.305551580470391,-0.03393855600430403
0.9303087034318435,-6.305551580470391,-0.04919215807874539
1.0336763371464925,-6.305551580470391,-0.06051963845768108
1.1370439708611417,-6.305551580470391,-0.06394879799924214
1.2404116045757907,-6.305551580470391,-0.057392422532679406
1.3437792382904399,-6.305551580470391,-0.04152316776481834
1.447146872005089,-6.305551580470391,-0.019804033150193554
1.550514505719738,-6.305551580470391,0.002407536657532401
1.6538821394343872,-6.305551580470391,0.019447240081663448
1.7572497731490362,-6.305551580470391,0.02713250641682977
1.8606174068636854,-6.305551580470391,0.024160575808684217
1.9639850405783346,-6.305551580470391,0.012623443412849966
2.0673526742929837,-6.305551580470391,-0.0025782571517318953
2.1707203080076343,-6.305551580470391,-0.015276753650367254
2.2740879417222835,-6.305551580470391,-0.020057839692918737
2.3774555754369326,-6.305551580470391,-0.014102799173715992
2.4808232091515814,-6.305551580470391,0.0017710907773753398
2.5841908428662306,-6.305551580470391,0.023245878674166637
2.6875584765808798,-6.305551580470391,0.04380521632130054
2.790926110295529,-6.305551580470391,0.05680318352831529
2.894293744010178,-6.305551580470391,0.05763254213110085
2.997661377724827,-6.305551580470391,0.04527716881155617
3.101029011439476,-6.305551580470391,0.022724971217195244
3.2043966451541253,-6.305551580470391,-0.003911481915151631
3.3077642788687744,-6.305551580470391,-0.027291689372198034
3.411131912583425,-6.305551580470391,-0.04114580809912518
3.514499546298074,-6.305551580470391,-0.042222360627961475
3.6178671800127233,-6.305551580470391,-0.03124669966262462
3.7212348137273725,-6.305551580470391,-0.012580988408988018
3.8246024474420213,-6.305551580470391,0.007290018600943259
3.9279700811566705,-6.305551580470391,0.02193174793963876
4.031337714871319,-6.305551580470391,0.02705913435456902
4.134705348585968,-6.305551580470391,0.021862647946259757
4.238072982300618,-6.305551580470391,0.009130454668279844
4.341440616015267,-6.305551580470391,-0.0058500054271116144
4.444808249729916,-6.305551580470391,-0.017211489317830942
4.548175883444565,-6.305551580470391,-0.020572164980519687
4.651543517159214,-6.305551580470391,-0.014530255415970689
4.754911150873865,-6.305551580470391,-0.0010786520937773546
4.858278784588514,-6.305551580470391,0.015187949129148623
4.961646418303163,-6.305551580470391,0.02877700352381214
5.065014052017812,-6.305551580470391,0.035298868765907626
5.168381685732461,-6.305551580470391,0.0330488626879797
5.27174931944711,-6.305551580470391,0.023605881344308157
5.3751169531617595,-6.305551580470391,0.011232745305370634
5.478484586876409,-6.305551580470391,0.0012899759650807385
5.581852220591058,-6.305551580470391,-0.001771893473985333
5.685219854305707,-6.305551580470391,0.003879178089772568
5.788587488020356,-6.305551580470391,0.016669760360518794
5.8919551217350055,-6.305551580470391,0.032058310431143336
5.995322755449654,-6.305551580470391,0.04406930937103558
6.098690389164305,-6.305551580470391,0.04740540784379339
6.202058022878954,-6.305551580470391,0.03940432040704697
6.305425656593603,-6.305551580470391,0.021146466633792823
6.408793290308252,-6.305551580470391,-0.0026983831907251496
-6.408793290308252,-6.202181882429893,-0.031469223146540576
-6.305425656593603,-6.202181882429893,-0.046005477093575685
-6.202058022878954,-6.202181882429893,-0.04783368494318623
-6.098690389164304,-6.202181882429893,-0.03585749269261781
-5.995322755449655,-6.202181882429893,-0.01317759685174498
-5.8919551217350055,-6.202181882429893,0.013858431530028876
-5.788587488020356,-6.202181882429893,0.037687124147896885
-5.685219854305708,-6.202181882429893,0.05195795721454189
-5.581852220591058,-6.202181882429893,0.05353744882815736
-5.478484586876409,-6.202181882429893,0.04340982015690916
-5.3751169531617595,-6.202181882429893,0.026174830316354328
-5.27174931944711,-6.202181882429893,0.008327686136042931
-5.168381685732461,-6.202181882429893,-0.004072506891965832
-5.065014052017812,-6.202181882429893,-0.007527352718976502
-4.961646418303163,-6.202181882429893,-0.0022709949667310764
-4.858278784588514,-6.202181882429893,0.007923256977222811
-4.754911150873865,-6.202181882429893,0.01723422219650595
-4.651543517159215,-6.202181882429893,0.020054995211464758
-4.548175883444566,-6.202181882429893,0.013219550299476118
-4.444808249729917,-6.202181882429893,-0.0026123464656854127
-4.341440616015267,-6.202181882429893,-0.022935299721083817
-4.238072982300618,-6.202181882429893,-0.0407965235316949
-4.134705348585968,-6.202181882429893,-0.04916783513223997
-4.031337714871319,-6.202181882429893,-0.04349432866334282
-3.9279700811566705,-6.202181882429893,-0.02353791722777171
-3.8246024474420213,-6.202181882429893,0.0061500421984359835
-3.7212348137273725,-6.202181882429893,0.037345703666777315
-3.6178671800127233,-6.202181882429893,0.060548523248849816
-3.514499546298074,-6.202181882429893,0.06791112391076859
-3.411131912583425,-6.202181882429893,0.055766248776275264
-3.3077642788687753,-6.202181882429893,0.02592907597834619
-3.204396645154126,-6.202181882429893,-0.014661138426897077
-3.101029011439477,-6.202181882429893,-0.055867014739503375
-2.9976613777248278,-6.202181882429893,-0.08725501088607336
-2.8942937440101786,-6.202181882429893,-0.1010764581763969
-2.790926110295529,-6.202181882429893,-0.09441576041218055
-2.6875584765808798,-6.202181882429893,-0.06986966701936652
-2.5841908428662306,-6.202181882429893,-0.03459331338963608
-2.4808232091515814,-6.202181882429893,0.0019403732462839926
-2.3774555754369326,-6.202181882429893,0.030736830026733258
-2.2740879417222835,-6.202181882429893,0.04576179477850058
-2.1707203080076334,-6.202181882429893,0.04538135030763136
-2.067352674292984,-6.202181882429893,0.03239731656396637
-1.9639850405783352,-6.202181882429893,0.012774473857761337
-1.8606174068636863,-6.202181882429893,-0.006443807737834076
-1.757249773149037,-6.202181882429893,-0.019320363919132975
-1.6538821394343879,-6.202181882429893,-0.022627475709665775
-1.550514505719738,-6.202181882429893,-0.01643357334174455
-1.447146872005089,-6.202181882429893,-0.0036061510865862713
-1.3437792382904399,-6.202181882429893,0.01147933721791367
-1.2404116045757907,-6.202181882429893,0.0245075022091482
-1.1370439708611417,-6.202181882429893,0.03251962259628521
-1.0336763371464925,-6.202181882429893,0.03454930518981523
-0.9303087034318435,-6.202181882429893,0.0314846327566221
-0.8269410697171936,-6.202181882429893,0.02533096916366028
-0.7235734360025445,-6.202181882429893,0.018241226911815074
-0.6202058022878953,-6.202181882429893,0.011716745779483837
-0.5168381685732463,-6.202181882429893,0.006261776228564364
-0.4134705348585972,-6.202181882429893,0.0015563317971003209
-0.31010290114394806,-6.202181882429893,-0.003011954364778984
-0.2067352674292982,-6.202181882429893,-0.007756926837390781
-0.1033676337146491,-6.202181882429893,-0.012348455243349746
0.,-6.202181882429893,-0.01588894066506906
0.1033676337146491,-6.202181882429893,-0.017384572596421365
0.2067352674292982,-6.202181882429893,-0.016391468531019318
0.31010290114394734,-6.202181882429893,-0.013517362980790426
0.4134705348585964,-6.202181882429893,-0.010498011247542667
0.5168381685732455,-6.202181882429893,-0.009733093275987816
0.6202058022878947,-6.202181882429893,-0.013395969337097564
0.7235734360025438,-6.202181882429893,-0.022433389302314175
0.8269410697171944,-6.202181882429893,-0.035860230661646
0.9303087034318435,-6.202181882429893,-0.050686080608787494
1.0336763371464925,-6.202181882429893,-0.06260013800806488
1.1370439708611417,-6.202181882429893,-0.06726012393467512
1.2404116045757907,-6.202181882429893,-0.06178295016252858
1.3437792382904399,-6.202181882429893,-0.04591695814525694
1.447146872005089,-6.202181882429893,-0.022441594545255277
1.550514505719738,-6.202181882429893,0.003421144856964071
1.6538821394343872,-6.202181882429893,0.02546438949788119
1.7572497731490362,-6.202181882429893,0.03838867112431368
1.8606174068636854,-6.202181882429893,0.03951309575838905
1.9639850405783346,-6.202181882429893,0.02971493313360633
2.0673526742929837,-6.202181882429893,0.013240493588529918
2.1707203080076343,-6.202181882429893,-0.0036006997685572627
2.2740879417222835,-6.202181882429893,-0.014464920656497285
2.3774555754369326,-6.202181882429893,-0.015071567091930244
2.4808232091515814,-6.202181882429893,-0.0046679363633351035
2.5841908428662306,-6.202181882429893,0.01364700191500797
2.6875584765808798,-6.202181882429893,0.03387661959672255
2.790926110295529,-6.202181882429893,0.04906729687839278
2.894293744010178,-6.202181882429893,0.05360592883643194
2.997661377724827,-6.202181882429893,0.04511292018792902
3.101029011439476,-6.202181882429893,0.02529375274775122
3.2043966451541253,-6.202181882429893,-0.0005457925647738267
3.3077642788687744,-6.202181882429893,-0.025169894163715855
3.411131912583425,-6.202181882429893,-0.04171888150118424
3.514499546298074,-6.202181882429893,-0.045886580470652444
3.6178671800127233,-6.202181882429893,-0.037246845471995645
3.7212348137273725,-6.202181882429893,-0.0192947200469555
3.8246024474420213,-6.202181882429893,0.001797822291361239
3.9279700811566705,-6.202181882429893,0.019278376699785472
4.031337714871319,-6.202181882429893,0.02804597003376817
4.134705348585968,-6.202181882429893,0.026264137068229575
4.238072982300618,-6.202181882429893,0.015822084769922536
4.341440616015267,-6.202181882429893,0.0015128018669477805
4.444808249729916,-6.202181882429893,-0.010759889567890694
4.548175883444565,-6.202181882429893,-0.016102738389354943
4.651543517159214,-6.202181882429893,-0.01233635700333779
4.754911150873865,-6.202181882429893,-0.0006912936384200618
4.858278784588514,-6.202181882429893,0.014729956123350112
4.961646418303163,-6.202181882429893,0.028512903697947938
5.065014052017812,-6.202181882429893,0.03594002719455795
5.168381685732461,-6.202181882429893,0.034720001358956185
5.27174931944711,-6.202181882429893,0.025812426753885686
5.3751169531617595,-6.202181882429893,0.013049954286013422
5.478484586876409,-6.202181882429893,0.0016932474848247482
5.581852220591058,-6.202181882429893,-0.003559295008707033
5.685219854305707,-6.202181882429893,-0.00038355488868524945
5.788587488020356,-6.202181882429893,0.010203778457406226
5.8919551217350055,-6.202181882429893,0.024095305746407156
5.995322755449654,-6.202181882429893,0.03549807933186901
6.098690389164305,-6.202181882429893,0.03901542815910163
6.202058022878954,-6.202181882429893,0.03167431480122772
6.305425656593603,-6.202181882429893,0.014170140047249133
6.408793290308252,-6.202181882429893,-0.009137976891868632
-6.408793290308252,-6.098812184389395,-0.034654183997928974
-6.305425656593603,-6.098812184389395,-0.0468178648575217
-6.202058022878954,-6.098812184389395,-0.048170737398267605
-6.098690389164304,-6.098812184389395,-0.03775015255818579
-5.995322755449655,-6.098812184389395,-0.01807954455228499
-5.8919551217350055,-6.098812184389395,0.005605076441024081
-5.788587488020356,-6.098812184389395,0.027039133497374784
-5.685219854305708,-6.098812184389395,0.040949856823760615
-5.581852220591058,-6.098812184389395,0.04471739371495467
-5.478484586876409,-6.098812184389395,0.03910335781258581
-5.3751169531617595,-6.098812184389395,0.027798967009254074
-5.27174931944711,-6.098812184389395,0.015960492066832137
-5.168381685732461,-6.098812184389395,0.008259305041508515
-5.065014052017812,-6.098812184389395,0.00714935328823566
-4.961646418303163,-6.098812184389395,0.011981903000962562
-4.858278784588514,-6.098812184389395,0.019298492894494743
-4.754911150873865,-6.098812184389395,0.02421105028826683
-4.651543517159215,-6.098812184389395,0.022380965103334847
-4.548175883444566,-6.098812184389395,0.011878147953751932
-4.444808249729917,-6.098812184389395,-0.005777958020122348
-4.341440616015267,-6.098812184389395,-0.025822515499003516
-4.238072982300618,-6.098812184389395,-0.041690354681367746
-4.134705348585968,-6.098812184389395,-0.047253572360549966
-4.031337714871319,-6.098812184389395,-0.03910142325123552
-3.9279700811566705,-6.098812184389395,-0.01806164048153762
-3.8246024474420213,-6.098812184389395,0.01061274690154134
-3.7212348137273725,-6.098812184389395,0.03853659059854917
-3.6178671800127233,-6.098812184389395,0.05661708756332859
-3.514499546298074,-6.098812184389395,0.05786887830101149
-3.411131912583425,-6.098812184389395,0.039723491259680985
-3.3077642788687753,-6.098812184389395,0.005073885304404646
-3.204396645154126,-6.098812184389395,-0.03831646658034157
-3.101029011439477,-6.098812184389395,-0.07989538942237852
-2.9976613777248278,-6.098812184389395,-0.10927642296136221
-2.8942937440101786,-6.098812184389395,-0.11916970763742188
-2.790926110295529,-6.098812184389395,-0.10740109368165882
-2.6875584765808798,-6.098812184389395,-0.07742062191965729
-2.5841908428662306,-6.098812184389395,-0.037176323675046946
-2.4808232091515814,-6.098812184389395,0.003265689867739606
-2.3774555754369326,-6.098812184389395,0.034600872503710266
-2.2740879417222835,-6.098812184389395,0.050786449294637784
-2.1707203080076334,-6.098812184389395,0.05043793737119747
-2.067352674292984,-6.098812184389395,0.03677316602963647
-1.9639850405783352,-6.098812184389395,0.01622171945624122
-1.8606174068636863,-6.098812184389395,-0.0037781211947506875
-1.757249773149037,-6.098812184389395,-0.01705814363691989
-1.6538821394343879,-6.098812184389395,-0.020371477612259728
-1.550514505719738,-6.098812184389395,-0.013969311372235758
-1.447146872005089,-6.098812184389395,-0.0010367454645623902
-1.3437792382904399,-6.098812184389395,0.013706880556511506
-1.2404116045757907,-6.098812184389395,0.025697943975385128
-1.1370439708611417,-6.098812184389395,0.03192581609928515
-1.0336763371464925,-6.098812184389395,0.031616046190608406
-0.9303087034318435,-6.098812184389395,0.02606766075220576
-0.8269410697171936,-6.098812184389395,0.017819675760632037
-0.7235734360025445,-6.098812184389395,0.009536782718762436
-0.6202058022878953,-6.098812184389395,0.003057867855811152
-0.5168381685732463,-6.098812184389395,-0.0010629246455244813
-0.4134705348585972,-6.098812184389395,-0.0034193395968071714
-0.31010290114394806,-6.098812184389395,-0.005162701658655673
-0.2067352674292982,-6.098812184389395,-0.007269890390559478
-0.1033676337146491,-6.098812184389395,-0.010013118385131544
0.,-6.098812184389395,-0.012863493119183826
0.1033676337146491,-6.098812184389395,-0.014855954433079965
0.2067352674292982,-6.098812184389395,-0.015231734778015645
0.31010290114394734,-6.098812184389395,-0.01404323510408545
0.4134705348585964,-6.098812184389395,-0.012409822789181565
0.5168381685732455,-6.098812184389395,-0.012252313741439572
0.6202058022878947,-6.098812184389395,-0.015555046053310692
0.7235734360025438,-6.098812184389395,-0.0234195523166273
0.8269410697171944,-6.098812184389395,-0.035294497783095236
0.9303087034318435,-6.098812184389395,-0.04873838019596675
1.0336763371464925,-6.098812184389395,-0.05989626988482579
1.1370439708611417,-6.098812184389395,-0.06460887409675826
1.2404116045757907,-6.098812184389395,-0.059817707031059604
1.3437792382904399,-6.098812184389395,-0.044782316020960035
1.447146872005089,-6.098812184389395,-0.02164748142761657
1.550514505719738,-6.098812184389395,0.004906994763400717
1.6538821394343872,-6.098812184389395,0.028894819951782093
1.7572497731490362,-6.098812184389395,0.044777813827930384
1.8606174068636854,-6.098812184389395,0.04918714921478008
1.9639850405783346,-6.098812184389395,0.04203017612119995
2.0673526742929837,-6.098812184389395,0.026582279722606256
2.1707203080076343,-6.098812184389395,0.008491146673456776
2.2740879417222835,-6.098812184389395,-0.006012759737641907
2.3774555754369326,-6.098812184389395,-0.01212701306338138
2.4808232091515814,-6.098812184389395,-0.008045326810868638
2.5841908428662306,-6.098812184389395,0.004448322522760293
2.6875584765808798,-6.098812184389395,0.02057384391959588
2.790926110295529,-6.098812184389395,0.03415527469552449
2.894293744010178,-6.098812184389395,0.039703353641911944
2.997661377724827,-6.098812184389395,0.034287779379815676
3.101029011439476,-6.098812184389395,0.01857047662615594
3.2043966451541253,-6.098812184389395,-0.003351161981414458
3.3077642788687744,-6.098812184389395,-0.025243571162900262
3.411131912583425,-6.098812184389395,-0.04074706900205264
3.514499546298074,-6.098812184389395,-0.04542594409722171
3.6178671800127233,-6.098812184389395,-0.03817605938848442
3.7212348137273725,-6.098812184389395,-0.02152693392935493
3.8246024474420213,-6.098812184389395,-0.0007507017662345119
3.9279700811566705,-6.098812184389395,0.017907071247403438
4.031337714871319,-6.098812184389395,0.029267855376631798
4.134705348585968,-6.098812184389395,0.030843092631304178
4.238072982300618,-6.098812184389395,0.023505066434768088
4.341440616015267,-6.098812184389395,0.011006259517065768
4.444808249729916,-6.098812184389395,-0.0014539677137458515
4.548175883444565,-6.098812184389395,-0.009093662804474385
4.651543517159214,-6.098812184389395,-0.009185485569998403
4.754911150873865,-6.098812184389395,-0.0019040963175489915
4.858278784588514,-6.098812184389395,0.009888412647810827
4.961646418303163,-6.098812184389395,0.021809856532462035
5.065014052017812,-6.098812184389395,0.029632411138643466
5.168381685732461,-6.098812184389395,0.03084557527746101
5.27174931944711,-6.098812184389395,0.025539536501587908
5.3751169531617595,-6.098812184389395,0.01629498016548323
5.478484586876409,-6.098812184389395,0.007130945024044281
5.581852220591058,-6.098812184389395,0.0019075889556229278
5.685219854305707,-6.098812184389395,0.0027814166679172364
5.788587488020356,-6.098812184389395,0.00929412782671696
5.8919551217350055,-6.098812184389395,0.018447975483345348
5.995322755449654,-6.098812184389395,0.025761655887547044
6.098690389164305,-6.098812184389395,0.026939881773937094
6.202058022878954,-6.098812184389395,0.019557126410586302
6.305425656593603,-6.098812184389395,0.004136853008580302
6.408793290308252,-6.098812184389395,-0.01578855622618697
-6.408793290308252,-5.995442486348897,-0.034370813463309134
-6.305425656593603,-5.995442486348897,-0.042717683013867344
-6.202058022878954,-5.995442486348897,-0.04340246838925514
-6.098690389164304,-5.995442486348897,-0.03587003589738884
-5.995322755449655,-5.995442486348897,-0.021844025495733336
-5.8919551217350055,-5.995442486348897,-0.004799458815439384
-5.788587488020356,-5.995442486348897,0.011155992012698372
-5.685219854305708,-5.995442486348897,0.022603230917721644
-5.581852220591058,-5.995442486348897,0.027869872638889615
-5.478484586876409,-5.995442486348897,0.027450354108316102
-5.3751169531617595,-5.995442486348897,0.023640988050994946
-5.27174931944711,-5.995442486348897,0.01952765511326869
-5.168381685732461,-5.995442486348897,0.01770291479028626
-5.065014052017812,-5.995442486348897,0.01919479409616839
-4.961646418303163,-5.995442486348897,0.023019970468837622
-4.858278784588514,-5.995442486348897,0.026550532247082627
-4.754911150873865,-5.995442486348897,0.026583271936928696
-4.651543517159215,-5.995442486348897,0.020730648021034897
-4.548175883444566,-5.995442486348897,0.008612368223718313
-4.444808249729917,-5.995442486348897,-0.007628368961765506
-4.341440616015267,-5.995442486348897,-0.023738598717279295
-4.238072982300618,-5.995442486348897,-0.034628583308003565
-4.134705348585968,-5.995442486348897,-0.03611583190855232
-4.031337714871319,-5.995442486348897,-0.02655511614859217
-3.9279700811566705,-5.995442486348897,-0.007768006797376503
-3.8246024474420213,-5.995442486348897,0.015111601482587517
-3.7212348137273725,-5.995442486348897,0.0349136706430743
-3.6178671800127233,-5.995442486348897,0.044491547587043476
-3.514499546298074,-5.995442486348897,0.03894672478812402
-3.411131912583425,-5.995442486348897,0.017314716007648463
-3.3077642788687753,-5.995442486348897,-0.01684959380799765
-3.204396645154126,-5.995442486348897,-0.0562187357698762
-3.101029011439477,-5.995442486348897,-0.09158965199375575
-2.9976613777248278,-5.995442486348897,-0.11438513311838892
-2.8942937440101786,-5.995442486348897,-0.11901817084661821
-2.790926110295529,-5.995442486348897,-0.10441423713967442
-2.6875584765808798,-5.995442486348897,-0.07424410470570385
-2.5841908428662306,-5.995442486348897,-0.03581558137767945
-2.4808232091515814,-5.995442486348897,0.0020205675740034724
-2.3774555754369326,-5.995442486348897,0.03130632323524831
-2.2740879417222835,-5.995442486348897,0.04702764905656967
-2.1707203080076334,-5.995442486348897,0.04820076683333394
-2.067352674292984,-5.995442486348897,0.03773283049601695
-1.9639850405783352,-5.995442486348897,0.021182665472260706
-1.8606174068636863,-5.995442486348897,0.004874523113170379
-1.757249773149037,-5.995442486348897,-0.006015427802962684
-1.6538821394343879,-5.995442486348897,-0.008818870753348685
-1.550514505719738,-5.995442486348897,-0.00382045394188446
-1.447146872005089,-5.995442486348897,0.006253549314225228
-1.3437792382904399,-5.995442486348897,0.017437153916593163
-1.2404116045757907,-5.995442486348897,0.025955392358718722
-1.1370439708611417,-5.995442486348897,0.02939494279445412
-1.0336763371464925,-5.995442486348897,0.027263771974658055
-0.9303087034318435,-5.995442486348897,0.020832604909934896
-0.8269410697171936,-5.995442486348897,0.012408424565617231
-0.7235734360025445,-5.995442486348897,0.004370646375752211
-0.6202058022878953,-5.995442486348897,-0.0016534827112095753
-0.5168381685732463,-5.995442486348897,-0.005192249226151395
-0.4134705348585972,-5.995442486348897,-0.006819407355877677
-0.31010290114394806,-5.995442486348897,-0.007646272446001285
-0.2067352674292982,-5.995442486348897,-0.008677675956666261
-0.1033676337146491,-5.995442486348897,-0.010325510687061255
0.,-5.995442486348897,-0.01228489739509445
0.1033676337146491,-5.995442486348897,-0.013808728745480666
0.2067352674292982,-5.995442486348897,-0.014236924501533826
0.31010290114394734,-5.995442486348897,-0.013520297703249837
0.4134705348585964,-5.995442486348897,-0.012473091325189567
0.5168381685732455,-5.995442486348897,-0.012596747970174377
0.6202058022878947,-5.995442486348897,-0.01549860884026162
0.7235734360025438,-5.995442486348897,-0.022111538902656065
0.8269410697171944,-5.995442486348897,-0.03202992073884927
0.9303087034318435,-5.995442486348897,-0.04326602321465564
1.0336763371464925,-5.995442486348897,-0.052595622796262835
1.1370439708611417,-5.995442486348897,-0.05644789551285816
1.2404116045757907,-5.995442486348897,-0.05207936895748062
1.3437792382904399,-5.995442486348897,-0.0386369497389992
1.447146872005089,-5.995442486348897,-0.017716560865652764
1.550514505719738,-5.995442486348897,0.006830189655929644
1.6538821394343872,-5.995442486348897,0.02984321996550435
1.7572497731490362,-5.995442486348897,0.046294569884149143
1.8606174068636854,-5.995442486348897,0.05277560207341702
1.9639850405783346,-5.995442486348897,0.048543477013020496
2.0673526742929837,-5.995442486348897,0.03576539372970721
2.1707203080076343,-5.995442486348897,0.018854031759143772
2.2740879417222835,-5.995442486348897,0.003087941599544364
2.3774555754369326,-5.995442486348897,-0.00704577884069654
2.4808232091515814,-5.995442486348897,-0.009247463014045517
2.5841908428662306,-5.995442486348897,-0.0040787150829301785
2.6875584765808798,-5.995442486348897,0.005311564245485427
2.790926110295529,-5.995442486348897,0.014320128359993977
2.894293744010178,-5.995442486348897,0.018504447963832226
2.997661377724827,-5.995442486348897,0.015139619718475132
3.101029011439476,-5.995442486348897,0.00419459360404202
3.2043966451541253,-5.995442486348897,-0.011600835276231092
3.3077642788687744,-5.995442486348897,-0.027621705143686025
3.411131912583425,-5.995442486348897,-0.038856626274238054
3.514499546298074,-5.995442486348897,-0.04155507582653311
3.6178671800127233,-5.995442486348897,-0.03446457025989578
3.7212348137273725,-5.995442486348897,-0.019249795183571457
3.8246024474420213,-5.995442486348897,0.000037411794218874015
3.9279700811566705,-5.995442486348897,0.018250405719829884
4.031337714871319,-5.995442486348897,0.030764747212387835
4.134705348585968,-5.995442486348897,0.03488267363160153
4.238072982300618,-5.995442486348897,0.03057105966671289
4.341440616015267,-5.995442486348897,0.020313444739775467
4.444808249729916,-5.995442486348897,0.008159669145971582
4.548175883444565,-5.995442486348897,-0.0016769620786235995
4.651543517159214,-5.995442486348897,-0.006185764875557726
4.754911150873865,-5.995442486348897,-0.004431361510849317
4.858278784588514,-5.995442486348897,0.002334973778860387
4.961646418303163,-5.995442486348897,0.011318196875927883
5.065014052017812,-5.995442486348897,0.019306619690720374
5.168381685732461,-5.995442486348897,0.023854751495528983
5.27174931944711,-5.995442486348897,0.024092491461997358
5.3751169531617595,-5.995442486348897,0.02088450865003703
5.478484586876409,-5.995442486348897,0.016312314844183905
5.581852220591058,-5.995442486348897,0.012703864434386005
5.685219854305707,-5.995442486348897,0.011599742456205537
5.788587488020356,-5.995442486348897,0.013062387096576748
5.8919551217350055,-5.995442486348897,0.015600502608892463
5.995322755449654,-5.995442486348897,0.016745308610274408
6.098690389164305,-5.995442486348897,0.014065753392580331
6.202058022878954,-5.995442486348897,0.006238516148272645
6.305425656593603,-5.995442486348897,-0.006240745341154848
6.408793290308252,-5.995442486348897,-0.02099389275153941
-6.408793290308252,-5.892072788308399,-0.03048549539300551
-6.305425656593603,-5.892072788308399,-0.0350603591549355
-6.202058022878954,-5.892072788308399,-0.03550504254396346
-6.098690389164304,-5.892072788308399,-0.031683523636184374
-5.995322755449655,-5.892072788308399,-0.024424862387665003
-5.8919551217350055,-5.892072788308399,-0.015273746292737795
-5.788587488020356,-5.892072788308399,-0.005998656975715855
-5.685219854305708,-5.892072788308399,0.0019632972896928692
-5.581852220591058,-5.892072788308399,0.007917543373171547
-5.478484586876409,-5.892072788308399,0.012023095031759886
-5.3751169531617595,-5.892072788308399,0.015060888910815005
-5.27174931944711,-5.892072788308399,0.01795086626652635
-5.168381685732461,-5.892072788308399,0.021212837425827785
-5.065014052017812,-5.892072788308399,0.024597842939457104
-4.961646418303163,-5.892072788308399,0.02706075499047618
-4.858278784588514,-5.892072788308399,0.027118120075409695
-4.754911150873865,-5.892072788308399,0.02348229772163796
-4.651543517159215,-5.892072788308399,0.01574066455071458
-4.548175883444566,-5.892072788308399,0.004805624720735159
-4.444808249729917,-5.892072788308399,-0.007080663933378575
-4.341440616015267,-5.892072788308399,-0.016857725467149212
-4.238072982300618,-5.892072788308399,-0.02155994915474666
-4.134705348585968,-5.892072788308399,-0.019356237215817643
-4.031337714871319,-5.892072788308399,-0.010364161183261488
-3.9279700811566705,-5.892072788308399,0.0030723064690337688
-3.8246024474420213,-5.892072788308399,0.016799655116273855
-3.7212348137273725,-5.892072788308399,0.025905210322494137
-3.6178671800127233,-5.892072788308399,0.026124861644411464
-3.514499546298074,-5.892072788308399,0.015193938206949864
-3.411131912583425,-5.892072788308399,-0.006283769416026975
-3.3077642788687753,-5.892072788308399,-0.03474767002132318
-3.204396645154126,-5.892072788308399,-0.06444383147706206
-3.101029011439477,-5.892072788308399,-0.0888521668175897
-2.9976613777248278,-5.892072788308399,-0.10238090901043716
-2.8942937440101786,-5.892072788308399,-0.10184199360183173
-2.790926110295529,-5.892072788308399,-0.08727988278275835
-2.6875584765808798,-5.892072788308399,-0.06191701092051685
-2.5841908428662306,-5.892072788308399,-0.031241976118849647
-2.4808232091515814,-5.892072788308399,-0.0015193302546816561
-2.3774555754369326,-5.892072788308399,0.021836438637311557
-2.2740879417222835,-5.892072788308399,0.03555491988509719
-2.1707203080076334,-5.892072788308399,0.03912190023358488
-2.067352674292984,-5.892072788308399,0.03457970327442107
-1.9639850405783352,-5.892072788308399,0.025635461393756255
-1.8606174068636863,-5.892072788308399,0.01639664091902497
-1.757249773149037,-5.892072788308399,0.010142157458870002
-1.6538821394343879,-5.892072788308399,0.00849338919388579
-1.550514505719738,-5.892072788308399,0.011193971963234838
-1.447146872005089,-5.892072788308399,0.016497305325697258
-1.3437792382904399,-5.892072788308399,0.021967946826225493
-1.2404116045757907,-5.892072788308399,0.02538954010417796
-1.1370439708611417,-5.892072788308399,0.025469558802580686
-1.0336763371464925,-5.892072788308399,0.02213250824921261
-0.9303087034318435,-5.892072788308399,0.01635600950552226
-0.8269410697171936,-5.892072788308399,0.009667590711226512
-0.7235734360025445,-5.892072788308399,0.003526809759100956
-0.6202058022878953,-5.892072788308399,-0.001166186724551745
-0.5168381685732463,-5.892072788308399,-0.004267801956051542
-0.4134705348585972,-5.892072788308399,-0.006255826355512747
-0.31010290114394806,-5.892072788308399,-0.007858307889777198
-0.2067352674292982,-5.892072788308399,-0.009630227431748404
-0.1033676337146491,-5.892072788308399,-0.01167071806615749
0.,-5.892072788308399,-0.013603487080230407
0.1033676337146491,-5.892072788308399,-0.014823894595375154
0.2067352674292982,-5.892072788308399,-0.014896382994799312
0.31010290114394734,-5.892072788308399,-0.013914150727957647
0.4134705348585964,-5.892072788308399,-0.0126389974394284
0.5168381685732455,-5.892072788308399,-0.01232279677495705
0.6202058022878947,-5.892072788308399,-0.014242275397693816
0.7235734360025438,-5.892072788308399,-0.019105647850518416
0.8269410697171944,-5.892072788308399,-0.02656253402000925
0.9303087034318435,-5.892072788308399,-0.03503546750907879
1.0336763371464925,-5.892072788308399,-0.0419915574075474
1.1370439708611417,-5.892072788308399,-0.04461862792593389
1.2404116045757907,-5.892072788308399,-0.04071564500824279
1.3437792382904399,-5.892072788308399,-0.029509605040993585
1.447146872005089,-5.892072788308399,-0.012109595075545604
1.550514505719738,-5.892072788308399,0.008590136996850921
1.6538821394343872,-5.892072788308399,0.028572581227430026
1.7572497731490362,-5.892072788308399,0.043751228676958735
1.8606174068636854,-5.892072788308399,0.05110007656205714
1.9639850405783346,-5.892072788308399,0.04950646533368473
2.0673526742929837,-5.892072788308399,0.040070126515106795
2.1707203080076343,-5.892072788308399,0.02574375292424617
2.2740879417222835,-5.892072788308399,0.010421516109500007
2.3774555754369326,-5.892072788308399,-0.002237882614345066
2.4808232091515814,-5.892072788308399,-0.00987885364063902
2.5841908428662306,-5.892072788308399,-0.01206715146801853
2.6875584765808798,-5.892072788308399,-0.010265912340163337
2.790926110295529,-5.892072788308399,-0.007188347745547224
2.894293744010178,-5.892072788308399,-0.005751529098847886
2.997661377724827,-5.892072788308399,-0.00798651803108677
3.101029011439476,-5.892072788308399,-0.014272366122299944
3.2043966451541253,-5.892072788308399,-0.023151242064682075
3.3077642788687744,-5.892072788308399,-0.03178631946048216
3.411131912583425,-5.892072788308399,-0.03690879912958765
3.514499546298074,-5.892072788308399,-0.03593754888874858
3.6178671800127233,-5.892072788308399,-0.027898298320374052
3.7212348137273725,-5.892072788308399,-0.013837027340057486
3.8246024474420213,-5.892072788308399,0.003409728979736705
3.9279700811566705,-5.892072788308399,0.020013596017953817
4.031337714871319,-5.892072788308399,0.03226415767667127
4.134705348585968,-5.892072788308399,0.03763581670872846
4.238072982300618,-5.892072788308399,0.035479237617064924
4.341440616015267,-5.892072788308399,0.027133976890587552
4.444808249729916,-5.892072788308399,0.015449846480717634
4.548175883444565,-5.892072788308399,0.003892349502228079
4.651543517159214,-5.892072788308399,-0.004469681697103635
4.754911150873865,-5.892072788308399,-0.0077762122970032556
4.858278784588514,-5.892072788308399,-0.005754709305635486
4.961646418303163,-5.892072788308399,0.000411709285926719
5.065014052017812,-5.892072788308399,0.00863271952276132
5.168381685732461,-5.892072788308399,0.016654380657633312
5.27174931944711,-5.892072788308399,0.022733315308489366
5.3751169531617595,-5.892072788308399,0.026027713256649505
5.478484586876409,-5.892072788308399,0.02661229384865352
5.581852220591058,-5.892072788308399,0.0251681224853541
5.685219854305707,-5.892072788308399,0.022511821994998286
5.788587488020356,-5.892072788308399,0.019172765586803052
5.8919551217350055,-5.892072788308399,0.015189022074464488
5.995322755449654,-5.892072788308399,0.01019157356922207
6.098690389164305,-5.892072788308399,0.0037229613530040963
6.202058022878954,-5.892072788308399,-0.004360724479328896
6.305425656593603,-5.892072788308399,-0.013589711419712963
6.408793290308252,-5.892072788308399,-0.022826334458388012
-6.408793290308252,-5.7887030902679,-0.023299104315699846
-6.305425656593603,-5.7887030902679,-0.025602546166234884
-6.202058022878954,-5.7887030902679,-0.026813960766246685
-6.098690389164304,-5.7887030902679,-0.026957876660829126
-5.995322755449655,-5.7887030902679,-0.025991325359487824
-5.8919551217350055,-5.7887030902679,-0.023826611145804047
-5.788587488020356,-5.7887030902679,-0.020371920262064542
-5.685219854305708,-5.7887030902679,-0.01558769290142187
-5.581852220591058,-5.7887030902679,-0.009555361711753372
-5.478484586876409,-5.7887030902679,-0.002547487199078908
-5.3751169531617595,-5.7887030902679,0.004922382263238777
-5.27174931944711,-5.7887030902679,0.01209903710461692
-5.168381685732461,-5.7887030902679,0.018059863788535503
-5.065014052017812,-5.7887030902679,0.021872638082497845
-4.961646418303163,-5.7887030902679,0.022816822120604107
-4.858278784588514,-5.7887030902679,0.020616954383625503
-4.754911150873865,-5.7887030902679,0.015615076217435202
-4.651543517159215,-5.7887030902679,0.008808770859250437
-4.548175883444566,-5.7887030902679,0.0017078881999374564
-4.444808249729917,-5.7887030902679,-0.003987368777847436
-4.341440616015267,-5.7887030902679,-0.00682489312019573
-4.238072982300618,-5.7887030902679,-0.006043603424039954
-4.134705348585968,-5.7887030902679,-0.0018873668431589083
-4.031337714871319,-5.7887030902679,0.004324662747186452
-3.9279700811566705,-5.7887030902679,0.010427187791362763
-3.8246024474420213,-5.7887030902679,0.01390906102814055
-3.7212348137273725,-5.7887030902679,0.012571083386348303
-3.6178671800127233,-5.7887030902679,0.0051685969073841705
-3.514499546298074,-5.7887030902679,-0.008145376816364383
-3.411131912583425,-5.7887030902679,-0.025717133183387902
-3.3077642788687753,-5.7887030902679,-0.044681020070134594
-3.204396645154126,-5.7887030902679,-0.061581691752789186
-3.101029011439477,-5.7887030902679,-0.07317380354826718
-2.9976613777248278,-5.7887030902679,-0.07718764870503765
-2.8942937440101786,-5.7887030902679,-0.07285456629798698
-2.790926110295529,-5.7887030902679,-0.06105187999675905
-2.6875584765808798,-5.7887030902679,-0.044034598360233386
-2.5841908428662306,-5.7887030902679,-0.02483782511477042
-2.4808232091515814,-5.7887030902679,-0.006524382013707053
-2.3774555754369326,-5.7887030902679,0.00851072088475428
-2.2740879417222835,-5.7887030902679,0.018994004549976934
-2.1707203080076334,-5.7887030902679,0.024881180806651842
-2.067352674292984,-5.7887030902679,0.027122654033328215
-1.9639850405783352,-5.7887030902679,0.0271916972626478
-1.8606174068636863,-5.7887030902679,0.026542500486815623
-1.757249773149037,-5.7887030902679,0.02617118729286404
-1.6538821394343879,-5.7887030902679,0.02640340787397368
-1.550514505719738,-5.7887030902679,0.026946427810035124
-1.447146872005089,-5.7887030902679,0.02715211316733739
-1.3437792382904399,-5.7887030902679,0.026370873289614443
-1.2404116045757907,-5.7887030902679,0.02425658091739168
-1.1370439708611417,-5.7887030902679,0.02091305494518298
-1.0336763371464925,-5.7887030902679,0.01684039226821262
-0.9303087034318435,-5.7887030902679,0.012718236634624644
-0.8269410697171936,-5.7887030902679,0.009123885997001535
-0.7235734360025445,-5.7887030902679,0.006304242816779959
-0.6202058022878953,-5.7887030902679,0.004095295790766544
-0.5168381685732463,-5.7887030902679,0.0020215884689566855
-0.4134705348585972,-5.7887030902679,-0.00046531231502748615
-0.31010290114394806,-5.7887030902679,-0.00370782836204706
-0.2067352674292982,-5.7887030902679,-0.00764063904579107
-0.1033676337146491,-5.7887030902679,-0.011757000279436946
0.,-5.7887030902679,-0.015269876817644485
0.1033676337146491,-5.7887030902679,-0.017416999474930164
0.2067352674292982,-5.7887030902679,-0.017796940821783985
0.31010290114394734,-5.7887030902679,-0.016601354133707804
0.4134705348585964,-5.7887030902679,-0.01463710959450309
0.5168381685732455,-5.7887030902679,-0.013103373095824973
0.6202058022878947,-5.7887030902679,-0.013178777233378488
0.7235734360025438,-5.7887030902679,-0.015550732308367307
0.8269410697171944,-5.7887030902679,-0.02005374850347787
0.9303087034318435,-5.7887030902679,-0.025561113118764543
1.0336763371464925,-5.7887030902679,-0.030198709416586655
1.1370439708611417,-5.7887030902679,-0.03184439650787859
1.2404116045757907,-5.7887030902679,-0.028775970329148064
1.3437792382904399,-5.7887030902679,-0.020270015781357033
1.447146872005089,-5.7887030902679,-0.006955635703466201
1.550514505719738,-5.7887030902679,0.009206427283470963
1.6538821394343872,-5.7887030902679,0.025336652542639955
1.7572497731490362,-5.7887030902679,0.03833646380576626
1.8606174068636854,-5.7887030902679,0.04567651981651447
1.9639850405783346,-5.7887030902679,0.04604254517665218
2.0673526742929837,-5.7887030902679,0.03964732893494446
2.1707203080076343,-5.7887030902679,0.02811806458417479
2.2740879417222835,-5.7887030902679,0.013998119227881304
2.3774555754369326,-5.7887030902679,0.000020184927089738083
2.4808232091515814,-5.7887030902679,-0.011624225596986741
2.5841908428662306,-5.7887030902679,-0.01979761094601613
2.6875584765808798,-5.7887030902679,-0.024564169320686655
2.790926110295529,-5.7887030902679,-0.02694475587699727
2.894293744010178,-5.7887030902679,-0.028378389772424368
2.997661377724827,-5.7887030902679,-0.03008234098183768
3.101029011439476,-5.7887030902679,-0.032531722653254345
3.2043966451541253,-5.7887030902679,-0.03523581826767476
3.3077642788687744,-5.7887030902679,-0.0368870317542564
3.411131912583425,-5.7887030902679,-0.035832914334904535
3.514499546298074,-5.7887030902679,-0.030713239166561896
3.6178671800127233,-5.7887030902679,-0.021047676182808766
3.7212348137273725,-5.7887030902679,-0.007573129881270098
3.8246024474420213,-5.7887030902679,0.007791675639807013
3.9279700811566705,-5.7887030902679,0.022358995095195785
4.031337714871319,-5.7887030902679,0.033347742761969515
4.134705348585968,-5.7887030902679,0.038624753593977094
4.238072982300618,-5.7887030902679,0.03729325699760217
4.341440616015267,-5.7887030902679,0.029956226306412315
4.444808249729916,-5.7887030902679,0.018579599750087866
4.548175883444565,-5.7887030902679,0.005997742160394458
4.651543517159214,-5.7887030902679,-0.004795382957383018
4.754911150873865,-5.7887030902679,-0.011370800386912445
4.858278784588514,-5.7887030902679,-0.012411536509108709
4.961646418303163,-5.7887030902679,-0.00794923264535421
5.065014052017812,-5.7887030902679,0.0007481243660491418
5.168381685732461,-5.7887030902679,0.011577922275149139
5.27174931944711,-5.7887030902679,0.02216222034966619
5.3751169531617595,-5.7887030902679,0.030404675976615895
5.478484586876409,-5.7887030902679,0.03490516826222726
5.581852220591058,-5.7887030902679,0.03514905126589527
5.685219854305707,-5.7887030902679,0.03146047825493712
5.788587488020356,-5.7887030902679,0.02477393639915411
5.8919551217350055,-5.7887030902679,0.016316993368700364
5.995322755449654,-5.7887030902679,0.00730277080021663
6.098690389164305,-5.7887030902679,-0.0012931322148224342
6.202058022878954,-5.7887030902679,-0.00883697534922835
6.305425656593603,-5.7887030902679,-0.015029449358931097
6.408793290308252,-5.7887030902679,-0.019822440623065336
-6.408793290308252,-5.685333392227402,-0.013708935928026323
-6.305425656593603,-5.685333392227402,-0.016143926595543225
-6.202058022878954,-5.685333392227402,-0.019381407132215304
-6.098690389164304,-5.685333392227402,-0.023180513198625376
-5.995322755449655,-5.685333392227402,-0.026747868922177898
-5.8919551217350055,-5.685333392227402,-0.028993099237678524
-5.788587488020356,-5.685333392227402,-0.028894446357413835
-5.685219854305708,-5.685333392227402,-0.025859569995276808
-5.581852220591058,-5.685333392227402,-0.019968554702155063
-5.478484586876409,-5.685333392227402,-0.012021587940432014
-5.3751169531617595,-5.685333392227402,-0.003371973132192132
-5.27174931944711,-5.685333392227402,0.00441104343705514
-5.168381685732461,-5.685333392227402,0.009954296289868424
-5.065014052017812,-5.685333392227402,0.012449029545438946
-4.961646418303163,-5.685333392227402,0.011868089204235523
-4.858278784588514,-5.685333392227402,0.008966774149735787
-4.754911150873865,-5.685333392227402,0.005063451935681241
-4.651543517159215,-5.685333392227402,0.0016589562490399096
-4.548175883444566,-5.685333392227402,3.7080949449075203e-7
-4.444808249729917,-5.685333392227402,0.0007117666752420929
-4.341440616015267,-5.685333392227402,0.0035968668570041384
-4.238072982300618,-5.685333392227402,0.0076712974132993016
-4.134705348585968,-5.685333392227402,0.01141828624581405
-4.031337714871319,-5.685333392227402,0.013199306995602149
-3.9279700811566705,-5.685333392227402,0.011707781839174803
-3.8246024474420213,-5.685333392227402,0.006341771229208884
-3.7212348137273725,-5.685333392227402,-0.0026059861455271006
-3.6178671800127233,-5.685333392227402,-0.013991622825074167
-3.514499546298074,-5.685333392227402,-0.026083618295555173
-3.411131912583425,-5.685333392227402,-0.03697231258586374
-3.3077642788687753,-5.685333392227402,-0.04501272179204648
-3.204396645154126,-5.685333392227402,-0.049181297358598934
-3.101029011439477,-5.685333392227402,-0.049254444936109136
-2.9976613777248278,-5.685333392227402,-0.04576942085927528
-2.8942937440101786,-5.685333392227402,-0.03979110902251939
-2.790926110295529,-5.685333392227402,-0.03256275040877067
-2.6875584765808798,-5.685333392227402,-0.025149091387940067
-2.5841908428662306,-5.685333392227402,-0.018177990314577203
-2.4808232091515814,-5.685333392227402,-0.011752421576522813
-2.3774555754369326,-5.685333392227402,-0.005549662899231554
-2.2740879417222835,-5.685333392227402,0.0009348132907647627
-2.1707203080076334,-5.685333392227402,0.008086421807673261
-2.067352674292984,-5.685333392227402,0.015918422550786553
-1.9639850405783352,-5.685333392227402,0.02395555064331874
-1.8606174068636863,-5.685333392227402,0.031298588824766306
-1.757249773149037,-5.685333392227402,0.036854987163444784
-1.6538821394343879,-5.685333392227402,0.03966533723522538
-1.550514505719738,-5.685333392227402,0.03922163497077488
-1.447146872005089,-5.685333392227402,0.03567195222627613
-1.3437792382904399,-5.685333392227402,0.02983850542388593
-1.2404116045757907,-5.685333392227402,0.023032728612664505
-1.1370439708611417,-5.685333392227402,0.016714570698132702
-1.0336763371464925,-5.685333392227402,0.012093987095770685
-0.9303087034318435,-5.685333392227402,0.009794184876897698
-0.8269410697171936,-5.685333392227402,0.009681045108400371
-0.7235734360025445,-5.685333392227402,0.010915032252479794
-0.6202058022878953,-5.685333392227402,0.012214958786183604
-0.5168381685732463,-5.685333392227402,0.01225758322935789
-0.4134705348585972,-5.685333392227402,0.010093570996542301
-0.31010290114394806,-5.685333392227402,0.005452873711780101
-0.2067352674292982,-5.685333392227402,-0.0011557635077073956
-0.1033676337146491,-5.685333392227402,-0.008584633917327888
0.,-5.685333392227402,-0.015386259979362514
0.1033676337146491,-5.685333392227402,-0.020249455532836365
0.2067352674292982,-5.685333392227402,-0.02239784568059867
0.31010290114394734,-5.685333392227402,-0.02182563266087927
0.4134705348585964,-5.685333392227402,-0.019293712658804966
0.5168381685732455,-5.685333392227402,-0.016082484858822008
0.6202058022878947,-5.685333392227402,-0.013573646140411975
0.7235734360025438,-5.685333392227402,-0.01278845784743225
0.8269410697171944,-5.685333392227402,-0.014026909060175561
0.9303087034318435,-5.685333392227402,-0.01672488285360571
1.0336763371464925,-5.685333392227402,-0.019582394603154554
1.1370439708611417,-5.685333392227402,-0.0209341727730713
1.2404116045757907,-5.685333392227402,-0.01925899921521505
1.3437792382904399,-5.685333392227402,-0.01367925368316578
1.447146872005089,-5.685333392227402,-0.004301122954359329
1.550514505719738,-5.685333392227402,0.007710195204187424
1.6538821394343872,-5.685333392227402,0.02034999330664249
1.7572497731490362,-5.685333392227402,0.03123246600973415
1.8606174068636854,-5.685333392227402,0.03816277934302842
1.9639850405783346,-5.685333392227402,0.03966489173131547
2.0673526742929837,-5.685333392227402,0.035321024754722805
2.1707203080076343,-5.685333392227402,0.0258345408134105
2.2740879417222835,-5.685333392227402,0.01280882524753527
2.3774555754369326,-5.685333392227402,-0.0016839006967339144
2.4808232091515814,-5.685333392227402,-0.015612489463248143
2.5841908428662306,-5.685333392227402,-0.027427490296213098
2.6875584765808798,-5.685333392227402,-0.036312777993397244
2.790926110295529,-5.685333392227402,-0.04219213020953528
2.894293744010178,-5.685333392227402,-0.04551334977515374
2.997661377724827,-5.685333392227402,-0.04690148229028737
3.101029011439476,-5.685333392227402,-0.04681055547248059
3.2043966451541253,-5.685333392227402,-0.04529861597875149
3.3077642788687744,-5.685333392227402,-0.0420056319436826
3.411131912583425,-5.685333392227402,-0.03634277044825029
3.514499546298074,-5.685333392227402,-0.02782745938365209
3.6178671800127233,-5.685333392227402,-0.016445292984725884
3.7212348137273725,-5.685333392227402,-0.002904595871946529
3.8246024474420213,-5.685333392227402,0.011322170700365166
3.9279700811566705,-5.685333392227402,0.024212091614952184
4.031337714871319,-5.685333392227402,0.033622370507233296
4.134705348585968,-5.685333392227402,0.037827800835436264
4.238072982300618,-5.685333392227402,0.0360140937069648
4.341440616015267,-5.685333392227402,0.02857909727979496
4.444808249729916,-5.685333392227402,0.017141397166352896
4.548175883444565,-5.685333392227402,0.004234578369832972
4.651543517159214,-5.685333392227402,-0.007246952106582529
4.754911150873865,-5.685333392227402,-0.014713570838518292
4.858278784588514,-5.685333392227402,-0.016486554294325866
4.961646418303163,-5.685333392227402,-0.012187093769737676
5.065014052017812,-5.685333392227402,-0.002807546548582617
5.168381685732461,-5.685333392227402,0.0095511766807752
5.27174931944711,-5.685333392227402,0.022203788160411585
5.3751169531617595,-5.685333392227402,0.032526442256911106
5.478484586876409,-5.685333392227402,0.038555852189749266
5.581852220591058,-5.685333392227402,0.03939121197262517
5.685219854305707,-5.685333392227402,0.03530651714130871
5.788587488020356,-5.685333392227402,0.027562027076663057
5.8919551217350055,-5.685333392227402,0.017984655840398493
5.995322755449654,-5.685333392227402,0.00844555464736574
6.098690389164305,-5.685333392227402,0.0003836249607527352
6.202058022878954,-5.685333392227402,-0.005498074747393802
6.305425656593603,-5.685333392227402,-0.009292306856318459
6.408793290308252,-5.685333392227402,-0.01170676071168003
-6.408793290308252,-5.5819636941869035,-0.003257742662872397
-6.305425656593603,-5.5819636941869035,-0.008233934175435241
-6.202058022878954,-5.5819636941869035,-0.014494188227755975
-6.098690389164304,-5.5819636941869035,-0.02111812685718351
-5.995322755449655,-5.5819636941869035,-0.02676500423287872
-5.8919551217350055,-5.5819636941869035,-0.030094547869385854
-5.788587488020356,-5.5819636941869035,-0.03020710791880103
-5.685219854305708,-5.5819636941869035,-0.026959799402380913
-5.581852220591058,-5.5819636941869035,-0.02105386889661766
-5.478484586876409,-5.5819636941869035,-0.013860281151991507
-5.3751169531617595,-5.5819636941869035,-0.00703308024636347
-5.27174931944711,-5.5819636941869035,-0.0020277093665215257
-5.168381685732461,-5.5819636941869035,0.00032692361771931305
-5.065014052017812,-5.5819636941869035,0.00006826921612981202
-4.961646418303163,-5.5819636941869035,-0.0019262194571581512
-4.858278784588514,-5.5819636941869035,-0.004228529562520807
-4.754911150873865,-5.5819636941869035,-0.005328199059065297
-4.651543517159215,-5.5819636941869035,-0.004138044220904162
-4.548175883444566,-5.5819636941869035,-0.0003820179477763935
-4.444808249729917,-5.5819636941869035,0.005257694201476031
-4.341440616015267,-5.5819636941869035,0.011286926029476571
-4.238072982300618,-5.5819636941869035,0.015804395748367478
-4.134705348585968,-5.5819636941869035,0.0170520432187805
-4.031337714871319,-5.5819636941869035,0.013951658183498571
-3.9279700811566705,-5.5819636941869035,0.006468955068118894
-3.8246024474420213,-5.5819636941869035,-0.004306625734526371
-3.7212348137273725,-5.5819636941869035,-0.016397541689060623
-3.6178671800127233,-5.5819636941869035,-0.02742955183593532
-3.514499546298074,-5.5819636941869035,-0.0352445583242665
-3.411131912583425,-5.5819636941869035,-0.03846373339088347
-3.3077642788687753,-5.5819636941869035,-0.03684177913987726
-3.204396645154126,-5.5819636941869035,-0.0313108698531225
-3.101029011439477,-5.5819636941869035,-0.02369997578841734
-2.9976613777248278,-5.5819636941869035,-0.01620711588145225
-2.8942937440101786,-5.5819636941869035,-0.010772471705686473
-2.790926110295529,-5.5819636941869035,-0.008529101759657091
-2.6875584765808798,-5.5819636941869035,-0.009486880193860415
-2.5841908428662306,-5.5819636941869035,-0.012540042868818393
-2.4808232091515814,-5.5819636941869035,-0.015797648779769347
-2.3774555754369326,-5.5819636941869035,-0.01714497769981948
-2.2740879417222835,-5.5819636941869035,-0.014878111478908043
-2.1707203080076334,-5.5819636941869035,-0.008232277491556885
-2.067352674292984,-5.5819636941869035,0.002346801375685581
-1.9639850405783352,-5.5819636941869035,0.015268187488919503
-1.8606174068636863,-5.5819636941869035,0.028183500739491486
-1.757249773149037,-5.5819636941869035,0.03859278289553137
-1.6538821394343879,-5.5819636941869035,0.04450255256811939
-1.550514505719738,-5.5819636941869035,0.04495466051893154
-1.447146872005089,-5.5819636941869035,0.040279518986855355
-1.3437792382904399,-5.5819636941869035,0.03200306189612156
-1.2404116045757907,-5.5819636941869035,0.022432356084743834
-1.1370439708611417,-5.5819636941869035,0.014033537124875208
-1.0336763371464925,-5.5819636941869035,0.008772962275826569
-0.9303087034318435,-5.5819636941869035,0.007602210015000791
-0.8269410697171936,-5.5819636941869035,0.010227114500247474
-0.7235734360025445,-5.5819636941869035,0.015221736844586376
-0.6202058022878953,-5.5819636941869035,0.020452250588917465
-0.5168381685732463,-5.5819636941869035,0.02369002116113826
-0.4134705348585972,-5.5819636941869035,0.023241663585806663
-0.31010290114394806,-5.5819636941869035,0.01842089707891662
-0.2067352674292982,-5.5819636941869035,0.0097332048856442
-0.1033676337146491,-5.5819636941869035,-0.0012736131280491703
0.,-5.5819636941869035,-0.012445343185574984
0.1033676337146491,-5.5819636941869035,-0.021615905840474372
0.2067352674292982,-5.5819636941869035,-0.027189701379549198
0.31010290114394734,-5.5819636941869035,-0.02854702302032531
0.4134705348585964,-5.5819636941869035,-0.02616099789438046
0.5168381685732455,-5.5819636941869035,-0.021399166728801204
0.6202058022878947,-5.5819636941869035,-0.016074303674543707
0.7235734360025438,-5.5819636941869035,-0.011880901443710734
0.8269410697171944,-5.5819636941869035,-0.009885204567221655
0.9303087034318435,-5.5819636941869035,-0.010218889037052134
1.0336763371464925,-5.5819636941869035,-0.012064980216106646
1.1370439708611417,-5.5819636941869035,-0.01393765033412469
1.2404116045757907,-5.5819636941869035,-0.014170789859291653
1.3437792382904399,-5.5819636941869035,-0.011469161023192722
1.447146872005089,-5.5819636941869035,-0.00535827985693855
1.550514505719738,-5.5819636941869035,0.0036002177249548997
1.6538821394343872,-5.5819636941869035,0.01389153947723629
1.7572497731490362,-5.5819636941869035,0.023405458102728337
1.8606174068636854,-5.5819636941869035,0.029965880108583684
1.9639850405783346,-5.5819636941869035,0.03188139821629921
2.0673526742929837,-5.5819636941869035,0.028363095573293286
2.1707203080076343,-5.5819636941869035,0.019698120772160203
2.2740879417222835,-5.5819636941869035,0.007141406366219787
2.3774555754369326,-5.5819636941869035,-0.007429468749445228
2.4808232091515814,-5.5819636941869035,-0.02198496523625287
2.5841908428662306,-5.5819636941869035,-0.034798184399098334
2.6875584765808798,-5.5819636941869035,-0.044755659339648375
2.790926110295529,-5.5819636941869035,-0.05144917338097201
2.894293744010178,-5.5819636941869035,-0.05504713616284112
2.997661377724827,-5.5819636941869035,-0.05601500191032298
3.101029011439476,-5.5819636941869035,-0.05479977588222451
3.2043966451541253,-5.5819636941869035,-0.051599547527499304
3.3077642788687744,-5.5819636941869035,-0.04630382199550629
3.411131912583425,-5.5819636941869035,-0.03862612069681895
3.514499546298074,-5.5819636941869035,-0.028378326616172424
3.6178671800127233,-5.5819636941869035,-0.015780663881014335
3.7212348137273725,-5.5819636941869035,-0.0016810373828765727
3.8246024474420213,-5.5819636941869035,0.012419558734798962
3.9279700811566705,-5.5819636941869035,0.024578956268823893
4.031337714871319,-5.5819636941869035,0.03282806335213752
4.134705348585968,-5.5819636941869035,0.0356805639881034
4.238072982300618,-5.5819636941869035,0.03258942379376775
4.341440616015267,-5.5819636941869035,0.02420472853364646
4.444808249729916,-5.5819636941869035,0.012336496899881743
4.548175883444565,-5.5819636941869035,-0.00039222688133970014
4.651543517159214,-5.5819636941869035,-0.011126431550364966
4.754911150873865,-5.5819636941869035,-0.01744719614798729
4.858278784588514,-5.5819636941869035,-0.017948924460120443
4.961646418303163,-5.5819636941869035,-0.01256843084211996
5.065014052017812,-5.5819636941869035,-0.002575155016725277
5.168381685732461,-5.5819636941869035,0.009774530050806304
5.27174931944711,-5.5819636941869035,0.021822534988979635
5.3751169531617595,-5.5819636941869035,0.031171717259180734
5.478484586876409,-5.5819636941869035,0.036245196525150104
5.581852220591058,-5.5819636941869035,0.03659502987229906
5.685219854305707,-5.5819636941869035,0.03288832766986495
5.788587488020356,-5.5819636941869035,0.026593377347168358
5.8919551217350055,-5.5819636941869035,0.01947370726707243
5.995322755449654,-5.5819636941869035,0.013049116186585184
6.098690389164305,-5.5819636941869035,0.008185018104698785
6.202058022878954,-5.5819636941869035,0.0049254301829685975
6.305425656593603,-5.5819636941869035,0.002605591879981385
6.408793290308252,-5.5819636941869035,0.0001924203185660811
-6.408793290308252,-5.478593996146405,0.006022585487795875
-6.305425656593603,-5.478593996146405,-0.0029792656384234773
-6.202058022878954,-5.478593996146405,-0.012476973418068882
-6.098690389164304,-5.478593996146405,-0.020659137668414502
-5.995322755449655,-5.478593996146405,-0.0259062139482468
-5.8919551217350055,-5.478593996146405,-0.027288800912650766
-5.788587488020356,-5.478593996146405,-0.02486304979292248
-5.685219854305708,-5.478593996146405,-0.01966642631142303
-5.581852220591058,-5.478593996146405,-0.013412193439144555
-5.478484586876409,-5.478593996146405,-0.007976088046100855
-5.3751169531617595,-5.478593996146405,-0.00483374947214548
-5.27174931944711,-5.478593996146405,-0.004622546616889088
-5.168381685732461,-5.478593996146405,-0.006962576071935043
-5.065014052017812,-5.478593996146405,-0.010591615262191288
-4.961646418303163,-5.478593996146405,-0.013772918889281172
-4.858278784588514,-5.478593996146405,-0.014852388807829802
-4.754911150873865,-5.478593996146405,-0.012797388554696927
-4.651543517159215,-5.478593996146405,-0.007555728068089317
-4.548175883444566,-5.478593996146405,-0.00012710430289468048
-4.444808249729917,-5.478593996146405,0.007676368278660284
-4.341440616015267,-5.478593996146405,0.01371421466126058
-4.238072982300618,-5.478593996146405,0.016110725906832175
-4.134705348585968,-5.478593996146405,0.013791881233868819
-4.031337714871319,-5.478593996146405,0.00681749904584645
-3.9279700811566705,-5.478593996146405,-0.003582973059604214
-3.8246024474420213,-5.478593996146405,-0.015282279943025218
-3.7212348137273725,-5.478593996146405,-0.02576466610910036
-3.6178671800127233,-5.478593996146405,-0.03274152772574207
-3.514499546298074,-5.478593996146405,-0.03471653376880663
-3.411131912583425,-5.478593996146405,-0.031357963668056106
-3.3077642788687753,-5.478593996146405,-0.023585708496930174
-3.204396645154126,-5.478593996146405,-0.013351624966140584
-3.101029011439477,-5.478593996146405,-0.003166808103705265
-2.9976613777248278,-5.478593996146405,0.004509937057239372
-2.8942937440101786,-5.478593996146405,0.00787529071246486
-2.790926110295529,-5.478593996146405,0.006231051405893226
-2.6875584765808798,-5.478593996146405,0.0001706791731229295
-2.5841908428662306,-5.478593996146405,-0.008545551026712565
-2.4808232091515814,-5.478593996146405,-0.017402023034373073
-2.3774555754369326,-5.478593996146405,-0.023732536838258718
-2.2740879417222835,-5.478593996146405,-0.025376580343531446
-2.1707203080076334,-5.478593996146405,-0.021228862048551934
-2.067352674292984,-5.478593996146405,-0.011544499114880582
-1.9639850405783352,-5.478593996146405,0.0020829855017188447
-1.8606174068636863,-5.478593996146405,0.017076092778238777
-1.757249773149037,-5.478593996146405,0.030482618686515764
-1.6538821394343879,-5.478593996146405,0.03969451533728986
-1.550514505719738,-5.478593996146405,0.043096822864991356
-1.447146872005089,-5.478593996146405,0.040477433803782326
-1.3437792382904399,-5.478593996146405,0.03308362230135109
-1.2404116045757907,-5.478593996146405,0.02329964577674352
-1.1370439708611417,-5.478593996146405,0.014019621737046005
-1.0336763371464925,-5.478593996146405,0.007874735732655356
-0.9303087034318435,-5.478593996146405,0.006519306567568118
-0.8269410697171936,-5.478593996146405,0.010171374972172307
-0.7235734360025445,-5.478593996146405,0.017539823752560437
-0.6202058022878953,-5.478593996146405,0.026166819303218663
-0.5168381685732463,-5.478593996146405,0.033099157210639746
-0.4134705348585972,-5.478593996146405,0.03570745625868676
-0.31010290114394806,-5.478593996146405,0.03242624464850719
-0.2067352674292982,-5.478593996146405,0.02320594276616192
-0.1033676337146491,-5.478593996146405,0.0095464410138038
0.,-5.478593996146405,-0.0058998916455820045
0.1033676337146491,-5.478593996146405,-0.02004414490188929
0.2067352674292982,-5.478593996146405,-0.03019121231946811
0.31010290114394734,-5.478593996146405,-0.0347461987724054
0.4134705348585964,-5.478593996146405,-0.03359490125512911
0.5168381685732455,-5.478593996146405,-0.028052916391528827
0.6202058022878947,-5.478593996146405,-0.020406189659599224
0.7235734360025438,-5.478593996146405,-0.01318723207929515
0.8269410697171944,-5.478593996146405,-0.008408855117844128
0.9303087034318435,-5.478593996146405,-0.0069872947139335605
1.0336763371464925,-5.478593996146405,-0.008525885538620801
1.1370439708611417,-5.478593996146405,-0.011517767165143368
1.2404116045757907,-5.478593996146405,-0.013896408885233288
1.3437792382904399,-5.478593996146405,-0.01375630692624519
1.447146872005089,-5.478593996146405,-0.010015986325420162
1.550514505719738,-5.478593996146405,-0.0028166441183639234
1.6538821394343872,-5.478593996146405,0.006464928821363872
1.7572497731490362,-5.478593996146405,0.015588613634450818
1.8606174068636854,-5.478593996146405,0.02208823388009085
1.9639850405783346,-5.478593996146405,0.02397396819461125
2.0673526742929837,-5.478593996146405,0.02028486724071113
2.1707203080076343,-5.478593996146405,0.01132933826836594
2.2740879417222835,-5.478593996146405,-0.0014458933204255049
2.3774555754369326,-5.478593996146405,-0.015899509464867755
2.4808232091515814,-5.478593996146405,-0.02979770890848902
2.5841908428662306,-5.478593996146405,-0.04137817103014043
2.6875584765808798,-5.478593996146405,-0.04970272584103953
2.790926110295529,-5.478593996146405,-0.0547050829275236
2.894293744010178,-5.478593996146405,-0.05694766234505979
2.997661377724827,-5.478593996146405,-0.057200582060136514
3.101029011439476,-5.478593996146405,-0.05601279518975458
3.2043966451541253,-5.478593996146405,-0.05344148811151716
3.3077642788687744,-5.478593996146405,-0.0490432554939871
3.411131912583425,-5.478593996146405,-0.04213140719538961
3.514499546298074,-5.478593996146405,-0.032202663844610666
3.6178671800127233,-5.478593996146405,-0.01936881945297071
3.7212348137273725,-5.478593996146405,-0.004618768182454368
3.8246024474420213,-5.478593996146405,0.010211820947653851
3.9279700811566705,-5.478593996146405,0.022788560283855532
4.031337714871319,-5.478593996146405,0.030859081925236932
4.134705348585968,-5.478593996146405,0.03289523025533459
4.238072982300618,-5.478593996146405,0.028593367668558637
4.341440616015267,-5.478593996146405,0.019063640535610844
4.444808249729916,-5.478593996146405,0.006629929513684318
4.548175883444565,-5.478593996146405,-0.0057187122728831735
4.651543517159214,-5.478593996146405,-0.015075171909646794
4.754911150873865,-5.478593996146405,-0.019346048666708197
4.858278784588514,-5.478593996146405,-0.01775641595088481
4.961646418303163,-5.478593996146405,-0.010983962606596604
5.065014052017812,-5.478593996146405,-0.0008913295611186557
5.168381685732461,-5.478593996146405,0.010053381130581495
5.27174931944711,-5.478593996146405,0.01948628316681423
5.3751169531617595,-5.478593996146405,0.025772247200246717
5.478484586876409,-5.478593996146405,0.0283629547349283
5.581852220591058,-5.478593996146405,0.027796683100249405
5.685219854305707,-5.478593996146405,0.025363615864452897
5.788587488020356,-5.478593996146405,0.022564707817410396
5.8919551217350055,-5.478593996146405,0.020552079153799984
5.995322755449654,-5.478593996146405,0.019736551761461482
6.098690389164305,-5.478593996146405,0.019685700667614783
6.202058022878954,-5.478593996146405,0.01933535176944298
6.305425656593603,-5.478593996146405,0.017432332296751653
6.408793290308252,-5.478593996146405,0.01305075006776552
-6.408793290308252,-5.375224298105907,0.011999723458226724
-6.305425656593603,-5.375224298105907,-0.000950028997576564
-6.202058022878954,-5.375224298105907,-0.012803837569709764
-6.098690389164304,-5.375224298105907,-0.020979802884692818
-5.995322755449655,-5.375224298105907,-0.02389385227364797
-5.8919551217350055,-5.375224298105907,-0.021436809093732072
-5.788587488020356,-5.375224298105907,-0.014993412533874756
-5.685219854305708,-5.375224298105907,-0.006998354169294024
-5.581852220591058,-5.375224298105907,-0.00017370021945417423
-5.478484586876409,-5.375224298105907,0.0033075371181684157
-5.3751169531617595,-5.375224298105907,0.0024673293325683486
-5.27174931944711,-5.375224298105907,-0.0022204189234718134
-5.168381685732461,-5.375224298105907,-0.009032498705980567
-5.065014052017812,-5.375224298105907,-0.015582314705987076
-4.961646418303163,-5.375224298105907,-0.019594741243857308
-4.858278784588514,-5.375224298105907,-0.019623130292382166
-4.754911150873865,-5.375224298105907,-0.015489026985864768
-4.651543517159215,-5.375224298105907,-0.00832008969342494
-4.548175883444566,-5.375224298105907,-0.00019092391203947323
-4.444808249729917,-5.375224298105907,0.006507553703410203
-4.341440616015267,-5.375224298105907,0.009769477335764777
-4.238072982300618,-5.375224298105907,0.008536532406761266
-4.134705348585968,-5.375224298105907,0.002967427256373769
-4.031337714871319,-5.375224298105907,-0.005642434304952397
-3.9279700811566705,-5.375224298105907,-0.01524221861132481
-3.8246024474420213,-5.375224298105907,-0.02357837670572935
-3.7212348137273725,-5.375224298105907,-0.028755612729591422
-3.6178671800127233,-5.375224298105907,-0.029660666200506967
-3.514499546298074,-5.375224298105907,-0.026160240785171828
-3.411131912583425,-5.375224298105907,-0.01905694891189417
-3.3077642788687753,-5.375224298105907,-0.009850641651779476
-3.204396645154126,-5.375224298105907,-0.00038936353423621754
-3.101029011439477,-5.375224298105907,0.007500860916620079
-2.9976613777248278,-5.375224298105907,0.012338170333901942
-2.8942937440101786,-5.375224298105907,0.013220139617768446
-2.790926110295529,-5.375224298105907,0.009959457135760566
-2.6875584765808798,-5.375224298105907,0.003120219123697449
-2.5841908428662306,-5.375224298105907,-0.006044717527784555
-2.4808232091515814,-5.375224298105907,-0.015759072077908137
-2.3774555754369326,-5.375224298105907,-0.023992380282127607
-2.2740879417222835,-5.375224298105907,-0.028817516429651756
-2.1707203080076334,-5.375224298105907,-0.02881060151238478
-2.067352674292984,-5.375224298105907,-0.023414038409784926
-1.9639850405783352,-5.375224298105907,-0.01316326395457764
-1.8606174068636863,-5.375224298105907,0.00031377103401486115
-1.757249773149037,-5.375224298105907,0.014571506470446851
-1.6538821394343879,-5.375224298105907,0.026870396310063157
-1.550514505719738,-5.375224298105907,0.03484185703828277
-1.447146872005089,-5.375224298105907,0.037124219543086215
-1.3437792382904399,-5.375224298105907,0.03378119776995953
-1.2404116045757907,-5.375224298105907,0.026354962059474518
-1.1370439708611417,-5.375224298105907,0.01750025928708989
-1.0336763371464925,-5.375224298105907,0.010269569020324288
-0.9303087034318435,-5.375224298105907,0.007234264635619651
-0.8269410697171936,-5.375224298105907,0.009694126751246816
-0.7235734360025445,-5.375224298105907,0.01722052696343975
-0.6202058022878953,-5.375224298105907,0.027692964116146038
-0.5168381685732463,-5.375224298105907,0.037846124251287756
-0.4134705348585972,-5.375224298105907,0.044187490435730434
-0.31010290114394806,-5.375224298105907,0.044023650629667156
-0.2067352674292982,-5.375224298105907,0.036288120702374686
-0.1033676337146491,-5.375224298105907,0.021913089651517177
0.,-5.375224298105907,0.003620191960415384
0.1033676337146491,-5.375224298105907,-0.014818234092056536
0.2067352674292982,-5.375224298105907,-0.02963108229991144
0.31010290114394734,-5.375224298105907,-0.03809710630461146
0.4134705348585964,-5.375224298105907,-0.039271844669649766
0.5168381685732455,-5.375224298105907,-0.03417326464454606
0.6202058022878947,-5.375224298105907,-0.02537575712939175
0.7235734360025438,-5.375224298105907,-0.01614799829122776
0.8269410697171944,-5.375224298105907,-0.009412914315462147
0.9303087034318435,-5.375224298105907,-0.0068612336480615545
1.0336763371464925,-5.375224298105907,-0.00849651847501451
1.1370439708611417,-5.375224298105907,-0.012746686134232861
1.2404116045757907,-5.375224298105907,-0.017091739420831555
1.3437792382904399,-5.375224298105907,-0.018990518941020947
1.447146872005089,-5.375224298105907,-0.01679535477575177
1.550514505719738,-5.375224298105907,-0.010352774645128855
1.6538821394343872,-5.375224298105907,-0.0010968126089651595
1.7572497731490362,-5.375224298105907,0.008388018982080685
1.8606174068636854,-5.375224298105907,0.015181709579309028
1.9639850405783346,-5.375224298105907,0.01694753405898548
2.0673526742929837,-5.375224298105907,0.012652084351313752
2.1707203080076343,-5.375224298105907,0.0028569393036355036
2.2740879417222835,-5.375224298105907,-0.010499557791929928
2.3774555754369326,-5.375224298105907,-0.024739969044500792
2.4808232091515814,-5.375224298105907,-0.03727718409130546
2.5841908428662306,-5.375224298105907,-0.04635135843996768
2.6875584765808798,-5.375224298105907,-0.05143208163131829
2.790926110295529,-5.375224298105907,-0.05316770493468687
2.894293744010178,-5.375224298105907,-0.05292590972325324
2.997661377724827,-5.375224298105907,-0.05211276651915794
3.101029011439476,-5.375224298105907,-0.051531976623182506
3.2043966451541253,-5.375224298105907,-0.051026309236672306
3.3077642788687744,-5.375224298105907,-0.04953708129355208
3.411131912583425,-5.375224298105907,-0.04556274692548763
3.514499546298074,-5.375224298105907,-0.037849114307173054
3.6178671800127233,-5.375224298105907,-0.02605408052569098
3.7212348137273725,-5.375224298105907,-0.011131241865331286
3.8246024474420213,-5.375224298105907,0.004730294291710434
3.9279700811566705,-5.375224298105907,0.018619689206624466
4.031337714871319,-5.375224298105907,0.02772147722216781
4.134705348585968,-5.375224298105907,0.03017416276870608
4.238072982300618,-5.375224298105907,0.025684766893957788
4.341440616015267,-5.375224298105907,0.01568729737683667
4.444808249729916,-5.375224298105907,0.0029798851863591107
4.548175883444565,-5.375224298105907,-0.009053871541669718
4.651543517159214,-5.375224298105907,-0.017396665602001947
4.754911150873865,-5.375224298105907,-0.02022258393940974
4.858278784588514,-5.375224298105907,-0.01733815006828065
4.961646418303163,-5.375224298105907,-0.010109329027703636
5.065014052017812,-5.375224298105907,-0.0009139466253232415
5.168381685732461,-5.375224298105907,0.007686691902770492
5.27174931944711,-5.375224298105907,0.013775622608263217
5.3751169531617595,-5.375224298105907,0.016634026507845304
5.478484586876409,-5.375224298105907,0.01684713070939832
5.581852220591058,-5.375224298105907,0.015944742751654695
5.685219854305707,-5.375224298105907,0.015718486864337456
5.788587488020356,-5.375224298105907,0.0174662188342624
5.8919551217350055,-5.375224298105907,0.02143508648009141
5.995322755449654,-5.375224298105907,0.026662099919470755
6.098690389164305,-5.375224298105907,0.031270634189856525
6.202058022878954,-5.375224298105907,0.03312162217122196
6.305425656593603,-5.375224298105907,0.030594031310110816
6.408793290308252,-5.375224298105907,0.023222725308824754
-6.408793290308252,-5.271854600065409,0.012995708210277927
-6.305425656593603,-5.271854600065409,-0.0021599650259378758
-6.202058022878954,-5.271854600065409,-0.014440159047751991
-6.098690389164304,-5.271854600065409,-0.020958396165762783
-5.995322755449655,-5.271854600065409,-0.020493977213187322
-5.8919551217350055,-5.271854600065409,-0.013851071687152392
-5.788587488020356,-5.271854600065409,-0.0035810177538025587
-5.685219854305708,-5.271854600065409,0.006838664146326692
-5.581852220591058,-5.271854600065409,0.014097371137320605
-5.478484586876409,-5.271854600065409,0.016059997527873574
-5.3751169531617595,-5.271854600065409,0.01236867280738714
-5.27174931944711,-5.271854600065409,0.00445600121982555
-5.168381685732461,-5.271854600065409,-0.005014052766817411
-5.065014052017812,-5.271854600065409,-0.013074165832125029
-4.961646418303163,-5.271854600065409,-0.017432830292957984
-4.858278784588514,-5.271854600065409,-0.017182146831123183
-4.754911150873865,-5.271854600065409,-0.01301451256749115
-4.651543517159215,-5.271854600065409,-0.006900754159745747
-4.548175883444566,-5.271854600065409,-0.0013633288742607612
-4.444808249729917,-5.271854600065409,0.001393494311534039
-4.341440616015267,-5.271854600065409,0.0002003804868060346
-4.238072982300618,-5.271854600065409,-0.004742078174465265
-4.134705348585968,-5.271854600065409,-0.011997552259673522
-4.031337714871319,-5.271854600065409,-0.01942176675675307
-3.9279700811566705,-5.271854600065409,-0.024880842907210345
-3.8246024474420213,-5.271854600065409,-0.026907447440857
-3.7212348137273725,-5.271854600065409,-0.025082988043584505
-3.6178671800127233,-5.271854600065409,-0.020045929310756792
-3.514499546298074,-5.271854600065409,-0.01316489615178943
-3.411131912583425,-5.271854600065409,-0.006029086779026125
-3.3077642788687753,-5.271854600065409,0.000042260014134036544
-3.204396645154126,-5.271854600065409,0.00429913883663487
-3.101029011439477,-5.271854600065409,0.006588980542869471
-2.9976613777248278,-5.271854600065409,0.007150226184215903
-2.8942937440101786,-5.271854600065409,0.006301172279822746
-2.790926110295529,-5.271854600065409,0.004188304234435956
-2.6875584765808798,-5.271854600065409,0.0007212844279963183
-2.5841908428662306,-5.271854600065409,-0.004270287623438005
-2.4808232091515814,-5.271854600065409,-0.0107318133682243
-2.3774555754369326,-5.271854600065409,-0.018083392375888123
-2.2740879417222835,-5.271854600065409,-0.025093191656092265
-2.1707203080076334,-5.271854600065409,-0.030035523667057043
-2.067352674292984,-5.271854600065409,-0.03113249509389105
-1.9639850405783352,-5.271854600065409,-0.02715390321811583
-1.8606174068636863,-5.271854600065409,-0.017963433045891927
-1.757249773149037,-5.271854600065409,-0.004788083659082591
-1.6538821394343879,-5.271854600065409,0.00993679997944472
-1.550514505719738,-5.271854600065409,0.023153973209774848
-1.447146872005089,-5.271854600065409,0.03205138473520205
-1.3437792382904399,-5.271854600065409,0.03494134050635326
-1.2404116045757907,-5.271854600065409,0.03185213556994112
-1.1370439708611417,-5.271854600065409,0.02460605699426093
-1.0336763371464925,-5.271854600065409,0.016316731842667884
-0.9303087034318435,-5.271854600065409,0.010432620180940976
-0.8269410697171936,-5.271854600065409,0.009616018030974652
-0.7235734360025445,-5.271854600065409,0.014819797058046159
-0.6202058022878953,-5.271854600065409,0.024877398428611648
-0.5168381685732463,-5.271854600065409,0.036765709916071185
-0.4134705348585972,-5.271854600065409,0.04648397313581703
-0.31010290114394806,-5.271854600065409,0.05028605332340565
-0.2067352674292982,-5.271854600065409,0.04587828714648278
-0.1033676337146491,-5.271854600065409,0.03319533750289016
0.,-5.271854600065409,0.01449525749543376
0.1033676337146491,-5.271854600065409,-0.006267973665747043
0.2067352674292982,-5.271854600065409,-0.024601777866273832
0.31010290114394734,-5.271854600065409,-0.03679577437288492
0.4134705348585964,-5.271854600065409,-0.040985259716986897
0.5168381685732455,-5.271854600065409,-0.037620666999424505
0.6202058022878947,-5.271854600065409,-0.029201543610734643
0.7235734360025438,-5.271854600065409,-0.019375105862425603
0.8269410697171944,-5.271854600065409,-0.011706531018507667
0.9303087034318435,-5.271854600065409,-0.008531627243400139
1.0336763371464925,-5.271854600065409,-0.010268169792169183
1.1370439708611417,-5.271854600065409,-0.015402427364828514
1.2404116045757907,-5.271854600065409,-0.021137013453909444
1.3437792382904399,-5.271854600065409,-0.024463604829521462
1.447146872005089,-5.271854600065409,-0.023284535333591993
1.550514505719738,-5.271854600065409,-0.017197247966618184
1.6538821394343872,-5.271854600065409,-0.00767700533756159
1.7572497731490362,-5.271854600065409,0.0023968418801192945
1.8606174068636854,-5.271854600065409,0.00970016208560092
1.9639850405783346,-5.271854600065409,0.011574276516838039
2.0673526742929837,-5.271854600065409,0.006905895221863547
2.1707203080076343,-5.271854600065409,-0.0035193426026248692
2.2740879417222835,-5.271854600065409,-0.017300068353338787
2.3774555754369326,-5.271854600065409,-0.031228588018165235
2.4808232091515814,-5.271854600065409,-0.04233688696822825
2.5841908428662306,-5.271854600065409,-0.048813970323254574
2.6875584765808798,-5.271854600065409,-0.05048200060779398
2.790926110295529,-5.271854600065409,-0.04867980018370112
2.894293744010178,-5.271854600065409,-0.04561411133446077
2.997661377724827,-5.271854600065409,-0.0434266663196569
3.101029011439476,-5.271854600065409,-0.043322810959147875
3.2043966451541253,-5.271854600065409,-0.045081411409231616
3.3077642788687744,-5.271854600065409,-0.047126024425992265
3.411131912583425,-5.271854600065409,-0.04713378503180397
3.514499546298074,-5.271854600065409,-0.042963398146159695
3.6178671800127233,-5.271854600065409,-0.03356607528476597
3.7212348137273725,-5.271854600065409,-0.01954487241664524
3.8246024474420213,-5.271854600065409,-0.0031483124109236787
3.9279700811566705,-5.271854600065409,0.012318721944501254
4.031337714871319,-5.271854600065409,0.023479140628170476
4.134705348585968,-5.271854600065409,0.027934635469934275
4.238072982300618,-5.271854600065409,0.025028251444929858
4.341440616015267,-5.271854600065409,0.016059341756056656
4.444808249729916,-5.271854600065409,0.0038774944678942797
4.548175883444565,-5.271854600065409,-0.008007079128921426
4.651543517159214,-5.271854600065409,-0.01649639991371845
4.754911150873865,-5.271854600065409,-0.01980204527123568
4.858278784588514,-5.271854600065409,-0.01787367612139416
4.961646418303163,-5.271854600065409,-0.012231373726727694
5.065014052017812,-5.271854600065409,-0.005282148284767768
5.168381685732461,-5.271854600065409,0.0006221350556114651
5.27174931944711,-5.271854600065409,0.004043673383791558
5.3751169531617595,-5.271854600065409,0.004929450430311612
5.478484586876409,-5.271854600065409,0.004532781796437665
5.581852220591058,-5.271854600065409,0.0048246089570417395
5.685219854305707,-5.271854600065409,0.007618330177170663
5.788587488020356,-5.271854600065409,0.013736354780494111
5.8919551217350055,-5.271854600065409,0.022533556191601526
5.995322755449654,-5.271854600065409,0.03196681410958578
6.098690389164305,-5.271854600065409,0.039205095318502185
6.202058022878954,-5.271854600065409,0.041579502741762316
6.305425656593603,-5.271854600065409,0.037546172071995544
6.408793290308252,-5.271854600065409,0.027321788149778394
-6.408793290308252,-5.168484902024911,0.008355114544647366
-6.305425656593603,-5.168484902024911,-0.00609488318589321
-6.202058022878954,-5.168484902024911,-0.01627069893364894
-6.098690389164304,-5.168484902024911,-0.019674479311836836
-5.995322755449655,-5.168484902024911,-0.01574149293994009
-5.8919551217350055,-5.168484902024911,-0.006001854679929412
-5.788587488020356,-5.168484902024911,0.0064155229659937155
-5.685219854305708,-5.168484902024911,0.017773099836192238
-5.581852220591058,-5.168484902024911,0.024880778533120883
-5.478484586876409,-5.168484902024911,0.02603734600850896
-5.3751169531617595,-5.168484902024911,0.02145439091896016
-5.27174931944711,-5.168484902024911,0.013039811298355592
-5.168381685732461,-5.168484902024911,0.0036373671291164743
-5.065014052017812,-5.168484902024911,-0.003998905490966083
-4.961646418303163,-5.168484902024911,-0.00813398058153894
-4.858278784588514,-5.168484902024911,-0.008567801111715737
-4.754911150873865,-5.168484902024911,-0.006574819930040166
-4.651543517159215,-5.168484902024911,-0.004311723910597587
-4.548175883444566,-5.168484902024911,-0.003925349277874254
-4.444808249729917,-5.168484902024911,-0.006693948588542775
-4.341440616015267,-5.168484902024911,-0.012515272773970097
-4.238072982300618,-5.168484902024911,-0.01992317877248335
-4.134705348585968,-5.168484902024911,-0.026619351696588692
-4.031337714871319,-5.168484902024911,-0.030319125312478545
-3.9279700811566705,-5.168484902024911,-0.02959785039570113
-3.8246024474420213,-5.168484902024911,-0.024426804807639174
-3.7212348137273725,-5.168484902024911,-0.016203478199303997
-3.6178671800127233,-5.168484902024911,-0.00726743391101108
-3.514499546298074,-5.168484902024911,-0.00008166194535833953
-3.411131912583425,-5.168484902024911,0.003618517982170944
-3.3077642788687753,-5.168484902024911,0.003396018383952819
-3.204396645154126,-5.168484902024911,0.00019347005781681826
-3.101029011439477,-5.168484902024911,-0.004101085357019228
-2.9976613777248278,-5.168484902024911,-0.007438325530972213
-2.8942937440101786,-5.168484902024911,-0.00844307486970111
-2.790926110295529,-5.168484902024911,-0.006979724013414653
-2.6875584765808798,-5.168484902024911,-0.004223290259718056
-2.5841908428662306,-5.168484902024911,-0.002194614102330989
-2.4808232091515814,-5.168484902024911,-0.002921003137946521
-2.3774555754369326,-5.168484902024911,-0.007531922187328664
-2.2740879417222835,-5.168484902024911,-0.015636971513176626
-2.1707203080076334,-5.168484902024911,-0.02524339917071601
-2.067352674292984,-5.168484902024911,-0.033281851160411664
-1.9639850405783352,-5.168484902024911,-0.03658762844394469
-1.8606174068636863,-5.168484902024911,-0.03300974896207004
-1.757249773149037,-5.168484902024911,-0.022256435774861423
-1.6538821394343879,-5.168484902024911,-0.006159980535240446
-1.550514505719738,-5.168484902024911,0.011765604171839082
-1.447146872005089,-5.168484902024911,0.027357953626496775
-1.3437792382904399,-5.168484902024911,0.037103584861507846
-1.2404116045757907,-5.168484902024911,0.03926782889116772
-1.1370439708611417,-5.168484902024911,0.034468728535625354
-1.0336763371464925,-5.168484902024911,0.02548425098025992
-0.9303087034318435,-5.168484902024911,0.016337566489881692
-0.8269410697171936,-5.168484902024911,0.010951450077908258
-0.7235734360025445,-5.168484902024911,0.011815125878418379
-0.6202058022878953,-5.168484902024911,0.019111112784234226
-0.5168381685732463,-5.168484902024911,0.030601965375083126
-0.4134705348585972,-5.168484902024911,0.0423254636743802
-0.31010290114394806,-5.168484902024911,0.04987611519415662
-0.2067352674292982,-5.168484902024911,0.04985258089574258
-0.1033676337146491,-5.168484902024911,0.04099261903927314
0.,-5.168484902024911,0.02461975216139404
0.1033676337146491,-5.168484902024911,0.004254867554523471
0.2067352674292982,-5.168484902024911,-0.015475979554051243
0.31010290114394734,-5.168484902024911,-0.030273253698559106
0.4134705348585964,-5.168484902024911,-0.03746144562178595
0.5168381685732455,-5.168484902024911,-0.03672938034669256
0.6202058022878947,-5.168484902024911,-0.030082704872016267
0.7235734360025438,-5.168484902024911,-0.02104561261449254
0.8269410697171944,-5.168484902024911,-0.013400174497747337
0.9303087034318435,-5.168484902024911,-0.009901293575822232
1.0336763371464925,-5.168484902024911,-0.011403536815575148
1.1370439708611417,-5.168484902024911,-0.016685534987277224
1.2404116045757907,-5.168484902024911,-0.023011905928437045
1.3437792382904399,-5.168484902024911,-0.027217474115370167
1.447146872005089,-5.168484902024911,-0.026921910595547847
1.550514505719738,-5.168484902024911,-0.02144465415314662
1.6538821394343872,-5.168484902024911,-0.012101424852696928
1.7572497731490362,-5.168484902024911,-0.0017841884381330296
1.8606174068636854,-5.168484902024911,0.006021874206818821
1.9639850405783346,-5.168484902024911,0.0084358465970224
2.0673526742929837,-5.168484902024911,0.004173314494740969
2.1707203080076343,-5.168484902024911,-0.006010321333390313
2.2740879417222835,-5.168484902024911,-0.019574174088131446
2.3774555754369326,-5.168484902024911,-0.03304797724975736
2.4808232091515814,-5.168484902024911,-0.0431858159449489
2.5841908428662306,-5.168484902024911,-0.048013667743612314
2.6875584765808798,-5.168484902024911,-0.04740953343650962
2.790926110295529,-5.168484902024911,-0.0430233586148001
2.894293744010178,-5.168484902024911,-0.03757791407267277
2.997661377724827,-5.168484902024911,-0.03380870036747434
3.101029011439476,-5.168484902024911,-0.03342493547535776
3.2043966451541253,-5.168484902024911,-0.03646220885646083
3.3077642788687744,-5.168484902024911,-0.04125574030019161
3.411131912583425,-5.168484902024911,-0.045042231539841854
3.514499546298074,-5.168484902024911,-0.04497622430673462
3.6178671800127233,-5.168484902024911,-0.039201525018317945
3.7212348137273725,-5.168484902024911,-0.027599852165503008
3.8246024474420213,-5.168484902024911,-0.011952683782842038
3.9279700811566705,-5.168484902024911,0.004542744590839445
4.031337714871319,-5.168484902024911,0.01823875527263096
4.134705348585968,-5.168484902024911,0.026155343684085033
4.238072982300618,-5.168484902024911,0.026874604416671437
4.341440616015267,-5.168484902024911,0.02091802920587765
4.444808249729916,-5.168484902024911,0.010496202043712795
4.548175883444565,-5.168484902024911,-0.0012624130124164526
4.651543517159214,-5.168484902024911,-0.011322210954805467
4.754911150873865,-5.168484902024911,-0.017637586596452984
4.858278784588514,-5.168484902024911,-0.019637599589799704
4.961646418303163,-5.168484902024911,-0.01815751039609645
5.065014052017812,-5.168484902024911,-0.014880072208127428
5.168381685732461,-5.168484902024911,-0.01152438754897602
5.27174931944711,-5.168484902024911,-0.009103869192564219
5.3751169531617595,-5.168484902024911,-0.0075384832393404965
5.478484586876409,-5.168484902024911,-0.0057648726167639245
5.581852220591058,-5.168484902024911,-0.002294139847889034
5.685219854305707,-5.168484902024911,0.004007245111738245
5.788587488020356,-5.168484902024911,0.013228257921997574
5.8919551217350055,-5.168484902024911,0.02410312618203674
5.995322755449654,-5.168484902024911,0.034230994721725645
6.098690389164305,-5.168484902024911,0.040779937908357725
6.202058022878954,-5.168484902024911,0.04144466328508066
6.305425656593603,-5.168484902024911,0.0353213179934862
6.408793290308252,-5.168484902024911,0.023376302302053904
-6.408793290308252,-5.065115203984413,-0.0011692281169725716
-6.305425656593603,-5.065115203984413,-0.01177840842814038
-6.202058022878954,-5.065115203984413,-0.01745841976157059
-6.098690389164304,-5.065115203984413,-0.016802584162569027
-5.995322755449655,-5.065115203984413,-0.010097770418293657
-5.8919551217350055,-5.065115203984413,0.000757035376699507
-5.788587488020356,-5.065115203984413,0.012829033422945321
-5.685219854305708,-5.065115203984413,0.023041925859584672
-5.581852220591058,-5.065115203984413,0.02908517788971944
-5.478484586876409,-5.065115203984413,0.030041720938451748
-5.3751169531617595,-5.065115203984413,0.02653122532022931
-5.27174931944711,-5.065115203984413,0.02033544740149663
-5.168381685732461,-5.065115203984413,0.013653698889025413
-5.065014052017812,-5.065115203984413,0.008265406623538137
-4.961646418303163,-5.065115203984413,0.004906326272128986
-4.858278784588514,-5.065115203984413,0.003083758708812861
-4.754911150873865,-5.065115203984413,0.0013925186214235317
-4.651543517159215,-5.065115203984413,-0.0017939042375936121
-4.548175883444566,-5.065115203984413,-0.007525402937779501
-4.444808249729917,-5.065115203984413,-0.01568422767239717
-4.341440616015267,-5.065115203984413,-0.024843782623111953
-4.238072982300618,-5.065115203984413,-0.03265676645746975
-4.134705348585968,-5.065115203984413,-0.03665402358009164
-4.031337714871319,-5.065115203984413,-0.035174494595665094
-3.9279700811566705,-5.065115203984413,-0.02808315544196038
-3.8246024474420213,-5.065115203984413,-0.016994345390503984
-3.7212348137273725,-5.065115203984413,-0.004884686450773496
-3.6178671800127233,-5.065115203984413,0.004803874662745684
-3.514499546298074,-5.065115203984413,0.009280970068414444
-3.411131912583425,-5.065115203984413,0.007361493134582884
-3.3077642788687753,-5.065115203984413,-0.00008716220959123065
-3.204396645154126,-5.065115203984413,-0.01038376479202376
-3.101029011439477,-5.065115203984413,-0.01990343012323142
-2.9976613777248278,-5.065115203984413,-0.02530132883803538
-2.8942937440101786,-5.065115203984413,-0.024677736987815536
-2.790926110295529,-5.065115203984413,-0.018277600628712896
-2.6875584765808798,-5.065115203984413,-0.008465291250035718
-2.5841908428662306,-5.065115203984413,0.0010421867879588102
-2.4808232091515814,-5.065115203984413,0.0064441603033824
-2.3774555754369326,-5.065115203984413,0.005206834333361553
-2.2740879417222835,-5.065115203984413,-0.0029667599820029787
-2.1707203080076334,-5.065115203984413,-0.015893571404556925
-2.067352674292984,-5.065115203984413,-0.029502542503808356
-1.9639850405783352,-5.065115203984413,-0.03908949923373297
-1.8606174068636863,-5.065115203984413,-0.040833689957919486
-1.757249773149037,-5.065115203984413,-0.03307676996253364
-1.6538821394343879,-5.065115203984413,-0.01693367840241449
-1.550514505719738,-5.065115203984413,0.003980337739447165
-1.447146872005089,-5.065115203984413,0.02463176549405178
-1.3437792382904399,-5.065115203984413,0.04011588017874049
-1.2404116045757907,-5.065115203984413,0.047167587915411376
-1.1370439708611417,-5.065115203984413,0.045143508165653545
-1.0336763371464925,-5.065115203984413,0.03615543090946811
-0.9303087034318435,-5.065115203984413,0.024314839492411228
-0.8269410697171936,-5.065115203984413,0.01434129991444271
-0.7235734360025445,-5.065115203984413,0.00999614434977107
-0.6202058022878953,-5.065115203984413,0.012857406499807957
-0.5168381685732463,-5.065115203984413,0.021834718695731357
-0.4134705348585972,-5.065115203984413,0.03357398347793629
-0.31010290114394806,-5.065115203984413,0.043605272055423173
-0.2067352674292982,-5.065115203984413,0.047843171188024516
-0.1033676337146491,-5.065115203984413,0.0439379467396733
0.,-5.065115203984413,0.03203398670036687
0.1033676337146491,-5.065115203984413,0.01469728280176116
0.2067352674292982,-5.065115203984413,-0.003944930179127312
0.31010290114394734,-5.065115203984413,-0.019547720287251328
0.4134705348585964,-5.065115203984413,-0.028916626602212767
0.5168381685732455,-5.065115203984413,-0.03094562643649827
0.6202058022878947,-5.065115203984413,-0.02682718062918586
0.7235734360025438,-5.065115203984413,-0.019490757446582675
0.8269410697171944,-5.065115203984413,-0.012488964308922304
0.9303087034318435,-5.065115203984413,-0.008731974767674561
1.0336763371464925,-5.065115203984413,-0.00951093199923487
1.1370439708611417,-5.065115203984413,-0.014138669145158307
1.2404116045757907,-5.065115203984413,-0.020313168499479103
1.3437792382904399,-5.065115203984413,-0.025054764289050235
1.447146872005089,-5.065115203984413,-0.025870735354035897
1.550514505719738,-5.065115203984413,-0.02172796353174099
1.6538821394343872,-5.065115203984413,-0.01348891661268494
1.7572497731490362,-5.065115203984413,-0.0036600127148332497
1.8606174068636854,-5.065115203984413,0.004454824118670148
1.9639850405783346,-5.065115203984413,0.007894477044736446
2.0673526742929837,-5.065115203984413,0.005073351915632409
2.1707203080076343,-5.065115203984413,-0.0036542948713535156
2.2740879417222835,-5.065115203984413,-0.016093242939718266
2.3774555754369326,-5.065115203984413,-0.028932215034864425
2.4808232091515814,-5.065115203984413,-0.03884092864189157
2.5841908428662306,-5.065115203984413,-0.0435590846640207
2.6875584765808798,-5.065115203984413,-0.04260379450365835
2.790926110295529,-5.065115203984413,-0.03735770542900731
2.894293744010178,-5.065115203984413,-0.030516267156462957
2.997661377724827,-5.065115203984413,-0.0250934293345761
3.101029011439476,-5.065115203984413,-0.023334318858459713
3.2043966451541253,-5.065115203984413,-0.025910772656941413
3.3077642788687744,-5.065115203984413,-0.03167354127733936
3.411131912583425,-5.065115203984413,-0.03804079566888506
3.514499546298074,-5.065115203984413,-0.041884545772438324
3.6178671800127233,-5.065115203984413,-0.040609822425786424
3.7212348137273725,-5.065115203984413,-0.0330618419481059
3.8246024474420213,-5.065115203984413,-0.019961621514034734
3.9279700811566705,-5.065115203984413,-0.003735079047867821
4.031337714871319,-5.065115203984413,0.012194407638569637
4.134705348585968,-5.065115203984413,0.024405715486950055
4.238072982300618,-5.065115203984413,0.030442217004597476
4.341440616015267,-5.065115203984413,0.029435656471332724
4.444808249729916,-5.065115203984413,0.022219051317831952
4.548175883444565,-5.065115203984413,0.010934964073269523
4.651543517159214,-5.065115203984413,-0.0016891600281789528
4.754911150873865,-5.065115203984413,-0.013131752275742332
4.858278784588514,-5.065115203984413,-0.02167137865498807
4.961646418303163,-5.065115203984413,-0.02661793377172079
5.065014052017812,-5.065115203984413,-0.02816183154886904
5.168381685732461,-5.065115203984413,-0.026964426285460193
5.27174931944711,-5.065115203984413,-0.02369717174955779
5.3751169531617595,-5.065115203984413,-0.01873470982082009
5.478484586876409,-5.065115203984413,-0.01212318191843116
5.581852220591058,-5.065115203984413,-0.003815539841763179
5.685219854305707,-5.065115203984413,0.00595679803224025
5.788587488020356,-5.065115203984413,0.016372774069671442
5.8919551217350055,-5.065115203984413,0.02595086125826062
5.995322755449654,-5.065115203984413,0.032803963187267485
6.098690389164305,-5.065115203984413,0.03516959203449974
6.202058022878954,-5.065115203984413,0.03204071677839096
6.305425656593603,-5.065115203984413,0.02366010282360249
6.408793290308252,-5.065115203984413,0.01166761513319039
-6.408793290308252,-4.961745505943915,-0.013384707933381972
-6.305425656593603,-4.961745505943915,-0.01788299536797796
-6.202058022878954,-4.961745505943915,-0.017622322900739736
-6.098690389164304,-4.961745505943915,-0.01275145306329086
-5.995322755449655,-4.961745505943915,-0.004447570059431178
-5.8919551217350055,-4.961745505943915,0.005407391318841234
-5.788587488020356,-4.961745505943915,0.014746803861398705
-5.685219854305708,-4.961745505943915,0.021880095426695945
-5.581852220591058,-4.961745505943915,0.025916394220097328
-5.478484586876409,-4.961745505943915,0.026912430226255675
-5.3751169531617595,-4.961745505943915,0.025696917911723426
-5.27174931944711,-4.961745505943915,0.023436672566159812
-5.168381685732461,-4.961745505943915,0.021104933498401788
-5.065014052017812,-4.961745505943915,0.019053625880410183
-4.961646418303163,-4.961745505943915,0.0168599960193098
-4.858278784588514,-4.961745505943915,0.01352126475689928
-4.754911150873865,-4.961745505943915,0.007940447515788585
-4.651543517159215,-4.961745505943915,-0.0004713535300708628
-4.548175883444566,-4.961745505943915,-0.01131130182962392
-4.444808249729917,-4.961745505943915,-0.023031338294471453
-4.341440616015267,-4.961745505943915,-0.033221231236749256
-4.238072982300618,-4.961745505943915,-0.03928042215018702
-4.134705348585968,-4.961745505943915,-0.03928052527109754
-4.031337714871319,-4.961745505943915,-0.03272872655183686
-3.9279700811566705,-4.961745505943915,-0.02094723153447079
-3.8246024474420213,-4.961745505943915,-0.006891094698394652
-3.7212348137273725,-4.961745505943915,0.005594030701914828
-3.6178671800127233,-4.961745505943915,0.012879209221139823
-3.514499546298074,-4.961745505943915,0.01268839134838763
-3.411131912583425,-4.961745505943915,0.00489079761425904
-3.3077642788687753,-4.961745505943915,-0.008335373484670809
-3.204396645154126,-4.961745505943915,-0.023063157025086815
-3.101029011439477,-4.961745505943915,-0.034763027735941435
-2.9976613777248278,-4.961745505943915,-0.03969675583096445
-2.8942937440101786,-4.961745505943915,-0.03612183829738718
-2.790926110295529,-4.961745505943915,-0.024910240436471793
-2.6875584765808798,-4.961745505943915,-0.009358165414461134
-2.5841908428662306,-4.961745505943915,0.0057831440581321905
-2.4808232091515814,-4.961745505943915,0.015772553531618227
-2.3774555754369326,-4.961745505943915,0.017387641525422184
-2.2740879417222835,-4.961745505943915,0.009996574016203399
-2.1707203080076334,-4.961745505943915,-0.004159755544025689
-2.067352674292984,-4.961745505943915,-0.020583841115139688
-1.9639850405783352,-4.961745505943915,-0.03385966604118531
-1.8606174068636863,-4.961745505943915,-0.03930321946541136
-1.757249773149037,-4.961745505943915,-0.034410593539415
-1.6538821394343879,-4.961745505943915,-0.01964747252904421
-1.550514505719738,-4.961745505943915,0.0016708154479084258
-1.447146872005089,-4.961745505943915,0.02437262923280796
-1.3437792382904399,-4.961745505943915,0.042984479050952054
-1.2404116045757907,-4.961745505943915,0.05335803788128083
-1.1370439708611417,-4.961745505943915,0.053861504963641
-1.0336763371464925,-4.961745505943915,0.045770123501649294
-0.9303087034318435,-4.961745505943915,0.032749214960415295
-0.8269410697171936,-4.961745505943915,0.01961279075010693
-0.7235734360025445,-4.961745505943915,0.010767662665550843
-0.6202058022878953,-4.961745505943915,0.008844350462006599
-0.5168381685732463,-4.961745505943915,0.013944334483516002
-0.4134705348585972,-4.961745505943915,0.02372432229354379
-0.31010290114394806,-4.961745505943915,0.03426266881507984
-0.2067352674292982,-4.961745505943915,0.04140208142143067
-0.1033676337146491,-4.961745505943915,0.0421177570606953
0.,-4.961745505943915,0.03546620449539666
0.1033676337146491,-4.961745505943915,0.022821540601927266
0.2067352674292982,-4.961745505943915,0.007349421303006512
0.31010290114394734,-4.961745505943915,-0.007078839595882897
0.4134705348585964,-4.961745505943915,-0.017151888978994268
0.5168381685732455,-4.961745505943915,-0.021137932676138282
0.6202058022878947,-4.961745505943915,-0.01933027995435813
0.7235734360025438,-4.961745505943915,-0.013795206750494733
0.8269410697171944,-4.961745505943915,-0.007537964742351288
0.9303087034318435,-4.961745505943915,-0.00339560045279261
1.0336763371464925,-4.961745505943915,-0.0030475318885231878
1.1370439708611417,-4.961745505943915,-0.006481571862189824
1.2404116045757907,-4.961745505943915,-0.012085863168982698
1.3437792382904399,-4.961745505943915,-0.017315825464535518
1.447146872005089,-4.961745505943915,-0.019686649342682525
1.550514505719738,-4.961745505943915,-0.017733638554078782
1.6538821394343872,-4.961745505943915,-0.011600096620959018
1.7572497731490362,-4.961745505943915,-0.0030471430614489666
1.8606174068636854,-4.961745505943915,0.00511647427498198
1.9639850405783346,-4.961745505943915,0.009984876322180519
2.0673526742929837,-4.961745505943915,0.009555726739067795
2.1707203080076343,-4.961745505943915,0.0034353785620383098
2.2740879417222835,-4.961745505943915,-0.006994143144828478
2.3774555754369326,-4.961745505943915,-0.019003977949605087
2.4808232091515814,-4.961745505943915,-0.02939787012938497
2.5841908428662306,-4.961745505943915,-0.03554532916335467
2.6875584765808798,-4.961745505943915,-0.03622180428302915
2.790926110295529,-4.961745505943915,-0.031976571918711234
2.894293744010178,-4.961745505943915,-0.024909280315161937
2.997661377724827,-4.961745505943915,-0.017934044398218222
3.101029011439476,-4.961745505943915,-0.013778949299941144
3.2043966451541253,-4.961745505943915,-0.014053197819866078
3.3077642788687744,-4.961745505943915,-0.018687734115842475
3.411131912583425,-4.961745505943915,-0.025929178314047483
3.514499546298074,-4.961745505943915,-0.03288508677206048
3.6178671800127233,-4.961745505943915,-0.036441732839098996
3.7212348137273725,-4.961745505943915,-0.03426095076243221
3.8246024474420213,-4.961745505943915,-0.025544880747390225
3.9279700811566705,-4.961745505943915,-0.011338544305340831
4.031337714871319,-4.961745505943915,0.005710163443179954
4.134705348585968,-4.961745505943915,0.022046090012998735
4.238072982300618,-4.961745505943915,0.03413966005151185
4.341440616015267,-4.961745505943915,0.03938193040985274
4.444808249729916,-4.961745505943915,0.03669728849935826
4.548175883444565,-4.961745505943915,0.02673012554871456
4.651543517159214,-4.961745505943915,0.011595528504384838
4.754911150873865,-4.961745505943915,-0.005694130665282287
4.858278784588514,-4.961745505943915,-0.021941141953614806
4.961646418303163,-4.961745505943915,-0.034418430479264184
5.065014052017812,-4.961745505943915,-0.04132424610736833
5.168381685732461,-4.961745505943915,-0.04197266194896699
5.27174931944711,-4.961745505943915,-0.0367401264512447
5.3751169531617595,-4.961745505943915,-0.02684468397372664
5.478484586876409,-4.961745505943915,-0.014050807310195323
5.581852220591058,-4.961745505943915,-0.0003731415397724259
5.685219854305707,-4.961745505943915,0.012185657937576365
5.788587488020356,-4.961745505943915,0.021862289811267085
5.8919551217350055,-4.961745505943915,0.027338724232282716
5.995322755449654,-4.961745505943915,0.02792915988070327
6.098690389164305,-4.961745505943915,0.023723829000825963
6.202058022878954,-4.961745505943915,0.015640933629641862
6.305425656593603,-4.961745505943915,0.0053338081010210646
6.408793290308252,-4.961745505943915,-0.005073921711314679
-6.408793290308252,-4.858375807903417,-0.02506102992875964
-6.305425656593603,-4.858375807903417,-0.022903073580854427
-6.202058022878954,-4.858375807903417,-0.016801939758234664
-6.098690389164304,-4.858375807903417,-0.008496297157189943
-5.995322755449655,-4.858375807903417,0.0001015812614251106
-5.8919551217350055,-4.858375807903417,0.007418878814070329
-5.788587488020356,-4.858375807903417,0.012586523845921103
-5.685219854305708,-4.858375807903417,0.015562413877943344
-5.581852220591058,-4.858375807903417,0.016990098251013632
-5.478484586876409,-4.858375807903417,0.01784562240689281
-5.3751169531617595,-4.858375807903417,0.018988321794400635
-5.27174931944711,-4.858375807903417,0.020762868676588365
-5.168381685732461,-4.858375807903417,0.02278870440740728
-5.065014052017812,-4.858375807903417,0.024019433482133295
-4.961646418303163,-4.858375807903417,0.02307177724732254
-4.858278784588514,-4.858375807903417,0.018734457237226557
-4.754911150873865,-4.858375807903417,0.010499307157695495
-4.651543517159215,-4.858375807903417,-0.001066464681751595
-4.548175883444566,-4.858375807903417,-0.014254849738741984
-4.444808249729917,-4.858375807903417,-0.026521926023680975
-4.341440616015267,-4.858375807903417,-0.03511266232519149
-4.238072982300618,-4.858375807903417,-0.0378457586853716
-4.134705348585968,-4.858375807903417,-0.03382923397389992
-4.031337714871319,-4.858375807903417,-0.023874398909511787
-3.9279700811566705,-4.858375807903417,-0.010446495540854112
-3.8246024474420213,-4.858375807903417,0.0028810255482955445
-3.7212348137273725,-4.858375807903417,0.012350609421906349
-3.6178671800127233,-4.858375807903417,0.015077751667333281
-3.514499546298074,-4.858375807903417,0.009934422944492144
-3.411131912583425,-4.858375807903417,-0.002018980049169026
-3.3077642788687753,-4.858375807903417,-0.017713692483274764
-3.204396645154126,-4.858375807903417,-0.03285024449815738
-3.101029011439477,-4.858375807903417,-0.04307741907414764
-2.9976613777248278,-4.858375807903417,-0.04524353091330508
-2.8942937440101786,-4.858375807903417,-0.03835172665107854
-2.790926110295529,-4.858375807903417,-0.023922282532815666
-2.6875584765808798,-4.858375807903417,-0.005630259913755594
-2.5841908428662306,-4.858375807903417,0.011700365226801013
-2.4808232091515814,-4.858375807903417,0.023468488457813692
-2.3774555754369326,-4.858375807903417,0.026636925261244206
-2.2740879417222835,-4.858375807903417,0.020643845841103663
-2.1707203080076334,-4.858375807903417,0.007604682438246355
-2.067352674292984,-4.858375807903417,-0.008268441329959181
-1.9639850405783352,-4.858375807903417,-0.02186918166781316
-1.8606174068636863,-4.858375807903417,-0.028671848569786725
-1.757249773149037,-4.858375807903417,-0.026043686630247947
-1.6538821394343879,-4.858375807903417,-0.014005248717321221
-1.550514505719738,-4.858375807903417,0.004786145421275424
-1.447146872005089,-4.858375807903417,0.025821481477538794
-1.3437792382904399,-4.858375807903417,0.044054228764533826
-1.2404116045757907,-4.858375807903417,0.0553466431919078
-1.1370439708611417,-4.858375807903417,0.057615642464466515
-1.0336763371464925,-4.858375807903417,0.051342644918101206
-0.9303087034318435,-4.858375807903417,0.03931040061602414
-0.8269410697171936,-4.858375807903417,0.02566771816440606
-0.7235734360025445,-4.858375807903417,0.014625785991733819
-0.6202058022878953,-4.858375807903417,0.009194844521307024
-0.5168381685732463,-4.858375807903417,0.010346026898013946
-0.4134705348585972,-4.858375807903417,0.016840029294459907
-0.31010290114394806,-4.858375807903417,0.025749189135062512
-0.2067352674292982,-4.858375807903417,0.03348185424993912
-0.1033676337146491,-4.858375807903417,0.03696655311445615
0.,-4.858375807903417,0.03461494548451992
0.1033676337146491,-4.858375807903417,0.02676638326699216
0.2067352674292982,-4.858375807903417,0.0154932459046394
0.31010290114394734,-4.858375807903417,0.0038560142156357233
0.4134705348585964,-4.858375807903417,-0.005128236798516299
0.5168381685732455,-4.858375807903417,-0.00945630522727129
0.6202058022878947,-4.858375807903417,-0.0087324881905996
0.7235734360025438,-4.858375807903417,-0.004203856850343625
0.8269410697171944,-4.858375807903417,0.0017540688547509203
0.9303087034318435,-4.858375807903417,0.006510148455290344
1.0336763371464925,-4.858375807903417,0.008103407760284755
1.1370439708611417,-4.858375807903417,0.005906131845526773
1.2404116045757907,-4.858375807903417,0.0008041420860421771
1.3437792382904399,-4.858375807903417,-0.005158381594622949
1.447146872005089,-4.858375807903417,-0.009539721360028718
1.550514505719738,-4.858375807903417,-0.010400946207113711
1.6538821394343872,-4.858375807903417,-0.007034324412559404
1.7572497731490362,-4.858375807903417,-0.000268289060627082
1.8606174068636854,-4.858375807903417,0.007758517520728219
1.9639850405783346,-4.858375807903417,0.014282063673889796
2.0673526742929837,-4.858375807903417,0.016829573551965977
2.1707203080076343,-4.858375807903417,0.014061914056845658
2.2740879417222835,-4.858375807903417,0.006258437842432973
2.3774555754369326,-4.858375807903417,-0.004722221130601754
2.4808232091515814,-4.858375807903417,-0.01599985380146359
2.5841908428662306,-4.858375807903417,-0.024572628237897208
2.6875584765808798,-4.858375807903417,-0.028269498780282534
2.790926110295529,-4.858375807903417,-0.02644582108559581
2.894293744010178,-4.858375807903417,-0.02019369719175457
2.997661377724827,-4.858375807903417,-0.011993345363625769
3.101029011439476,-4.858375807903417,-0.0049107085410880534
3.2043966451541253,-4.858375807903417,-0.001592384755207395
3.3077642788687744,-4.858375807903417,-0.00337557635180349
3.411131912583425,-4.858375807903417,-0.009797412417466055
3.514499546298074,-4.858375807903417,-0.018665652244638373
3.6178671800127233,-4.858375807903417,-0.02668005381344246
3.7212348137273725,-4.858375807903417,-0.03042431283718864
3.8246024474420213,-4.858375807903417,-0.02743428227591911
3.9279700811566705,-4.858375807903417,-0.017023190996689655
4.031337714871319,-4.858375807903417,-0.0006150502104636563
4.134705348585968,-4.858375807903417,0.01851923900162009
4.238072982300618,-4.858375807903417,0.03605610931196594
4.341440616015267,-4.858375807903417,0.04772633741000622
4.444808249729916,-4.858375807903417,0.05043146071714198
4.548175883444565,-4.858375807903417,0.04306758366718044
4.651543517159214,-4.858375807903417,0.026839595958935123
4.754911150873865,-4.858375807903417,0.004990420108035686
4.858278784588514,-4.858375807903417,-0.017973537922858388
4.961646418303163,-4.858375807903417,-0.037351408292896064
5.065014052017812,-4.858375807903417,-0.04933511548318801
5.168381685732461,-4.858375807903417,-0.05184697053561799
5.27174931944711,-4.858375807903417,-0.044936042784809324
5.3751169531617595,-4.858375807903417,-0.030661503319311327
5.478484586876409,-4.858375807903417,-0.012520422994348251
5.581852220591058,-4.858375807903417,0.005416906515088909
5.685219854305707,-4.858375807903417,0.01944326271585643
5.788587488020356,-4.858375807903417,0.027001313401908495
5.8919551217350055,-4.858375807903417,0.027151979851551145
5.995322755449654,-4.858375807903417,0.020642514460647812
6.098690389164305,-4.858375807903417,0.009591108008825337
6.202058022878954,-4.858375807903417,-0.0031087059103142964
6.305425656593603,-4.858375807903417,-0.014504756039139859
6.408793290308252,-4.858375807903417,-0.02224961611704502
-6.408793290308252,-4.755006109862919,-0.03270956097954628
-6.305425656593603,-4.755006109862919,-0.02539735160758484
-6.202058022878954,-4.755006109862919,-0.015260029793747432
-6.098690389164304,-4.755006109862919,-0.005167577319675488
-5.995322755449655,-4.755006109862919,0.0025754113696808403
-5.8919551217350055,-4.755006109862919,0.0068338718411636145
-5.788587488020356,-4.755006109862919,0.007823280577043602
-5.685219854305708,-4.755006109862919,0.006846331529627841
-5.581852220591058,-4.755006109862919,0.005700247401128264
-5.478484586876409,-4.755006109862919,0.0059637801943007674
-5.3751169531617595,-4.755006109862919,0.008399188642201506
-5.27174931944711,-4.755006109862919,0.012658308908506504
-5.168381685732461,-4.755006109862919,0.01738018425135443
-5.065014052017812,-4.755006109862919,0.020643032229850027
-4.961646418303163,-4.755006109862919,0.020623445636321958
-4.858278784588514,-4.755006109862919,0.01625272414500342
-4.754911150873865,-4.755006109862919,0.0076614579731435475
-4.651543517159215,-4.755006109862919,-0.0037328419186306526
-4.548175883444566,-4.755006109862919,-0.01553383489004586
-4.444808249729917,-4.755006109862919,-0.024991158224368634
-4.341440616015267,-4.755006109862919,-0.029767834625615847
-4.238072982300618,-4.755006109862919,-0.028630730994052722
-4.134705348585968,-4.755006109862919,-0.021861506738968573
-4.031337714871319,-4.755006109862919,-0.011260153356038773
-3.9279700811566705,-4.755006109862919,0.0002750610469158691
-3.8246024474420213,-4.755006109862919,0.009489378217424474
-3.7212348137273725,-4.755006109862919,0.01364123910595279
-3.6178671800127233,-4.755006109862919,0.01126561560348482
-3.514499546298074,-4.755006109862919,0.0026195175006975433
-3.411131912583425,-4.755006109862919,-0.010320969425312103
-3.3077642788687753,-4.755006109862919,-0.0243247217387619
-3.204396645154126,-4.755006109862919,-0.03571913899757868
-3.101029011439477,-4.755006109862919,-0.041344664701572005
-2.9976613777248278,-4.755006109862919,-0.039398543231900965
-2.8942937440101786,-4.755006109862919,-0.0299396503099188
-2.790926110295529,-4.755006109862919,-0.01491181750011391
-2.6875584765808798,-4.755006109862919,0.0023308320530696022
-2.5841908428662306,-4.755006109862919,0.01787944548065915
-2.4808232091515814,-4.755006109862919,0.02828477141290745
-2.3774555754369326,-4.755006109862919,0.03146094865094318
-2.2740879417222835,-4.755006109862919,0.027234493746481105
-2.1707203080076334,-4.755006109862919,0.017386493901973582
-2.067352674292984,-4.755006109862919,0.0051717535073175875
-1.9639850405783352,-4.755006109862919,-0.005558642918563298
-1.8606174068636863,-4.755006109862919,-0.011394703585996884
-1.757249773149037,-4.755006109862919,-0.010282007008744884
-1.6538821394343879,-4.755006109862919,-0.0020625203216127434
-1.550514505719738,-4.755006109862919,0.011506288742499296
-1.447146872005089,-4.755006109862919,0.027256677843949216
-1.3437792382904399,-4.755006109862919,0.04149554928678892
-1.2404116045757907,-4.755006109862919,0.05101750739030763
-1.1370439708611417,-4.755006109862919,0.05395927009765796
-1.0336763371464925,-4.755006109862919,0.050256032817655054
-0.9303087034318435,-4.755006109862919,0.04157720920206036
-0.8269410697171936,-4.755006109862919,0.03077137072837087
-0.7235734360025445,-4.755006109862919,0.020993294211764425
-0.6202058022878953,-4.755006109862919,0.014777195672770835
-0.5168381685732463,-4.755006109862919,0.013332055969176257
-0.4134705348585972,-4.755006109862919,0.016263760840487078
-0.31010290114394806,-4.755006109862919,0.021796148172586464
-0.2067352674292982,-4.755006109862919,0.027409501319618966
-0.1033676337146491,-4.755006109862919,0.03068777479386876
0.,-4.755006109862919,0.030104252714573097
0.1033676337146491,-4.755006109862919,0.025498566897191047
0.2067352674292982,-4.755006109862919,0.018098745164896343
0.31010290114394734,-4.755006109862919,0.010088490835703309
0.4134705348585964,-4.755006109862919,0.0038658070938068184
0.5168381685732455,-4.755006109862919,0.0012378626914288982
0.6202058022878947,-4.755006109862919,0.002816845302471378
0.7235734360025438,-4.755006109862919,0.007815710544703489
0.8269410697171944,-4.755006109862919,0.01431196433970645
0.9303087034318435,-4.755006109862919,0.019893839270991875
1.0336763371464925,-4.755006109862919,0.022476275212075788
1.1370439708611417,-4.755006109862919,0.021015709880996717
1.2404116045757907,-4.755006109862919,0.015882781134833525
1.3437792382904399,-4.755006109862919,0.008762016261749949
1.447146872005089,-4.755006109862919,0.0021025859979369858
1.550514505719738,-4.755006109862919,-0.0017059186037581729
1.6538821394343872,-4.755006109862919,-0.0011633291413114951
1.7572497731490362,-4.755006109862919,0.0037834717364617675
1.8606174068636854,-4.755006109862919,0.011649913196981535
1.9639850405783346,-4.755006109862919,0.019835535170911526
2.0673526742929837,-4.755006109862919,0.025435545104748703
2.1707203080076343,-4.755006109862919,0.026187206572415675
2.2740879417222835,-4.755006109862919,0.021243938939373624
2.3774555754369326,-4.755006109862919,0.01151694289628385
2.4808232091515814,-4.755006109862919,-0.0005425334509858241
2.5841908428662306,-4.755006109862919,-0.011668661324557844
2.6875584765808798,-4.755006109862919,-0.018795689929116913
2.790926110295529,-4.755006109862919,-0.02004235762906288
2.894293744010178,-4.755006109862919,-0.015346128228981223
2.997661377724827,-4.755006109862919,-0.006530098950516911
3.101029011439476,-4.755006109862919,0.0032388197643947268
3.2043966451541253,-4.755006109862919,0.010447520740200158
3.3077642788687744,-4.755006109862919,0.012385887990349715
3.411131912583425,-4.755006109862919,0.008084403654980714
3.514499546298074,-4.755006109862919,-0.0012684270547488419
3.6178671800127233,-4.755006109862919,-0.01258372394408962
3.7212348137273725,-4.755006109862919,-0.021752843474422256
3.8246024474420213,-4.755006109862919,-0.02490207214392043
3.9279700811566705,-4.755006109862919,-0.01964751508785056
4.031337714871319,-4.755006109862919,-0.00596337482548042
4.134705348585968,-4.755006109862919,0.013617734021595492
4.238072982300618,-4.755006109862919,0.034560056540356154
4.341440616015267,-4.755006109862919,0.05149870291711567
4.444808249729916,-4.755006109862919,0.05970784939596687
4.548175883444565,-4.755006109862919,0.05644464406605824
4.651543517159214,-4.755006109862919,0.04177908409143634
4.754911150873865,-4.755006109862919,0.018663795027020983
4.858278784588514,-4.755006109862919,-0.007785965358137381
4.961646418303163,-4.755006109862919,-0.03160637081623979
5.065014052017812,-4.755006109862919,-0.04752912268488454
5.168381685732461,-4.755006109862919,-0.052328906759144596
5.27174931944711,-4.755006109862919,-0.04560755833181666
5.3751169531617595,-4.755006109862919,-0.029811709881748485
5.478484586876409,-4.755006109862919,-0.00949842917222608
5.581852220591058,-4.755006109862919,0.009928445768145342
5.685219854305707,-4.755006109862919,0.023649345655591535
5.788587488020356,-4.755006109862919,0.028632922850482318
5.8919551217350055,-4.755006109862919,0.02429821808300969
5.995322755449654,-4.755006109862919,0.012485305361875677
6.098690389164305,-4.755006109862919,-0.003215830415981719
6.202058022878954,-4.755006109862919,-0.018552973196850585
6.305425656593603,-4.755006109862919,-0.029788311975410167
6.408793290308252,-4.755006109862919,-0.0346327201325538
-6.408793290308252,-4.6516364118224205,-0.03354775550783494
-6.305425656593603,-4.6516364118224205,-0.02427946405564807
-6.202058022878954,-4.6516364118224205,-0.013232338946843163
-6.098690389164304,-4.6516364118224205,-0.003553457639830085
-5.995322755449655,-4.6516364118224205,0.0025299964057384464
-5.8919551217350055,-4.6516364118224205,0.004281541217322098
-5.788587488020356,-4.6516364118224205,0.002496114022172785
-5.685219854305708,-4.6516364118224205,-0.0009588358036126492
-5.581852220591058,-4.6516364118224205,-0.003913706280022603
-5.478484586876409,-4.6516364118224205,-0.004702511955291839
-5.3751169531617595,-4.6516364118224205,-0.002734137687607949
-5.27174931944711,-4.6516364118224205,0.0013478835113178613
-5.168381685732461,-4.6516364118224205,0.005948782169092317
-5.065014052017812,-4.6516364118224205,0.00913286327834013
-4.961646418303163,-4.6516364118224205,0.009341527178323707
-4.858278784588514,-4.6516364118224205,0.005972970373288572
-4.754911150873865,-4.6516364118224205,-0.0003682396072243958
-4.651543517159215,-4.6516364118224205,-0.008029426386057435
-4.548175883444566,-4.6516364118224205,-0.014818903621941805
-4.444808249729917,-4.6516364118224205,-0.018697431996932305
-4.341440616015267,-4.6516364118224205,-0.018429580897318044
-4.238072982300618,-4.6516364118224205,-0.013990448123390063
-4.134705348585968,-4.6516364118224205,-0.006604071209889352
-4.031337714871319,-4.6516364118224205,0.0015943063269988453
-3.9279700811566705,-4.6516364118224205,0.008166396997521464
-3.8246024474420213,-4.6516364118224205,0.011066767112742033
-3.7212348137273725,-4.6516364118224205,0.009224405095963579
-3.6178671800127233,-4.6516364118224205,0.0028484141876745205
-3.514499546298074,-4.6516364118224205,-0.006619004528877467
-3.411131912583425,-4.6516364118224205,-0.016877702455576744
-3.3077642788687753,-4.6516364118224205,-0.025360256268115045
-3.204396645154126,-4.6516364118224205,-0.02987445013706264
-3.101029011439477,-4.6516364118224205,-0.029130531848347005
-2.9976613777248278,-4.6516364118224205,-0.02302708383985282
-2.8942937440101786,-4.6516364118224205,-0.012639152053872968
-2.790926110295529,-4.6516364118224205,0.00007019098322914385
-2.6875584765808798,-4.6516364118224205,0.012728882468413517
-2.5841908428662306,-4.6516364118224205,0.023101865977493148
-2.4808232091515814,-4.6516364118224205,0.02957538168397602
-2.3774555754369326,-4.6516364118224205,0.0314753807290579
-2.2740879417222835,-4.6516364118224205,0.029160606572460893
-2.1707203080076334,-4.6516364118224205,0.02388377262562382
-2.067352674292984,-4.6516364118224205,0.017463749989835062
-1.9639850405783352,-4.6516364118224205,0.011848758378239949
-1.8606174068636863,-4.6516364118224205,0.008669643903665564
-1.757249773149037,-4.6516364118224205,0.00888121756589986
-1.6538821394343879,-4.6516364118224205,0.012569117720574433
-1.550514505719738,-4.6516364118224205,0.018963320076427616
-1.447146872005089,-4.6516364118224205,0.026653516497499048
-1.3437792382904399,-4.6516364118224205,0.03395482382196772
-1.2404116045757907,-4.6516364118224205,0.039334877035513305
-1.1370439708611417,-4.6516364118224205,0.041795122978141364
-1.0336763371464925,-4.6516364118224205,0.04110680257174065
-0.9303087034318435,-4.6516364118224205,0.03783665294701712
-0.8269410697171936,-4.6516364118224205,0.03315232053907324
-0.7235734360025445,-4.6516364118224205,0.02845941365164914
-0.6202058022878953,-4.6516364118224205,0.024973543668116237
-0.5168381685732463,-4.6516364118224205,0.023354995155011115
-0.4134705348585972,-4.6516364118224205,0.023520657907515577
-0.31010290114394806,-4.6516364118224205,0.024698108728059772
-0.2067352674292982,-4.6516364118224205,0.025712781647201772
-0.1033676337146491,-4.6516364118224205,0.02542281039472889
0.,-4.6516364118224205,0.023162166485576646
0.1033676337146491,-4.6516364118224205,0.019040895023271748
0.2067352674292982,-4.6516364118224205,0.013989030934256309
0.31010290114394734,-4.6516364118224205,0.009509585756781631
0.4134705348585964,-4.6516364118224205,0.007202622018141849
0.5168381685732455,-4.6516364118224205,0.00820563560036637
0.6202058022878947,-4.6516364118224205,0.012735947498951001
0.7235734360025438,-4.6516364118224205,0.019901402278188384
0.8269410697171944,-4.6516364118224205,0.02786822928659399
0.9303087034318435,-4.6516364118224205,0.034361194288346456
1.0336763371464925,-4.6516364118224205,0.03735692243958153
1.1370439708611417,-4.6516364118224205,0.03575514800993453
1.2404116045757907,-4.6516364118224205,0.029803192629965006
1.3437792382904399,-4.6516364118224205,0.021114215399584833
1.447146872005089,-4.6516364118224205,0.012243055559656883
1.550514505719738,-4.6516364118224205,0.0059274362149638864
1.6538821394343872,-4.6516364118224205,0.004220123137637578
1.7572497731490362,-4.6516364118224205,0.007788309034419207
1.8606174068636854,-4.6516364118224205,0.015618933392927314
1.9639850405783346,-4.6516364118224205,0.02524998341309612
2.0673526742929837,-4.6516364118224205,0.033482648848875605
2.1707203080076343,-4.6516364118224205,0.037369548233862133
2.2740879417222835,-4.6516364118224205,0.035173136561431895
2.3774555754369326,-4.6516364118224205,0.02698226627632925
2.4808232091515814,-4.6516364118224205,0.014770566639860943
2.5841908428662306,-4.6516364118224205,0.0018514120948048825
2.6875584765808798,-4.6516364118224205,-0.008121756173556705
2.790926110295529,-4.6516364118224205,-0.01230657352341628
2.894293744010178,-4.6516364118224205,-0.009608579136019996
2.997661377724827,-4.6516364118224205,-0.0010915649861154622
3.101029011439476,-4.6516364118224205,0.010293472419080277
3.2043966451541253,-4.6516364118224205,0.020601736253634585
3.3077642788687744,-4.6516364118224205,0.026147850666052585
3.411131912583425,-4.6516364118224205,0.024729593997204702
3.514499546298074,-4.6516364118224205,0.01642656398979234
3.6178671800127233,-4.6516364118224205,0.0036987152612863654
3.7212348137273725,-4.6516364118224205,-0.009277342708223434
3.8246024474420213,-4.6516364118224205,-0.017856165263933098
3.9279700811566705,-4.6516364118224205,-0.018385559538144434
4.031337714871319,-4.6516364118224205,-0.009432233297739963
4.134705348585968,-4.6516364118224205,0.007621038083507574
4.238072982300618,-4.6516364118224205,0.028815570992060353
4.341440616015267,-4.6516364118224205,0.04865007065462841
4.444808249729916,-4.6516364118224205,0.0616177730185214
4.548175883444565,-4.6516364118224205,0.06379751352323826
4.651543517159214,-4.6516364118224205,0.054023803022819956
4.754911150873865,-4.6516364118224205,0.034280967964466585
4.858278784588514,-4.6516364118224205,0.009195656619183184
4.961646418303163,-4.6516364118224205,-0.015229304120770762
5.065014052017812,-4.6516364118224205,-0.03327080084723378
5.168381685732461,-4.6516364118224205,-0.04104795082473594
5.27174931944711,-4.6516364118224205,-0.03753980778065437
5.3751169531617595,-4.6516364118224205,-0.02477348945515279
5.478484586876409,-4.6516364118224205,-0.00714732559844275
5.581852220591058,-4.6516364118224205,0.009891257515736274
5.685219854305707,-4.6516364118224205,0.021409926735443747
5.788587488020356,-4.6516364118224205,0.02433655474427789
5.8919551217350055,-4.6516364118224205,0.018205791977236322
5.995322755449654,-4.6516364118224205,0.005119921491573466
6.098690389164305,-4.6516364118224205,-0.011022405785231688
6.202058022878954,-4.6516364118224205,-0.025761675832002697
6.305425656593603,-4.6516364118224205,-0.03538575972729303
6.408793290308252,-4.6516364118224205,-0.03792025293984303
-6.408793290308252,-4.548266713781922,-0.026369020072741077
-6.305425656593603,-4.548266713781922,-0.019100988576958085
-6.202058022878954,-4.548266713781922,-0.010743997143708404
-6.098690389164304,-4.548266713781922,-0.003709849930289102
-5.995322755449655,-4.548266713781922,0.00033952473510208214
-5.8919551217350055,-4.548266713781922,0.0009084119079633749
-5.788587488020356,-4.548266713781922,-0.0013416527371703096
-5.685219854305708,-4.548266713781922,-0.004981981559487659
-5.581852220591058,-4.548266713781922,-0.008418804372425759
-5.478484586876409,-4.548266713781922,-0.010479185352209291
-5.3751169531617595,-4.548266713781922,-0.010775988609069245
-5.27174931944711,-4.548266713781922,-0.0097400445665431
-5.168381685732461,-4.548266713781922,-0.008334306815329514
-5.065014052017812,-4.548266713781922,-0.007579220584753577
-4.961646418303163,-4.548266713781922,-0.008081121231576598
-4.858278784588514,-4.548266713781922,-0.009746329064326867
-4.754911150873865,-4.548266713781922,-0.011788666054704968
-4.651543517159215,-4.548266713781922,-0.01302623377893009
-4.548175883444566,-4.548266713781922,-0.012355373592730895
-4.444808249729917,-4.548266713781922,-0.009224116306111961
-4.341440616015267,-4.548266713781922,-0.003926580983025438
-4.238072982300618,-4.548266713781922,0.002397105610845001
-4.134705348585968,-4.548266713781922,0.008066906933822013
-4.031337714871319,-4.548266713781922,0.011378789806994607
-3.9279700811566705,-4.548266713781922,0.01116018732195785
-3.8246024474420213,-4.548266713781922,0.007179488307293755
-3.7212348137273725,-4.548266713781922,0.00027195224593758524
-3.6178671800127233,-4.548266713781922,-0.007861798511791324
-3.514499546298074,-4.548266713781922,-0.015121515717305802
-3.411131912583425,-4.548266713781922,-0.019589954075797816
-3.3077642788687753,-4.548266713781922,-0.02005120750631503
-3.204396645154126,-4.548266713781922,-0.016289616384231192
-3.101029011439477,-4.548266713781922,-0.009089237222300909
-2.9976613777248278,-4.548266713781922,0.00004870595991697179
-2.8942937440101786,-4.548266713781922,0.009366270557230626
-2.790926110295529,-4.548266713781922,0.01733490112789747
-2.6875584765808798,-4.548266713781922,0.023018905739987695
-2.5841908428662306,-4.548266713781922,0.02621941038319172
-2.4808232091515814,-4.548266713781922,0.027380505215840786
-2.3774555754369326,-4.548266713781922,0.027317089683850247
-2.2740879417222835,-4.548266713781922,0.026875096515320628
-2.1707203080076334,-4.548266713781922,0.026644407814496424
-2.067352674292984,-4.548266713781922,0.02681321353417017
-1.9639850405783352,-4.548266713781922,0.02719420712702163
-1.8606174068636863,-4.548266713781922,0.027390299246218903
-1.757249773149037,-4.548266713781922,0.02702248757073794
-1.6538821394343879,-4.548266713781922,0.02592907744812183
-1.550514505719738,-4.548266713781922,0.02426517288305057
-1.447146872005089,-4.548266713781922,0.02247394478544322
-1.3437792382904399,-4.548266713781922,0.021149186858466236
-1.2404116045757907,-4.548266713781922,0.02084446367772939
-1.1370439708611417,-4.548266713781922,0.021896402665428655
-1.0336763371464925,-4.548266713781922,0.02431692461874058
-0.9303087034318435,-4.548266713781922,0.027779431305638338
-0.8269410697171936,-4.548266713781922,0.03169057566448289
-0.7235734360025445,-4.548266713781922,0.035315242273959664
-0.6202058022878953,-4.548266713781922,0.037915204582146
-0.5168381685732463,-4.548266713781922,0.038870969385065395
-0.4134705348585972,-4.548266713781922,0.03777392792850046
-0.31010290114394806,-4.548266713781922,0.034491492206160955
-0.2067352674292982,-4.548266713781922,0.029213005264933634
-0.1033676337146491,-4.548266713781922,0.02247675636403289
0.,-4.548266713781922,0.01516370233684031
0.1033676337146491,-4.548266713781922,0.008431841442224055
0.2067352674292982,-4.548266713781922,0.003567054284160855
0.31010290114394734,-4.548266713781922,0.0017467244426789498
0.4134705348585964,-4.548266713781922,0.0037478147887765843
0.5168381685732455,-4.548266713781922,0.009668815975809536
0.6202058022878947,-4.548266713781922,0.01875804138098435
0.7235734360025438,-4.548266713781922,0.029434305378432984
0.8269410697171944,-4.548266713781922,0.03954443153573365
0.9303087034318435,-4.548266713781922,0.04683291128227663
1.0336763371464925,-4.548266713781922,0.049522557860001676
1.1370439708611417,-4.548266713781922,0.04684807821976965
1.2404116045757907,-4.548266713781922,0.039371417624388644
1.3437792382904399,-4.548266713781922,0.028950628692559603
1.447146872005089,-4.548266713781922,0.018326573362469945
1.550514505719738,-4.548266713781922,0.010409114650616013
1.6538821394343872,-4.548266713781922,0.007449799935579968
1.7572497731490362,-4.548266713781922,0.010344337239479815
1.8606174068636854,-4.548266713781922,0.018291117199915535
1.9639850405783346,-4.548266713781922,0.028939822960503073
2.0673526742929837,-4.548266713781922,0.03902024444745224
2.1707203080076343,-4.548266713781922,0.04528870515126291
2.2740879417222835,-4.548266713781922,0.04551746372015999
2.3774555754369326,-4.548266713781922,0.039220817557951364
2.4808232091515814,-4.548266713781922,0.027876381504312674
2.5841908428662306,-4.548266713781922,0.0145463553396371
2.6875584765808798,-4.548266713781922,0.0029889411851552164
2.790926110295529,-4.548266713781922,-0.003483487544977724
2.894293744010178,-4.548266713781922,-0.0030502550702026397
2.997661377724827,-4.548266713781922,0.004002051741147152
3.101029011439476,-4.548266713781922,0.015306078110059856
3.2043966451541253,-4.548266713781922,0.027098497325321363
3.3077642788687744,-4.548266713781922,0.03537084066913092
3.411131912583425,-4.548266713781922,0.03713909869306353
3.514499546298074,-4.548266713781922,0.03143499764278037
3.6178671800127233,-4.548266713781922,0.01969666046160066
3.7212348137273725,-4.548266713781922,0.005415767998599348
3.8246024474420213,-4.548266713781922,-0.006871876805606119
3.9279700811566705,-4.548266713781922,-0.012957099081470944
4.031337714871319,-4.548266713781922,-0.010273789536435896
4.134705348585968,-4.548266713781922,0.001246989304939645
4.238072982300618,-4.548266713781922,0.019057798162467256
4.341440616015267,-4.548266713781922,0.038660544940998715
4.444808249729916,-4.548266713781922,0.05486641130853924
4.548175883444565,-4.548266713781922,0.06327560362407607
4.651543517159214,-4.548266713781922,0.06153377432995968
4.754911150873865,-4.548266713781922,0.04998980886120828
4.858278784588514,-4.548266713781922,0.03156286967393424
4.961646418303163,-4.548266713781922,0.010867616003164361
5.065014052017812,-4.548266713781922,-0.007129999891262615
5.168381685732461,-4.548266713781922,-0.01851723181593059
5.27174931944711,-4.548266713781922,-0.021481386647810415
5.3751169531617595,-4.548266713781922,-0.016700544158170894
5.478484586876409,-4.548266713781922,-0.006987530979087249
5.581852220591058,-4.548266713781922,0.0036740626352152134
5.685219854305707,-4.548266713781922,0.011384074023690242
5.788587488020356,-4.548266713781922,0.013478069504966368
5.8919551217350055,-4.548266713781922,0.009235474856911771
5.995322755449654,-4.548266713781922,-0.00004508397407736868
6.098690389164305,-4.548266713781922,-0.011586830904136826
6.202058022878954,-4.548266713781922,-0.02208631481230529
6.305425656593603,-4.548266713781922,-0.0287544175947283
6.408793290308252,-4.548266713781922,-0.030118526553102334
-6.408793290308252,-4.444897015741423,-0.012035176822005873
-6.305425656593603,-4.444897015741423,-0.010245102320575248
-6.202058022878954,-4.444897015741423,-0.007574513575587071
-6.098690389164304,-4.444897015741423,-0.004837506316944266
-5.995322755449655,-4.444897015741423,-0.0027577608483899587
-5.8919551217350055,-4.444897015741423,-0.0017918040578953933
-5.788587488020356,-4.444897015741423,-0.002085016173910174
-5.685219854305708,-4.444897015741423,-0.0035450482782194382
-5.581852220591058,-4.444897015741423,-0.005970489402002285
-5.478484586876409,-4.444897015741423,-0.009157306350888203
-5.3751169531617595,-4.444897015741423,-0.012926302280331526
-5.27174931944711,-4.444897015741423,-0.01706126481404295
-5.168381685732461,-4.444897015741423,-0.021198792584986154
-5.065014052017812,-4.444897015741423,-0.02474412076179676
-4.961646418303163,-4.444897015741423,-0.026886855358038544
-4.858278784588514,-4.444897015741423,-0.026754228634122305
-4.754911150873865,-4.444897015741423,-0.023680057805511617
-4.651543517159215,-4.444897015741423,-0.017508198431459936
-4.548175883444566,-4.444897015741423,-0.008814857809059771
-4.444808249729917,-4.444897015741423,0.0010583253269883285
-4.341440616015267,-4.444897015741423,0.01021701961188938
-4.238072982300618,-4.444897015741423,0.016648610717926227
-4.134705348585968,-4.444897015741423,0.018771234604483135
-4.031337714871319,-4.444897015741423,0.015935473521523264
-3.9279700811566705,-4.444897015741423,0.008712255620766256
-3.8246024474420213,-4.444897015741423,-0.0011474519728950402
-3.7212348137273725,-4.444897015741423,-0.011100295548797039
-3.6178671800127233,-4.444897015741423,-0.018455376115662978
-3.514499546298074,-4.444897015741423,-0.021098562824915516
-3.411131912583425,-4.444897015741423,-0.018083079028503424
-3.3077642788687753,-4.444897015741423,-0.009904110565321813
-3.204396645154126,-4.444897015741423,0.001634543085421431
-3.101029011439477,-4.444897015741423,0.013931101001552445
-2.9976613777248278,-4.444897015741423,0.02432641714551566
-2.8942937440101786,-4.444897015741423,0.030854163326697125
-2.790926110295529,-4.444897015741423,0.0327747588358845
-2.6875584765808798,-4.444897015741423,0.030732330048902735
-2.5841908428662306,-4.444897015741423,0.026489771918394647
-2.4808232091515814,-4.444897015741423,0.022327244137249156
-2.3774555754369326,-4.444897015741423,0.02029317008859258
-2.2740879417222835,-4.444897015741423,0.02154141892807441
-2.1707203080076334,-4.444897015741423,0.025960075567765292
-2.067352674292984,-4.444897015741423,0.03220539164170931
-1.9639850405783352,-4.444897015741423,0.03812842377173362
-1.8606174068636863,-4.444897015741423,0.04146111323751107
-1.757249773149037,-4.444897015741423,0.040550390635601466
-1.6538821394343879,-4.444897015741423,0.03491649785740826
-1.550514505719738,-4.444897015741423,0.02546733839195357
-1.447146872005089,-4.444897015741423,0.014305503460596307
-1.3437792382904399,-4.444897015741423,0.004185460078662386
-1.2404116045757907,-4.444897015741423,-0.0022215219906062365
-1.1370439708611417,-4.444897015741423,-0.0030465559075455685
-1.0336763371464925,-4.444897015741423,0.002270394987973229
-0.9303087034318435,-4.444897015741423,0.012817232804483743
-0.8269410697171936,-4.444897015741423,0.026421346656150486
-0.7235734360025445,-4.444897015741423,0.04016718037216693
-0.6202058022878953,-4.444897015741423,0.05107650189600414
-0.5168381685732463,-4.444897015741423,0.05677815871102465
-0.4134705348585972,-4.444897015741423,0.05601167710636027
-0.31010290114394806,-4.444897015741423,0.04886352647612522
-0.2067352674292982,-4.444897015741423,0.03670674777633778
-0.1033676337146491,-4.444897015741423,0.02188281778275957
0.,-4.444897015741423,0.00721295145908875
0.1033676337146491,-4.444897015741423,-0.0045527176451951494
0.2067352674292982,-4.444897015741423,-0.011243645314534647
0.31010290114394734,-4.444897015741423,-0.011651912555566128
0.4134705348585964,-4.444897015741423,-0.005735587347012326
0.5168381685732455,-4.444897015741423,0.005382309571777164
0.6202058022878947,-4.444897015741423,0.01961678504318571
0.7235734360025438,-4.444897015741423,0.03429773681945433
0.8269410697171944,-4.444897015741423,0.046666986475789096
0.9303087034318435,-4.444897015741423,0.05441678941682626
1.0336763371464925,-4.444897015741423,0.05617163555968818
1.1370439708611417,-4.444897015741423,0.05180936378449467
1.2404116045757907,-4.444897015741423,0.042533929366775164
1.3437792382904399,-4.444897015741423,0.030654643743640915
1.447146872005089,-4.444897015741423,0.019091205882597356
1.550514505719738,-4.444897015741423,0.010696805886168384
1.6538821394343872,-4.444897015741423,0.007552564423513108
1.7572497731490362,-4.444897015741423,0.010414205757229792
1.8606174068636854,-4.444897015741423,0.01847143050433436
1.9639850405783346,-4.444897015741423,0.02951041452860559
2.0673526742929837,-4.444897015741423,0.04046465504603057
2.1707203080076343,-4.444897015741423,0.04822696334610112
2.2740879417222835,-4.444897015741423,0.05050965791887244
2.3774555754369326,-4.444897015741423,0.04651021431939363
2.4808232091515814,-4.444897015741423,0.037180248526421204
2.5841908428662306,-4.444897015741423,0.02500018807789953
2.6875584765808798,-4.444897015741423,0.013302959055706871
2.790926110295529,-4.444897015741423,0.005326485688182412
2.894293744010178,-4.444897015741423,0.0032643340798665316
2.997661377724827,-4.444897015741423,0.007596112755085225
3.101029011439476,-4.444897015741423,0.01690650306957659
3.2043966451541253,-4.444897015741423,0.028262530108971024
3.3077642788687744,-4.444897015741423,0.03805306461751259
3.411131912583425,-4.444897015741423,0.04305259978677351
3.514499546298074,-4.444897015741423,0.04139750840352656
3.6178671800127233,-4.444897015741423,0.03318186312099422
3.7212348137273725,-4.444897015741423,0.020487931264577527
3.8246024474420213,-4.444897015741423,0.006832317494134383
3.9279700811566705,-4.444897015741423,-0.0038173834713668385
4.031337714871319,-4.444897015741423,-0.00817162230278065
4.134705348585968,-4.444897015741423,-0.004565421313507333
4.238072982300618,-4.444897015741423,0.006551934890976259
4.341440616015267,-4.444897015741423,0.02272276995881667
4.444808249729916,-4.444897015741423,0.04014547083210064
4.548175883444565,-4.444897015741423,0.05469837612095093
4.651543517159214,-4.444897015741423,0.06302411266070458
4.754911150873865,-4.444897015741423,0.06336674661014167
4.858278784588514,-4.444897015741423,0.05593687395995603
4.961646418303163,-4.444897015741423,0.04272606776250719
5.065014052017812,-4.444897015741423,0.026855361335108678
5.168381685732461,-4.444897015741423,0.011672521615267597
5.27174931944711,-4.444897015741423,-0.0001281672498367333
5.3751169531617595,-4.444897015741423,-0.0071162708614369435
5.478484586876409,-4.444897015741423,-0.009317154413848328
5.581852220591058,-4.444897015741423,-0.007973274792794485
5.685219854305707,-4.444897015741423,-0.004991857141548826
5.788587488020356,-4.444897015741423,-0.002278597209367891
5.8919551217350055,-4.444897015741423,-0.0011706915832420393
5.995322755449654,-4.444897015741423,-0.0021284994957921754
6.098690389164305,-4.444897015741423,-0.0047464203520281726
6.202058022878954,-4.444897015741423,-0.008035823178742926
6.305425656593603,-4.444897015741423,-0.010851909024660504
6.408793290308252,-4.444897015741423,-0.012306248253135034
-6.408793290308252,-4.341527317700925,0.006600412195032856
-6.305425656593603,-4.341527317700925,0.001051360125142574
-6.202058022878954,-4.341527317700925,-0.0033839476503139815
-6.098690389164304,-4.341527317700925,-0.005491105247313392
-5.995322755449655,-4.341527317700925,-0.004917122245474092
-5.8919551217350055,-4.341527317700925,-0.0022554718999019396
-5.788587488020356,-4.341527317700925,0.0011307603076065134
-5.685219854305708,-4.341527317700925,0.003501292705386379
-5.581852220591058,-4.341527317700925,0.0032471869066263443
-5.478484586876409,-4.341527317700925,-0.0006142818621521595
-5.3751169531617595,-4.341527317700925,-0.008088585431520334
-5.27174931944711,-4.341527317700925,-0.0180961343163535
-5.168381685732461,-4.341527317700925,-0.028650758665713816
-5.065014052017812,-4.341527317700925,-0.03729730357260701
-4.961646418303163,-4.341527317700925,-0.04171295043283106
-4.858278784588514,-4.341527317700925,-0.04032764490069626
-4.754911150873865,-4.341527317700925,-0.03280280437334511
-4.651543517159215,-4.341527317700925,-0.0202314932168694
-4.548175883444566,-4.341527317700925,-0.004985064051454306
-4.444808249729917,-4.341527317700925,0.009781814311742349
-4.341440616015267,-4.341527317700925,0.020864599000291084
-4.238072982300618,-4.341527317700925,0.025806320281300574
-4.134705348585968,-4.341527317700925,0.023554367842710155
-4.031337714871319,-4.341527317700925,0.014794767221495905
-3.9279700811566705,-4.341527317700925,0.0018561109073523814
-3.8246024474420213,-4.341527317700925,-0.01181589460377482
-3.7212348137273725,-4.341527317700925,-0.022496391470403457
-3.6178671800127233,-4.341527317700925,-0.027123857786674695
-3.514499546298074,-4.341527317700925,-0.024100078487562793
-3.411131912583425,-4.341527317700925,-0.01372783655406744
-3.3077642788687753,-4.341527317700925,0.001843644181603909
-3.204396645154126,-4.341527317700925,0.019165194227193632
-3.101029011439477,-4.341527317700925,0.03439001104129888
-2.9976613777248278,-4.341527317700925,0.04429271823684121
-2.8942937440101786,-4.341527317700925,0.047126769236747065
-2.790926110295529,-4.341527317700925,0.04307980666036736
-2.6875584765808798,-4.341527317700925,0.03419383707745089
-2.5841908428662306,-4.341527317700925,0.023765091215664138
-2.4808232091515814,-4.341527317700925,0.015385960975010713
-2.3774555754369326,-4.341527317700925,0.011896067968900113
-2.2740879417222835,-4.341527317700925,0.014540217964885737
-2.1707203080076334,-4.341527317700925,0.02257729663297816
-2.067352674292984,-4.341527317700925,0.0334598345890931
-1.9639850405783352,-4.341527317700925,0.043543451364489234
-1.8606174068636863,-4.341527317700925,0.049134087593465714
-1.757249773149037,-4.341527317700925,0.04758216718561944
-1.6538821394343879,-4.341527317700925,0.03811522470910051
-1.550514505719738,-4.341527317700925,0.02216964969187984
-1.447146872005089,-4.341527317700925,0.0031188679624595543
-1.3437792382904399,-4.341527317700925,-0.014538861867478627
-1.2404116045757907,-4.341527317700925,-0.026321271441614665
-1.1370439708611417,-4.341527317700925,-0.02892965839332277
-1.0336763371464925,-4.341527317700925,-0.021134045478194034
-0.9303087034318435,-4.341527317700925,-0.0041430713651225744
-0.8269410697171936,-4.341527317700925,0.018636681821184747
-0.7235734360025445,-4.341527317700925,0.0423870944855474
-0.6202058022878953,-4.341527317700925,0.062006762408633
-0.5168381685732463,-4.341527317700925,0.07329550832363767
-0.4134705348585972,-4.341527317700925,0.07390444983526247
-0.31010290114394806,-4.341527317700925,0.06383013274284445
-0.2067352674292982,-4.341527317700925,0.04535284866520174
-0.1033676337146491,-4.341527317700925,0.022458870076745418
0.,-4.341527317700925,-0.00009274178682105713
0.1033676337146491,-4.341527317700925,-0.017824846704693764
0.2067352674292982,-4.341527317700925,-0.02747316817946043
0.31010290114394734,-4.341527317700925,-0.02759579255714062
0.4134705348585964,-4.341527317700925,-0.018752707967175083
0.5168381685732455,-4.341527317700925,-0.00325183299211759
0.6202058022878947,-4.341527317700925,0.015447611347186937
0.7235734360025438,-4.341527317700925,0.03351989212337267
0.8269410697171944,-4.341527317700925,0.04756827094439848
0.9303087034318435,-4.341527317700925,0.0552704850467908
1.0336763371464925,-4.341527317700925,0.05576017896955035
1.1370439708611417,-4.341527317700925,0.04969283176382193
1.2404116045757907,-4.341527317700925,0.03900876247998054
1.3437792382904399,-4.341527317700925,0.026459865524825592
1.447146872005089,-4.341527317700925,0.01500373524503738
1.550514505719738,-4.341527317700925,0.007185801746505275
1.6538821394343872,-4.341527317700925,0.00462697911689242
1.7572497731490362,-4.341527317700925,0.007712841262216496
1.8606174068636854,-4.341527317700925,0.015543410297768337
1.9639850405783346,-4.341527317700925,0.026154614450639446
2.0673526742929837,-4.341527317700925,0.03696971699896601
2.1707203080076343,-4.341527317700925,0.0453901763630443
2.2740879417222835,-4.341527317700925,0.0494006119275077
2.3774555754369326,-4.341527317700925,0.048051431411674145
2.4808232091515814,-4.341527317700925,0.04170139512066047
2.5841908428662306,-4.341527317700925,0.03195084050108012
2.6875584765808798,-4.341527317700925,0.02126648405573132
2.790926110295529,-4.341527317700925,0.012375415850198851
2.894293744010178,-4.341527317700925,0.007569729111998745
2.997661377724827,-4.341527317700925,0.00809572366244048
3.101029011439476,-4.341527317700925,0.013790842216616916
3.2043966451541253,-4.341527317700925,0.02307638810948781
3.3077642788687744,-4.341527317700925,0.03332602640653386
3.411131912583425,-4.341527317700925,0.041530843545926475
3.514499546298074,-4.341527317700925,0.045098000068341054
3.6178671800127233,-4.341527317700925,0.04257592509965414
3.7212348137273725,-4.341527317700925,0.03410902124792092
3.8246024474420213,-4.341527317700925,0.021488916506683605
3.9279700811566705,-4.341527317700925,0.00777209595161339
4.031337714871319,-4.341527317700925,-0.0034515875988572527
4.134705348585968,-4.341527317700925,-0.008959614825868482
4.238072982300618,-4.341527317700925,-0.006737282666549346
4.341440616015267,-4.341527317700925,0.003460642091433971
4.444808249729916,-4.341527317700925,0.019976583342413572
4.548175883444565,-4.341527317700925,0.039585315980378726
4.651543517159214,-4.341527317700925,0.0582175600830959
4.754911150873865,-4.341527317700925,0.07189287861861468
4.858278784588514,-4.341527317700925,0.07763098447119732
4.961646418303163,-4.341527317700925,0.07411906170998069
5.065014052017812,-4.341527317700925,0.06197798759332565
5.168381685732461,-4.341527317700925,0.0435738692022204
5.27174931944711,-4.341527317700925,0.022435013666514122
5.3751169531617595,-4.341527317700925,0.002428676392354347
5.478484586876409,-4.341527317700925,-0.013096550487396025
5.581852220591058,-4.341527317700925,-0.021998986942636613
5.685219854305707,-4.341527317700925,-0.02371131601838858
5.788587488020356,-4.341527317700925,-0.019222112535001452
5.8919551217350055,-4.341527317700925,-0.010702991864285546
5.995322755449654,-4.341527317700925,-0.0008953914922786158
6.098690389164305,-4.341527317700925,0.007579853525788946
6.202058022878954,-4.341527317700925,0.012820531281415094
6.305425656593603,-4.341527317700925,0.014013531478655574
6.408793290308252,-4.341527317700925,0.011506627043173791
-6.408793290308252,-4.238157619660427,0.02536786922932804
-6.305425656593603,-4.238157619660427,0.012897146227702327
-6.202058022878954,-4.238157619660427,0.0020599683105008205
-6.098690389164304,-4.238157619660427,-0.004063780514512895
-5.995322755449655,-4.238157619660427,-0.004207353458551733
-5.8919551217350055,-4.238157619660427,0.0007890633813671126
-5.788587488020356,-4.238157619660427,0.00832283595687166
-5.685219854305708,-4.238157619660427,0.014890278688580344
-5.581852220591058,-4.238157619660427,0.017200215136691455
-5.478484586876409,-4.238157619660427,0.013210994483093645
-5.3751169531617595,-4.238157619660427,0.002792744190328674
-5.27174931944711,-4.238157619660427,-0.012170306383716347
-5.168381685732461,-4.238157619660427,-0.028261261699791998
-5.065014052017812,-4.238157619660427,-0.041456147572228035
-4.961646418303163,-4.238157619660427,-0.04823334229619157
-4.858278784588514,-4.238157619660427,-0.04655994381304261
-4.754911150873865,-4.238157619660427,-0.036485760117236685
-4.651543517159215,-4.238157619660427,-0.020184590243545908
-4.548175883444566,-4.238157619660427,-0.001431670240260485
-4.444808249729917,-4.238157619660427,0.015344822693103754
-4.341440616015267,-4.238157619660427,0.026190224270646996
-4.238072982300618,-4.238157619660427,0.028635890277985215
-4.134705348585968,-4.238157619660427,0.02233752521613323
-4.031337714871319,-4.238157619660427,0.009176476888478613
-3.9279700811566705,-4.238157619660427,-0.007201680130541589
-3.8246024474420213,-4.238157619660427,-0.022294898822957526
-3.7212348137273725,-4.238157619660427,-0.03187066706245171
-3.6178671800127233,-4.238157619660427,-0.03302790263875422
-3.514499546298074,-4.238157619660427,-0.024928312331513627
-3.411131912583425,-4.238157619660427,-0.009012731923961546
-3.3077642788687753,-4.238157619660427,0.01135412958510187
-3.204396645154126,-4.238157619660427,0.0317243317155068
-3.101029011439477,-4.238157619660427,0.04768375011505197
-2.9976613777248278,-4.238157619660427,0.055964333126999014
-2.8942937440101786,-4.238157619660427,0.05526754978363587
-2.790926110295529,-4.238157619660427,0.04658389299942532
-2.6875584765808798,-4.238157619660427,0.032918516818374266
-2.5841908428662306,-4.238157619660427,0.01848464349349302
-2.4808232091515814,-4.238157619660427,0.007566451379617996
-2.3774555754369326,-4.238157619660427,0.003345244320339475
-2.2740879417222835,-4.238157619660427,0.007001027855441574
-2.1707203080076334,-4.238157619660427,0.017338391415030276
-2.067352674292984,-4.238157619660427,0.03105408561726806
-1.9639850405783352,-4.238157619660427,0.04359589716347122
-1.8606174068636863,-4.238157619660427,0.05040161329570709
-1.757249773149037,-4.238157619660427,0.04819649374861674
-1.6538821394343879,-4.238157619660427,0.03599960005764288
-1.550514505719738,-4.238157619660427,0.01555452468866115
-1.447146872005089,-4.238157619660427,-0.008955502677813329
-1.3437792382904399,-4.238157619660427,-0.0318607743728207
-1.2404116045757907,-4.238157619660427,-0.04739833722743533
-1.1370439708611417,-4.238157619660427,-0.05119226520903046
-1.0336763371464925,-4.238157619660427,-0.04143470354831619
-0.9303087034318435,-4.238157619660427,-0.019451146400779697
-0.8269410697171936,-4.238157619660427,0.01051066554902378
-0.7235734360025445,-4.238157619660427,0.04222762045891963
-0.6202058022878953,-4.238157619660427,0.06895079276705161
-0.5168381685732463,-4.238157619660427,0.08499304779071618
-0.4134705348585972,-4.238157619660427,0.08705514864573309
-0.31010290114394806,-4.238157619660427,0.07496161708235609
-0.2067352674292982,-4.238157619660427,0.05163400667081683
-0.1033676337146491,-4.238157619660427,0.022327813185872476
0.,-4.238157619660427,-0.00665434701163345
0.1033676337146491,-4.238157619660427,-0.029436126669662995
0.2067352674292982,-4.238157619660427,-0.04185878422000456
0.31010290114394734,-4.238157619660427,-0.04228789535817041
0.4134705348585964,-4.238157619660427,-0.03177378116264642
0.5168381685732455,-4.238157619660427,-0.013577606309896066
0.6202058022878947,-4.238157619660427,0.007767353352331005
0.7235734360025438,-4.238157619660427,0.027589402348592158
0.8269410697171944,-4.238157619660427,0.04211618210190789
0.9303087034318435,-4.238157619660427,0.049182129984939184
1.0336763371464925,-4.238157619660427,0.04848198716407816
1.1370439708611417,-4.238157619660427,0.04137529050947526
1.2404116045757907,-4.238157619660427,0.030355914406798915
1.3437792382904399,-4.238157619660427,0.01836320815028986
1.447146872005089,-4.238157619660427,0.008117097377479057
1.550514505719738,-4.238157619660427,0.001616839402530187
1.6538821394343872,-4.238157619660427,-0.00012664565639761163
1.7572497731490362,-4.238157619660427,0.002874188670849556
1.8606174068636854,-4.238157619660427,0.009729563510157444
1.9639850405783346,-4.238157619660427,0.018927788805799435
2.0673526742929837,-4.238157619660427,0.028635744776670025
2.1707203080076343,-4.238157619660427,0.03700244762275498
2.2740879417222835,-4.238157619660427,0.04244496569685908
2.3774555754369326,-4.238157619660427,0.04390418959364725
2.4808232091515814,-4.238157619660427,0.041050341045262825
2.5841908428662306,-4.238157619660427,0.034401822349685314
2.6875584765808798,-4.238157619660427,0.025309753494029516
2.790926110295529,-4.238157619660427,0.015767956887661163
2.894293744010178,-4.238157619660427,0.00804089091923453
2.997661377724827,-4.238157619660427,0.004155372156241825
3.101029011439476,-4.238157619660427,0.005359829043226591
3.2043966451541253,-4.238157619660427,0.011694887150526894
3.3077642788687744,-4.238157619660427,0.021820728160880886
3.411131912583425,-4.238157619660427,0.033199758333141635
3.514499546298074,-4.238157619660427,0.04264365898947905
3.6178671800127233,-4.238157619660427,0.04712432364654883
3.7212348137273725,-4.238157619660427,0.044651737099617006
3.8246024474420213,-4.238157619660427,0.034972271574182964
3.9279700811566705,-4.238157619660427,0.01986085896088174
4.031337714871319,-4.238157619660427,0.0028727026126760444
4.134705348585968,-4.238157619660427,-0.01143582167829612
4.238072982300618,-4.238157619660427,-0.018650796787608417
4.341440616015267,-4.238157619660427,-0.01572026908607504
4.444808249729916,-4.238157619660427,-0.0019131480411262636
4.548175883444565,-4.238157619660427,0.020771764535726208
4.651543517159214,-4.238157619660427,0.04790078861902713
4.754911150873865,-4.238157619660427,0.07356994198366897
4.858278784588514,-4.238157619660427,0.09181484044855402
4.961646418303163,-4.238157619660427,0.09810632964398826
5.065014052017812,-4.238157619660427,0.09053314467008043
5.168381685732461,-4.238157619660427,0.07034505978778645
5.27174931944711,-4.238157619660427,0.04169624476517266
5.3751169531617595,-4.238157619660427,0.010643689509015836
5.478484586876409,-4.238157619660427,-0.016340852031357378
5.581852220591058,-4.238157619660427,-0.03395302646236485
5.685219854305707,-4.238157619660427,-0.03931417380913472
5.788587488020356,-4.238157619660427,-0.03257814892299133
5.8919551217350055,-4.238157619660427,-0.016739772047550106
5.995322755449654,-4.238157619660427,0.0032824980997527065
6.098690389164305,-4.238157619660427,0.02202108627859232
6.202058022878954,-4.238157619660427,0.03490485737630959
6.305425656593603,-4.238157619660427,0.03938209605377751
6.408793290308252,-4.238157619660427,0.0354296942839924
-6.408793290308252,-4.134787921619929,0.03989577621187972
-6.305425656593603,-4.134787921619929,0.02315606348751273
-6.202058022878954,-4.134787921619929,0.008660975671807805
-6.098690389164304,-4.134787921619929,0.0006144950828507356
-5.995322755449655,-4.134787921619929,0.0007478007133061243
-5.8919551217350055,-4.134787921619929,0.007936964846784805
-5.788587488020356,-4.134787921619929,0.018700280959208306
-5.685219854305708,-4.134787921619929,0.028387506792468008
-5.581852220591058,-4.134787921619929,0.032678614295002045
-5.478484586876409,-4.134787921619929,0.028935568716772407
-5.3751169531617595,-4.134787921619929,0.017013049973313602
-5.27174931944711,-4.134787921619929,-0.0006919635119360317
-5.168381685732461,-4.134787921619929,-0.01994222145718222
-5.065014052017812,-4.134787921619929,-0.03588814857813737
-4.961646418303163,-4.134787921619929,-0.04445452374140884
-4.858278784588514,-4.134787921619929,-0.04348807371951679
-4.754911150873865,-4.134787921619929,-0.03335084529680969
-4.651543517159215,-4.134787921619929,-0.016810544930281907
-4.548175883444566,-4.134787921619929,0.0017220458342216637
-4.444808249729917,-4.134787921619929,0.017383460190139626
-4.341440616015267,-4.134787921619929,0.026145382097412653
-4.238072982300618,-4.134787921619929,0.025857671581443534
-4.134705348585968,-4.134787921619929,0.016782662309565495
-4.031337714871319,-4.134787921619929,0.0014989189137873068
-3.9279700811566705,-4.134787921619929,-0.015782145823020514
-3.8246024474420213,-4.134787921619929,-0.030298071830228094
-3.7212348137273725,-4.134787921619929,-0.03793576286986736
-3.6178671800127233,-4.134787921619929,-0.036252118255714345
-3.514499546298074,-4.134787921619929,-0.02507006532896984
-3.411131912583425,-4.134787921619929,-0.006514063642127245
-3.3077642788687753,-4.134787921619929,0.01551445579912654
-3.204396645154126,-4.134787921619929,0.03628916212269874
-3.101029011439477,-4.134787921619929,0.05140704347338501
-2.9976613777248278,-4.134787921619929,0.05785662284956602
-2.8942937440101786,-4.134787921619929,0.054748325767057814
-2.790926110295529,-4.134787921619929,0.043526637511897934
-2.6875584765808798,-4.134787921619929,0.027604196714699433
-2.5841908428662306,-4.134787921619929,0.011495824271415038
-2.4808232091515814,-4.134787921619929,-0.0003450116337875953
-2.3774555754369326,-4.134787921619929,-0.004703376514326152
-2.2740879417222835,-4.134787921619929,-0.0004935880846155134
-2.1707203080076334,-4.134787921619929,0.010879047759608077
-2.067352674292984,-4.134787921619929,0.025805407886946328
-1.9639850405783352,-4.134787921619929,0.039367006952963066
-1.8606174068636863,-4.134787921619929,0.04663433000886992
-1.757249773149037,-4.134787921619929,0.04404619263117303
-1.6538821394343879,-4.134787921619929,0.030505452692851005
-1.550514505719738,-4.134787921619929,0.007879569518332437
-1.447146872005089,-4.134787921619929,-0.01926461458118444
-1.3437792382904399,-4.134787921619929,-0.04466623534829618
-1.2404116045757907,-4.134787921619929,-0.061889045905599974
-1.1370439708611417,-4.134787921619929,-0.06597578091734389
-1.0336763371464925,-4.134787921619929,-0.05480547396677585
-0.9303087034318435,-4.134787921619929,-0.0297817457958365
-0.8269410697171936,-4.134787921619929,0.004354541820930553
-0.7235734360025445,-4.134787921619929,0.04056679101208216
-0.6202058022878953,-4.134787921619929,0.07116771405615946
-0.5168381685732463,-4.134787921619929,0.08965130651126622
-0.4134705348585972,-4.134787921619929,0.09224030102912115
-0.31010290114394806,-4.134787921619929,0.07875120646832647
-0.2067352674292982,-4.134787921619929,0.052561559588258686
-0.1033676337146491,-4.134787921619929,0.019704525318272128
0.,-4.134787921619929,-0.012653410390535696
0.1033676337146491,-4.134787921619929,-0.03794001317991729
0.2067352674292982,-4.134787921619929,-0.051659842606964185
0.31010290114394734,-4.134787921619929,-0.05226784591813744
0.4134705348585964,-4.134787921619929,-0.04125268646985494
0.5168381685732455,-4.134787921619929,-0.02247125710645289
0.6202058022878947,-4.134787921619929,-0.0009730073892964153
0.7235734360025438,-4.134787921619929,0.018330967354639207
0.8269410697171944,-4.134787921619929,0.03179204468262686
0.9303087034318435,-4.134787921619929,0.037675486852409484
1.0336763371464925,-4.134787921619929,0.03623564683033127
1.1370439708611417,-4.134787921619929,0.029285613183537913
1.2404116045757907,-4.134787921619929,0.019463830445701654
1.3437792382904399,-4.134787921619929,0.009453698486162428
1.447146872005089,-4.134787921619929,0.0013793651341305383
1.550514505719738,-4.134787921619929,-0.0034970096594991807
1.6538821394343872,-4.134787921619929,-0.004773432813523654
1.7572497731490362,-4.134787921619929,-0.002699823887665242
1.8606174068636854,-4.134787921619929,0.002091772880919775
1.9639850405783346,-4.134787921619929,0.00879173244319695
2.0673526742929837,-4.134787921619929,0.01649343209765764
2.1707203080076343,-4.134787921619929,0.0241757273016183
2.2740879417222835,-4.134787921619929,0.030675954008457976
2.3774555754369326,-4.134787921619929,0.03475507754853264
2.4808232091515814,-4.134787921619929,0.03531316600125127
2.5841908428662306,-4.134787921619929,0.03173108150262813
2.6875584765808798,-4.134787921619929,0.02422843339048209
2.790926110295529,-4.134787921619929,0.014077786324118175
2.894293744010178,-4.134787921619929,0.003528594629932802
2.997661377724827,-4.134787921619929,-0.004624525827814244
3.101029011439476,-4.134787921619929,-0.007768778974909647
3.2043966451541253,-4.134787921619929,-0.004308084384890044
3.3077642788687744,-4.134787921619929,0.005660305977073186
3.411131912583425,-4.134787921619929,0.02008761450352565
3.514499546298074,-4.134787921619929,0.03529335257785139
3.6178671800127233,-4.134787921619929,0.04685133034870886
3.7212348137273725,-4.134787921619929,0.050839310830910006
3.8246024474420213,-4.134787921619929,0.045103246375469405
3.9279700811566705,-4.134787921619929,0.03013925250222892
4.031337714871319,-4.134787921619929,0.00927336565308528
4.134705348585968,-4.134787921619929,-0.011992927848694015
4.238072982300618,-4.134787921619929,-0.02735591433836861
4.341440616015267,-4.134787921619929,-0.03145396077833419
4.444808249729916,-4.134787921619929,-0.02149342702270406
4.548175883444565,-4.134787921619929,0.0017338885493806049
4.651543517159214,-4.134787921619929,0.03378231034993108
4.754911150873865,-4.134787921619929,0.06751173205270541
4.858278784588514,-4.134787921619929,0.09485492934919995
4.961646418303163,-4.134787921619929,0.10892622552963666
5.065014052017812,-4.134787921619929,0.10588768258901
5.168381685732461,-4.134787921619929,0.08604043033859234
5.27174931944711,-4.134787921619929,0.05381804730114154
5.3751169531617595,-4.134787921619929,0.01666696871967514
5.478484586876409,-4.134787921619929,-0.016884272673544153
5.581852220591058,-4.134787921619929,-0.03943331297447256
5.685219854305707,-4.134787921619929,-0.0465781357712503
5.788587488020356,-4.134787921619929,-0.03794462622608181
5.8919551217350055,-4.134787921619929,-0.017101195934488386
5.995322755449654,-4.134787921619929,0.009585933055097827
6.098690389164305,-4.134787921619929,0.03480436051773832
6.202058022878954,-4.134787921619929,0.052311026840909734
6.305425656593603,-4.134787921619929,0.058539758028409
6.408793290308252,-4.134787921619929,0.05336637960552316
-6.408793290308252,-4.031418223579431,0.04685707760796374
-6.305425656593603,-4.031418223579431,0.02998401938371191
-6.202058022878954,-4.031418223579431,0.015889118937148932
-6.098690389164304,-4.031418223579431,0.008776398655887247
-5.995322755449655,-4.031418223579431,0.010208841001150444
-5.8919551217350055,-4.031418223579431,0.018796550991589955
-5.788587488020356,-4.031418223579431,0.030794366682068138
-5.685219854305708,-4.031418223579431,0.04138101765896643
-5.581852220591058,-4.031418223579431,0.04620281814371124
-5.478484586876409,-4.031418223579431,0.04270951168266191
-5.3751169531617595,-4.031418223579431,0.030896746617028324
-5.27174931944711,-4.031418223579431,0.013264542342880813
-5.168381685732461,-4.031418223579431,-0.005959909792012981
-5.065014052017812,-4.031418223579431,-0.022076258348381932
-4.961646418303163,-4.031418223579431,-0.03126006414793143
-4.858278784588514,-4.031418223579431,-0.031619190500245996
-4.754911150873865,-4.031418223579431,-0.02367397139227072
-4.651543517159215,-4.031418223579431,-0.010154287097307018
-4.548175883444566,-4.031418223579431,0.0047992589636487405
-4.444808249729917,-4.031418223579431,0.016786433380039413
-4.341440616015267,-4.031418223579431,0.022327718788910815
-4.238072982300618,-4.031418223579431,0.019763025128042986
-4.134705348585968,-4.031418223579431,0.009649920214960628
-4.031337714871319,-4.031418223579431,-0.005416867269873979
-3.9279700811566705,-4.031418223579431,-0.021493969769167946
-3.8246024474420213,-4.031418223579431,-0.03429533563518906
-3.7212348137273725,-4.031418223579431,-0.04025982167445503
-3.6178671800127233,-4.031418223579431,-0.03742361717816317
-3.514499546298074,-4.031418223579431,-0.02589777121153395
-3.411131912583425,-4.031418223579431,-0.007848636523300687
-3.3077642788687753,-4.031418223579431,0.01300644961276416
-3.204396645154126,-4.031418223579431,0.03226846364737768
-3.101029011439477,-4.031418223579431,0.04589130549699848
-2.9976613777248278,-4.031418223579431,0.05114437408755208
-2.8942937440101786,-4.031418223579431,0.04727763305083318
-2.790926110295529,-4.031418223579431,0.035724291389519165
-2.6875584765808798,-4.031418223579431,0.019776018727050104
-2.5841908428662306,-4.031418223579431,0.003786530584059997
-2.4808232091515814,-4.031418223579431,-0.007923469888221294
-2.3774555754369326,-4.031418223579431,-0.01220138751699165
-2.2740879417222835,-4.031418223579431,-0.007949743006971306
-2.1707203080076334,-4.031418223579431,0.0034821689447923788
-2.067352674292984,-4.031418223579431,0.018540028123061453
-1.9639850405783352,-4.031418223579431,0.03232108353649464
-1.8606174068636863,-4.031418223579431,0.03986013630641792
-1.757249773149037,-4.031418223579431,0.03752733985424004
-1.6538821394343879,-4.031418223579431,0.024163702356365436
-1.550514505719738,-4.031418223579431,0.0016228747203311398
-1.447146872005089,-4.031418223579431,-0.025472993538825744
-1.3437792382904399,-4.031418223579431,-0.05075122941542773
-1.2404116045757907,-4.031418223579431,-0.06765241928365025
-1.1370439708611417,-4.031418223579431,-0.07114595744674194
-1.0336763371464925,-4.031418223579431,-0.059138682066246506
-0.9303087034318435,-4.031418223579431,-0.03317966341435865
-0.8269410697171936,-4.031418223579431,0.001758626600979895
-0.7235734360025445,-4.031418223579431,0.03839578288557511
-0.6202058022878953,-4.031418223579431,0.06888094190179192
-0.5168381685732463,-4.031418223579431,0.08670082955038702
-0.4134705348585972,-4.031418223579431,0.0882541109765964
-0.31010290114394806,-4.031418223579431,0.07367658787412164
-0.2067352674292982,-4.031418223579431,0.04670818019142191
-0.1033676337146491,-4.031418223579431,0.01365721066821883
0.,-4.031418223579431,-0.018236804645130875
0.1033676337146491,-4.031418223579431,-0.04258525529582506
0.2067352674292982,-4.031418223579431,-0.05529952095958196
0.31010290114394734,-4.031418223579431,-0.05534484521391692
0.4134705348585964,-4.031418223579431,-0.04465100689608732
0.5168381685732455,-4.031418223579431,-0.027277127569596528
0.6202058022878947,-4.031418223579431,-0.008129733604735111
0.7235734360025438,-4.031418223579431,0.00836698762734048
0.8269410697171944,-4.031418223579431,0.019276147120983224
0.9303087034318435,-4.031418223579431,0.023591752066015634
1.0336763371464925,-4.031418223579431,0.022079676246759137
1.1370439708611417,-4.031418223579431,0.016662861925239303
1.2404116045757907,-4.031418223579431,0.009618472183911802
1.3437792382904399,-4.031418223579431,0.0028743050920022406
1.447146872005089,-4.031418223579431,-0.00238758354514899
1.550514505719738,-4.031418223579431,-0.005754273512910112
1.6538821394343872,-4.031418223579431,-0.007315670923727302
1.7572497731490362,-4.031418223579431,-0.007292581858779052
1.8606174068636854,-4.031418223579431,-0.00576118708109541
1.9639850405783346,-4.031418223579431,-0.002608856665701144
2.0673526742929837,-4.031418223579431,0.0022654956973898583
2.1707203080076343,-4.031418223579431,0.008618723907604793
2.2740879417222835,-4.031418223579431,0.015587472063955948
2.3774555754369326,-4.031418223579431,0.021652692270946055
2.4808232091515814,-4.031418223579431,0.024939405758847562
2.5841908428662306,-4.031418223579431,0.02380534570439131
2.6875584765808798,-4.031418223579431,0.01753305233783142
2.790926110295529,-4.031418223579431,0.006859794854490426
2.894293744010178,-4.031418223579431,-0.005903579134052732
2.997661377724827,-4.031418223579431,-0.01729633365276612
3.101029011439476,-4.031418223579431,-0.023621496197751037
3.2043966451541253,-4.031418223579431,-0.022108135956073825
3.3077642788687744,-4.031418223579431,-0.011956439295354879
3.411131912583425,-4.031418223579431,0.005108878961739079
3.514499546298074,-4.031418223579431,0.025029507862858368
3.6178671800127233,-4.031418223579431,0.04237949198510837
3.7212348137273725,-4.031418223579431,0.05188205881906765
3.8246024474420213,-4.031418223579431,0.050049290825021464
3.9279700811566705,-4.031418223579431,0.03643611845471371
4.031337714871319,-4.031418223579431,0.014078967907883086
4.134705348585968,-4.031418223579431,-0.011087083860173659
4.238072982300618,-4.031418223579431,-0.031733763182615046
4.341440616015267,-4.031418223579431,-0.0411754292980208
4.444808249729916,-4.031418223579431,-0.03535550687029934
4.548175883444565,-4.031418223579431,-0.01418655142122381
4.651543517159214,-4.031418223579431,0.018186896837600934
4.754911150873865,-4.031418223579431,0.054328577158375475
4.858278784588514,-4.031418223579431,0.08542562971693958
4.961646418303163,-4.031418223579431,0.10365440354146675
5.065014052017812,-4.031418223579431,0.10432705788182671
5.168381685732461,-4.031418223579431,0.08720079588675127
5.27174931944711,-4.031418223579431,0.05656795255355037
5.3751169531617595,-4.031418223579431,0.020096663422775607
5.478484586876409,-4.031418223579431,-0.013246635748640236
5.581852220591058,-4.031418223579431,-0.03559841784178024
5.685219854305707,-4.031418223579431,-0.04224184875926292
5.788587488020356,-4.031418223579431,-0.032726139077976356
5.8919551217350055,-4.031418223579431,-0.010772716084520776
5.995322755449654,-4.031418223579431,0.016963753891403383
6.098690389164305,-4.031418223579431,0.04288385174421087
6.202058022878954,-4.031418223579431,0.06058383011718191
6.305425656593603,-4.031418223579431,0.06653041400481911
6.408793290308252,-4.031418223579431,0.06081432946299062
-6.408793290308252,-3.928048525538933,0.04497432889983705
-6.305425656593603,-3.928048525538933,0.032353238512610245
-6.202058022878954,-3.928048525538933,0.02285653701839078
-6.098690389164304,-3.928048525538933,0.019501968936191414
-5.995322755449655,-3.928048525538933,0.02303887081599857
-5.8919551217350055,-3.928048525538933,0.03186171207007682
-5.788587488020356,-3.928048525538933,0.04263811139287884
-5.685219854305708,-3.928048525538933,0.05141772072041495
-5.581852220591058,-3.928048525538933,0.05486268769157368
-5.478484586876409,-3.928048525538933,0.05122980755675547
-5.3751169531617595,-3.928048525538933,0.0408331425048848
-5.27174931944711,-3.928048525538933,0.025885966312838068
-5.168381685732461,-3.928048525538933,0.009806664117130243
-5.065014052017812,-3.928048525538933,-0.003780574318184251
-4.961646418303163,-3.928048525538933,-0.012051155271787161
-4.858278784588514,-3.928048525538933,-0.013713999522818755
-4.754911150873865,-3.928048525538933,-0.009292575642065426
-4.651543517159215,-3.928048525538933,-0.0009078686146101715
-4.548175883444566,-3.928048525538933,0.008347154932097553
-4.444808249729917,-3.928048525538933,0.015254433818695996
-4.341440616015267,-3.928048525538933,0.0173121062943492
-4.238072982300618,-3.928048525538933,0.013363627730407264
-4.134705348585968,-3.928048525538933,0.0038753533116181664
-4.031337714871319,-3.928048525538933,-0.009185055811618366
-3.9279700811566705,-3.928048525538933,-0.022824629885908145
-3.8246024474420213,-3.928048525538933,-0.033736761610434
-3.7212348137273725,-3.928048525538933,-0.03908584867529616
-3.6178671800127233,-3.928048525538933,-0.03719219622651427
-3.514499546298074,-3.928048525538933,-0.027966793185690033
-3.411131912583425,-3.928048525538933,-0.012995157848496761
-3.3077642788687753,-3.928048525538933,0.004761100752891958
-3.204396645154126,-3.928048525538933,0.021596845611394595
-3.101029011439477,-3.928048525538933,0.0339051726124054
-2.9976613777248278,-3.928048525538933,0.03904496215507786
-2.8942937440101786,-3.928048525538933,0.036026656097007725
-2.790926110295529,-3.928048525538933,0.025831096491163115
-2.6875584765808798,-3.928048525538933,0.011248405924394245
-2.5841908428662306,-3.928048525538933,-0.0037642019199405586
-2.4808232091515814,-3.928048525538933,-0.015078941263234344
-2.3774555754369326,-3.928048525538933,-0.01951131584318953
-2.2740879417222835,-3.928048525538933,-0.01575631290636123
-2.1707203080076334,-3.928048525538933,-0.004870805045170141
-2.067352674292984,-3.928048525538933,0.009873218706567008
-1.9639850405783352,-3.928048525538933,0.023776988335217755
-1.8606174068636863,-3.928048525538933,0.031973559767282535
-1.757249773149037,-3.928048525538933,0.030834045997624668
-1.6538821394343879,-3.928048525538933,0.01912879523266372
-1.550514505719738,-3.928048525538933,-0.0014090537633388378
-1.447146872005089,-3.928048525538933,-0.026322556029385182
-1.3437792382904399,-3.928048525538933,-0.04945829912923596
-1.2404116045757907,-3.928048525538933,-0.06453835888419858
-1.1370439708611417,-3.928048525538933,-0.06686167562116499
-1.0336763371464925,-3.928048525538933,-0.05466130179736138
-0.9303087034318435,-3.928048525538933,-0.029722086724164733
-0.8269410697171936,-3.928048525538933,0.0029394052166510504
-0.7235734360025445,-3.928048525538933,0.036269192012951326
-0.6202058022878953,-3.928048525538933,0.0629308799039073
-0.5168381685732463,-3.928048525538933,0.07714470754324577
-0.4134705348585972,-3.928048525538933,0.07610782495291483
-0.31010290114394806,-3.928048525538933,0.06061313307606035
-0.2067352674292982,-3.928048525538933,0.03471503106449327
-0.1033676337146491,-3.928048525538933,0.004562864993295879
0.,-3.928048525538933,-0.02324532877400663
0.1033676337146491,-3.928048525538933,-0.0433140305376221
0.2067352674292982,-3.928048525538933,-0.05265341301765869
0.31010290114394734,-3.928048525538933,-0.05113631714983061
0.4134705348585964,-3.928048525538933,-0.04114667559627414
0.5168381685732455,-3.928048525538933,-0.026597953311639985
0.6202058022878947,-3.928048525538933,-0.011671234496477282
0.7235734360025438,-3.928048525538933,0.00032613527632347617
0.8269410697171944,-3.928048525538933,0.007658329168086392
0.9303087034318435,-3.928048525538933,0.010266306045717603
1.0336763371464925,-3.928048525538933,0.009338884809078175
1.1370439708611417,-3.928048525538933,0.006577328924813172
1.2404116045757907,-3.928048525538933,0.003457839793847015
1.3437792382904399,-3.928048525538933,0.00075992857077963
1.447146872005089,-3.928048525538933,-0.0015010498242446974
1.550514505719738,-3.928048525538933,-0.0037698439477697973
1.6538821394343872,-3.928048525538933,-0.0064556251354668266
1.7572497731490362,-3.928048525538933,-0.009493798405941119
1.8606174068636854,-3.928048525538933,-0.01218132089334841
1.9639850405783346,-3.928048525538933,-0.013380361439818316
2.0673526742929837,-3.928048525538933,-0.012023317320016822
2.1707203080076343,-3.928048525538933,-0.007712975330070725
2.2740879417222835,-3.928048525538933,-0.0011506919342410395
2.3774555754369326,-3.928048525538933,0.005829748585659369
2.4808232091515814,-3.928048525538933,0.010706316919585712
2.5841908428662306,-3.928048525538933,0.01109016199417013
2.6875584765808798,-3.928048525538933,0.005660705284779142
2.790926110295529,-3.928048525538933,-0.00512687108494327
2.894293744010178,-3.928048525538933,-0.018860017350226292
2.997661377724827,-3.928048525538933,-0.031653934485934586
3.101029011439476,-3.928048525538933,-0.03922047610504211
3.2043966451541253,-3.928048525538933,-0.03822263222805033
3.3077642788687744,-3.928048525538933,-0.02748628158178733
3.411131912583425,-3.928048525538933,-0.008647549426745728
3.514499546298074,-3.928048525538933,0.01403506473300399
3.6178671800127233,-3.928048525538933,0.03472114749749257
3.7212348137273725,-3.928048525538933,0.04762129079502936
3.8246024474420213,-3.928048525538933,0.04875168921764376
3.9279700811566705,-3.928048525538933,0.03726890822818955
4.031337714871319,-3.928048525538933,0.015942790718654988
4.134705348585968,-3.928048525538933,-0.00942900793034934
4.238072982300618,-3.928048525538933,-0.03154232422332289
4.341440616015267,-3.928048525538933,-0.04362729883529324
4.444808249729916,-3.928048525538933,-0.04141752725322472
4.548175883444565,-3.928048525538933,-0.02445886200778143
4.651543517159214,-3.928048525538933,0.0036474523222291876
4.754911150873865,-3.928048525538933,0.03616168854371885
4.858278784588514,-3.928048525538933,0.0650325005352315
4.961646418303163,-3.928048525538933,0.0831111421109509
5.065014052017812,-3.928048525538933,0.08611370365191014
5.168381685732461,-3.928048525538933,0.07376688327588621
5.27174931944711,-3.928048525538933,0.049815960375503426
5.3751169531617595,-3.928048525538933,0.020910220130491187
5.478484586876409,-3.928048525538933,-0.00529165937296256
5.581852220591058,-3.928048525538933,-0.022234262334115452
5.685219854305707,-3.928048525538933,-0.026186250635285103
5.788587488020356,-3.928048525538933,-0.017093334583131673
5.8919551217350055,-3.928048525538933,0.0016423314218296284
5.995322755449654,-3.928048525538933,0.024340852845976986
6.098690389164305,-3.928048525538933,0.04479188753931225
6.202058022878954,-3.928048525538933,0.058034360657896446
6.305425656593603,-3.928048525538933,0.06165155216983471
6.408793290308252,-3.928048525538933,0.05623589445057918
-6.408793290308252,-3.8246788274984347,0.0354644918793611
-6.305425656593603,-3.8246788274984347,0.030403056960377445
-6.202058022878954,-3.8246788274984347,0.028565692498119678
-6.098690389164304,-3.8246788274984347,0.030883548840168414
-5.995322755449655,-3.8246788274984347,0.036827472237947384
-5.8919551217350055,-3.8246788274984347,0.04465177601607689
-5.788587488020356,-3.8246788274984347,0.0519847089867507
-5.685219854305708,-3.8246788274984347,0.05655927051773443
-5.581852220591058,-3.8246788274984347,0.05685744130018934
-5.478484586876409,-3.8246788274984347,0.05249068633671436
-5.3751169531617595,-3.8246788274984347,0.04423601970782575
-5.27174931944711,-3.8246788274984347,0.03375464540966354
-5.168381685732461,-3.8246788274984347,0.023105127526060865
-5.065014052017812,-3.8246788274984347,0.014203288795099049
-4.961646418303163,-3.8246788274984347,0.008372209939622375
-4.858278784588514,-3.8246788274984347,0.006079572261595807
-4.754911150873865,-3.8246788274984347,0.006897297174798886
-4.651543517159215,-3.8246788274984347,0.009661505881163811
-4.548175883444566,-3.8246788274984347,0.012773555696146962
-4.444808249729917,-3.8246788274984347,0.014568930193842663
-4.341440616015267,-3.8246788274984347,0.013684443720403902
-4.238072982300618,-3.8246788274984347,0.009365753017351595
-4.134705348585968,-3.8246788274984347,0.0016685574291965982
-4.031337714871319,-3.8246788274984347,-0.008483963527297913
-3.9279700811566705,-3.8246788274984347,-0.019413805638732063
-3.8246024474420213,-3.8246788274984347,-0.028977169009903565
-3.7212348137273725,-3.8246788274984347,-0.035002871853311274
-3.6178671800127233,-3.8246788274984347,-0.0358098044180182
-3.514499546298074,-3.8246788274984347,-0.030691594169691278
-3.411131912583425,-3.8246788274984347,-0.020234673017356947
-3.3077642788687753,-3.8246788274984347,-0.006349849160844569
-3.204396645154126,-3.8246788274984347,0.008045639944243501
-3.101029011439477,-3.8246788274984347,0.019666788433265494
-2.9976613777248278,-3.8246788274984347,0.025688205035008058
-2.8942937440101786,-3.8246788274984347,0.024547021393651877
-2.790926110295529,-3.8246788274984347,0.016481148022769496
-2.6875584765808798,-3.8246788274984347,0.0036088126836473573
-2.5841908428662306,-3.8246788274984347,-0.010529131831554352
-2.4808232091515814,-3.8246788274984347,-0.02188594423661019
-2.3774555754369326,-3.8246788274984347,-0.027055082178467613
-2.2740879417222835,-3.8246788274984347,-0.02432011620860439
-2.1707203080076334,-3.8246788274984347,-0.014280445256631434
-2.067352674292984,-3.8246788274984347,0.00017384482161443587
-1.9639850405783352,-3.8246788274984347,0.01458226873359881
-1.8606174068636863,-3.8246788274984347,0.024161927984581676
-1.757249773149037,-3.8246788274984347,0.025240213160619807
-1.6538821394343879,-3.8246788274984347,0.016448691972952057
-1.550514505719738,-3.8246788274984347,-0.0006988179860286922
-1.447146872005089,-3.8246788274984347,-0.022054289509978058
-1.3437792382904399,-3.8246788274984347,-0.041879008676575555
-1.2404116045757907,-3.8246788274984347,-0.05440891327308857
-1.1370439708611417,-3.8246788274984347,-0.05549906426167219
-1.0336763371464925,-3.8246788274984347,-0.04386525468522501
-0.9303087034318435,-3.8246788274984347,-0.021547644748602754
-0.8269410697171936,-3.8246788274984347,0.0065548882256143606
-0.7235734360025445,-3.8246788274984347,0.03395720992597166
-0.6202058022878953,-3.8246788274984347,0.0543049383031504
-0.5168381685732463,-3.8246788274984347,0.06304242166483295
-0.4134705348585972,-3.8246788274984347,0.05855624627813216
-0.31010290114394806,-3.8246788274984347,0.04248054385322516
-0.2067352674292982,-3.8246788274984347,0.01910454321139062
-0.1033676337146491,-3.8246788274984347,-0.005910512124609011
0.,-3.8246788274984347,-0.027101831136455732
0.1033676337146491,-3.8246788274984347,-0.040593518664865914
0.2067352674292982,-3.8246788274984347,-0.0449142909333044
0.31010290114394734,-3.8246788274984347,-0.04105287188321123
0.4134705348585964,-3.8246788274984347,-0.03180595198000881
0.5168381685732455,-3.8246788274984347,-0.020688457264071067
0.6202058022878947,-3.8246788274984347,-0.010791177673883818
0.7235734360025438,-3.8246788274984347,-0.003953734362223578
0.8269410697171944,-3.8246788274984347,-0.00048375674516460527
0.9303087034318435,-3.8246788274984347,0.000551923782149211
1.0336763371464925,-3.8246788274984347,0.0006381569978840836
1.1370439708611417,-3.8246788274984347,0.0010246213500661266
1.2404116045757907,-3.8246788274984347,0.0021530272429033078
1.3437792382904399,-3.8246788274984347,0.003507978040756428
1.447146872005089,-3.8246788274984347,0.003926028188289805
1.550514505719738,-3.8246788274984347,0.002215511406604639
1.6538821394343872,-3.8246788274984347,-0.002181923035286682
1.7572497731490362,-3.8246788274984347,-0.008773941225224931
1.8606174068636854,-3.8246788274984347,-0.01603625704412043
1.9639850405783346,-3.8246788274984347,-0.021889398870403583
2.0673526742929837,-3.8246788274984347,-0.02447229315832361
2.1707203080076343,-3.8246788274984347,-0.022923744031801238
2.2740879417222835,-3.8246788274984347,-0.017860164120576415
2.3774555754369326,-3.8246788274984347,-0.011332422504645917
2.4808232091515814,-3.8246788274984347,-0.006226220872934594
2.5841908428662306,-3.8246788274984347,-0.0052761844470521355
2.6875584765808798,-3.8246788274984347,-0.010020068511119105
2.790926110295529,-3.8246788274984347,-0.020067321089092073
2.894293744010178,-3.8246788274984347,-0.032973149591291356
2.997661377724827,-3.8246788274984347,-0.0448179771053164
3.101029011439476,-3.8246788274984347,-0.051354290730232025
3.2043966451541253,-3.8246788274984347,-0.049378545554976255
3.3077642788687744,-3.8246788274984347,-0.03788668238053745
3.411131912583425,-3.8246788274984347,-0.01861632597212207
3.514499546298074,-3.8246788274984347,0.004242097156433225
3.6178671800127233,-3.8246788274984347,0.02512377625835491
3.7212348137273725,-3.8246788274984347,0.03865940117121732
3.8246024474420213,-3.8246788274984347,0.04126895899070505
3.9279700811566705,-3.8246788274984347,0.0322870738916658
4.031337714871319,-3.8246788274984347,0.014258912978372366
4.134705348585968,-3.8246788274984347,-0.00770576019378795
4.238072982300618,-3.8246788274984347,-0.027344515747073316
4.341440616015267,-3.8246788274984347,-0.03900727347573629
4.444808249729916,-3.8246788274984347,-0.03925088841954715
4.548175883444565,-3.8246788274984347,-0.027790646818944772
4.651543517159214,-3.8246788274984347,-0.007532128797222348
4.754911150873865,-3.8246788274984347,0.016313775357142474
4.858278784588514,-3.8246788274984347,0.03775503442327129
4.961646418303163,-3.8246788274984347,0.051718833380788795
5.065014052017812,-3.8246788274984347,0.05542483382520849
5.168381685732461,-3.8246788274984347,0.04904173849254484
5.27174931944711,-3.8246788274984347,0.03546579761424936
5.3751169531617595,-3.8246788274984347,0.019328659272105912
5.478484586876409,-3.8246788274984347,0.005567044649772711
5.581852220591058,-3.8246788274984347,-0.00199936362784788
5.685219854305707,-3.8246788274984347,-0.0016627835495300434
5.788587488020356,-3.8246788274984347,0.0058707693400128404
5.8919551217350055,-3.8246788274984347,0.017912829246103792
5.995322755449654,-3.8246788274984347,0.030773399277453612
6.098690389164305,-3.8246788274984347,0.04095440769977575
6.202058022878954,-3.8246788274984347,0.04617890408011574
6.305425656593603,-3.8246788274984347,0.04595784133818933
6.408793290308252,-3.8246788274984347,0.041560734691394666
-6.408793290308252,-3.7213091294579366,0.021759518132219983
-6.305425656593603,-3.7213091294579366,0.025487288427458076
-6.202058022878954,-3.7213091294579366,0.03224674768855535
-6.098690389164304,-3.7213091294579366,0.04053654550881867
-5.995322755449655,-3.7213091294579366,0.04842497951853473
-5.8919551217350055,-3.7213091294579366,0.05414272500792712
-5.788587488020356,-3.7213091294579366,0.056579795343190686
-5.685219854305708,-3.7213091294579366,0.05553232059183954
-5.581852220591058,-3.7213091294579366,0.051642856028447544
-5.478484586876409,-3.7213091294579366,0.04608811791400872
-5.3751169531617595,-3.7213091294579366,0.04014971280446161
-5.27174931944711,-3.7213091294579366,0.03482887997690705
-5.168381685732461,-3.7213091294579366,0.03063034016273632
-5.065014052017812,-3.7213091294579366,0.027561273450748217
-4.961646418303163,-3.7213091294579366,0.02530288709487013
-4.858278784588514,-3.7213091294579366,0.023449467589049026
-4.754911150873865,-3.7213091294579366,0.02169667968895833
-4.651543517159215,-3.7213091294579366,0.01989970260376201
-4.548175883444566,-3.7213091294579366,0.017993686275999326
-4.444808249729917,-3.7213091294579366,0.015841627350494745
-4.341440616015267,-3.7213091294579366,0.013115617058789249
-4.238072982300618,-3.7213091294579366,0.009307285221103802
-4.134705348585968,-3.7213091294579366,0.0039044550470377754
-4.031337714871319,-3.7213091294579366,-0.003312929590565285
-3.9279700811566705,-3.7213091294579366,-0.01197775185755938
-3.8246024474420213,-3.7213091294579366,-0.020990164231368513
-3.7212348137273725,-3.7213091294579366,-0.028635945694563122
-3.6178671800127233,-3.7213091294579366,-0.032992949125810245
-3.514499546298074,-3.7213091294579366,-0.0325339433350987
-3.411131912583425,-3.7213091294579366,-0.026736657254385583
-3.3077642788687753,-3.7213091294579366,-0.01647405857787156
-3.204396645154126,-3.7213091294579366,-0.0040021848861942185
-3.101029011439477,-3.7213091294579366,0.0075177279106846745
-2.9976613777248278,-3.7213091294579366,0.014867579536529849
-2.8942937440101786,-3.7213091294579366,0.015752560550657657
-2.790926110295529,-3.7213091294579366,0.009599859325353337
-2.6875584765808798,-3.7213091294579366,-0.0021097067612674326
-2.5841908428662306,-3.7213091294579366,-0.01613321003003927
-2.4808232091515814,-3.7213091294579366,-0.028341446389087234
-2.3774555754369326,-3.7213091294579366,-0.034942261573434996
-2.2740879417222835,-3.7213091294579366,-0.03368122753118731
-2.1707203080076334,-3.7213091294579366,-0.024630759089660392
-2.067352674292984,-3.7213091294579366,-0.010288218927755024
-1.9639850405783352,-3.7213091294579366,0.005087972547302966
-1.8606174068636863,-3.7213091294579366,0.01673199328795772
-1.757249773149037,-3.7213091294579366,0.020842929701964146
-1.6538821394343879,-3.7213091294579366,0.015817805587372804
-1.550514505719738,-3.7213091294579366,0.002845733547072269
-1.447146872005089,-3.7213091294579366,-0.014346781852773141
-1.3437792382904399,-3.7213091294579366,-0.030546167427532744
-1.2404116045757907,-3.7213091294579366,-0.04059132888564489
-1.1370439708611417,-3.7213091294579366,-0.04093516827330362
-1.0336763371464925,-3.7213091294579366,-0.03074605087101164
-0.9303087034318435,-3.7213091294579366,-0.012205439909779868
-0.8269410697171936,-3.7213091294579366,0.010093713902551833
-0.7235734360025445,-3.7213091294579366,0.030463839152209307
-0.6202058022878953,-3.7213091294579366,0.04375001692823326
-0.5168381685732463,-3.7213091294579366,0.046771144190062244
-0.4134705348585972,-3.7213091294579366,0.03914449667268277
-0.31010290114394806,-3.7213091294579366,0.02326398659635163
-0.2067352674292982,-3.7213091294579366,0.0034714084021060013
-0.1033676337146491,-3.7213091294579366,-0.015290718244063087
0.,-3.7213091294579366,-0.02890648030298844
0.1033676337146491,-3.7213091294579366,-0.03515172349453838
0.2067352674292982,-3.7213091294579366,-0.0340929764651525
0.31010290114394734,-3.7213091294579366,-0.027746826603059063
0.4134705348585964,-3.7213091294579366,-0.019170240182859462
0.5168381685732455,-3.7213091294579366,-0.011327776328746559
0.6202058022878947,-3.7213091294579366,-0.006132668231854911
0.7235734360025438,-3.7213091294579366,-0.003973007796338648
0.8269410697171944,-3.7213091294579366,-0.0038463489176111974
0.9303087034318435,-3.7213091294579366,-0.004004492028892569
1.0336763371464925,-3.7213091294579366,-0.002833200580451216
1.1370439708611417,-3.7213091294579366,0.0003803148495601765
1.2404116045757907,-3.7213091294579366,0.005083862440921907
1.3437792382904399,-3.7213091294579366,0.009632664922270122
1.447146872005089,-3.7213091294579366,0.011925175712269821
1.550514505719738,-3.7213091294579366,0.010255064552903067
1.6538821394343872,-3.7213091294579366,0.004050076522133637
1.7572497731490362,-3.7213091294579366,-0.005791682561970128
1.8606174068636854,-3.7213091294579366,-0.01711042483284794
1.9639850405783346,-3.7213091294579366,-0.027179612950069685
2.0673526742929837,-3.7213091294579366,-0.03364595003617079
2.1707203080076343,-3.7213091294579366,-0.035375676772216334
2.2740879417222835,-3.7213091294579366,-0.032892187722896975
2.3774555754369326,-3.7213091294579366,-0.028228443407618455
2.4808232091515814,-3.7213091294579366,-0.02422327235836478
2.5841908428662306,-3.7213091294579366,-0.02349142695071993
2.6875584765808798,-3.7213091294579366,-0.027421881254472244
2.790926110295529,-3.7213091294579366,-0.03556179923185492
2.894293744010178,-3.7213091294579366,-0.045621275075505
2.997661377724827,-3.7213091294579366,-0.054126400381158804
3.101029011439476,-3.7213091294579366,-0.05752563422144793
3.2043966451541253,-3.7213091294579366,-0.05339316450838174
3.3077642788687744,-3.7213091294579366,-0.041329156110102974
3.411131912583425,-3.7213091294579366,-0.02324713157039453
3.514499546298074,-3.7213091294579366,-0.0029343973140271867
3.6178671800127233,-3.7213091294579366,0.01499225732323337
3.7212348137273725,-3.7213091294579366,0.026415042328804993
3.8246024474420213,-3.7213091294579366,0.02891298118236843
3.9279700811566705,-3.7213091294579366,0.022455081357285717
4.031337714871319,-3.7213091294579366,0.009376922758093886
4.134705348585968,-3.7213091294579366,-0.006342240183851467
4.238072982300618,-3.7213091294579366,-0.020264529861849737
4.341440616015267,-3.7213091294579366,-0.028763694053068955
4.444808249729916,-3.7213091294579366,-0.02998850605861297
4.548175883444565,-3.7213091294579366,-0.024238580281375682
4.651543517159214,-3.7213091294579366,-0.013669625585091816
4.754911150873865,-3.7213091294579366,-0.0014619032925384235
4.858278784588514,-3.7213091294579366,0.009250344866598021
4.961646418303163,-3.7213091294579366,0.016331363599725073
5.065014052017812,-3.7213091294579366,0.019181609138458077
5.168381685732461,-3.7213091294579366,0.018719117407916968
5.27174931944711,-3.7213091294579366,0.01685642353044201
5.3751169531617595,-3.7213091294579366,0.015690281134204224
5.478484586876409,-3.7213091294579366,0.016704225995346756
5.581852220591058,-3.7213091294579366,0.020260258704287003
5.685219854305707,-3.7213091294579366,0.025538920852770482
5.788587488020356,-3.7213091294579366,0.030921459756054818
5.8919551217350055,-3.7213091294579366,0.03465298985498342
5.995322755449654,-3.7213091294579366,0.035534593739319616
6.098690389164305,-3.7213091294579366,0.03339376400253071
6.202058022878954,-3.7213091294579366,0.02917171847021081
6.305425656593603,-3.7213091294579366,0.02460784833874372
6.408793290308252,-3.7213091294579366,0.021643975265488405
-6.408793290308252,-3.617939431417438,0.008554578245561812
-6.305425656593603,-3.617939431417438,0.019866420246813656
-6.202058022878954,-3.617939431417438,0.03365505266972801
-6.098690389164304,-3.617939431417438,0.0462998289037185
-5.995322755449655,-3.617939431417438,0.05475904777145828
-5.8919551217350055,-3.617939431417438,0.05742937991130597
-5.788587488020356,-3.617939431417438,0.05450343898279072
-5.685219854305708,-3.617939431417438,0.047737773249428544
-5.581852220591058,-3.617939431417438,0.0397429501637143
-5.478484586876409,-3.617939431417438,0.03306134130478054
-5.3751169531617595,-3.617939431417438,0.029355050334537225
-5.27174931944711,-3.617939431417438,0.028969673504668874
-5.168381685732461,-3.617939431417438,0.030993041197914965
-5.065014052017812,-3.617939431417438,0.03374664869700408
-4.961646418303163,-3.617939431417438,0.0354969956312738
-4.858278784588514,-3.617939431417438,0.03510756673000133
-4.754911150873865,-3.617939431417438,0.032391091803840574
-4.651543517159215,-3.617939431417438,0.02804852517593333
-4.548175883444566,-3.617939431417438,0.023246431867748937
-4.444808249729917,-3.617939431417438,0.019025243449618104
-4.341440616015267,-3.617939431417438,0.015794071271504347
-4.238072982300618,-3.617939431417438,0.01312981550511155
-4.134705348585968,-3.617939431417438,0.00997379469798066
-4.031337714871319,-3.617939431417438,0.005155580128171997
-3.9279700811566705,-3.617939431417438,-0.0019658992577201223
-3.8246024474420213,-3.617939431417438,-0.011014652848462245
-3.7212348137273725,-3.617939431417438,-0.020489637398173156
-3.6178671800127233,-3.617939431417438,-0.028126316614362233
-3.514499546298074,-3.617939431417438,-0.0316373521627006
-3.411131912583425,-3.617939431417438,-0.02958465851679831
-3.3077642788687753,-3.617939431417438,-0.022061472506783728
-3.204396645154126,-3.617939431417438,-0.01090558935276674
-3.101029011439477,-3.617939431417438,0.0006856554252183527
-2.9976613777248278,-3.617939431417438,0.009060560974689831
-2.8942937440101786,-3.617939431417438,0.0112669615695502
-2.790926110295529,-3.617939431417438,0.006074758535383606
-2.6875584765808798,-3.617939431417438,-0.00549368911855502
-2.5841908428662306,-3.617939431417438,-0.020339125907387477
-2.4808232091515814,-3.617939431417438,-0.034151582696078195
-2.3774555754369326,-3.617939431417438,-0.0427166496919343
-2.2740879417222835,-3.617939431417438,-0.0432511336938373
-2.1707203080076334,-3.617939431417438,-0.03533015740045533
-2.067352674292984,-3.617939431417438,-0.021087402404739806
-1.9639850405783352,-3.617939431417438,-0.004600677876212902
-1.8606174068636863,-3.617939431417438,0.009358552898463513
-1.757249773149037,-3.617939431417438,0.016819528242604236
-1.6538821394343879,-3.617939431417438,0.01587048419914349
-1.550514505719738,-3.617939431417438,0.007270573607750411
-1.447146872005089,-3.617939431417438,-0.00578876589180759
-1.3437792382904399,-3.617939431417438,-0.018701541169252354
-1.2404116045757907,-3.617939431417438,-0.026918460493201582
-1.1370439708611417,-3.617939431417438,-0.027397981421537966
-1.0336763371464925,-3.617939431417438,-0.019570581110641645
-0.9303087034318435,-3.617939431417438,-0.005509780542484898
-0.8269410697171936,-3.617939431417438,0.010736944131238832
-0.7235734360025445,-3.617939431417438,0.024431556801038524
-0.6202058022878953,-3.617939431417438,0.03162188233612641
-0.5168381685732463,-3.617939431417438,0.030335252432952646
-0.4134705348585972,-3.617939431417438,0.021116030943632357
-0.31010290114394806,-3.617939431417438,0.00675647431632654
-0.2067352674292982,-3.617939431417438,-0.008662794660421625
-0.1033676337146491,-3.617939431417438,-0.02108532301197695
0.,-3.617939431417438,-0.027704276745524416
0.1033676337146491,-3.617939431417438,-0.027707632415157703
0.2067352674292982,-3.617939431417438,-0.022326542589839488
0.31010290114394734,-3.617939431417438,-0.014213156306583145
0.4134705348585964,-3.617939431417438,-0.0063988936405110705
0.5168381685732455,-3.617939431417438,-0.0012147265944582515
0.6202058022878947,-3.617939431417438,0.00045037586862782135
0.7235734360025438,-3.617939431417438,-0.0006880821281234837
0.8269410697171944,-3.617939431417438,-0.0027534193075457293
0.9303087034318435,-3.617939431417438,-0.0035672691245433657
1.0336763371464925,-3.617939431417438,-0.0015932546972969033
1.1370439708611417,-3.617939431417438,0.003387576351060153
1.2404116045757907,-3.617939431417438,0.010116057511106792
1.3437792382904399,-3.617939431417438,0.016263503127283075
1.447146872005089,-3.617939431417438,0.019256135527299358
1.550514505719738,-3.617939431417438,0.017212218121090972
1.6538821394343872,-3.617939431417438,0.009650047694292977
1.7572497731490362,-3.617939431417438,-0.002290438051704713
1.8606174068636854,-3.617939431417438,-0.01619338757909153
1.9639850405783346,-3.617939431417438,-0.02915699009638171
2.0673526742929837,-3.617939431417438,-0.03874590793354921
2.1707203080076343,-3.617939431417438,-0.04376755286626669
2.2740879417222835,-3.617939431417438,-0.04459808876645591
2.3774555754369326,-3.617939431417438,-0.042946218112898685
2.4808232091515814,-3.617939431417438,-0.04114427981869102
2.5841908428662306,-3.617939431417438,-0.0412249405519992
2.6875584765808798,-3.617939431417438,-0.044117816015113276
2.790926110295529,-3.617939431417438,-0.04925698674371557
2.894293744010178,-3.617939431417438,-0.054743411647006704
2.997661377724827,-3.617939431417438,-0.05800824133394095
3.101029011439476,-3.617939431417438,-0.056744418875092933
3.2043966451541253,-3.617939431417438,-0.04977796363651644
3.3077642788687744,-3.617939431417438,-0.03757063107232358
3.411131912583425,-3.617939431417438,-0.02217455655209369
3.514499546298074,-3.617939431417438,-0.006650966902200542
3.6178671800127233,-3.617939431417438,0.005848819890023388
3.7212348137273725,-3.617939431417438,0.013026636363913009
3.8246024474420213,-3.617939431417438,0.014087096719509237
3.9279700811566705,-3.617939431417438,0.009882666905820287
4.031337714871319,-3.617939431417438,0.0025223910156635895
4.134705348585968,-3.617939431417438,-0.005400370971458265
4.238072982300618,-3.617939431417438,-0.011677246069909787
4.341440616015267,-3.617939431417438,-0.015142206751341827
4.444808249729916,-3.617939431417438,-0.015894100292434182
4.548175883444565,-3.617939431417438,-0.015026369573593943
4.651543517159214,-3.617939431417438,-0.013989248764170344
4.754911150873865,-3.617939431417438,-0.013844602509424589
4.858278784588514,-3.617939431417438,-0.014711092706824835
4.961646418303163,-3.617939431417438,-0.015623890515005024
5.065014052017812,-3.617939431417438,-0.014875403408309089
5.168381685732461,-3.617939431417438,-0.010718929059576004
5.27174931944711,-3.617939431417438,-0.0021734011790270112
5.3751169531617595,-3.617939431417438,0.010382113266537901
5.478484586876409,-3.617939431417438,0.025070900654743045
5.581852220591058,-3.617939431417438,0.03892723014604972
5.685219854305707,-3.617939431417438,0.04874471130462105
5.788587488020356,-3.617939431417438,0.0520938853624103
5.8919551217350055,-3.617939431417438,0.04816534360180595
5.995322755449654,-3.617939431417438,0.038140355559297845
6.098690389164305,-3.617939431417438,0.02494201011162925
6.202058022878954,-3.617939431417438,0.012425436211159838
6.305425656593603,-3.617939431417438,0.0042553165657118605
6.408793290308252,-3.617939431417438,0.0028270615257803135
-6.408793290308252,-3.5145697333769395,0.0004449090322132396
-6.305425656593603,-3.5145697333769395,0.016098474660472088
-6.202058022878954,-3.5145697333769395,0.03320281696098745
-6.098690389164304,-3.5145697333769395,0.04689851107889335
-5.995322755449655,-3.5145697333769395,0.05370495731793275
-5.8919551217350055,-3.5145697333769395,0.05247537531154383
-5.788587488020356,-3.5145697333769395,0.044568587818515026
-5.685219854305708,-3.5145697333769395,0.03322460045958416
-5.581852220591058,-3.5145697333769395,0.022389782679274158
-5.478484586876409,-3.5145697333769395,0.015405260984388304
-5.3751169531617595,-3.5145697333769395,0.013995610903085466
-5.27174931944711,-3.5145697333769395,0.017871006103246465
-5.168381685732461,-3.5145697333769395,0.02503186327114909
-5.065014052017812,-3.5145697333769395,0.03262091822537657
-4.961646418303163,-3.5145697333769395,0.03798839170853166
-4.858278784588514,-3.5145697333769395,0.03958135554840314
-4.754911150873865,-3.5145697333769395,0.0373532556836786
-4.651543517159215,-3.5145697333769395,0.03257903600904643
-4.548175883444566,-3.5145697333769395,0.02718450690942431
-4.444808249729917,-3.5145697333769395,0.022874203258935112
-4.341440616015267,-3.5145697333769395,0.02040740378156862
-4.238072982300618,-3.5145697333769395,0.01930551214454144
-4.134705348585968,-3.5145697333769395,0.018102081092583797
-4.031337714871319,-3.5145697333769395,0.015034060110323641
-3.9279700811566705,-3.5145697333769395,0.008898638503913163
-3.8246024474420213,-3.5145697333769395,-0.00027055477907929207
-3.7212348137273725,-3.5145697333769395,-0.01099386013687835
-3.6178671800127233,-3.5145697333769395,-0.02071801464967962
-3.514499546298074,-3.5145697333769395,-0.026666510084522067
-3.411131912583425,-3.5145697333769395,-0.026875578194750775
-3.3077642788687753,-3.5145697333769395,-0.021036842130113267
-3.204396645154126,-3.5145697333769395,-0.010817366467969592
-3.101029011439477,-3.5145697333769395,0.0004999093641217188
-2.9976613777248278,-3.5145697333769395,0.008975830342378407
-2.8942937440101786,-3.5145697333769395,0.011277154774394609
-2.790926110295529,-3.5145697333769395,0.005822058854396724
-2.6875584765808798,-3.5145697333769395,-0.006589065540853867
-2.5841908428662306,-3.5145697333769395,-0.02289535221040679
-2.4808232091515814,-3.5145697333769395,-0.038640144760188164
-2.3774555754369326,-3.5145697333769395,-0.049317886620994
-2.2740879417222835,-3.5145697333769395,-0.05177390376094406
-2.1707203080076334,-3.5145697333769395,-0.04520094258202762
-2.067352674292984,-3.5145697333769395,-0.031402567468869366
-1.9639850405783352,-3.5145697333769395,-0.01423189026192236
-1.8606174068636863,-3.5145697333769395,0.0016149562426226647
-1.757249773149037,-3.5145697333769395,0.012058816485493248
-1.6538821394343879,-3.5145697333769395,0.014876999246714713
-1.550514505719738,-3.5145697333769395,0.010323835842422923
-1.447146872005089,-3.5145697333769395,0.0009413894358831749
-1.3437792382904399,-3.5145697333769395,-0.009361522754198971
-1.2404116045757907,-3.5145697333769395,-0.016643923313388154
-1.1370439708611417,-3.5145697333769395,-0.01823225737043211
-1.0336763371464925,-3.5145697333769395,-0.013557556730158371
-0.9303087034318435,-3.5145697333769395,-0.004266367876676496
-0.8269410697171936,-3.5145697333769395,0.006409872461067017
-0.7235734360025445,-3.5145697333769395,0.014794260679845028
-0.6202058022878953,-3.5145697333769395,0.018016008692576597
-0.5168381685732463,-3.5145697333769395,0.014951457580366312
-0.4134705348585972,-3.5145697333769395,0.006549173344569338
-0.31010290114394806,-3.5145697333769395,-0.004548742183359042
-0.2067352674292982,-3.5145697333769395,-0.014936016108630093
-0.1033676337146491,-3.5145697333769395,-0.02158756659563184
0.,-3.5145697333769395,-0.022824571872345368
0.1033676337146491,-3.5145697333769395,-0.018779107929013723
0.2067352674292982,-3.5145697333769395,-0.011221983290024525
0.31010290114394734,-3.5145697333769395,-0.0028421813101697523
0.4134705348585964,-3.5145697333769395,0.003746993788717128
0.5168381685732455,-3.5145697333769395,0.006915204050541816
0.6202058022878947,-3.5145697333769395,0.006519721868895223
0.7235734360025438,-3.5145697333769395,0.0038446928476473063
0.8269410697171944,-3.5145697333769395,0.001018236603247062
0.9303087034318435,-3.5145697333769395,0.0001351807245981785
1.0336763371464925,-3.5145697333769395,0.0024117836572296047
1.1370439708611417,-3.5145697333769395,0.007678674388924476
1.2404116045757907,-3.5145697333769395,0.014389558943706143
1.3437792382904399,-3.5145697333769395,0.020134445967988152
1.447146872005089,-3.5145697333769395,0.02246593293901839
1.550514505719738,-3.5145697333769395,0.01973957560082796
1.6538821394343872,-3.5145697333769395,0.011671264873462884
1.7572497731490362,-3.5145697333769395,-0.0005773750858017383
1.8606174068636854,-3.5145697333769395,-0.01480153514678304
1.9639850405783346,-3.5145697333769395,-0.028485479447256757
2.0673526742929837,-3.5145697333769395,-0.039593752034045464
2.1707203080076343,-3.5145697333769395,-0.047139023371961915
2.2740879417222835,-3.5145697333769395,-0.0513355999080931
2.3774555754369326,-3.5145697333769395,-0.053306230647586994
2.4808232091515814,-3.5145697333769395,-0.05447614979878663
2.5841908428662306,-3.5145697333769395,-0.0559008142893783
2.6875584765808798,-3.5145697333769395,-0.05779171359916999
2.790926110295529,-3.5145697333769395,-0.05942260145272042
2.894293744010178,-3.5145697333769395,-0.059448345187145125
2.997661377724827,-3.5145697333769395,-0.056507319441048184
3.101029011439476,-3.5145697333769395,-0.04986686325692164
3.2043966451541253,-3.5145697333769395,-0.03985204605553671
3.3077642788687744,-3.5145697333769395,-0.02787862780755602
3.411131912583425,-3.5145697333769395,-0.016061865028306324
3.514499546298074,-3.5145697333769395,-0.006537188813395123
3.6178671800127233,-3.5145697333769395,-0.0007443628386274793
3.7212348137273725,-3.5145697333769395,0.0010515036510023513
3.8246024474420213,-3.5145697333769395,-0.00018872092225833572
3.9279700811566705,-3.5145697333769395,-0.0026870136880163217
4.031337714871319,-3.5145697333769395,-0.004573403442901139
4.134705348585968,-3.5145697333769395,-0.004655867811925136
4.238072982300618,-3.5145697333769395,-0.0029338135363608823
4.341440616015267,-3.5145697333769395,-0.0006381649807295862
4.444808249729916,-3.5145697333769395,0.00024801403151032984
4.548175883444565,-3.5145697333769395,-0.0021631446975662588
4.651543517159214,-3.5145697333769395,-0.008752383082259634
4.754911150873865,-3.5145697333769395,-0.01876762107494393
4.858278784588514,-3.5145697333769395,-0.02975544315366658
4.961646418303163,-3.5145697333769395,-0.038135871289848744
5.065014052017812,-3.5145697333769395,-0.040278116267261
5.168381685732461,-3.5145697333769395,-0.03374282944312411
5.27174931944711,-3.5145697333769395,-0.018270866965009628
5.3751169531617595,-3.5145697333769395,0.0038446014418228036
5.478484586876409,-3.5145697333769395,0.02817956170156342
5.581852220591058,-3.5145697333769395,0.049314060966674324
5.685219854305707,-3.5145697333769395,0.06235785506117284
5.788587488020356,-3.5145697333769395,0.06439931110821798
5.8919551217350055,-3.5145697333769395,0.055415424140185514
5.995322755449654,-3.5145697333769395,0.03833903508004399
6.098690389164305,-3.5145697333769395,0.018241526152746632
6.202058022878954,-3.5145697333769395,0.0008704953485294538
6.305425656593603,-3.5145697333769395,-0.009010517162101576
6.408793290308252,-3.5145697333769395,-0.008968473154400811
-6.408793290308252,-3.4112000353364413,0.000548213077320252
-6.305425656593603,-3.4112000353364413,0.016283084245267435
-6.202058022878954,-3.4112000353364413,0.03185276175890325
-6.098690389164304,-3.4112000353364413,0.04234758025422909
-5.995322755449655,-3.4112000353364413,0.044748579200769585
-5.8919551217350055,-3.4112000353364413,0.038755397591797656
-5.788587488020356,-3.4112000353364413,0.026713925616603885
-5.685219854305708,-3.4112000353364413,0.012712497081324258
-5.581852220591058,-3.4112000353364413,0.001180983285874595
-5.478484586876409,-3.4112000353364413,-0.0045272736681371065
-5.3751169531617595,-3.4112000353364413,-0.0031094230393949778
-5.27174931944711,-3.4112000353364413,0.004447395293388577
-5.168381685732461,-3.4112000353364413,0.015391131335455409
-5.065014052017812,-3.4112000353364413,0.026266238752366073
-4.961646418303163,-3.4112000353364413,0.0341144482043142
-4.858278784588514,-3.4112000353364413,0.03739320309118581
-4.754911150873865,-3.4112000353364413,0.036312469191625715
-4.651543517159215,-3.4112000353364413,0.032512243559320274
-4.548175883444566,-3.4112000353364413,0.028242779777204255
-4.444808249729917,-3.4112000353364413,0.025382037148443483
-4.341440616015267,-3.4112000353364413,0.024670688231865474
-4.238072982300618,-3.4112000353364413,0.025450961402027947
-4.134705348585968,-3.4112000353364413,0.025998545087298562
-4.031337714871319,-3.4112000353364413,0.02430991426667614
-3.9279700811566705,-3.4112000353364413,0.01903374603269781
-3.8246024474420213,-3.4112000353364413,0.010177695716451001
-3.7212348137273725,-3.4112000353364413,-0.0006984216032130874
-3.6178671800127233,-3.4112000353364413,-0.010903710889924343
-3.514499546298074,-3.4112000353364413,-0.017523243282115786
-3.411131912583425,-3.4112000353364413,-0.01849595942161939
-3.3077642788687753,-3.4112000353364413,-0.013471958873214025
-3.204396645154126,-3.4112000353364413,-0.004121220485486381
-3.101029011439477,-3.4112000353364413,0.006250913841771519
-2.9976613777248278,-3.4112000353364413,0.013685939103162304
-2.8942937440101786,-3.4112000353364413,0.014843074871240827
-2.790926110295529,-3.4112000353364413,0.008138502312154992
-2.6875584765808798,-3.4112000353364413,-0.005636105878575498
-2.5841908428662306,-3.4112000353364413,-0.023439525727871627
-2.4808232091515814,-3.4112000353364413,-0.04083086430176759
-2.3774555754369326,-3.4112000353364413,-0.05328213279620931
-2.2740879417222835,-3.4112000353364413,-0.05753683022416298
-2.1707203080076334,-3.4112000353364413,-0.05258053308831975
-2.067352674292984,-3.4112000353364413,-0.0399161112896104
-1.9639850405783352,-3.4112000353364413,-0.02306381030353041
-1.8606174068636863,-3.4112000353364413,-0.006458221988756693
-1.757249773149037,-3.4112000353364413,0.00589417994795754
-1.6538821394343879,-3.4112000353364413,0.011564758807638228
-1.550514505719738,-3.4112000353364413,0.010302758791719024
-1.447146872005089,-3.4112000353364413,0.003919576619403399
-1.3437792382904399,-3.4112000353364413,-0.004468989853851563
-1.2404116045757907,-3.4112000353364413,-0.01156150790146642
-1.1370439708611417,-3.4112000353364413,-0.014963572301390218
-1.0336763371464925,-3.4112000353364413,-0.013894735719972472
-0.9303087034318435,-3.4112000353364413,-0.009297316284292931
-0.8269410697171936,-3.4112000353364413,-0.003347445403853162
-0.7235734360025445,-3.4112000353364413,0.0014279267841344507
-0.6202058022878953,-3.4112000353364413,0.0030996546297487487
-0.5168381685732463,-3.4112000353364413,0.0010160730112233711
-0.4134705348585972,-3.4112000353364413,-0.0040109117647541825
-0.31010290114394806,-3.4112000353364413,-0.010054547540974458
-0.2067352674292982,-3.4112000353364413,-0.014807902104757615
-0.1033676337146491,-3.4112000353364413,-0.016425631277105664
0.,-3.4112000353364413,-0.014167690855253275
0.1033676337146491,-3.4112000353364413,-0.008622708550668191
0.2067352674292982,-3.4112000353364413,-0.0014475876123756135
0.31010290114394734,-3.4112000353364413,0.005264338958302313
0.4134705348585964,-3.4112000353364413,0.009744891963290753
0.5168381685732455,-3.4112000353364413,0.011162393862454555
0.6202058022878947,-3.4112000353364413,0.009866518912956408
0.7235734360025438,-3.4112000353364413,0.0071900244342516075
0.8269410697171944,-3.4112000353364413,0.004893714057159306
0.9303087034318435,-3.4112000353364413,0.00446775276778581
1.0336763371464925,-3.4112000353364413,0.006548202869831675
1.1370439708611417,-3.4112000353364413,0.01065812408127692
1.2404116045757907,-3.4112000353364413,0.01535851098983347
1.3437792382904399,-3.4112000353364413,0.018743070871448456
1.447146872005089,-3.4112000353364413,0.01908843683856924
1.550514505719738,-3.4112000353364413,0.015421919504458955
1.6538821394343872,-3.4112000353364413,0.007808432910209688
1.7572497731490362,-3.4112000353364413,-0.0027304286611011083
1.8606174068636854,-3.4112000353364413,-0.014612563435385403
1.9639850405783346,-3.4112000353364413,-0.026239449763811276
2.0673526742929837,-3.4112000353364413,-0.036473730776488855
2.1707203080076343,-3.4112000353364413,-0.044872849413204574
2.2740879417222835,-3.4112000353364413,-0.051606409995667325
2.3774555754369326,-3.4112000353364413,-0.057116264975351896
2.4808232091515814,-3.4112000353364413,-0.06168394358161802
2.5841908428662306,-3.4112000353364413,-0.06510800421096824
2.6875584765808798,-3.4112000353364413,-0.06664844688192335
2.790926110295529,-3.4112000353364413,-0.06528330202864321
2.894293744010178,-3.4112000353364413,-0.06018738026176005
2.997661377724827,-3.4112000353364413,-0.05123874732227621
3.101029011439476,-3.4112000353364413,-0.03932836109129774
3.2043966451541253,-3.4112000353364413,-0.026308580448233095
3.3077642788687744,-3.4112000353364413,-0.014548297225714279
3.411131912583425,-3.4112000353364413,-0.006218611529527617
3.514499546298074,-3.4112000353364413,-0.0025535878849859456
3.6178671800127233,-3.4112000353364413,-0.0033661923122475243
3.7212348137273725,-3.4112000353364413,-0.007030021557762273
3.8246024474420213,-3.4112000353364413,-0.010981526250426829
3.9279700811566705,-3.4112000353364413,-0.012607481118052757
4.031337714871319,-3.4112000353364413,-0.010226956503810976
4.134705348585968,-3.4112000353364413,-0.0038161487464435273
4.238072982300618,-3.4112000353364413,0.004812626839291479
4.341440616015267,-3.4112000353364413,0.012493755538949899
4.444808249729916,-3.4112000353364413,0.01574109933540854
4.548175883444565,-3.4112000353364413,0.012013714309845309
4.651543517159214,-3.4112000353364413,0.0007893179203735993
4.754911150873865,-3.4112000353364413,-0.015946612060860905
4.858278784588514,-3.4112000353364413,-0.03401679508281509
4.961646418303163,-3.4112000353364413,-0.04813535181289058
5.065014052017812,-3.4112000353364413,-0.05345889494624702
5.168381685732461,-3.4112000353364413,-0.04713059792513656
5.27174931944711,-3.4112000353364413,-0.029316399321031666
5.3751169531617595,-3.4112000353364413,-0.003371599021177236
5.478484586876409,-3.4112000353364413,0.024959503858794373
5.581852220591058,-3.4112000353364413,0.049101782150507284
5.685219854305707,-3.4112000353364413,0.06350732793184938
5.788587488020356,-3.4112000353364413,0.0652476902262069
5.8919551217350055,-3.4112000353364413,0.054846412443725394
5.995322755449654,-3.4112000353364413,0.03608929717760162
6.098690389164305,-3.4112000353364413,0.014867811046288837
6.202058022878954,-3.4112000353364413,-0.002586484307768811
6.305425656593603,-3.4112000353364413,-0.011529541234316924
6.408793290308252,-3.4112000353364413,-0.010033128099738067
-6.408793290308252,-3.3078303372959432,0.009526849633766881
-6.305425656593603,-3.3078303372959432,0.021375261144865754
-6.202058022878954,-3.3078303372959432,0.030788259575806432
-6.098690389164304,-3.3078303372959432,0.03395713776461829
-5.995322755449655,-3.3078303372959432,0.029230669989184895
-5.8919551217350055,-3.3078303372959432,0.01759502642228723
-5.788587488020356,-3.3078303372959432,0.002283613383701416
-5.685219854305708,-3.3078303372959432,-0.012321791204689922
-5.581852220591058,-3.3078303372959432,-0.022112205231826824
-5.478484586876409,-3.3078303372959432,-0.024518831351593027
-5.3751169531617595,-3.3078303372959432,-0.019221703886724492
-5.27174931944711,-3.3078303372959432,-0.008097468666555467
-5.168381685732461,-3.3078303372959432,0.005533740783812647
-5.065014052017812,-3.3078303372959432,0.01807132496503238
-4.961646418303163,-3.3078303372959432,0.026793195399715548
-4.858278784588514,-3.3078303372959432,0.03061988191623324
-4.754911150873865,-3.3078303372959432,0.030249004306832868
-4.651543517159215,-3.3078303372959432,0.027655961563722666
-4.548175883444566,-3.3078303372959432,0.025179437135296114
-4.444808249729917,-3.3078303372959432,0.024547756136702303
-4.341440616015267,-3.3078303372959432,0.02620855699651088
-4.238072982300618,-3.3078303372959432,0.029200897011135638
-4.134705348585968,-3.3078303372959432,0.03160261070362479
-4.031337714871319,-3.3078303372959432,0.03137164930248181
-3.9279700811566705,-3.3078303372959432,0.027254942384046545
-3.8246024474420213,-3.3078303372959432,0.01941328855164005
-3.7212348137273725,-3.3078303372959432,0.009513994878785893
-3.6178671800127233,-3.3078303372959432,0.00023698510495530657
-3.514499546298074,-3.3078303372959432,-0.005644555230531985
-3.411131912583425,-3.3078303372959432,-0.006288014761976089
-3.3077642788687753,-3.3078303372959432,-0.0015413399369894553
-3.204396645154126,-3.3078303372959432,0.006846410453370838
-3.101029011439477,-3.3078303372959432,0.01566467223154925
-2.9976613777248278,-3.3078303372959432,0.021208615371038263
-2.8942937440101786,-3.3078303372959432,0.02046689850661961
-2.790926110295529,-3.3078303372959432,0.012140684520580548
-2.6875584765808798,-3.3078303372959432,-0.002846480777248342
-2.5841908428662306,-3.3078303372959432,-0.021524779221719078
-2.4808232091515814,-3.3078303372959432,-0.039694076310476806
-2.3774555754369326,-3.3078303372959432,-0.053126110725668446
-2.2740879417222835,-3.3078303372959432,-0.058776366078123005
-2.1707203080076334,-3.3078303372959432,-0.05563037136452454
-2.067352674292984,-3.3078303372959432,-0.04493217126482404
-1.9639850405783352,-3.3078303372959432,-0.029744270255142046
-1.8606174068636863,-3.3078303372959432,-0.014000196867286619
-1.757249773149037,-3.3078303372959432,-0.0013631365119841856
-1.6538821394343879,-3.3078303372959432,0.005750950443190226
-1.550514505719738,-3.3078303372959432,0.006700018221737956
-1.447146872005089,-3.3078303372959432,0.002567786893939529
-1.3437792382904399,-3.3078303372959432,-0.004392104271284588
-1.2404116045757907,-3.3078303372959432,-0.011595270712708534
-1.1370439708611417,-3.3078303372959432,-0.016952456086499722
-1.0336763371464925,-3.3078303372959432,-0.019417191928377195
-0.9303087034318435,-3.3078303372959432,-0.019108529221454316
-0.8269410697171936,-3.3078303372959432,-0.0170206174700173
-0.7235734360025445,-3.3078303372959432,-0.014472220607123363
-0.6202058022878953,-3.3078303372959432,-0.012525286845527759
-0.5168381685732463,-3.3078303372959432,-0.01159012373022877
-0.4134705348585972,-3.3078303372959432,-0.01134567067648104
-0.31010290114394806,-3.3078303372959432,-0.01097410823307847
-0.2067352674292982,-3.3078303372959432,-0.00958936777611453
-0.1033676337146491,-3.3078303372959432,-0.006672641095344845
0.,-3.3078303372959432,-0.0023365897732917215
0.1033676337146491,-3.3078303372959432,0.0026834104391336685
0.2067352674292982,-3.3078303372959432,0.007300149360886974
0.31010290114394734,-3.3078303372959432,0.010492775024958776
0.4134705348585964,-3.3078303372959432,0.0117016704106784
0.5168381685732455,-3.3078303372959432,0.011041790849364578
0.6202058022878947,-3.3078303372959432,0.009250329977713877
0.7235734360025438,-3.3078303372959432,0.007390319940318744
0.8269410697171944,-3.3078303372959432,0.006427530314365496
0.9303087034318435,-3.3078303372959432,0.006846704931348181
1.0336763371464925,-3.3078303372959432,0.00845635129739417
1.1370439708611417,-3.3078303372959432,0.01045614207831971
1.2404116045757907,-3.3078303372959432,0.011737312052073475
1.3437792382904399,-3.3078303372959432,0.011295073717376494
1.447146872005089,-3.3078303372959432,0.008589045827384345
1.550514505719738,-3.3078303372959432,0.0037101518077254578
1.6538821394343872,-3.3078303372959432,-0.002708133342186325
1.7572497731490362,-3.3078303372959432,-0.009791112417807675
1.8606174068636854,-3.3078303372959432,-0.016804688585356123
1.9639850405783346,-3.3078303372959432,-0.023449248838968883
2.0673526742929837,-3.3078303372959432,-0.029929960889237984
2.1707203080076343,-3.3078303372959432,-0.03675913011229755
2.2740879417222835,-3.3078303372959432,-0.04436155609951464
2.3774555754369326,-3.3078303372959432,-0.05264733256250607
2.4808232091515814,-3.3078303372959432,-0.060748659208603464
2.5841908428662306,-3.3078303372959432,-0.06707040959456628
2.6875584765808798,-3.3078303372959432,-0.06969093803698273
2.790926110295529,-3.3078303372959432,-0.0670094114070612
2.894293744010178,-3.3078303372959432,-0.05842172612882802
2.997661377724827,-3.3078303372959432,-0.0447657126059804
3.101029011439476,-3.3078303372959432,-0.028330480693920513
3.2043966451541253,-3.3078303372959432,-0.012362632626742146
3.3077642788687744,-3.3078303372959432,-0.00017953282382808877
3.411131912583425,-3.3078303372959432,0.005845386732943646
3.514499546298074,-3.3078303372959432,0.005086857024976539
3.6178671800127233,-3.3078303372959432,-0.0010356208248077032
3.7212348137273725,-3.3078303372959432,-0.009415618586350333
3.8246024474420213,-3.3078303372959432,-0.0162046297386182
3.9279700811566705,-3.3078303372959432,-0.018069154956496553
4.031337714871319,-3.3078303372959432,-0.013357889210721414
4.134705348585968,-3.3078303372959432,-0.0027789810344222435
4.238072982300618,-3.3078303372959432,0.010673712818156217
4.341440616015267,-3.3078303372959432,0.02257018990335599
4.444808249729916,-3.3078303372959432,0.028436005766232383
4.548175883444565,-3.3078303372959432,0.025258174333780293
4.651543517159214,-3.3078303372959432,0.012615945081072968
4.754911150873865,-3.3078303372959432,-0.0069546204651446284
4.858278784588514,-3.3078303372959432,-0.02852143237707897
4.961646418303163,-3.3078303372959432,-0.04610783446026753
5.065014052017812,-3.3078303372959432,-0.05443922631892666
5.168381685732461,-3.3078303372959432,-0.050548447026402245
5.27174931944711,-3.3078303372959432,-0.03473226875381905
5.3751169531617595,-3.3078303372959432,-0.010544612162331027
5.478484586876409,-3.3078303372959432,0.01618952636901334
5.581852220591058,-3.3078303372959432,0.039046989597963724
5.685219854305707,-3.3078303372959432,0.05285504117203335
5.788587488020356,-3.3078303372959432,0.0551471086911048
5.8919551217350055,-3.3078303372959432,0.04678085516515293
5.995322755449654,-3.3078303372959432,0.03153909305762282
6.098690389164305,-3.3078303372959432,0.014855454356461614
6.202058022878954,-3.3078303372959432,0.002080308665819416
6.305425656593603,-3.3078303372959432,-0.0031597938223508013
6.408793290308252,-3.3078303372959432,2.919253280386206e-6
-6.408793290308252,-3.204460639255445,0.025313754845845436
-6.305425656593603,-3.204460639255445,0.030784354210270752
-6.202058022878954,-3.204460639255445,0.030962983607925078
-6.098690389164304,-3.204460639255445,0.02393178349536046
-5.995322755449655,-3.204460639255445,0.010080643140336942
-5.8919551217350055,-3.204460639255445,-0.007924827794203282
-5.788587488020356,-3.204460639255445,-0.025929777998158706
-5.685219854305708,-3.204460639255445,-0.03956174840549031
-5.581852220591058,-3.204460639255445,-0.04556260044392926
-5.478484586876409,-3.204460639255445,-0.0427454134138777
-5.3751169531617595,-3.204460639255445,-0.03227582901141439
-5.27174931944711,-3.204460639255445,-0.017208693196107423
-5.168381685732461,-3.204460639255445,-0.0014586915546847383
-5.065014052017812,-3.204460639255445,0.01143573518421937
-4.961646418303163,-3.204460639255445,0.01934150052603946
-4.858278784588514,-3.204460639255445,0.02202578466161869
-4.754911150873865,-3.204460639255445,0.020983385352570966
-4.651543517159215,-3.204460639255445,0.018695230662559573
-4.548175883444566,-3.204460639255445,0.017606730795498154
-4.444808249729917,-3.204460639255445,0.019198640125299853
-4.341440616015267,-3.204460639255445,0.02347533667888623
-4.238072982300618,-3.204460639255445,0.029036117992282492
-4.134705348585968,-3.204460639255445,0.03368248723742424
-4.031337714871319,-3.204460639255445,0.035323794446713457
-3.9279700811566705,-3.204460639255445,0.03284106674336213
-3.8246024474420213,-3.204460639255445,0.02658854970170759
-3.7212348137273725,-3.204460639255445,0.01834541688579779
-3.6178671800127233,-3.204460639255445,0.010728106512355444
-3.514499546298074,-3.204460639255445,0.006266796102931141
-3.411131912583425,-3.204460639255445,0.006470361336369024
-3.3077642788687753,-3.204460639255445,0.011211456438021503
-3.204396645154126,-3.204460639255445,0.01865553387686845
-3.101029011439477,-3.204460639255445,0.02577276084725697
-2.9976613777248278,-3.204460639255445,0.029273843753588467
-2.8942937440101786,-3.204460639255445,0.02666721116709321
-2.790926110295529,-3.204460639255445,0.017093706495123297
-2.6875584765808798,-3.204460639255445,0.0016682823554019601
-2.5841908428662306,-3.204460639255445,-0.016780354332966856
-2.4808232091515814,-3.204460639255445,-0.03448710055687283
-2.3774555754369326,-3.204460639255445,-0.047797923143570974
-2.2740879417222835,-3.204460639255445,-0.0541630631302179
-2.1707203080076334,-3.204460639255445,-0.052780754960518754
-2.067352674292984,-3.204460639255445,-0.04471798377163403
-1.9639850405783352,-3.204460639255445,-0.03250506321780743
-1.8606174068636863,-3.204460639255445,-0.019361605097864762
-1.757249773149037,-3.204460639255445,-0.008311109232136096
-1.6538821394343879,-3.204460639255445,-0.001451709659394128
-1.550514505719738,-3.204460639255445,0.00042496007279165535
-1.447146872005089,-3.204460639255445,-0.002195785249968066
-1.3437792382904399,-3.204460639255445,-0.00791909803709444
-1.2404116045757907,-3.204460639255445,-0.01497766981591153
-1.1370439708611417,-3.204460639255445,-0.021743145843542727
-1.0336763371464925,-3.204460639255445,-0.02705959600672905
-0.9303087034318435,-3.204460639255445,-0.030336655904537442
-0.8269410697171936,-3.204460639255445,-0.03143863344537856
-0.7235734360025445,-3.204460639255445,-0.030475501650957124
-0.6202058022878953,-3.204460639255445,-0.027618792247013624
-0.5168381685732463,-3.204460639255445,-0.02302879452400289
-0.4134705348585972,-3.204460639255445,-0.016909348261436825
-0.31010290114394806,-3.204460639255445,-0.009635366623878363
-0.2067352674292982,-3.204460639255445,-0.0018572646535530762
-0.1033676337146491,-3.204460639255445,0.00550688896574922
0.,-3.204460639255445,0.011429635357859923
0.1033676337146491,-3.204460639255445,0.015047750188796009
0.2067352674292982,-3.204460639255445,0.0159529325414051
0.31010290114394734,-3.204460639255445,0.014376710079880515
0.4134705348585964,-3.204460639255445,0.011174262744751572
0.5168381685732455,-3.204460639255445,0.007583587847614222
0.6202058022878947,-3.204460639255445,0.004825499321119398
0.7235734360025438,-3.204460639255445,0.003680773113438045
0.8269410697171944,-3.204460639255445,0.004202929445166736
0.9303087034318435,-3.204460639255445,0.0056859804745495015
1.0336763371464925,-3.204460639255445,0.006916982184837528
1.1370439708611417,-3.204460639255445,0.006635110935986097
1.2404116045757907,-3.204460639255445,0.004033351653374156
1.3437792382904399,-3.204460639255445,-0.0008892407352651678
1.447146872005089,-3.204460639255445,-0.007272384525004499
1.550514505719738,-3.204460639255445,-0.01367940031578905
1.6538821394343872,-3.204460639255445,-0.018635761720917715
1.7572497731490362,-3.204460639255445,-0.02122942252740086
1.8606174068636854,-3.204460639255445,-0.021540854255487404
1.9639850405783346,-3.204460639255445,-0.02071627740785849
2.0673526742929837,-3.204460639255445,-0.02061797635164116
2.1707203080076343,-3.204460639255445,-0.02314121841749338
2.2740879417222835,-3.204460639255445,-0.029422632099050675
2.3774555754369326,-3.204460639255445,-0.0392280771715657
2.4808232091515814,-3.204460639255445,-0.0507701776911002
2.5841908428662306,-3.204460639255445,-0.06107288500164937
2.6875584765808798,-3.204460639255445,-0.06681371769019429
2.790926110295529,-3.204460639255445,-0.06539693903494441
2.894293744010178,-3.204460639255445,-0.055906951418744244
2.997661377724827,-3.204460639255445,-0.03960265786939567
3.101029011439476,-3.204460639255445,-0.019744289417279466
3.2043966451541253,-3.204460639255445,-0.0007563586425244307
3.3077642788687744,-3.204460639255445,0.01304451440574951
3.411131912583425,-3.204460639255445,0.018766912808089863
3.514499546298074,-3.204460639255445,0.015878444944321432
3.6178671800127233,-3.204460639255445,0.0064310330503991086
3.7212348137273725,-3.204460639255445,-0.005529650331227213
3.8246024474420213,-3.204460639255445,-0.015214179532955056
3.9279700811566705,-3.204460639255445,-0.018619191492112674
4.031337714871319,-3.204460639255445,-0.013850975739499855
4.134705348585968,-3.204460639255445,-0.0018068505232199058
4.238072982300618,-3.204460639255445,0.014026509100706403
4.341440616015267,-3.204460639255445,0.028618564984427743
4.444808249729916,-3.204460639255445,0.03697016945172552
4.548175883444565,-3.204460639255445,0.03572554746022085
4.651543517159214,-3.204460639255445,0.024305759276682486
4.754911150873865,-3.204460639255445,0.005193167522882454
4.858278784588514,-3.204460639255445,-0.01673652169098238
4.961646418303163,-3.204460639255445,-0.03563440705019944
5.065014052017812,-3.204460639255445,-0.04640891329453037
5.168381685732461,-3.204460639255445,-0.046224570912867566
5.27174931944711,-3.204460639255445,-0.03530122577463655
5.3751169531617595,-3.204460639255445,-0.016770831158317494
5.478484586876409,-3.204460639255445,0.00434875786776785
5.581852220591058,-3.204460639255445,0.022722763749079805
5.685219854305707,-3.204460639255445,0.03430311080374497
5.788587488020356,-3.204460639255445,0.03745745180063934
5.8919551217350055,-3.204460639255445,0.033278681117804805
5.995322755449654,-3.204460639255445,0.02500394217238981
6.098690389164305,-3.204460639255445,0.01676420297516968
6.202058022878954,-3.204460639255445,0.012099263212283115
6.305425656593603,-3.204460639255445,0.012739260596841617
6.408793290308252,-3.204460639255445,0.018052924235063317
-6.408793290308252,-3.101090941214947,0.04363955799523212
-6.305425656593603,-3.101090941214947,0.04240446255555356
-6.202058022878954,-3.101090941214947,0.03268978028163587
-6.098690389164304,-3.101090941214947,0.014693271254296357
-5.995322755449655,-3.101090941214947,-0.00889894758007471
-5.8919551217350055,-3.101090941214947,-0.033521579822084153
-5.788587488020356,-3.101090941214947,-0.05397202748720706
-5.685219854305708,-3.101090941214947,-0.06589239415765596
-5.581852220591058,-3.101090941214947,-0.06701743813422897
-5.478484586876409,-3.101090941214947,-0.057790930782632303
-5.3751169531617595,-3.101090941214947,-0.04116070907551802
-5.27174931944711,-3.101090941214947,-0.02163083000049833
-5.168381685732461,-3.101090941214947,-0.003887405270559198
-5.065014052017812,-3.101090941214947,0.008555848267474384
-4.961646418303163,-3.101090941214947,0.014266450583763633
-4.858278784588514,-3.101090941214947,0.014090130915153966
-4.754911150873865,-3.101090941214947,0.010612084713760994
-4.651543517159215,-3.101090941214947,0.007100715129144608
-4.548175883444566,-3.101090941214947,0.006312823786785737
-4.444808249729917,-3.101090941214947,0.009567349537514046
-4.341440616015267,-3.101090941214947,0.016385122480386708
-4.238072982300618,-3.101090941214947,0.024786323250802253
-4.134705348585968,-3.101090941214947,0.032108391418348134
-4.031337714871319,-3.101090941214947,0.03603364906440144
-3.9279700811566705,-3.101090941214947,0.035455232305542976
-3.8246024474420213,-3.101090941214947,0.030879127172495413
-3.7212348137273725,-3.101090941214947,0.024231326642116375
-3.6178671800127233,-3.101090941214947,0.018150421798810216
-3.514499546298074,-3.101090941214947,0.015023520091613098
-3.411131912583425,-3.101090941214947,0.016107257880657682
-3.3077642788687753,-3.101090941214947,0.021039810237162844
-3.204396645154126,-3.101090941214947,0.027909996723537073
-3.101029011439477,-3.101090941214947,0.03385671265271259
-2.9976613777248278,-3.101090941214947,0.035993327659731796
-2.8942937440101786,-3.101090941214947,0.03234754894436737
-2.790926110295529,-3.101090941214947,0.022510156343903492
-2.6875584765808798,-3.101090941214947,0.007790902596642253
-2.5841908428662306,-3.101090941214947,-0.00915278937078638
-2.4808232091515814,-3.101090941214947,-0.02507787035823537
-2.3774555754369326,-3.101090941214947,-0.03705495472099315
-2.2740879417222835,-3.101090941214947,-0.043224129018162936
-2.1707203080076334,-3.101090941214947,-0.04319252960106985
-2.067352674292984,-3.101090941214947,-0.03798953146842739
-1.9639850405783352,-3.101090941214947,-0.029641778690401757
-1.8606174068636863,-3.101090941214947,-0.02054170949639604
-1.757249773149037,-3.101090941214947,-0.01282496738060358
-1.6538821394343879,-3.101090941214947,-0.007936721600676015
-1.550514505719738,-3.101090941214947,-0.006475107574363722
-1.447146872005089,-3.101090941214947,-0.008291005396802663
-1.3437792382904399,-3.101090941214947,-0.012739280635661746
-1.2404116045757907,-3.101090941214947,-0.018946330360662227
-1.1370439708611417,-3.101090941214947,-0.02598788542346436
-1.0336763371464925,-3.101090941214947,-0.03294099958355388
-0.9303087034318435,-3.101090941214947,-0.03885102147316326
-0.8269410697171936,-3.101090941214947,-0.042703049562150125
-0.7235734360025445,-3.101090941214947,-0.04348625057434819
-0.6202058022878953,-3.101090941214947,-0.04038901442453233
-0.5168381685732463,-3.101090941214947,-0.03308570612701379
-0.4134705348585972,-3.101090941214947,-0.02200697134885686
-0.31010290114394806,-3.101090941214947,-0.008458532654168453
-0.2067352674292982,-3.101090941214947,0.005514476124011841
-0.1033676337146491,-3.101090941214947,0.01753617076477399
0.,-3.101090941214947,0.025493030187693683
0.1033676337146491,-3.101090941214947,0.02813505305871749
0.2067352674292982,-3.101090941214947,0.025477888283952678
0.31010290114394734,-3.101090941214947,0.018844072247225587
0.4134705348585964,-3.101090941214947,0.010493072495583391
0.5168381685732455,-3.101090941214947,0.002931727737913054
0.6202058022878947,-3.101090941214947,-0.0018817587326440625
0.7235734360025438,-3.101090941214947,-0.003172863820903779
0.8269410697171944,-3.101090941214947,-0.0015958348449274114
0.9303087034318435,-3.101090941214947,0.0010163090095970432
1.0336763371464925,-3.101090941214947,0.0023319105417848375
1.1370439708611417,-3.101090941214947,0.00040839447915929364
1.2404116045757907,-3.101090941214947,-0.005522226350357989
1.3437792382904399,-3.101090941214947,-0.014660948723422853
1.447146872005089,-3.101090941214947,-0.024808780920807
1.550514505719738,-3.101090941214947,-0.033067773215839896
1.6538821394343872,-3.101090941214947,-0.03685677674447066
1.7572497731490362,-3.101090941214947,-0.034895633235912264
1.8606174068636854,-3.101090941214947,-0.027800426696811893
1.9639850405783346,-3.101090941214947,-0.018047645210585193
2.0673526742929837,-3.101090941214947,-0.009272780502013061
2.1707203080076343,-3.101090941214947,-0.005100890250082425
2.2740879417222835,-3.101090941214947,-0.007882924449317767
2.3774555754369326,-3.101090941214947,-0.01776779618176162
2.4808232091515814,-3.101090941214947,-0.0324507331016191
2.5841908428662306,-3.101090941214947,-0.04772722517737247
2.6875584765808798,-3.101090941214947,-0.05871582820798398
2.790926110295529,-3.101090941214947,-0.061380759672250804
2.894293744010178,-3.101090941214947,-0.0538671271721729
2.997661377724827,-3.101090941214947,-0.03720227323878113
3.101029011439476,-3.101090941214947,-0.015108220109782288
3.2043966451541253,-3.101090941214947,0.0070466703914155516
3.3077642788687744,-3.101090941214947,0.023845875942000508
3.411131912583425,-3.101090941214947,0.03147362760810374
3.514499546298074,-3.101090941214947,0.028886952203274693
3.6178671800127233,-3.101090941214947,0.01812742195798223
3.7212348137273725,-3.101090941214947,0.003661708589443143
3.8246024474420213,-3.101090941214947,-0.009046994381695159
3.9279700811566705,-3.101090941214947,-0.015283856054914354
4.031337714871319,-3.101090941214947,-0.012585499109527776
4.134705348585968,-3.101090941214947,-0.001519268784689174
4.238072982300618,-3.101090941214947,0.014509892778522286
4.341440616015267,-3.101090941214947,0.03035891348297093
4.444808249729916,-3.101090941214947,0.04079386596114092
4.548175883444565,-3.101090941214947,0.04215224475289967
4.651543517159214,-3.101090941214947,0.033488162366821846
4.754911150873865,-3.101090941214947,0.016842706416453548
4.858278784588514,-3.101090941214947,-0.003429313911326024
4.961646418303163,-3.101090941214947,-0.022037927944213203
5.065014052017812,-3.101090941214947,-0.03438010283889088
5.168381685732461,-3.101090941214947,-0.037876529944823274
5.27174931944711,-3.101090941214947,-0.03260323246005814
5.3751169531617595,-3.101090941214947,-0.021043711772823
5.478484586876409,-3.101090941214947,-0.007084796443991013
5.581852220591058,-3.101090941214947,0.0053722474049362765
5.685219854305707,-3.101090941214947,0.01369725526529836
5.788587488020356,-3.101090941214947,0.01727748990851332
5.8919551217350055,-3.101090941214947,0.01748888876546106
5.995322755449654,-3.101090941214947,0.016933121967804856
6.098690389164305,-3.101090941214947,0.01823860754943077
6.202058022878954,-3.101090941214947,0.022873056781218367
6.305425656593603,-3.101090941214947,0.030406419278521495
6.408793290308252,-3.101090941214947,0.03850083150759675
-6.408793290308252,-2.997721243174449,0.059218272265650386
-6.305425656593603,-2.997721243174449,0.05310181792316852
-6.202058022878954,-2.997721243174449,0.035429673179067415
-6.098690389164304,-2.997721243174449,0.008149795125994376
-5.995322755449655,-2.997721243174449,-0.023997661762087102
-5.8919551217350055,-2.997721243174449,-0.05461613572393688
-5.788587488020356,-2.997721243174449,-0.07735839613950933
-5.685219854305708,-2.997721243174449,-0.08767972548956425
-5.581852220591058,-2.997721243174449,-0.08409108169004983
-5.478484586876409,-2.997721243174449,-0.0685199244157917
-5.3751169531617595,-2.997721243174449,-0.04567020074917461
-5.27174931944711,-2.997721243174449,-0.02159102859295188
-5.168381685732461,-2.997721243174449,-0.0019106580722388006
-5.065014052017812,-2.997721243174449,0.009712136551424107
-4.961646418303163,-2.997721243174449,0.012451912569165153
-4.858278784588514,-2.997721243174449,0.008262006463540946
-4.754911150873865,-2.997721243174449,0.0009699925437796753
-4.651543517159215,-2.997721243174449,-0.005139267857697179
-4.548175883444566,-2.997721243174449,-0.0067668885682233325
-4.444808249729917,-2.997721243174449,-0.0026005350485775085
-4.341440616015267,-2.997721243174449,0.006425738263581648
-4.238072982300618,-2.997721243174449,0.017648602460573558
-4.134705348585968,-2.997721243174449,0.02774430106207721
-4.031337714871319,-2.997721243174449,0.03395083678810149
-3.9279700811566705,-2.997721243174449,0.035014883506847796
-3.8246024474420213,-2.997721243174449,0.03155159606235712
-3.7212348137273725,-2.997721243174449,0.025723119220465065
-3.6178671800127233,-2.997721243174449,0.02038129133871046
-3.514499546298074,-2.997721243174449,0.01799865610334133
-3.411131912583425,-2.997721243174449,0.019770699865538956
-3.3077642788687753,-2.997721243174449,0.02519621705174663
-3.204396645154126,-2.997721243174449,0.032264075913180194
-3.101029011439477,-2.997721243174449,0.038159774040937684
-2.9976613777248278,-2.997721243174449,0.04023009267356177
-2.8942937440101786,-2.997721243174449,0.03686770453403782
-2.790926110295529,-2.997721243174449,0.028021510059167587
-2.6875584765808798,-2.997721243174449,0.015181418611694551
-2.5841908428662306,-2.997721243174449,0.0008732276621785574
-2.4808232091515814,-2.997721243174449,-0.01213754018327617
-2.3774555754369326,-2.997721243174449,-0.021650291766027473
-2.2740879417222835,-2.997721243174449,-0.026580288750136554
-2.1707203080076334,-2.997721243174449,-0.02710390279342993
-2.067352674292984,-2.997721243174449,-0.024400809300845625
-1.9639850405783352,-2.997721243174449,-0.020135446932552287
-1.8606174068636863,-2.997721243174449,-0.015894813538602455
-1.757249773149037,-2.997721243174449,-0.012786449865565966
-1.6538821394343879,-2.997721243174449,-0.01131085180002574
-1.550514505719738,-2.997721243174449,-0.011496835714568714
-1.447146872005089,-2.997721243174449,-0.013178995598489597
-1.3437792382904399,-2.997721243174449,-0.016247136021489004
-1.2404116045757907,-2.997721243174449,-0.020726586763482945
-1.1370439708611417,-2.997721243174449,-0.02664130618983869
-1.0336763371464925,-2.997721243174449,-0.033727903982856265
-0.9303087034318435,-2.997721243174449,-0.04115735039219778
-0.8269410697171936,-2.997721243174449,-0.04744182985730412
-0.7235734360025445,-2.997721243174449,-0.050643691879252606
-0.6202058022878953,-2.997721243174449,-0.04888187934808433
-0.5168381685732463,-2.997721243174449,-0.04099530301488745
-0.4134705348585972,-2.997721243174449,-0.027128186223395245
-0.31010290114394806,-2.997721243174449,-0.008992507270480402
-0.2067352674292982,-2.997721243174449,0.010350128534772397
-0.1033676337146491,-2.997721243174449,0.027185325164967446
0.,-2.997721243174449,0.03814258197566267
0.1033676337146491,-2.997721243174449,0.0411843087921273
0.2067352674292982,-2.997721243174449,0.03625174983742333
0.31010290114394734,-2.997721243174449,0.025323738012978787
0.4134705348585964,-2.997721243174449,0.011830334933561866
0.5168381685732455,-2.997721243174449,-0.00041654284147746274
0.6202058022878947,-2.997721243174449,-0.008436497317909183
0.7235734360025438,-2.997721243174449,-0.011031211320208574
0.8269410697171944,-2.997721243174449,-0.009137112545133906
0.9303087034318435,-2.997721243174449,-0.005438331757030292
1.0336763371464925,-2.997721243174449,-0.00335072249998295
1.1370439708611417,-2.997721243174449,-0.005713199399224685
1.2404116045757907,-2.997721243174449,-0.013640228708697633
1.3437792382904399,-2.997721243174449,-0.02595262999626756
1.447146872005089,-2.997721243174449,-0.03941892973662924
1.550514505719738,-2.997721243174449,-0.04976472612643346
1.6538821394343872,-2.997721243174449,-0.05313517975448824
1.7572497731490362,-2.997721243174449,-0.04752099974403365
1.8606174068636854,-2.997721243174449,-0.03364601814421578
1.9639850405783346,-2.997721243174449,-0.014975517209400309
2.0673526742929837,-2.997721243174449,0.003209861908797517
2.1707203080076343,-2.997721243174449,0.01541303631692027
2.2740879417222835,-2.997721243174449,0.017690139418727123
2.3774555754369326,-2.997721243174449,0.009009332779011118
2.4808232091515814,-2.997721243174449,-0.008268982289587345
2.5841908428662306,-2.997721243174449,-0.02898364704182959
2.6875584765808798,-2.997721243174449,-0.04668143536076308
2.790926110295529,-2.997721243174449,-0.05558267136151442
2.894293744010178,-2.997721243174449,-0.052382657966023656
2.997661377724827,-2.997721243174449,-0.03730843868448006
3.101029011439476,-2.997721243174449,-0.014082522584097677
3.2043966451541253,-2.997721243174449,0.011205370574627328
3.3077642788687744,-2.997721243174449,0.031964922793196106
3.411131912583425,-2.997721243174449,0.043117174641205444
3.514499546298074,-2.997721243174449,0.042612079887275854
3.6178671800127233,-2.997721243174449,0.031973666578841424
3.7212348137273725,-2.997721243174449,0.015711707979964698
3.8246024474420213,-2.997721243174449,-0.00019395029627193865
3.9279700811566705,-2.997721243174449,-0.010233837842208635
4.031337714871319,-2.997721243174449,-0.01110290017607105
4.134705348585968,-2.997721243174449,-0.0026766377022594064
4.238072982300618,-2.997721243174449,0.012063350494408175
4.341440616015267,-2.997721243174449,0.028097675396352002
4.444808249729916,-2.997721243174449,0.040051984447359114
4.548175883444565,-2.997721243174449,0.04392586923291957
4.651543517159214,-2.997721243174449,0.03830385118458559
4.754911150873865,-2.997721243174449,0.02467626110474288
4.858278784588514,-2.997721243174449,0.006807808586454077
4.961646418303163,-2.997721243174449,-0.01058798547328352
5.065014052017812,-2.997721243174449,-0.023388498354536456
5.168381685732461,-2.997721243174449,-0.02928549317646547
5.27174931944711,-2.997721243174449,-0.028295586586903704
5.3751169531617595,-2.997721243174449,-0.02242721437696472
5.478484586876409,-2.997721243174449,-0.014676573436835821
5.581852220591058,-2.997721243174449,-0.00775762408958315
5.685219854305707,-2.997721243174449,-0.0030529770168519488
5.788587488020356,-2.997721243174449,-0.00017709097975561046
5.8919551217350055,-2.997721243174449,0.002692790433617489
5.995322755449654,-2.997721243174449,0.007853203343325775
6.098690389164305,-2.997721243174449,0.016854362255372037
6.202058022878954,-2.997721243174449,0.02950314055063019
6.305425656593603,-2.997721243174449,0.043498090140865385
6.408793290308252,-2.997721243174449,0.05488383009866122
-6.408793290308252,-2.8943515451339508,0.06724936241258513
-6.305425656593603,-2.8943515451339508,0.059547070408961185
-6.202058022878954,-2.8943515451339508,0.03788312097791385
-6.098690389164304,-2.8943515451339508,0.0051540806096142845
-5.995322755449655,-2.8943515451339508,-0.0325338961674105
-5.8919551217350055,-2.8943515451339508,-0.06737362757495764
-5.788587488020356,-2.8943515451339508,-0.09195769238725426
-5.685219854305708,-2.8943515451339508,-0.1013307818924696
-5.581852220591058,-2.8943515451339508,-0.09435525231055127
-5.478484586876409,-2.8943515451339508,-0.07396319755536668
-5.3751169531617595,-2.8943515451339508,-0.046220091917584985
-5.27174931944711,-2.8943515451339508,-0.01850054373141206
-5.168381685732461,-2.8943515451339508,0.0026478038504485703
-5.065014052017812,-2.8943515451339508,0.013290158011169569
-4.961646418303163,-2.8943515451339508,0.013007025190884286
-4.858278784588514,-2.8943515451339508,0.004677350851324514
-4.754911150873865,-2.8943515451339508,-0.006729134611378609
-4.651543517159215,-2.8943515451339508,-0.015911901933907034
-4.548175883444566,-2.8943515451339508,-0.01895824464522037
-4.444808249729917,-2.8943515451339508,-0.014472169312919158
-4.341440616015267,-2.8943515451339508,-0.003788498684958116
-4.238072982300618,-2.8943515451339508,0.009733027787279146
-4.134705348585968,-2.8943515451339508,0.02203348668524711
-4.031337714871319,-2.8943515451339508,0.02981115921256434
-3.9279700811566705,-2.8943515451339508,0.03160525654664785
-3.8246024474420213,-2.8943515451339508,0.028161007211962477
-3.7212348137273725,-2.8943515451339508,0.021997120252884382
-3.6178671800127233,-2.8943515451339508,0.016376417789976352
-3.514499546298074,-2.8943515451339508,0.014075911555776015
-3.411131912583425,-2.8943515451339508,0.01640011928826221
-3.3077642788687753,-2.8943515451339508,0.022771597779035067
-3.204396645154126,-2.8943515451339508,0.03101154726027296
-3.101029011439477,-2.8943515451339508,0.03817401400527555
-2.9976613777248278,-2.8943515451339508,0.04160907060230649
-2.8942937440101786,-2.8943515451339508,0.03986715135706674
-2.790926110295529,-2.8943515451339508,0.03313492655495097
-2.6875584765808798,-2.8943515451339508,0.023077837208329982
-2.5841908428662306,-2.8943515451339508,0.01218398220268401
-2.4808232091515814,-2.8943515451339508,0.0028772329044973737
-2.3774555754369326,-2.8943515451339508,-0.0032666329968922252
-2.2740879417222835,-2.8943515451339508,-0.005927359713355245
-2.1707203080076334,-2.8943515451339508,-0.0059560665111997495
-2.067352674292984,-2.8943515451339508,-0.004876849279103864
-1.9639850405783352,-2.8943515451339508,-0.004203841415294651
-1.8606174068636863,-2.8943515451339508,-0.004859139019590002
-1.757249773149037,-2.8943515451339508,-0.006917977067338772
-1.6538821394343879,-2.8943515451339508,-0.00976046601085591
-1.550514505719738,-2.8943515451339508,-0.012534470585584389
-1.447146872005089,-2.8943515451339508,-0.014702349558291599
-1.3437792382904399,-2.8943515451339508,-0.01640851289341376
-1.2404116045757907,-2.8943515451339508,-0.0184802995592368
-1.1370439708611417,-2.8943515451339508,-0.022032493013909304
-1.0336763371464925,-2.8943515451339508,-0.027823343215004934
-0.9303087034318435,-2.8943515451339508,-0.03563506631455048
-0.8269410697171936,-2.8943515451339508,-0.043970610645462774
-0.7235734360025445,-2.8943515451339508,-0.05025713680746677
-0.6202058022878953,-2.8943515451339508,-0.051558108250798054
-0.5168381685732463,-2.8943515451339508,-0.04558903592143743
-0.4134705348585972,-2.8943515451339508,-0.03168667683427704
-0.31010290114394806,-2.8943515451339508,-0.011358690238222576
-0.2067352674292982,-2.8943515451339508,0.011841879300902549
-0.1033676337146491,-2.8943515451339508,0.033149628696032524
0.,-2.8943515451339508,0.04790640052364272
0.1033676337146491,-2.8943515451339508,0.05295478360728227
0.2067352674292982,-2.8943515451339508,0.04763660006727445
0.31010290114394734,-2.8943515451339508,0.034035249283248394
0.4134705348585964,-2.8943515451339508,0.01634300690163356
0.5168381685732455,-2.8943515451339508,-0.0004684950778465684
0.6202058022878947,-2.8943515451339508,-0.012247386167620958
0.7235734360025438,-2.8943515451339508,-0.0169926955576848
0.8269410697171944,-2.8943515451339508,-0.015453295288852325
0.9303087034318435,-2.8943515451339508,-0.01076930003815094
1.0336763371464925,-2.8943515451339508,-0.007257484522601664
1.1370439708611417,-2.8943515451339508,-0.008745761953163508
1.2404116045757907,-2.8943515451339508,-0.017034485509531266
1.3437792382904399,-2.8943515451339508,-0.03103901584023013
1.447146872005089,-2.8943515451339508,-0.04694975199578844
1.550514505719738,-2.8943515451339508,-0.05940190076518406
1.6538821394343872,-2.8943515451339508,-0.06329299157859325
1.7572497731490362,-2.8943515451339508,-0.055644162434885354
1.8606174068636854,-2.8943515451339508,-0.03685909070699319
1.9639850405783346,-2.8943515451339508,-0.010913268098011616
2.0673526742929837,-2.8943515451339508,0.01564821410940413
2.1707203080076343,-2.8943515451339508,0.03562712555043108
2.2740879417222835,-2.8943515451339508,0.04340719596678729
2.3774555754369326,-2.8943515451339508,0.03678470726328543
2.4808232091515814,-2.8943515451339508,0.017782514066666963
2.5841908428662306,-2.8943515451339508,-0.00784685130543352
2.6875584765808798,-2.8943515451339508,-0.03230125035030661
2.790926110295529,-2.8943515451339508,-0.04807700785344944
2.894293744010178,-2.8943515451339508,-0.0502462647977604
2.997661377724827,-2.8943515451339508,-0.037941100748937154
3.101029011439476,-2.8943515451339508,-0.014574278482846212
3.2043966451541253,-2.8943515451339508,0.01326728371540965
3.3077642788687744,-2.8943515451339508,0.037893773657606065
3.411131912583425,-2.8943515451339508,0.05287973851441867
3.514499546298074,-2.8943515451339508,0.05497269726619653
3.6178671800127233,-2.8943515451339508,0.04494927130677675
3.7212348137273725,-2.8943515451339508,0.027176669239076464
3.8246024474420213,-2.8943515451339508,0.008061258244567914
3.9279700811566705,-2.8943515451339508,-0.006079092548378541
4.031337714871319,-2.8943515451339508,-0.011012226956962837
4.134705348585968,-2.8943515451339508,-0.005819014071210177
4.238072982300618,-2.8943515451339508,0.00701250304462796
4.341440616015267,-2.8943515451339508,0.022601964724141797
4.444808249729916,-2.8943515451339508,0.03541076373511983
4.548175883444565,-2.8943515451339508,0.04108408750397819
4.651543517159214,-2.8943515451339508,0.03778279608447993
4.754911150873865,-2.8943515451339508,0.026589985178498306
4.858278784588514,-2.8943515451339508,0.010913487102370707
4.961646418303163,-2.8943515451339508,-0.004845006103461077
5.065014052017812,-2.8943515451339508,-0.01684277123015469
5.168381685732461,-2.8943515451339508,-0.023008068166742352
5.27174931944711,-2.8943515451339508,-0.023498979321392617
5.3751169531617595,-2.8943515451339508,-0.02028977836522107
5.478484586876409,-2.8943515451339508,-0.016092762925751847
5.581852220591058,-2.8943515451339508,-0.013066089325442794
5.685219854305707,-2.8943515451339508,-0.011829330914352497
5.788587488020356,-2.8943515451339508,-0.011184039214748816
5.8919551217350055,-2.8943515451339508,-0.008663091555749366
5.995322755449654,-2.8943515451339508,-0.0017104528618324423
6.098690389164305,-2.8943515451339508,0.010959630901204602
6.202058022878954,-2.8943515451339508,0.028364315991219458
6.305425656593603,-2.8943515451339508,0.047045417550440206
6.408793290308252,-2.8943515451339508,0.06181191384476706
-6.408793290308252,-2.7909818470934527,0.06479708266763728
-6.305425656593603,-2.7909818470934527,0.05916840436704797
-6.202058022878954,-2.7909818470934527,0.038384183123429255
-6.098690389164304,-2.7909818470934527,0.0053284809763085115
-5.995322755449655,-2.7909818470934527,-0.03349197830348004
-5.8919551217350055,-2.7909818470934527,-0.069610080450043
-5.788587488020356,-2.7909818470934527,-0.09493803039254692
-5.685219854305708,-2.7909818470934527,-0.1040623976452679
-5.581852220591058,-2.7909818470934527,-0.09577354491692046
-5.478484586876409,-2.7909818470934527,-0.07334732486048016
-5.3751169531617595,-2.7909818470934527,-0.04349476045495629
-5.27174931944711,-2.7909818470934527,-0.014320025463000272
-5.168381685732461,-2.7909818470934527,0.007062302040549695
-5.065014052017812,-2.7909818470934527,0.016504549331240338
-4.961646418303163,-2.7909818470934527,0.013800303790346774
-4.858278784588514,-2.7909818470934527,0.0023972819091738454
-4.754911150873865,-2.7909818470934527,-0.011996606455505767
-4.651543517159215,-2.7909818470934527,-0.02341035698671567
-4.548175883444566,-2.7909818470934527,-0.027535417999753797
-4.444808249729917,-2.7909818470934527,-0.02296272345105205
-4.341440616015267,-2.7909818470934527,-0.011373365755110328
-4.238072982300618,-2.7909818470934527,0.0033089112997385915
-4.134705348585968,-2.7909818470934527,0.016449682554418383
-4.031337714871319,-2.7909818470934527,0.024357397921029287
-3.9279700811566705,-2.7909818470934527,0.025487944077772155
-3.8246024474420213,-2.7909818470934527,0.020816972180401537
-3.7212348137273725,-2.7909818470934527,0.013305888394042493
-3.6178671800127233,-2.7909818470934527,0.006705923531366423
-3.514499546298074,-2.7909818470934527,0.004161498731900017
-3.411131912583425,-2.7909818470934527,0.007118141830677613
-3.3077642788687753,-2.7909818470934527,0.014903982316840063
-3.204396645154126,-2.7909818470934527,0.02509377196819825
-3.101029011439477,-2.7909818470934527,0.03447852137907417
-2.9976613777248278,-2.7909818470934527,0.04025559853002016
-2.8942937440101786,-2.7909818470934527,0.04099505325516489
-2.790926110295529,-2.7909818470934527,0.037043072406278986
-2.6875584765808798,-2.7909818470934527,0.03024779191352336
-2.5841908428662306,-2.7909818470934527,0.023149255459790068
-2.4808232091515814,-2.7909818470934527,0.017968230318390167
-2.3774555754369326,-2.7909818470934527,0.01578844926331514
-2.2740879417222835,-2.7909818470934527,0.016235609623264553
-2.1707203080076334,-2.7909818470934527,0.01775298487595123
-2.067352674292984,-2.7909818470934527,0.01833792511865464
-1.9639850405783352,-2.7909818470934527,0.016426561597444243
-1.8606174068636863,-2.7909818470934527,0.01156275155024798
-1.757249773149037,-2.7909818470934527,0.004580039849355343
-1.6538821394343879,-2.7909818470934527,-0.0027748531633409058
-1.550514505719738,-2.7909818470934527,-0.008619968875303407
-1.447146872005089,-2.7909818470934527,-0.011792701102353522
-1.3437792382904399,-2.7909818470934527,-0.012416264743351906
-1.2404116045757907,-2.7909818470934527,-0.011919338778906184
-1.1370439708611417,-2.7909818470934527,-0.012464394833074717
-1.0336763371464925,-2.7909818470934527,-0.0159817918912681
-0.9303087034318435,-2.7909818470934527,-0.02318187058440584
-0.8269410697171936,-2.7909818470934527,-0.0329546583900891
-0.7235734360025445,-2.7909818470934527,-0.04244524217144378
-0.6202058022878953,-2.7909818470934527,-0.04785106555374148
-0.5168381685732463,-2.7909818470934527,-0.0457113945085297
-0.4134705348585972,-2.7909818470934527,-0.03425176932416898
-0.31010290114394806,-2.7909818470934527,-0.014289230869184318
-0.2067352674292982,-2.7909818470934527,0.010672946817425479
-0.1033676337146491,-2.7909818470934527,0.03526501226609899
0.,-2.7909818470934527,0.05376770792939923
0.1033676337146491,-2.7909818470934527,0.06184803372130814
0.2067352674292982,-2.7909818470934527,0.05793159390346712
0.31010290114394734,-2.7909818470934527,0.043727391408793614
0.4134705348585964,-2.7909818470934527,0.02369458769573733
0.5168381685732455,-2.7909818470934527,0.003599827497403151
0.6202058022878947,-2.7909818470934527,-0.01136574149323923
0.7235734360025438,-2.7909818470934527,-0.01827334250939507
0.8269410697171944,-2.7909818470934527,-0.01736119921924672
0.9303087034318435,-2.7909818470934527,-0.011828112555442104
1.0336763371464925,-2.7909818470934527,-0.006567679844315028
1.1370439708611417,-2.7909818470934527,-0.006268692915355975
1.2404116045757907,-2.7909818470934527,-0.01354304783158682
1.3437792382904399,-2.7909818470934527,-0.02775344497808745
1.447146872005089,-2.7909818470934527,-0.04498868426838826
1.550514505719738,-2.7909818470934527,-0.059245849504461205
1.6538821394343872,-2.7909818470934527,-0.06445665884854816
1.7572497731490362,-2.7909818470934527,-0.05668543397935462
1.8606174068636854,-2.7909818470934527,-0.03573913001692734
1.9639850405783346,-2.7909818470934527,-0.005602071570486348
2.0673526742929837,-2.7909818470934527,0.02651259186993109
2.1707203080076343,-2.7909818470934527,0.05224059256391579
2.2740879417222835,-2.7909818470934527,0.06462993274263712
2.3774555754369326,-2.7909818470934527,0.060363683059377365
2.4808232091515814,-2.7909818470934527,0.040905776334208804
2.5841908428662306,-2.7909818470934527,0.01217066579173022
2.6875584765808798,-2.7909818470934527,-0.017206730351705498
2.790926110295529,-2.7909818470934527,-0.03846759220112031
2.894293744010178,-2.7909818470934527,-0.04537327677525886
2.997661377724827,-2.7909818470934527,-0.0360591103117879
3.101029011439476,-2.7909818470934527,-0.013515361776172848
3.2043966451541253,-2.7909818470934527,0.015442196892206259
3.3077642788687744,-2.7909818470934527,0.042362700236957596
3.411131912583425,-2.7909818470934527,0.059794006666734546
3.514499546298074,-2.7909818470934527,0.06351348698959264
3.6178671800127233,-2.7909818470934527,0.05365918110075144
3.7212348137273725,-2.7909818470934527,0.03443929832910475
3.8246024474420213,-2.7909818470934527,0.012569112236166654
3.9279700811566705,-2.7909818470934527,-0.005006531447133705
4.031337714871319,-2.7909818470934527,-0.013334306186056289
4.134705348585968,-2.7909818470934527,-0.010896174593281837
4.238072982300618,-2.7909818470934527,0.00015688870213904473
4.341440616015267,-2.7909818470934527,0.014991577508103308
4.444808249729916,-2.7909818470934527,0.027900248072485107
4.548175883444565,-2.7909818470934527,0.034273455835494675
4.651543517159214,-2.7909818470934527,0.03205745799085873
4.754911150873865,-2.7909818470934527,0.022229132844103276
4.858278784588514,-2.7909818470934527,0.0081862726925883
4.961646418303163,-2.7909818470934527,-0.005662449727435305
5.065014052017812,-2.7909818470934527,-0.01555290408513129
5.168381685732461,-2.7909818470934527,-0.019648931319039494
5.27174931944711,-2.7909818470934527,-0.018498804866463377
5.3751169531617595,-2.7909818470934527,-0.014533240844451045
5.478484586876409,-2.7909818470934527,-0.010837668584460716
5.581852220591058,-2.7909818470934527,-0.00970300595051395
5.685219854305707,-2.7909818470934527,-0.01153951002453962
5.788587488020356,-2.7909818470934527,-0.014598742762072875
5.8919551217350055,-2.7909818470934527,-0.015640538794822235
5.995322755449654,-2.7909818470934527,-0.01131768816579799
6.098690389164305,-2.7909818470934527,0.00023557114558581268
6.202058022878954,-2.7909818470934527,0.018227554673627362
6.305425656593603,-2.7909818470934527,0.03893878855259638
6.408793290308252,-2.7909818470934527,0.05654115819770159
-6.408793290308252,-2.6876121490529545,0.05164402406035416
-6.305425656593603,-2.6876121490529545,0.050951621225035985
-6.202058022878954,-2.6876121490529545,0.0354879706614804
-6.098690389164304,-2.6876121490529545,0.007309769628592323
-5.995322755449655,-2.6876121490529545,-0.027680261737179763
-5.8919551217350055,-2.6876121490529545,-0.06131788399233321
-5.788587488020356,-2.6876121490529545,-0.08552709193628191
-5.685219854305708,-2.6876121490529545,-0.09469298298992981
-5.581852220591058,-2.6876121490529545,-0.08729961689006206
-5.478484586876409,-2.6876121490529545,-0.06631099799621769
-5.3751169531617595,-2.6876121490529545,-0.038182418271289036
-5.27174931944711,-2.6876121490529545,-0.010833607837305173
-5.168381685732461,-2.6876121490529545,0.008754342848551398
-5.065014052017812,-2.6876121490529545,0.016548556569969945
-4.961646418303163,-2.6876121490529545,0.012458286802928672
-4.858278784588514,-2.6876121490529545,0.00003996024250071301
-4.754911150873865,-2.6876121490529545,-0.014930544062644813
-4.651543517159215,-2.6876121490529545,-0.026498161841610506
-4.548175883444566,-2.6876121490529545,-0.030482584691973187
-4.444808249729917,-2.6876121490529545,-0.025708164734038665
-4.341440616015267,-2.6876121490529545,-0.014144496595939707
-4.238072982300618,-2.6876121490529545,0.00002358500922548366
-4.134705348585968,-2.6876121490529545,0.012016940398994893
-4.031337714871319,-2.6876121490529545,0.018178977421795216
-3.9279700811566705,-2.6876121490529545,0.017191838176095375
-3.8246024474420213,-2.6876121490529545,0.01039956958293148
-3.7212348137273725,-2.6876121490529545,0.0011767975660330833
-3.6178671800127233,-2.6876121490529545,-0.006381597914300794
-3.514499546298074,-2.6876121490529545,-0.008949614662465062
-3.411131912583425,-2.6876121490529545,-0.005100123490970529
-3.3077642788687753,-2.6876121490529545,0.004307128934643587
-3.204396645154126,-2.6876121490529545,0.01657731889789317
-3.101029011439477,-2.6876121490529545,0.0282621459219404
-2.9976613777248278,-2.6876121490529545,0.03644251142077219
-2.8942937440101786,-2.6876121490529545,0.03973005796954774
-2.790926110295529,-2.6876121490529545,0.03863095708315671
-2.6875584765808798,-2.6876121490529545,0.03516816743629953
-2.5841908428662306,-2.6876121490529545,0.031941277241226494
-2.4808232091515814,-2.6876121490529545,0.03101007207807913
-2.3774555754369326,-2.6876121490529545,0.033043575042185414
-2.2740879417222835,-2.6876121490529545,0.03706268183112429
-2.1707203080076334,-2.6876121490529545,0.040867384431241695
-2.067352674292984,-2.6876121490529545,0.04197047725933164
-1.9639850405783352,-2.6876121490529545,0.038661381243975175
-1.8606174068636863,-2.6876121490529545,0.030771874220575028
-1.757249773149037,-2.6876121490529545,0.01983012648955805
-1.6538821394343879,-2.6876121490529545,0.008527431841300958
-1.550514505719738,-2.6876121490529545,-0.00030688409716307397
-1.447146872005089,-2.6876121490529545,-0.004826568323110825
-1.3437792382904399,-2.6876121490529545,-0.004938665272899875
-1.2404116045757907,-2.6876121490529545,-0.002397328128459664
-1.1370439708611417,-2.6876121490529545,-0.00014772609610246574
-1.0336763371464925,-2.6876121490529545,-0.001136980181583248
-0.9303087034318435,-2.6876121490529545,-0.007028494612001794
-0.8269410697171936,-2.6876121490529545,-0.01731856036512671
-0.7235734360025445,-2.6876121490529545,-0.02922986319330547
-0.6202058022878953,-2.6876121490529545,-0.03848447946689299
-0.5168381685732463,-2.6876121490529545,-0.04073440141785331
-0.4134705348585972,-2.6876121490529545,-0.03316879463164647
-0.31010290114394806,-2.6876121490529545,-0.015722367574987656
-0.2067352674292982,-2.6876121490529545,0.008579795647273679
-0.1033676337146491,-2.6876121490529545,0.03432061720033009
0.,-2.6876121490529545,0.0552494623455363
0.1033676337146491,-2.6876121490529545,0.06620443017895704
0.2067352674292982,-2.6876121490529545,0.06475314364730556
0.31010290114394734,-2.6876121490529545,0.051980494212456166
0.4134705348585964,-2.6876121490529545,0.032129832664854224
0.5168381685732455,-2.6876121490529545,0.011194278853196793
0.6202058022878947,-2.6876121490529545,-0.005077488394000822
0.7235734360025438,-2.6876121490529545,-0.013081868441017353
0.8269410697171944,-2.6876121490529545,-0.01250642700338148
0.9303087034318435,-2.6876121490529545,-0.0063111671574478225
1.0336763371464925,-2.6876121490529545,0.00046428180812806266
1.1370439708611417,-2.6876121490529545,0.002662805567979757
1.2404116045757907,-2.6876121490529545,-0.002945292769303591
1.3437792382904399,-2.6876121490529545,-0.016268534079170612
1.447146872005089,-2.6876121490529545,-0.033675925383679015
1.550514505719738,-2.6876121490529545,-0.04907867038915632
1.6538821394343872,-2.6876121490529545,-0.055981777918261665
1.7572497731490362,-2.6876121490529545,-0.04982271133415144
1.8606174068636854,-2.6876121490529545,-0.029788820185255374
1.9639850405783346,-2.6876121490529545,0.0005436687439163544
2.0673526742929837,-2.6876121490529545,0.034024282567987854
2.1707203080076343,-2.6876121490529545,0.061984687156267024
2.2740879417222835,-2.6876121490529545,0.07689738255885716
2.3774555754369326,-2.6876121490529545,0.07477617990760596
2.4808232091515814,-2.6876121490529545,0.05652219864742227
2.5841908428662306,-2.6876121490529545,0.027751601594086527
2.6875584765808798,-2.6876121490529545,-0.0028664029043973275
2.790926110295529,-2.6876121490529545,-0.02624418252098818
2.894293744010178,-2.6876121490529545,-0.03564454904793203
2.997661377724827,-2.6876121490529545,-0.028699639272444306
3.101029011439476,-2.6876121490529545,-0.008040932254282408
3.2043966451541253,-2.6876121490529545,0.01964388189316981
3.3077642788687744,-2.6876121490529545,0.04579963520720073
3.411131912583425,-2.6876121490529545,0.06271187121203137
3.514499546298074,-2.6876121490529545,0.06585425912502704
3.6178671800127233,-2.6876121490529545,0.05513343592782039
3.7212348137273725,-2.6876121490529545,0.03466966122105555
3.8246024474420213,-2.6876121490529545,0.01124227088948705
3.9279700811566705,-2.6876121490529545,-0.008036466558866253
4.031337714871319,-2.6876121490529545,-0.018021371404838227
4.134705348585968,-2.6876121490529545,-0.017050743350718114
4.238072982300618,-2.6876121490529545,-0.007215284292396945
4.341440616015267,-2.6876121490529545,0.006643915140640597
4.444808249729916,-2.6876121490529545,0.018799209999521633
4.548175883444565,-2.6876121490529545,0.024676308846885625
4.651543517159214,-2.6876121490529545,0.022354661396080205
4.754911150873865,-2.6876121490529545,0.013032815424083488
4.858278784588514,-2.6876121490529545,0.00034926949268035174
4.961646418303163,-2.6876121490529545,-0.01113883637973167
5.065014052017812,-2.6876121490529545,-0.017725529330747957
5.168381685732461,-2.6876121490529545,-0.017910654394300035
5.27174931944711,-2.6876121490529545,-0.012847531341474233
5.3751169531617595,-2.6876121490529545,-0.005739390521314681
5.478484586876409,-2.6876121490529545,-0.00043566356363539707
5.581852220591058,-2.6876121490529545,0.00022175717549347272
5.685219854305707,-2.6876121490529545,-0.004342255405213557
5.788587488020356,-2.6876121490529545,-0.012071537799574102
5.8919551217350055,-2.6876121490529545,-0.018977838678945095
5.995322755449654,-2.6876121490529545,-0.020674342166523568
6.098690389164305,-2.6876121490529545,-0.014192799756218233
6.202058022878954,-2.6876121490529545,0.0005928330516326682
6.305425656593603,-2.6876121490529545,0.020495838849914
6.408793290308252,-2.6876121490529545,0.03973508299290541
-6.408793290308252,-2.5842424510124564,0.030373512659500862
-6.305425656593603,-2.5842424510124564,0.0358444803187116
-6.202058022878954,-2.5842424510124564,0.028561743054496345
-6.098690389164304,-2.5842424510124564,0.009322079226549942
-5.995322755449655,-2.5842424510124564,-0.017378282719430052
-5.8919551217350055,-2.5842424510124564,-0.0446592516054681
-5.788587488020356,-2.5842424510124564,-0.06535457801904111
-5.685219854305708,-2.5842424510124564,-0.0742070373698611
-5.581852220591058,-2.5842424510124564,-0.06944546496661054
-5.478484586876409,-2.5842424510124564,-0.053237687736659094
-5.3751169531617595,-2.5842424510124564,-0.030890827284648203
-5.27174931944711,-2.5842424510124564,-0.00908610842706525
-5.168381685732461,-2.5842424510124564,0.006251940060309972
-5.065014052017812,-2.5842424510124564,0.01174632815347041
-4.961646418303163,-2.5842424510124564,0.007446255433047352
-4.858278784588514,-2.5842424510124564,-0.0034565310439381713
-4.754911150873865,-2.5842424510124564,-0.015926575820120505
-4.651543517159215,-2.5842424510124564,-0.024916422386407178
-4.548175883444566,-2.5842424510124564,-0.02708826241605263
-4.444808249729917,-2.5842424510124564,-0.02184658028385833
-4.341440616015267,-2.5842424510124564,-0.011362711996115726
-4.238072982300618,-2.5842424510124564,0.00036761775058409226
-4.134705348585968,-2.5842424510124564,0.00906004298707813
-4.031337714871319,-2.5842424510124564,0.011706279807807776
-3.9279700811566705,-2.5842424510124564,0.007616852254310703
-3.8246024474420213,-2.5842424510124564,-0.0014032666485215564
-3.7212348137273725,-2.5842424510124564,-0.011771438206839183
-3.6178671800127233,-2.5842424510124564,-0.019444887615580938
-3.514499546298074,-2.5842424510124564,-0.021345324430245987
-3.411131912583425,-2.5842424510124564,-0.01637833276028147
-3.3077642788687753,-2.5842424510124564,-0.005700832644100552
-3.204396645154126,-2.5842424510124564,0.007825262758341184
-3.101029011439477,-2.5842424510124564,0.02075735587765342
-2.9976613777248278,-2.5842424510124564,0.03033636350659486
-2.8942937440101786,-2.5842424510124564,0.035417191534292985
-2.790926110295529,-2.5842424510124564,0.03673198792274366
-2.6875584765808798,-2.5842424510124564,0.03641295607243103
-2.5841908428662306,-2.5842424510124564,0.036983282208978854
-2.4808232091515814,-2.5842424510124564,0.04022287486536907
-2.3774555754369326,-2.5842424510124564,0.046357265656967725
-2.2740879417222835,-2.5842424510124564,0.05388911698400238
-2.1707203080076334,-2.5842424510124564,0.06014186275091097
-2.067352674292984,-2.5842424510124564,0.06230860075618215
-1.9639850405783352,-2.5842424510124564,0.058600845416623824
-1.8606174068636863,-2.5842424510124564,0.049046624489210516
-1.757249773149037,-2.5842424510124564,0.03561409419178448
-1.6538821394343879,-2.5842424510124564,0.021589531736364694
-1.550514505719738,-2.5842424510124564,0.01042366992956066
-1.447146872005089,-2.5842424510124564,0.00447082137585447
-1.3437792382904399,-2.5842424510124564,0.004100187544961982
-1.2404116045757907,-2.5842424510124564,0.007533809322590454
-1.1370439708611417,-2.5842424510124564,0.011502987872392453
-1.0336763371464925,-2.5842424510124564,0.012509061511401732
-0.9303087034318435,-2.5842424510124564,0.008237915620445006
-0.8269410697171936,-2.5842424510124564,-0.0013994990673399732
-0.7235734360025445,-2.5842424510124564,-0.014012453006725458
-0.6202058022878953,-2.5842424510124564,-0.02540082473712508
-0.5168381685732463,-2.5842424510124564,-0.030955562393816916
-0.4134705348585972,-2.5842424510124564,-0.02731814482262559
-0.31010290114394806,-2.5842424510124564,-0.01371251813204286
-0.2067352674292982,-2.5842424510124564,0.0075448215188315005
-0.1033676337146491,-2.5842424510124564,0.031577715516356505
0.,-2.5842424510124564,0.05238561530662396
0.1033676337146491,-2.5842424510124564,0.06471724692371107
0.2067352674292982,-2.5842424510124564,0.06574997122200334
0.31010290114394734,-2.5842424510124564,0.055992301193281406
0.4134705348585964,-2.5842424510124564,0.039083868484598994
0.5168381685732455,-2.5842424510124564,0.02054473676303198
0.6202058022878947,-2.5842424510124564,0.005893661367000284
0.7235734360025438,-2.5842424510124564,-0.001217343439074565
0.8269410697171944,-2.5842424510124564,-0.00020025664049147822
0.9303087034318435,-2.5842424510124564,0.006366840906228772
1.0336763371464925,-2.5842424510124564,0.013780096803431174
1.1370439708611417,-2.5842424510124564,0.017036237013903933
1.2404116045757907,-2.5842424510124564,0.012802506353657652
1.3437792382904399,-2.5842424510124564,0.0008225733478698383
1.447146872005089,-2.5842424510124564,-0.015766101547597992
1.550514505719738,-2.5842424510124564,-0.031355598488577496
1.6538821394343872,-2.5842424510124564,-0.039748745901881724
1.7572497731490362,-2.5842424510124564,-0.03636864160792768
1.8606174068636854,-2.5842424510124564,-0.02003141187906601
1.9639850405783346,-2.5842424510124564,0.0063554551587819
2.0673526742929837,-2.5842424510124564,0.03645521623520982
2.1707203080076343,-2.5842424510124564,0.06235158575856989
2.2740879417222835,-2.5842424510124564,0.07700316213494458
2.3774555754369326,-2.5842424510124564,0.07649997089678114
2.4808232091515814,-2.5842424510124564,0.06136833139444224
2.5841908428662306,-2.5842424510124564,0.03647471230334901
2.6875584765808798,-2.5842424510124564,0.0095390203952443
2.790926110295529,-2.5842424510124564,-0.01127129394483345
2.894293744010178,-2.5842424510124564,-0.019888449009504906
2.997661377724827,-2.5842424510124564,-0.01420690482661174
3.101029011439476,-2.5842424510124564,0.0033377328861212696
3.2043966451541253,-2.5842424510124564,0.026647040746118105
3.3077642788687744,-2.5842424510124564,0.047988421214786664
3.411131912583425,-2.5842424510124564,0.06049324904534446
3.514499546298074,-2.5842424510124564,0.060300999231874784
3.6178671800127233,-2.5842424510124564,0.04765970762838745
3.7212348137273725,-2.5842424510124564,0.02665484124914112
3.8246024474420213,-2.5842424510124564,0.003702785108758422
3.9279700811566705,-2.5842424510124564,-0.01464691843765442
4.031337714871319,-2.5842424510124564,-0.02384189488213321
4.134705348585968,-2.5842424510124564,-0.022679018967309377
4.238072982300618,-2.5842424510124564,-0.013455828054497958
4.341440616015267,-2.5842424510124564,-0.0009236468295667939
4.444808249729916,-2.5842424510124564,0.00954319434551464
4.548175883444565,-2.5842424510124564,0.013890580237678323
4.651543517159214,-2.5842424510124564,0.01075248902996302
4.754911150873865,-2.5842424510124564,0.0017807473784917263
4.858278784588514,-2.5842424510124564,-0.009143572223985125
4.961646418303163,-2.5842424510124564,-0.017494939393270414
5.065014052017812,-2.5842424510124564,-0.01988256917322074
5.168381685732461,-2.5842424510124564,-0.01536294948002653
5.27174931944711,-2.5842424510124564,-0.005803959212990482
5.3751169531617595,-2.5842424510124564,0.004829564412092737
5.478484586876409,-2.5842424510124564,0.01200228694990839
5.581852220591058,-2.5842424510124564,0.012381109790525301
5.685219854305707,-2.5842424510124564,0.005193904122906461
5.788587488020356,-2.5842424510124564,-0.007341652356985748
5.8919551217350055,-2.5842424510124564,-0.02070270154716721
5.995322755449654,-2.5842424510124564,-0.029640499817063647
6.098690389164305,-2.5842424510124564,-0.03010642975357548
6.202058022878954,-2.5842424510124564,-0.020838744520553332
6.305425656593603,-2.5842424510124564,-0.00402808851345073
6.408793290308252,-2.5842424510124564,0.015208259932881557
-6.408793290308252,-2.480872752971958,0.005665624091380581
-6.305425656593603,-2.480872752971958,0.016628674649143024
-6.202058022878954,-2.480872752971958,0.018170802740352793
-6.098690389164304,-2.480872752971958,0.009873200078589345
-5.995322755449655,-2.480872752971958,-0.005597002859115222
-5.8919551217350055,-2.480872752971958,-0.023421130240006246
-5.788587488020356,-2.480872752971958,-0.03823547412323293
-5.685219854305708,-2.480872752971958,-0.045860887451295976
-5.581852220591058,-2.480872752971958,-0.044578752242758486
-5.478484586876409,-2.480872752971958,-0.03554504857160192
-5.3751169531617595,-2.480872752971958,-0.022237187573149107
-5.27174931944711,-2.480872752971958,-0.009159002496526516
-5.168381685732461,-2.480872752971958,-0.00027363964991652045
-5.065014052017812,-2.480872752971958,0.0022899104775225823
-4.961646418303163,-2.480872752971958,-0.001174821653907901
-4.858278784588514,-2.480872752971958,-0.008240009903087864
-4.754911150873865,-2.480872752971958,-0.015368390985676415
-4.651543517159215,-2.480872752971958,-0.0192818873952213
-4.548175883444566,-2.480872752971958,-0.01817370742292978
-4.444808249729917,-2.480872752971958,-0.012335611816840852
-4.341440616015267,-2.480872752971958,-0.003993419501162524
-4.238072982300618,-2.480872752971958,0.00356740340371626
-4.134705348585968,-2.480872752971958,0.007252101012100298
-4.031337714871319,-2.480872752971958,0.005322267541990393
-3.9279700811566705,-2.480872752971958,-0.0019428339254780303
-3.8246024474420213,-2.480872752971958,-0.012318392471307456
-3.7212348137273725,-2.480872752971958,-0.022400171821363456
-3.6178671800127233,-2.480872752971958,-0.028776525658101272
-3.514499546298074,-2.480872752971958,-0.029178458115000087
-3.411131912583425,-2.480872752971958,-0.023197391176475145
-3.3077642788687753,-2.480872752971958,-0.0123258836285245
-3.204396645154126,-2.480872752971958,0.000672345780379853
-3.101029011439477,-2.480872752971958,0.01281273492526046
-2.9976613777248278,-2.480872752971958,0.02196209911488979
-2.8942937440101786,-2.480872752971958,0.027534994678413242
-2.790926110295529,-2.480872752971958,0.030563866952339546
-2.6875584765808798,-2.480872752971958,0.0331310537053679
-2.5841908428662306,-2.480872752971958,0.03739146293971784
-2.4808232091515814,-2.480872752971958,0.04456868198578528
-2.3774555754369326,-2.480872752971958,0.05431748443938396
-2.2740879417222835,-2.480872752971958,0.06470829763335412
-2.1707203080076334,-2.480872752971958,0.07285478028169785
-2.067352674292984,-2.480872752971958,0.07596088262327878
-1.9639850405783352,-2.480872752971958,0.07239963222173985
-1.8606174068636863,-2.480872752971958,0.06241438159302436
-1.757249773149037,-2.480872752971958,0.04816432261805802
-1.6538821394343879,-2.480872752971958,0.03307351678773532
-1.550514505719738,-2.480872752971958,0.02070050003713651
-1.447146872005089,-2.480872752971958,0.01352891229791089
-1.3437792382904399,-2.480872752971958,0.01211958542742444
-1.2404116045757907,-2.480872752971958,0.014943479860276465
-1.1370439708611417,-2.480872752971958,0.018973744902458057
-1.0336763371464925,-2.480872752971958,0.02083952814809857
-0.9303087034318435,-2.480872752971958,0.018133727360334397
-0.8269410697171936,-2.480872752971958,0.0103996611636414
-0.7235734360025445,-2.480872752971958,-0.0005747603580747327
-0.6202058022878953,-2.480872752971958,-0.011286015053258476
-0.5168381685732463,-2.480872752971958,-0.017703678142078565
-0.4134705348585972,-2.480872752971958,-0.016712821772524738
-0.31010290114394806,-2.480872752971958,-0.007301231100235646
-0.2067352674292982,-2.480872752971958,0.008940570076015814
-0.1033676337146491,-2.480872752971958,0.02820559513145646
0.,-2.480872752971958,0.04563305545357513
0.1033676337146491,-2.480872752971958,0.056860880594900784
0.2067352674292982,-2.480872752971958,0.05943634512588557
0.31010290114394734,-2.480872752971958,0.05359317004110139
0.4134705348585964,-2.480872752971958,0.04211796736429663
0.5168381685732455,-2.480872752971958,0.029344739067661253
0.6202058022878947,-2.480872752971958,0.019623171085514375
0.7235734360025438,-2.480872752971958,0.01579590435457097
0.8269410697171944,-2.480872752971958,0.018222983258617678
0.9303087034318435,-2.480872752971958,0.024704350545487353
1.0336763371464925,-2.480872752971958,0.03133690535640465
1.1370439708611417,-2.480872752971958,0.03401045510954531
1.2404116045757907,-2.480872752971958,0.030014029703161083
1.3437792382904399,-2.480872752971958,0.019174395913555808
1.447146872005089,-2.480872752971958,0.004102816189843394
1.550514505719738,-2.480872752971958,-0.01056672158324842
1.6538821394343872,-2.480872752971958,-0.019709878952476542
1.7572497731490362,-2.480872752971958,-0.019498603714348015
1.8606174068636854,-2.480872752971958,-0.008822520912127573
1.9639850405783346,-2.480872752971958,0.010163177953827221
2.0673526742929837,-2.480872752971958,0.0325810565179658
2.1707203080076343,-2.480872752971958,0.05231192319287783
2.2740879417222835,-2.480872752971958,0.06393313639189081
2.3774555754369326,-2.480872752971958,0.06446965502526641
2.4808232091515814,-2.480872752971958,0.05436586008501298
2.5841908428662306,-2.480872752971958,0.03734233854221649
2.6875584765808798,-2.480872752971958,0.01917515337828557
2.790926110295529,-2.480872752971958,0.005798724935506037
2.894293744010178,-2.480872752971958,0.0013629589574531802
2.997661377724827,-2.480872752971958,0.006891736026902569
3.101029011439476,-2.480872752971958,0.019987168700857004
3.2043966451541253,-2.480872752971958,0.035671072996987144
3.3077642788687744,-2.480872752971958,0.04807231236260831
3.411131912583425,-2.480872752971958,0.05238656102025302
3.514499546298074,-2.480872752971958,0.046449301384859594
3.6178671800127233,-2.480872752971958,0.03140156997211088
3.7212348137273725,-2.480872752971958,0.011242058308372339
3.8246024474420213,-2.480872752971958,-0.00856027719126065
3.9279700811566705,-2.480872752971958,-0.022902944858263215
4.031337714871319,-2.480872752971958,-0.028702151177220636
4.134705348585968,-2.480872752971958,-0.02580278432601449
4.238072982300618,-2.480872752971958,-0.01685538060879232
4.341440616015267,-2.480872752971958,-0.006232549425443029
4.444808249729916,-2.480872752971958,0.0016103065416109832
4.548175883444565,-2.480872752971958,0.003738898098036641
4.651543517159214,-2.480872752971958,-0.0002592766026563089
4.754911150873865,-2.480872752971958,-0.008222939562464822
4.858278784588514,-2.480872752971958,-0.016317374101926078
4.961646418303163,-2.480872752971958,-0.020550626836458
5.065014052017812,-2.480872752971958,-0.01835039273185756
5.168381685732461,-2.480872752971958,-0.009625663589351357
5.27174931944711,-2.480872752971958,0.00307884310033788
5.3751169531617595,-2.480872752971958,0.015404058103619132
5.478484586876409,-2.480872752971958,0.022693545013309262
5.581852220591058,-2.480872752971958,0.021674636259933072
5.685219854305707,-2.480872752971958,0.011707143559661078
5.788587488020356,-2.480872752971958,-0.004852465114098069
5.8919551217350055,-2.480872752971958,-0.023319349180459577
5.995322755449654,-2.480872752971958,-0.03817076420366109
6.098690389164305,-2.480872752971958,-0.04486079991479579
6.202058022878954,-2.480872752971958,-0.041344467357400064
6.305425656593603,-2.480872752971958,-0.02879066485357894
6.408793290308252,-2.480872752971958,-0.011236996063735976
-6.408793290308252,-2.3775030549314597,-0.0169772256137449
-6.305425656593603,-2.3775030549314597,-0.0027259306236174703
-6.202058022878954,-2.3775030549314597,0.006102730380988775
-6.098690389164304,-2.3775030549314597,0.008326683278465738
-5.995322755449655,-2.3775030549314597,0.004809313063544354
-5.8919551217350055,-2.3775030549314597,-0.002075267642160869
-5.788587488020356,-2.3775030549314597,-0.009399091279128855
-5.685219854305708,-2.3775030549314597,-0.01470604352280566
-5.581852220591058,-2.3775030549314597,-0.016754581018211066
-5.478484586876409,-2.3775030549314597,-0.015748036761571393
-5.3751169531617595,-2.3775030549314597,-0.01301849499420003
-5.27174931944711,-2.3775030549314597,-0.010326923648750218
-5.168381685732461,-2.3775030549314597,-0.009070652535007544
-5.065014052017812,-2.3775030549314597,-0.009706345508608995
-4.961646418303163,-2.3775030549314597,-0.011600386541987058
-4.858278784588514,-2.3775030549314597,-0.01334783135629078
-4.754911150873865,-2.3775030549314597,-0.013420351190888108
-4.651543517159215,-2.3775030549314597,-0.010879546994057666
-4.548175883444566,-2.3775030549314597,-0.00586925280835716
-4.444808249729917,-2.3775030549314597,0.000314183753725995
-4.341440616015267,-2.3775030549314597,0.00561399756396418
-4.238072982300618,-2.3775030549314597,0.007931963248708374
-4.134705348585968,-2.3775030549314597,0.0059127924750921315
-4.031337714871319,-2.3775030549314597,-0.0004969009382779307
-3.9279700811566705,-2.3775030549314597,-0.009927946461104894
-3.8246024474420213,-2.3775030549314597,-0.019962070003480575
-3.7212348137273725,-2.3775030549314597,-0.027876348273403295
-3.6178671800127233,-2.3775030549314597,-0.03150011923043514
-3.514499546298074,-2.3775030549314597,-0.029883394725063843
-3.411131912583425,-2.3775030549314597,-0.0235422668837258
-3.3077642788687753,-2.3775030549314597,-0.014198395682470505
-3.204396645154126,-2.3775030549314597,-0.004111703205089176
-3.101029011439477,-2.3775030549314597,0.004748073746302304
-2.9976613777248278,-2.3775030549314597,0.01138763880780098
-2.8942937440101786,-2.3775030549314597,0.01608336988875381
-2.790926110295529,-2.3775030549314597,0.02017488123090352
-2.6875584765808798,-2.3775030549314597,0.02543624984477161
-2.5841908428662306,-2.3775030549314597,0.03325939703314475
-2.4808232091515814,-2.3775030549314597,0.04395702997175146
-2.3774555754369326,-2.3775030549314597,0.0564538562504528
-2.2740879417222835,-2.3775030549314597,0.06849726926304256
-2.1707203080076334,-2.3775030549314597,0.07733100702289658
-2.067352674292984,-2.3775030549314597,0.0806046851785348
-1.9639850405783352,-2.3775030549314597,0.0772004462648588
-1.8606174068636863,-2.3775030549314597,0.06767938668401141
-1.757249773149037,-2.3775030549314597,0.054178824075111126
-1.6538821394343879,-2.3775030549314597,0.03978233126999063
-1.550514505719738,-2.3775030549314597,0.027570432671334376
-1.447146872005089,-2.3775030549314597,0.019674623067378806
-1.3437792382904399,-2.3775030549314597,0.01665935680541616
-1.2404116045757907,-2.3775030549314597,0.017444079558338
-1.1370439708611417,-2.3775030549314597,0.0197891908744067
-1.0336763371464925,-2.3775030549314597,0.02117216893534736
-0.9303087034318435,-2.3775030549314597,0.01974293168910818
-0.8269410697171936,-2.3775030549314597,0.015019790517842004
-0.7235734360025445,-2.3775030549314597,0.008079437106068172
-0.6202058022878953,-2.3775030549314597,0.0011741533023218243
-0.5168381685732463,-2.3775030549314597,-0.003086615147049082
-0.4134705348585972,-2.3775030549314597,-0.002697423303396876
-0.31010290114394806,-2.3775030549314597,0.002984104850232895
-0.2067352674292982,-2.3775030549314597,0.012954293789983829
-0.1033676337146491,-2.3775030549314597,0.024861538019264343
0.,-2.3775030549314597,0.03578321252488462
0.1033676337146491,-2.3775030549314597,0.04320714955815967
0.2067352674292982,-2.3775030549314597,0.045868598675367384
0.31010290114394734,-2.3775030549314597,0.04414318191414006
0.4134705348585964,-2.3775030549314597,0.03985359298027789
0.5168381685732455,-2.3775030549314597,0.03555729693347185
0.6202058022878947,-2.3775030549314597,0.03356977081955521
0.7235734360025438,-2.3775030549314597,0.03507566345378209
0.8269410697171944,-2.3775030549314597,0.039652713592795014
0.9303087034318435,-2.3775030549314597,0.04538879932961124
1.0336763371464925,-2.3775030549314597,0.04956134260917097
1.1370439708611417,-2.3775030549314597,0.04964503404089873
1.2404116045757907,-2.3775030549314597,0.04429110051550284
1.3437792382904399,-2.3775030549314597,0.03392395763105277
1.447146872005089,-2.3775030549314597,0.02072991292641984
1.550514505719738,-2.3775030549314597,0.00802367419612143
1.6538821394343872,-2.3775030549314597,-0.0008018719986225497
1.7572497731490362,-2.3775030549314597,-0.003386411094905828
1.8606174068636854,-2.3775030549314597,0.0008103243296655587
1.9639850405783346,-2.3775030549314597,0.01032130239827193
2.0673526742929837,-2.3775030549314597,0.02215673329472842
2.1707203080076343,-2.3775030549314597,0.032799108096771445
2.2740879417222835,-2.3775030549314597,0.0393685307700562
2.3774555754369326,-2.3775030549314597,0.040556492766046316
2.4808232091515814,-2.3775030549314597,0.03700458412085154
2.5841908428662306,-2.3775030549314597,0.030996769789960785
2.6875584765808798,-2.3775030549314597,0.025573429371322405
2.790926110295529,-2.3775030549314597,0.023378801686121636
2.894293744010178,-2.3775030549314597,0.025649200571961597
2.997661377724827,-2.3775030549314597,0.03170295045814401
3.101029011439476,-2.3775030549314597,0.03911952931385375
3.2043966451541253,-2.3775030549314597,0.04455461437478328
3.3077642788687744,-2.3775030549314597,0.04491335318211925
3.411131912583425,-2.3775030549314597,0.03847488495171467
3.514499546298074,-2.3775030549314597,0.025572929495030126
3.6178671800127233,-2.3775030549314597,0.008587202902835496
3.7212348137273725,-2.3775030549314597,-0.008762689470060038
3.8246024474420213,-2.3775030549314597,-0.022587296737549917
3.9279700811566705,-2.3775030549314597,-0.030064968455460247
4.031337714871319,-2.3775030549314597,-0.03032441087668264
4.134705348585968,-2.3775030549314597,-0.024669580873920148
4.238072982300618,-2.3775030549314597,-0.016070128492965
4.341440616015267,-2.3775030549314597,-0.008094258356597358
4.444808249729916,-2.3775030549314597,-0.0036545038666408853
4.548175883444565,-2.3775030549314597,-0.004002954962468355
4.651543517159214,-2.3775030549314597,-0.008327321925795616
4.754911150873865,-2.3775030549314597,-0.014091531348769287
4.858278784588514,-2.3775030549314597,-0.018005600406692558
4.961646418303163,-2.3775030549314597,-0.017288670824820905
5.065014052017812,-2.3775030549314597,-0.010782908281751503
5.168381685732461,-2.3775030549314597,0.00047814728997604296
5.27174931944711,-2.3775030549314597,0.013460120058216368
5.3751169531617595,-2.3775030549314597,0.024032371884018525
5.478484586876409,-2.3775030549314597,0.028296467128537284
5.581852220591058,-2.3775030549314597,0.023899771882815342
5.685219854305707,-2.3775030549314597,0.01089433904348024
5.788587488020356,-2.3775030549314597,-0.008151749155679818
5.8919551217350055,-2.3775030549314597,-0.028837979109314245
5.995322755449654,-2.3775030549314597,-0.04619632677594614
6.098690389164305,-2.3775030549314597,-0.05613484899317837
6.202058022878954,-2.3775030549314597,-0.05660276296759473
6.305425656593603,-2.3775030549314597,-0.048116336403370735
6.408793290308252,-2.3775030549314597,-0.033497947990850895
-6.408793290308252,-2.274133356890961,-0.032697556082418436
-6.305425656593603,-2.274133356890961,-0.018058562301440845
-6.202058022878954,-2.274133356890961,-0.005016176408818447
-6.098690389164304,-2.274133356890961,0.005145311887537758
-5.995322755449655,-2.274133356890961,0.01190424688791847
-5.8919551217350055,-2.274133356890961,0.015301937473664703
-5.788587488020356,-2.274133356890961,0.015671119376036186
-5.685219854305708,-2.274133356890961,0.013423997602328451
-5.581852220591058,-2.274133356890961,0.008979410549082098
-5.478484586876409,-2.274133356890961,0.0028293246818332034
-5.3751169531617595,-2.274133356890961,-0.004328022513917956
-5.27174931944711,-2.274133356890961,-0.01149750472511552
-5.168381685732461,-2.274133356890961,-0.017433587789545915
-5.065014052017812,-2.274133356890961,-0.020858773240355816
-4.961646418303163,-2.274133356890961,-0.02080823171409153
-4.858278784588514,-2.274133356890961,-0.01698632558661139
-4.754911150873865,-2.274133356890961,-0.00999346751793632
-4.651543517159215,-2.274133356890961,-0.0013097323623979774
-4.548175883444566,-2.274133356890961,0.007002182528878428
-4.444808249729917,-2.274133356890961,0.012813609400916252
-4.341440616015267,-2.274133356890961,0.014520123731156494
-4.238072982300618,-2.274133356890961,0.011520141310426384
-4.134705348585968,-2.274133356890961,0.004420553579586456
-4.031337714871319,-2.274133356890961,-0.005110248209958908
-3.9279700811566705,-2.274133356890961,-0.01480821239968857
-3.8246024474420213,-2.274133356890961,-0.022457948385028927
-3.7212348137273725,-2.274133356890961,-0.02651264814767016
-3.6178671800127233,-2.274133356890961,-0.02649132673403216
-3.514499546298074,-2.274133356890961,-0.023026905992577205
-3.411131912583425,-2.274133356890961,-0.017554387838250574
-3.3077642788687753,-2.274133356890961,-0.011749037136825355
-3.204396645154126,-2.274133356890961,-0.006908821419556741
-3.101029011439477,-2.274133356890961,-0.0034940422347813885
-2.9976613777248278,-2.274133356890961,-0.0009831644659409418
-2.8942937440101786,-2.274133356890961,0.0019047234197020811
-2.790926110295529,-2.274133356890961,0.0066967109773958455
-2.6875584765808798,-2.274133356890961,0.014538920320917418
-2.5841908428662306,-2.274133356890961,0.02567307777580986
-2.4808232091515814,-2.274133356890961,0.039201236740155354
-2.3774555754369326,-2.274133356890961,0.053227045987007546
-2.2740879417222835,-2.274133356890961,0.06533585390679277
-2.1707203080076334,-2.274133356890961,0.07326265275799534
-2.067352674292984,-2.274133356890961,0.07553464627088552
-1.9639850405783352,-2.274133356890961,0.07188460149583555
-1.8606174068636863,-2.274133356890961,0.06330806642332744
-1.757249773149037,-2.274133356890961,0.051755031926955214
-1.6538821394343879,-2.274133356890961,0.03956437867899497
-1.550514505719738,-2.274133356890961,0.02882787533449075
-1.447146872005089,-2.274133356890961,0.020884295570160402
-1.3437792382904399,-2.274133356890961,0.01609084681523575
-1.2404116045757907,-2.274133356890961,0.013919112913938039
-1.1370439708611417,-2.274133356890961,0.0133120957846044
-1.0336763371464925,-2.274133356890961,0.013156193298781604
-0.9303087034318435,-2.274133356890961,0.012694539485714066
-0.8269410697171936,-2.274133356890961,0.011743132186968184
-0.7235734360025445,-2.274133356890961,0.010653310105373213
-0.6202058022878953,-2.274133356890961,0.010061830690118638
-0.5168381685732463,-2.274133356890961,0.010546884485237185
-0.4134705348585972,-2.274133356890961,0.012337289107498454
-0.31010290114394806,-2.274133356890961,0.015193684161646334
-0.2067352674292982,-2.274133356890961,0.01850706380945238
-0.1033676337146491,-2.274133356890961,0.021570280579862027
0.,-2.274133356890961,0.0239067979320704
0.1033676337146491,-2.274133356890961,0.025515371724617982
0.2067352674292982,-2.274133356890961,0.026919576164251943
0.31010290114394734,-2.274133356890961,0.02898612331510486
0.4134705348585964,-2.274133356890961,0.03256763853329855
0.5168381685732455,-2.274133356890961,0.038099109973019456
0.6202058022878947,-2.274133356890961,0.045304001660151826
0.7235734360025438,-2.274133356890961,0.053134353742733495
0.8269410697171944,-2.274133356890961,0.0599890382476338
0.9303087034318435,-2.274133356890961,0.06415396720303494
1.0336763371464925,-2.274133356890961,0.06432398519618335
1.1370439708611417,-2.274133356890961,0.060029910585800296
1.2404116045757907,-2.274133356890961,0.051820494782821754
1.3437792382904399,-2.274133356890961,0.04113021879725002
1.447146872005089,-2.274133356890961,0.02987191983631572
1.550514505719738,-2.274133356890961,0.019889843416301373
1.6538821394343872,-2.274133356890961,0.012458710293871727
1.7572497731490362,-2.274133356890961,0.007998729378433881
1.8606174068636854,-2.274133356890961,0.006099505478886561
1.9639850405783346,-2.274133356890961,0.005834152059927067
2.0673526742929837,-2.274133356890961,0.006238493204361318
2.1707203080076343,-2.274133356890961,0.0067679739399665005
2.2740879417222835,-2.274133356890961,0.007550695400860168
2.3774555754369326,-2.274133356890961,0.009328658712639245
2.4808232091515814,-2.274133356890961,0.013095953865258646
2.5841908428662306,-2.274133356890961,0.01956095376100905
2.6875584765808798,-2.274133356890961,0.028636213938478934
2.790926110295529,-2.274133356890961,0.039164860241716934
2.894293744010178,-2.274133356890961,0.049020529883023994
2.997661377724827,-2.274133356890961,0.05559152099026931
3.101029011439476,-2.274133356890961,0.056521238418898286
3.2043966451541253,-2.274133356890961,0.05047492348540907
3.3077642788687744,-2.274133356890961,0.037674819973381554
3.411131912583425,-2.274133356890961,0.02000571640480854
3.514499546298074,-2.274133356890961,0.0006236648158931486
3.6178671800127233,-2.274133356890961,-0.016839072677016217
3.7212348137273725,-2.274133356890961,-0.029243368116064174
3.8246024474420213,-2.274133356890961,-0.034791598746008304
3.9279700811566705,-2.274133356890961,-0.03348894456741691
4.031337714871319,-2.274133356890961,-0.027068601466963577
4.134705348585968,-2.274133356890961,-0.018400272427658456
4.238072982300618,-2.274133356890961,-0.010566469508799397
4.341440616015267,-2.274133356890961,-0.005898780606299315
4.444808249729916,-2.274133356890961,-0.005280296643681225
4.548175883444565,-2.274133356890961,-0.007935353394803717
4.651543517159214,-2.274133356890961,-0.01177072479777174
4.754911150873865,-2.274133356890961,-0.014154322466846277
4.858278784588514,-2.274133356890961,-0.012876247021905037
4.961646418303163,-2.274133356890961,-0.006978533859779551
5.065014052017812,-2.274133356890961,0.0028172105481418797
5.168381685732461,-2.274133356890961,0.014225403204734045
5.27174931944711,-2.274133356890961,0.0240225851236076
5.3751169531617595,-2.274133356890961,0.028989791061940193
5.478484586876409,-2.274133356890961,0.026879399464005475
5.581852220591058,-2.274133356890961,0.017111020135711225
5.685219854305707,-2.274133356890961,0.000990126701986935
5.788587488020356,-2.274133356890961,-0.018605936330804738
5.8919551217350055,-2.274133356890961,-0.03796724078533384
5.995322755449654,-2.274133356890961,-0.05348605568645233
6.098690389164305,-2.274133356890961,-0.06251199965692077
6.202058022878954,-2.274133356890961,-0.06389455792604076
6.305425656593603,-2.274133356890961,-0.05809091966321939
6.408793290308252,-2.274133356890961,-0.04685692268998125
-6.408793290308252,-2.1707636588504626,-0.03852107921206004
-6.305425656593603,-2.1707636588504626,-0.026094173938746218
-6.202058022878954,-2.1707636588504626,-0.012424604868882553
-6.098690389164304,-2.1707636588504626,0.0017162897865702195
-5.995322755449655,-2.1707636588504626,0.01507964428920692
-5.8919551217350055,-2.1707636588504626,0.02595775374298249
-5.788587488020356,-2.1707636588504626,0.03249829974731701
-5.685219854305708,-2.1707636588504626,0.03323994202707666
-5.581852220591058,-2.1707636588504626,0.027686786135957396
-5.478484586876409,-2.1707636588504626,0.016695880758868527
-5.3751169531617595,-2.1707636588504626,0.002494071541049684
-5.27174931944711,-2.1707636588504626,-0.011742800568689328
-5.168381685732461,-2.1707636588504626,-0.02266357634662808
-5.065014052017812,-2.1707636588504626,-0.027650576776453783
-4.961646418303163,-2.1707636588504626,-0.025580866017086906
-4.858278784588514,-2.1707636588504626,-0.017187085597401043
-4.754911150873865,-2.1707636588504626,-0.0048831838530626545
-4.651543517159215,-2.1707636588504626,0.007910596757297066
-4.548175883444566,-2.1707636588504626,0.01774572084120287
-4.444808249729917,-2.1707636588504626,0.022126718456317467
-4.341440616015267,-2.1707636588504626,0.02019166759950795
-4.238072982300618,-2.1707636588504626,0.012883208041544171
-4.134705348585968,-2.1707636588504626,0.0025661658610564146
-4.031337714871319,-2.1707636588504626,-0.007773330004368591
-3.9279700811566705,-2.1707636588504626,-0.015479276740770586
-3.8246024474420213,-2.1707636588504626,-0.01901675205818385
-3.7212348137273725,-2.1707636588504626,-0.01835196366476403
-3.6178671800127233,-2.1707636588504626,-0.014813623070520227
-3.514499546298074,-2.1707636588504626,-0.010503440462670093
-3.411131912583425,-2.1707636588504626,-0.007472323753082466
-3.3077642788687753,-2.1707636588504626,-0.00695118102256333
-3.204396645154126,-2.1707636588504626,-0.008898242906018677
-3.101029011439477,-2.1707636588504626,-0.0120099652936569
-2.9976613777248278,-2.1707636588504626,-0.014180998924559022
-2.8942937440101786,-2.1707636588504626,-0.013246595457244593
-2.790926110295529,-2.1707636588504626,-0.0077497109186713846
-2.6875584765808798,-2.1707636588504626,0.002525765763191267
-2.5841908428662306,-2.1707636588504626,0.01642736923020511
-2.4808232091515814,-2.1707636588504626,0.031741854513052815
-2.3774555754369326,-2.1707636588504626,0.0458220788467094
-2.2740879417222835,-2.1707636588504626,0.05631645210263821
-2.1707203080076334,-2.1707636588504626,0.06176288033557714
-2.067352674292984,-2.1707636588504626,0.06186999885278019
-1.9639850405783352,-2.1707636588504626,0.05742648740075344
-1.8606174068636863,-2.1707636588504626,0.04990989915260751
-1.757249773149037,-2.1707636588504626,0.04096261070361867
-1.6538821394343879,-2.1707636588504626,0.031931536596503635
-1.550514505719738,-2.1707636588504626,0.023623302430662487
-1.447146872005089,-2.1707636588504626,0.016328333265547203
-1.3437792382904399,-2.1707636588504626,0.010055607274882004
-1.2404116045757907,-2.1707636588504626,0.004838266118606053
-1.1370439708611417,-2.1707636588504626,0.0009497913889503234
-1.0336763371464925,-2.1707636588504626,-0.0010822549390402394
-0.9303087034318435,-2.1707636588504626,-0.0006827511370580597
-0.8269410697171936,-2.1707636588504626,0.0024306890480689084
-0.7235734360025445,-2.1707636588504626,0.007930832368187734
-0.6202058022878953,-2.1707636588504626,0.014751393622172084
-0.5168381685732463,-2.1707636588504626,0.021246338687673047
-0.4134705348585972,-2.1707636588504626,0.025628388517411057
-0.31010290114394806,-2.1707636588504626,0.026559702442036898
-0.2067352674292982,-2.1707636588504626,0.023689609259883292
-0.1033676337146491,-2.1707636588504626,0.017928820742122188
0.,-2.1707636588504626,0.011324186715761938
0.1033676337146491,-2.1707636588504626,0.006530276847197422
0.2067352674292982,-2.1707636588504626,0.006018651011397107
0.31010290114394734,-2.1707636588504626,0.011270308873935403
0.4134705348585964,-2.1707636588504626,0.022221070877161582
0.5168381685732455,-2.1707636588504626,0.03716028037965694
0.6202058022878947,-2.1707636588504626,0.05314008780710351
0.7235734360025438,-2.1707636588504626,0.0667828215086018
0.8269410697171944,-2.1707636588504626,0.07523611203140483
0.9303087034318435,-2.1707636588504626,0.0769689622169681
1.0336763371464925,-2.1707636588504626,0.07214927612560787
1.1370439708611417,-2.1707636588504626,0.062481055958134094
1.2404116045757907,-2.1707636588504626,0.05056192945218872
1.3437792382904399,-2.1707636588504626,0.03898624669025345
1.447146872005089,-2.1707636588504626,0.02950766786596889
1.550514505719738,-2.1707636588504626,0.02255513689280155
1.6538821394343872,-2.1707636588504626,0.01727201607220758
1.7572497731490362,-2.1707636588504626,0.012061342680796757
1.8606174068636854,-2.1707636588504626,0.005435224756677164
1.9639850405783346,-2.1707636588504626,-0.003151048647810908
2.0673526742929837,-2.1707636588504626,-0.012805880059609868
2.1707203080076343,-2.1707636588504626,-0.02126421953843729
2.2740879417222835,-2.1707636588504626,-0.02552886138339722
2.3774555754369326,-2.1707636588504626,-0.022903145038614382
2.4808232091515814,-2.1707636588504626,-0.012074460389578143
2.5841908428662306,-2.1707636588504626,0.006133889777230133
2.6875584765808798,-2.1707636588504626,0.028636115879561042
2.790926110295529,-2.1707636588504626,0.050682264849978155
2.894293744010178,-2.1707636588504626,0.06704395062737026
2.997661377724827,-2.1707636588504626,0.07344844229436612
3.101029011439476,-2.1707636588504626,0.06782473460895332
3.2043966451541253,-2.1707636588504626,0.05096749126445422
3.3077642788687744,-2.1707636588504626,0.026396119697533693
3.411131912583425,-2.1707636588504626,-0.0005668302495716272
3.514499546298074,-2.1707636588504626,-0.02423052476348528
3.6178671800127233,-2.1707636588504626,-0.040055918380261776
3.7212348137273725,-2.1707636588504626,-0.04580733411903824
3.8246024474420213,-2.1707636588504626,-0.04199955131054224
3.9279700811566705,-2.1707636588504626,-0.03152713015577406
4.031337714871319,-2.1707636588504626,-0.018618103442518342
4.134705348585968,-2.1707636588504626,-0.007459875668589212
4.238072982300618,-2.1707636588504626,-0.0009359709963701742
4.341440616015267,-2.1707636588504626,0.00013868031260672284
4.444808249729916,-2.1707636588504626,-0.002930850739069708
4.548175883444565,-2.1707636588504626,-0.0073603495065820805
4.651543517159214,-2.1707636588504626,-0.009977981027647317
4.754911150873865,-2.1707636588504626,-0.008390577323682114
4.858278784588514,-2.1707636588504626,-0.0018413564890031261
4.961646418303163,-2.1707636588504626,0.008507172924755616
5.065014052017812,-2.1707636588504626,0.019933013218969214
5.168381685732461,-2.1707636588504626,0.02901388542317099
5.27174931944711,-2.1707636588504626,0.03268846071412157
5.3751169531617595,-2.1707636588504626,0.029173257686030254
5.478484586876409,-2.1707636588504626,0.01845578644228468
5.581852220591058,-2.1707636588504626,0.002238849732028269
5.685219854305707,-2.1707636588504626,-0.016603888654780116
5.788587488020356,-2.1707636588504626,-0.03484892463106855
5.8919551217350055,-2.1707636588504626,-0.04973878421992676
5.995322755449654,-2.1707636588504626,-0.05954202965715032
6.098690389164305,-2.1707636588504626,-0.06372055361320444
6.202058022878954,-2.1707636588504626,-0.0627181774223281
6.305425656593603,-2.1707636588504626,-0.057516020504186596
6.408793290308252,-2.1707636588504626,-0.04916578878424
-6.408793290308252,-2.0673939608099645,-0.034027055395999664
-6.305425656593603,-2.0673939608099645,-0.02529997155940049
-6.202058022878954,-2.0673939608099645,-0.01404934416778566
-6.098690389164304,-2.0673939608099645,-0.00018424258819030694
-5.995322755449655,-2.0673939608099645,0.015013038906603847
-5.8919551217350055,-2.0673939608099645,0.028995514467141995
-5.788587488020356,-2.0673939608099645,0.03863939403611163
-5.685219854305708,-2.0673939608099645,0.04128762026663681
-5.581852220591058,-2.0673939608099645,0.035775241802557006
-5.478484586876409,-2.0673939608099645,0.023047771114974105
-5.3751169531617595,-2.0673939608099645,0.006112172595829435
-5.27174931944711,-2.0673939608099645,-0.010711502090520918
-5.168381685732461,-2.0673939608099645,-0.023021997976490682
-5.065014052017812,-2.0673939608099645,-0.027657740223518957
-4.961646418303163,-2.0673939608099645,-0.02366770287709979
-4.858278784588514,-2.0673939608099645,-0.012601092013654861
-4.754911150873865,-2.0673939608099645,0.00199071699409999
-4.651543517159215,-2.0673939608099645,0.015682207301770817
-4.548175883444566,-2.0673939608099645,0.02456139354866149
-4.444808249729917,-2.0673939608099645,0.026419957559131714
-4.341440616015267,-2.0673939608099645,0.02135773034636763
-4.238072982300618,-2.0673939608099645,0.01161441067676246
-4.134705348585968,-2.0673939608099645,0.0007045848634824837
-4.031337714871319,-2.0673939608099645,-0.007833603106255289
-3.9279700811566705,-2.0673939608099645,-0.011640856687212686
-3.8246024474420213,-2.0673939608099645,-0.010281241717753343
-3.7212348137273725,-2.0673939608099645,-0.005286357184364302
-3.6178671800127233,-2.0673939608099645,0.0004961921789130532
-3.514499546298074,-2.0673939608099645,0.004004571363780172
-3.411131912583425,-2.0673939608099645,0.0031182670604723082
-3.3077642788687753,-2.0673939608099645,-0.0025393602696391795
-3.204396645154126,-2.0673939608099645,-0.011426898859205515
-3.101029011439477,-2.0673939608099645,-0.020589924002579196
-2.9976613777248278,-2.0673939608099645,-0.026658747167315158
-2.8942937440101786,-2.0673939608099645,-0.026985503693144623
-2.790926110295529,-2.0673939608099645,-0.020527680098581358
-2.6875584765808798,-2.0673939608099645,-0.008183808444125975
-2.5841908428662306,-2.0673939608099645,0.007514383117048079
-2.4808232091515814,-2.0673939608099645,0.023223330220269508
-2.3774555754369326,-2.0673939608099645,0.03582024888469414
-2.2740879417222835,-2.0673939608099645,0.04328571207375575
-2.1707203080076334,-2.0673939608099645,0.0451466213529225
-2.067352674292984,-2.0673939608099645,0.0423625148208288
-1.9639850405783352,-2.0673939608099645,0.03674557548190184
-1.8606174068636863,-2.0673939608099645,0.030169929343835524
-1.757249773149037,-2.0673939608099645,0.023888886279770902
-1.6538821394343879,-2.0673939608099645,0.018218711448267623
-1.550514505719738,-2.0673939608099645,0.012689688924672616
-1.447146872005089,-2.0673939608099645,0.00657156136408815
-1.3437792382904399,-2.0673939608099645,-0.00047394741699742076
-1.2404116045757907,-2.0673939608099645,-0.007915725692540204
-1.1370439708611417,-2.0673939608099645,-0.014286177592769223
-1.0336763371464925,-2.0673939608099645,-0.017594843290064457
-0.9303087034318435,-2.0673939608099645,-0.016092783205513057
-0.8269410697171936,-2.0673939608099645,-0.009099318122276134
-0.7235734360025445,-2.0673939608099645,0.0024500429526973003
-0.6202058022878953,-2.0673939608099645,0.015997035522097816
-0.5168381685732463,-2.0673939608099645,0.02797121602050798
-0.4134705348585972,-2.0673939608099645,0.03486362588230454
-0.31010290114394806,-2.0673939608099645,0.03442071349431668
-0.2067352674292982,-2.0673939608099645,0.026540708162853015
-0.1033676337146491,-2.0673939608099645,0.01352756721182932
0.,-2.0673939608099645,-0.00044002169942623326
0.1033676337146491,-2.0673939608099645,-0.010501600127295202
0.2067352674292982,-2.0673939608099645,-0.012610125673708634
0.31010290114394734,-2.0673939608099645,-0.0048469771961657275
0.4134705348585964,-2.0673939608099645,0.011886236384138877
0.5168381685732455,-2.0673939608099645,0.03404828600337463
0.6202058022878947,-2.0673939608099645,0.05647471449078083
0.7235734360025438,-2.0673939608099645,0.07391199214833981
0.8269410697171944,-2.0673939608099645,0.08257216405233622
0.9303087034318435,-2.0673939608099645,0.08119803724830221
1.0336763371464925,-2.0673939608099645,0.07129067138829077
1.1370439708611417,-2.0673939608099645,0.05643423484026323
1.2404116045757907,-2.0673939608099645,0.0409619326844832
1.3437792382904399,-2.0673939608099645,0.02843384263205121
1.447146872005089,-2.0673939608099645,0.020462795580555953
1.550514505719738,-2.0673939608099645,0.016302718636055216
1.6538821394343872,-2.0673939608099645,0.013344865520142994
1.7572497731490362,-2.0673939608099645,0.008343056369825427
1.8606174068636854,-2.0673939608099645,-0.001077569343085999
1.9639850405783346,-2.0673939608099645,-0.015187766485395052
2.0673526742929837,-2.0673939608099645,-0.03167474786167956
2.1707203080076343,-2.0673939608099645,-0.046139464870608396
2.2740879417222835,-2.0673939608099645,-0.05345266734164893
2.3774555754369326,-2.0673939608099645,-0.04954006857724427
2.4808232091515814,-2.0673939608099645,-0.03299398524722228
2.5841908428662306,-2.0673939608099645,-0.005938340750366911
2.6875584765808798,-2.0673939608099645,0.026198659583714177
2.790926110295529,-2.0673939608099645,0.05599700087303366
2.894293744010178,-2.0673939608099645,0.07607360733509858
2.997661377724827,-2.0673939608099645,0.08120970241957122
3.101029011439476,-2.0673939608099645,0.06990874053489585
3.2043966451541253,-2.0673939608099645,0.04488488118052008
3.3077642788687744,-2.0673939608099645,0.012315444823701645
3.411131912583425,-2.0673939608099645,-0.01991880684035778
3.514499546298074,-2.0673939608099645,-0.044462340771718574
3.6178671800127233,-2.0673939608099645,-0.05649547235219456
3.7212348137273725,-2.0673939608099645,-0.05491805018030471
3.8246024474420213,-2.0673939608099645,-0.04237004491861291
3.9279700811566705,-2.0673939608099645,-0.024128892204715535
4.031337714871319,-2.0673939608099645,-0.006278348159753418
4.134705348585968,-2.0673939608099645,0.0062382204413421755
4.238072982300618,-2.0673939608099645,0.011054223819266856
4.341440616015267,-2.0673939608099645,0.008871410859382754
4.444808249729916,-2.0673939608099645,0.002899186767023333
4.548175883444565,-2.0673939608099645,-0.0025150889587940675
4.651543517159214,-2.0673939608099645,-0.0035645132970342193
4.754911150873865,-2.0673939608099645,0.0016114710551372725
4.858278784588514,-2.0673939608099645,0.012258563769256717
4.961646418303163,-2.0673939608099645,0.02527357043963686
5.065014052017812,-2.0673939608099645,0.036278395228601906
5.168381685732461,-2.0673939608099645,0.04110770884616715
5.27174931944711,-2.0673939608099645,0.037192498341736185
5.3751169531617595,-2.0673939608099645,0.02437927051701818
5.478484586876409,-2.0673939608099645,0.004936538070113494
5.581852220591058,-2.0673939608099645,-0.017212464747630534
5.685219854305707,-2.0673939608099645,-0.0377312068896746
5.788587488020356,-2.0673939608099645,-0.05314095405892511
5.8919551217350055,-2.0673939608099645,-0.06169368698952737
5.995322755449654,-2.0673939608099645,-0.06358450053134891
6.098690389164305,-2.0673939608099645,-0.06049086119474907
6.202058022878954,-2.0673939608099645,-0.054667693173942204
6.305425656593603,-2.0673939608099645,-0.047974241675030276
6.408793290308252,-2.0673939608099645,-0.04121112820095812
-6.408793290308252,-1.9640242627694664,-0.02129241075244598
-6.305425656593603,-1.9640242627694664,-0.016282675319859455
-6.202058022878954,-1.9640242627694664,-0.009193904017566215
-6.098690389164304,-1.9640242627694664,0.0008991482580425641
-5.995322755449655,-1.9640242627694664,0.013220064476327151
-5.8919551217350055,-1.9640242627694664,0.02538580819037567
-5.788587488020356,-1.9640242627694664,0.03419682699433834
-5.685219854305708,-1.9640242627694664,0.036831602154430196
-5.581852220591058,-1.9640242627694664,0.031995995064966795
-5.478484586876409,-1.9640242627694664,0.020585114469705713
-5.3751169531617595,-1.9640242627694664,0.005586850764714507
-5.27174931944711,-1.9640242627694664,-0.00877035598139279
-5.168381685732461,-1.9640242627694664,-0.01834666242849903
-5.065014052017812,-1.9640242627694664,-0.020439233175301552
-4.961646418303163,-1.9640242627694664,-0.014676341898691036
-4.858278784588514,-1.9640242627694664,-0.0031374176359587834
-4.754911150873865,-1.9640242627694664,0.010351235380526399
-4.651543517159215,-1.9640242627694664,0.0215059282610839
-4.548175883444566,-1.9640242627694664,0.027014956656864167
-4.444808249729917,-1.9640242627694664,0.025613065044670744
-4.341440616015267,-1.9640242627694664,0.01843135863116022
-4.238072982300618,-1.9640242627694664,0.008508461226138088
-4.134705348585968,-1.9640242627694664,-0.0003560879759334813
-4.031337714871319,-1.9640242627694664,-0.0049948234475411515
-3.9279700811566705,-1.9640242627694664,-0.004016144324378921
-3.8246024474420213,-1.9640242627694664,0.0017054016966314613
-3.7212348137273725,-1.9640242627694664,0.009362888139414516
-3.6178671800127233,-1.9640242627694664,0.015252495402748612
-3.514499546298074,-1.9640242627694664,0.016140303334386846
-3.411131912583425,-1.9640242627694664,0.010474238374127904
-3.3077642788687753,-1.9640242627694664,-0.0009882814947902306
-3.204396645154126,-1.9640242627694664,-0.015358587219124632
-3.101029011439477,-1.9640242627694664,-0.02853810838218278
-2.9976613777248278,-1.9640242627694664,-0.03656041965513357
-2.8942937440101786,-1.9640242627694664,-0.036888193023398845
-2.790926110295529,-1.9640242627694664,-0.029221501689207063
-2.6875584765808798,-1.9640242627694664,-0.015551730316760212
-2.5841908428662306,-1.9640242627694664,0.0005365884026304016
-2.4808232091515814,-1.9640242627694664,0.015052072909962265
-2.3774555754369326,-1.9640242627694664,0.02484494835043113
-2.2740879417222835,-1.9640242627694664,0.028485344721007583
-2.1707203080076334,-1.9640242627694664,0.02648776209167508
-2.067352674292984,-1.9640242627694664,0.02084483679009179
-1.9639850405783352,-1.9640242627694664,0.014086744851506643
-1.8606174068636863,-1.9640242627694664,0.008249110580226832
-1.757249773149037,-1.9640242627694664,0.004151839572082899
-1.6538821394343879,-1.9640242627694664,0.0012583248670224693
-1.550514505719738,-1.9640242627694664,-0.0018498393871004548
-1.447146872005089,-1.9640242627694664,-0.0065941277786594355
-1.3437792382904399,-1.9640242627694664,-0.01349275381947337
-1.2404116045757907,-1.9640242627694664,-0.021622326432892885
-1.1370439708611417,-1.9640242627694664,-0.028706587413731586
-1.0336763371464925,-1.9640242627694664,-0.031847904815114084
-0.9303087034318435,-1.9640242627694664,-0.028657096585467036
-0.8269410697171936,-1.9640242627694664,-0.01835939089079681
-0.7235734360025445,-1.9640242627694664,-0.0024300487890591108
-0.6202058022878953,-1.9640242627694664,0.015541483698889018
-0.5168381685732463,-1.9640242627694664,0.03079152876908651
-0.4134705348585972,-1.9640242627694664,0.03886110734545132
-0.31010290114394806,-1.9640242627694664,0.0371301087958662
-0.2067352674292982,-1.9640242627694664,0.02586735202897655
-0.1033676337146491,-1.9640242627694664,0.008392589542412425
0.,-1.9640242627694664,-0.009766888047165538
0.1033676337146491,-1.9640242627694664,-0.02250008734510174
0.2067352674292982,-1.9640242627694664,-0.025012433628275557
0.31010290114394734,-1.9640242627694664,-0.01538242540650883
0.4134705348585964,-1.9640242627694664,0.004750943582088496
0.5168381685732455,-1.9640242627694664,0.03061844025642002
0.6202058022878947,-1.9640242627694664,0.05574743248492295
0.7235734360025438,-1.9640242627694664,0.07392799781659039
0.8269410697171944,-1.9640242627694664,0.08107481361286807
0.9303087034318435,-1.9640242627694664,0.07637214211997967
1.0336763371464925,-1.9640242627694664,0.06232976367791375
1.1370439708611417,-1.9640242627694664,0.04374779408158023
1.2404116045757907,-1.9640242627694664,0.025961526790798103
1.3437792382904399,-1.9640242627694664,0.012984457925555724
1.447146872005089,-1.9640242627694664,0.006201313516230825
1.550514505719738,-1.9640242627694664,0.004069176989595333
1.6538821394343872,-1.9640242627694664,0.002928758799142836
1.7572497731490362,-1.9640242627694664,-0.0013679729542281276
1.8606174068636854,-1.9640242627694664,-0.01160499194575876
1.9639850405783346,-1.9640242627694664,-0.02780856240498507
2.0673526742929837,-1.9640242627694664,-0.04684968133034106
2.1707203080076343,-1.9640242627694664,-0.06323872937403036
2.2740879417222835,-1.9640242627694664,-0.07088937369409944
2.3774555754369326,-1.9640242627694664,-0.06527587308109392
2.4808232091515814,-1.9640242627694664,-0.04524528800574434
2.5841908428662306,-1.9640242627694664,-0.013834253515118876
2.6875584765808798,-1.9640242627694664,0.022245784382692518
2.790926110295529,-1.9640242627694664,0.05435328506978104
2.894293744010178,-1.9640242627694664,0.07437496810765075
2.997661377724827,-1.9640242627694664,0.077130351009431
3.101029011439476,-1.9640242627694664,0.06195439487783204
3.2043966451541253,-1.9640242627694664,0.03294334748683607
3.3077642788687744,-1.9640242627694664,-0.0022262316202526695
3.411131912583425,-1.9640242627694664,-0.034538690222177953
3.514499546298074,-1.9640242627694664,-0.05623684190569984
3.6178671800127233,-1.9640242627694664,-0.06296496522215135
3.7212348137273725,-1.9640242627694664,-0.05480365315376853
3.8246024474420213,-1.9640242627694664,-0.03591031775788119
3.9279700811566705,-1.9640242627694664,-0.012933006760388648
4.031337714871319,-1.9640242627694664,0.00724547521950081
4.134705348585968,-1.9640242627694664,0.01967869959817688
4.238072982300618,-1.9640242627694664,0.022744314728058688
4.341440616015267,-1.9640242627694664,0.018334212681456893
4.444808249729916,-1.9640242627694664,0.010846006762114259
4.548175883444565,-1.9640242627694664,0.005374626180458518
4.651543517159214,-1.9640242627694664,0.005756076085728495
4.754911150873865,-1.9640242627694664,0.01314088391495044
4.858278784588514,-1.9640242627694664,0.025570426961008155
4.961646418303163,-1.9640242627694664,0.03867111852787504
5.065014052017812,-1.9640242627694664,0.04719551862650832
5.168381685732461,-1.9640242627694664,0.04685806215982305
5.27174931944711,-1.9640242627694664,0.03582916589213657
5.3751169531617595,-1.9640242627694664,0.015387701555461994
5.478484586876409,-1.9640242627694664,-0.010465278384338791
5.581852220591058,-1.9640242627694664,-0.036268394136007395
5.685219854305707,-1.9640242627694664,-0.05678243405126784
5.788587488020356,-1.9640242627694664,-0.06851377207278764
5.8919551217350055,-1.9640242627694664,-0.07057878461298536
5.995322755449654,-1.9640242627694664,-0.06465897417645808
6.098690389164305,-1.9640242627694664,-0.05412294300472591
6.202058022878954,-1.9640242627694664,-0.04267743612640649
6.305425656593603,-1.9640242627694664,-0.03305591021968976
6.408793290308252,-1.9640242627694664,-0.026212346273816366
-6.408793290308252,-1.8606545647289683,-0.004170267616084346
-6.305425656593603,-1.8606545647289683,-0.0016177034765361535
-6.202058022878954,-1.8606545647289683,0.0011339895768856672
-6.098690389164304,-1.8606545647289683,0.00546947196379706
-5.995322755449655,-1.8606545647289683,0.01137882925705424
-5.8919551217350055,-1.8606545647289683,0.017484249346344103
-5.788587488020356,-1.8606545647289683,0.021670930022448142
-5.685219854305708,-1.8606545647289683,0.022053153159263386
-5.581852220591058,-1.8606545647289683,0.017880126997534804
-5.478484586876409,-1.8606545647289683,0.01001229911687987
-5.3751169531617595,-1.8606545647289683,0.0007656118906387912
-5.27174931944711,-1.8606545647289683,-0.0068351028865746314
-5.168381685732461,-1.8606545647289683,-0.010123446956680694
-5.065014052017812,-1.8606545647289683,-0.007781011430754304
-4.961646418303163,-1.8606545647289683,-0.0003713307847946965
-4.858278784588514,-1.8606545647289683,0.00979670737938051
-4.754911150873865,-1.8606545647289683,0.0194451827298126
-4.651543517159215,-1.8606545647289683,0.025474038022489348
-4.548175883444566,-1.8606545647289683,0.026066642567630523
-4.444808249729917,-1.8606545647289683,0.02134872481052054
-4.341440616015267,-1.8606545647289683,0.013350882642860627
-4.238072982300618,-1.8606545647289683,0.005274402909999002
-4.134705348585968,-1.8606545647289683,0.00031395112070530375
-4.031337714871319,-1.8606545647289683,0.0004566147004134371
-3.9279700811566705,-1.8606545647289683,0.005693483326170149
-3.8246024474420213,-1.8606545647289683,0.013939433137650791
-3.7212348137273725,-1.8606545647289683,0.02170767632423585
-3.6178671800127233,-1.8606545647289683,0.025316109358765885
-3.514499546298074,-1.8606545647289683,0.022208834102030058
-3.411131912583425,-1.8606545647289683,0.011928354558744607
-3.3077642788687753,-1.8606545647289683,-0.003609795572873256
-3.204396645154126,-1.8606545647289683,-0.020647942997876288
-3.101029011439477,-1.8606545647289683,-0.03475072914375695
-2.9976613777248278,-1.8606545647289683,-0.04221048817305784
-2.8942937440101786,-1.8606545647289683,-0.041217433306724886
-2.790926110295529,-1.8606545647289683,-0.03240161171136397
-2.6875584765808798,-1.8606545647289683,-0.018573408842556805
-2.5841908428662306,-1.8606545647289683,-0.003767653675000499
-2.4808232091515814,-1.8606545647289683,0.008065680439496034
-2.3774555754369326,-1.8606545647289683,0.014267484774241609
-2.2740879417222835,-1.8606545647289683,0.0141651333351114
-2.1707203080076334,-1.8606545647289683,0.009043796376675066
-2.067352674292984,-1.8606545647289683,0.0014451191309548246
-1.9639850405783352,-1.8606545647289683,-0.005913962159535442
-1.8606174068636863,-1.8606545647289683,-0.011180322839235672
-1.757249773149037,-1.8606545647289683,-0.013968757530531844
-1.6538821394343879,-1.8606545647289683,-0.015313618637896516
-1.550514505719738,-1.8606545647289683,-0.017006660961926483
-1.447146872005089,-1.8606545647289683,-0.020600853790761015
-1.3437792382904399,-1.8606545647289683,-0.026495081464161015
-1.2404116045757907,-1.8606545647289683,-0.033491454769759524
-1.1370439708611417,-1.8606545647289683,-0.03904123869599257
-1.0336763371464925,-1.8606545647289683,-0.04013005216728639
-0.9303087034318435,-1.8606545647289683,-0.03449580609923562
-0.8269410697171936,-1.8606545647289683,-0.0217212094328291
-0.7235734360025445,-1.8606545647289683,-0.003757713960235911
-0.6202058022878953,-1.8606545647289683,0.015379056909276325
-0.5168381685732463,-1.8606545647289683,0.030711468560352305
-0.4134705348585972,-1.8606545647289683,0.037872200279562375
-0.31010290114394806,-1.8606545647289683,0.03462513573666448
-0.2067352674292982,-1.8606545647289683,0.021796295482320194
-0.1033676337146491,-1.8606545647289683,0.0032505340837389223
0.,-1.8606545647289683,-0.015138806665372562
0.1033676337146491,-1.8606545647289683,-0.0272360069774153
0.2067352674292982,-1.8606545647289683,-0.028556419559664085
0.31010290114394734,-1.8606545647289683,-0.01772131456434548
0.4134705348585964,-1.8606545647289683,0.0030373399209275343
0.5168381685732455,-1.8606545647289683,0.02850784623656293
0.6202058022878947,-1.8606545647289683,0.05207538995816833
0.7235734360025438,-1.8606545647289683,0.06773612567139681
0.8269410697171944,-1.8606545647289683,0.07189041702586768
0.9303087034318435,-1.8606545647289683,0.06432868445637302
1.0336763371464925,-1.8606545647289683,0.04809511272504793
1.1370439708611417,-1.8606545647289683,0.02829496852143692
1.2404116045757907,-1.8606545647289683,0.01027045231778068
1.3437792382904399,-1.8606545647289683,-0.002216227766493394
1.447146872005089,-1.8606545647289683,-0.008160518414039208
1.550514505719738,-1.8606545647289683,-0.009448232843710394
1.6538821394343872,-1.8606545647289683,-0.00990667720342892
1.7572497731490362,-1.8606545647289683,-0.01362189573684698
1.8606174068636854,-1.8606545647289683,-0.023135266912536864
1.9639850405783346,-1.8606545647289683,-0.03818513862709167
2.0673526742929837,-1.8606545647289683,-0.055477347946318575
2.1707203080076343,-1.8606545647289683,-0.06961235834642455
2.2740879417222835,-1.8606545647289683,-0.07488779125969006
2.3774555754369326,-1.8606545647289683,-0.06737482594613127
2.4808232091515814,-1.8606545647289683,-0.04654816514227193
2.5841908428662306,-1.8606545647289683,-0.015876961693606143
2.6875584765808798,-1.8606545647289683,0.017880967584280233
2.790926110295529,-1.8606545647289683,0.04650802463784751
2.894293744010178,-1.8606545647289683,0.0627227918169745
2.997661377724827,-1.8606545647289683,0.06238384175376077
3.101029011439476,-1.8606545647289683,0.045788965498546066
3.2043966451541253,-1.8606545647289683,0.01764109015770909
3.3077642788687744,-1.8606545647289683,-0.014320257304755802
3.411131912583425,-1.8606545647289683,-0.04159331402055267
3.514499546298074,-1.8606545647289683,-0.05737629409668495
3.6178671800127233,-1.8606545647289683,-0.05844597159728016
3.7212348137273725,-1.8606545647289683,-0.045879789123146955
3.8246024474420213,-1.8606545647289683,-0.024431456033784896
3.9279700811566705,-1.8606545647289683,-0.0008082051509462605
4.031337714871319,-1.8606545647289683,0.0185543070525158
4.134705348585968,-1.8606545647289683,0.029479662838260208
4.238072982300618,-1.8606545647289683,0.03116497267220702
4.341440616015267,-1.8606545647289683,0.026097393468614446
4.444808249729916,-1.8606545647289683,0.018858846675018866
4.548175883444565,-1.8606545647289683,0.014274293732190479
4.651543517159214,-1.8606545647289683,0.015564331627297066
4.754911150873865,-1.8606545647289683,0.02313938238893189
4.858278784588514,-1.8606545647289683,0.03443433374553977
4.961646418303163,-1.8606545647289683,0.04481555707167153
5.065014052017812,-1.8606545647289683,0.0492246622362363
5.168381685732461,-1.8606545647289683,0.04398000803623977
5.27174931944711,-1.8606545647289683,0.028117218359303052
5.3751169531617595,-1.8606545647289683,0.0038216128709323127
5.478484586876409,-1.8606545647289683,-0.02417597154698132
5.581852220591058,-1.8606545647289683,-0.05001592499208586
5.685219854305707,-1.8606545647289683,-0.06844982350797141
5.788587488020356,-1.8606545647289683,-0.07632389992871863
5.8919551217350055,-1.8606545647289683,-0.07333579962810724
5.995322755449654,-1.8606545647289683,-0.06185898932280927
6.098690389164305,-1.8606545647289683,-0.045952160598881533
6.202058022878954,-1.8606545647289683,-0.029938712815471846
6.305425656593603,-1.8606545647289683,-0.017063518326986857
6.408793290308252,-1.8606545647289683,-0.008674349904131212
-6.408793290308252,-1.7572848666884702,0.012847706575725313
-6.305425656593603,-1.7572848666884702,0.01483720313153254
-6.202058022878954,-1.7572848666884702,0.014380423079555222
-6.098690389164304,-1.7572848666884702,0.012754320127169426
-5.995322755449655,-1.7572848666884702,0.010668967462643225
-5.8919551217350055,-1.7572848666884702,0.008223923946085475
-5.788587488020356,-1.7572848666884702,0.005194560016124797
-5.685219854305708,-1.7572848666884702,0.0014728533211176486
-5.581852220591058,-1.7572848666884702,-0.0025695234526635982
-5.478484586876409,-1.7572848666884702,-0.005985788752507763
-5.3751169531617595,-1.7572848666884702,-0.007494448313705095
-5.27174931944711,-1.7572848666884702,-0.00597235066914685
-5.168381685732461,-1.7572848666884702,-0.0009979557474550553
-5.065014052017812,-1.7572848666884702,0.006795922467074741
-4.961646418303163,-1.7572848666884702,0.015740293624229726
-4.858278784588514,-1.7572848666884702,0.02356131817870462
-4.754911150873865,-1.7572848666884702,0.028102826978870902
-4.651543517159215,-1.7572848666884702,0.028091364115908794
-4.548175883444566,-1.7572848666884702,0.023657049993105785
-4.444808249729917,-1.7572848666884702,0.016393345071183257
-4.341440616015267,-1.7572848666884702,0.008895336230548785
-4.238072982300618,-1.7572848666884702,0.0039049197928013707
-4.134705348585968,-1.7572848666884702,0.003343504245922658
-4.031337714871319,-1.7572848666884702,0.007570750204709515
-3.9279700811566705,-1.7572848666884702,0.015146053032426807
-3.8246024474420213,-1.7572848666884702,0.02320535213779185
-3.7212348137273725,-1.7572848666884702,0.02835446540685734
-3.6178671800127233,-1.7572848666884702,0.027795297035230638
-3.514499546298074,-1.7572848666884702,0.020309409508512302
-3.411131912583425,-1.7572848666884702,0.006759699481409183
-3.3077642788687753,-1.7572848666884702,-0.010074180307875808
-3.204396645154126,-1.7572848666884702,-0.026288993268759546
-3.101029011439477,-1.7572848666884702,-0.0380289755153812
-2.9976613777248278,-1.7572848666884702,-0.042654071451245085
-2.8942937440101786,-1.7572848666884702,-0.03952360641302635
-2.790926110295529,-1.7572848666884702,-0.03014280427070992
-2.6875584765808798,-1.7572848666884702,-0.017634620867484723
-2.5841908428662306,-1.7572848666884702,-0.005725855429341947
-2.4808232091515814,-1.7572848666884702,0.002404169724049077
-2.3774555754369326,-1.7572848666884702,0.0050268848269537396
-2.2740879417222835,-1.7572848666884702,0.0022310700157922416
-2.1707203080076334,-1.7572848666884702,-0.004340447701550367
-2.067352674292984,-1.7572848666884702,-0.012253465872063666
-1.9639850405783352,-1.7572848666884702,-0.019241790415633057
-1.8606174068636863,-1.7572848666884702,-0.0240013083369968
-1.757249773149037,-1.7572848666884702,-0.026530442122319815
-1.6538821394343879,-1.7572848666884702,-0.027907603151748513
-1.550514505719738,-1.7572848666884702,-0.029614222125839477
-1.447146872005089,-1.7572848666884702,-0.03268825411125444
-1.3437792382904399,-1.7572848666884702,-0.037061788941898995
-1.2404116045757907,-1.7572848666884702,-0.04137053186223993
-1.1370439708611417,-1.7572848666884702,-0.043344753839739104
-1.0336763371464925,-1.7572848666884702,-0.040665090938932766
-0.9303087034318435,-1.7572848666884702,-0.0319757821757254
-0.8269410697171936,-1.7572848666884702,-0.017665205938687912
-0.7235734360025445,-1.7572848666884702,-0.00008392687656049725
-0.6202058022878953,-1.7572848666884702,0.016942412154839704
-0.5168381685732463,-1.7572848666884702,0.02919726526391815
-0.4134705348585972,-1.7572848666884702,0.03342045083272043
-0.31010290114394806,-1.7572848666884702,0.028466259776433463
-0.2067352674292982,-1.7572848666884702,0.01585665214933776
-0.1033676337146491,-1.7572848666884702,-0.0005012429287580965
0.,-1.7572848666884702,-0.015389777062297402
0.1033676337146491,-1.7572848666884702,-0.023832851423147568
0.2067352674292982,-1.7572848666884702,-0.02263691115545038
0.31010290114394734,-1.7572848666884702,-0.011419066200517362
0.4134705348585964,-1.7572848666884702,0.007223273183493618
0.5168381685732455,-1.7572848666884702,0.02847049176502883
0.6202058022878947,-1.7572848666884702,0.046731040302813574
0.7235734360025438,-1.7572848666884702,0.05731829072998623
0.8269410697171944,-1.7572848666884702,0.057812298595864606
0.9303087034318435,-1.7572848666884702,0.048670153041817946
1.0336763371464925,-1.7572848666884702,0.03290103402946656
1.1370439708611417,-1.7572848666884702,0.014936522594233432
1.2404116045757907,-1.7572848666884702,-0.0009039149295356764
1.3437792382904399,-1.7572848666884702,-0.011820320159606455
1.447146872005089,-1.7572848666884702,-0.01733149714804965
1.550514505719738,-1.7572848666884702,-0.01920183666229561
1.6538821394343872,-1.7572848666884702,-0.02053945719252994
1.7572497731490362,-1.7572848666884702,-0.024402293837287814
1.8606174068636854,-1.7572848666884702,-0.03242461624350637
1.9639850405783346,-1.7572848666884702,-0.04397324610944368
2.0673526742929837,-1.7572848666884702,-0.056160054016949144
2.1707203080076343,-1.7572848666884702,-0.06473696053053839
2.2740879417222835,-1.7572848666884702,-0.06558484091887797
2.3774555754369326,-1.7572848666884702,-0.05628772042237447
2.4808232091515814,-1.7572848666884702,-0.037236183606051264
2.5841908428662306,-1.7572848666884702,-0.011848155732389185
2.6875584765808798,-1.7572848666884702,0.014215370159247396
2.790926110295529,-1.7572848666884702,0.03462425573228462
2.894293744010178,-1.7572848666884702,0.04425543562094091
2.997661377724827,-1.7572848666884702,0.040770965437120193
3.101029011439476,-1.7572848666884702,0.02538302481179955
3.2043966451541253,-1.7572848666884702,0.0025483192392752787
3.3077642788687744,-1.7572848666884702,-0.021321503442760813
3.411131912583425,-1.7572848666884702,-0.039729952125649
3.514499546298074,-1.7572848666884702,-0.04795827490753346
3.6178671800127233,-1.7572848666884702,-0.04434071130913983
3.7212348137273725,-1.7572848666884702,-0.03056949489119206
3.8246024474420213,-1.7572848666884702,-0.010965366325413806
3.9279700811566705,-1.7572848666884702,0.009016886475930705
4.031337714871319,-1.7572848666884702,0.024539856421268498
4.134705348585968,-1.7572848666884702,0.03281765687476177
4.238072982300618,-1.7572848666884702,0.03378277906842979
4.341440616015267,-1.7572848666884702,0.029804856888075413
4.444808249729916,-1.7572848666884702,0.02460159262474823
4.548175883444565,-1.7572848666884702,0.021746706756645688
4.651543517159214,-1.7572848666884702,0.023301026194836948
4.754911150873865,-1.7572848666884702,0.02903401876837115
4.858278784588514,-1.7572848666884702,0.03648892621922903
4.961646418303163,-1.7572848666884702,0.041851445240042306
5.065014052017812,-1.7572848666884702,0.04131048922473055
5.168381685732461,-1.7572848666884702,0.032440578869902044
5.27174931944711,-1.7572848666884702,0.015138942771356904
5.3751169531617595,-1.7572848666884702,-0.008189797705869015
5.478484586876409,-1.7572848666884702,-0.03325120502160713
5.581852220591058,-1.7572848666884702,-0.055065627579845074
5.685219854305707,-1.7572848666884702,-0.06936081561378128
5.788587488020356,-1.7572848666884702,-0.07370931256693579
5.8919551217350055,-1.7572848666884702,-0.06807137812818051
5.995322755449654,-1.7572848666884702,-0.05461447249093991
6.098690389164305,-1.7572848666884702,-0.03692074706443651
6.202058022878954,-1.7572848666884702,-0.01888182872360312
6.305425656593603,-1.7572848666884702,-0.0036549914393553167
6.408793290308252,-1.7572848666884702,0.0070016765638195935
-6.408793290308252,-1.653915168647972,0.025833333651078445
-6.305425656593603,-1.653915168647972,0.02894730542083183
-6.202058022878954,-1.653915168647972,0.027066695992989307
-6.098690389164304,-1.653915168647972,0.02082046701513185
-5.995322755449655,-1.653915168647972,0.011350517115075289
-5.8919551217350055,-1.653915168647972,0.00023567610250179583
-5.788587488020356,-1.653915168647972,-0.010632227056690627
-5.685219854305708,-1.653915168647972,-0.01926397459689853
-5.581852220591058,-1.653915168647972,-0.023891517720692434
-5.478484586876409,-1.653915168647972,-0.023345899568496246
-5.3751169531617595,-1.653915168647972,-0.017397808254158806
-5.27174931944711,-1.653915168647972,-0.006939035495373596
-5.168381685732461,-1.653915168647972,0.006096097434084712
-5.065014052017812,-1.653915168647972,0.019103301428369215
-4.961646418303163,-1.653915168647972,0.029414360152780775
-4.858278784588514,-1.653915168647972,0.03498648690096508
-4.754911150873865,-1.653915168647972,0.034974514129815254
-4.651543517159215,-1.653915168647972,0.02999811150845965
-4.548175883444566,-1.653915168647972,0.021994773581954476
-4.444808249729917,-1.653915168647972,0.013672927699627824
-4.341440616015267,-1.653915168647972,0.007709419257947392
-4.238072982300618,-1.653915168647972,0.005927750481787164
-4.134705348585968,-1.653915168647972,0.008713731016557015
-4.031337714871319,-1.653915168647972,0.014862258865650414
-3.9279700811566705,-1.653915168647972,0.021919312597984013
-3.8246024474420213,-1.653915168647972,0.026926989027344077
-3.7212348137273725,-1.653915168647972,0.027347432375314767
-3.6178671800127233,-1.653915168647972,0.021878377096199775
-3.514499546298074,-1.653915168647972,0.010901645893704895
-3.411131912583425,-1.653915168647972,-0.003580980668009373
-3.3077642788687753,-1.653915168647972,-0.01850831219584891
-3.204396645154126,-1.653915168647972,-0.030642645471109693
-3.101029011439477,-1.653915168647972,-0.03749903931421832
-2.9976613777248278,-1.653915168647972,-0.038032805106676476
-2.8942937440101786,-1.653915168647972,-0.03287845614891571
-2.790926110295529,-1.653915168647972,-0.02408087486627091
-2.6875584765808798,-1.653915168647972,-0.014423462682465922
-2.5841908428662306,-1.653915168647972,-0.0065836571423676295
-2.4808232091515814,-1.653915168647972,-0.002392041401444889
-2.3774555754369326,-1.653915168647972,-0.0024235413877105537
-2.2740879417222835,-1.653915168647972,-0.006026299963819817
-2.1707203080076334,-1.653915168647972,-0.011739739628109643
-2.067352674292984,-1.653915168647972,-0.017922221922286704
-1.9639850405783352,-1.653915168647972,-0.02334589615561067
-1.8606174068636863,-1.653915168647972,-0.027542441768389696
-1.757249773149037,-1.653915168647972,-0.03078727554723158
-1.6538821394343879,-1.653915168647972,-0.033752534097882314
-1.550514505719738,-1.653915168647972,-0.03698808700702194
-1.447146872005089,-1.653915168647972,-0.04045740252639652
-1.3437792382904399,-1.653915168647972,-0.04333591231392127
-1.2404116045757907,-1.653915168647972,-0.04417977408040996
-1.1370439708611417,-1.653915168647972,-0.04142841623128218
-1.0336763371464925,-1.653915168647972,-0.03406786693113541
-0.9303087034318435,-1.653915168647972,-0.0222047739004183
-0.8269410697171936,-1.653915168647972,-0.0073140987401202
-0.7235734360025445,-1.653915168647972,0.007974252362916176
-0.6202058022878953,-1.653915168647972,0.020526401177933713
-0.5168381685732463,-1.653915168647972,0.02761003084861275
-0.4134705348585972,-1.653915168647972,0.02776743051798697
-0.31010290114394806,-1.653915168647972,0.02135983939146643
-0.2067352674292982,-1.653915168647972,0.010579822554745757
-0.1033676337146491,-1.653915168647972,-0.001104686163714139
0.,-1.653915168647972,-0.00992482249898537
0.1033676337146491,-1.653915168647972,-0.01291115154587193
0.2067352674292982,-1.653915168647972,-0.008777679933499651
0.31010290114394734,-1.653915168647972,0.0016905799802053516
0.4134705348585964,-1.653915168647972,0.015871278949693483
0.5168381685732455,-1.653915168647972,0.030086468000902533
0.6202058022878947,-1.653915168647972,0.04068414157621573
0.7235734360025438,-1.653915168647972,0.04507742746285111
0.8269410697171944,-1.653915168647972,0.0424179102434772
0.9303087034318435,-1.653915168647972,0.033704312964042624
1.0336763371464925,-1.653915168647972,0.021316402721421303
1.1370439708611417,-1.653915168647972,0.008152862561374478
1.2404116045757907,-1.653915168647972,-0.0033225315332103935
1.3437792382904399,-1.653915168647972,-0.011801525673993682
1.447146872005089,-1.653915168647972,-0.017384158171249473
1.550514505719738,-1.653915168647972,-0.021298093718765954
1.6538821394343872,-1.653915168647972,-0.02520792173070121
1.7572497731490362,-1.653915168647972,-0.03038136591286649
1.8606174068636854,-1.653915168647972,-0.037027970000803795
1.9639850405783346,-1.653915168647972,-0.04406291120722178
2.0673526742929837,-1.653915168647972,-0.049396104187488604
2.1707203080076343,-1.653915168647972,-0.050657637981758305
2.2740879417222835,-1.653915168647972,-0.04611055972913982
2.3774555754369326,-1.653915168647972,-0.035426993158253116
2.4808232091515814,-1.653915168647972,-0.020040430509060476
2.5841908428662306,-1.653915168647972,-0.0029243228557676625
2.6875584765808798,-1.653915168647972,0.012161106250603864
2.790926110295529,-1.653915168647972,0.021730379276033676
2.894293744010178,-1.653915168647972,0.023609567491354556
2.997661377724827,-1.653915168647972,0.017615199301764705
3.101029011439476,-1.653915168647972,0.005652215645589575
3.2043966451541253,-1.653915168647972,-0.00880790923048023
3.3077642788687744,-1.653915168647972,-0.021710398373762
3.411131912583425,-1.653915168647972,-0.0295577168172599
3.514499546298074,-1.653915168647972,-0.03035700982235532
3.6178671800127233,-1.653915168647972,-0.02409089009807242
3.7212348137273725,-1.653915168647972,-0.012584690501044285
3.8246024474420213,-1.653915168647972,0.0011629422235407312
3.9279700811566705,-1.653915168647972,0.013952285873451407
4.031337714871319,-1.653915168647972,0.02333733969072504
4.134705348585968,-1.653915168647972,0.02826285605275025
4.238072982300618,-1.653915168647972,0.02919979544947534
4.341440616015267,-1.653915168647972,0.02776710509723865
4.444808249729916,-1.653915168647972,0.025996367813770807
4.548175883444565,-1.653915168647972,0.025506147705704998
4.651543517159214,-1.653915168647972,0.026870719857001017
4.754911150873865,-1.653915168647972,0.02939109881466806
4.858278784588514,-1.653915168647972,0.03133407112749791
4.961646418303163,-1.653915168647972,0.030546954010911672
5.065014052017812,-1.653915168647972,0.025234784074571245
5.168381685732461,-1.653915168647972,0.014640677322542645
5.27174931944711,-1.653915168647972,-0.0005894020472185706
5.3751169531617595,-1.653915168647972,-0.01846705546300948
5.478484586876409,-1.653915168647972,-0.03611829024522451
5.581852220591058,-1.653915168647972,-0.05048727285520567
5.685219854305707,-1.653915168647972,-0.05907221200495144
5.788587488020356,-1.653915168647972,-0.060485635206143216
5.8919551217350055,-1.653915168647972,-0.0547021935841445
5.995322755449654,-1.653915168647972,-0.04296275444381568
6.098690389164305,-1.653915168647972,-0.027405840913577527
6.202058022878954,-1.653915168647972,-0.010563299380582309
6.305425656593603,-1.653915168647972,0.0051306112726430715
6.408793290308252,-1.653915168647972,0.017705008538131256
-6.408793290308252,-1.550545470607474,0.032346737324019756
-6.305425656593603,-1.550545470607474,0.037344098227701905
-6.202058022878954,-1.550545470607474,0.03570715635409979
-6.098690389164304,-1.550545470607474,0.027106463268743497
-5.995322755449655,-1.550545470607474,0.012715216460204966
-5.8919551217350055,-1.550545470607474,-0.004845164956924184
-5.788587488020356,-1.550545470607474,-0.021976216582592523
-5.685219854305708,-1.550545470607474,-0.034905593332667
-5.581852220591058,-1.550545470607474,-0.04062123006116103
-5.478484586876409,-1.550545470607474,-0.0376739094672064
-5.3751169531617595,-1.550545470607474,-0.02660390245861629
-5.27174931944711,-1.550545470607474,-0.009845217915910738
-5.168381685732461,-1.550545470607474,0.008888554784322674
-5.065014052017812,-1.550545470607474,0.025575833546446228
-4.961646418303163,-1.550545470607474,0.0369418933336608
-4.858278784588514,-1.550545470607474,0.04129139610050262
-4.754911150873865,-1.550545470607474,0.03887590679484103
-4.651543517159215,-1.550545470607474,0.031693062127689825
-4.548175883444566,-1.550545470607474,0.02278686188896818
-4.444808249729917,-1.550545470607474,0.015270242310531586
-4.341440616015267,-1.550545470607474,0.011373339282750595
-4.238072982300618,-1.550545470607474,0.011807474886920967
-4.134705348585968,-1.550545470607474,0.015630590316178253
-4.031337714871319,-1.550545470607474,0.020638693333839213
-3.9279700811566705,-1.550545470607474,0.0241421708377151
-3.8246024474420213,-1.550545470607474,0.023868770089774644
-3.7212348137273725,-1.550545470607474,0.01870336765919111
-3.6178671800127233,-1.550545470607474,0.009036586511883285
-3.514499546298074,-1.550545470607474,-0.0033726016757156326
-3.411131912583425,-1.550545470607474,-0.01595623777965464
-3.3077642788687753,-1.550545470607474,-0.026122550571104353
-3.204396645154126,-1.550545470607474,-0.03200785524140323
-3.101029011439477,-1.550545470607474,-0.03296043721560872
-2.9976613777248278,-1.550545470607474,-0.029621796018452103
-2.8942937440101786,-1.550545470607474,-0.023609966192863617
-2.790926110295529,-1.550545470607474,-0.0169397379612548
-2.6875584765808798,-1.550545470607474,-0.011391899664334895
-2.5841908428662306,-1.550545470607474,-0.008044209304878395
-2.4808232091515814,-1.550545470607474,-0.007104083634934231
-2.3774555754369326,-1.550545470607474,-0.008065728523027017
-2.2740879417222835,-1.550545470607474,-0.010095993734889636
-2.1707203080076334,-1.550545470607474,-0.012475987102879574
-2.067352674292984,-1.550545470607474,-0.014915843466594638
-1.9639850405783352,-1.550545470607474,-0.017619424369352443
-1.8606174068636863,-1.550545470607474,-0.02108048447986632
-1.757249773149037,-1.550545470607474,-0.025702151050602258
-1.6538821394343879,-1.550545470607474,-0.0314059519959686
-1.550514505719738,-1.550545470607474,-0.037407000369668555
-1.447146872005089,-1.550545470607474,-0.04227372574710156
-1.3437792382904399,-1.550545470607474,-0.04428437537086478
-1.2404116045757907,-1.550545470607474,-0.04197688666663697
-1.1370439708611417,-1.550545470607474,-0.03470623911935499
-1.0336763371464925,-1.550545470607474,-0.023005392765812926
-0.9303087034318435,-1.550545470607474,-0.008601166124312146
-0.8269410697171936,-1.550545470607474,0.005952396186759583
-0.7235734360025445,-1.550545470607474,0.017931034988964215
-0.6202058022878953,-1.550545470607474,0.02519242550373175
-0.5168381685732463,-1.550545470607474,0.0267880569571284
-0.4134705348585972,-1.550545470607474,0.023237463395715516
-0.31010290114394806,-1.550545470607474,0.016372141979629003
-0.2067352674292982,-1.550545470607474,0.008793404314752411
-0.1033676337146491,-1.550545470607474,0.003111779162372006
0.,-1.550545470607474,0.0012041285508386243
0.1033676337146491,-1.550545470607474,0.003715648215984917
0.2067352674292982,-1.550545470607474,0.009951000913038745
0.31010290114394734,-1.550545470607474,0.018170527980564448
0.4134705348585964,-1.550545470607474,0.026177359057923753
0.5168381685732455,-1.550545470607474,0.03199282652005863
0.6202058022878947,-1.550545470607474,0.03439950948500487
0.7235734360025438,-1.550545470607474,0.03318758919547163
0.8269410697171944,-1.550545470607474,0.029049561164663798
0.9303087034318435,-1.550545470607474,0.023191565915280314
1.0336763371464925,-1.550545470607474,0.016823649072535717
1.1370439708611417,-1.550545470607474,0.010724265616129164
1.2404116045757907,-1.550545470607474,0.005036490211281095
1.3437792382904399,-1.550545470607474,-0.0006399921781714566
1.447146872005089,-1.550545470607474,-0.006911279446678043
1.550514505719738,-1.550545470607474,-0.01414973382957693
1.6538821394343872,-1.550545470607474,-0.022135460547717485
1.7572497731490362,-1.550545470607474,-0.029932672207099123
1.8606174068636854,-1.550545470607474,-0.03606821565885987
1.9639850405783346,-1.550545470607474,-0.03896656923350376
2.0673526742929837,-1.550545470607474,-0.03749696258647482
2.1707203080076343,-1.550545470607474,-0.03143959783984339
2.2740879417222835,-1.550545470607474,-0.02169731866479517
2.3774555754369326,-1.550545470607474,-0.010160572480925367
2.4808232091515814,-1.550545470607474,0.0007506567648761765
2.5841908428662306,-1.550545470607474,0.00873403463590032
2.6875584765808798,-1.550545470607474,0.012240751009027977
2.790926110295529,-1.550545470607474,0.010899892259400997
2.894293744010178,-1.550545470607474,0.00559816389406404
2.997661377724827,-1.550545470607474,-0.001807162390420484
3.101029011439476,-1.550545470607474,-0.00904686143322267
3.2043966451541253,-1.550545470607474,-0.014090431786678462
3.3077642788687744,-1.550545470607474,-0.015685702024144658
3.411131912583425,-1.550545470607474,-0.013627741289434189
3.514499546298074,-1.550545470607474,-0.008691721433606895
3.6178671800127233,-1.550545470607474,-0.002276234353080463
3.7212348137273725,-1.550545470607474,0.0041051707586242095
3.8246024474420213,-1.550545470607474,0.009305727694582964
3.9279700811566705,-1.550545470607474,0.012843363169549548
4.031337714871319,-1.550545470607474,0.014931048210366522
4.134705348585968,-1.550545470607474,0.016253563122340504
4.238072982300618,-1.550545470607474,0.017591728750895017
4.341440616015267,-1.550545470607474,0.019441884835564603
4.444808249729916,-1.550545470607474,0.021770503008869197
4.548175883444565,-1.550545470607474,0.023986953585933578
4.651543517159214,-1.550545470607474,0.025134380030114926
4.754911150873865,-1.550545470607474,0.024220459326780523
4.858278784588514,-1.550545470607474,0.020564407162414658
4.961646418303163,-1.550545470607474,0.014038580380560934
5.065014052017812,-1.550545470607474,0.0051290254484441505
5.168381685732461,-1.550545470607474,-0.005190224485836502
5.27174931944711,-1.550545470607474,-0.015707211361409814
5.3751169531617595,-1.550545470607474,-0.025246198203644588
5.478484586876409,-1.550545470607474,-0.03286923257358383
5.581852220591058,-1.550545470607474,-0.03795044814632606
5.685219854305707,-1.550545470607474,-0.04012999891665139
5.788587488020356,-1.550545470607474,-0.03920927257131062
5.8919551217350055,-1.550545470607474,-0.03507347412182909
5.995322755449654,-1.550545470607474,-0.02771072141012857
6.098690389164305,-1.550545470607474,-0.017344512035538343
6.202058022878954,-1.550545470607474,-0.004630112874097809
6.305425656593603,-1.550545470607474,0.009186346842442796
6.408793290308252,-1.550545470607474,0.022259881860952672
-6.408793290308252,-1.4471757725669758,0.03185446068784047
-6.305425656593603,-1.4471757725669758,0.03822422308067484
-6.202058022878954,-1.4471757725669758,0.03776017434936272
-6.098690389164304,-1.4471757725669758,0.029209029200249557
-5.995322755449655,-1.4471757725669758,0.013408680172760491
-5.8919551217350055,-1.4471757725669758,-0.00669999968850444
-5.788587488020356,-1.4471757725669758,-0.026727588812487702
-5.685219854305708,-1.4471757725669758,-0.04198368736962318
-5.581852220591058,-1.4471757725669758,-0.048774448983838925
-5.478484586876409,-1.4471757725669758,-0.045447203338714964
-5.3751169531617595,-1.4471757725669758,-0.03285216991765688
-5.27174931944711,-1.4471757725669758,-0.014073966132687273
-5.168381685732461,-1.4471757725669758,0.006482041250507107
-5.065014052017812,-1.4471757725669758,0.02435876374357319
-4.961646418303163,-1.4471757725669758,0.036272933931950954
-4.858278784588514,-1.4471757725669758,0.04092050368755596
-4.754911150873865,-1.4471757725669758,0.039129997242499305
-4.651543517159215,-1.4471757725669758,0.03334935454385957
-4.548175883444566,-1.4471757725669758,0.026668196856742387
-4.444808249729917,-1.4471757725669758,0.021720577170757833
-4.341440616015267,-1.4471757725669758,0.019836972067538688
-4.238072982300618,-1.4471757725669758,0.020713759476073144
-4.134705348585968,-1.4471757725669758,0.022681262564201363
-4.031337714871319,-1.4471757725669758,0.023443850572613528
-3.9279700811566705,-1.4471757725669758,0.02100914861535674
-3.8246024474420213,-1.4471757725669758,0.01447026288808768
-3.7212348137273725,-1.4471757725669758,0.004370167827594184
-3.6178671800127233,-1.4471757725669758,-0.007465356008532486
-3.514499546298074,-1.4471757725669758,-0.018548350554606092
-3.411131912583425,-1.4471757725669758,-0.02656747644081107
-3.3077642788687753,-1.4471757725669758,-0.030140570332670986
-3.204396645154126,-1.4471757725669758,-0.029217967521982396
-3.101029011439477,-1.4471757725669758,-0.0250076344165164
-2.9976613777248278,-1.4471757725669758,-0.019469437703510905
-2.8942937440101786,-1.4471757725669758,-0.014579973540317034
-2.790926110295529,-1.4471757725669758,-0.011646109126579707
-2.6875584765808798,-1.4471757725669758,-0.01091847351445488
-2.5841908428662306,-1.4471757725669758,-0.011637263545520889
-2.4808232091515814,-1.4471757725669758,-0.01247688548730327
-2.3774555754369326,-1.4471757725669758,-0.012204790496989264
-2.2740879417222835,-1.4471757725669758,-0.010289207762767014
-2.1707203080076334,-1.4471757725669758,-0.007210051324138582
-2.067352674292984,-1.4471757725669758,-0.0043399316200119845
-1.9639850405783352,-1.4471757725669758,-0.003426548415217834
-1.8606174068636863,-1.4471757725669758,-0.005863157580489348
-1.757249773149037,-1.4471757725669758,-0.012022455788870083
-1.6538821394343879,-1.4471757725669758,-0.020917146236384233
-1.550514505719738,-1.4471757725669758,-0.030340080050016496
-1.447146872005089,-1.4471757725669758,-0.03746653407136346
-1.3437792382904399,-1.4471757725669758,-0.03973159708408715
-1.2404116045757907,-1.4471757725669758,-0.03568823117180812
-1.1370439708611417,-1.4471757725669758,-0.025546408282012177
-1.0336763371464925,-1.4471757725669758,-0.011194833061744847
-0.9303087034318435,-1.4471757725669758,0.004319697138928122
-0.8269410697171936,-1.4471757725669758,0.01769436327804226
-0.7235734360025445,-1.4471757725669758,0.02635989630319181
-0.6202058022878953,-1.4471757725669758,0.02923086172053919
-0.5168381685732463,-1.4471757725669758,0.026969557294880264
-0.4134705348585972,-1.4471757725669758,0.021681569935245993
-0.31010290114394806,-1.4471757725669758,0.016154390815599246
-0.2067352674292982,-1.4471757725669758,0.012904691710183883
-0.1033676337146491,-1.4471757725669758,0.013361181394487142
0.,-1.4471757725669758,0.017457261977019033
0.1033676337146491,-1.4471757725669758,0.02375999344378916
0.2067352674292982,-1.4471757725669758,0.03007161604361425
0.31010290114394734,-1.4471757725669758,0.03427447071218872
0.4134705348585964,-1.4471757725669758,0.0351080588811249
0.5168381685732455,-1.4471757725669758,0.03259697109142287
0.6202058022878947,-1.4471757725669758,0.027979319739107045
0.7235734360025438,-1.4471757725669758,0.023169928717524872
0.8269410697171944,-1.4471757725669758,0.019964359272741258
0.9303087034318435,-1.4471757725669758,0.019286765360545355
1.0336763371464925,-1.4471757725669758,0.020771058698740325
1.1370439708611417,-1.4471757725669758,0.022844881121949625
1.2404116045757907,-1.4471757725669758,0.023301734379825228
1.3437792382904399,-1.4471757725669758,0.020164154356142
1.447146872005089,-1.4471757725669758,0.012526119927908756
1.550514505719738,-1.4471757725669758,0.0010586696834570166
1.6538821394343872,-1.4471757725669758,-0.012027208368303852
1.7572497731490362,-1.4471757725669758,-0.023578863268329867
1.8606174068636854,-1.4471757725669758,-0.030480102401965987
1.9639850405783346,-1.4471757725669758,-0.030686294523958366
2.0673526742929837,-1.4471757725669758,-0.023961582395589247
2.1707203080076343,-1.4471757725669758,-0.012054352340932066
2.2740879417222835,-1.4471757725669758,0.0017681905048786701
2.3774555754369326,-1.4471757725669758,0.013689592066367624
2.4808232091515814,-1.4471757725669758,0.020508158474310773
2.5841908428662306,-1.4471757725669758,0.020615770696969758
2.6875584765808798,-1.4471757725669758,0.0144700023601879
2.790926110295529,-1.4471757725669758,0.004405291212073904
2.894293744010178,-1.4471757725669758,-0.006151286895405955
2.997661377724827,-1.4471757725669758,-0.013796536824749118
3.101029011439476,-1.4471757725669758,-0.016228751407539974
3.2043966451541253,-1.4471757725669758,-0.012933010471411493
3.3077642788687744,-1.4471757725669758,-0.005257655709642329
3.411131912583425,-1.4471757725669758,0.004126252412207079
3.514499546298074,-1.4471757725669758,0.012182743100858349
3.6178671800127233,-1.4471757725669758,0.016549762385191905
3.7212348137273725,-1.4471757725669758,0.016303521891907796
3.8246024474420213,-1.4471757725669758,0.01219574351608168
3.9279700811566705,-1.4471757725669758,0.006298817671642917
4.031337714871319,-1.4471757725669758,0.0012001054001262667
4.134705348585968,-1.4471757725669758,-0.0009603514335259475
4.238072982300618,-1.4471757725669758,0.0007331522619100619
4.341440616015267,-1.4471757725669758,0.00564950840361796
4.444808249729916,-1.4471757725669758,0.011846790519912182
4.548175883444565,-1.4471757725669758,0.016772110780209938
4.651543517159214,-1.4471757725669758,0.01816933892888952
4.754911150873865,-1.4471757725669758,0.014870702994299054
4.858278784588514,-1.4471757725669758,0.007196213447609513
4.961646418303163,-1.4471757725669758,-0.003170192017219352
5.065014052017812,-1.4471757725669758,-0.013770001202879174
5.168381685732461,-1.4471757725669758,-0.022202511021080264
5.27174931944711,-1.4471757725669758,-0.026896025374079802
5.3751169531617595,-1.4471757725669758,-0.027543250986439595
5.478484586876409,-1.4471757725669758,-0.025055324245029407
5.581852220591058,-1.4471757725669758,-0.021069641609451142
5.685219854305707,-1.4471757725669758,-0.017212775926007742
5.788587488020356,-1.4471757725669758,-0.014410305341046306
5.8919551217350055,-1.4471757725669758,-0.012516842966930168
5.995322755449654,-1.4471757725669758,-0.01041806942464254
6.098690389164305,-1.4471757725669758,-0.006575949905382447
6.202058022878954,-1.4471757725669758,0.00018548925135804974
6.305425656593603,-1.4471757725669758,0.009958984942452039
6.408793290308252,-1.4471757725669758,0.02139423886282894
-6.408793290308252,-1.3438060745264775,0.025583260561144346
-6.305425656593603,-1.3438060745264775,0.03170172206431579
-6.202058022878954,-1.3438060745264775,0.03233284674706019
-6.098690389164304,-1.3438060745264775,0.025667924946328736
-5.995322755449655,-1.3438060745264775,0.01199298344850975
-5.8919551217350055,-1.3438060745264775,-0.006215941338711704
-5.788587488020356,-1.3438060745264775,-0.024920926003885468
-5.685219854305708,-1.3438060745264775,-0.03967459183129915
-5.581852220591058,-1.3438060745264775,-0.04691965525845647
-5.478484586876409,-1.3438060745264775,-0.04501078745713647
-5.3751169531617595,-1.3438060745264775,-0.03463197439820445
-5.27174931944711,-1.3438060745264775,-0.01849041789792439
-5.168381685732461,-1.3438060745264775,-0.00041216923442045423
-5.065014052017812,-1.3438060745264775,0.015839912652863396
-4.961646418303163,-1.3438060745264775,0.027625198350992797
-4.858278784588514,-1.3438060745264775,0.03402083913036431
-4.754911150873865,-1.3438060745264775,0.03578911038627823
-4.651543517159215,-1.3438060745264775,0.03477828946023064
-4.548175883444566,-1.3438060745264775,0.033014637246071156
-4.444808249729917,-1.3438060745264775,0.03183958452803149
-4.341440616015267,-1.3438060745264775,0.03141172266894975
-4.238072982300618,-1.3438060745264775,0.030743580695877414
-4.134705348585968,-1.3438060745264775,0.028235542706363786
-4.031337714871319,-1.3438060745264775,0.022480745214431316
-3.9279700811566705,-1.3438060745264775,0.01301439450459384
-3.8246024474420213,-1.3438060745264775,0.0007045991667010689
-3.7212348137273725,-1.3438060745264775,-0.012380372587621381
-3.6178671800127233,-1.3438060745264775,-0.023593334353661326
-3.514499546298074,-1.3438060745264775,-0.030594921795281636
-3.411131912583425,-1.3438060745264775,-0.032177188280964525
-3.3077642788687753,-1.3438060745264775,-0.028711876076888763
-3.204396645154126,-1.3438060745264775,-0.022044719492056223
-3.101029011439477,-1.3438060745264775,-0.014859515808841317
-2.9976613777248278,-1.3438060745264775,-0.0097329136608505
-2.8942937440101786,-1.3438060745264775,-0.008220024183533056
-2.790926110295529,-1.3438060745264775,-0.010306942561728667
-2.6875584765808798,-1.3438060745264775,-0.014438494876963307
-2.5841908428662306,-1.3438060745264775,-0.018122661813182273
-2.4808232091515814,-1.3438060745264775,-0.018901377164944142
-2.3774555754369326,-1.3438060745264775,-0.015337906428412736
-2.2740879417222835,-1.3438060745264775,-0.007655932431535948
-2.1707203080076334,-1.3438060745264775,0.0022172679606837237
-2.067352674292984,-1.3438060745264775,0.011241387136938221
-1.9639850405783352,-1.3438060745264775,0.016296779433921316
-1.8606174068636863,-1.3438060745264775,0.015305413765197454
-1.757249773149037,-1.3438060745264775,0.008041662943097131
-1.6538821394343879,-1.3438060745264775,-0.003665142156466212
-1.550514505719738,-1.3438060745264775,-0.016427091279015996
-1.447146872005089,-1.3438060745264775,-0.026340202395075188
-1.3437792382904399,-1.3438060745264775,-0.030226399342572458
-1.2404116045757907,-1.3438060745264775,-0.026653372491060166
-1.1370439708611417,-1.3438060745264775,-0.016382688215404662
-1.0336763371464925,-1.3438060745264775,-0.0020915888261149158
-0.9303087034318435,-1.3438060745264775,0.012535446660134208
-0.8269410697171936,-1.3438060745264775,0.024030963135342184
-0.7235734360025445,-1.3438060745264775,0.030261259619206653
-0.6202058022878953,-1.3438060745264775,0.03105170451822776
-0.5168381685732463,-1.3438060745264775,0.02811132998215486
-0.4134705348585972,-1.3438060745264775,0.024295834745384624
-0.31010290114394806,-1.3438060745264775,0.022482582303754245
-0.2067352674292982,-1.3438060745264775,0.02446825161743185
-0.1033676337146491,-1.3438060745264775,0.030290188415427924
0.,-1.3438060745264775,0.03821885714172689
0.1033676337146491,-1.3438060745264775,0.04542518317458878
0.2067352674292982,-1.3438060745264775,0.04907971335059821
0.31010290114394734,-1.3438060745264775,0.047479157351422
0.4134705348585964,-1.3438060745264775,0.040779147309556105
0.5168381685732455,-1.3438060745264775,0.031048058718727782
0.6202058022878947,-1.3438060745264775,0.021598975598229264
0.7235734360025438,-1.3438060745264775,0.015820109077813657
0.8269410697171944,-1.3438060745264775,0.015914004675279
0.9303087034318435,-1.3438060745264775,0.022002960756799736
1.0336763371464925,-1.3438060745264775,0.03194211753203382
1.1370439708611417,-1.3438060745264775,0.041940139537887236
1.2404116045757907,-1.3438060745264775,0.047803080186925605
1.3437792382904399,-1.3438060745264775,0.04638949158470912
1.447146872005089,-1.3438060745264775,0.03677574330945302
1.550514505719738,-1.3438060745264775,0.020714457637183763
1.6538821394343872,-1.3438060745264775,0.002200638596801194
1.7572497731490362,-1.3438060745264775,-0.013737910563877586
1.8606174068636854,-1.3438060745264775,-0.02264018702346145
1.9639850405783346,-1.3438060745264775,-0.02207333321557549
2.0673526742929837,-1.3438060745264775,-0.012462723997535119
2.1707203080076343,-1.3438060745264775,0.002998359977969518
2.2740879417222835,-1.3438060745264775,0.019343569189015447
2.3774555754369326,-1.3438060745264775,0.03141349741928098
2.4808232091515814,-1.3438060745264775,0.03550298759454602
2.5841908428662306,-1.3438060745264775,0.030532405380891352
2.6875584765808798,-1.3438060745264775,0.018356787830788996
2.790926110295529,-1.3438060745264775,0.003114071245394775
2.894293744010178,-1.3438060745264775,-0.010166035774916165
2.997661377724827,-1.3438060745264775,-0.017225848078355314
3.101029011439476,-1.3438060745264775,-0.01596223226458103
3.2043966451541253,-1.3438060745264775,-0.00707332735417611
3.3077642788687744,-1.3438060745264775,0.006233791842157405
3.411131912583425,-1.3438060745264775,0.019360738567912414
3.514499546298074,-1.3438060745264775,0.027872102014543435
3.6178671800127233,-1.3438060745264775,0.02895773427271943
3.7212348137273725,-1.3438060745264775,0.022315001220946415
3.8246024474420213,-1.3438060745264775,0.010168070420019248
3.9279700811566705,-1.3438060745264775,-0.0035612090449566557
4.031337714871319,-1.3438060745264775,-0.014629153869642334
4.134705348585968,-1.3438060745264775,-0.019912156086227827
4.238072982300618,-1.3438060745264775,-0.018422488302373186
4.341440616015267,-1.3438060745264775,-0.011562815284592286
4.444808249729916,-1.3438060745264775,-0.0025527741025194806
4.548175883444565,-1.3438060745264775,0.004753274688789881
4.651543517159214,-1.3438060745264775,0.007234042559915346
4.754911150873865,-1.3438060745264775,0.0035776636824101414
4.858278784588514,-1.3438060745264775,-0.005297973499149403
4.961646418303163,-1.3438060745264775,-0.016609166144889727
5.065014052017812,-1.3438060745264775,-0.026707181682554804
5.168381685732461,-1.3438060745264775,-0.03235022380415051
5.27174931944711,-1.3438060745264775,-0.03179523205669932
5.3751169531617595,-1.3438060745264775,-0.0253325392789168
5.478484586876409,-1.3438060745264775,-0.015091803436977674
5.581852220591058,-1.3438060745264775,-0.0042094456241544885
5.685219854305707,-1.3438060745264775,0.0043272774086596045
5.788587488020356,-1.3438060745264775,0.008735469221410387
5.8919551217350055,-1.3438060745264775,0.009010941081139827
5.995322755449654,-1.3438060745264775,0.006820977800985928
6.098690389164305,-1.3438060745264775,0.00476424442153042
6.202058022878954,-1.3438060745264775,0.005276518688582721
6.305425656593603,-1.3438060745264775,0.00958949656022218
6.408793290308252,-1.3438060745264775,0.017131739327411823
-6.408793290308252,-1.2404363764859794,0.015925077005760364
-6.305425656593603,-1.2404363764859794,0.019645655874222224
-6.202058022878954,-1.2404363764859794,0.02043050298691921
-6.098690389164304,-1.2404363764859794,0.016488034446871126
-5.995322755449655,-1.2404363764859794,0.007539416605898584
-5.8919551217350055,-1.2404363764859794,-0.005018577535157858
-5.788587488020356,-1.2404363764859794,-0.018526172866773397
-5.685219854305708,-1.2404363764859794,-0.029887600365159483
-5.581852220591058,-1.2404363764859794,-0.03651324295349603
-5.478484586876409,-1.2404363764859794,-0.03705140468298774
-5.3751169531617595,-1.2404363764859794,-0.0316751068210081
-5.27174931944711,-1.2404363764859794,-0.021860018040521918
-5.168381685732461,-1.2404363764859794,-0.009774891688181882
-5.065014052017812,-1.2404363764859794,0.0024627913988638193
-4.961646418303163,-1.2404363764859794,0.013382417052996715
-4.858278784588514,-1.2404363764859794,0.022400971563405314
-4.754911150873865,-1.2404363764859794,0.02965564132469346
-4.651543517159215,-1.2404363764859794,0.03554245929767478
-4.548175883444566,-1.2404363764859794,0.040191982660485355
-4.444808249729917,-1.2404363764859794,0.043134037917524834
-4.341440616015267,-1.2404363764859794,0.04332098823531242
-4.238072982300618,-1.2404363764859794,0.039525106976103466
-4.134705348585968,-1.2404363764859794,0.030960893009357
-4.031337714871319,-1.2404363764859794,0.017873174673742682
-3.9279700811566705,-1.2404363764859794,0.0018224241440390903
-3.8246024474420213,-1.2404363764859794,-0.014502112195904335
-3.7212348137273725,-1.2404363764859794,-0.02793677958762497
-3.6178671800127233,-1.2404363764859794,-0.035775534020003975
-3.514499546298074,-1.2404363764859794,-0.03666425980631998
-3.411131912583425,-1.2404363764859794,-0.03112736403444762
-3.3077642788687753,-1.2404363764859794,-0.021504627214860312
-3.204396645154126,-1.2404363764859794,-0.011273570218035201
-3.101029011439477,-1.2404363764859794,-0.003951252718817029
-2.9976613777248278,-1.2404363764859794,-0.0019307297862910246
-2.8942937440101786,-1.2404363764859794,-0.005650210836898318
-2.790926110295529,-1.2404363764859794,-0.013396543067855208
-2.6875584765808798,-1.2404363764859794,-0.021837501492124156
-2.5841908428662306,-1.2404363764859794,-0.02712863532444302
-2.4808232091515814,-1.2404363764859794,-0.026236328974176926
-2.3774555754369326,-1.2404363764859794,-0.018032387701744004
-2.2740879417222835,-1.2404363764859794,-0.0037805187471390213
-2.1707203080076334,-1.2404363764859794,0.013167117184457093
-2.067352674292984,-1.2404363764859794,0.02838017290628272
-1.9639850405783352,-1.2404363764859794,0.037742469271085426
-1.8606174068636863,-1.2404363764859794,0.0387673943095315
-1.757249773149037,-1.2404363764859794,0.03139827373208719
-1.6538821394343879,-1.2404363764859794,0.018026500858145934
-1.550514505719738,-1.2404363764859794,0.0027233862658117415
-1.447146872005089,-1.2404363764859794,-0.010053067770412998
-1.3437792382904399,-1.2404363764859794,-0.01683960285664043
-1.2404116045757907,-1.2404363764859794,-0.016175414647724956
-1.1370439708611417,-1.2404363764859794,-0.00890846774202514
-1.0336763371464925,-1.2404363764859794,0.0022805855641155432
-0.9303087034318435,-1.2404363764859794,0.013945268671134294
-0.8269410697171936,-1.2404363764859794,0.023136525781166473
-0.7235734360025445,-1.2404363764859794,0.02840635480919549
-0.6202058022878953,-1.2404363764859794,0.030197028998189844
-0.5168381685732463,-1.2404363764859794,0.030488967054347206
-0.4134705348585972,-1.2404363764859794,0.03185342423895903
-0.31010290114394806,-1.2404363764859794,0.03627645434362557
-0.2067352674292982,-1.2404363764859794,0.04420807349040146
-0.1033676337146491,-1.2404363764859794,0.05421213499007293
0.,-1.2404363764859794,0.06337423943563496
0.1033676337146491,-1.2404363764859794,0.06834390299054084
0.2067352674292982,-1.2404363764859794,0.06664404164195824
0.31010290114394734,-1.2404363764859794,0.05776481585122514
0.4134705348585964,-1.2404363764859794,0.0436155252077719
0.5168381685732455,-1.2404363764859794,0.028122252189978207
0.6202058022878947,-1.2404363764859794,0.01605840099844859
0.7235734360025438,-1.2404363764859794,0.011475896940941605
0.8269410697171944,-1.2404363764859794,0.01626618307543634
0.9303087034318435,-1.2404363764859794,0.029361222528629886
1.0336763371464925,-1.2404363764859794,0.04688618100485923
1.1370439708611417,-1.2404363764859794,0.06326092311009394
1.2404116045757907,-1.2404363764859794,0.0729226001325565
1.3437792382904399,-1.2404363764859794,0.07211834875727736
1.447146872005089,-1.2404363764859794,0.06017491753193639
1.550514505719738,-1.2404363764859794,0.03980980777040106
1.6538821394343872,-1.2404363764859794,0.0163570249475149
1.7572497731490362,-1.2404363764859794,-0.003861826422478045
1.8606174068636854,-1.2404363764859794,-0.015503599449036365
1.9639850405783346,-1.2404363764859794,-0.01587105061956747
2.0673526742929837,-1.2404363764859794,-0.005737954640998059
2.1707203080076343,-1.2404363764859794,0.010938322888129848
2.2740879417222835,-1.2404363764859794,0.028322275293727387
2.3774555754369326,-1.2404363764859794,0.04059473297936455
2.4808232091515814,-1.2404363764859794,0.04381492636421269
2.5841908428662306,-1.2404363764859794,0.037142536410854826
2.6875584765808798,-1.2404363764859794,0.02302730268618303
2.790926110295529,-1.2404363764859794,0.006317739880789185
2.894293744010178,-1.2404363764859794,-0.007402143061841316
2.997661377724827,-1.2404363764859794,-0.013687850792939053
3.101029011439476,-1.2404363764859794,-0.01069843351319864
3.2043966451541253,-1.2404363764859794,0.000227744317437605
3.3077642788687744,-1.2404363764859794,0.015060550549506635
3.411131912583425,-1.2404363764859794,0.02844805306891005
3.514499546298074,-1.2404363764859794,0.03549822730585932
3.6178671800127233,-1.2404363764859794,0.03337408710677738
3.7212348137273725,-1.2404363764859794,0.022178464245149975
3.8246024474420213,-1.2404363764859794,0.004852707695638282
3.9279700811566705,-1.2404363764859794,-0.013851508571002655
4.031337714871319,-1.2404363764859794,-0.02896063262366799
4.134705348585968,-1.2404363764859794,-0.03688417651959881
4.238072982300618,-1.2404363764859794,-0.03650230984030966
4.341440616015267,-1.2404363764859794,-0.029391433147087864
4.444808249729916,-1.2404363764859794,-0.019143138409123638
4.548175883444565,-1.2404363764859794,-0.010038549277418684
4.651543517159214,-1.2404363764859794,-0.0055490129014395505
4.754911150873865,-1.2404363764859794,-0.007177162259346317
4.858278784588514,-1.2404363764859794,-0.014019461629738985
4.961646418303163,-1.2404363764859794,-0.023172816811896497
5.065014052017812,-1.2404363764859794,-0.0308156480138122
5.168381685732461,-1.2404363764859794,-0.03356900513868132
5.27174931944711,-1.2404363764859794,-0.029660959071548733
5.3751169531617595,-1.2404363764859794,-0.019501621635275287
5.478484586876409,-1.2404363764859794,-0.0054926625472869065
5.581852220591058,-1.2404363764859794,0.008834722313047072
5.685219854305707,-1.2404363764859794,0.020030878668367086
5.788587488020356,-1.2404363764859794,0.02585619597970054
5.8919551217350055,-1.2404363764859794,0.025939980957571294
5.995322755449654,-1.2404363764859794,0.02176047437475835
6.098690389164305,-1.2404363764859794,0.015981672005078038
6.202058022878954,-1.2404363764859794,0.011406810785939622
6.305425656593603,-1.2404363764859794,0.00993396828612234
6.408793290308252,-1.2404363764859794,0.011885163483983222
-6.408793290308252,-1.1370666784454813,0.005628384489327276
-6.305425656593603,-1.1370666784454813,0.005081888676740145
-6.202058022878954,-1.1370666784454813,0.004677678666117967
-6.098690389164304,-1.1370666784454813,0.003219568367606662
-5.995322755449655,-1.1370666784454813,0.00003675481771352274
-5.8919551217350055,-1.1370666784454813,-0.004827921550113165
-5.788587488020356,-1.1370666784454813,-0.010702781729351636
-5.685219854305708,-1.1370666784454813,-0.016568014353272025
-5.581852220591058,-1.1370666784454813,-0.021392252536038225
-5.478484586876409,-1.1370666784454813,-0.024385903265388104
-5.3751169531617595,-1.1370666784454813,-0.02509105977254031
-5.27174931944711,-1.1370666784454813,-0.023315607148773235
-5.168381685732461,-1.1370666784454813,-0.01899571395655027
-5.065014052017812,-1.1370666784454813,-0.01210215635355681
-4.961646418303163,-1.1370666784454813,-0.0026777796500831955
-4.858278784588514,-1.1370666784454813,0.00898213978398642
-4.754911150873865,-1.1370666784454813,0.02208436183355656
-4.651543517159215,-1.1370666784454813,0.0351667554128105
-4.548175883444566,-1.1370666784454813,0.04614420333970747
-4.444808249729917,-1.1370666784454813,0.052647622202418844
-4.341440616015267,-1.1370666784454813,0.052617882172468336
-4.238072982300618,-1.1370666784454813,0.04499583400436133
-4.134705348585968,-1.1370666784454813,0.030272649292543325
-4.031337714871319,-1.1370666784454813,0.010668765794334914
-3.9279700811566705,-1.1370666784454813,-0.010195630375191249
-3.8246024474420213,-1.1370666784454813,-0.028115177122702846
-3.7212348137273725,-1.1370666784454813,-0.0394016172832336
-3.6178671800127233,-1.1370666784454813,-0.041951613584445005
-3.514499546298074,-1.1370666784454813,-0.03593247966332968
-3.411131912583425,-1.1370666784454813,-0.023830694955327074
-3.3077642788687753,-1.1370666784454813,-0.009796249166833195
-3.204396645154126,-1.1370666784454813,0.001558078319375716
-3.101029011439477,-1.1370666784454813,0.00655452008776006
-2.9976613777248278,-1.1370666784454813,0.0036123522744334886
-2.8942937440101786,-1.1370666784454813,-0.006204818885100149
-2.790926110295529,-1.1370666784454813,-0.01945392827163994
-2.6875584765808798,-1.1370666784454813,-0.031332740632841846
-2.5841908428662306,-1.1370666784454813,-0.03715403797903197
-2.4808232091515814,-1.1370666784454813,-0.033818498193445776
-2.3774555754369326,-1.1370666784454813,-0.020821999638878645
-2.2740879417222835,-1.1370666784454813,-0.00047498580246225613
-2.1707203080076334,-1.1370666784454813,0.022739812351084243
-2.067352674292984,-1.1370666784454813,0.04347032609901487
-1.9639850405783352,-1.1370666784454813,0.05704767181711354
-1.8606174068636863,-1.1370666784454813,0.06080133661519932
-1.757249773149037,-1.1370666784454813,0.054733717838216546
-1.6538821394343879,-1.1370666784454813,0.04136526425174727
-1.550514505719738,-1.1370666784454813,0.02483437151365525
-1.447146872005089,-1.1370666784454813,0.009575316471788532
-1.3437792382904399,-1.1370666784454813,-0.0009772651262941955
-1.2404116045757907,-1.1370666784454813,-0.005238195069116872
-1.1370439708611417,-1.1370666784454813,-0.003627816973030746
-1.0336763371464925,-1.1370666784454813,0.001962531468994095
-0.9303087034318435,-1.1370666784454813,0.009150195344332134
-0.8269410697171936,-1.1370666784454813,0.016092407839948603
-0.7235734360025445,-1.1370666784454813,0.022172764076576843
-0.6202058022878953,-1.1370666784454813,0.028089114165163576
-0.5168381685732463,-1.1370666784454813,0.035324114567322276
-0.4134705348585972,-1.1370666784454813,0.045221568383755247
-0.31010290114394806,-1.1370666784454813,0.058051412573670504
-0.2067352674292982,-1.1370666784454813,0.0724635365471039
-0.1033676337146491,-1.1370666784454813,0.08559604068646684
0.,-1.1370666784454813,0.09386257435400017
0.1033676337146491,-1.1370666784454813,0.09418132632405372
0.2067352674292982,-1.1370666784454813,0.08522050612728643
0.31010290114394734,-1.1370666784454813,0.06819346160079096
0.4134705348585964,-1.1370666784454813,0.046862719263732276
0.5168381685732455,-1.1370666784454813,0.02666892000693694
0.6202058022878947,-1.1370666784454813,0.013202898511849267
0.7235734360025438,-1.1370666784454813,0.010482825877003056
0.8269410697171944,-1.1370666784454813,0.019595817333545665
0.9303087034318435,-1.1370666784454813,0.03817467699945278
1.0336763371464925,-1.1370666784454813,0.06092825322376142
1.1370439708611417,-1.1370666784454813,0.08110761993972211
1.2404116045757907,-1.1370666784454813,0.0924803443535956
1.3437792382904399,-1.1370666784454813,0.09120592946139663
1.447146872005089,-1.1370666784454813,0.07702019399476336
1.550514505719738,-1.1370666784454813,0.05334443297325579
1.6538821394343872,-1.1370666784454813,0.026271814660837434
1.7572497731490362,-1.1370666784454813,0.002740099608315386
1.8606174068636854,-1.1370666784454813,-0.011540027304533447
1.9639850405783346,-1.1370666784454813,-0.013753605013083658
2.0673526742929837,-1.1370666784454813,-0.004729803056472387
2.1707203080076343,-1.1370666784454813,0.011450840602303105
2.2740879417222835,-1.1370666784454813,0.028845629085863283
2.3774555754369326,-1.1370666784454813,0.04157492006654207
2.4808232091515814,-1.1370666784454813,0.04565943094878221
2.5841908428662306,-1.1370666784454813,0.0401861582869913
2.6875584765808798,-1.1370666784454813,0.027448049274370157
2.790926110295529,-1.1370666784454813,0.012042063881492955
2.894293744010178,-1.1370666784454813,-0.000752014420331655
2.997661377724827,-1.1370666784454813,-0.006764092939317241
3.101029011439476,-1.1370666784454813,-0.004307895940814559
3.2043966451541253,-1.1370666784454813,0.005301185239102032
3.3077642788687744,-1.1370666784454813,0.0182311039912813
3.411131912583425,-1.1370666784454813,0.029435795830303174
3.514499546298074,-1.1370666784454813,0.034327938571371425
3.6178671800127233,-1.1370666784454813,0.03026607860032559
3.7212348137273725,-1.1370666784454813,0.017377538215890886
3.8246024474420213,-1.1370666784454813,-0.0015296392483393033
3.9279700811566705,-1.1370666784454813,-0.021907026368403974
4.031337714871319,-1.1370666784454813,-0.03892382009922868
4.134705348585968,-1.1370666784454813,-0.04895158755000826
4.238072982300618,-1.1370666784454813,-0.050595605447893856
4.341440616015267,-1.1370666784454813,-0.04496093788348398
4.444808249729916,-1.1370666784454813,-0.035105515688293724
4.548175883444565,-1.1370666784454813,-0.024901101271275483
4.651543517159214,-1.1370666784454813,-0.01770678315358316
4.754911150873865,-1.1370666784454813,-0.015301045370918991
4.858278784588514,-1.1370666784454813,-0.01740996567716807
4.961646418303163,-1.1370666784454813,-0.021953721826335412
5.065014052017812,-1.1370666784454813,-0.02588833509413927
5.168381685732461,-1.1370666784454813,-0.02632803966696213
5.27174931944711,-1.1370666784454813,-0.021557438582837075
5.3751169531617595,-1.1370666784454813,-0.011601408727789104
5.478484586876409,-1.1370666784454813,0.0018123964982417447
5.581852220591058,-1.1370666784454813,0.01585085397068002
5.685219854305707,-1.1370666784454813,0.027500835579330866
5.788587488020356,-1.1370666784454813,0.03449652839941764
5.8919551217350055,-1.1370666784454813,0.03594382437757266
5.995322755449654,-1.1370666784454813,0.03246005723317634
6.098690389164305,-1.1370666784454813,0.025823287344857594
6.202058022878954,-1.1370666784454813,0.018290178926771296
6.305425656593603,-1.1370666784454813,0.011839267292614789
6.408793290308252,-1.1370666784454813,0.007598163279244824
-6.408793290308252,-1.0336969804049831,-0.0029558625007136993
-6.305425656593603,-1.0336969804049831,-0.008646916956907743
-6.202058022878954,-1.0336969804049831,-0.011404516337033505
-6.098690389164304,-1.0336969804049831,-0.011439452564204882
-5.995322755449655,-1.0336969804049831,-0.009528984700356038
-5.8919551217350055,-1.0336969804049831,-0.006856511262093255
-5.788587488020356,-1.0336969804049831,-0.004763958239232989
-5.685219854305708,-1.0336969804049831,-0.004438098103105963
-5.581852220591058,-1.0336969804049831,-0.00657707060212838
-5.478484586876409,-1.0336969804049831,-0.011111973944331627
-5.3751169531617595,-1.0336969804049831,-0.017074963539563077
-5.27174931944711,-1.0336969804049831,-0.022694090905434075
-5.168381685732461,-1.0336969804049831,-0.02574847522972585
-5.065014052017812,-1.0336969804049831,-0.024141710391051757
-4.961646418303163,-1.0336969804049831,-0.016567762111360962
-4.858278784588514,-1.0336969804049831,-0.0030820834825234667
-4.754911150873865,-1.0336969804049831,0.014620238628749086
-4.651543517159215,-1.0336969804049831,0.033362649855365224
-4.548175883444566,-1.0336969804049831,0.04911086408604688
-4.444808249729917,-1.0336969804049831,0.05794743543577858
-4.341440616015267,-1.0336969804049831,0.057153335489124664
-4.238072982300618,-1.0336969804049831,0.046084640025183324
-4.134705348585968,-1.0336969804049831,0.02655653663070173
-4.031337714871319,-1.0336969804049831,0.0025664815743789036
-3.9279700811566705,-1.0336969804049831,-0.020625252932687174
-3.8246024474420213,-1.0336969804049831,-0.03784033102365175
-3.7212348137273725,-1.0336969804049831,-0.045386834154262506
-3.6178671800127233,-1.0336969804049831,-0.042112551241430755
-3.514499546298074,-1.0336969804049831,-0.02977606167574559
-3.411131912583425,-1.0336969804049831,-0.012592731682953657
-3.3077642788687753,-1.0336969804049831,0.0039441782913685695
-3.204396645154126,-1.0336969804049831,0.01464318460140672
-3.101029011439477,-1.0336969804049831,0.016137823539953876
-2.9976613777248278,-1.0336969804049831,0.007899599426505881
-2.8942937440101786,-1.0336969804049831,-0.007569845965062629
-2.790926110295529,-1.0336969804049831,-0.025435487252554356
-2.6875584765808798,-1.0336969804049831,-0.039915256501721647
-2.5841908428662306,-1.0336969804049831,-0.045947442348663305
-2.4808232091515814,-1.0336969804049831,-0.040645905956088225
-2.3774555754369326,-1.0336969804049831,-0.024116857694234585
-2.2740879417222835,-1.0336969804049831,0.0005914299206739707
-2.1707203080076334,-1.0336969804049831,0.028369170448637557
-2.067352674292984,-1.0336969804049831,0.05347021121250065
-1.9639850405783352,-1.0336969804049831,0.07104220409454615
-1.8606174068636863,-1.0336969804049831,0.07831005055392674
-1.757249773149037,-1.0336969804049831,0.07509054069102537
-1.6538821394343879,-1.0336969804049831,0.06354146806257574
-1.550514505719738,-1.0336969804049831,0.047293049595520976
-1.447146872005089,-1.0336969804049831,0.03029230651826556
-1.3437792382904399,-1.0336969804049831,0.01575409110345329
-1.2404116045757907,-1.0336969804049831,0.005539674660194234
-1.1370439708611417,-1.0336969804049831,0.00010604206676307747
-1.0336763371464925,-1.0336969804049831,-0.0010475102319423312
-0.9303087034318435,-1.0336969804049831,0.0013139382932379562
-0.8269410697171936,-1.0336969804049831,0.006775116523138257
-0.7235734360025445,-1.0336969804049831,0.01553152755700307
-0.6202058022878953,-1.0336969804049831,0.02818073282248466
-0.5168381685732463,-1.0336969804049831,0.04513123857866155
-0.4134705348585972,-1.0336969804049831,0.06588906596077941
-0.31010290114394806,-1.0336969804049831,0.08855717584920597
-0.2067352674292982,-1.0336969804049831,0.10982815493471791
-0.1033676337146491,-1.0336969804049831,0.12558075975056185
0.,-1.0336969804049831,0.13196370628748363
0.1033676337146491,-1.0336969804049831,0.12664653336579845
0.2067352674292982,-1.0336969804049831,0.10981370660094489
0.31010290114394734,-1.0336969804049831,0.08451853619190178
0.4134705348585964,-1.0336969804049831,0.056193246025936054
0.5168381685732455,-1.0336969804049831,0.031376830318550764
0.6202058022878947,-1.0336969804049831,0.015987035054820554
0.7235734360025438,-1.0336969804049831,0.013636913680575916
0.8269410697171944,-1.0336969804049831,0.024516678179376382
0.9303087034318435,-1.0336969804049831,0.045213828248884494
1.0336763371464925,-1.0336969804049831,0.06957001881475967
1.1370439708611417,-1.0336969804049831,0.09035626873245775
1.2404116045757907,-1.0336969804049831,0.10128969370174763
1.3437792382904399,-1.0336969804049831,0.09879920764948555
1.447146872005089,-1.0336969804049831,0.08301436901201852
1.550514505719738,-1.0336969804049831,0.05768243447000437
1.6538821394343872,-1.0336969804049831,0.029042578268306175
1.7572497731490362,-1.0336969804049831,0.004001774373668863
1.8606174068636854,-1.0336969804049831,-0.011834993189000848
1.9639850405783346,-1.0336969804049831,-0.015691525862922957
2.0673526742929837,-1.0336969804049831,-0.008261568086128641
2.1707203080076343,-1.0336969804049831,0.006698196913840249
2.2740879417222835,-1.0336969804049831,0.023661451431705012
2.3774555754369326,-1.0336969804049831,0.037083819259361314
2.4808232091515814,-1.0336969804049831,0.04305889625140055
2.5841908428662306,-1.0336969804049831,0.040375425976586825
2.6875584765808798,-1.0336969804049831,0.03067824839093182
2.790926110295529,-1.0336969804049831,0.017727351580043838
2.894293744010178,-1.0336969804049831,0.0060319070845024515
2.997661377724827,-1.0336969804049831,-0.0006794870677667213
3.101029011439476,-1.0336969804049831,-0.0006598083077041981
3.2043966451541253,-1.0336969804049831,0.005350916121950133
3.3077642788687744,-1.0336969804049831,0.014445803434667169
3.411131912583425,-1.0336969804049831,0.022559513778891198
3.514499546298074,-1.0336969804049831,0.025815356681164334
3.6178671800127233,-1.0336969804049831,0.02177023106726694
3.7212348137273725,-1.0336969804049831,0.010169341401001935
3.8246024474420213,-1.0336969804049831,-0.007004122975259015
3.9279700811566705,-1.0336969804049831,-0.02616672414721871
4.031337714871319,-1.0336969804049831,-0.04322782335512359
4.134705348585968,-1.0336969804049831,-0.054776628310005064
4.238072982300618,-1.0336969804049831,-0.05899425516488722
4.341440616015267,-1.0336969804049831,-0.05603084783418311
4.444808249729916,-1.0336969804049831,-0.047771517364771185
4.548175883444565,-1.0336969804049831,-0.037109928800873784
4.651543517159214,-1.0336969804049831,-0.026991961554602765
4.754911150873865,-1.0336969804049831,-0.01954207664069306
4.858278784588514,-1.0336969804049831,-0.015532987739319671
4.961646418303163,-1.0336969804049831,-0.014329673403082416
5.065014052017812,-1.0336969804049831,-0.014279393901112025
5.168381685732461,-1.0336969804049831,-0.01338350098917048
5.27174931944711,-1.0336969804049831,-0.010015476996028994
5.3751169531617595,-1.0336969804049831,-0.0034591839521711165
5.478484586876409,-1.0336969804049831,0.005879640456057724
5.581852220591058,-1.0336969804049831,0.01661972918954759
5.685219854305707,-1.0336969804049831,0.02682787649692588
5.788587488020356,-1.0336969804049831,0.03456647316795828
5.8919551217350055,-1.0336969804049831,0.038395665868124755
5.995322755449654,-1.0336969804049831,0.037698239723690116
6.098690389164305,-1.0336969804049831,0.032765869862065505
6.202058022878954,-1.0336969804049831,0.02466105575114796
6.305425656593603,-1.0336969804049831,0.01492506272942436
6.408793290308252,-1.0336969804049831,0.00522526848747433
-6.408793290308252,-0.9303272823644849,-0.008361438748226282
-6.305425656593603,-0.9303272823644849,-0.018717523685732547
-6.202058022878954,-0.9303272823644849,-0.02434846170401185
-6.098690389164304,-0.9303272823644849,-0.02439778983774824
-5.995322755449655,-0.9303272823644849,-0.019447903156595604
-5.8919551217350055,-0.9303272823644849,-0.011435445924225296
-5.788587488020356,-0.9303272823644849,-0.003171152499316022
-5.685219854305708,-0.9303272823644849,0.0024360227177121193
-5.581852220591058,-0.9303272823644849,0.0032507061426594094
-5.478484586876409,-0.9303272823644849,-0.001372416908906145
-5.3751169531617595,-0.9303272823644849,-0.010259197669715394
-5.27174931944711,-0.9303272823644849,-0.020612200651943365
-5.168381685732461,-0.9303272823644849,-0.028724565593427953
-5.065014052017812,-0.9303272823644849,-0.03104420983878671
-4.961646418303163,-0.9303272823644849,-0.025297345727253843
-4.858278784588514,-0.9303272823644849,-0.011334892663625027
-4.754911150873865,-0.9303272823644849,0.008580028006711286
-4.651543517159215,-0.9303272823644849,0.030178865476277007
-4.548175883444566,-0.9303272823644849,0.04822379858749539
-4.444808249729917,-0.9303272823644849,0.05791266297325301
-4.341440616015267,-0.9303272823644849,0.05626207673407143
-4.238072982300618,-0.9303272823644849,0.043058929277270425
-4.134705348585968,-0.9303272823644849,0.021074853008881112
-4.031337714871319,-0.9303272823644849,-0.0045585125290811815
-3.9279700811566705,-0.9303272823644849,-0.02767100272937155
-3.8246024474420213,-0.9303272823644849,-0.04271670681914642
-3.7212348137273725,-0.9303272823644849,-0.046307902648967836
-3.6178671800127233,-0.9303272823644849,-0.03817246153213144
-3.514499546298074,-0.9303272823644849,-0.021244407033069186
-3.411131912583425,-0.9303272823644849,-0.0008455776526821318
-3.3077642788687753,-0.9303272823644849,0.016817741729621825
-3.204396645154126,-0.9303272823644849,0.026416080617423003
-3.101029011439477,-0.9303272823644849,0.025010547903752872
-2.9976613777248278,-0.9303272823644849,0.01288520379958435
-2.8942937440101786,-0.9303272823644849,-0.006535731536962262
-2.790926110295529,-0.9303272823644849,-0.02765150114620402
-2.6875584765808798,-0.9303272823644849,-0.04424025497465309
-2.5841908428662306,-0.9303272823644849,-0.05115272464199323
-2.4808232091515814,-0.9303272823644849,-0.045664083039422675
-2.3774555754369326,-0.9303272823644849,-0.028120231308753074
-2.2740879417222835,-0.9303272823644849,-0.0017342081229877143
-2.1707203080076334,-0.9303272823644849,0.02835945098867286
-2.067352674292984,-0.9303272823644849,0.056478148971925095
-1.9639850405783352,-0.9303272823644849,0.07777864549606027
-1.8606174068636863,-0.9303272823644849,0.08927687455965
-1.757249773149037,-0.9303272823644849,0.09026444413093931
-1.6538821394343879,-0.9303272823644849,0.08209184447433095
-1.550514505719738,-0.9303272823644849,0.06748361322852212
-1.447146872005089,-0.9303272823644849,0.04967232888633252
-1.3437792382904399,-0.9303272823644849,0.03165141264360942
-1.2404116045757907,-0.9303272823644849,0.015755290680703922
-1.1370439708611417,-0.9303272823644849,0.003619568348371269
-1.0336763371464925,-0.9303272823644849,-0.0035855252226446644
-0.9303087034318435,-0.9303272823644849,-0.0048582682253794016
-0.8269410697171936,-0.9303272823644849,0.0007754460021735884
-0.7235734360025445,-0.9303272823644849,0.014113255777738256
-0.6202058022878953,-0.9303272823644849,0.03535044621749544
-0.5168381685732463,-0.9303272823644849,0.0635392721836129
-0.4134705348585972,-0.9303272823644849,0.09618800789552284
-0.31010290114394806,-0.9303272823644849,0.1292486223723816
-0.2067352674292982,-0.9303272823644849,0.15763290661763446
-0.1033676337146491,-0.9303272823644849,0.17621715416996708
0.,-0.9303272823644849,0.18110597558438354
0.1033676337146491,-0.9303272823644849,0.17079487648267036
0.2067352674292982,-0.9303272823644849,0.14685088003470784
0.31010290114394734,-0.9303272823644849,0.11383745262789166
0.4134705348585964,-0.9303272823644849,0.07841827021213743
0.5168381685732455,-0.9303272823644849,0.04782208850715728
0.6202058022878947,-0.9303272823644849,0.028059762104151887
0.7235734360025438,-0.9303272823644849,0.022384814543180843
0.8269410697171944,-0.9303272823644849,0.03044354018891579
0.9303087034318435,-0.9303272823644849,0.048377414667992544
1.0336763371464925,-0.9303272823644849,0.0698716266744468
1.1370439708611417,-0.9303272823644849,0.08786921664022557
1.2404116045757907,-0.9303272823644849,0.09647433111465958
1.3437792382904399,-0.9303272823644849,0.09251109134032867
1.447146872005089,-0.9303272823644849,0.07630479213140497
1.550514505719738,-0.9303272823644849,0.05147961281716029
1.6538821394343872,-0.9303272823644849,0.02385287041413125
1.7572497731490362,-0.9303272823644849,-0.00023611824398419193
1.8606174068636854,-0.9303272823644849,-0.01567098159647512
1.9639850405783346,-0.9303272823644849,-0.019880159662703928
2.0673526742929837,-0.9303272823644849,-0.013379550727785794
2.1707203080076343,-0.9303272823644849,0.0005797586352689119
2.2740879417222835,-0.9303272823644849,0.017109390375323094
2.3774555754369326,-0.9303272823644849,0.031168442256911514
2.4808232091515814,-0.9303272823644849,0.038982705759630004
2.5841908428662306,-0.9303272823644849,0.038990836032706734
2.6875584765808798,-0.9303272823644849,0.03207331453383077
2.790926110295529,-0.9303272823644849,0.02104674662195934
2.894293744010178,-0.9303272823644849,0.009624648930245503
2.997661377724827,-0.9303272823644849,0.0011912401313348326
3.101029011439476,-0.9303272823644849,-0.0022324332432444123
3.2043966451541253,-0.9303272823644849,-0.0005332950141871847
3.3077642788687744,-0.9303272823644849,0.004569024076792979
3.411131912583425,-0.9303272823644849,0.010154870301887652
3.514499546298074,-0.9303272823644849,0.013070471867018756
3.6178671800127233,-0.9303272823644849,0.010919369683804244
3.7212348137273725,-0.9303272823644849,0.0027853184690957568
3.8246024474420213,-0.9303272823644849,-0.010508194251168808
3.9279700811566705,-0.9303272823644849,-0.026648127223031386
4.031337714871319,-0.9303272823644849,-0.042488047480633
4.134705348585968,-0.9303272823644849,-0.05489902622181853
4.238072982300618,-0.9303272823644849,-0.06156628621450631
4.341440616015267,-0.9303272823644849,-0.061518809601880435
4.444808249729916,-0.9303272823644849,-0.055271403825771254
4.548175883444565,-0.9303272823644849,-0.04457506939233365
4.651543517159214,-0.9303272823644849,-0.03187676533814241
4.754911150873865,-0.9303272823644849,-0.019656190203880056
4.858278784588514,-0.9303272823644849,-0.009821798767838796
4.961646418303163,-0.9303272823644849,-0.0033138446513604467
5.065014052017812,-0.9303272823644849,5.617977509493044e-6
5.168381685732461,-0.9303272823644849,0.0011752735799289505
5.27174931944711,-0.9303272823644849,0.0017390687363022979
5.3751169531617595,-0.9303272823644849,0.0032476484157718455
5.478484586876409,-0.9303272823644849,0.006786145468523153
5.581852220591058,-0.9303272823644849,0.01264268201062149
5.685219854305707,-0.9303272823644849,0.020194110309524116
5.788587488020356,-0.9303272823644849,0.02803438810835979
5.8919551217350055,-0.9303272823644849,0.03431644966175222
5.995322755449654,-0.9303272823644849,0.037229823467332834
6.098690389164305,-0.9303272823644849,0.035502032415941256
6.202058022878954,-0.9303272823644849,0.028799285927895456
6.305425656593603,-0.9303272823644849,0.01791619417760305
6.408793290308252,-0.9303272823644849,0.00468613905671557
-6.408793290308252,-0.8269575843239868,-0.010132484750523836
-6.305425656593603,-0.8269575843239868,-0.023436157763541982
-6.202058022878954,-0.8269575843239868,-0.03163793205741291
-6.098690389164304,-0.8269575843239868,-0.033044782785486115
-5.995322755449655,-0.8269575843239868,-0.027811803852087372
-5.8919551217350055,-0.8269575843239868,-0.017963699863222354
-5.788587488020356,-0.8269575843239868,-0.006851857256396503
-5.685219854305708,-0.8269575843239868,0.0018206023538906476
-5.581852220591058,-0.8269575843239868,0.005131454719940851
-5.478484586876409,-0.8269575843239868,0.0018893454056287439
-5.3751169531617595,-0.8269575843239868,-0.006903599803453542
-5.27174931944711,-0.8269575843239868,-0.01824852799776043
-5.168381685732461,-0.8269575843239868,-0.02798372769949048
-5.065014052017812,-0.8269575843239868,-0.0320346516846759
-4.961646418303163,-0.8269575843239868,-0.027717790946864575
-4.858278784588514,-0.8269575843239868,-0.014699370025261543
-4.754911150873865,-0.8269575843239868,0.004705373221866576
-4.651543517159215,-0.8269575843239868,0.026020572515010217
-4.548175883444566,-0.8269575843239868,0.04377976990297057
-4.444808249729917,-0.8269575843239868,0.053059365496327775
-4.341440616015267,-0.8269575843239868,0.05093338065918707
-4.238072982300618,-0.8269575843239868,0.03741334193197386
-4.134705348585968,-0.8269575843239868,0.01557541907410731
-4.031337714871319,-0.8269575843239868,-0.009190456689848314
-3.9279700811566705,-0.8269575843239868,-0.03061613953390077
-3.8246024474420213,-0.8269575843239868,-0.043275318760435194
-3.7212348137273725,-0.8269575843239868,-0.044096476460661616
-3.6178671800127233,-0.8269575843239868,-0.03323044250819237
-3.514499546298074,-0.8269575843239868,-0.014017839740296634
-3.411131912583425,-0.8269575843239868,0.007938500134370894
-3.3077642788687753,-0.8269575843239868,0.026332553272102675
-3.204396645154126,-0.8269575843239868,0.03590174078925263
-3.101029011439477,-0.8269575843239868,0.03386842803530733
-2.9976613777248278,-0.8269575843239868,0.020678680506887006
-2.8942937440101786,-0.8269575843239868,-0.00015088342291430862
-2.790926110295529,-0.8269575843239868,-0.023009894667636144
-2.6875584765808798,-0.8269575843239868,-0.041697538970548176
-2.5841908428662306,-0.8269575843239868,-0.051021323669592916
-2.4808232091515814,-0.8269575843239868,-0.048056807792807195
-2.3774555754369326,-0.8269575843239868,-0.032755253531269395
-2.2740879417222835,-0.8269575843239868,-0.007789352917530221
-2.1707203080076334,-0.8269575843239868,0.02225364742511766
-2.067352674292984,-0.8269575843239868,0.05205367559151093
-1.9639850405783352,-0.8269575843239868,0.07676560070183003
-1.8606174068636863,-0.8269575843239868,0.09294334208749229
-1.757249773149037,-0.8269575843239868,0.09899690997045574
-1.6538821394343879,-0.8269575843239868,0.09516324710520495
-1.550514505719738,-0.8269575843239868,0.08311662571730297
-1.447146872005089,-0.8269575843239868,0.06542398165503044
-1.3437792382904399,-0.8269575843239868,0.0450455084454971
-1.2404116045757907,-0.8269575843239868,0.025003223600120007
-1.1370439708611417,-0.8269575843239868,0.008227685398959666
-1.0336763371464925,-0.8269575843239868,-0.002506141143191063
-0.9303087034318435,-0.8269575843239868,-0.004687956276362716
-0.8269410697171936,-0.8269575843239868,0.0036669316074971993
-0.7235734360025445,-0.8269575843239868,0.023586193605412725
-0.6202058022878953,-0.8269575843239868,0.05463336826229136
-0.5168381685732463,-0.8269575843239868,0.09451035597618036
-0.4134705348585972,-0.8269575843239868,0.13898081257860012
-0.31010290114394806,-0.8269575843239868,0.1822676321056777
-0.2067352674292982,-0.8269575843239868,0.21794659866462532
-0.1033676337146491,-0.8269575843239868,0.24019357801530614
0.,-0.8269575843239868,0.24509955818767437
0.1033676337146491,-0.8269575843239868,0.23169893199476788
0.2067352674292982,-0.8269575843239868,0.2023929634600335
0.31010290114394734,-0.8269575843239868,0.16259060211896964
0.4134705348585964,-0.8269575843239868,0.11959658520568071
0.5168381685732455,-0.8269575843239868,0.08099186306336992
0.6202058022878947,-0.8269575843239868,0.05290796486756198
0.7235734360025438,-0.8269575843239868,0.03864446670200902
0.8269410697171944,-0.8269575843239868,0.03799853291089826
0.9303087034318435,-0.8269575843239868,0.04748740373891882
1.0336763371464925,-0.8269575843239868,0.06140167917399407
1.1370439708611417,-0.8269575843239868,0.07339959392472997
1.2404116045757907,-0.8269575843239868,0.07820646380461051
1.3437792382904399,-0.8269575843239868,0.07296124490394969
1.447146872005089,-0.8269575843239868,0.057859064518672565
1.550514505719738,-0.8269575843239868,0.03594201483894859
1.6538821394343872,-0.8269575843239868,0.012130100016601619
1.7572497731490362,-0.8269575843239868,-0.008209541638842893
1.8606174068636854,-0.8269575843239868,-0.020742031586102886
1.9639850405783346,-0.8269575843239868,-0.023285373646530768
2.0673526742929837,-0.8269575843239868,-0.016284717208405762
2.1707203080076343,-0.8269575843239868,-0.002547215070857041
2.2740879417222835,-0.8269575843239868,0.013645339220047709
2.3774555754369326,-0.8269575843239868,0.02776352838938523
2.4808232091515814,-0.8269575843239868,0.03623817101244102
2.5841908428662306,-0.8269575843239868,0.037319191755198176
2.6875584765808798,-0.8269575843239868,0.03137485167226048
2.790926110295529,-0.8269575843239868,0.02059034048529671
2.894293744010178,-0.8269575843239868,0.008193613024457801
2.997661377724827,-0.8269575843239868,-0.00254272659979488
3.101029011439476,-0.8269575843239868,-0.00923169573868161
3.2043966451541253,-0.8269575843239868,-0.010983167713566938
3.3077642788687744,-0.8269575843239868,-0.008550998867640791
3.411131912583425,-0.8269575843239868,-0.004008040036092577
3.514499546298074,-0.8269575843239868,-0.00006919615217075616
3.6178671800127233,-0.8269575843239868,0.0007316113239157958
3.7212348137273725,-0.8269575843239868,-0.0032196159548839197
3.8246024474420213,-0.8269575843239868,-0.012154562956809441
3.9279700811566705,-0.8269575843239868,-0.024844855351293
4.031337714871319,-0.8269575843239868,-0.038911771317369497
4.134705348585968,-0.8269575843239868,-0.051428119736372756
4.238072982300618,-0.8269575843239868,-0.05964933714306669
4.341440616015267,-0.8269575843239868,-0.0616871771569
4.444808249729916,-0.8269575843239868,-0.05696165198972427
4.548175883444565,-0.8269575843239868,-0.04632667631932227
4.651543517159214,-0.8269575843239868,-0.03184635209011148
4.754911150873865,-0.8269575843239868,-0.016282856412069384
4.858278784588514,-0.8269575843239868,-0.0024248876435520018
4.961646418303163,-0.8269575843239868,0.0075770429846218675
5.065014052017812,-0.8269575843239868,0.012703725389165843
5.168381685732461,-0.8269575843239868,0.013264698167550744
5.27174931944711,-0.8269575843239868,0.010747684468745088
5.3751169531617595,-0.8269575843239868,0.007354956562278259
5.478484586876409,-0.8269575843239868,0.0053440657621286625
5.581852220591058,-0.8269575843239868,0.006346983579171714
5.685219854305707,-0.8269575843239868,0.010855691242062211
5.788587488020356,-0.8269575843239868,0.018026264529912735
5.8919551217350055,-0.8269575843239868,0.025872909910746124
5.995322755449654,-0.8269575843239868,0.03181666576119234
6.098690389164305,-0.8269575843239868,0.033448603736651664
6.202058022878954,-0.8269575843239868,0.02929494442469447
6.305425656593603,-0.8269575843239868,0.019355850499163867
6.408793290308252,-0.8269575843239868,0.005240625602198357
-6.408793290308252,-0.7235878862834879,-0.0086261566774851
-6.305425656593603,-0.7235878862834879,-0.02248533972137305
-6.202058022878954,-0.7235878862834879,-0.03229749417727221
-6.098690389164304,-0.7235878862834879,-0.035966798437738035
-5.995322755449655,-0.7235878862834879,-0.03310364468403083
-5.8919551217350055,-0.7235878862834879,-0.025161910107237805
-5.788587488020356,-0.7235878862834879,-0.015018893326503063
-5.685219854305708,-0.7235878862834879,-0.006106338156505945
-5.581852220591058,-0.7235878862834879,-0.001344350848049849
-5.478484586876409,-0.7235878862834879,-0.002201830068890467
-5.3751169531617595,-0.7235878862834879,-0.008181564941975071
-5.27174931944711,-0.7235878862834879,-0.016908875490510435
-5.168381685732461,-0.7235878862834879,-0.024822514801073583
-5.065014052017812,-0.7235878862834879,-0.02827895894080308
-4.961646418303163,-0.7235878862834879,-0.024744233194109354
-4.858278784588514,-0.7235878862834879,-0.013705716855516857
-4.754911150873865,-0.7235878862834879,0.002993333708186509
-4.651543517159215,-0.7235878862834879,0.021528976820488564
-4.548175883444566,-0.7235878862834879,0.03710199919849073
-4.444808249729917,-0.7235878862834879,0.04529862410321261
-4.341440616015267,-0.7235878862834879,0.043413107239276195
-4.238072982300618,-0.7235878862834879,0.03133578062447962
-4.134705348585968,-0.7235878862834879,0.011726571644155864
-4.031337714871319,-0.7235878862834879,-0.010602406838546746
-3.9279700811566705,-0.7235878862834879,-0.029940505511200345
-3.8246024474420213,-0.7235878862834879,-0.0412240191491957
-3.7212348137273725,-0.7235878862834879,-0.04143800488334505
-3.6178671800127233,-0.7235878862834879,-0.030474521494387674
-3.514499546298074,-0.7235878862834879,-0.011199737528408485
-3.411131912583425,-0.7235878862834879,0.011293325105550062
-3.3077642788687753,-0.7235878862834879,0.031039487319128433
-3.204396645154126,-0.7235878862834879,0.042787898719467185
-3.101029011439477,-0.7235878862834879,0.043385506587647255
-2.9976613777248278,-0.7235878862834879,0.03258794550006578
-2.8942937440101786,-0.7235878862834879,0.013095716989039805
-2.790926110295529,-0.7235878862834879,-0.010168450044284311
-2.6875584765808798,-0.7235878862834879,-0.03132110848309481
-2.5841908428662306,-0.7235878862834879,-0.04496605904115885
-2.4808232091515814,-0.7235878862834879,-0.04744918582786147
-2.3774555754369326,-0.7235878862834879,-0.03761947964272776
-2.2740879417222835,-0.7235878862834879,-0.016950048611014536
-2.1707203080076334,-0.7235878862834879,0.010947609081189589
-2.067352674292984,-0.7235878862834879,0.04123214032906992
-1.9639850405783352,-0.7235878862834879,0.06889812711577857
-1.8606174068636863,-0.7235878862834879,0.0897361805394653
-1.757249773149037,-0.7235878862834879,0.10099878622635636
-1.6538821394343879,-0.7235878862834879,0.10169605650916956
-1.550514505719738,-0.7235878862834879,0.09255504721853136
-1.447146872005089,-0.7235878862834879,0.07574779540932826
-1.3437792382904399,-0.7235878862834879,0.05450999662156905
-1.2404116045757907,-0.7235878862834879,0.032739818320078225
-1.1370439708611417,-0.7235878862834879,0.014608541265562693
-1.0336763371464925,-0.7235878862834879,0.0041630970616296295
-0.9303087034318435,-0.7235878862834879,0.0048815389000038305
-0.8269410697171936,-0.7235878862834879,0.019166740497750977
-0.7235734360025445,-0.7235878862834879,0.04782179827787166
-0.6202058022878953,-0.7235878862834879,0.08961671811264167
-0.5168381685732463,-0.7235878862834879,0.1410973516572681
-0.4134705348585972,-0.7235878862834879,0.19677780852885854
-0.31010290114394806,-0.7235878862834879,0.24978767711078947
-0.2067352674292982,-0.7235878862834879,0.292928865300588
-0.1033676337146491,-0.7235878862834879,0.3199669579686904
0.,-0.7235878862834879,0.32688141535887894
0.1033676337146491,-0.7235878862834879,0.3127656660103395
0.2067352674292982,-0.7235878862834879,0.28012182247994544
0.31010290114394734,-0.7235878862834879,0.23442858032312175
0.4134705348585964,-0.7235878862834879,0.1830419240295528
0.5168381685732455,-0.7235878862834879,0.13366642628644512
0.6202058022878947,-0.7235878862834879,0.09275778671479303
0.7235734360025438,-0.7235878862834879,0.06424639809065472
0.8269410697171944,-0.7235878862834879,0.04889510599131092
0.9303087034318435,-0.7235878862834879,0.04444074177907449
1.0336763371464925,-0.7235878862834879,0.04646313519501939
1.1370439708611417,-0.7235878862834879,0.0497347364257044
1.2404116045757907,-0.7235878862834879,0.04968220060979733
1.3437792382904399,-0.7235878862834879,0.04357194417256678
1.447146872005089,-0.7235878862834879,0.031118777691193665
1.550514505719738,-0.7235878862834879,0.014383803396719406
1.6538821394343872,-0.7235878862834879,-0.0029738525669041325
1.7572497731490362,-0.7235878862834879,-0.016853541476634558
1.8606174068636854,-0.7235878862834879,-0.023939035792249482
1.9639850405783346,-0.7235878862834879,-0.022652046501829632
2.0673526742929837,-0.7235878862834879,-0.01358282052523227
2.1707203080076343,-0.7235878862834879,0.0006966207924257319
2.2740879417222835,-0.7235878862834879,0.01635681228013478
2.3774555754369326,-0.7235878862834879,0.02934974373259381
2.4808232091515814,-0.7235878862834879,0.03646496671861787
2.5841908428662306,-0.7235878862834879,0.036116548445691884
2.6875584765808798,-0.7235878862834879,0.028662771234735554
2.790926110295529,-0.7235878862834879,0.016197186021812297
2.894293744010178,-0.7235878862834879,0.0018946869168566137
2.997661377724827,-0.7235878862834879,-0.010889874884192626
3.101029011439476,-0.7235878862834879,-0.01951866784240762
3.2043966451541253,-0.7235878862834879,-0.02272704297689335
3.3077642788687744,-0.7235878862834879,-0.020878869225932045
3.411131912583425,-0.7235878862834879,-0.015774261257982463
3.514499546298074,-0.7235878862834879,-0.01008134460548726
3.6178671800127233,-0.7235878862834879,-0.006556887798543561
3.7212348137273725,-0.7235878862834879,-0.007266894124111525
3.8246024474420213,-0.7235878862834879,-0.013009167309332416
3.9279700811566705,-0.7235878862834879,-0.02308107010880078
4.031337714871319,-0.7235878862834879,-0.03544423191074355
4.134705348585968,-0.7235878862834879,-0.04723737899760564
4.238072982300618,-0.7235878862834879,-0.055502991548918953
4.341440616015267,-0.7235878862834879,-0.057942690911254
4.444808249729916,-0.7235878862834879,-0.05351108878662044
4.548175883444565,-0.7235878862834879,-0.0426987157838619
4.651543517159214,-0.7235878862834879,-0.027431684467328896
4.754911150873865,-0.7235878862834879,-0.010610862585867164
4.858278784588514,-0.7235878862834879,0.004595927916655708
4.961646418303163,-0.7235878862834879,0.015530883967057816
5.065014052017812,-0.7235878862834879,0.02069340544120459
5.168381685732461,-0.7235878862834879,0.020087525359647786
5.27174931944711,-0.7235878862834879,0.015173711090122232
5.3751169531617595,-0.7235878862834879,0.008431426841333575
5.478484586876409,-0.7235878862834879,0.0026437997354825135
5.581852220591058,-0.7235878862834879,0.00009526889929467732
5.685219854305707,-0.7235878862834879,0.0019039066391467636
5.788587488020356,-0.7235878862834879,0.007680605717843927
5.8919551217350055,-0.7235878862834879,0.015622079090372613
5.995322755449654,-0.7235878862834879,0.023024482032678827
6.098690389164305,-0.7235878862834879,0.02708199062706389
6.202058022878954,-0.7235878862834879,0.025745484493429133
6.305425656593603,-0.7235878862834879,0.018388910448207153
6.408793290308252,-0.7235878862834879,0.006076838191908584
-6.408793290308252,-0.6202181882429897,-0.004632784368270269
-6.305425656593603,-0.6202181882429897,-0.016787430109697587
-6.202058022878954,-0.6202181882429897,-0.027017968730668248
-6.098690389164304,-0.6202181882429897,-0.03328247758982733
-5.995322755449655,-0.6202181882429897,-0.03464321761833835
-5.8919551217350055,-0.6202181882429897,-0.031513682996924475
-5.788587488020356,-0.6202181882429897,-0.025506642761387175
-5.685219854305708,-0.6202181882429897,-0.018919063451368186
-5.581852220591058,-0.6202181882429897,-0.014000909263505968
-5.478484586876409,-0.6202181882429897,-0.012226575003255078
-5.3751169531617595,-0.6202181882429897,-0.013796185368173817
-5.27174931944711,-0.6202181882429897,-0.017533188788478114
-5.168381685732461,-0.6202181882429897,-0.021229489580106096
-5.065014052017812,-0.6202181882429897,-0.022352288342574474
-4.961646418303163,-0.6202181882429897,-0.01890890710536149
-4.858278784588514,-0.6202181882429897,-0.010204587330303012
-4.754911150873865,-0.6202181882429897,0.002754453797101293
-4.651543517159215,-0.6202181882429897,0.01736564344932613
-4.548175883444566,-0.6202181882429897,0.030048061620165732
-4.444808249729917,-0.6202181882429897,0.03722230725897241
-4.341440616015267,-0.6202181882429897,0.03638096602501578
-4.238072982300618,-0.6202181882429897,0.02693446311552698
-4.134705348585968,-0.6202181882429897,0.010565713352329493
-4.031337714871319,-0.6202181882429897,-0.009042389913118122
-3.9279700811566705,-0.6202181882429897,-0.02706573886639133
-3.8246024474420213,-0.6202181882429897,-0.03877091326818552
-3.7212348137273725,-0.6202181882429897,-0.04079062556691124
-3.6178671800127233,-0.6202181882429897,-0.032088205618089005
-3.514499546298074,-0.6202181882429897,-0.014332816396068532
-3.411131912583425,-0.6202181882429897,0.008435692168297341
-3.3077642788687753,-0.6202181882429897,0.030779238055150152
-3.204396645154126,-0.6202181882429897,0.04722235069306486
-3.101029011439477,-0.6202181882429897,0.053644943588235794
-2.9976613777248278,-0.6202181882429897,0.048341513444094736
-2.8942937440101786,-0.6202181882429897,0.03247232015712064
-2.790926110295529,-0.6202181882429897,0.009796228213549129
-2.6875584765808798,-0.6202181882429897,-0.01423512318347077
-2.5841908428662306,-0.6202181882429897,-0.033779429409757616
-2.4808232091515814,-0.6202181882429897,-0.043967682629995355
-2.3774555754369326,-0.6202181882429897,-0.04199576482158307
-2.2740879417222835,-0.6202181882429897,-0.027696390474478323
-2.1707203080076334,-0.6202181882429897,-0.0034883717249634284
-2.067352674292984,-0.6202181882429897,0.026241500868708956
-1.9639850405783352,-0.6202181882429897,0.05613974277976347
-1.8606174068636863,-0.6202181882429897,0.08101783478364874
-1.757249773149037,-0.6202181882429897,0.09686378515195226
-1.6538821394343879,-0.6202181882429897,0.10154546981623973
-1.550514505719738,-0.6202181882429897,0.09511352179073503
-1.447146872005089,-0.6202181882429897,0.0797090313807294
-1.3437792382904399,-0.6202181882429897,0.059153798579668404
-1.2404116045757907,-0.6202181882429897,0.0383349350097639
-1.1370439708611417,-0.6202181882429897,0.02249345001942732
-1.0336763371464925,-0.6202181882429897,0.01650251106898188
-0.9303087034318435,-0.6202181882429897,0.024194477662863655
-0.8269410697171936,-0.6202181882429897,0.04778179501071185
-0.7235734360025445,-0.6202181882429897,0.08742035360675751
-0.6202058022878953,-0.6202181882429897,0.1409779331813686
-0.5168381685732463,-0.6202181882429897,0.20407930301502342
-0.4134705348585972,-0.6202181882429897,0.2704866777054158
-0.31010290114394806,-0.6202181882429897,0.3328297756684625
-0.2067352674292982,-0.6202181882429897,0.38362685095969656
-0.1033676337146491,-0.6202181882429897,0.41645389624469237
0.,-0.6202181882429897,0.42705034253802554
0.1033676337146491,-0.6202181882429897,0.41412329489664956
0.2067352674292982,-0.6202181882429897,0.3796465191795787
0.31010290114394734,-0.6202181882429897,0.328545688365413
0.4134705348585964,-0.6202181882429897,0.2677987049236277
0.5168381685732455,-0.6202181882429897,0.2051244187224193
0.6202058022878947,-0.6202181882429897,0.14754392705054795
0.7235734360025438,-0.6202181882429897,0.10014150074721079
0.8269410697171944,-0.6202181882429897,0.06531036436788996
0.9303087034318435,-0.6202181882429897,0.04264939970987066
1.0336763371464925,-0.6202181882429897,0.02951071483259269
1.1370439708611417,-0.6202181882429897,0.022030162163963887
1.2404116045757907,-0.6202181882429897,0.01635033279082434
1.3437792382904399,-0.6202181882429897,0.009703137808409847
1.447146872005089,-0.6202181882429897,0.0010688760654098822
1.550514505719738,-0.6202181882429897,-0.008743866178084422
1.6538821394343872,-0.6202181882429897,-0.017585036889408844
1.7572497731490362,-0.6202181882429897,-0.022843996952020683
1.8606174068636854,-0.6202181882429897,-0.022445176654782156
1.9639850405783346,-0.6202181882429897,-0.015655697751139144
2.0673526742929837,-0.6202181882429897,-0.0034665095636330903
2.1707203080076343,-0.6202181882429897,0.011559977357233029
2.2740879417222835,-0.6202181882429897,0.025924056445580435
2.3774555754369326,-0.6202181882429897,0.03611361653532903
2.4808232091515814,-0.6202181882429897,0.03954833023306526
2.5841908428662306,-0.6202181882429897,0.035271704359402634
2.6875584765808798,-0.6202181882429897,0.024197333691871502
2.790926110295529,-0.6202181882429897,0.00884640349925418
2.894293744010178,-0.6202181882429897,-0.007341958479693885
2.997661377724827,-0.6202181882429897,-0.020928930386310222
3.101029011439476,-0.6202181882429897,-0.029366808846094637
3.2043966451541253,-0.6202181882429897,-0.03162197609758053
3.3077642788687744,-0.6202181882429897,-0.02837085616504687
3.411131912583425,-0.6202181882429897,-0.021731173374727696
3.514499546298074,-0.6202181882429897,-0.014617380734926544
3.6178671800127233,-0.6202181882429897,-0.00990615183353222
3.7212348137273725,-0.6202181882429897,-0.009640747364636146
3.8246024474420213,-0.6202181882429897,-0.014483334342394062
3.9279700811566705,-0.6202181882429897,-0.023550626064773678
4.031337714871319,-0.6202181882429897,-0.03466284850281959
4.134705348585968,-0.6202181882429897,-0.04492809919051559
4.238072982300618,-0.6202181882429897,-0.05150141059541522
4.341440616015267,-0.6202181882429897,-0.052319730564927364
4.444808249729916,-0.6202181882429897,-0.046627553759358
4.548175883444565,-0.6202181882429897,-0.035166856494398255
4.651543517159214,-0.6202181882429897,-0.01999248043749048
4.754911150873865,-0.6202181882429897,-0.003967600910283074
4.858278784588514,-0.6202181882429897,0.009929236255641039
4.961646418303163,-0.6202181882429897,0.019311359554739758
5.065014052017812,-0.6202181882429897,0.022931716005627954
5.168381685732461,-0.6202181882429897,0.02093942693140996
5.27174931944711,-0.6202181882429897,0.014786549164802975
5.3751169531617595,-0.6202181882429897,0.006812927876093069
5.478484586876409,-0.6202181882429897,-0.0003835831764117182
5.581852220591058,-0.6202181882429897,-0.0046309478061977195
5.685219854305707,-0.6202181882429897,-0.004746200006231202
5.788587488020356,-0.6202181882429897,-0.0008329735792476453
5.8919551217350055,-0.6202181882429897,0.005765014292671918
5.995322755449654,-0.6202181882429897,0.012844320321114802
6.098690389164305,-0.6202181882429897,0.017957469856149356
6.202058022878954,-0.6202181882429897,0.019100522422686565
6.305425656593603,-0.6202181882429897,0.01528576031735388
6.408793290308252,-0.6202181882429897,0.006839461448270631
-6.408793290308252,-0.5168484902024916,0.0010076470582464066
-6.305425656593603,-0.5168484902024916,-0.008075309486385459
-6.202058022878954,-0.5168484902024916,-0.01780767947803095
-6.098690389164304,-0.5168484902024916,-0.026499047048646075
-5.995322755449655,-0.5168484902024916,-0.03273609256709812
-5.8919551217350055,-0.5168484902024916,-0.03572733226989957
-5.788587488020356,-0.5168484902024916,-0.03548268677195971
-5.685219854305708,-0.5168484902024916,-0.03276597967583957
-5.581852220591058,-0.5168484902024916,-0.028822017651483327
-5.478484586876409,-0.5168484902024916,-0.024950820820065337
-5.3751169531617595,-0.5168484902024916,-0.022057351019847956
-5.27174931944711,-0.5168484902024916,-0.020325043005721227
-5.168381685732461,-0.5168484902024916,-0.01913431481654402
-5.065014052017812,-0.5168484902024916,-0.01727643409461665
-4.961646418303163,-0.5168484902024916,-0.01341745101250686
-4.858278784588514,-0.5168484902024916,-0.006675914618736506
-4.754911150873865,-0.5168484902024916,0.0028769175128664534
-4.651543517159215,-0.5168484902024916,0.013982151179090196
-4.548175883444566,-0.5168484902024916,0.0243442002075025
-4.444808249729917,-0.5168484902024916,0.031173070398998498
-4.341440616015267,-0.5168484902024916,0.03199367838969614
-4.238072982300618,-0.5168484902024916,0.025494803088286066
-4.134705348585968,-0.5168484902024916,0.012150146265995199
-4.031337714871319,-0.5168484902024916,-0.005614275251787683
-3.9279700811566705,-0.5168484902024916,-0.023814649376910375
-3.8246024474420213,-0.5168484902024916,-0.03781163842577772
-3.7212348137273725,-0.5168484902024916,-0.04350645514414664
-3.6178671800127233,-0.5168484902024916,-0.03850957524956638
-3.514499546298074,-0.5168484902024916,-0.022942882342430315
-3.411131912583425,-0.5168484902024916,0.00038174199401375526
-3.3077642788687753,-0.5168484902024916,0.026501139734694423
-3.204396645154126,-0.5168484902024916,0.04945129515385503
-3.101029011439477,-0.5168484902024916,0.06374594407249415
-2.9976613777248278,-0.5168484902024916,0.06579655256166737
-2.8942937440101786,-0.5168484902024916,0.05489038160162766
-2.790926110295529,-0.5168484902024916,0.033455001699960456
-2.6875584765808798,-0.5168484902024916,0.006526825498795072
-2.5841908428662306,-0.5168484902024916,-0.019445441247732516
-2.4808232091515814,-0.5168484902024916,-0.03815444512528048
-2.3774555754369326,-0.5168484902024916,-0.0449454625282956
-2.2740879417222835,-0.5168484902024916,-0.03790388214077393
-2.1707203080076334,-0.5168484902024916,-0.018256999988978867
-2.067352674292984,-0.5168484902024916,0.0099873753408119
-1.9639850405783352,-0.5168484902024916,0.04104720046474405
-1.8606174068636863,-0.5168484902024916,0.0687456304438771
-1.757249773149037,-0.5168484902024916,0.08791926488439294
-1.6538821394343879,-0.5168484902024916,0.09553183832880659
-1.550514505719738,-0.5168484902024916,0.09126988570306596
-1.447146872005089,-0.5168484902024916,0.07754032296507549
-1.3437792382904399,-0.5168484902024916,0.058933184495571944
-1.2404116045757907,-0.5168484902024916,0.04131812295124569
-1.1370439708611417,-0.5168484902024916,0.030789477029704804
-1.0336763371464925,-0.5168484902024916,0.03266147635239774
-0.9303087034318435,-0.5168484902024916,0.05066015775061697
-0.8269410697171936,-0.5168484902024916,0.08638873777687497
-0.7235734360025445,-0.5168484902024916,0.1390838236509602
-0.6202058022878953,-0.5168484902024916,0.2056456545804983
-0.5168381685732463,-0.5168484902024916,0.2809167150352233
-0.4134705348585972,-0.5168484902024916,0.358187388115549
-0.31010290114394806,-0.5168484902024916,0.42990745348972204
-0.2067352674292982,-0.5168484902024916,0.4885646007077343
-0.1033676337146491,-0.5168484902024916,0.5276530912609105
0.,-0.5168484902024916,0.5426079561961965
0.1033676337146491,-0.5168484902024916,0.5315432108966243
0.2067352674292982,-0.5168484902024916,0.4956287870885953
0.31010290114394734,-0.5168484902024916,0.43898452267582516
0.4134705348585964,-0.5168484902024916,0.36805941715179685
0.5168381685732455,-0.5168484902024916,0.290581584866706
0.6202058022878947,-0.5168484902024916,0.2142767883773934
0.7235734360025438,-0.5168484902024916,0.14562557608346846
0.8269410697171944,-0.5168484902024916,0.08893403987011618
0.9303087034318435,-0.5168484902024916,0.04592300909541407
1.0336763371464925,-0.5168484902024916,0.01591026761404657
1.1370439708611417,-0.5168484902024916,-0.0034947310517532406
1.2404116045757907,-0.5168484902024916,-0.015399186430216623
1.3437792382904399,-0.5168484902024916,-0.02262793094269955
1.447146872005089,-0.5168484902024916,-0.0269964470981151
1.550514505719738,-0.5168484902024916,-0.02904287876045775
1.6538821394343872,-0.5168484902024916,-0.02825910895954858
1.7572497731490362,-0.5168484902024916,-0.023704702276362136
1.8606174068636854,-0.5168484902024916,-0.014770238992465764
1.9639850405783346,-0.5168484902024916,-0.0018146864432245933
2.0673526742929837,-0.5168484902024916,0.013552322583474599
2.1707203080076343,-0.5168484902024916,0.028653211953823306
2.2740879417222835,-0.5168484902024916,0.04034605285952513
2.3774555754369326,-0.5168484902024916,0.045865131108419756
2.4808232091515814,-0.5168484902024916,0.04363348656579111
2.5841908428662306,-0.5168484902024916,0.033785519350022095
2.6875584765808798,-0.5168484902024916,0.018223845101759093
2.790926110295529,-0.5168484902024916,0.00017627560091989367
2.894293744010178,-0.5168484902024916,-0.01662849505488291
2.997661377724827,-0.5168484902024916,-0.028931727755036024
3.101029011439476,-0.5168484902024916,-0.034783026119356984
3.2043966451541253,-0.5168484902024916,-0.03400764320936653
3.3077642788687744,-0.5168484902024916,-0.028175193488528975
3.411131912583425,-0.5168484902024916,-0.020089017642667704
3.514499546298074,-0.5168484902024916,-0.012952857534537416
3.6178671800127233,-0.5168484902024916,-0.00945889445834887
3.7212348137273725,-0.5168484902024916,-0.011054567447843514
3.8246024474420213,-0.5168484902024916,-0.01758416847246847
3.9279700811566705,-0.5168484902024916,-0.027386633180157185
4.031337714871319,-0.5168484902024916,-0.03779945569879163
4.134705348585968,-0.5168484902024916,-0.04590930349014829
4.238072982300618,-0.5168484902024916,-0.049332606682956706
4.341440616015267,-0.5168484902024916,-0.04681660451140621
4.444808249729916,-0.5168484902024916,-0.03851570394030706
4.548175883444565,-0.5168484902024916,-0.025896290609821522
4.651543517159214,-0.5168484902024916,-0.011324581328331893
4.754911150873865,-0.5168484902024916,0.0025316440071587363
4.858278784588514,-0.5168484902024916,0.013323417864832541
4.961646418303163,-0.5168484902024916,0.019512366414234615
5.065014052017812,-0.5168484902024916,0.02063290399504043
5.168381685732461,-0.5168484902024916,0.01729132732170929
5.27174931944711,-0.5168484902024916,0.010933233133075464
5.3751169531617595,-0.5168484902024916,0.003457318817254831
5.478484586876409,-0.5168484902024916,-0.0032255693424135465
5.581852220591058,-0.5168484902024916,-0.007593282761860287
5.685219854305707,-0.5168484902024916,-0.008800034160007218
5.788587488020356,-0.5168484902024916,-0.006808195819173581
5.8919551217350055,-0.5168484902024916,-0.002352819244252671
5.995322755449654,-0.5168484902024916,0.003244875131116254
6.098690389164305,-0.5168484902024916,0.008376189924586719
6.202058022878954,-0.5168484902024916,0.011499598736595843
6.305425656593603,-0.5168484902024916,0.011483833948531585
6.408793290308252,-0.5168484902024916,0.007869274625909467
-6.408793290308252,-0.4134787921619934,0.007646051014330141
-6.305425656593603,-0.4134787921619934,0.0016681860654406454
-6.202058022878954,-0.4134787921619934,-0.007301917156629296
-6.098690389164304,-0.4134787921619934,-0.017949040906201412
-5.995322755449655,-0.4134787921619934,-0.02848119908165472
-5.8919551217350055,-0.4134787921619934,-0.03706257672908361
-5.788587488020356,-0.4134787921619934,-0.04229120451976944
-5.685219854305708,-0.4134787921619934,-0.04356727235750287
-5.581852220591058,-0.4134787921619934,-0.041221991932501464
-5.478484586876409,-0.4134787921619934,-0.03635137961149796
-5.3751169531617595,-0.4134787921619934,-0.03040097972454708
-5.27174931944711,-0.4134787921619934,-0.02464076136745163
-5.168381685732461,-0.4134787921619934,-0.019718711188290248
-5.065014052017812,-0.4134787921619934,-0.015464984867299296
-4.961646418303163,-0.4134787921619934,-0.011036553648408056
-4.858278784588514,-0.4134787921619934,-0.005369958312898839
-4.754911150873865,-0.4134787921619934,0.002211201479864692
-4.651543517159215,-0.4134787921619934,0.011462439413466011
-4.548175883444566,-0.4134787921619934,0.020984157138160348
-4.444808249729917,-0.4134787921619934,0.028426935320219775
-4.341440616015267,-0.4134787921619934,0.031130044193670974
-4.238072982300618,-0.4134787921619934,0.02702717444085966
-4.134705348585968,-0.4134787921619934,0.015535404301065927
-4.031337714871319,-0.4134787921619934,-0.0018878229489406532
-3.9279700811566705,-0.4134787921619934,-0.02176088868355976
-3.8246024474420213,-0.4134787921619934,-0.03924524860006717
-3.7212348137273725,-0.4134787921619934,-0.04933650872097185
-3.6178671800127233,-0.4134787921619934,-0.04826978727783322
-3.514499546298074,-0.4134787921619934,-0.03473165754547586
-3.411131912583425,-0.4134787921619934,-0.010494456765335036
-3.3077642788687753,-0.4134787921619934,0.019765887953780217
-3.204396645154126,-0.4134787921619934,0.049478948997746505
-3.101029011439477,-0.4134787921619934,0.07178170361717151
-2.9976613777248278,-0.4134787921619934,0.08129316009989664
-2.8942937440101786,-0.4134787921619934,0.07557307260338618
-2.790926110295529,-0.4134787921619934,0.05584929391011942
-2.6875584765808798,-0.4134787921619934,0.02679456372706616
-2.5841908428662306,-0.4134787921619934,-0.004603496153172684
-2.4808232091515814,-0.4134787921619934,-0.030782627035637517
-2.3774555754369326,-0.4134787921619934,-0.045491186660829776
-2.2740879417222835,-0.4134787921619934,-0.04531695417622958
-2.1707203080076334,-0.4134787921619934,-0.03046267133155949
-2.067352674292984,-0.4134787921619934,-0.004583692708636894
-1.9639850405783352,-0.4134787921619934,0.026241048778707025
-1.8606174068636863,-0.4134787921619934,0.055108302919075036
-1.757249773149037,-0.4134787921619934,0.0760306854919906
-1.6538821394343879,-0.4134787921619934,0.08537951188195471
-1.550514505719738,-0.4134787921619934,0.08270033728825667
-1.447146872005089,-0.4134787921619934,0.07075675044364928
-1.3437792382904399,-0.4134787921619934,0.05486158154018241
-1.2404116045757907,-0.4134787921619934,0.04171800012032081
-1.1370439708611417,-0.4134787921619934,0.03807600608424789
-1.0336763371464925,-0.4134787921619934,0.04950144558576659
-0.9303087034318435,-0.4134787921619934,0.0794728668405392
-0.8269410697171936,-0.4134787921619934,0.12890394052877993
-0.7235734360025445,-0.4134787921619934,0.1960782265282732
-0.6202058022878953,-0.4134787921619934,0.27691093957915874
-0.5168381685732463,-0.4134787921619934,0.36543116657884855
-0.4134705348585972,-0.4134787921619934,0.4543982666781304
-0.31010290114394806,-0.4134787921619934,0.5360036103820134
-0.2067352674292982,-0.4134787921619934,0.6026359952657572
-0.1033676337146491,-0.4134787921619934,0.6476877134960919
0.,-0.4134787921619934,0.6663468719394663
0.1033676337146491,-0.4134787921619934,0.656275975544048
0.2067352674292982,-0.4134787921619934,0.6180431279211145
0.31010290114394734,-0.4134787921619934,0.5551755252353437
0.4134705348585964,-0.4134787921619934,0.4737577144332874
0.5168381685732455,-0.4134787921619934,0.3815924366181138
0.6202058022878947,-0.4134787921619934,0.2870540596494137
0.7235734360025438,-0.4134787921619934,0.19785724785112205
0.8269410697171944,-0.4134787921619934,0.12000249408542285
0.9303087034318435,-0.4134787921619934,0.05712653316723994
1.0336763371464925,-0.4134787921619934,0.01038392574778021
1.1370439708611417,-0.4134787921619934,-0.021155796000293364
1.2404116045757907,-0.4134787921619934,-0.03974998554560345
1.3437792382904399,-0.4134787921619934,-0.04811020308809636
1.447146872005089,-0.4134787921619934,-0.04867628806441688
1.550514505719738,-0.4134787921619934,-0.043231078055968125
1.6538821394343872,-0.4134787921619934,-0.03292223510064228
1.7572497731490362,-0.4134787921619934,-0.018612746233731853
1.8606174068636854,-0.4134787921619934,-0.001368167642481727
1.9639850405783346,-0.4134787921619934,0.017154866224532873
2.0673526742929837,-0.4134787921619934,0.03461302708346585
2.1707203080076343,-0.4134787921619934,0.04825566700695509
2.2740879417222835,-0.4134787921619934,0.055517148126090335
2.3774555754369326,-0.4134787921619934,0.054734126967935795
2.4808232091515814,-0.4134787921619934,0.045736666847615286
2.5841908428662306,-0.4134787921619934,0.030085488508028328
2.6875584765808798,-0.4134787921619934,0.010832045832862167
2.790926110295529,-0.4134787921619934,-0.008169984761020991
2.894293744010178,-0.4134787921619934,-0.023223961835649717
2.997661377724827,-0.4134787921619934,-0.03174598024060571
3.101029011439476,-0.4134787921619934,-0.03293224959941991
3.2043966451541253,-0.4134787921619934,-0.027933968173345272
3.3077642788687744,-0.4134787921619934,-0.01948222644278139
3.411131912583425,-0.4134787921619934,-0.011071667004584113
3.514499546298074,-0.4134787921619934,-0.005944342798359456
3.6178671800127233,-0.4134787921619934,-0.006172624741676889
3.7212348137273725,-0.4134787921619934,-0.012104957059501967
3.8246024474420213,-0.4134787921619934,-0.022323466635457433
3.9279700811566705,-0.4134787921619934,-0.03410576206331161
4.031337714871319,-0.4134787921619934,-0.04423479910251289
4.134705348585968,-0.4134787921619934,-0.049906176745321384
4.238072982300618,-0.4134787921619934,-0.04946840190266156
4.341440616015267,-0.4134787921619934,-0.04279839316311213
4.444808249729916,-0.4134787921619934,-0.031236082265744078
4.548175883444565,-0.4134787921619934,-0.017136817501316327
4.651543517159214,-0.4134787921619934,-0.003205356654649002
4.754911150873865,-0.4134787921619934,0.008179703201826318
4.858278784588514,-0.4134787921619934,0.01546558038038943
4.961646418303163,-0.4134787921619934,0.018140734917590582
5.065014052017812,-0.4134787921619934,0.016657771705444777
5.168381685732461,-0.4134787921619934,0.012142994291874366
5.27174931944711,-0.4134787921619934,0.0060194092336937986
5.3751169531617595,-0.4134787921619934,-0.00033262044735709716
5.478484586876409,-0.4134787921619934,-0.005797052635361091
5.581852220591058,-0.4134787921619934,-0.009609149425657012
5.685219854305707,-0.4134787921619934,-0.011345454014956029
5.788587488020356,-0.4134787921619934,-0.010880172852921201
5.8919551217350055,-0.4134787921619934,-0.008361407513847579
5.995322755449654,-0.4134787921619934,-0.004224048055771122
6.098690389164305,-0.4134787921619934,0.0007870062988131017
6.202058022878954,-0.4134787921619934,0.005636952521654734
6.305425656593603,-0.4134787921619934,0.009114781444288626
6.408793290308252,-0.4134787921619934,0.010055819401832115
-6.408793290308252,-0.31010909412149523,0.014858735482031678
-6.305425656593603,-0.31010909412149523,0.010726160493049553
-6.202058022878954,-0.31010909412149523,0.0020412421009959013
-6.098690389164304,-0.31010909412149523,-0.010002222522648402
-5.995322755449655,-0.31010909412149523,-0.02331537017492748
-5.8919551217350055,-0.31010909412149523,-0.03543156620860203
-5.788587488020356,-0.31010909412149523,-0.04416616276324315
-5.685219854305708,-0.31010909412149523,-0.048206682654723734
-5.581852220591058,-0.31010909412149523,-0.04743353337292569
-5.478484586876409,-0.31010909412149523,-0.042856733058813476
-5.3751169531617595,-0.31010909412149523,-0.036185689764115
-5.27174931944711,-0.31010909412149523,-0.029181193001412285
-5.168381685732461,-0.31010909412149523,-0.0230230775121656
-5.065014052017812,-0.31010909412149523,-0.01792996881040795
-4.961646418303163,-0.31010909412149523,-0.013183457381093134
-4.858278784588514,-0.31010909412149523,-0.007563731239241587
-4.754911150873865,-0.31010909412149523,-0.000046657228640149786
-4.651543517159215,-0.31010909412149523,0.00949973839142128
-4.548175883444566,-0.31010909412149523,0.019904559189275486
-4.444808249729917,-0.31010909412149523,0.028773772908431746
-4.341440616015267,-0.31010909412149523,0.03310237235845133
-4.238072982300618,-0.31010909412149523,0.030268052751433107
-4.134705348585968,-0.31010909412149523,0.019098472103494222
-4.031337714871319,-0.31010909412149523,0.0006408924987288622
-3.9279700811566705,-0.31010909412149523,-0.02167729618267575
-3.8246024474420213,-0.31010909412149523,-0.04263703785034796
-3.7212348137273725,-0.31010909412149523,-0.05647105258564656
-3.6178671800127233,-0.31010909412149523,-0.058445670113476726
-3.514499546298074,-0.31010909412149523,-0.046327104132516235
-3.411131912583425,-0.31010909412149523,-0.021275942620443408
-3.3077642788687753,-0.31010909412149523,0.012145160180094969
-3.204396645154126,-0.31010909412149523,0.04691828075446403
-3.101029011439477,-0.31010909412149523,0.07525838912052342
-2.9976613777248278,-0.31010909412149523,0.0906010967598277
-2.8942937440101786,-0.31010909412149523,0.08934347923209986
-2.790926110295529,-0.31010909412149523,0.07184564553407674
-2.6875584765808798,-0.31010909412149523,0.04240053199767198
-2.5841908428662306,-0.31010909412149523,0.008166969076424745
-2.4808232091515814,-0.31010909412149523,-0.02264827759712984
-2.3774555754369326,-0.31010909412149523,-0.04286545645843878
-2.2740879417222835,-0.31010909412149523,-0.048103715223851054
-2.1707203080076334,-0.31010909412149523,-0.037782872387264035
-2.067352674292984,-0.31010909412149523,-0.015109335895152376
-1.9639850405783352,-0.31010909412149523,0.013917489903809116
-1.8606174068636863,-0.31010909412149523,0.04218185301028396
-1.757249773149037,-0.31010909412149523,0.06334919955786575
-1.6538821394343879,-0.31010909412149523,0.0734921221945183
-1.550514505719738,-0.31010909412149523,0.0720562628025805
-1.447146872005089,-0.31010909412149523,0.06197629276855568
-1.3437792382904399,-0.31010909412149523,0.048981332878735795
-1.2404116045757907,-0.31010909412149523,0.04032246505634749
-1.1370439708611417,-0.31010909412149523,0.04326337863087447
-1.0336763371464925,-0.31010909412149523,0.0636805086579868
-0.9303087034318435,-0.31010909412149523,0.10503598025948141
-0.8269410697171936,-0.31010909412149523,0.1678542185265627
-0.7235734360025445,-0.31010909412149523,0.24969875327548918
-0.6202058022878953,-0.31010909412149523,0.3455489284485364
-0.5168381685732463,-0.31010909412149523,0.4484361494567497
-0.4134705348585972,-0.31010909412149523,0.5502115139896349
-0.31010290114394806,-0.31010909412149523,0.64235844891214
-0.2067352674292982,-0.31010909412149523,0.7168059211579593
-0.1033676337146491,-0.31010909412149523,0.7667167754932356
0.,-0.31010909412149523,0.7872141679252709
0.1033676337146491,-0.31010909412149523,0.7759770149349746
0.2067352674292982,-0.31010909412149523,0.7336052987537339
0.31010290114394734,-0.31010909412149523,0.6636521791918584
0.4134705348585964,-0.31010909412149523,0.5722568434766382
0.5168381685732455,-0.31010909412149523,0.4673875034006081
0.6202058022878947,-0.31010909412149523,0.35779788318611394
0.7235734360025438,-0.31010909412149523,0.2518819034635247
0.8269410697171944,-0.31010909412149523,0.15664956192676724
0.9303087034318435,-0.31010909412149523,0.07702427272693535
1.0336763371464925,-0.31010909412149523,0.015580537532706456
1.1370439708611417,-0.31010909412149523,-0.027275998898444155
1.2404116045757907,-0.31010909412149523,-0.0527995622821823
1.3437792382904399,-0.31010909412149523,-0.06325635827465363
1.447146872005089,-0.31010909412149523,-0.06134041313267709
1.550514505719738,-0.31010909412149523,-0.04980131102216371
1.6538821394343872,-0.31010909412149523,-0.031330891171007895
1.7572497731490362,-0.31010909412149523,-0.008645376998921098
1.8606174068636854,-0.31010909412149523,0.015379918875488981
1.9639850405783346,-0.31010909412149523,0.03768458897222604
2.0673526742929837,-0.31010909412149523,0.05521710213196473
2.1707203080076343,-0.31010909412149523,0.0653595061924406
2.2740879417222835,-0.31010909412149523,0.06647997545877266
2.3774555754369326,-0.31010909412149523,0.05842734576551209
2.4808232091515814,-0.31010909412149523,0.04276382455989012
2.5841908428662306,-0.31010909412149523,0.022591123999948618
2.6875584765808798,-0.31010909412149523,0.0019457342203518702
2.790926110295529,-0.31010909412149523,-0.015117829147380692
2.894293744010178,-0.31010909412149523,-0.025520270956295357
2.997661377724827,-0.31010909412149523,-0.027943906315911805
3.101029011439476,-0.31010909412149523,-0.02317064769659395
3.2043966451541253,-0.31010909412149523,-0.013852502057291416
3.3077642788687744,-0.31010909412149523,-0.0037620278632567845
3.411131912583425,-0.31010909412149523,0.0032717324459732313
3.514499546298074,-0.31010909412149523,0.004437916734776517
3.6178671800127233,-0.31010909412149523,-0.0012809314597679693
3.7212348137273725,-0.31010909412149523,-0.012853910424359544
3.8246024474420213,-0.31010909412149523,-0.027531273036382132
3.9279700811566705,-0.31010909412149523,-0.041648140486953734
4.031337714871319,-0.31010909412149523,-0.05165487169514031
4.134705348585968,-0.31010909412149523,-0.05506870124963624
4.238072982300618,-0.31010909412149523,-0.051078718699487276
4.341440616015267,-0.31010909412149523,-0.0406538115288121
4.444808249729916,-0.31010909412149523,-0.026160329829030844
4.548175883444565,-0.31010909412149523,-0.010641268637782334
4.651543517159214,-0.31010909412149523,0.003003676392578757
4.754911150873865,-0.31010909412149523,0.012691989709675937
4.858278784588514,-0.31010909412149523,0.017512787878803764
4.961646418303163,-0.31010909412149523,0.017708309954390985
5.065014052017812,-0.31010909412149523,0.014352903831317558
5.168381685732461,-0.31010909412149523,0.008885904416705401
5.27174931944711,-0.31010909412149523,0.0026767074643330073
5.3751169531617595,-0.31010909412149523,-0.003243268778139185
5.478484586876409,-0.31010909412149523,-0.008233986947423841
5.581852220591058,-0.31010909412149523,-0.011931534614236733
5.685219854305707,-0.31010909412149523,-0.014073949408116784
5.788587488020356,-0.31010909412149523,-0.01438852402580613
5.8919551217350055,-0.31010909412149523,-0.012617277403124757
5.995322755449654,-0.31010909412149523,-0.008679671230662179
6.098690389164305,-0.31010909412149523,-0.002893964302127477
6.202058022878954,-0.31010909412149523,0.0038654396972366938
6.305425656593603,-0.31010909412149523,0.010187393035359836
6.408793290308252,-0.31010909412149523,0.014370425558133407
-6.408793290308252,-0.20673939608099706,0.02231109629416756
-6.305425656593603,-0.20673939608099706,0.017983549330757853
-6.202058022878954,-0.20673939608099706,0.008610019640156414
-6.098690389164304,-0.20673939608099706,-0.004316479765702462
-5.995322755449655,-0.20673939608099706,-0.018466842030286534
-5.8919551217350055,-0.20673939608099706,-0.031274845768740935
-5.788587488020356,-0.20673939608099706,-0.040617726665544765
-5.685219854305708,-0.20673939608099706,-0.045360484548882286
-5.581852220591058,-0.20673939608099706,-0.04558287989500446
-5.478484586876409,-0.20673939608099706,-0.042410901110363976
-5.3751169531617595,-0.20673939608099706,-0.03751009407561971
-5.27174931944711,-0.20673939608099706,-0.0324196653459995
-5.168381685732461,-0.20673939608099706,-0.02796936068769231
-5.065014052017812,-0.20673939608099706,-0.024000008507726545
-4.961646418303163,-0.20673939608099706,-0.01950626172214917
-4.858278784588514,-0.20673939608099706,-0.013168593600335865
-4.754911150873865,-0.20673939608099706,-0.0040924172177682575
-4.651543517159215,-0.20673939608099706,0.0075211287757123045
-4.548175883444566,-0.20673939608099706,0.020048643812226374
-4.444808249729917,-0.20673939608099706,0.030639053916339275
-4.341440616015267,-0.20673939608099706,0.03593534367459725
-4.238072982300618,-0.20673939608099706,0.03314105214205355
-4.134705348585968,-0.20673939608099706,0.021106889409628436
-4.031337714871319,-0.20673939608099706,0.0010686068896251816
-3.9279700811566705,-0.20673939608099706,-0.023256911653792497
-3.8246024474420213,-0.20673939608099706,-0.04633119715038325
-3.7212348137273725,-0.20673939608099706,-0.062092468239300286
-3.6178671800127233,-0.20673939608099706,-0.06556468105600058
-3.514499546298074,-0.20673939608099706,-0.05432660442294144
-3.411131912583425,-0.20673939608099706,-0.02939905160135346
-3.3077642788687753,-0.20673939608099706,0.004747402778904225
-3.204396645154126,-0.20673939608099706,0.041120933540699664
-3.101029011439477,-0.20673939608099706,0.07186191005216841
-2.9976613777248278,-0.20673939608099706,0.0901947237408202
-2.8942937440101786,-0.20673939608099706,0.09215429284575122
-2.790926110295529,-0.20673939608099706,0.07761518251481453
-2.6875584765808798,-0.20673939608099706,0.050338191117671585
-2.5841908428662306,-0.20673939608099706,0.01701777646208022
-2.4808232091515814,-0.20673939608099706,-0.014413607386182564
-2.3774555754369326,-0.20673939608099706,-0.03676912913716206
-2.2740879417222835,-0.20673939608099706,-0.045353671744252935
-2.1707203080076334,-0.20673939608099706,-0.03902192615415543
-2.067352674292984,-0.20673939608099706,-0.02029292525259313
-1.9639850405783352,-0.20673939608099706,0.005478286254482414
-1.8606174068636863,-0.20673939608099706,0.03162665310247182
-1.757249773149037,-0.20673939608099706,0.05198861455847225
-1.6538821394343879,-0.20673939608099706,0.06253742854156819
-1.550514505719738,-0.20673939608099706,0.0624530369778067
-1.447146872005089,-0.20673939608099706,0.05440207107866136
-1.3437792382904399,-0.20673939608099706,0.044008998028631494
-1.2404116045757907,-0.20673939608099706,0.03868794642563574
-1.1370439708611417,-0.20673939608099706,0.04613050612064947
-1.0336763371464925,-0.20673939608099706,0.07278498467183937
-0.9303087034318435,-0.20673939608099706,0.12262083563283524
-0.8269410697171936,-0.20673939608099706,0.19637316938383848
-0.7235734360025445,-0.20673939608099706,0.29134176233969733
-0.6202058022878953,-0.20673939608099706,0.40171020745836444
-0.5168381685732463,-0.20673939608099706,0.51927567186484
-0.4134705348585972,-0.20673939608099706,0.6344444496318931
-0.31010290114394806,-0.20673939608099706,0.7373459171037466
-0.2067352674292982,-0.20673939608099706,0.8189333510753973
-0.1033676337146491,-0.20673939608099706,0.8719607442559073
0.,-0.20673939608099706,0.8917430484080067
0.1033676337146491,-0.20673939608099706,0.8766241245532644
0.2067352674292982,-0.20673939608099706,0.8280985682213269
0.31010290114394734,-0.20673939608099706,0.7505672447534087
0.4134705348585964,-0.20673939608099706,0.6507534148207217
0.5168381685732455,-0.20673939608099706,0.5368603177120074
0.6202058022878947,-0.20673939608099706,0.4175985917984191
0.7235734360025438,-0.20673939608099706,0.3012372817988173
0.8269410697171944,-0.20673939608099706,0.19482402101110477
0.9303087034318435,-0.20673939608099706,0.10367673756789461
1.0336763371464925,-0.20673939608099706,0.03118133717867014
1.1370439708611417,-0.20673939608099706,-0.021142875687253964
1.2404116045757907,-0.20673939608099706,-0.05340298698523669
1.3437792382904399,-0.20673939608099706,-0.06702971547884097
1.447146872005089,-0.20673939608099706,-0.0645029611484469
1.550514505719738,-0.20673939608099706,-0.04914399379133509
1.6538821394343872,-0.20673939608099706,-0.024950512792778427
1.7572497731490362,-0.20673939608099706,0.0035949320977392172
1.8606174068636854,-0.20673939608099706,0.03182143816352958
1.9639850405783346,-0.20673939608099706,0.055314288478913475
2.0673526742929837,-0.20673939608099706,0.07048194113987367
2.1707203080076343,-0.20673939608099706,0.07514262351532368
2.2740879417222835,-0.20673939608099706,0.06897315711289168
2.3774555754369326,-0.20673939608099706,0.0536569780292143
2.4808232091515814,-0.20673939608099706,0.03262221998875278
2.5841908428662306,-0.20673939608099706,0.010364017339876864
2.6875584765808798,-0.20673939608099706,-0.008531409425347069
2.790926110295529,-0.20673939608099706,-0.02043940678566943
2.894293744010178,-0.20673939608099706,-0.023557250291480137
2.997661377724827,-0.20673939608099706,-0.018333177293137024
3.101029011439476,-0.20673939608099706,-0.007329725518529528
3.2043966451541253,-0.20673939608099706,0.005461099141230127
3.3077642788687744,-0.20673939608099706,0.015678527635251426
3.411131912583425,-0.20673939608099706,0.019747071200598723
3.514499546298074,-0.20673939608099706,0.015810863475105262
3.6178671800127233,-0.20673939608099706,0.0041956729830902005
3.7212348137273725,-0.20673939608099706,-0.012719711043752259
3.8246024474420213,-0.20673939608099706,-0.03117296870027081
3.9279700811566705,-0.20673939608099706,-0.04702788768651152
4.031337714871319,-0.20673939608099706,-0.05683472820380344
4.134705348585968,-0.20673939608099706,-0.0586507522988274
4.238072982300618,-0.20673939608099706,-0.05241428700711961
4.341440616015267,-0.20673939608099706,-0.03980576729961472
4.444808249729916,-0.20673939608099706,-0.02367997140871266
4.548175883444565,-0.20673939608099706,-0.007268260199481134
4.651543517159214,-0.20673939608099706,0.006604987988831635
4.754911150873865,-0.20673939608099706,0.016080444375163105
4.858278784588514,-0.20673939608099706,0.020479429415182934
4.961646418303163,-0.20673939608099706,0.020180033940428475
5.065014052017812,-0.20673939608099706,0.016260556868598508
5.168381685732461,-0.20673939608099706,0.010071523879744507
5.27174931944711,-0.20673939608099706,0.002889064799066326
5.3751169531617595,-0.20673939608099706,-0.0042593890051904025
5.478484586876409,-0.20673939608099706,-0.010593100269620114
5.581852220591058,-0.20673939608099706,-0.01547231445047519
5.685219854305707,-0.20673939608099706,-0.01829818889745317
5.788587488020356,-0.20673939608099706,-0.018512090898425253
5.8919551217350055,-0.20673939608099706,-0.015728684400709476
5.995322755449654,-0.20673939608099706,-0.009960355392745235
6.098690389164305,-0.20673939608099706,-0.0018293423738511136
6.202058022878954,-0.20673939608099706,0.007354223192697685
6.305425656593603,-0.20673939608099706,0.015734733311490133
6.408793290308252,-0.20673939608099706,0.021282107657193763
-6.408793290308252,-0.10336969804049892,0.02955934488364278
-6.305425656593603,-0.10336969804049892,0.023023769272067268
-6.202058022878954,-0.10336969804049892,0.011981808332441413
-6.098690389164304,-0.10336969804049892,-0.0013719007824585113
-5.995322755449655,-0.10336969804049892,-0.014520833420229223
-5.8919551217350055,-0.10336969804049892,-0.02529565720860972
-5.788587488020356,-0.10336969804049892,-0.03241691553885356
-5.685219854305708,-0.10336969804049892,-0.035741907466216076
-5.581852220591058,-0.10336969804049892,-0.03613897176349818
-5.478484586876409,-0.10336969804049892,-0.03503424626288368
-5.3751169531617595,-0.10336969804049892,-0.03378729883869192
-5.27174931944711,-0.10336969804049892,-0.033114713103073345
-5.168381685732461,-0.10336969804049892,-0.032771353912223064
-5.065014052017812,-0.10336969804049892,-0.03161748274777952
-4.961646418303163,-0.10336969804049892,-0.02807029550397618
-4.858278784588514,-0.10336969804049892,-0.0208022075768535
-4.754911150873865,-0.10336969804049892,-0.009450849581878657
-4.651543517159215,-0.10336969804049892,0.00491800661366098
-4.548175883444566,-0.10336969804049892,0.019791473882588697
-4.444808249729917,-0.10336969804049892,0.0316994025849606
-4.341440616015267,-0.10336969804049892,0.0371149141887405
-4.238072982300618,-0.10336969804049892,0.03352434126615411
-4.134705348585968,-0.10336969804049892,0.020348875701556208
-4.031337714871319,-0.10336969804049892,-0.0005817920470800831
-3.9279700811566705,-0.10336969804049892,-0.025191915907292896
-3.8246024474420213,-0.10336969804049892,-0.04797075320886881
-3.7212348137273725,-0.10336969804049892,-0.06325566968862309
-3.6178671800127233,-0.10336969804049892,-0.06666399122876276
-3.514499546298074,-0.10336969804049892,-0.05629064192252104
-3.411131912583425,-0.10336969804049892,-0.033335893711362016
-3.3077642788687753,-0.10336969804049892,-0.001970709694496059
-3.204396645154126,-0.10336969804049892,0.03155272548063402
-3.101029011439477,-0.10336969804049892,0.060336045698628056
-2.9976613777248278,-0.10336969804049892,0.07845873551202895
-2.8942937440101786,-0.10336969804049892,0.08238189672346659
-2.790926110295529,-0.10336969804049892,0.07177816963073501
-2.6875584765808798,-0.10336969804049892,0.04958208894158796
-2.5841908428662306,-0.10336969804049892,0.021254466519729547
-2.4808232091515814,-0.10336969804049892,-0.006548140050784828
-2.3774555754369326,-0.10336969804049892,-0.02756313665392971
-2.2740879417222835,-0.10336969804049892,-0.03737825163292592
-2.1707203080076334,-0.10336969804049892,-0.034403964611039846
-2.067352674292984,-0.10336969804049892,-0.020137380016446747
-1.9639850405783352,-0.10336969804049892,0.00133192164287899
-1.8606174068636863,-0.10336969804049892,0.024443754442773632
-1.757249773149037,-0.10336969804049892,0.0436447863291655
-1.6538821394343879,-0.10336969804049892,0.05487592088303788
-1.550514505719738,-0.10336969804049892,0.056730888646326694
-1.447146872005089,-0.10336969804049892,0.05102787887296733
-1.3437792382904399,-0.10336969804049892,0.04266788383251356
-1.2404116045757907,-0.10336969804049892,0.038805525837678365
-1.1370439708611417,-0.10336969804049892,0.047498249493682816
-1.0336763371464925,-0.10336969804049892,0.07610102634517597
-0.9303087034318435,-0.10336969804049892,0.12971908205473448
-0.8269410697171936,-0.10336969804049892,0.2100152610512197
-0.7235734360025445,-0.10336969804049892,0.3145974578125562
-0.6202058022878953,-0.10336969804049892,0.4371003326860761
-0.5168381685732463,-0.10336969804049892,0.5679458040091023
-0.4134705348585972,-0.10336969804049892,0.6956427074262962
-0.31010290114394806,-0.10336969804049892,0.8083904282552082
-0.2067352674292982,-0.10336969804049892,0.8957020269670535
-0.1033676337146491,-0.10336969804049892,0.9497686676562227
0.,-0.10336969804049892,0.9663475002188803
0.1033676337146491,-0.10336969804049892,0.9450567698377947
0.2067352674292982,-0.10336969804049892,0.8890827854629547
0.31010290114394734,-0.10336969804049892,0.8044165693173254
0.4134705348585964,-0.10336969804049892,0.6988179532570871
0.5168381685732455,-0.10336969804049892,0.5807338505022518
0.6202058022878947,-0.10336969804049892,0.4583705571389379
0.7235734360025438,-0.10336969804049892,0.3390471172409681
0.8269410697171944,-0.10336969804049892,0.22886042245403063
0.9303087034318435,-0.10336969804049892,0.13260165526563875
1.0336763371464925,-0.10336969804049892,0.053804823148652973
1.1370439708611417,-0.10336969804049892,-0.0052018334090263635
1.2404116045757907,-0.10336969804049892,-0.04333083326235106
1.3437792382904399,-0.10336969804049892,-0.06087172045591421
1.447146872005089,-0.10336969804049892,-0.05966201244687281
1.550514505719738,-0.10336969804049892,-0.04316841175935596
1.6538821394343872,-0.10336969804049892,-0.01634349485678113
1.7572497731490362,-0.10336969804049892,0.014831304031951391
1.8606174068636854,-0.10336969804049892,0.044114619505046276
1.9639850405783346,-0.10336969804049892,0.06597517974926267
2.0673526742929837,-0.10336969804049892,0.07656102133142752
2.1707203080076343,-0.10336969804049892,0.0744259460003782
2.2740879417222835,-0.10336969804049892,0.06080139509135242
2.3774555754369326,-0.10336969804049892,0.039300056827934984
2.4808232091515814,-0.10336969804049892,0.015079592979461156
2.5841908428662306,-0.10336969804049892,-0.006358750362161039
2.6875584765808798,-0.10336969804049892,-0.020454652093012397
2.790926110295529,-0.10336969804049892,-0.024640102268841845
2.894293744010178,-0.10336969804049892,-0.01889345451766138
2.997661377724827,-0.10336969804049892,-0.005658186287021526
3.101029011439476,-0.10336969804049892,0.010845547605041939
3.2043966451541253,-0.10336969804049892,0.025729422243261985
3.3077642788687744,-0.10336969804049892,0.03467140840921588
3.411131912583425,-0.10336969804049892,0.034957093829941485
3.514499546298074,-0.10336969804049892,0.02607135506086442
3.6178671800127233,-0.10336969804049892,0.009714056644415128
3.7212348137273725,-0.10336969804049892,-0.010727995265858537
3.8246024474420213,-0.10336969804049892,-0.03107984514667658
3.9279700811566705,-0.10336969804049892,-0.047390888188215165
4.031337714871319,-0.10336969804049892,-0.05679700864925648
4.134705348585968,-0.10336969804049892,-0.05803456029213912
4.238072982300618,-0.10336969804049892,-0.051522700763401354
4.341440616015267,-0.10336969804049892,-0.03905516826508372
4.444808249729916,-0.10336969804049892,-0.023239739565634555
4.548175883444565,-0.10336969804049892,-0.006867559251511063
4.651543517159214,-0.10336969804049892,0.007621281855613771
4.754911150873865,-0.10336969804049892,0.018471921753769584
4.858278784588514,-0.10336969804049892,0.024726703839103244
4.961646418303163,-0.10336969804049892,0.02616436902855505
5.065014052017812,-0.10336969804049892,0.023153546880603212
5.168381685732461,-0.10336969804049892,0.01650342307649079
5.27174931944711,-0.10336969804049892,0.007356804353368346
5.3751169531617595,-0.10336969804049892,-0.002879637092405035
5.478484586876409,-0.10336969804049892,-0.012612154393608925
5.581852220591058,-0.10336969804049892,-0.020197431280420737
5.685219854305707,-0.10336969804049892,-0.02416955037726281
5.788587488020356,-0.10336969804049892,-0.02353608846857288
5.8919551217350055,-0.10336969804049892,-0.018071102683030874
5.995322755449654,-0.10336969804049892,-0.008502096962307996
6.098690389164305,-0.10336969804049892,0.0035042993973001214
6.202058022878954,-0.10336969804049892,0.015604385943423865
6.305425656593603,-0.10336969804049892,0.025257075942078523
6.408793290308252,-0.10336969804049892,0.030312570881503888
-6.408793290308252,0.,0.03592025331267018
-6.305425656593603,0.,0.026009745087711384
-6.202058022878954,0.,0.012862608641201393
-6.098690389164304,0.,-0.0004320033870175883
-5.995322755449655,0.,-0.011257981045564117
-5.8919551217350055,0.,-0.01818025204339191
-5.788587488020356,0.,-0.021236967950027635
-5.685219854305708,0.,-0.021735646486424526
-5.581852220591058,0.,-0.021634485213539827
-5.478484586876409,0.,-0.02272479746344491
-5.3751169531617595,0.,-0.025894670383894838
-5.27174931944711,0.,-0.03072657507168003
-5.168381685732461,0.,-0.0355716028498974
-5.065014052017812,0.,-0.03808589851104086
-4.961646418303163,0.,-0.036061457168163974
-4.858278784588514,0.,-0.02828309030053212
-4.754911150873865,0.,-0.015128128560413812
-4.651543517159215,0.,0.0012999287371482386
-4.548175883444566,0.,0.017571754360905543
-4.444808249729917,0.,0.02977149195010474
-4.341440616015267,0.,0.0345451257802718
-4.238072982300618,0.,0.03006185327740429
-4.134705348585968,0.,0.016613545908180816
-4.031337714871319,0.,-0.003322275027828043
-3.9279700811566705,0.,-0.025582330170518152
-3.8246024474420213,0.,-0.0452546410398415
-3.7212348137273725,0.,-0.05781386617641624
-3.6178671800127233,0.,-0.060170837646823384
-3.514499546298074,0.,-0.05138304978902591
-3.411131912583425,0.,-0.032866146364451385
-3.3077642788687753,0.,-0.008073076135118467
-3.204396645154126,0.,0.018267287270548094
-3.101029011439477,0.,0.04116686123074013
-2.9976613777248278,0.,0.056421679351676725
-2.8942937440101786,0.,0.06146279233487158
-2.790926110295529,0.,0.05584917030905923
-2.6875584765808798,0.,0.041317231688081914
-2.5841908428662306,0.,0.02138997124310809
-2.4808232091515814,0.,0.0006295735063552881
-2.3774555754369326,0.,-0.016319775516469372
-2.2740879417222835,0.,-0.025713726634914485
-2.1707203080076334,0.,-0.025518817884893966
-2.067352674292984,0.,-0.015877768972707294
-1.9639850405783352,0.,0.0008935611930354578
-1.8606174068636863,0.,0.020818189247037107
-1.757249773149037,0.,0.039216813229256894
-1.6538821394343879,0.,0.05194426631738252
-1.550514505719738,0.,0.05664699468603106
-1.447146872005089,0.,0.05374271747678506
-1.3437792382904399,0.,0.04684682060822203
-1.2404116045757907,0.,0.04246581365020368
-1.1370439708611417,0.,0.04893389734905982
-1.0336763371464925,0.,0.07475230890946577
-0.9303087034318435,0.,0.12665712882364352
-0.8269410697171936,0.,0.20784238053808585
-0.7235734360025445,0.,0.31676665830171885
-0.6202058022878953,0.,0.44686287082142595
-0.5168381685732463,0.,0.5872721258416025
-0.4134705348585972,0.,0.7244818161350105
-0.31010290114394806,0.,0.8445275688838332
-0.2067352674292982,0.,0.935279610820274
-0.1033676337146491,0.,0.9883165156312943
0.,0.,1.
0.1033676337146491,0.,0.9715734301359792
0.2067352674292982,0.,0.9083552065147257
0.31010290114394734,0.,0.8183157717900609
0.4134705348585964,0.,0.7104527435868706
0.5168381685732455,0.,0.5933798932972216
0.6202058022878947,0.,0.47442787949717563
0.7235734360025438,0.,0.35935961216035095
0.8269410697171944,0.,0.25259554389934535
0.9303087034318435,0.,0.15769081170893393
1.0336763371464925,0.,0.07775437466298182
1.1370439708611417,0.,0.015562980501070545
1.2404116045757907,0.,-0.0267255652485232
1.3437792382904399,0.,-0.04816991749896386
1.447146872005089,0.,-0.049710638628589585
1.550514505719738,0.,-0.03459543963405209
1.6538821394343872,0.,-0.008303968744832363
1.7572497731490362,0.,0.02214003048965591
1.8606174068636854,0.,0.04938059396168467
1.9639850405783346,0.,0.06718983961897433
2.0673526742929837,0.,0.07179142133112107
2.1707203080076343,0.,0.06266907585797502
2.2740879417222835,0.,0.0426085276268964
2.3774555754369326,0.,0.016930176328474555
2.4808232091515814,0.,-0.00790133188429612
2.5841908428662306,0.,-0.02592650132390229
2.6875584765808798,0.,-0.03316235212606569
2.790926110295529,0.,-0.02851283898664011
2.894293744010178,0.,-0.013898793553785545
2.997661377724827,0.,0.006390320080408262
3.101029011439476,0.,0.026907752468499666
3.2043966451541253,0.,0.04246756943167342
3.3077642788687744,0.,0.049381614766578374
3.411131912583425,0.,0.04620853029116917
3.514499546298074,0.,0.03387007818754122
3.6178671800127233,0.,0.015178539699488333
3.7212348137273725,0.,-0.006024790153386528
3.8246024474420213,0.,-0.02584010857903905
3.9279700811566705,0.,-0.041121456587915065
4.031337714871319,0.,-0.049954388413429765
4.134705348585968,0.,-0.05175243866179055
4.238072982300618,0.,-0.04704778064441242
4.341440616015267,0.,-0.03712568842344009
4.444808249729916,0.,-0.023660237940447693
4.548175883444565,0.,-0.008457177217084985
4.651543517159214,0.,0.006672689885991353
4.754911150873865,0.,0.019962474114312567
4.858278784588514,0.,0.029751309017108603
4.961646418303163,0.,0.03463563907672752
5.065014052017812,0.,0.03372652760951379
5.168381685732461,0.,0.026953192588922602
5.27174931944711,0.,0.01529388222859396
5.3751169531617595,0.,0.0008026032678862381
5.478484586876409,0.,-0.013654664987014536
5.581852220591058,0.,-0.024949445779494428
5.685219854305707,0.,-0.0304148811466618
5.788587488020356,0.,-0.028551694175537934
5.8919551217350055,0.,-0.019499410603204176
5.995322755449654,0.,-0.005105054079896425
6.098690389164305,0.,0.011467701102424697
6.202058022878954,0.,0.026506604848511337
6.305425656593603,0.,0.03669138079199342
6.408793290308252,0.,0.03993855736382216
-6.408793290308252,0.10336969804049741,0.040501729705369464
-6.305425656593603,0.10336969804049741,0.0274348255991607
-6.202058022878954,0.10336969804049741,0.01267690824147608
-6.098690389164304,0.10336969804049741,0.00007000660742276465
-5.995322755449655,0.10336969804049741,-0.007825758639837104
-5.8919551217350055,0.10336969804049741,-0.010423130228701009
-5.788587488020356,0.10336969804049741,-0.009109951342978284
-5.685219854305708,0.10336969804049741,-0.006587761741463109
-5.581852220591058,0.10336969804049741,-0.0057903302853788245
-5.478484586876409,0.10336969804049741,-0.008759168921230376
-5.3751169531617595,0.10336969804049741,-0.015858720754521417
-5.27174931944711,0.10336969804049741,-0.025592360967075203
-5.168381685732461,0.10336969804049741,-0.03507463822863588
-5.065014052017812,0.10336969804049741,-0.040995490975014155
-4.961646418303163,0.10336969804049741,-0.04075166012060078
-4.858278784588514,0.10336969804049741,-0.03337074014448535
-4.754911150873865,0.10336969804049741,-0.019927532433516477
-4.651543517159215,0.10336969804049741,-0.0033222948224388704
-4.548175883444566,0.10336969804049741,0.012502872859127809
-4.444808249729917,0.10336969804049741,0.023658725640426828
-4.341440616015267,0.10336969804049741,0.027376657011269248
-4.238072982300618,0.10336969804049741,0.02273544199276114
-4.134705348585968,0.10336969804049741,0.0108536435490826
-4.031337714871319,0.10336969804049741,-0.005473020966659885
-3.9279700811566705,0.10336969804049741,-0.022544920448531847
-3.8246024474420213,0.10336969804049741,-0.03669254810823046
-3.7212348137273725,0.10336969804049741,-0.04510401561654468
-3.6178671800127233,0.10336969804049741,-0.04634506862350822
-3.514499546298074,0.10336969804049741,-0.04048912985991921
-3.411131912583425,0.10336969804049741,-0.028899129355979724
-3.3077642788687753,0.10336969804049741,-0.013790268580621429
-3.204396645154126,0.10336969804049741,0.0022705015907782235
-3.101029011439477,0.10336969804049741,0.01680463385653233
-2.9976613777248278,0.10336969804049741,0.02774443572800365
-2.8942937440101786,0.10336969804049741,0.03364584358848326
-2.790926110295529,0.10336969804049741,0.03383372242329113
-2.6875584765808798,0.10336969804049741,0.028512444874915634
-2.5841908428662306,0.10336969804049741,0.018831668551611096
-2.4808232091515814,0.10336969804049741,0.006848999634058087
-2.3774555754369326,0.10336969804049741,-0.004689490209655454
-2.2740879417222835,0.10336969804049741,-0.012800830161398392
-2.1707203080076334,0.10336969804049741,-0.01491987857594904
-2.067352674292984,0.10336969804049741,-0.009624951989179335
-1.9639850405783352,0.10336969804049741,0.002783071204001358
-1.8606174068636863,0.10336969804049741,0.020088692808682064
-1.757249773149037,0.10336969804049741,0.03853175652529133
-1.6538821394343879,0.10336969804049741,0.05376471060082253
-1.550514505719738,0.10336969804049741,0.06222720131618081
-1.447146872005089,0.10336969804049741,0.06259000078732517
-1.3437792382904399,0.10336969804049741,0.05682617538472741
-1.2404116045757907,0.10336969804049741,0.05050384050781063
-1.1370439708611417,0.10336969804049741,0.0520691087299556
-1.0336763371464925,0.10336969804049741,0.07116085938955094
-0.9303087034318435,0.10336969804049741,0.11629402482471464
-0.8269410697171936,0.10336969804049741,0.19247338797021618
-0.7235734360025445,0.10336969804049741,0.29937802327745255
-0.6202058022878953,0.10336969804049741,0.4306512541375805
-0.5168381685732463,0.10336969804049741,0.574561914937366
-0.4134705348585972,0.10336969804049741,0.7159420796801331
-0.31010290114394806,0.10336969804049741,0.8389586042344302
-0.2067352674292982,0.10336969804049741,0.9300451845167382
-0.1033676337146491,0.10336969804049741,0.9802792860613918
0.,0.10336969804049741,0.9866487076384908
0.1033676337146491,0.10336969804049741,0.9519678499501403
0.2067352674292982,0.10336969804049741,0.8835782289670769
0.31010290114394734,0.10336969804049741,0.7912878662966658
0.4134705348585964,0.10336969804049741,0.6851746624735587
0.5168381685732455,0.10336969804049741,0.5738530397735012
0.6202058022878947,0.10336969804049741,0.46359740175834097
0.7235734360025438,0.10336969804049741,0.3584035801434411
0.8269410697171944,0.10336969804049741,0.26075589938395305
0.9303087034318435,0.10336969804049741,0.17265537330485323
1.0336763371464925,0.10336969804049741,0.09641980924224322
1.1370439708611417,0.10336969804049741,0.034897356368406914
1.2404116045757907,0.10336969804049741,-0.00901006471395079
1.3437792382904399,0.10336969804049741,-0.03333052593506297
1.447146872005089,0.10336969804049741,-0.038113853540290565
1.550514505719738,0.10336969804049741,-0.02616247796577391
1.6538821394343872,0.10336969804049741,-0.0030344075616289766
1.7572497731490362,0.10336969804049741,0.023809353739496903
1.8606174068636854,0.10336969804049741,0.0465457206533069
1.9639850405783346,0.10336969804049741,0.058802131642447804
2.0673526742929837,0.10336969804049741,0.05720637478788115
2.1707203080076343,0.10336969804049741,0.04219492337021616
2.2740879417222835,0.10336969804049741,0.017814308245323946
2.3774555754369326,0.10336969804049741,-0.009447783818827035
2.4808232091515814,0.10336969804049741,-0.03247169188810039
2.5841908428662306,0.10336969804049741,-0.04543505681276912
2.6875584765808798,0.10336969804049741,-0.045314515858439805
2.790926110295529,0.10336969804049741,-0.03255318572870474
2.894293744010178,0.10336969804049741,-0.010748121138277158
2.997661377724827,0.10336969804049741,0.014493492048305917
3.101029011439476,0.10336969804049741,0.037146295895642625
3.2043966451541253,0.10336969804049741,0.05232042174435624
3.3077642788687744,0.10336969804049741,0.05734328404605929
3.411131912583425,0.10336969804049741,0.05211821824311345
3.514499546298074,0.10336969804049741,0.03875280067558351
3.6178671800127233,0.10336969804049741,0.020671921279804797
3.7212348137273725,0.10336969804049741,0.001560107862918786
3.8246024474420213,0.10336969804049741,-0.015520498433634696
3.9279700811566705,0.10336969804049741,-0.02860441317504819
4.031337714871319,0.10336969804049741,-0.036836892450183276
4.134705348585968,0.10336969804049741,-0.040150227084353805
4.238072982300618,0.10336969804049741,-0.038831091618001363
4.341440616015267,0.10336969804049741,-0.033211615871039435
4.444808249729916,0.10336969804049741,-0.02362427751647811
4.548175883444565,0.10336969804049741,-0.010614516588605722
4.651543517159214,0.10336969804049741,0.004732809533261288
4.754911150873865,0.10336969804049741,0.02056905686500556
4.858278784588514,0.10336969804049741,0.03435098732707602
4.961646418303163,0.10336969804049741,0.043281551316437204
5.065014052017812,0.10336969804049741,0.04504089839906764
5.168381685732461,0.10336969804049741,0.03858348670408276
5.27174931944711,0.10336969804049741,0.02470959134571463
5.3751169531617595,0.10336969804049741,0.00615938360597123
5.478484586876409,0.10336969804049741,-0.012881978554382167
5.581852220591058,0.10336969804049741,-0.027784195262673863
5.685219854305707,0.10336969804049741,-0.03470940322291612
5.788587488020356,0.10336969804049741,-0.03171625097385648
5.8919551217350055,0.10336969804049741,-0.01937570613067353
5.995322755449654,0.10336969804049741,-0.0006813238590508381
6.098690389164305,0.10336969804049741,0.019746586769390593
6.202058022878954,0.10336969804049741,0.03693818799486482
6.305425656593603,0.10336969804049741,0.04694978674711853
6.408793290308252,0.10336969804049741,0.04791836067053718
-6.408793290308252,0.20673939608099556,0.04240890261908255
-6.305425656593603,0.20673939608099556,0.027852584435770895
-6.202058022878954,0.20673939608099556,0.012967574134549367
-6.098690389164304,0.20673939608099556,0.0018644011473867104
-5.995322755449655,0.20673939608099556,-0.0031799576386919797
-5.8919551217350055,0.20673939608099556,-0.0023202154339359176
-5.788587488020356,0.20673939608099556,0.0021067127247943645
-5.685219854305708,0.20673939608099556,0.006560371512717795
-5.581852220591058,0.20673939608099556,0.007645482539137293
-5.478484586876409,0.20673939608099556,0.0033587198239052873
-5.3751169531617595,0.20673939608099556,-0.006188563835289599
-5.27174931944711,0.20673939608099556,-0.018802437691036157
-5.168381685732461,0.20673939608099556,-0.030960441095732413
-5.065014052017812,0.20673939608099556,-0.03901072911103196
-4.961646418303163,0.20673939608099556,-0.04039783794957399
-4.858278784588514,0.20673939608099556,-0.03450230556518387
-4.754911150873865,0.20673939608099556,-0.022827261768667804
-4.651543517159215,0.20673939608099556,-0.008495826789630378
-4.548175883444566,0.20673939608099556,0.004743990727916378
-4.444808249729917,0.20673939608099556,0.013655562158515478
-4.341440616015267,0.20673939608099556,0.016413175481026908
-4.238072982300618,0.20673939608099556,0.01299137322685061
-4.134705348585968,0.20673939608099556,0.004962696519035347
-4.031337714871319,0.20673939608099556,-0.005170304180878013
-3.9279700811566705,0.20673939608099556,-0.014834961642529218
-3.8246024474420213,0.20673939608099556,-0.022127280448875464
-3.7212348137273725,0.20673939608099556,-0.026193678857851562
-3.6178671800127233,0.20673939608099556,-0.027177254187227808
-3.514499546298074,0.20673939608099556,-0.025823881427592198
-3.411131912583425,0.20673939608099556,-0.022965808291957553
-3.3077642788687753,0.20673939608099556,-0.019126153318681977
-3.204396645154126,0.20673939608099556,-0.014410866825007997
-3.101029011439477,0.20673939608099556,-0.008710202067541422
-2.9976613777248278,0.20673939608099556,-0.0020813013584154924
-2.8942937440101786,0.20673939608099556,0.004908807011604887
-2.790926110295529,0.20673939608099556,0.011093845526176765
-2.6875584765808798,0.20673939608099556,0.014980194232362753
-2.5841908428662306,0.20673939608099556,0.015322287048729314
-2.4808232091515814,0.20673939608099556,0.011786735576001735
-2.3774555754369326,0.20673939608099556,0.0054101690108539985
-2.2740879417222835,0.20673939608099556,-0.001405903576328008
-2.1707203080076334,0.20673939608099556,-0.0054659932587127
-2.067352674292984,0.20673939608099556,-0.0038003387834914357
-1.9639850405783352,0.20673939608099556,0.005188486858498523
-1.8606174068636863,0.20673939608099556,0.020881399078442407
-1.757249773149037,0.20673939608099556,0.04028680066633009
-1.6538821394343879,0.20673939608099556,0.05876228292868229
-1.550514505719738,0.20673939608099556,0.07150973168426529
-1.447146872005089,0.20673939608099556,0.07544420898993127
-1.3437792382904399,0.20673939608099556,0.07084572128197714
-1.2404116045757907,0.20673939608099556,0.06219383984495251
-1.1370439708611417,0.20673939608099556,0.057779062847664556
-1.0336763371464925,0.20673939608099556,0.06803442473785967
-0.9303087034318435,0.20673939608099556,0.10293239759396863
-0.8269410697171936,0.20673939608099556,0.16911744753749258
-0.7235734360025445,0.20673939608099556,0.26758311564209636
-0.6202058022878953,0.20673939608099556,0.3925989728534464
-0.5168381685732463,0.20673939608099556,0.5322680961406129
-0.4134705348585972,0.20673939608099556,0.6706426866110166
-0.31010290114394806,0.20673939608099556,0.7908808488843335
-0.2067352674292982,0.20673939608099556,0.8786286479262864
-0.1033676337146491,0.20673939608099556,0.9247517211741033
0.,0.20673939608099556,0.9267387087822642
0.1033676337146491,0.20673939608099556,0.888492148360654
0.2067352674292982,0.20673939608099556,0.8186876215801178
0.31010290114394734,0.20673939608099556,0.7282740319440366
0.4134705348585964,0.20673939608099556,0.6278878745598139
0.5168381685732455,0.20673939608099556,0.5259071228767188
0.6202058022878947,0.20673939608099556,0.4276016028764958
0.7235734360025438,0.20673939608099556,0.33544297393713896
0.8269410697171944,0.20673939608099556,0.2502527607256735
0.9303087034318435,0.20673939608099556,0.17261769297795143
1.0336763371464925,0.20673939608099556,0.10396478373637204
1.1370439708611417,0.20673939608099556,0.04686693331120984
1.2404116045757907,0.20673939608099556,0.004473020188442835
1.3437792382904399,0.20673939608099556,-0.020693533851843488
1.447146872005089,0.20673939608099556,-0.028071145194176788
1.550514505719738,0.20673939608099556,-0.019967554305794957
1.6538821394343872,0.20673939608099556,-0.0016145670257539505
1.7572497731490362,0.20673939608099556,0.019757124852504616
1.8606174068636854,0.20673939608099556,0.03660152762139738
1.9639850405783346,0.20673939608099556,0.042999129302599526
2.0673526742929837,0.20673939608099556,0.03624517551249121
2.1707203080076343,0.20673939608099556,0.01756761743845906
2.2740879417222835,0.20673939608099556,-0.008272434044459504
2.3774555754369326,0.20673939608099556,-0.03439137057350997
2.4808232091515814,0.20673939608099556,-0.05377951486283387
2.5841908428662306,0.20673939608099556,-0.06127898802596637
2.6875584765808798,0.20673939608099556,-0.054956578631694356
2.790926110295529,0.20673939608099556,-0.0364899261140231
2.894293744010178,0.20673939608099556,-0.010504860887887366
2.997661377724827,0.20673939608099556,0.01687224097314336
3.101029011439476,0.20673939608099556,0.03975765286566171
3.2043966451541253,0.20673939608099556,0.05400387360319515
3.3077642788687744,0.20673939608099556,0.058022113771643666
3.411131912583425,0.20673939608099556,0.05276400992266482
3.514499546298074,0.20673939608099556,0.04098040341480601
3.6178671800127233,0.20673939608099556,0.02609836537098258
3.7212348137273725,0.20673939608099556,0.011144350287033946
3.8246024474420213,0.20673939608099556,-0.0019293959227801075
3.9279700811566705,0.20673939608099556,-0.012350199230867078
4.031337714871319,0.20673939608099556,-0.020132841340479397
4.134705348585968,0.20673939608099556,-0.025449998065480643
4.238072982300618,0.20673939608099556,-0.028099039479698617
4.341440616015267,0.20673939608099556,-0.027333836106666225
4.444808249729916,0.20673939608099556,-0.02215588626240353
4.548175883444565,0.20673939608099556,-0.011946476805447442
4.651543517159214,0.20673939608099556,0.002844317242331342
4.754911150873865,0.20673939608099556,0.020288165934886686
4.858278784588514,0.20673939608099556,0.037099530606254275
4.961646418303163,0.20673939608099556,0.04934388675077406
5.065014052017812,0.20673939608099556,0.05355759497883115
5.168381685732461,0.20673939608099556,0.047921454430423366
5.27174931944711,0.20673939608099556,0.03306926988860311
5.3751169531617595,0.20673939608099556,0.01220315559837062
5.478484586876409,0.20673939608099556,-0.009596328414434144
5.581852220591058,0.20673939608099556,-0.02670664093620553
5.685219854305707,0.20673939608099556,-0.03455711598998634
5.788587488020356,0.20673939608099556,-0.030983073559179057
5.8919551217350055,0.20673939608099556,-0.01689995419015934
5.995322755449654,0.20673939608099556,0.003935400634952227
6.098690389164305,0.20673939608099556,0.0260183410948554
6.202058022878954,0.20673939608099556,0.04370953731203006
6.305425656593603,0.20673939608099556,0.05286229028701513
6.408793290308252,0.20673939608099556,0.0519542179739382
-6.408793290308252,0.31010909412149373,0.04105454858415672
-6.305425656593603,0.31010909412149373,0.027677365623373352
-6.202058022878954,0.31010909412149373,0.01481336185321317
-6.098690389164304,0.31010909412149373,0.0061330194271761
-5.995322755449655,0.31010909412149373,0.0033681922673757313
-5.8919551217350055,0.31010909412149373,0.005886436960842902
-5.788587488020356,0.31010909412149373,0.01109312838115974
-5.685219854305708,0.31010909412149373,0.015485083334198122
-5.581852220591058,0.31010909412149373,0.015964847300044674
-5.478484586876409,0.31010909412149373,0.010951791433346526
-5.3751169531617595,0.31010909412149373,0.0009155130538759051
-5.27174931944711,0.31010909412149373,-0.011827492833503614
-5.168381685732461,0.31010909412149373,-0.023950558128070613
-5.065014052017812,0.31010909412149373,-0.03226774787863313
-4.961646418303163,0.31010909412149373,-0.03478456625732251
-4.858278784588514,0.31010909412149373,-0.031288903937535945
-4.754911150873865,0.31010909412149373,-0.02330252917242981
-4.651543517159215,0.31010909412149373,-0.013449426668897105
-4.548175883444566,0.31010909412149373,-0.004502440382007428
-4.444808249729917,0.31010909412149373,0.0015292479195444437
-4.341440616015267,0.31010909412149373,0.003945457976341386
-4.238072982300618,0.31010909412149373,0.003362165038227523
-4.134705348585968,0.31010909412149373,0.001222260038542351
-4.031337714871319,0.31010909412149373,-0.0009597546727293144
-3.9279700811566705,0.31010909412149373,-0.002295526342872979
-3.8246024474420213,0.31010909412149373,-0.0028752857974200306
-3.7212348137273725,0.31010909412149373,-0.003636339723941512
-3.6178671800127233,0.31010909412149373,-0.0058123282764770585
-3.514499546298074,0.31010909412149373,-0.010205293873437675
-3.411131912583425,0.31010909412149373,-0.016603380185138076
-3.3077642788687753,0.31010909412149373,-0.023617307470833848
-3.204396645154126,0.31010909412149373,-0.02904506919128864
-3.101029011439477,0.31010909412149373,-0.030658026537356997
-2.9976613777248278,0.31010909412149373,-0.027116782499648887
-2.8942937440101786,0.31010909412149373,-0.01864690869977626
-2.790926110295529,0.31010909412149373,-0.007169649221011656
-2.6875584765808798,0.31010909412149373,0.004225776822161159
-2.5841908428662306,0.31010909412149373,0.012330323681448761
-2.4808232091515814,0.31010909412149373,0.015027984358644778
-2.3774555754369326,0.31010909412149373,0.012219597020696872
-2.2740879417222835,0.31010909412149373,0.006071758504614805
-2.1707203080076334,0.31010909412149373,0.0004257542441258244
-2.067352674292984,0.31010909412149373,-0.0004961177011495735
-1.9639850405783352,0.31010909412149373,0.006328628525464459
-1.8606174068636863,0.31010909412149373,0.021419466890351416
-1.757249773149037,0.31010909412149373,0.04228797922455035
-1.6538821394343879,0.31010909412149373,0.06401522059915621
-1.550514505719738,0.31010909412149373,0.08083537016458812
-1.447146872005089,0.31010909412149373,0.08828438308588123
-1.3437792382904399,0.31010909412149373,0.085228689858135
-1.2404116045757907,0.31010909412149373,0.07505970439389155
-1.1370439708611417,0.31010909412149373,0.06554959894313749
-1.0336763371464925,0.31010909412149373,0.06725726941809401
-0.9303087034318435,0.31010909412149373,0.09083083555873213
-0.8269410697171936,0.31010909412149373,0.14392772846561577
-0.7235734360025445,0.31010909412149373,0.22863996296403893
-0.6202058022878953,0.31010909412149373,0.340208696695253
-0.5168381685732463,0.31010909412149373,0.4674625265744113
-0.4134705348585972,0.31010909412149373,0.5949219522739563
-0.31010290114394806,0.31010909412149373,0.706029296548595
-0.2067352674292982,0.31010909412149373,0.7866392797003084
-0.1033676337146491,0.31010909412149373,0.8278408220950967
0.,0.31010909412149373,0.8273935790241869
0.1033676337146491,0.31010909412149373,0.7894833014983655
0.2067352674292982,0.31010909412149373,0.7229936897336241
0.31010290114394734,0.31010909412149373,0.6389037883781478
0.4134705348585964,0.31010909412149373,0.5476240537032979
0.5168381685732455,0.31010909412149373,0.457025972425075
0.6202058022878947,0.31010909412149373,0.37163085976194205
0.7235734360025438,0.31010909412149373,0.29300833936204557
0.8269410697171944,0.31010909412149373,0.22103616124730308
0.9303087034318435,0.31010909412149373,0.15542134970549507
1.0336763371464925,0.31010909412149373,0.09685449918376968
1.1370439708611417,0.31010909412149373,0.04736214696343752
1.2404116045757907,0.31010909412149373,0.009759034429702126
1.3437792382904399,0.31010909412149373,-0.013541405746684878
1.447146872005089,0.31010909412149373,-0.02185069781732657
1.550514505719738,0.31010909412149373,-0.017099216313650797
1.6538821394343872,0.31010909412149373,-0.0038893333161985682
1.7572497731490362,0.31010909412149373,0.011398785882628576
1.8606174068636854,0.31010909412149373,0.02220937866954841
1.9639850405783346,0.31010909412149373,0.023617332486808303
2.0673526742929837,0.31010909412149373,0.013744377515079094
2.1707203080076343,0.31010909412149373,-0.005693417351581023
2.2740879417222835,0.31010909412149373,-0.029904907403576035
2.3774555754369326,0.31010909412149373,-0.052459413666058774
2.4808232091515814,0.31010909412149373,-0.06719090430277774
2.5841908428662306,0.31010909412149373,-0.06997741406323087
2.6875584765808798,0.31010909412149373,-0.05985451644030453
2.790926110295529,0.31010909412149373,-0.03915003943941287
2.894293744010178,0.31010909412149373,-0.012650502474950687
2.997661377724827,0.31010909412149373,0.013883392344666609
3.101029011439476,0.31010909412149373,0.035346799471603796
3.2043966451541253,0.31010909412149373,0.048549890922638284
3.3077642788687744,0.31010909412149373,0.05275126559421096
3.411131912583425,0.31010909412149373,0.04938093243365473
3.514499546298074,0.31010909412149373,0.041148102402922944
3.6178671800127233,0.31010909412149373,0.030920487415394226
3.7212348137273725,0.31010909412149373,0.02080208860237581
3.8246024474420213,0.31010909412149373,0.011719390087515477
3.9279700811566705,0.31010909412149373,0.0036022751479127084
4.031337714871319,0.31010909412149373,-0.0039963583287697625
4.134705348585968,0.31010909412149373,-0.011167515508147251
4.238072982300618,0.31010909412149373,-0.017158645567171876
4.341440616015267,0.31010909412149373,-0.02037921051504909
4.444808249729916,0.31010909412149373,-0.01893436715507889
4.548175883444565,0.31010909412149373,-0.011491752577068198
4.651543517159214,0.31010909412149373,0.0018716906775295577
4.754911150873865,0.31010909412149373,0.01921863149108804
4.858278784588514,0.31010909412149373,0.03694616295371638
4.961646418303163,0.31010909412149373,0.05064536170516089
5.065014052017812,0.31010909412149373,0.056390824304560126
5.168381685732461,0.31010909412149373,0.05204349597658396
5.27174931944711,0.31010909412149373,0.03811031685583133
5.3751169531617595,0.31010909412149373,0.017827217109608044
5.478484586876409,0.31010909412149373,-0.0036198086786605756
5.581852220591058,0.31010909412149373,-0.020530985421089592
5.685219854305707,0.31010909412149373,-0.028350939249883987
5.788587488020356,0.31010909412149373,-0.02502353022070095
5.8919551217350055,0.31010909412149373,-0.011603894048806502
5.995322755449654,0.31010909412149373,0.008076351478442023
6.098690389164305,0.31010909412149373,0.028587885462823672
6.202058022878954,0.31010909412149373,0.04454869197582875
6.305425656593603,0.31010909412149373,0.05220776827262293
6.408793290308252,0.31010909412149373,0.05046592869350714
-6.408793290308252,0.4134787921619919,0.03644512483467911
-6.305425656593603,0.4134787921619919,0.027101919012931477
-6.202058022878954,0.4134787921619919,0.01845025330043011
-6.098690389164304,0.4134787921619919,0.012998123014817398
-5.995322755449655,0.4134787921619919,0.011707121351448106
-5.8919551217350055,0.4134787921619919,0.013799505591816382
-5.788587488020356,0.4134787921619919,0.017183755021981495
-5.685219854305708,0.4134787921619919,0.0193132322443913
-5.581852220591058,0.4134787921619919,0.01815112776981603
-5.478484586876409,0.4134787921619919,0.012894865547312164
-5.3751169531617595,0.4134787921619919,0.004217167874964756
-5.27174931944711,0.4134787921619919,-0.006032842637509196
-5.168381685732461,0.4134787921619919,-0.015527010591236732
-5.065014052017812,0.4134787921619919,-0.022274961322805195
-4.961646418303163,0.4134787921619919,-0.0252527591398682
-4.858278784588514,0.4134787921619919,-0.024623155651619422
-4.754911150873865,0.4134787921619919,-0.021494196651808684
-4.651543517159215,0.4134787921619919,-0.01734430865641358
-4.548175883444566,0.4134787921619919,-0.013367992049223398
-4.444808249729917,0.4134787921619919,-0.010019125722699366
-4.341440616015267,0.4134787921619919,-0.006940711799809199
-4.238072982300618,0.4134787921619919,-0.003305595344003972
-4.134705348585968,0.4134787921619919,0.001583042810162459
-4.031337714871319,0.4134787921619919,0.00769986171371566
-3.9279700811566705,0.4134787921619919,0.013992956524248737
-3.8246024474420213,0.4134787921619919,0.018541153061520016
-3.7212348137273725,0.4134787921619919,0.019164815689262777
-3.6178671800127233,0.4134787921619919,0.014290222603407985
-3.514499546298074,0.4134787921619919,0.003741879964177913
-3.411131912583425,0.4134787921619919,-0.01086894696455375
-3.3077642788687753,0.4134787921619919,-0.026367386038119573
-3.204396645154126,0.4134787921619919,-0.03884272480963379
-3.101029011439477,0.4134787921619919,-0.044843231953013415
-2.9976613777248278,0.4134787921619919,-0.04254045542029137
-2.8942937440101786,0.4134787921619919,-0.03244072125289586
-2.790926110295529,0.4134787921619919,-0.01735075043134921
-2.6875584765808798,0.4134787921619919,-0.001550393361527281
-2.5841908428662306,0.4134787921619919,0.010593545462400624
-2.4808232091515814,0.4134787921619919,0.016122118289395804
-2.3774555754369326,0.4134787921619919,0.014567829993445103
-2.2740879417222835,0.4134787921619919,0.008218451359741691
-2.1707203080076334,0.4134787921619919,0.0014161584110272485
-2.067352674292984,0.4134787921619919,-0.0009209569651627628
-1.9639850405783352,0.4134787921619919,0.004919388029773196
-1.8606174068636863,0.4134787921619919,0.019972546598466884
-1.757249773149037,0.4134787921619919,0.04198459346811407
-1.6538821394343879,0.4134787921619919,0.06594701728133526
-1.550514505719738,0.4134787921619919,0.0856909104815736
-1.447146872005089,0.4134787921619919,0.09608313895853877
-1.3437792382904399,0.4134787921619919,0.09512829355791651
-1.2404116045757907,0.4134787921619919,0.0852595994951796
-1.1370439708611417,0.4134787921619919,0.07331680606068931
-1.0336763371464925,0.4134787921619919,0.06909930204076799
-0.9303087034318435,0.4134787921619919,0.0828283172103135
-0.8269410697171936,0.4134787921619919,0.12221126333054426
-0.7235734360025445,0.4134787921619919,0.18995652456368908
-0.6202058022878953,0.4134787921619919,0.2824840261663827
-0.5168381685732463,0.4134787921619919,0.39024324570002966
-0.4134705348585972,0.4134787921619919,0.4995873513464817
-0.31010290114394806,0.4134787921619919,0.5957027780959723
-0.2067352674292982,0.4134787921619919,0.6657963262095943
-0.1033676337146491,0.4134787921619919,0.7016864820471338
0.,0.4134787921619919,0.7011446071677642
0.1033676337146491,0.4134787921619919,0.6677171974545565
0.2067352674292982,0.4134787921619919,0.6092077814408792
0.31010290114394734,0.4134787921619919,0.5353656746029237
0.4134705348585964,0.4134787921619919,0.45550814124897243
0.5168381685732455,0.4134787921619919,0.3767467296991315
0.6202058022878947,0.4134787921619919,0.30322932040411255
0.7235734360025438,0.4134787921619919,0.23644275933354347
0.8269410697171944,0.4134787921619919,0.17627310769838547
0.9303087034318435,0.4134787921619919,0.12230502975736268
1.0336763371464925,0.4134787921619919,0.07482206108011706
1.1370439708611417,0.4134787921619919,0.03513949239209154
1.2404116045757907,0.4134787921619919,0.0051909052063817745
1.3437792382904399,0.4134787921619919,-0.013410345189030969
1.447146872005089,0.4134787921619919,-0.020409721551111447
1.550514505719738,0.4134787921619919,-0.017587610261262532
1.6538821394343872,0.4134787921619919,-0.008747447836789188
1.7572497731490362,0.4134787921619919,0.0010514971624212264
1.8606174068636854,0.4134787921619919,0.006800146333020551
1.9639850405783346,0.4134787921619919,0.004960715701196194
2.0673526742929837,0.4134787921619919,-0.005477718424922354
2.1707203080076343,0.4134787921619919,-0.02267705702916456
2.2740879417222835,0.4134787921619919,-0.042487451936268496
2.3774555754369326,0.4134787921619919,-0.059684346276585774
2.4808232091515814,0.4134787921619919,-0.06951527425267956
2.5841908428662306,0.4134787921619919,-0.06906980581078849
2.6875584765808798,0.4134787921619919,-0.058053766267035414
2.790926110295529,0.4134787921619919,-0.0387541824738552
2.894293744010178,0.4134787921619919,-0.015250752525313152
2.997661377724827,0.4134787921619919,0.007830599444555752
3.101029011439476,0.4134787921619919,0.026596874158030925
3.2043966451541253,0.4134787921619919,0.038794842531858595
3.3077642788687744,0.4134787921619919,0.044096826641751526
3.411131912583425,0.4134787921619919,0.043748118450047585
3.514499546298074,0.4134787921619919,0.039780439252735854
3.6178671800127233,0.4134787921619919,0.03412959811287879
3.7212348137273725,0.4134787921619919,0.027997629408007818
3.8246024474420213,0.4134787921619919,0.021675683685735442
3.9279700811566705,0.4134787921619919,0.01484518097887195
4.031337714871319,0.4134787921619919,0.007178610504211589
4.134705348585968,0.4134787921619919,-0.001057608145459006
4.238072982300618,0.4134787921619919,-0.008693370724764575
4.341440616015267,0.4134787921619919,-0.01381164761706546
4.444808249729916,0.4134787921619919,-0.01435123119032757
4.548175883444565,0.4134787921619919,-0.008943448683980063
4.651543517159214,0.4134787921619919,0.0023439452082625253
4.754911150873865,0.4134787921619919,0.01767415107417043
4.858278784588514,0.4134787921619919,0.03370604905598254
4.961646418303163,0.4134787921619919,0.04643123240417996
5.065014052017812,0.4134787921619919,0.052344160023496164
5.168381685732461,0.4134787921619919,0.04956776807392565
5.27174931944711,0.4134787921619919,0.03854733095618394
5.3751169531617595,0.4134787921619919,0.0220527424911323
5.478484586876409,0.4134787921619919,0.004452844262600109
5.581852220591058,0.4134787921619919,-0.00953092555736539
5.685219854305707,0.4134787921619919,-0.01620489284948252
5.788587488020356,0.4134787921619919,-0.013978942281804626
5.8919551217350055,0.4134787921619919,-0.0037943355280059404
5.995322755449654,0.4134787921619919,0.01122888884030777
6.098690389164305,0.4134787921619919,0.026802028605440262
6.202058022878954,0.4134787921619919,0.038799496276553325
6.305425656593603,0.4134787921619919,0.044477837467001104
6.408793290308252,0.4134787921619919,0.043195574712448954
-6.408793290308252,0.51684849020249,0.029309051770418842
-6.305425656593603,0.51684849020249,0.02612542323725768
-6.202058022878954,0.51684849020249,0.023203490384061068
-6.098690389164304,0.51684849020249,0.021385741349700668
-5.995322755449655,0.51684849020249,0.02075928688847743
-5.8919551217350055,0.51684849020249,0.020713365270744962
-5.788587488020356,0.51684849020249,0.020263422882583357
-5.685219854305708,0.51684849020249,0.01849620993606394
-5.581852220591058,0.51684849020249,0.014953151726595471
-5.478484586876409,0.51684849020249,0.009804207892453516
-5.3751169531617595,0.51684849020249,0.0037558346778464543
-5.27174931944711,0.51684849020249,-0.002252611038598861
-5.168381685732461,0.51684849020249,-0.007423855576007866
-5.065014052017812,0.51684849020249,-0.011382198560285415
-4.961646418303163,0.51684849020249,-0.014233941781927778
-4.858278784588514,0.51684849020249,-0.016381599034346588
-4.754911150873865,0.51684849020249,-0.018175627087061202
-4.651543517159215,0.51684849020249,-0.019567191051315203
-4.548175883444566,0.51684849020249,-0.019939287290110384
-4.444808249729917,0.51684849020249,-0.01823150870194537
-4.341440616015267,0.51684849020249,-0.013355967395421485
-4.238072982300618,0.51684849020249,-0.004772173346918093
-4.134705348585968,0.51684849020249,0.007001296903201969
-4.031337714871319,0.51684849020249,0.020170710022931134
-3.9279700811566705,0.51684849020249,0.031897368355609544
-3.8246024474420213,0.51684849020249,0.03897362325606571
-3.7212348137273725,0.51684849020249,0.038774380803561236
-3.6178671800127233,0.51684849020249,0.03018739759460013
-3.514499546298074,0.51684849020249,0.014194036930723596
-3.411131912583425,0.51684849020249,-0.006144102368375663
-3.3077642788687753,0.51684849020249,-0.026357876526443943
-3.204396645154126,0.51684849020249,-0.04174846150402413
-3.101029011439477,0.51684849020249,-0.04873110181482437
-2.9976613777248278,0.51684849020249,-0.04592185502550973
-2.8942937440101786,0.51684849020249,-0.03459873035655959
-2.790926110295529,0.51684849020249,-0.018351488910378137
-2.6875584765808798,0.51684849020249,-0.0019914873266661083
-2.5841908428662306,0.51684849020249,0.009958713020990453
-2.4808232091515814,0.51684849020249,0.014721272178844719
-2.3774555754369326,0.51684849020249,0.012185446106768543
-2.2740879417222835,0.51684849020249,0.0049725488501863495
-2.1707203080076334,0.51684849020249,-0.002409941978238081
-2.067352674292984,0.51684849020249,-0.005078114928918291
-1.9639850405783352,0.51684849020249,0.0005335179992606543
-1.8606174068636863,0.51684849020249,0.015353766896994164
-1.757249773149037,0.51684849020249,0.037195648625900586
-1.6538821394343879,0.51684849020249,0.061323065150587816
-1.550514505719738,0.51684849020249,0.08193540179422162
-1.447146872005089,0.51684849020249,0.09413535863491193
-1.3437792382904399,0.51684849020249,0.09576674547395368
-1.2404116045757907,0.51684849020249,0.08852027794322091
-1.1370439708611417,0.51684849020249,0.07790850320012517
-1.0336763371464925,0.51684849020249,0.07204625964012473
-0.9303087034318435,0.51684849020249,0.07953772033930705
-0.8269410697171936,0.51684849020249,0.10705154576647127
-0.7235734360025445,0.51684849020249,0.15727391663586202
-0.6202058022878953,0.51684849020249,0.2278307765183246
-0.5168381685732463,0.51684849020249,0.3114955373903083
-0.4134705348585972,0.51684849020249,0.39763152912749955
-0.31010290114394806,0.51684849020249,0.47447179005475976
-0.2067352674292982,0.51684849020249,0.5316163331276453
-0.1033676337146491,0.51684849020249,0.5620919621055089
0.,0.51684849020249,0.5634756317412453
0.1033676337146491,0.51684849020249,0.5378738516665567
0.2067352674292982,0.51684849020249,0.49088283103634633
0.31010290114394734,0.51684849020249,0.42992406788111703
0.4134705348585964,0.51684849020249,0.3624800011567895
0.5168381685732455,0.51684849020249,0.29471487683139913
0.6202058022878947,0.51684849020249,0.2307833510157225
0.7235734360025438,0.51684849020249,0.1728737869155801
0.8269410697171944,0.51684849020249,0.12179353054771129
0.9303087034318435,0.51684849020249,0.0777567970288239
1.0336763371464925,0.51684849020249,0.041022650806202265
1.1370439708611417,0.51684849020249,0.012143353287651416
1.2404116045757907,0.51684849020249,-0.008228158487966356
1.3437792382904399,0.51684849020249,-0.01983197766759232
1.447146872005089,0.51684849020249,-0.023332773678422757
1.550514505719738,0.51684849020249,-0.020611385633409845
1.6538821394343872,0.51684849020249,-0.01463415760112931
1.7572497731490362,0.51684849020249,-0.00888409957637266
1.8606174068636854,0.51684849020249,-0.006511814195799694
1.9639850405783346,0.51684849020249,-0.009481026896455417
2.0673526742929837,0.51684849020249,-0.01800107644754264
2.1707203080076343,0.51684849020249,-0.030450972286006583
2.2740879417222835,0.51684849020249,-0.043838436869864585
2.3774555754369326,0.51684849020249,-0.054660106771241855
2.4808232091515814,0.51684849020249,-0.059897812064230525
2.5841908428662306,0.51684849020249,-0.05784530501523336
2.6875584765808798,0.51684849020249,-0.04852203192820515
2.790926110295529,0.51684849020249,-0.03357154631295375
2.894293744010178,0.51684849020249,-0.015711301254502832
2.997661377724827,0.51684849020249,0.0020609203749000164
3.101029011439476,0.51684849020249,0.017236749869440557
3.2043966451541253,0.51684849020249,0.02830805208315728
3.3077642788687744,0.51684849020249,0.03489353947369411
3.411131912583425,0.51684849020249,0.03750042082246369
3.514499546298074,0.51684849020249,0.03706610876321065
3.6178671800127233,0.51684849020249,0.03448777806660348
3.7212348137273725,0.51684849020249,0.030327905108633226
3.8246024474420213,0.51684849020249,0.024793545297820765
3.9279700811566705,0.51684849020249,0.01796363078136475
4.031337714871319,0.51684849020249,0.010130905338503072
4.134705348585968,0.51684849020249,0.0020750066185071378
4.238072982300618,0.51684849020249,-0.004890260245256669
4.341440616015267,0.51684849020249,-0.009159734524319053
4.444808249729916,0.51684849020249,-0.009311190236461578
4.548175883444565,0.51684849020249,-0.004647231334589802
4.651543517159214,0.51684849020249,0.0044049758167515225
4.754911150873865,0.51684849020249,0.016212449619780515
4.858278784588514,0.51684849020249,0.028246661812143636
4.961646418303163,0.51684849020249,0.03772114668521291
5.065014052017812,0.51684849020249,0.04237048056969889
5.168381685732461,0.51684849020249,0.041123276690142534
5.27174931944711,0.51684849020249,0.03444496427238729
5.3751169531617595,0.51684849020249,0.024227961177513854
5.478484586876409,0.51684849020249,0.013253429830276038
5.581852220591058,0.51684849020249,0.004389833839980951
5.685219854305707,0.51684849020249,-0.0002198396877502892
5.788587488020356,0.51684849020249,0.00027189798829467706
5.8919551217350055,0.51684849020249,0.005261052275442495
5.995322755449654,0.51684849020249,0.012982620847178664
6.098690389164305,0.51684849020249,0.021133282294602224
6.202058022878954,0.51684849020249,0.027607919802389844
6.305425656593603,0.51684849020249,0.03110473315837647
6.408793290308252,0.51684849020249,0.03141114557934793
-6.408793290308252,0.6202181882429882,0.020985989453574928
-6.305425656593603,0.6202181882429882,0.024645591977252898
-6.202058022878954,0.6202181882429882,0.027729546205995444
-6.098690389164304,0.6202181882429882,0.02930860407415552
-5.995322755449655,0.6202181882429882,0.02867672451351695
-5.8919551217350055,0.6202181882429882,0.025619708111605105
-5.788587488020356,0.6202181882429882,0.020545203364904643
-5.685219854305708,0.6202181882429882,0.014405923007698471
-5.581852220591058,0.6202181882429882,0.008420175578454288
-5.478484586876409,0.6202181882429882,0.003672316921578907
-5.3751169531617595,0.6202181882429882,0.0007308834683151601
-5.27174931944711,0.6202181882429882,-0.0005693407809002267
-5.168381685732461,0.6202181882429882,-0.0010810634484346017
-5.065014052017812,0.6202181882429882,-0.0020223771253353425
-4.961646418303163,0.6202181882429882,-0.004469622918701992
-4.858278784588514,0.6202181882429882,-0.00883591277267794
-4.754911150873865,0.6202181882429882,-0.014531796871058494
-4.651543517159215,0.6202181882429882,-0.019961587843101702
-4.548175883444566,0.6202181882429882,-0.022905823154668523
-4.444808249729917,0.6202181882429882,-0.02120814078487246
-4.341440616015267,0.6202181882429882,-0.01356730353410536
-4.238072982300618,0.6202181882429882,-0.0001746307008460168
-4.134705348585968,0.6202181882429882,0.017040252394160835
-4.031337714871319,0.6202181882429882,0.034687122527151115
-3.9279700811566705,0.6202181882429882,0.048688820865931785
-3.8246024474420213,0.6202181882429882,0.055359176675272494
-3.7212348137273725,0.6202181882429882,0.0524785309267855
-3.6178671800127233,0.6202181882429882,0.04003578155692356
-3.514499546298074,0.6202181882429882,0.02038599426424209
-3.411131912583425,0.6202181882429882,-0.0022622227897740274
-3.3077642788687753,0.6202181882429882,-0.022913497761035167
-3.204396645154126,0.6202181882429882,-0.03711457990502531
-3.101029011439477,0.6202181882429882,-0.042160432827725546
-2.9976613777248278,0.6202181882429882,-0.03781583884662711
-2.8942937440101786,0.6202181882429882,-0.02632716251313114
-2.790926110295529,0.6202181882429882,-0.011709351739728814
-2.6875584765808798,0.6202181882429882,0.0014860489833036635
-2.5841908428662306,0.6202181882429882,0.009553997129286678
-2.4808232091515814,0.6202181882429882,0.010750834946991927
-2.3774555754369326,0.6202181882429882,0.0057991343196167324
-2.2740879417222835,0.6202181882429882,-0.002374778880710057
-2.1707203080076334,0.6202181882429882,-0.00959222634836735
-2.067352674292984,0.6202181882429882,-0.01177000318505019
-1.9639850405783352,0.6202181882429882,-0.006246398791372924
-1.8606174068636863,0.6202181882429882,0.007330306166844547
-1.757249773149037,0.6202181882429882,0.026835607735517766
-1.6538821394343879,0.6202181882429882,0.04828974553354067
-1.550514505719738,0.6202181882429882,0.06708938231598863
-1.447146872005089,0.6202181882429882,0.07948435412244277
-1.3437792382904399,0.6202181882429882,0.08385459045305259
-1.2404116045757907,0.6202181882429882,0.08139666303246516
-1.1370439708611417,0.6202181882429882,0.07600026681386571
-1.0336763371464925,0.6202181882429882,0.07333010616123682
-0.9303087034318435,0.6202181882429882,0.07935750603701305
-0.8269410697171936,0.6202181882429882,0.09874134790267841
-0.7235734360025445,0.6202181882429882,0.1334960807316889
-0.6202058022878953,0.6202181882429882,0.1822981081705954
-0.5168381685732463,0.6202181882429882,0.2406003543343554
-0.4134705348585972,0.6202181882429882,0.3015044089941402
-0.31010290114394806,0.6202181882429882,0.3571449958966981
-0.2067352674292982,0.6202181882429882,0.4002259424990874
-0.1033676337146491,0.6202181882429882,0.42533712549134
0.,0.6202181882429882,0.4297719819654997
0.1033676337146491,0.6202181882429882,0.4137204864610249
0.2067352674292982,0.6202181882429882,0.37988251505990084
0.31010290114394734,0.6202181882429882,0.3326815604252974
0.4134705348585964,0.6202181882429882,0.27732498560492186
0.5168381685732455,0.6202181882429882,0.21894520661639813
0.6202058022878947,0.6202181882429882,0.1619820150944858
0.7235734360025438,0.6202181882429882,0.10986243544868472
0.8269410697171944,0.6202181882429882,0.06493840409239995
0.9303087034318435,0.6202181882429882,0.028583385805637115
1.0336763371464925,0.6202181882429882,0.001339198477443377
1.1370439708611417,0.6202181882429882,-0.016962745648954412
1.2404116045757907,0.6202181882429882,-0.027126731506277306
1.3437792382904399,0.6202181882429882,-0.030534810575907286
1.447146872005089,0.6202181882429882,-0.029050432969270207
1.550514505719738,0.6202181882429882,-0.024836979015862938
1.6538821394343872,0.6202181882429882,-0.02008127032177016
1.7572497731490362,0.6202181882429882,-0.01665999709797461
1.8606174068636854,0.6202181882429882,-0.01582495286347103
1.9639850405783346,0.6202181882429882,-0.01799442697458461
2.0673526742929837,0.6202181882429882,-0.02271715747301335
2.1707203080076343,0.6202181882429882,-0.028828600630542
2.2740879417222835,0.6202181882429882,-0.03476337414254193
2.3774555754369326,0.6202181882429882,-0.038942335066060915
2.4808232091515814,0.6202181882429882,-0.040133505270289194
2.5841908428662306,0.6202181882429882,-0.037698859118956915
2.6875584765808798,0.6202181882429882,-0.03167818833341869
2.790926110295529,0.6202181882429882,-0.022712175609042897
2.894293744010178,0.6202181882429882,-0.01185148486604276
2.997661377724827,0.6202181882429882,-0.00032259590953892373
3.101029011439476,0.6202181882429882,0.010681670956966401
3.2043966451541253,0.6202181882429882,0.02014417241068518
3.3077642788687744,0.6202181882429882,0.027290514266574094
3.411131912583425,0.6202181882429882,0.031604003502757584
3.514499546298074,0.6202181882429882,0.03282485155539318
3.6178671800127233,0.6202181882429882,0.03096278604963859
3.7212348137273725,0.6202181882429882,0.026329354151725482
3.8246024474420213,0.6202181882429882,0.019569475649089587
3.9279700811566705,0.6202181882429882,0.011654680437948471
4.031337714871319,0.6202181882429882,0.003802333987947743
4.134705348585968,0.6202181882429882,-0.0026927280247188382
4.238072982300618,0.6202181882429882,-0.0066930482102636945
4.341440616015267,0.6202181882429882,-0.007465302725455745
4.444808249729916,0.6202181882429882,-0.004866629614435182
4.548175883444565,0.6202181882429882,0.0005945365855450655
4.651543517159214,0.6202181882429882,0.0078558289441062
4.754911150873865,0.6202181882429882,0.015541514425590725
4.858278784588514,0.6202181882429882,0.022284570853087868
4.961646418303163,0.6202181882429882,0.02703990251973149
5.065014052017812,0.6202181882429882,0.029298896722606427
5.168381685732461,0.6202181882429882,0.029146341751732634
5.27174931944711,0.6202181882429882,0.027151762056703603
5.3751169531617595,0.6202181882429882,0.024140796968516735
5.478484586876409,0.6202181882429882,0.02092936170361674
5.581852220591058,0.6202181882429882,0.01811069344374052
5.685219854305707,0.6202181882429882,0.015960479624017573
5.788587488020356,0.6202181882429882,0.014477489065435318
5.8919551217350055,0.6202181882429882,0.013524497122352895
5.995322755449654,0.6202181882429882,0.012996819759496165
6.098690389164305,0.6202181882429882,0.01293789469090019
6.202058022878954,0.6202181882429882,0.013546320008026254
6.305425656593603,0.6202181882429882,0.015067103660446184
6.408793290308252,0.6202181882429882,0.017612671251962524
-6.408793290308252,0.7235878862834864,0.013085873787061272
-6.305425656593603,0.7235878862834864,0.022555656174311815
-6.202058022878954,0.7235878862834864,0.030468352850669157
-6.098690389164304,0.7235878862834864,0.03447292270776116
-5.995322755449655,0.7235878862834864,0.03335290185862757
-5.8919551217350055,0.7235878862834864,0.0274108979316157
-5.788587488020356,0.7235878862834864,0.018359686581925546
-5.685219854305708,0.7235878862834864,0.008748031443267228
-5.581852220591058,0.7235878862834864,0.0011082631498602266
-5.478484586876409,0.7235878862834864,-0.0028883950578565847
-5.3751169531617595,0.7235878862834864,-0.0029791827068920422
-5.27174931944711,0.7235878862834864,-0.0003656923375947915
-5.168381685732461,0.7235878862834864,0.002751497496191247
-5.065014052017812,0.7235878862834864,0.004010262194995278
-4.961646418303163,0.7235878862834864,0.001814241149636254
-4.858278784588514,0.7235878862834864,-0.003972818255637526
-4.754911150873865,0.7235878862834864,-0.011820505402603246
-4.651543517159215,0.7235878862834864,-0.018911153642993655
-4.548175883444566,0.7235878862834864,-0.022008365913930784
-4.444808249729917,0.7235878862834864,-0.018548668980605986
-4.341440616015267,0.7235878862834864,-0.007604034458764043
-4.238072982300618,0.7235878862834864,0.009609724437218787
-4.134705348585968,0.7235878862834864,0.029869094177735516
-4.031337714871319,0.7235878862834864,0.04871366389019925
-3.9279700811566705,0.7235878862834864,0.06163941418300955
-3.8246024474420213,0.7235878862834864,0.06536319040763365
-3.7212348137273725,0.7235878862834864,0.05877653907759395
-3.6178671800127233,0.7235878862834864,0.043296006565125875
-3.514499546298074,0.7235878862834864,0.022498009675582867
-3.411131912583425,0.7235878862834864,0.0011427727306872158
-3.3077642788687753,0.7235878862834864,-0.01612420529343136
-3.204396645154126,0.7235878862834864,-0.026010264346712168
-3.101029011439477,0.7235878862834864,-0.027393876499668793
-2.9976613777248278,0.7235878862834864,-0.021496104633466892
-2.8942937440101786,0.7235878862834864,-0.01137658004957295
-2.790926110295529,0.7235878862834864,-0.0009271292685285986
-2.6875584765808798,0.7235878862834864,0.006320658196390309
-2.5841908428662306,0.7235878862834864,0.008215056461586023
-2.4808232091515814,0.7235878862834864,0.004539538588649068
-2.3774555754369326,0.7235878862834864,-0.003035372856152907
-2.2740879417222835,0.7235878862834864,-0.011555979528083292
-2.1707203080076334,0.7235878862834864,-0.01773428067548142
-2.067352674292984,0.7235878862834864,-0.018940461069561983
-1.9639850405783352,0.7235878862834864,-0.013942661858614296
-1.8606174068636863,0.7235878862834864,-0.00319105512743979
-1.757249773149037,0.7235878862834864,0.01140916760507063
-1.6538821394343879,0.7235878862834864,0.02713779327896463
-1.550514505719738,0.7235878862834864,0.04130160346930322
-1.447146872005089,0.7235878862834864,0.052025519734127314
-1.3437792382904399,0.7235878862834864,0.058775018256019426
-1.2404116045757907,0.7235878862834864,0.06248591636013321
-1.1370439708611417,0.7235878862834864,0.06529647204870329
-1.0336763371464925,0.7235878862834864,0.06998275432161258
-0.9303087034318435,0.7235878862834864,0.07926242781378635
-0.8269410697171936,0.7235878862834864,0.0951422837246904
-0.7235734360025445,0.7235878862834864,0.11844735127948008
-0.6202058022878953,0.7235878862834864,0.14860425336747873
-0.5168381685732463,0.7235878862834864,0.18368349506269657
-0.4134705348585972,0.7235878862834864,0.22065497416188465
-0.31010290114394806,0.7235878862834864,0.25578766302193523
-0.2067352674292982,0.7235878862834864,0.28512530304168543
-0.1033676337146491,0.7235878862834864,0.3049835172976608
0.,0.7235878862834864,0.3124263606922283
0.1033676337146491,0.7235878862834864,0.30568308333257704
0.2067352674292982,0.7235878862834864,0.28445863185196196
0.31010290114394734,0.7235878862834864,0.250082471514683
0.4134705348585964,0.7235878862834864,0.20544208136393727
0.5168381685732455,0.7235878862834864,0.1546699186724274
0.6202058022878947,0.7235878862834864,0.10259747071776056
0.7235734360025438,0.7235878862834864,0.05404813461262128
0.8269410697171944,0.7235878862834864,0.013094311487733004
0.9303087034318435,0.7235878862834864,-0.017567084214987025
1.0336763371464925,0.7235878862834864,-0.03697750540586587
1.1370439708611417,0.7235878862834864,-0.04592862398950472
1.2404116045757907,0.7235878862834864,-0.04661853449644443
1.3437792382904399,0.7235878862834864,-0.04203977146817219
1.447146872005089,0.7235878862834864,-0.03525762655824567
1.550514505719738,0.7235878862834864,-0.028763921122977616
1.6538821394343872,0.7235878862834864,-0.024063874891204807
1.7572497731490362,0.7235878862834864,-0.02157972117064412
1.8606174068636854,0.7235878862834864,-0.020857544706240776
1.9639850405783346,0.7235878862834864,-0.020974800614797357
2.0673526742929837,0.7235878862834864,-0.02099390716225796
2.1707203080076343,0.7235878862834864,-0.020308476074226017
2.2740879417222835,0.7235878862834864,-0.018781163353795857
2.3774555754369326,0.7235878862834864,-0.016656122104290617
2.4808232091515814,0.7235878862834864,-0.014314125940310429
2.5841908428662306,0.7235878862834864,-0.011994078809707345
2.6875584765808798,0.7235878862834864,-0.009611175362750921
2.790926110295529,0.7235878862834864,-0.006757749850785058
2.894293744010178,0.7235878862834864,-0.0028948615356213722
2.997661377724827,0.7235878862834864,0.002339452155269831
3.101029011439476,0.7235878862834864,0.008834038848379232
3.2043966451541253,0.7235878862834864,0.015854885662524604
3.3077642788687744,0.7235878862834864,0.022128446533489627
3.411131912583425,0.7235878862834864,0.026160004963517943
3.514499546298074,0.7235878862834864,0.026697603377090758
3.6178671800127233,0.7235878862834864,0.02318800913994001
3.7212348137273725,0.7235878862834864,0.01605982877586455
3.8246024474420213,0.7235878862834864,0.006717228055063553
3.9279700811566705,0.7235878862834864,-0.0027787555182667654
4.031337714871319,0.7235878862834864,-0.01025713728278395
4.134705348585968,0.7235878862834864,-0.014044864245014036
4.238072982300618,0.7235878862834864,-0.013439880874459041
4.341440616015267,0.7235878862834864,-0.008891947932510849
4.444808249729916,0.7235878862834864,-0.0018278112248863076
4.548175883444565,0.7235878862834864,0.0058241401480910344
4.651543517159214,0.7235878862834864,0.012252291669814777
4.754911150873865,0.7235878862834864,0.016315966233116874
4.858278784588514,0.7235878862834864,0.017849122329415077
4.961646418303163,0.7235878862834864,0.017613577416861117
5.065014052017812,0.7235878862834864,0.016924019962699946
5.168381685732461,0.7235878862834864,0.01708305627229802
5.27174931944711,0.7235878862834864,0.01883316335569817
5.3751169531617595,0.7235878862834864,0.022028465251594895
5.478484586876409,0.7235878862834864,0.025652623968079085
5.581852220591058,0.7235878862834864,0.02818549007692482
5.685219854305707,0.7235878862834864,0.02819342697381655
5.788587488020356,0.7235878862834864,0.02493185869213458
5.8919551217350055,0.7235878862834864,0.01873555830303713
5.995322755449654,0.7235878862834864,0.011039337196267191
6.098690389164305,0.7235878862834864,0.003997775761826234
6.202058022878954,0.7235878862834864,-0.00018529117217581668
6.305425656593603,0.7235878862834864,1.6646245961689608e-6
6.408793290308252,0.7235878862834864,0.004820002098996355
-6.408793290308252,0.8269575843239845,0.007020018524992211
-6.305425656593603,0.8269575843239845,0.019801968483559057
-6.202058022878954,0.8269575843239845,0.030147427657275135
-6.098690389164304,0.8269575843239845,0.03500754089966176
-5.995322755449655,0.8269575843239845,0.03309161753706931
-5.8919551217350055,0.8269575843239845,0.025234948312676305
-5.788587488020356,0.8269575843239845,0.014055332646610436
-5.685219854305708,0.8269575843239845,0.00302115383219087
-5.581852220591058,0.8269575843239845,-0.004744913734883257
-5.478484586876409,0.8269575843239845,-0.007512573205708106
-5.3751169531617595,0.8269575843239845,-0.005479767336819145
-5.27174931944711,0.8269575843239845,-0.0006143035138177811
-5.168381685732461,0.8269575843239845,0.0041404697552428985
-5.065014052017812,0.8269575843239845,0.00601524087404494
-4.961646418303163,0.8269575843239845,0.0035127137907289825
-4.858278784588514,0.8269575843239845,-0.0029387306955204963
-4.754911150873865,0.8269575843239845,-0.01101806601504697
-4.651543517159215,0.8269575843239845,-0.01723810983513157
-4.548175883444566,0.8269575843239845,-0.018131763564800972
-4.444808249729917,0.8269575843239845,-0.011501288012456107
-4.341440616015267,0.8269575843239845,0.0026955225204489423
-4.238072982300618,0.8269575843239845,0.022133537006273463
-4.134705348585968,0.8269575843239845,0.04267325239575643
-4.031337714871319,0.8269575843239845,0.0595162148154488
-3.9279700811566705,0.8269575843239845,0.06860079900068163
-3.8246024474420213,0.8269575843239845,0.06779598829387184
-3.7212348137273725,0.8269575843239845,0.05751615217103998
-3.6178671800127233,0.8269575843239845,0.04056793135639927
-3.514499546298074,0.8269575843239845,0.021287660407686964
-3.411131912583425,0.8269575843239845,0.004251948163319993
-3.3077642788687753,0.8269575843239845,-0.007028083321705549
-3.204396645154126,0.8269575843239845,-0.011026484022690634
-3.101029011439477,0.8269575843239845,-0.008471264485070608
-2.9976613777248278,0.8269575843239845,-0.0019153015274629274
-2.8942937440101786,0.8269575843239845,0.005213958450892202
-2.790926110295529,0.8269575843239845,0.009753603938643931
-2.6875584765808798,0.8269575843239845,0.009761346447719753
-2.5841908428662306,0.8269575843239845,0.005001067716131052
-2.4808232091515814,0.8269575843239845,-0.0031561193108142213
-2.3774555754369326,0.8269575843239845,-0.012329365580266767
-2.2740879417222835,0.8269575843239845,-0.019980864064870377
-2.1707203080076334,0.8269575843239845,-0.024216619953176446
-2.067352674292984,0.8269575843239845,-0.024273246084491055
-1.9639850405783352,0.8269575843239845,-0.0205607368312676
-1.8606174068636863,0.8269575843239845,-0.014297924507848687
-1.757249773149037,0.8269575843239845,-0.006917715683159099
-1.6538821394343879,0.8269575843239845,0.0005151847045795074
-1.550514505719738,0.8269575843239845,0.007659394361848043
-1.447146872005089,0.8269575843239845,0.01491560813522686
-1.3437792382904399,0.8269575843239845,0.023138671072106886
-1.2404116045757907,0.8269575843239845,0.033190548032711015
-1.1370439708611417,0.8269575843239845,0.04553436030556199
-1.0336763371464925,0.8269575843239845,0.060039144594482646
-0.9303087034318435,0.8269575843239845,0.07606616658734554
-0.8269410697171936,0.8269575843239845,0.09278167691795361
-0.7235734360025445,0.8269575843239845,0.10953940049430463
-0.6202058022878953,0.8269575843239845,0.1261406401389981
-0.5168381685732463,0.8269575843239845,0.14282660585554877
-0.4134705348585972,0.8269575843239845,0.15997001896918703
-0.31010290114394806,0.8269575843239845,0.17756811819538587
-0.2067352674292982,0.8269575843239845,0.19474318074416816
-0.1033676337146491,0.8269575843239845,0.20948552293141448
0.,0.8269575843239845,0.21881051565824558
0.1033676337146491,0.8269575843239845,0.2193627876157284
0.2067352674292982,0.8269575843239845,0.2083342850989664
0.31010290114394734,0.8269575843239845,0.18442831469714066
0.4134705348585964,0.8269575843239845,0.14855095010205047
0.5168381685732455,0.8269575843239845,0.10396852209046327
0.6202058022878947,0.8269575843239845,0.0558221340042257
0.7235734360025438,0.8269575843239845,0.01008981703030993
0.8269410697171944,0.8269575843239845,-0.02773204017808625
0.9303087034318435,0.8269575843239845,-0.05385611740761521
1.0336763371464925,0.8269575843239845,-0.06698549142167277
1.1370439708611417,0.8269575843239845,-0.06842535003852006
1.2404116045757907,0.8269575843239845,-0.0615060252146299
1.3437792382904399,0.8269575843239845,-0.05050902775136462
1.447146872005089,0.8269575843239845,-0.03943545723985199
1.550514505719738,0.8269575843239845,-0.030992490179546025
1.6538821394343872,0.8269575843239845,-0.02608792892046852
1.7572497731490362,0.8269575843239845,-0.0239455721481285
1.8606174068636854,0.8269575843239845,-0.022746599142686886
1.9639850405783346,0.8269575843239845,-0.02053480839316265
2.0673526742929837,0.8269575843239845,-0.016052009905614062
2.1707203080076343,0.8269575843239845,-0.00921571998421713
2.2740879417222835,0.8269575843239845,-0.0010950493702896694
2.3774555754369326,0.8269575843239845,0.006570920220748414
2.4808232091515814,0.8269575843239845,0.012102756420430627
2.5841908428662306,0.8269575843239845,0.014565100161817116
2.6875584765808798,0.8269575843239845,0.014138865430735082
2.790926110295529,0.8269575843239845,0.012038683815483547
2.894293744010178,0.8269575843239845,0.010009029863598548
2.997661377724827,0.8269575843239845,0.009594754467667646
3.101029011439476,0.8269575843239845,0.011470494156009195
3.2043966451541253,0.8269575843239845,0.015095640220732643
3.3077642788687744,0.8269575843239845,0.01884313406139846
3.411131912583425,0.8269575843239845,0.02057405598179714
3.514499546298074,0.8269575843239845,0.018460110272148073
3.6178671800127233,0.8269575843239845,0.011755401315642611
3.7212348137273725,0.8269575843239845,0.0012257173454809551
3.8246024474420213,0.8269575843239845,-0.010942261503792027
3.9279700811566705,0.8269575843239845,-0.02174696019271722
4.031337714871319,0.8269575843239845,-0.028302062021602205
4.134705348585968,0.8269575843239845,-0.028776947582147216
4.238072982300618,0.8269575843239845,-0.023019655699771265
4.341440616015267,0.8269575843239845,-0.012637028527031005
4.444808249729916,0.8269575843239845,-0.0004914082685930994
4.548175883444565,0.8269575843239845,0.010223738821715064
4.651543517159214,0.8269575843239845,0.017017180908317546
4.754911150873865,0.8269575843239845,0.018887633160505644
4.858278784588514,0.8269575843239845,0.016592618811014603
4.961646418303163,0.8269575843239845,0.012303854816848684
5.065014052017812,0.8269575843239845,0.008768756721109185
5.168381685732461,0.8269575843239845,0.008272532017480802
5.27174931944711,0.8269575843239845,0.01176871192956792
5.3751169531617595,0.8269575843239845,0.018490625547573008
5.478484586876409,0.8269575843239845,0.026189979803872464
5.581852220591058,0.8269575843239845,0.03192840048366709
5.685219854305707,0.8269575843239845,0.033150271456705314
5.788587488020356,0.8269575843239845,0.028660246342996274
5.8919551217350055,0.8269575843239845,0.019154599400919743
5.995322755449654,0.8269575843239845,0.007104997462860923
6.098690389164305,0.8269575843239845,-0.003984185250168516
6.202058022878954,0.8269575843239845,-0.010704914028795682
6.305425656593603,0.8269575843239845,-0.010881780708040766
6.408793290308252,0.8269575843239845,-0.004326746647641807
-6.408793290308252,0.9303272823644827,0.0035666066521099172
-6.305425656593603,0.9303272823644827,0.01639040767971363
-6.202058022878954,0.9303272823644827,0.026177003049972645
-6.098690389164304,0.9303272823644827,0.030077580354940063
-5.995322755449655,0.9303272823644827,0.02721191039780639
-5.8919551217350055,0.9303272823644827,0.01888224922166498
-5.788587488020356,0.9303272823644827,0.008039214674788442
-5.685219854305708,0.9303272823644827,-0.0018015380206116418
-5.581852220591058,0.9303272823644827,-0.007802432743146495
-5.478484586876409,0.9303272823644827,-0.008764995382108133
-5.3751169531617595,0.9303272823644827,-0.005470750148113739
-5.27174931944711,0.9303272823644827,-0.0002872348286603167
-5.168381685732461,0.9303272823644827,0.003811960256139818
-5.065014052017812,0.9303272823644827,0.00445353836879609
-4.961646418303163,0.9303272823644827,0.000854686560651198
-4.858278784588514,0.9303272823644827,-0.005770853381779069
-4.754911150873865,0.9303272823644827,-0.012552453333186454
-4.651543517159215,0.9303272823644827,-0.01594387032843706
-4.548175883444566,0.9303272823644827,-0.01301039270274423
-4.444808249729917,0.9303272823644827,-0.002570640989082672
-4.341440616015267,0.9303272823644827,0.014216109917842648
-4.238072982300618,0.9303272823644827,0.03404018835594902
-4.134705348585968,0.9303272823644827,0.05236655909764386
-4.031337714871319,0.9303272823644827,0.06479821964447872
-3.9279700811566705,0.9303272823644827,0.06842831890673959
-3.8246024474420213,0.9303272823644827,0.06273177225064029
-3.7212348137273725,0.9303272823644827,0.04970112080619866
-3.6178671800127233,0.9303272823644827,0.03318562915232248
-3.514499546298074,0.9303272823644827,0.01765935619445698
-3.411131912583425,0.9303272823644827,0.006831573350189037
-3.3077642788687753,0.9303272823644827,0.0025578824256994146
-3.204396645154126,0.9303272823644827,0.0043990634070984426
-3.101029011439477,0.9303272823644827,0.00994764829663321
-2.9976613777248278,0.9303272823644827,0.015779616901862272
-2.8942937440101786,0.9303272823644827,0.018681767487052914
-2.790926110295529,0.9303272823644827,0.016724697891220896
-2.6875584765808798,0.9303272823644827,0.009822151167691091
-2.5841908428662306,0.9303272823644827,-0.00038856298033312805
-2.4808232091515814,0.9303272823644827,-0.01126438404470384
-2.3774555754369326,0.9303272823644827,-0.020182123711623257
-2.2740879417222835,0.9303272823644827,-0.025481839604925203
-2.1707203080076334,0.9303272823644827,-0.02698181654902227
-2.067352674292984,0.9303272823644827,-0.02588795960125038
-1.9639850405783352,0.9303272823644827,-0.02415110229275403
-1.8606174068636863,0.9303272823644827,-0.023533238980416205
-1.757249773149037,0.9303272823644827,-0.02475214456692114
-1.6538821394343879,0.9303272823644827,-0.027043839141724996
-1.550514505719738,0.9303272823644827,-0.0283251041838083
-1.447146872005089,0.9303272823644827,-0.025911517830696264
-1.3437792382904399,0.9303272823644827,-0.017533668552734267
-1.2404116045757907,0.9303272823644827,-0.002274206044253558
-1.1370439708611417,0.9303272823644827,0.0189331710793175
-1.0336763371464925,0.9303272823644827,0.04344928893042523
-0.9303087034318435,0.9303272823644827,0.06769326819340676
-0.8269410697171936,0.9303272823644827,0.0882685311667399
-0.7235734360025445,0.9303272823644827,0.1030528355074256
-0.6202058022878953,0.9303272823644827,0.11185326112682681
-0.5168381685732463,0.9303272823644827,0.1163716419336828
-0.4134705348585972,0.9303272823644827,0.11946762843843106
-0.31010290114394806,0.9303272823644827,0.12396110116953778
-0.2067352674292982,0.9303272823644827,0.13139217835958764
-0.1033676337146491,0.9303272823644827,0.14119037369551618
0.,0.9303272823644827,0.15057861305293813
0.1033676337146491,0.9303272823644827,0.15529266197633
0.2067352674292982,0.9303272823644827,0.15091466957523736
0.31010290114394734,0.9303272823644827,0.13439816295785578
0.4134705348585964,0.9303272823644827,0.10527894756047361
0.5168381685732455,0.9303272823644827,0.0661534544664952
0.6202058022878947,0.9303272823644827,0.022236563678293502
0.7235734360025438,0.9303272823644827,-0.019891221887454225
0.8269410697171944,0.9303272823644827,-0.053971953291818975
0.9303087034318435,0.9303272823644827,-0.07567489118225025
1.0336763371464925,0.9303272823644827,-0.08362547269380209
1.1370439708611417,0.9303272823644827,-0.079554244431918
1.2404116045757907,0.9303272823644827,-0.06754681278084541
1.3437792382904399,0.9303272823644827,-0.05266278457572318
1.447146872005089,0.9303272823644827,-0.039384505758089244
1.550514505719738,0.9303272823644827,-0.03039256454637016
1.6538821394343872,0.9303272823644827,-0.02603592603331181
1.7572497731490362,0.9303272823644827,-0.024617836627773428
1.8606174068636854,0.9303272823644827,-0.023340946846337755
1.9639850405783346,0.9303272823644827,-0.019541729762462365
2.0673526742929837,0.9303272823644827,-0.011766128878212724
2.1707203080076343,0.9303272823644827,-0.0003179393749388484
2.2740879417222835,0.9303272823644827,0.012884075666173778
2.3774555754369326,0.9303272823644827,0.025050433186466457
2.4808232091515814,0.9303272823644827,0.03356431635820318
2.5841908428662306,0.9303272823644827,0.03692525864699385
2.6875584765808798,0.9303272823644827,0.035244803233972936
2.790926110295529,0.9303272823644827,0.030121763808138812
2.894293744010178,0.9303272823644827,0.023959827551874646
2.997661377724827,0.9303272823644827,0.018997999611659076
3.101029011439476,0.9303272823644827,0.016429276298802187
3.2043966451541253,0.9303272823644827,0.015947490467454244
3.3077642788687744,0.9303272823644827,0.015900298266833722
3.411131912583425,0.9303272823644827,0.013997574494378896
3.514499546298074,0.9303272823644827,0.00831309264077071
3.6178671800127233,0.9303272823644827,-0.0017988653379008763
3.7212348137273725,0.9303272823644827,-0.015227905205392028
3.8246024474420213,0.9303272823644827,-0.029274480058437406
3.9279700811566705,0.9303272823644827,-0.04042930839575762
4.031337714871319,0.9303272823644827,-0.04550940047688713
4.134705348585968,0.9303272823644827,-0.04275695678473198
4.238072982300618,0.9303272823644827,-0.032508571151015096
4.341440616015267,0.9303272823644827,-0.017184204409004953
4.444808249729916,0.9303272823644827,-0.0005796330584096988
4.548175883444565,0.9303272823644827,0.013309661543790721
4.651543517159214,0.9303272823644827,0.021537596048780347
4.754911150873865,0.9303272823644827,0.02310341890269626
4.858278784588514,0.9303272823644827,0.0191870680570568
4.961646418303163,0.9303272823644827,0.012644210659112304
5.065014052017812,0.9303272823644827,0.006938513650197524
5.168381685732461,0.9303272823644827,0.004885262559502011
5.27174931944711,0.9303272823644827,0.007646748484244075
5.3751169531617595,0.9303272823644827,0.014331832090215131
5.478484586876409,0.9303272823644827,0.022339957562831636
5.581852220591058,0.9303272823644827,0.02832768706297437
5.685219854305707,0.9303272823644827,0.02945558665253953
5.788587488020356,0.9303272823644827,0.024472670757673693
5.8919551217350055,0.9303272823644827,0.014250474168415227
5.995322755449654,0.9303272823644827,0.001570473745655259
6.098690389164305,0.9303272823644827,-0.009769836840191861
6.202058022878954,0.9303272823644827,-0.01622706198986877
6.305425656593603,0.9303272823644827,-0.01571920362038046
6.408793290308252,0.9303272823644827,-0.008350551430173487
-6.408793290308252,1.033696980404981,0.002633881826387491
-6.305425656593603,1.033696980404981,0.012362786926701211
-6.202058022878954,1.033696980404981,0.01882481525842995
-6.098690389164304,1.033696980404981,0.020187684767248408
-5.995322755449655,1.033696980404981,0.016381019294832835
-5.8919551217350055,1.033696980404981,0.009051891481272516
-5.788587488020356,1.033696980404981,0.0009084243810831544
-5.685219854305708,1.033696980404981,-0.005303130256638874
-5.581852220591058,1.033696980404981,-0.007809141660726365
-5.478484586876409,1.033696980404981,-0.00643316044743788
-5.3751169531617595,1.033696980404981,-0.002601954261045436
-5.27174931944711,1.033696980404981,0.0012713084931783947
-5.168381685732461,1.033696980404981,0.002799153341990711
-5.065014052017812,1.033696980404981,0.0006484522663936862
-4.961646418303163,1.033696980404981,-0.004807205830511951
-4.858278784588514,1.033696980404981,-0.011474090283757147
-4.754911150873865,1.033696980404981,-0.016196971226378327
-4.651543517159215,1.033696980404981,-0.01587561794160881
-4.548175883444566,1.033696980404981,-0.008649137414764647
-4.444808249729917,1.033696980404981,0.00528108327899741
-4.341440616015267,1.033696980404981,0.02350461820239018
-4.238072982300618,1.033696980404981,0.042015798192822446
-4.134705348585968,1.033696980404981,0.05640586091268073
-4.031337714871319,1.033696980404981,0.06324259296185036
-3.9279700811566705,1.033696980404981,0.061170875817595324
-3.8246024474420213,1.033696980404981,0.05135383630341022
-3.7212348137273725,1.033696980404981,0.03709482445038764
-3.6178671800127233,1.033696980404981,0.022759690297862838
-3.514499546298074,1.033696980404981,0.012359715377971297
-3.411131912583425,1.033696980404981,0.008273446213054368
-3.3077642788687753,1.033696980404981,0.010538381326423249
-3.204396645154126,1.033696980404981,0.01694646959528365
-3.101029011439477,1.033696980404981,0.023898870660720287
-2.9976613777248278,1.033696980404981,0.02771265250911888
-2.8942937440101786,1.033696980404981,0.025917287204965948
-2.790926110295529,1.033696980404981,0.01808661080294277
-2.6875584765808798,1.033696980404981,0.005919899044477356
-2.5841908428662306,1.033696980404981,-0.007445153590339296
-2.4808232091515814,1.033696980404981,-0.01862959419201517
-2.3774555754369326,1.033696980404981,-0.025279143768248923
-2.2740879417222835,1.033696980404981,-0.026931747381247102
-2.1707203080076334,1.033696980404981,-0.02516177361624967
-2.067352674292984,1.033696980404981,-0.022936750191213336
-1.9639850405783352,1.033696980404981,-0.023410020706613622
-1.8606174068636863,1.033696980404981,-0.028584297485550872
-1.757249773149037,1.033696980404981,-0.03833992561542982
-1.6538821394343879,1.033696980404981,-0.05020415035099044
-1.550514505719738,1.033696980404981,-0.059982423484942905
-1.447146872005089,1.033696980404981,-0.06306782037066043
-1.3437792382904399,1.033696980404981,-0.055996990720227624
-1.2404116045757907,1.033696980404981,-0.03771931431401859
-1.1370439708611417,1.033696980404981,-0.01012882227861749
-1.0336763371464925,1.033696980404981,0.022349392013963305
-0.9303087034318435,1.033696980404981,0.054006577721769936
-0.8269410697171936,1.033696980404981,0.07953192402608496
-0.7235734360025445,1.033696980404981,0.09557315273700613
-0.6202058022878953,1.033696980404981,0.10165346791947213
-0.5168381685732463,1.033696980404981,0.10013431617675665
-0.4134705348585972,1.033696980404981,0.09523436262827567
-0.31010290114394806,1.033696980404981,0.0914359910039355
-0.2067352674292982,1.033696980404981,0.09182158729572441
-0.1033676337146491,1.033696980404981,0.09690979295490627
0.,1.033696980404981,0.10439592084782669
0.1033676337146491,1.033696980404981,0.10989615680175942
0.2067352674292982,1.033696980404981,0.10845490564911833
0.31010290114394734,1.033696980404981,0.0963140497060288
0.4134705348585964,1.033696980404981,0.07235043486582488
0.5168381685732455,1.033696980404981,0.038694976238081394
0.6202058022878947,1.033696980404981,0.0003170876859326308
0.7235734360025438,1.033696980404981,-0.03629974300632226
0.8269410697171944,1.033696980404981,-0.06496672997266846
0.9303087034318435,1.033696980404981,-0.0815029339402569
1.0336763371464925,1.033696980404981,-0.08481107456958664
1.1370439708611417,1.033696980404981,-0.07699102340328869
1.2404116045757907,1.033696980404981,-0.06248588500905425
1.3437792382904399,1.033696980404981,-0.04656980204395366
1.447146872005089,1.033696980404981,-0.033690201087888096
1.550514505719738,1.033696980404981,-0.02620462688219429
1.6538821394343872,1.033696980404981,-0.02389912922322288
1.7572497731490362,1.033696980404981,-0.024398248869945217
1.8606174068636854,1.033696980404981,-0.024273482549670173
1.9639850405783346,1.033696980404981,-0.020431489150016507
2.0673526742929837,1.033696980404981,-0.011289547290862864
2.1707203080076343,1.033696980404981,0.002656151841387698
2.2740879417222835,1.033696980404981,0.01903383466688308
2.3774555754369326,1.033696980404981,0.03445819059959242
2.4808232091515814,1.033696980404981,0.04571192225898674
2.5841908428662306,1.033696980404981,0.0508100479597728
2.6875584765808798,1.033696980404981,0.0495715886275914
2.790926110295529,1.033696980404981,0.04351672088623948
2.894293744010178,1.033696980404981,0.035159900446592375
2.997661377724827,1.033696980404981,0.026988474702411933
3.101029011439476,1.033696980404981,0.02052354124388648
3.2043966451541253,1.033696980404981,0.015818671167048343
3.3077642788687744,1.033696980404981,0.011580215579661554
3.411131912583425,1.033696980404981,0.005854972493085365
3.514499546298074,1.033696980404981,-0.002985040392451975
3.6178671800127233,1.033696980404981,-0.015345858688486771
3.7212348137273725,1.033696980404981,-0.02995983549319331
3.8246024474420213,1.033696980404981,-0.04407475100863047
3.9279700811566705,1.033696980404981,-0.05424413900409121
4.031337714871319,1.033696980404981,-0.057454853175133457
4.134705348585968,1.033696980404981,-0.05219636775702669
4.238072982300618,1.033696980404981,-0.03908602949157703
4.341440616015267,1.033696980404981,-0.02081320248556657
4.444808249729916,1.033696980404981,-0.0014007991726165871
4.548175883444565,1.033696980404981,0.014978401601459407
4.651543517159214,1.033696980404981,0.02523594452939742
4.754911150873865,1.033696980404981,0.028238116415993494
4.858278784588514,1.033696980404981,0.025023740726205466
4.961646418303163,1.033696980404981,0.01830675302847131
5.065014052017812,1.033696980404981,0.01144817272319947
5.168381685732461,1.033696980404981,0.007263088607465177
5.27174931944711,1.033696980404981,0.007079592762705043
5.3751169531617595,1.033696980404981,0.0103709163244015
5.478484586876409,1.033696980404981,0.015074199952058975
5.581852220591058,1.033696980404981,0.018463830559444838
5.685219854305707,1.033696980404981,0.018251528265776588
5.788587488020356,1.033696980404981,0.013508617238012527
5.8919551217350055,1.033696980404981,0.005074626139950448
5.995322755449654,1.033696980404981,-0.004695036041876191
6.098690389164305,1.033696980404981,-0.012749374197649177
6.202058022878954,1.033696980404981,-0.01643172578830442
6.305425656593603,1.033696980404981,-0.014443979949843639
6.408793290308252,1.033696980404981,-0.007335650251552808
-6.408793290308252,1.137066678445479,0.0033224363103646864
-6.305425656593603,1.137066678445479,0.007782085145553193
-6.202058022878954,1.137066678445479,0.009139625548524708
-6.098690389164304,1.137066678445479,0.00708540194371141
-5.995322755449655,1.137066678445479,0.002551897492625264
-5.8919551217350055,1.137066678445479,-0.002629785405070913
-5.788587488020356,1.137066678445479,-0.00643091976301435
-5.685219854305708,1.137066678445479,-0.007424299235459594
-5.581852220591058,1.137066678445479,-0.005374074526607112
-5.478484586876409,1.137066678445479,-0.001376394025283104
-5.3751169531617595,1.137066678445479,0.0025272201740031866
-5.27174931944711,1.137066678445479,0.004143253858562975
-5.168381685732461,1.137066678445479,0.002043684039232593
-5.065014052017812,1.137066678445479,-0.0037385924072576996
-4.961646418303163,1.137066678445479,-0.01151948662926756
-4.858278784588514,1.137066678445479,-0.018389906122688756
-4.754911150873865,1.137066678445479,-0.021147683890723988
-4.651543517159215,1.137066678445479,-0.017431474617534404
-4.548175883444566,1.137066678445479,-0.006660473791926667
-4.444808249729917,1.137066678445479,0.009569925966509891
-4.341440616015267,1.137066678445479,0.027812229701979704
-4.238072982300618,1.137066678445479,0.043741331545454724
-4.134705348585968,1.137066678445479,0.05347868205781633
-4.031337714871319,1.137066678445479,0.05483031657725572
-3.9279700811566705,1.137066678445479,0.04801527803484907
-3.8246024474420213,1.137066678445479,0.03562138865374808
-3.7212348137273725,1.137066678445479,0.021782240049588796
-3.6178671800127233,1.137066678445479,0.010835689578824423
-3.514499546298074,1.137066678445479,0.005907409123865482
-3.411131912583425,1.137066678445479,0.007897252840151974
-3.3077642788687753,1.137066678445479,0.015216071241910161
-3.204396645154126,1.137066678445479,0.02436785266533413
-3.101029011439477,1.137066678445479,0.031182156322263434
-2.9976613777248278,1.137066678445479,0.03227484618245249
-2.8942937440101786,1.137066678445479,0.026231255734812272
-2.790926110295529,1.137066678445479,0.014096831075010155
-2.6875584765808798,1.137066678445479,-0.0010026403178154237
-2.5841908428662306,1.137066678445479,-0.014986040600008946
-2.4808232091515814,1.137066678445479,-0.0242975195234651
-2.3774555754369326,1.137066678445479,-0.027220175768319758
-2.2740879417222835,1.137066678445479,-0.02454797476618509
-2.1707203080076334,1.137066678445479,-0.019356166257472596
-2.067352674292984,1.137066678445479,-0.015921506815070693
-1.9639850405783352,1.137066678445479,-0.018144398552396607
-1.8606174068636863,1.137066678445479,-0.028011015881413
-1.757249773149037,1.137066678445479,-0.044637769760860625
-1.6538821394343879,1.137066678445479,-0.06425767388994466
-1.550514505719738,1.137066678445479,-0.08119721971555649
-1.447146872005089,1.137066678445479,-0.089557105577295
-1.3437792382904399,1.137066678445479,-0.08506444671995246
-1.2404116045757907,1.137066678445479,-0.06649290620224113
-1.1370439708611417,1.137066678445479,-0.03617729561572878
-1.0336763371464925,1.137066678445479,0.0005606011124902402
-0.9303087034318435,1.137066678445479,0.03690370811241617
-0.8269410697171936,1.137066678445479,0.06647700722794522
-0.7235734360025445,1.137066678445479,0.08511294141314359
-0.6202058022878953,1.137066678445479,0.09188543484160723
-0.5168381685732463,1.137066678445479,0.08909598184228988
-0.4134705348585972,1.137066678445479,0.08124158011064508
-0.31010290114394806,1.137066678445479,0.07332816377371587
-0.2067352674292982,1.137066678445479,0.06910328182942851
-0.1033676337146491,1.137066678445479,0.06979877476737084
0.,1.137066678445479,0.07379406252224534
0.1033676337146491,1.137066678445479,0.07729553673038424
0.2067352674292982,1.137066678445479,0.07578443742390781
0.31010290114394734,1.137066678445479,0.06572986945726106
0.4134705348585964,1.137066678445479,0.045980066813305756
0.5168381685732455,1.137066678445479,0.018359554656029762
0.6202058022878947,1.137066678445479,-0.012728560890294779
0.7235734360025438,1.137066678445479,-0.04156067074009649
0.8269410697171944,1.137066678445479,-0.0627910788751672
0.9303087034318435,1.137066678445479,-0.07302991492211498
1.0336763371464925,1.137066678445479,-0.07178831276574452
1.1370439708611417,1.137066678445479,-0.06149684665121942
1.2404116045757907,1.137066678445479,-0.046614553582413745
1.3437792382904399,1.137066678445479,-0.032144069782616434
1.447146872005089,1.137066678445479,-0.0220539859169041
1.550514505719738,1.137066678445479,-0.018123282135820953
1.6538821394343872,1.137066678445479,-0.019564854237937974
1.7572497731490362,1.137066678445479,-0.023513806278769925
1.8606174068636854,1.137066678445479,-0.026176183103967642
1.9639850405783346,1.137066678445479,-0.02422344477304646
2.0673526742929837,1.137066678445479,-0.015955426571573988
2.1707203080076343,1.137066678445479,-0.0018554401141859962
2.2740879417222835,1.137066678445479,0.015615106635164728
2.3774555754369326,1.137066678445479,0.032869947094145646
2.4808232091515814,1.137066678445479,0.04637230635850953
2.5841908428662306,1.137066678445479,0.05371225204329732
2.6875584765808798,1.137066678445479,0.05422677117255959
2.790926110295529,1.137066678445479,0.048982850960187126
2.894293744010178,1.137066678445479,0.04017862432962652
2.997661377724827,1.137066678445479,0.030221523596929423
3.101029011439476,1.137066678445479,0.020844093046443708
3.2043966451541253,1.137066678445479,0.012585029491897536
3.3077642788687744,1.137066678445479,0.00481169049982338
3.411131912583425,1.137066678445479,-0.0037507717548973113
3.514499546298074,1.137066678445479,-0.014210831084482825
3.6178671800127233,1.137066678445479,-0.02675344007686083
3.7212348137273725,1.137066678445479,-0.040243887198838056
3.8246024474420213,1.137066678445479,-0.05236554259496025
3.9279700811566705,1.137066678445479,-0.060263656941003996
4.031337714871319,1.137066678445479,-0.061476546955087405
4.134705348585968,1.137066678445479,-0.05482408751111213
4.238072982300618,1.137066678445479,-0.040931568929271474
4.341440616015267,1.137066678445479,-0.02219130931000085
4.444808249729916,1.137066678445479,-0.0021597830881613937
4.548175883444565,1.137066678445479,0.015415818856581089
4.651543517159214,1.137066678445479,0.027620608714429125
4.754911150873865,1.137066678445479,0.03311004075756623
4.858278784588514,1.137066678445479,0.032331708687637205
4.961646418303163,1.137066678445479,0.027181444132535464
5.065014052017812,1.137066678445479,0.02023878802221108
5.168381685732461,1.137066678445479,0.0138649553434945
5.27174931944711,1.137066678445479,0.009480262139508191
5.3751169531617595,1.137066678445479,0.0072582348664572945
5.478484586876409,1.137066678445479,0.006311982640451507
5.581852220591058,1.137066678445479,0.005265561641468533
5.685219854305707,1.137066678445479,0.0029661629363170153
5.788587488020356,1.137066678445479,-0.000948915171082689
5.8919551217350055,1.137066678445479,-0.005850110641861835
5.995322755449654,1.137066678445479,-0.01035005392069298
6.098690389164305,1.137066678445479,-0.012874065523105004
6.202058022878954,1.137066678445479,-0.012334564617365448
6.305425656593603,1.137066678445479,-0.008636118072226133
6.408793290308252,1.137066678445479,-0.0028025531695331273
-6.408793290308252,1.2404363764859772,0.004283142195485018
-6.305425656593603,1.2404363764859772,0.002759165150740547
-6.202058022878954,1.2404363764859772,-0.0013260222085140516
-6.098690389164304,1.2404363764859772,-0.006694123681370892
-5.995322755449655,1.2404363764859772,-0.011490441766300066
-5.8919551217350055,1.2404363764859772,-0.013889296486255689
-5.788587488020356,1.2404363764859772,-0.012764323363408391
-5.685219854305708,1.2404363764859772,-0.008180158654656896
-5.581852220591058,1.2404363764859772,-0.0015019112329899926
-5.478484586876409,1.2404363764859772,0.004960390648389901
-5.3751169531617595,1.2404363764859772,0.008691872469922753
-5.27174931944711,1.2404363764859772,0.007868304649374139
-5.168381685732461,1.2404363764859772,0.0021000721421517024
-5.065014052017812,1.2404363764859772,-0.007255381310527489
-4.961646418303163,1.2404363764859772,-0.017362826483277388
-4.858278784588514,1.2404363764859772,-0.02471707605273763
-4.754911150873865,1.2404363764859772,-0.026254046553364812
-4.651543517159215,1.2404363764859772,-0.020407078825246488
-4.548175883444566,1.2404363764859772,-0.007744978696413045
-4.444808249729917,1.2404363764859772,0.00905139039079315
-4.341440616015267,1.2404363764859772,0.02590584979959683
-4.238072982300618,1.2404363764859772,0.038555327081660276
-4.134705348585968,1.2404363764859772,0.04387220392531212
-4.031337714871319,1.2404363764859772,0.040867535439849265
-3.9279700811566705,1.2404363764859772,0.031031771625277545
-3.8246024474420213,1.2404363764859772,0.017879357412972634
-3.7212348137273725,1.2404363764859772,0.00582613500492627
-3.6178671800127233,1.2404363764859772,-0.0012439991663746196
-3.514499546298074,1.2404363764859772,-0.001252969696113267
-3.411131912583425,1.2404363764859772,0.005385038613392209
-3.3077642788687753,1.2404363764859772,0.015904220133794243
-3.204396645154126,1.2404363764859772,0.02612029166272533
-3.101029011439477,1.2404363764859772,0.03185263904949532
-2.9976613777248278,1.2404363764859772,0.03036006237401031
-2.8942937440101786,1.2404363764859772,0.021300706544457332
-2.790926110295529,1.2404363764859772,0.006879097298341218
-2.6875584765808798,1.2404363764859772,-0.008886211210276688
-2.5841908428662306,1.2404363764859772,-0.02154150063080859
-2.4808232091515814,1.2404363764859772,-0.027763464941569702
-2.3774555754369326,1.2404363764859772,-0.02657598742857612
-2.2740879417222835,1.2404363764859772,-0.019787164716438474
-2.1707203080076334,1.2404363764859772,-0.011468992403038012
-2.067352674292984,1.2404363764859772,-0.006621879247018413
-1.9639850405783352,1.2404363764859772,-0.009445907841458972
-1.8606174068636863,1.2404363764859772,-0.02178569346873125
-1.757249773149037,1.2404363764859772,-0.042274686731328844
-1.6538821394343879,1.2404363764859772,-0.06648818511218942
-1.550514505719738,1.2404363764859772,-0.088091307946199
-1.447146872005089,1.2404363764859772,-0.10064416975991448
-1.3437792382904399,1.2404363764859772,-0.09950828144186899
-1.2404116045757907,1.2404363764859772,-0.08325844466434915
-1.1370439708611417,1.2404363764859772,-0.054157160886751265
-1.0336763371464925,1.2404363764859772,-0.017544497838742956
-0.9303087034318435,1.2404363764859772,0.019661066747940395
-0.8269410697171936,1.2404363764859772,0.05087773246809217
-0.7235734360025445,1.2404363764859772,0.07159553681057405
-0.6202058022878953,1.2404363764859772,0.08040609885128573
-0.5168381685732463,1.2404363764859772,0.07903948006151092
-0.4134705348585972,1.2404363764859772,0.0714460836560931
-0.31010290114394806,1.2404363764859772,0.062266325793269905
-0.2067352674292982,1.2404363764859772,0.055215581339640905
-0.1033676337146491,1.2404363764859772,0.051918533577960384
0.,1.2404363764859772,0.05155749565788846
0.1033676337146491,1.2404363764859772,0.0514139117097729
0.2067352674292982,1.2404363764859772,0.04807878204652763
0.31010290114394734,1.2404363764859772,0.038887900671646505
0.4134705348585964,1.2404363764859772,0.023073179880199614
0.5168381685732455,1.2404363764859772,0.0022301028985595903
0.6202058022878947,1.2404363764859772,-0.02005691639148809
0.7235734360025438,1.2404363764859772,-0.03929900671199609
0.8269410697171944,1.2404363764859772,-0.05152452626380012
0.9303087034318435,1.2404363764859772,-0.05455505803554063
1.0336763371464925,1.2404363764859772,-0.04870712858963636
1.1370439708611417,1.2404363764859772,-0.036688447321606754
1.2404116045757907,1.2404363764859772,-0.022728758826821075
1.3437792382904399,1.2404363764859772,-0.011238197499256381
1.447146872005089,1.2404363764859772,-0.005436284669473319
1.550514505719738,1.2404363764859772,-0.0063947954527004795
1.6538821394343872,1.2404363764859772,-0.01279153107947516
1.7572497731490362,1.2404363764859772,-0.021432261661284015
1.8606174068636854,1.2404363764859772,-0.028347167402327463
1.9639850405783346,1.2404363764859772,-0.030089535659882025
2.0673526742929837,1.2404363764859772,-0.024814790242132782
2.1707203080076343,1.2404363764859772,-0.012808530298200246
2.2740879417222835,1.2404363764859772,0.0036728508335127563
2.3774555754369326,1.2404363764859772,0.021155688904274977
2.4808232091515814,1.2404363764859772,0.03601709384427857
2.5841908428662306,1.2404363764859772,0.04550495350005495
2.6875584765808798,1.2404363764859772,0.0483900320468134
2.790926110295529,1.2404363764859772,0.04507713676958134
2.894293744010178,1.2404363764859772,0.03719735271422572
2.997661377724827,1.2404363764859772,0.02687695204060971
3.101029011439476,1.2404363764859772,0.015972174780616057
3.2043966451541253,1.2404363764859772,0.005544889617915839
3.3077642788687744,1.2404363764859772,-0.004256474048747582
3.411131912583425,1.2404363764859772,-0.013908668987589981
3.514499546298074,1.2404363764859772,-0.02396921376674808
3.6178671800127233,1.2404363764859772,-0.034516346160222554
3.7212348137273725,1.2404363764859772,-0.04480994037236773
3.8246024474420213,1.2404363764859772,-0.05331808017191252
3.9279700811566705,1.2404363764859772,-0.058110948489088175
4.031337714871319,1.2404363764859772,-0.05748347194916131
4.134705348585968,1.2404363764859772,-0.050581769174348076
4.238072982300618,1.2404363764859772,-0.03780572755308887
4.341440616015267,1.2404363764859772,-0.020839592289416214
4.444808249729916,1.2404363764859772,-0.002293262433460278
4.548175883444565,1.2404363764859772,0.014929404738903872
4.651543517159214,1.2404363764859772,0.02833033090659722
4.754911150873865,1.2404363764859772,0.03636613559934473
4.858278784588514,1.2404363764859772,0.03868985812696378
4.961646418303163,1.2404363764859772,0.03604194946983044
5.065014052017812,1.2404363764859772,0.02986708417177658
5.168381685732461,1.2404363764859772,0.021816955494999853
5.27174931944711,1.2404363764859772,0.013318262679630022
5.3751169531617595,1.2404363764859772,0.005336945660157606
5.478484586876409,1.2404363764859772,-0.0016227907001710297
5.581852220591058,1.2404363764859772,-0.007344301665598584
5.685219854305707,1.2404363764859772,-0.011673523056887725
5.788587488020356,1.2404363764859772,-0.014374407522434655
5.8919551217350055,1.2404363764859772,-0.015144696836126325
5.995322755449654,1.2404363764859772,-0.01378590064168741
6.098690389164305,1.2404363764859772,-0.01043815826954124
6.202058022878954,1.2404363764859772,-0.005746914540034005
6.305425656593603,1.2404363764859772,-0.0008447192339525565
6.408793290308252,1.2404363764859772,0.0028960556429884128
-6.408793290308252,1.3438060745264753,0.0042566338152819905
-6.305425656593603,1.3438060745264753,-0.0024735061293197115
-6.202058022878954,1.3438060745264753,-0.010888363727591825
-6.098690389164304,1.3438060745264753,-0.018489479179759176
-5.995322755449655,1.3438060745264753,-0.022841460447499032
-5.8919551217350055,1.3438060745264753,-0.022332480296103387
-5.788587488020356,1.3438060745264753,-0.01674847065733698
-5.685219854305708,1.3438060745264753,-0.007456130556125955
-5.581852220591058,1.3438060745264753,0.0029025611111178342
-5.478484586876409,1.3438060745264753,0.011149795742904839
-5.3751169531617595,1.3438060745264753,0.014542571675435354
-5.27174931944711,1.3438060745264753,0.01167820945177523
-5.168381685732461,1.3438060745264753,0.003036238712734044
-5.065014052017812,1.3438060745264753,-0.009044605459739586
-4.961646418303163,1.3438060745264753,-0.020984249589002458
-4.858278784588514,1.3438060745264753,-0.029011168644615747
-4.754911150873865,1.3438060745264753,-0.03033046287025347
-4.651543517159215,1.3438060745264753,-0.024040271137173955
-4.548175883444566,1.3438060745264753,-0.011489732370487473
-4.444808249729917,1.3438060745264753,0.004060864946744872
-4.341440616015267,1.3438060745264753,0.018395922287554472
-4.238072982300618,1.3438060745264753,0.027630699612022497
-4.134705348585968,1.3438060745264753,0.029424145111012722
-4.031337714871319,1.3438060745264753,0.02372516476716348
-3.9279700811566705,1.3438060745264753,0.012799346576526352
-3.8246024474420213,1.3438060745264753,0.0005111846052976792
-3.7212348137273725,1.3438060745264753,-0.008920108052202027
-3.6178671800127233,1.3438060745264753,-0.012295226159443444
-3.514499546298074,1.3438060745264753,-0.0084920555528938
-3.411131912583425,1.3438060745264753,0.0011472768254700049
-3.3077642788687753,1.3438060745264753,0.01323858275708322
-3.204396645154126,1.3438060745264753,0.023461222632990837
-3.101029011439477,1.3438060745264753,0.027992397534216572
-2.9976613777248278,1.3438060745264753,0.024799151190094945
-2.8942937440101786,1.3438060745264753,0.01435470873355251
-2.790926110295529,1.3438060745264753,-0.0004719727831169589
-2.6875584765808798,1.3438060745264753,-0.015335113935774943
-2.5841908428662306,1.3438060745264753,-0.025852041902780405
-2.4808232091515814,1.3438060745264753,-0.029097031439044515
-2.3774555754369326,1.3438060745264753,-0.024652838626349878
-2.2740879417222835,1.3438060745264753,-0.014857551364168624
-2.1707203080076334,1.3438060745264753,-0.004140030811699149
-2.067352674292984,1.3438060745264753,0.0023671658602514305
-1.9639850405783352,1.3438060745264753,0.0005089643644994004
-1.8606174068636863,1.3438060745264753,-0.011449980076668852
-1.757249773149037,1.3438060745264753,-0.032089158180091636
-1.6538821394343879,1.3438060745264753,-0.0570527670630633
-1.550514505719738,1.3438060745264753,-0.080178871848126
-1.447146872005089,1.3438060745264753,-0.09520397809905598
-1.3437792382904399,1.3438060745264753,-0.09752950894544964
-1.2404116045757907,1.3438060745264753,-0.0855184197487397
-1.1370439708611417,1.3438060745264753,-0.0609387820726179
-1.0336763371464925,1.3438060745264753,-0.028437744610150775
-0.9303087034318435,1.3438060745264753,0.005772411131789372
-0.8269410697171936,1.3438060745264753,0.035599570733887316
-0.7235734360025445,1.3438060745264753,0.05661371475965859
-0.6202058022878953,1.3438060745264753,0.06699696623020948
-0.5168381685732463,1.3438060745264753,0.06765799751816537
-0.4134705348585972,1.3438060745264753,0.061540353079478305
-0.31010290114394806,1.3438060745264753,0.05240587946378575
-0.2067352674292982,1.3438060745264753,0.04352386025226239
-0.1033676337146491,1.3438060745264753,0.03669894364976366
0.,1.3438060745264753,0.03193143878741918
0.1033676337146491,1.3438060745264753,0.027773584417081738
0.2067352674292982,1.3438060745264753,0.02220477901605749
0.31010290114394734,1.3438060745264753,0.013678315244236754
0.4134705348585964,1.3438060745264753,0.0019467552790379237
0.5168381685732455,1.3438060745264753,-0.011635956516043648
0.6202058022878947,1.3438060745264753,-0.02444505358645784
0.7235734360025438,1.3438060745264753,-0.033431661471384384
0.8269410697171944,1.3438060745264753,-0.036187436995711336
0.9303087034318435,1.3438060745264753,-0.03185229156494755
1.0336763371464925,1.3438060745264753,-0.021542914941776445
1.1370439708611417,1.3438060745264753,-0.008141602152446794
1.2404116045757907,1.3438060745264753,0.004500303542219298
1.3437792382904399,1.3438060745264753,0.012694975073885438
1.447146872005089,1.3438060745264753,0.014026581376056037
1.550514505719738,1.3438060745264753,0.008084314646626203
1.6538821394343872,1.3438060745264753,-0.0034085482111264075
1.7572497731490362,1.3438060745264753,-0.017103884416521147
1.8606174068636854,1.3438060745264753,-0.029010093538971847
1.9639850405783346,1.3438060745264753,-0.0356375867790454
2.0673526742929837,1.3438060745264753,-0.034960778353150763
2.1707203080076343,1.3438060745264753,-0.026920168108232178
2.2740879417222835,1.3438060745264753,-0.013342354498157759
2.3774555754369326,1.3438060745264753,0.0026603117782002484
2.4808232091515814,1.3438060745264753,0.017595530535233158
2.5841908428662306,1.3438060745264753,0.028511896585411225
2.6875584765808798,1.3438060745264753,0.03366548488962127
2.790926110295529,1.3438060745264753,0.032766853683898325
2.894293744010178,1.3438060745264753,0.02679004788132797
2.997661377724827,1.3438060745264753,0.0174638228684375
3.101029011439476,1.3438060745264753,0.006651047976515388
3.2043966451541253,1.3438060745264753,-0.004168473653032883
3.3077642788687744,1.3438060745264753,-0.014159767169460328
3.411131912583425,1.3438060745264753,-0.023094659988408105
3.514499546298074,1.3438060745264753,-0.031080734452371785
3.6178671800127233,1.3438060745264753,-0.038200009493545045
3.7212348137273725,1.3438060745264753,-0.044217694258973775
3.8246024474420213,1.3438060745264753,-0.04847963064556557
3.9279700811566705,1.3438060745264753,-0.050035962908395466
4.031337714871319,1.3438060745264753,-0.04794032862056952
4.134705348585968,1.3438060745264753,-0.041610499872056256
4.238072982300618,1.3438060745264753,-0.031118420703240682
4.341440616015267,1.3438060745264753,-0.01730755462941225
4.444808249729916,1.3438060745264753,-0.0016985809617500896
4.548175883444565,1.3438060745264753,0.01378454521236494
4.651543517159214,1.3438060745264753,0.027182977355450322
4.754911150873865,1.3438060745264753,0.03686175608480311
4.858278784588514,1.3438060745264753,0.04177251140995822
4.961646418303163,1.3438060745264753,0.041575996275431015
5.065014052017812,1.3438060745264753,0.0366280565148108
5.168381685732461,1.3438060745264753,0.027866867049444678
5.27174931944711,1.3438060745264753,0.016649502907895474
5.3751169531617595,1.3438060745264753,0.004573557321714792
5.478484586876409,1.3438060745264753,-0.006703793088031071
5.581852220591058,1.3438060745264753,-0.01565531485050157
5.685219854305707,1.3438060745264753,-0.021089193847105867
5.788587488020356,1.3438060745264753,-0.022359455655092283
5.8919551217350055,1.3438060745264753,-0.0195411246304958
5.995322755449654,1.3438060745264753,-0.013506591300030228
6.098690389164305,1.3438060745264753,-0.005839292485913109
6.202058022878954,1.3438060745264753,0.0014475152674482698
6.305425656593603,1.3438060745264753,0.006359969554270082
6.408793290308252,1.3438060745264753,0.007445761716163778
-6.408793290308252,1.4471757725669734,0.002604912890524278
-6.305425656593603,1.4471757725669734,-0.0074709878208349696
-6.202058022878954,1.4471757725669734,-0.018082098766789713
-6.098690389164304,1.4471757725669734,-0.026171395600487795
-5.995322755449655,1.4471757725669734,-0.029231233972723855
-5.8919551217350055,1.4471757725669734,-0.02607158284093167
-5.788587488020356,1.4471757725669734,-0.01724737351351997
-5.685219854305708,1.4471757725669734,-0.004992783010127746
-5.581852220591058,1.4471757725669734,0.007349511598456592
-5.478484586876409,1.4471757725669734,0.016261406404645944
-5.3751169531617595,1.4471757725669734,0.019081247209918804
-5.27174931944711,1.4471757725669734,0.014825034946805371
-5.168381685732461,1.4471757725669734,0.004536079999429565
-5.065014052017812,1.4471757725669734,-0.008964315889768544
-4.961646418303163,1.4471757725669734,-0.021872036698922376
-4.858278784588514,1.4471757725669734,-0.030515684089353897
-4.754911150873865,1.4471757725669734,-0.03245826223692081
-4.651543517159215,1.4471757725669734,-0.027243511694947303
-4.548175883444566,1.4471757725669734,-0.01654611317786237
-4.444808249729917,1.4471757725669734,-0.0036656751924840554
-4.341440616015267,1.4471757725669734,0.0074900054491305774
-4.238072982300618,1.4471757725669734,0.013621680465903039
-4.134705348585968,1.4471757725669734,0.013074179337149805
-4.031337714871319,1.4471757725669734,0.0063593041826357204
-3.9279700811566705,1.4471757725669734,-0.004008045475568372
-3.8246024474420213,1.4471757725669734,-0.014317850784587824
-3.7212348137273725,1.4471757725669734,-0.02086669155589291
-3.6178671800127233,1.4471757725669734,-0.021171654776661147
-3.514499546298074,1.4471757725669734,-0.014804357020803937
-3.411131912583425,1.4471757725669734,-0.0035690625404313035
-3.3077642788687753,1.4471757725669734,0.00904357662026566
-3.204396645154126,1.4471757725669734,0.018962151342758946
-3.101029011439477,1.4471757725669734,0.02285030758006651
-2.9976613777248278,1.4471757725669734,0.019209248413248687
-2.8942937440101786,1.4471757725669734,0.008904954307488172
-2.790926110295529,1.4471757725669734,-0.0050622111862907585
-2.6875584765808798,1.4471757725669734,-0.018486332402178774
-2.5841908428662306,1.4471757725669734,-0.02729770658230005
-2.4808232091515814,1.4471757725669734,-0.028894039375024147
-2.3774555754369326,1.4471757725669734,-0.023033383263721004
-2.2740879417222835,1.4471757725669734,-0.011993643021649786
-2.1707203080076334,1.4471757725669734,0.00006832321330749908
-2.067352674292984,1.4471757725669734,0.008373030241015662
-1.9639850405783352,1.4471757725669734,0.009009347911900447
-1.8606174068636863,1.4471757725669734,0.0002019526771453693
-1.757249773149037,1.4471757725669734,-0.017037355384058133
-1.6538821394343879,1.4471757725669734,-0.03907928321215122
-1.550514505719738,1.4471757725669734,-0.060621800902935015
-1.447146872005089,1.4471757725669734,-0.0761294789223949
-1.3437792382904399,1.4471757725669734,-0.08134095612062225
-1.2404116045757907,1.4471757725669734,-0.07440494180038743
-1.1370439708611417,1.4471757725669734,-0.05632622526966653
-1.0336763371464925,1.4471757725669734,-0.030617721279485168
-0.9303087034318435,1.4471757725669734,-0.002293512921165759
-0.8269410697171936,1.4471757725669734,0.023473679681978013
-0.7235734360025445,1.4471757725669734,0.04262578731573752
-0.6202058022878953,1.4471757725669734,0.05306516435750547
-0.5168381685732463,1.4471757725669734,0.05486861938589522
-0.4134705348585972,1.4471757725669734,0.04987323784544899
-0.31010290114394806,1.4471757725669734,0.04083036911245964
-0.2067352674292982,1.4471757725669734,0.030441296670369815
-0.1033676337146491,1.4471757725669734,0.020596077337700282
0.,1.4471757725669734,0.012039460753643046
0.1033676337146491,1.4471757725669734,0.004522778561828468
0.2067352674292982,1.4471757725669734,-0.002673133295556523
0.31010290114394734,1.4471757725669734,-0.010082565900236722
0.4134705348585964,1.4471757725669734,-0.017539492278761223
0.5168381685732455,1.4471757725669734,-0.024010483958454468
0.6202058022878947,1.4471757725669734,-0.027848305446304972
0.7235734360025438,1.4471757725669734,-0.027379431136595085
0.8269410697171944,1.4471757725669734,-0.021612373385070018
0.9303087034318435,1.4471757725669734,-0.010803242830409496
1.0336763371464925,1.4471757725669734,0.0033431306085331468
1.1370439708611417,1.4471757725669734,0.017938972674888056
1.2404116045757907,1.4471757725669734,0.029592991874909814
1.3437792382904399,1.4471757725669734,0.03531038749628272
1.447146872005089,1.4471757725669734,0.03334265189484718
1.550514505719738,1.4471757725669734,0.023725770186791204
1.6538821394343872,1.4471757725669734,0.00833799319765336
1.7572497731490362,1.4471757725669734,-0.009546648646435917
1.8606174068636854,1.4471757725669734,-0.02608232318667088
1.9639850405783346,1.4471757725669734,-0.03781710538732563
2.0673526742929837,1.4471757725669734,-0.04252970909919734
2.1707203080076343,1.4471757725669734,-0.03971353524321641
2.2740879417222835,1.4471757725669734,-0.03059524067597128
2.3774555754369326,1.4471757725669734,-0.01771288119908754
2.4808232091515814,1.4471757725669734,-0.004200285284293868
2.5841908428662306,1.4471757725669734,0.007005747511642724
2.6875584765808798,1.4471757725669734,0.013817584073790475
2.790926110295529,1.4471757725669734,0.015352433545853202
2.894293744010178,1.4471757725669734,0.011936680902603178
2.997661377724827,1.4471757725669734,0.004809616833517904
3.101029011439476,1.4471757725669734,-0.00434469174464408
3.2043966451541253,1.4471757725669734,-0.013878693597833848
3.3077642788687744,1.4471757725669734,-0.022538499064626655
3.411131912583425,1.4471757725669734,-0.029619209585080287
3.514499546298074,1.4471757725669734,-0.03491517582984333
3.6178671800127233,1.4471757725669734,-0.03852599432323978
3.7212348137273725,1.4471757725669734,-0.040614254926067114
3.8246024474420213,1.4471757725669734,-0.04121059810289477
3.9279700811566705,1.4471757725669734,-0.040131043137919195
4.031337714871319,1.4471757725669734,-0.03702504530753939
4.134705348585968,1.4471757725669734,-0.031527315771651014
4.238072982300618,1.4471757725669734,-0.02345583072814034
4.341440616015267,1.4471757725669734,-0.012989254603520016
4.444808249729916,1.4471757725669734,-0.0007678943820395326
4.548175883444565,1.4471757725669734,0.012113766237082657
4.651543517159214,1.4471757725669734,0.024226983534058125
4.754911150873865,1.4471757725669734,0.03402069329236377
4.858278784588514,1.4471757725669734,0.040087884915123606
4.961646418303163,1.4471757725669734,0.04143929533075275
5.065014052017812,1.4471757725669734,0.03773401114181851
5.168381685732461,1.4471757725669734,0.029418561777220322
5.27174931944711,1.4471757725669734,0.017734211024240564
5.3751169531617595,1.4471757725669734,0.004568634003975478
5.478484586876409,1.4471757725669734,-0.007845380248634314
5.581852220591058,1.4471757725669734,-0.0173467030685584
5.685219854305707,1.4471757725669734,-0.02230380874054737
5.788587488020356,1.4471757725669734,-0.022011691832744987
5.8919551217350055,1.4471757725669734,-0.0169189144945857
5.995322755449654,1.4471757725669734,-0.00859947447312051
6.098690389164305,1.4471757725669734,0.0005612967522778745
6.202058022878954,1.4471757725669734,0.007922153284673389
6.305425656593603,1.4471757725669734,0.011261539962285523
6.408793290308252,1.4471757725669734,0.009399349121684617
-6.408793290308252,1.5505454706074717,-0.000364433863248883
-6.305425656593603,1.5505454706074717,-0.011523842658828052
-6.202058022878954,1.5505454706074717,-0.02189768724471829
-6.098690389164304,1.5505454706074717,-0.028604160606281213
-5.995322755449655,1.5505454706074717,-0.029589561587377102
-5.8919551217350055,1.5505454706074717,-0.02425822569365774
-5.788587488020356,1.5505454706074717,-0.0137211322218526
-5.685219854305708,1.5505454706074717,-0.0005690587404392939
-5.581852220591058,1.5505454706074717,0.01178860681036493
-5.478484586876409,1.5505454706074717,0.020047136176080477
-5.3751169531617595,1.5505454706074717,0.021933022493004117
-5.27174931944711,1.5505454706074717,0.016862353627093752
-5.168381685732461,1.5505454706074717,0.006128584335833969
-5.065014052017812,1.5505454706074717,-0.0074490717420183225
-4.961646418303163,1.5505454706074717,-0.02032547938389049
-4.858278784588514,1.5505454706074717,-0.029248609326244734
-4.754911150873865,1.5505454706074717,-0.03219645396148824
-4.651543517159215,1.5505454706074717,-0.02894869024168916
-4.548175883444566,1.5505454706074717,-0.02111588859674868
-4.444808249729917,1.5505454706074717,-0.011612449633721522
-4.341440616015267,1.5505454706074717,-0.0037308612556623084
-4.238072982300618,1.5505454706074717,-0.00010085253144109595
-4.134705348585968,1.5505454706074717,-0.0018569400457732338
-4.031337714871319,1.5505454706074717,-0.00827720034077423
-3.9279700811566705,1.5505454706074717,-0.01701180304087957
-3.8246024474420213,1.5505454706074717,-0.02483572885248006
-3.7212348137273725,1.5505454706074717,-0.02869357324453019
-3.6178671800127233,1.5505454706074717,-0.026708393095396608
-3.514499546298074,1.5505454706074717,-0.01883280190828419
-3.411131912583425,1.5505454706074717,-0.006928702257838879
-3.3077642788687753,1.5505454706074717,0.005760458601260073
-3.204396645154126,1.5505454706074717,0.015589349101429808
-3.101029011439477,1.5505454706074717,0.01964136433979741
-2.9976613777248278,1.5505454706074717,0.01665669404808557
-2.8942937440101786,1.5505454706074717,0.007462478329606902
-2.790926110295529,1.5505454706074717,-0.00523856082310432
-2.6875584765808798,1.5505454706074717,-0.017665990863848822
-2.5841908428662306,1.5505454706074717,-0.02610744088059983
-2.4808232091515814,1.5505454706074717,-0.028062761319710843
-2.3774555754369326,1.5505454706074717,-0.02303390932141245
-2.2740879417222835,1.5505454706074717,-0.01271395537153422
-2.1707203080076334,1.5505454706074717,-0.0005111778927294619
-2.067352674292984,1.5505454706074717,0.009453227319818827
-1.9639850405783352,1.5505454706074717,0.013575302870361352
-1.8606174068636863,1.5505454706074717,0.009859385973131858
-1.757249773149037,1.5505454706074717,-0.0014535783464847405
-1.6538821394343879,1.5505454706074717,-0.017903559948468095
-1.550514505719738,1.5505454706074717,-0.03546440555548227
-1.447146872005089,1.5505454706074717,-0.049635191608473524
-1.3437792382904399,1.5505454706074717,-0.05664949332496388
-1.2404116045757907,1.5505454706074717,-0.0544574630507197
-1.1370439708611417,1.5505454706074717,-0.043214021439228575
-1.0336763371464925,1.5505454706074717,-0.025160442251529903
-0.9303087034318435,1.5505454706074717,-0.0039665222932367015
-0.8269410697171936,1.5505454706074717,0.01624918538320109
-0.7235734360025445,1.5505454706074717,0.03192686702300048
-0.6202058022878953,1.5505454706074717,0.04082235614835154
-0.5168381685732463,1.5505454706074717,0.04233298558718346
-0.4134705348585972,1.5505454706074717,0.0373560968800597
-0.31010290114394806,1.5505454706074717,0.027786375665595584
-0.2067352674292982,1.5505454706074717,0.015854354955154255
-0.1033676337146491,1.5505454706074717,0.0035313568731148754
0.,1.5505454706074717,-0.007825792024858499
0.1033676337146491,1.5505454706074717,-0.01752085475032703
0.2067352674292982,1.5505454706074717,-0.025302988954027123
0.31010290114394734,1.5505454706074717,-0.03102814930417251
0.4134705348585964,1.5505454706074717,-0.03436837977813591
0.5168381685732455,1.5505454706074717,-0.03470860620542279
0.6202058022878947,1.5505454706074717,-0.03128794974475755
0.7235734360025438,1.5505454706074717,-0.023540267379110694
0.8269410697171944,1.5505454706074717,-0.011503606881841414
0.9303087034318435,1.5505454706074717,0.0038693256582455495
1.0336763371464925,1.5505454706074717,0.02064450671775278
1.1370439708611417,1.5505454706074717,0.036152518846946764
1.2404116045757907,1.5505454706074717,0.04751242528564265
1.3437792382904399,1.5505454706074717,0.05230280961589196
1.447146872005089,1.5505454706074717,0.04919227838507362
1.550514505719738,1.5505454706074717,0.03834297028892656
1.6538821394343872,1.5505454706074717,0.021460002281913467
1.7572497731490362,1.5505454706074717,0.0014587837548039977
1.8606174068636854,1.5505454706074717,-0.018169911850075476
1.9639850405783346,1.5505454706074717,-0.03413307246527025
2.0673526742929837,1.5505454706074717,-0.04404692786886848
2.1707203080076343,1.5505454706074717,-0.0469085798447021
2.2740879417222835,1.5505454706074717,-0.043220139656890574
2.3774555754369326,1.5505454706074717,-0.0347546086269521
2.4808232091515814,1.5505454706074717,-0.024046848313318686
2.5841908428662306,1.5505454706074717,-0.013757915966359032
2.6875584765808798,1.5505454706074717,-0.0060807382937424
2.790926110295529,1.5505454706074717,-0.002327841715791113
2.894293744010178,1.5505454706074717,-0.0027795636104284574
2.997661377724827,1.5505454706074717,-0.0067946372159430925
3.101029011439476,1.5505454706074717,-0.01311699495661985
3.2043966451541253,1.5505454706074717,-0.020270884509024516
3.3077642788687744,1.5505454706074717,-0.026929225190916208
3.411131912583425,1.5505454706074717,-0.03216505979400061
3.514499546298074,1.5505454706074717,-0.035541806501975214
3.6178671800127233,1.5505454706074717,-0.037049296668762485
3.7212348137273725,1.5505454706074717,-0.03693448984653706
3.8246024474420213,1.5505454706074717,-0.035498203729214535
3.9279700811566705,1.5505454706074717,-0.03292885381474824
4.031337714871319,1.5505454706074717,-0.029224267373864177
4.134705348585968,1.5505454706074717,-0.02422087926674021
4.238072982300618,1.5505454706074717,-0.017715571998049847
4.341440616015267,1.5505454706074717,-0.009637792903324146
4.444808249729916,1.5505454706074717,-0.00021445616467591133
4.548175883444565,1.5505454706074717,0.009929756203870654
4.651543517159214,1.5505454706074717,0.01977929014891151
4.754911150873865,1.5505454706074717,0.0280582261710488
4.858278784588514,1.5505454706074717,0.03346861847366343
4.961646418303163,1.5505454706074717,0.03498947206674821
5.065014052017812,1.5505454706074717,0.032165874390575326
5.168381685732461,1.5505454706074717,0.025309360123366872
5.27174931944711,1.5505454706074717,0.01554150523010917
5.3751169531617595,1.5505454706074717,0.004643586123581669
5.478484586876409,1.5505454706074717,-0.00527872660226435
5.581852220591058,1.5505454706074717,-0.012255152912017574
5.685219854305707,1.5505454706074717,-0.014931264481845737
5.788587488020356,1.5505454706074717,-0.01294467661171144
5.8919551217350055,1.5505454706074717,-0.0070831104582077435
5.995322755449654,1.5505454706074717,0.0008440930691945252
6.098690389164305,1.5505454706074717,0.008417673013375414
6.202058022878954,1.5505454706074717,0.013219471199245542
6.305425656593603,1.5505454706074717,0.013492505085213933
6.408793290308252,1.5505454706074717,0.008669547930572447
-6.408793290308252,1.6539151686479698,-0.0034183853956354705
-6.305425656593603,1.6539151686479698,-0.0137031876406388
-6.202058022878954,1.6539151686479698,-0.02187127248377952
-6.098690389164304,1.6539151686479698,-0.02579299349130791
-5.995322755449655,1.6539151686479698,-0.02425391649756583
-5.8919551217350055,1.6539151686479698,-0.017343534451273377
-5.788587488020356,1.6539151686479698,-0.006516756163509498
-5.685219854305708,1.6539151686479698,0.00571054347355216
-5.581852220591058,1.6539151686479698,0.01636903768471628
-5.478484586876409,1.6539151686479698,0.022793416471641487
-5.3751169531617595,1.6539151686479698,0.023325421290974886
-5.27174931944711,1.6539151686479698,0.01776353358203491
-5.168381685732461,1.6539151686479698,0.007424430504449253
-5.065014052017812,1.6539151686479698,-0.005211955092893292
-4.961646418303163,1.6539151686479698,-0.017182248590874458
-4.858278784588514,1.6539151686479698,-0.02585543610576142
-4.754911150873865,1.6539151686479698,-0.029650982078376152
-4.651543517159215,1.6539151686479698,-0.028449000913758665
-4.548175883444566,1.6539151686479698,-0.023569296116994397
-4.444808249729917,1.6539151686479698,-0.017322605351935503
-4.341440616015267,1.6539151686479698,-0.012266142994028286
-4.238072982300618,1.6539151686479698,-0.01038729686379943
-4.134705348585968,1.6539151686479698,-0.012464988779797674
-4.031337714871319,1.6539151686479698,-0.017808104324106674
-3.9279700811566705,1.6539151686479698,-0.024457996220577174
-3.8246024474420213,1.6539151686479698,-0.029800452504402834
-3.7212348137273725,1.6539151686479698,-0.03140467635644801
-3.6178671800127233,1.6539151686479698,-0.027832524514817967
-3.514499546298074,1.6539151686479698,-0.019164615774713817
-3.411131912583425,1.6539151686479698,-0.007071552240656097
-3.3077642788687753,1.6539151686479698,0.005605215678713011
-3.204396645154126,1.6539151686479698,0.015648371166705845
-3.101029011439477,1.6539151686479698,0.020403305885990524
-2.9976613777248278,1.6539151686479698,0.018579244851574073
-2.8942937440101786,1.6539151686479698,0.010668055581452323
-2.790926110295529,1.6539151686479698,-0.0011528973523876591
-2.6875584765808798,1.6539151686479698,-0.013614278458303725
-2.5841908428662306,1.6539151686479698,-0.023276135471990998
-2.4808232091515814,1.6539151686479698,-0.027509022039801947
-2.3774555754369326,1.6539151686479698,-0.025247146789199086
-2.2740879417222835,1.6539151686479698,-0.01729207462846419
-2.1707203080076334,1.6539151686479698,-0.0060777588286183406
-2.067352674292984,1.6539151686479698,0.005033961420990691
-1.9639850405783352,1.6539151686479698,0.01272132445977743
-1.8606174068636863,1.6539151686479698,0.014653102409452518
-1.757249773149037,1.6539151686479698,0.010149193037959645
-1.6538821394343879,1.6539151686479698,0.00036716469595160696
-1.550514505719738,1.6539151686479698,-0.012029394595964138
-1.447146872005089,1.6539151686479698,-0.023615564240122535
-1.3437792382904399,1.6539151686479698,-0.03114329148819423
-1.2404116045757907,1.6539151686479698,-0.032406605571725415
-1.1370439708611417,1.6539151686479698,-0.0267989781092406
-1.0336763371464925,1.6539151686479698,-0.015425554722728765
-0.9303087034318435,1.6539151686479698,-0.0007647641431643476
-0.8269410697171936,1.6539151686479698,0.014000675745549043
-0.7235734360025445,1.6539151686479698,0.025780550635267557
-0.6202058022878953,1.6539151686479698,0.032280443061047784
-0.5168381685732463,1.6539151686479698,0.0324368967344904
-0.4134705348585972,1.6539151686479698,0.026502740612420424
-0.31010290114394806,1.6539151686479698,0.015808348703559117
-0.2067352674292982,1.6539151686479698,0.0023128552736227507
-0.1033676337146491,1.6539151686479698,-0.01189688804244089
0.,1.6539151686479698,-0.025011805482801713
0.1033676337146491,1.6539151686479698,-0.03571789252086013
0.2067352674292982,1.6539151686479698,-0.04321056857469886
0.31010290114394734,1.6539151686479698,-0.04706389579684517
0.4134705348585964,1.6539151686479698,-0.04705551209892093
0.5168381685732455,1.6539151686479698,-0.04304918417939374
0.6202058022878947,1.6539151686479698,-0.03499868490183969
0.7235734360025438,1.6539151686479698,-0.023075429659559662
0.8269410697171944,1.6539151686479698,-0.007861495789592955
0.9303087034318435,1.6539151686479698,0.009488157477380028
1.0336763371464925,1.6539151686479698,0.027211352452471232
1.1370439708611417,1.6539151686479698,0.04309255381500313
1.2404116045757907,1.6539151686479698,0.05480312310185281
1.3437792382904399,1.6539151686479698,0.06035970758040496
1.447146872005089,1.6539151686479698,0.05858424863183668
1.550514505719738,1.6539151686479698,0.04943563264812665
1.6538821394343872,1.6539151686479698,0.034109652005167385
1.7572497731490362,1.6539151686479698,0.014863185702399327
1.8606174068636854,1.6539151686479698,-0.0054073687817333
1.9639850405783346,1.6539151686479698,-0.0237365268491766
2.0673526742929837,1.6539151686479698,-0.03767213923799084
2.1707203080076343,1.6539151686479698,-0.04573094131396702
2.2740879417222835,1.6539151686479698,-0.04762396093911396
2.3774555754369326,1.6539151686479698,-0.04421037434949723
2.4808232091515814,1.6539151686479698,-0.03720816935567919
2.5841908428662306,1.6539151686479698,-0.02874807366526547
2.6875584765808798,1.6539151686479698,-0.020888605881865578
2.790926110295529,1.6539151686479698,-0.01520836890722767
2.894293744010178,1.6539151686479698,-0.012560167354015323
2.997661377724827,1.6539151686479698,-0.013021521818131918
3.101029011439476,1.6539151686479698,-0.016023032294802397
3.2043966451541253,1.6539151686479698,-0.02059443918201783
3.3077642788687744,1.6539151686479698,-0.025647975577273933
3.411131912583425,1.6539151686479698,-0.030222489229357156
3.514499546298074,1.6539151686479698,-0.03363561425429076
3.6178671800127233,1.6539151686479698,-0.0355257839611521
3.7212348137273725,1.6539151686479698,-0.03580009296281923
3.8246024474420213,1.6539151686479698,-0.03452842225364807
3.9279700811566705,1.6539151686479698,-0.03183323847497752
4.031337714871319,1.6539151686479698,-0.02781741798510411
4.134705348585968,1.6539151686479698,-0.022553174818306074
4.238072982300618,1.6539151686479698,-0.01613046311953895
4.341440616015267,1.6539151686479698,-0.008740679434907955
4.444808249729916,1.6539151686479698,-0.0007575168794009965
4.548175883444565,1.6539151686479698,0.007224835961470032
4.651543517159214,1.6539151686479698,0.014424927824700945
4.754911150873865,1.6539151686479698,0.01998666740051616
4.858278784588514,1.6539151686479698,0.023154117865631107
4.961646418303163,1.6539151686479698,0.023468445723546862
5.065014052017812,1.6539151686479698,0.020933130909568724
5.168381685732461,1.6539151686479698,0.016093414776585883
5.27174931944711,1.6539151686479698,0.009991335283292067
5.3751169531617595,1.6539151686479698,0.003986435785778835
5.478484586876409,1.6539151686479698,-0.0005317301857833824
5.581852220591058,1.6539151686479698,-0.0024788523689569905
5.685219854305707,1.6539151686479698,-0.0013757946109100685
5.788587488020356,1.6539151686479698,0.0024725446154087696
5.8919551217350055,1.6539151686479698,0.007984007721399353
5.995322755449654,1.6539151686479698,0.01351356171835935
6.098690389164305,1.6539151686479698,0.017242374160140607
6.202058022878954,1.6539151686479698,0.017655646777206213
6.305425656593603,1.6539151686479698,0.013987847781503212
6.408793290308252,1.6539151686479698,0.006508881826627144
-6.408793290308252,1.757284866688468,-0.00478364637277122
-6.305425656593603,1.757284866688468,-0.01303399162312895
-6.202058022878954,1.757284866688468,-0.01804906947350576
-6.098690389164304,1.757284866688468,-0.018709960249228677
-5.995322755449655,1.757284866688468,-0.014768948859669484
-5.8919551217350055,1.757284866688468,-0.0069659095707309965
-5.788587488020356,1.757284866688468,0.0030779358364546503
-5.685219854305708,1.757284866688468,0.01318175660507392
-5.581852220591058,1.757284866688468,0.021079762977596603
-5.478484586876409,1.757284866688468,0.024941305861787923
-5.3751169531617595,1.757284866688468,0.02380830907641301
-5.27174931944711,1.757284866688468,0.017833942687051435
-5.168381685732461,1.757284866688468,0.008251192566321886
-5.065014052017812,1.757284866688468,-0.0029320161103534017
-4.961646418303163,1.757284866688468,-0.013440478440509704
-4.858278784588514,1.757284866688468,-0.02131218615347352
-4.754911150873865,1.757284866688468,-0.02539531456874453
-4.651543517159215,1.757284866688468,-0.025622097644189202
-4.548175883444566,1.757284866688468,-0.02297775110637824
-4.444808249729917,1.757284866688468,-0.019167155507756047
-4.341440616015267,1.757284866688468,-0.016069982917038945
-4.238072982300618,1.757284866688468,-0.015140422993208068
-4.134705348585968,1.757284866688468,-0.0169298766639291
-4.031337714871319,1.757284866688468,-0.020881017361614858
-3.9279700811566705,1.757284866688468,-0.02546584387020658
-3.8246024474420213,1.757284866688468,-0.02863936866665877
-3.7212348137273725,1.757284866688468,-0.028483704035346676
-3.6178671800127233,1.757284866688468,-0.0238540007547192
-3.514499546298074,1.757284866688468,-0.014828588239731297
-3.411131912583425,1.757284866688468,-0.0028158160036340506
-3.3077642788687753,1.757284866688468,0.009733233770023005
-3.204396645154126,1.757284866688468,0.019941162088605944
-3.101029011439477,1.757284866688468,0.025283981431478
-2.9976613777248278,1.757284866688468,0.024313348075843934
-2.8942937440101786,1.757284866688468,0.017109268226213167
-2.790926110295529,1.757284866688468,0.005323044082187582
-2.6875584765808798,1.757284866688468,-0.008214684021404193
-2.5841908428662306,1.757284866688468,-0.02022073375467688
-2.4808232091515814,1.757284866688468,-0.027822493719487414
-2.3774555754369326,1.757284866688468,-0.029316639446874584
-2.2740879417222835,1.757284866688468,-0.024609959957178084
-2.1707203080076334,1.757284866688468,-0.015218085617866658
-2.067352674292984,1.757284866688468,-0.003823439119039404
-1.9639850405783352,1.757284866688468,0.006481122210821141
-1.8606174068636863,1.757284866688468,0.013048251479448776
-1.757249773149037,1.757284866688468,0.01439104353940324
-1.6538821394343879,1.757284866688468,0.010559754779571554
-1.550514505719738,1.757284866688468,0.003082248964742251
-1.447146872005089,1.757284866688468,-0.00550474692569892
-1.3437792382904399,1.757284866688468,-0.012392121775540653
-1.2404116045757907,1.757284866688468,-0.0152903168451312
-1.1370439708611417,1.757284866688468,-0.013056282801050206
-1.0336763371464925,1.757284866688468,-0.0059896734328045735
-0.9303087034318435,1.757284866688468,0.0042683055558316516
-0.8269410697171936,1.757284866688468,0.015186812957069496
-0.7235734360025445,1.757284866688468,0.024007670260137542
-0.6202058022878953,1.757284866688468,0.028429192163601836
-0.5168381685732463,1.757284866688468,0.027130787167871387
-0.4134705348585972,1.757284866688468,0.020016046482968078
-0.31010290114394806,1.757284866688468,0.008140187783742326
-0.2067352674292982,1.757284866688468,-0.006622627181855952
-0.1033676337146491,1.757284866688468,-0.022051993066297276
0.,1.757284866688468,-0.036051280600011
0.1033676337146491,1.757284866688468,-0.04699441015731083
0.2067352674292982,1.757284866688468,-0.05388433223226037
0.31010290114394734,1.757284866688468,-0.05632623105314807
0.4134705348585964,1.757284866688468,-0.05437603370064635
0.5168381685732455,1.757284866688468,-0.048354182900449114
0.6202058022878947,1.757284866688468,-0.03870883676725922
0.7235734360025438,1.757284866688468,-0.02597699008676515
0.8269410697171944,1.757284866688468,-0.010841504054739244
0.9303087034318435,1.757284866688468,0.005764141874025989
1.0336763371464925,1.757284866688468,0.02257675888325535
1.1370439708611417,1.757284866688468,0.03801900596074864
1.2404116045757907,1.757284866688468,0.05034657791197063
1.3437792382904399,1.757284866688468,0.05791590433824384
1.447146872005089,1.757284866688468,0.059513891841407415
1.550514505719738,1.757284866688468,0.05466104479773669
1.6538821394343872,1.757284866688468,0.04379676648225884
1.7572497731490362,1.757284866688468,0.028282103114851586
1.8606174068636854,1.757284866688468,0.010202615404296293
1.9639850405783346,1.757284866688468,-0.00799209871729671
2.0673526742929837,1.757284866688468,-0.023931679842449226
2.1707203080076343,1.757284866688468,-0.03574908443557035
2.2740879417222835,1.757284866688468,-0.042390103848253716
2.3774555754369326,1.757284866688468,-0.043744607713277525
2.4808232091515814,1.757284866688468,-0.04058222304121689
2.5841908428662306,1.757284866688468,-0.03432257597303706
2.6875584765808798,1.757284866688468,-0.026705659356150477
2.790926110295529,1.757284866688468,-0.019443015240812007
2.894293744010178,1.757284866688468,-0.013923582648508766
2.997661377724827,1.757284866688468,-0.011024063817833336
3.101029011439476,1.757284866688468,-0.01104157669337582
3.2043966451541253,1.757284866688468,-0.013736237866369445
3.3077642788687744,1.757284866688468,-0.018450984443879905
3.411131912583425,1.757284866688468,-0.024268901199597633
3.514499546298074,1.757284866688468,-0.030173329850636383
3.6178671800127233,1.757284866688468,-0.03518830290292577
3.7212348137273725,1.757284866688468,-0.03849022741860923
3.8246024474420213,1.757284866688468,-0.039491130958843
3.9279700811566705,1.757284866688468,-0.037896761432743474
4.031337714871319,1.757284866688468,-0.03374017568201586
4.134705348585968,1.757284866688468,-0.027386358133615785
4.238072982300618,1.757284866688468,-0.01949992412422701
4.341440616015267,1.757284866688468,-0.010969212294609882
4.444808249729916,1.757284866688468,-0.0027870023001864397
4.548175883444565,1.757284866688468,0.0041008904265602015
4.651543517159214,1.757284866688468,0.008956321883761558
4.754911150873865,1.757284866688468,0.011388050558806196
4.858278784588514,1.757284866688468,0.011437695929906705
4.961646418303163,1.757284866688468,0.009587900625368394
5.065014052017812,1.757284866688468,0.006682668765538347
5.168381685732461,1.757284866688468,0.0037684143803112073
5.27174931944711,1.757284866688468,0.001882548684925595
5.3751169531617595,1.757284866688468,0.0018301232842846391
5.478484586876409,1.757284866688468,0.003994826126648628
5.581852220591058,1.757284866688468,0.00822690893039237
5.685219854305707,1.757284866688468,0.013837750398182677
5.788587488020356,1.757284866688468,0.019710832570713394
5.8919551217350055,1.757284866688468,0.02451538397813515
5.995322755449654,1.757284866688468,0.026986108289012833
6.098690389164305,1.757284866688468,0.026214805823569
6.202058022878954,1.757284866688468,0.021891436352018664
6.305425656593603,1.757284866688468,0.014436227943058643
6.408793290308252,1.757284866688468,0.004981784535434894
-6.408793290308252,1.8606545647289676,-0.0027864519472324645
-6.305425656593603,1.8606545647289676,-0.008778493315876814
-6.202058022878954,1.8606545647289676,-0.010885131702470581
-6.098690389164304,1.8606545647289676,-0.00889400041290727
-5.995322755449655,1.8606545647289676,-0.0033577414091739716
-5.8919551217350055,1.8606545647289676,0.004515031924891929
-5.788587488020356,1.8606545647289676,0.013085487234203996
-5.685219854305708,1.8606545647289676,0.020589243909346213
-5.581852220591058,1.8606545647289676,0.02546814985091133
-5.478484586876409,1.8606545647289676,0.026669498034529726
-5.3751169531617595,1.8606545647289676,0.023853860374168895
-5.27174931944711,1.8606545647289676,0.01746457683363954
-5.168381685732461,1.8606545647289676,0.008635501146537853
-5.065014052017812,1.8606545647289676,-0.001053476464431245
-4.961646418303163,1.8606545647289676,-0.009927335025093895
-4.858278784588514,1.8606545647289676,-0.016596750011421538
-4.754911150873865,1.8606545647289676,-0.020276832847710435
-4.651543517159215,1.8606545647289676,-0.020958745921335252
-4.548175883444566,1.8606545647289676,-0.01938044773333874
-4.444808249729917,1.8606545647289676,-0.016793082080899215
-4.341440616015267,1.8606545647289676,-0.014576598154495139
-4.238072982300618,1.8606545647289676,-0.01380592666067894
-4.134705348585968,1.8606545647289676,-0.014891922979449827
-4.031337714871319,1.8606545647289676,-0.017409537130918598
-3.9279700811566705,1.8606545647289676,-0.02017912064293838
-3.8246024474420213,1.8606545647289676,-0.02159609897396354
-3.7212348137273725,1.8606545647289676,-0.020128718277969773
-3.6178671800127233,1.8606545647289676,-0.01484589377500348
-3.514499546298074,1.8606545647289676,-0.005816546771272871
-3.411131912583425,1.8606545647289676,0.005752422672251098
-3.3077642788687753,1.8606545647289676,0.017704467599763095
-3.204396645154126,1.8606545647289676,0.02742048132970157
-3.101029011439477,1.8606545647289676,0.03248640065307674
-2.9976613777248278,1.8606545647289676,0.031361748847787876
-2.8942937440101786,1.8606545647289676,0.023857814822760868
-2.790926110295529,1.8606545647289676,0.011278325036799408
-2.6875584765808798,1.8606545647289676,-0.003834855275638307
-2.5841908428662306,1.8606545647289676,-0.018297882973505913
-2.4808232091515814,1.8606545647289676,-0.0290703513448883
-2.3774555754369326,1.8606545647289676,-0.03401875075372074
-2.2740879417222835,1.8606545647289676,-0.03244761458273768
-2.1707203080076334,1.8606545647289676,-0.025249571627436795
-2.067352674292984,1.8606545647289676,-0.014631052797307866
-1.9639850405783352,1.8606545647289676,-0.00348968600636871
-1.8606174068636863,1.8606545647289676,0.005382247785713881
-1.757249773149037,1.8606545647289676,0.010045374528701136
-1.6538821394343879,1.8606545647289676,0.009904384206325034
-1.550514505719738,1.8606545647289676,0.005810269435942209
-1.447146872005089,1.8606545647289676,-0.00024675220707881393
-1.3437792382904399,1.8606545647289676,-0.005757704156772422
-1.2404116045757907,1.8606545647289676,-0.008446117095770853
-1.1370439708611417,1.8606545647289676,-0.006935118082426762
-1.0336763371464925,1.8606545647289676,-0.0011453779547942382
-0.9303087034318435,1.8606545647289676,0.0076790775422144976
-0.8269410697171936,1.8606545647289676,0.0173117180615266
-0.7235734360025445,1.8606545647289676,0.02514302013834623
-0.6202058022878953,1.8606545647289676,0.028863558416112226
-0.5168381685732463,1.8606545647289676,0.02704178368427727
-0.4134705348585972,1.8606545647289676,0.01944831778850091
-0.31010290114394806,1.8606545647289676,0.0070588961435789094
-0.2067352674292982,1.8606545647289676,-0.008237937466107166
-0.1033676337146491,1.8606545647289676,-0.024123094691676193
0.,1.8606545647289676,-0.03837172542514954
0.1033676337146491,1.8606545647289676,-0.0492775681576104
0.2067352674292982,1.8606545647289676,-0.05587983349286287
0.31010290114394734,1.8606545647289676,-0.057965451536280875
0.4134705348585964,1.8606545647289676,-0.055889797759972715
0.5168381685732455,1.8606545647289676,-0.0503078840433173
0.6202058022878947,1.8606545647289676,-0.04192206984997952
0.7235734360025438,1.8606545647289676,-0.03133031003378888
0.8269410697171944,1.8606545647289676,-0.01901117378917167
0.9303087034318435,1.8606545647289676,-0.005426250925526099
1.0336763371464925,1.8606545647289676,0.008823720360410217
1.1370439708611417,1.8606545647289676,0.022871461771726217
1.2404116045757907,1.8606545647289676,0.03555538623602253
1.3437792382904399,1.8606545647289676,0.04552580668785664
1.447146872005089,1.8606545647289676,0.05147125986320478
1.550514505719738,1.8606545647289676,0.05240755125771093
1.6538821394343872,1.8606545647289676,0.04794727768047798
1.7572497731490362,1.8606545647289676,0.03846871042506905
1.8606174068636854,1.8606545647289676,0.02512874867258279
1.9639850405783346,1.8606545647289676,0.009706343393556416
2.0673526742929837,1.8606545647289676,-0.005692710588155584
2.1707203080076343,1.8606545647289676,-0.01900430025117879
2.2740879417222835,1.8606545647289676,-0.028566977782108247
2.3774555754369326,1.8606545647289676,-0.033400322215857106
2.4808232091515814,1.8606545647289676,-0.03334883856836703
2.5841908428662306,1.8606545647289676,-0.029072063657668585
2.6875584765808798,1.8606545647289676,-0.021893922235004186
2.790926110295529,1.8606545647289676,-0.013549009236009381
2.894293744010178,1.8606545647289676,-0.005876483350192522
2.997661377724827,1.8606545647289676,-0.0005138159663865345
3.101029011439476,1.8606545647289676,0.0013641655620201187
3.2043966451541253,1.8606545647289676,-0.0007733897037167256
3.3077642788687744,1.8606545647289676,-0.006733748206831321
3.411131912583425,1.8606545647289676,-0.015632754618515893
3.514499546298074,1.8606545647289676,-0.026036513306470357
3.6178671800127233,1.8606545647289676,-0.03619678498327721
3.7212348137273725,1.8606545647289676,-0.044349373072928695
3.8246024474420213,1.8606545647289676,-0.04903030350946919
3.9279700811566705,1.8606545647289676,-0.049354378052288865
4.031337714871319,1.8606545647289676,-0.04519935254756134
4.134705348585968,1.8606545647289676,-0.037250144925637906
4.238072982300618,1.8606545647289676,-0.02688169067363327
4.341440616015267,1.8606545647289676,-0.01589276556078571
4.444808249729916,1.8606545647289676,-0.006138840850683629
4.548175883444565,1.8606545647289676,0.0008597115200347467
4.651543517159214,1.8606545647289676,0.0042457949396382715
4.754911150873865,1.8606545647289676,0.004011357624090759
4.858278784588514,1.8606545647289676,0.0009922937168609994
4.961646418303163,1.8606545647289676,-0.003331481239766828
5.065014052017812,1.8606545647289676,-0.007187228578932876
5.168381685732461,1.8606545647289676,-0.00893038940068027
5.27174931944711,1.8606545647289676,-0.007435949339534148
5.3751169531617595,1.8606545647289676,-0.0023677144726770676
5.478484586876409,1.8606545647289676,0.005736815956612755
5.581852220591058,1.8606545647289676,0.015583134215114619
5.685219854305707,1.8606545647289676,0.02540693914762485
5.788587488020356,1.8606545647289676,0.033362030485833416
5.8919551217350055,1.8606545647289676,0.03791883914932374
5.995322755449654,1.8606545647289676,0.038185778937421436
6.098690389164305,1.8606545647289676,0.03408793758811267
6.202058022878954,1.8606545647289676,0.026372847356728474
6.305425656593603,1.8606545647289676,0.01645158061971408
6.408793290308252,1.8606545647289676,0.006116101209176589
-6.408793290308252,1.9640242627694657,0.0034628613718240566
-6.305425656593603,1.9640242627694657,-0.0007576815623609156
-6.202058022878954,1.9640242627694657,-0.0011365423609199729
-6.098690389164304,1.9640242627694657,0.002017703986007263
-5.995322755449655,1.9640242627694657,0.007753048286490535
-5.8919551217350055,1.9640242627694657,0.01470208919244336
-5.788587488020356,1.9640242627694657,0.021355563052319174
-5.685219854305708,1.9640242627694657,0.026331640018040142
-5.581852220591058,1.9640242627694657,0.02860184035292306
-5.478484586876409,1.9640242627694657,0.02764663961359427
-5.3751169531617595,1.9640242627694657,0.023524444862586306
-5.27174931944711,1.9640242627694657,0.01684642126353352
-5.168381685732461,1.9640242627694657,0.008658683171735097
-5.065014052017812,1.9640242627694657,0.0002450239980697955
-4.961646418303163,1.9640242627694657,-0.007121784730525165
-4.858278784588514,1.9640242627694657,-0.012436588554836626
-4.754911150873865,1.9640242627694657,-0.015172032457137396
-4.651543517159215,1.9640242627694657,-0.015388301881591657
-4.548175883444566,1.9640242627694657,-0.013704084989452652
-4.444808249729917,1.9640242627694657,-0.011121260844229038
-4.341440616015267,1.9640242627694657,-0.008735671662436627
-4.238072982300618,1.9640242627694657,-0.007404132139776453
-4.134705348585968,1.9640242627694657,-0.007460690397974626
-4.031337714871319,1.9640242627694657,-0.008572811361636474
-3.9279700811566705,1.9640242627694657,-0.00979711719682862
-3.8246024474420213,1.9640242627694657,-0.009840238833015253
-3.7212348137273725,1.9640242627694657,-0.007467401265935641
-3.6178671800127233,1.9640242627694657,-0.0019486413832690138
-3.514499546298074,1.9640242627694657,0.006591860960964829
-3.411131912583425,1.9640242627694657,0.01704299008434794
-3.3077642788687753,1.9640242627694657,0.027456475763783565
-3.204396645154126,1.9640242627694657,0.03546594792765523
-3.101029011439477,1.9640242627694657,0.03887933383790648
-2.9976613777248278,1.9640242627694657,0.036288130740910744
-2.8942937440101786,1.9640242627694657,0.027519083864603763
-2.790926110295529,1.9640242627694657,0.013786949347577902
-2.6875584765808798,1.9640242627694657,-0.0025153906611587802
-2.5841908428662306,1.9640242627694657,-0.018352034369383163
-2.4808232091515814,1.9640242627694657,-0.030771494039606807
-2.3774555754369326,1.9640242627694657,-0.037632742320097994
-2.2740879417222835,1.9640242627694657,-0.03812963378613093
-2.1707203080076334,1.9640242627694657,-0.03296514640663168
-2.067352674292984,1.9640242627694657,-0.02412319415843373
-1.9639850405783352,1.9640242627694657,-0.014299274641487527
-1.8606174068636863,1.9640242627694657,-0.0061487197165800275
-1.757249773149037,1.9640242627694657,-0.0015638126548275367
-1.6538821394343879,1.9640242627694657,-0.0011826210441179639
-1.550514505719738,1.9640242627694657,-0.004265238527070564
-1.447146872005089,1.9640242627694657,-0.008966931260394752
-1.3437792382904399,1.9640242627694657,-0.012923767669900775
-1.2404116045757907,1.9640242627694657,-0.013978139262706793
-1.1370439708611417,1.9640242627694657,-0.010834668079742414
-1.0336763371464925,1.9640242627694657,-0.003461299096352523
-0.9303087034318435,1.9640242627694657,0.006872481749208189
-0.8269410697171936,1.9640242627694657,0.017922238338395447
-0.7235734360025445,1.9640242627694657,0.027058639792309148
-0.6202058022878953,1.9640242627694657,0.03194923569725706
-0.5168381685732463,1.9640242627694657,0.031141950827990025
-0.4134705348585972,1.9640242627694657,0.02439726716901831
-0.31010290114394806,1.9640242627694657,0.012694828491965638
-0.2067352674292982,1.9640242627694657,-0.0020644308044111713
-0.1033676337146491,1.9640242627694657,-0.017556414443535926
0.,1.9640242627694657,-0.03158077802610939
0.1033676337146491,1.9640242627694657,-0.042505272626921886
0.2067352674292982,1.9640242627694657,-0.04950024806788895
0.31010290114394734,1.9640242627694657,-0.05252769565948041
0.4134705348585964,1.9640242627694657,-0.05212482915446228
0.5168381685732455,1.9640242627694657,-0.04907867858489671
0.6202058022878947,1.9640242627694657,-0.044109927522776454
0.7235734360025438,1.9640242627694657,-0.03766748088895124
0.8269410697171944,1.9640242627694657,-0.02988834488788081
0.9303087034318435,1.9640242627694657,-0.02071732148340425
1.0336763371464925,1.9640242627694657,-0.010127504997600791
1.1370439708611417,1.9640242627694657,0.0016482067372998498
1.2404116045757907,1.9640242627694657,0.013964506982481032
1.3437792382904399,1.9640242627694657,0.025751516915562125
1.447146872005089,1.9640242627694657,0.03565835156959713
1.550514505719738,1.9640242627694657,0.042318758026542634
1.6538821394343872,1.9640242627694657,0.04466820801086678
1.7572497731490362,1.9640242627694657,0.04222667876859002
1.8606174068636854,1.9640242627694657,0.035270608280933514
1.9639850405783346,1.9640242627694657,0.02484659737579672
2.0673526742929837,1.9640242627694657,0.0126188682572135
2.1707203080076343,1.9640242627694657,0.0005812643493852997
2.2740879417222835,1.9640242627694657,-0.0093065471733296
2.3774555754369326,1.9640242627694657,-0.015485312211316184
2.4808232091515814,1.9640242627694657,-0.01709375105430612
2.5841908428662306,1.9640242627694657,-0.014141656809394679
2.6875584765808798,1.9640242627694657,-0.007526418550455274
2.790926110295529,1.9640242627694657,0.001112005301832651
2.894293744010178,1.9640242627694657,0.00967599403741288
2.997661377724827,1.9640242627694657,0.015990089261182644
3.101029011439476,1.9640242627694657,0.018213089148256457
3.2043966451541253,1.9640242627694657,0.015209983609912513
3.3077642788687744,1.9640242627694657,0.006811947589181307
3.411131912583425,1.9640242627694657,-0.006094142737900719
3.514499546298074,1.9640242627694657,-0.02167875432205955
3.6178671800127233,1.9640242627694657,-0.037480042766895885
3.7212348137273725,1.9640242627694657,-0.050863963340774
3.8246024474420213,1.9640242627694657,-0.059548503961787666
3.9279700811566705,1.9640242627694657,-0.06208278137864996
4.031337714871319,1.9640242627694657,-0.05817120709987679
4.134705348585968,1.9640242627694657,-0.04875922684967879
4.238072982300618,1.9640242627694657,-0.03584705717976737
4.341440616015267,1.9640242627694657,-0.02206100762206825
4.444808249729916,1.9640242627694657,-0.010072928415900522
4.548175883444565,1.9640242627694657,-0.0020005222311515127
4.651543517159214,1.9640242627694657,0.0010681065438408687
4.754911150873865,1.9640242627694657,-0.0006918397739525335
4.858278784588514,1.9640242627694657,-0.005910015836600835
4.961646418303163,1.9640242627694657,-0.012376333735007529
5.065014052017812,1.9640242627694657,-0.01759640327278972
5.168381685732461,1.9640242627694657,-0.019409057708959458
5.27174931944711,1.9640242627694657,-0.016512989410523704
5.3751169531617595,1.9640242627694657,-0.008774365479884423
5.478484586876409,1.9640242627694657,0.0027549428534994562
5.581852220591058,1.9640242627694657,0.01610422305667941
5.685219854305707,1.9640242627694657,0.02886042773135614
5.788587488020356,1.9640242627694657,0.038730077528305304
5.8919551217350055,1.9640242627694657,0.044047824395274035
5.995322755449654,1.9640242627694657,0.04411467683048749
6.098690389164305,1.9640242627694657,0.03929869282648302
6.202058022878954,1.9640242627694657,0.03089352545101859
6.305425656593603,1.9640242627694657,0.020788028699439246
6.408793290308252,1.9640242627694657,0.011038639323217768
-6.408793290308252,2.067393960809964,0.013581490522943497
-6.305425656593603,2.067393960809964,0.010397796284136097
-6.202058022878954,2.067393960809964,0.010204925470642117
-6.098690389164304,2.067393960809964,0.012667769906410572
-5.995322755449655,2.067393960809964,0.016933192813529754
-5.8919551217350055,2.067393960809964,0.02184871637425661
-5.788587488020356,2.067393960809964,0.026202040924105705
-5.685219854305708,2.067393960809964,0.02893891158882767
-5.581852220591058,2.067393960809964,0.02933167582134603
-5.478484586876409,2.067393960809964,0.027084283682248838
-5.3751169531617595,2.067393960809964,0.022368124913642654
-5.27174931944711,2.067393960809964,0.015787484750004997
-5.168381685732461,2.067393960809964,0.008276847183735404
-5.065014052017812,2.067393960809964,0.000938560624540051
-4.961646418303163,2.067393960809964,-0.0051597585650039884
-4.858278784588514,2.067393960809964,-0.009195112196622347
-4.754911150873865,2.067393960809964,-0.010762185696917757
-4.651543517159215,2.067393960809964,-0.009963371865009002
-4.548175883444566,2.067393960809964,-0.007381371820892235
-4.444808249729917,2.067393960809964,-0.00392624671551158
-4.341440616015267,2.067393960809964,-0.0005841168996024088
-4.238072982300618,2.067393960809964,0.0018711757353610924
-4.134705348585968,2.067393960809964,0.003121346831133939
-4.031337714871319,2.067393960809964,0.0034220431352485437
-3.9279700811566705,2.067393960809964,0.003544948154874482
-3.8246024474420213,2.067393960809964,0.004541517839741887
-3.7212348137273725,2.067393960809964,0.007382851061712791
-3.6178671800127233,2.067393960809964,0.012576408656564578
-3.514499546298074,2.067393960809964,0.019879654569402248
-3.411131912583425,2.067393960809964,0.028213809261862576
-3.3077642788687753,2.067393960809964,0.03582935700754599
-3.204396645154126,2.067393960809964,0.040701828651303916
-3.101029011439477,2.067393960809964,0.04106300568835878
-2.9976613777248278,2.067393960809964,0.0359222883016926
-2.8942937440101786,2.067393960809964,0.02542325865378858
-2.790926110295529,2.067393960809964,0.010917531887475069
-2.6875584765808798,2.067393960809964,-0.005286464584852348
-2.5841908428662306,2.067393960809964,-0.020448991023923613
-2.4808232091515814,2.067393960809964,-0.032064782620764995
-2.3774555754369326,2.067393960809964,-0.038487757303158
-2.2740879417222835,2.067393960809964,-0.03933771843485268
-2.1707203080076334,2.067393960809964,-0.0355690991822827
-2.067352674292984,2.067393960809964,-0.029175969500964318
-1.9639850405783352,2.067393960809964,-0.022611774610355757
-1.8606174068636863,2.067393960809964,-0.018085720204339822
-1.757249773149037,2.067393960809964,-0.016935142246796715
-1.6538821394343879,2.067393960809964,-0.019252845668239368
-1.550514505719738,2.067393960809964,-0.023875742389960826
-1.447146872005089,2.067393960809964,-0.02873734917953556
-1.3437792382904399,2.067393960809964,-0.03148235228176831
-1.2404116045757907,2.067393960809964,-0.030167150640453774
-1.1370439708611417,2.067393960809964,-0.023847556357063347
-1.0336763371464925,2.067393960809964,-0.012889629366626201
-0.9303087034318435,2.067393960809964,0.001079202739513518
-0.8269410697171936,2.067393960809964,0.015558676918012321
-0.7235734360025445,2.067393960809964,0.02778961407288179
-0.6202058022878953,2.067393960809964,0.03542046741750867
-0.5168381685732463,2.067393960809964,0.037046542012616195
-0.4134705348585972,2.067393960809964,0.03248593324046921
-0.31010290114394806,2.067393960809964,0.022736313517014564
-0.2067352674292982,2.067393960809964,0.009647845240073793
-0.1033676337146491,2.067393960809964,-0.0045772462834142965
0.,2.067393960809964,-0.01790930780365339
0.1033676337146491,2.067393960809964,-0.02889773918691089
0.2067352674292982,2.067393960809964,-0.036863869111252015
0.31010290114394734,2.067393960809964,-0.04185510224255256
0.4134705348585964,2.067393960809964,-0.04440652277061899
0.5168381685732455,2.067393960809964,-0.045207399349809614
0.6202058022878947,2.067393960809964,-0.044787829127377256
0.7235734360025438,2.067393960809964,-0.04332270010110892
0.8269410697171944,2.067393960809964,-0.04060470524454992
0.9303087034318435,2.067393960809964,-0.0361811580540676
1.0336763371464925,2.067393960809964,-0.029598677701917653
1.1370439708611417,2.067393960809964,-0.020669767961159147
1.2404116045757907,2.067393960809964,-0.00967283958990622
1.3437792382904399,2.067393960809964,0.0025794141980556287
1.447146872005089,2.067393960809964,0.014828116424910682
1.550514505719738,2.067393960809964,0.0255931331060771
1.6538821394343872,2.067393960809964,0.03347885758945577
1.7572497731490362,2.067393960809964,0.03748532203282831
1.8606174068636854,2.067393960809964,0.037249399433253255
1.9639850405783346,2.067393960809964,0.03315869149034683
2.0673526742929837,2.067393960809964,0.026309979339257022
2.1707203080076343,2.067393960809964,0.01831730637868879
2.2740879417222835,2.067393960809964,0.011004987290215235
2.3774555754369326,2.067393960809964,0.006043156139381244
2.4808232091515814,2.067393960809964,0.0045951551971746074
2.5841908428662306,2.067393960809964,0.0070461717127962755
2.6875584765808798,2.067393960809964,0.012871237568160809
2.790926110295529,2.067393960809964,0.02067901356450677
2.894293744010178,2.067393960809964,0.02843768457436851
2.997661377724827,2.067393960809964,0.03385432487397393
3.101029011439476,2.067393960809964,0.034844715220849545
3.2043966451541253,2.067393960809964,0.030003922407690658
3.3077642788687744,2.067393960809964,0.018976510997563402
3.411131912583425,2.067393960809964,0.0026348689310328566
3.514499546298074,2.067393960809964,-0.01699344324789671
3.6178671800127233,2.067393960809964,-0.03705718576865848
3.7212348137273725,2.067393960809964,-0.05441965130965025
3.8246024474420213,2.067393960809964,-0.06629702067675058
3.9279700811566705,2.067393960809964,-0.07085646491207162
4.031337714871319,2.067393960809964,-0.06763187677446277
4.134705348585968,2.067393960809964,-0.05764942488626571
4.238072982300618,2.067393960809964,-0.04321971527309878
4.341440616015267,2.067393960809964,-0.027433412929298722
4.444808249729916,2.067393960809964,-0.013472328547323269
4.548175883444565,2.067393960809964,-0.003897725296838523
4.651543517159214,2.067393960809964,-0.00008731932571494099
4.754911150873865,2.067393960809964,-0.0019579554391469314
4.858278784588514,2.067393960809964,-0.008040218102764719
4.961646418303163,2.067393960809964,-0.01588259257749913
5.065014052017812,2.067393960809964,-0.022679874506104206
5.168381685732461,2.067393960809964,-0.02596564687916652
5.27174931944711,2.067393960809964,-0.024196354405457567
5.3751169531617595,2.067393960809964,-0.017087430887059565
5.478484586876409,2.067393960809964,-0.005630113878787316
5.581852220591058,2.067393960809964,0.00819847539402547
5.685219854305707,2.067393960809964,0.021942900152316275
5.788587488020356,2.067393960809964,0.03325661100358377
5.8919551217350055,2.067393960809964,0.04042088000786314
5.995322755449654,2.067393960809964,0.04267662874171781
6.098690389164305,2.067393960809964,0.040307442807250245
6.202058022878954,2.067393960809964,0.03447943926455019
6.305425656593603,2.067393960809964,0.026902228222812283
6.408793290308252,2.067393960809964,0.019410355465884044
-6.408793290308252,2.170763658850462,0.02581138086215917
-6.305425656593603,2.170763658850462,0.023177222700141335
-6.202058022878954,2.170763658850462,0.021946414618971094
-6.098690389164304,2.170763658850462,0.022160654326625076
-5.995322755449655,2.170763658850462,0.02348893138420557
-5.8919551217350055,2.170763658850462,0.025331190428720944
-5.788587488020356,2.170763658850462,0.02695228613571965
-5.685219854305708,2.170763658850462,0.027626339981854927
-5.581852220591058,2.170763658850462,0.026775752340437085
-5.478484586876409,2.170763658850462,0.024089904822488177
-5.3751169531617595,2.170763658850462,0.019606454373134293
-5.27174931944711,2.170763658850462,0.01373648678830241
-5.168381685732461,2.170763658850462,0.0072181261356676725
-5.065014052017812,2.170763658850462,0.0009944302915289053
-4.961646418303163,2.170763658850462,-0.0039701028195280146
-4.858278784588514,2.170763658850462,-0.00689914673076762
-4.754911150873865,2.170763658850462,-0.0073892627307048315
-4.651543517159215,2.170763658850462,-0.00551584700690046
-4.548175883444566,2.170763658850462,-0.0018208308059399461
-4.444808249729917,2.170763658850462,0.0028270788190778865
-4.341440616015267,2.170763658850462,0.0074703532360313315
-4.238072982300618,2.170763658850462,0.011334870695423176
-4.134705348585968,2.170763658850462,0.014054226590291525
-4.031337714871319,2.170763658850462,0.01577059993194501
-3.9279700811566705,2.170763658850462,0.01706918617162018
-3.8246024474420213,2.170763658850462,0.018753664175655806
-3.7212348137273725,2.170763658850462,0.021523516940517764
-3.6178671800127233,2.170763658850462,0.025652649315717424
-3.514499546298074,2.170763658850462,0.030778247199329856
-3.411131912583425,2.170763658850462,0.035883257688878845
-3.3077642788687753,2.170763658850462,0.03950050220750752
-3.204396645154126,2.170763658850462,0.040096888597958305
-3.101029011439477,2.170763658850462,0.036534030273800054
-2.9976613777248278,2.170763658850462,0.028467594223593507
-2.8942937440101786,2.170763658850462,0.01655497463765068
-2.790926110295529,2.170763658850462,0.0023900310553518806
-2.6875584765808798,2.170763658850462,-0.01183819512316374
-2.5841908428662306,2.170763658850462,-0.023881546897911794
-2.4808232091515814,2.170763658850462,-0.032017985366968565
-2.3774555754369326,2.170763658850462,-0.03551707235481779
-2.2740879417222835,2.170763658850462,-0.03484376798902415
-2.1707203080076334,2.170763658850462,-0.03152979431228685
-2.067352674292984,2.170763658850462,-0.027737176885483574
-1.9639850405783352,2.170763658850462,-0.02562997171864046
-1.8606174068636863,2.170763658850462,-0.02672989066177475
-1.757249773149037,2.170763658850462,-0.031440840645467046
-1.6538821394343879,2.170763658850462,-0.03888252047399177
-1.550514505719738,2.170763658850462,-0.04708671250081051
-1.447146872005089,2.170763658850462,-0.05350693867391582
-1.3437792382904399,2.170763658850462,-0.0557029315181894
-1.2404116045757907,2.170763658850462,-0.052011993610081325
-1.1370439708611417,2.170763658850462,-0.04202389917652429
-1.0336763371464925,2.170763658850462,-0.0267325310408804
-0.9303087034318435,2.170763658850462,-0.008328666697839288
-0.8269410697171936,2.170763658850462,0.010302861922715551
-0.7235734360025445,2.170763658850462,0.026240580824020955
-0.6202058022878953,2.170763658850462,0.03716194545140836
-0.5168381685732463,2.170763658850462,0.04179602521776933
-0.4134705348585972,2.170763658850462,0.04009143841821238
-0.31010290114394806,2.170763658850462,0.03308133692558855
-0.2067352674292982,2.170763658850462,0.022509983646987343
-0.1033676337146491,2.170763658850462,0.010343720835147374
0.,2.170763658850462,-0.0016919459442406382
0.1033676337146491,2.170763658850462,-0.012430084649550787
0.2067352674292982,2.170763658850462,-0.02136996983933774
0.31010290114394734,2.170763658850462,-0.028576775812017015
0.4134705348585964,2.170763658850462,-0.0344348057026412
0.5168381685732455,2.170763658850462,-0.03935074596590016
0.6202058022878947,2.170763658850462,-0.043506414091575206
0.7235734360025438,2.170763658850462,-0.04673394712007151
0.8269410697171944,2.170763658850462,-0.04854136753482441
0.9303087034318435,2.170763658850462,-0.0482682192106872
1.0336763371464925,2.170763658850462,-0.0453139193136193
1.1370439708611417,2.170763658850462,-0.03936498214770211
1.2404116045757907,2.170763658850462,-0.030553470799351792
1.3437792382904399,2.170763658850462,-0.019503194514687194
1.447146872005089,2.170763658850462,-0.007253153776159711
1.550514505719738,2.170763658850462,0.00492056434633877
1.6538821394343872,2.170763658850462,0.015740723883972112
1.7572497731490362,2.170763658850462,0.024169491417894134
1.8606174068636854,2.170763658850462,0.02960346793626246
1.9639850405783346,2.170763658850462,0.03198534453380268
2.0673526742929837,2.170763658850462,0.031811377008177606
2.1707203080076343,2.170763658850462,0.03003199885303485
2.2740879417222835,2.170763658850462,0.02785993469115435
2.3774555754369326,2.170763658850462,0.026515276255524165
2.4808232091515814,2.170763658850462,0.02694957495818584
2.5841908428662306,2.170763658850462,0.02959975664811243
2.6875584765808798,2.170763658850462,0.034225054073812565
2.790926110295529,2.170763658850462,0.039873074857046165
2.894293744010178,2.170763658850462,0.045002393943369676
2.997661377724827,2.170763658850462,0.047759213009745824
3.101029011439476,2.170763658850462,0.04636912748922832
3.2043966451541253,2.170763658850462,0.03957014510978399
3.3077642788687744,2.170763658850462,0.026990092739375922
3.411131912583425,2.170763658850462,0.009369671560168196
3.514499546298074,2.170763658850462,-0.011443549707001404
3.6178671800127233,2.170763658850462,-0.03275720359623235
3.7212348137273725,2.170763658850462,-0.05151766067598575
3.8246024474420213,2.170763658850462,-0.0649204218366948
3.9279700811566705,2.170763658850462,-0.07101137161205308
4.031337714871319,2.170763658850462,-0.06913371852778401
4.134705348585968,2.170763658850462,-0.06010400507854797
4.238072982300618,2.170763658850462,-0.04606193374929281
4.341440616015267,2.170763658850462,-0.03001817953516859
4.444808249729916,2.170763658850462,-0.015201015171247551
4.548175883444565,2.170763658850462,-0.004355385202059642
4.651543517159214,2.170763658850462,0.0008380995262300639
4.754911150873865,2.170763658850462,0.00008645630801873161
4.858278784588514,2.170763658850462,-0.00552230512095267
4.961646418303163,2.170763658850462,-0.01384425661003561
5.065014052017812,2.170763658850462,-0.02223250286855427
5.168381685732461,2.170763658850462,-0.02817422251812548
5.27174931944711,2.170763658850462,-0.029854151967335978
5.3751169531617595,2.170763658850462,-0.02651449558745996
5.478484586876409,2.170763658850462,-0.018540839987035106
5.581852220591058,2.170763658850462,-0.007277257134998279
5.685219854305707,2.170763658850462,0.005359372554232722
5.788587488020356,2.170763658850462,0.017353120932081835
5.8919551217350055,2.170763658850462,0.02702892291178491
5.995322755449654,2.170763658850462,0.03335991392576708
6.098690389164305,2.170763658850462,0.0360891098367293
6.202058022878954,2.170763658850462,0.03566519301726101
6.305425656593603,2.170763658850462,0.033036885255695626
6.408793290308252,2.170763658850462,0.029376124414183042
-6.408793290308252,2.2741333568909603,0.037371280616634174
-6.305425656593603,2.2741333568909603,0.03536945126837535
-6.202058022878954,2.2741333568909603,0.032730612068829774
-6.098690389164304,2.2741333568909603,0.03002946500003317
-5.995322755449655,2.2741333568909603,0.027654417646937473
-5.8919551217350055,2.2741333568909603,0.025750421446741213
-5.788587488020356,2.2741333568909603,0.024208339395137137
-5.685219854305708,2.2741333568909603,0.02271056647333813
-5.581852220591058,2.2741333568909603,0.020832398468876485
-5.478484586876409,2.2741333568909603,0.018182989041395124
-5.3751169531617595,2.2741333568909603,0.014553620265536492
-5.27174931944711,2.2741333568909603,0.01003124520600256
-5.168381685732461,2.2741333568909603,0.00503768350676574
-5.065014052017812,2.2741333568909603,0.00027155406724183474
-4.961646418303163,2.2741333568909603,-0.0034422225498424225
-4.858278784588514,2.2741333568909603,-0.00535986805616041
-4.754911150873865,2.2741333568909603,-0.005024685400463712
-4.651543517159215,2.2741333568909603,-0.002407043455936363
-4.548175883444566,2.2741333568909603,0.0020707771275373064
-4.444808249729917,2.2741333568909603,0.007640439930274606
-4.341440616015267,2.2741333568909603,0.013397538364660327
-4.238072982300618,2.2741333568909603,0.018552405579684354
-4.134705348585968,2.2741333568909603,0.02264046598769851
-4.031337714871319,2.2741333568909603,0.025619560945441315
-3.9279700811566705,2.2741333568909603,0.027816290243327078
-3.8246024474420213,2.2741333568909603,0.029733918767014752
-3.7212348137273725,2.2741333568909603,0.03178439427207763
-3.6178671800127233,2.2741333568909603,0.03403895568950407
-3.514499546298074,2.2741333568909603,0.03609305702399567
-3.411131912583425,2.2741333568909603,0.03710897334795229
-3.3077642788687753,2.2741333568909603,0.036042014466270304
-3.204396645154126,2.2741333568909603,0.0319915863341419
-3.101029011439477,2.2741333568909603,0.02456808451507929
-2.9976613777248278,2.2741333568909603,0.014149138557469215
-2.8942937440101786,2.2741333568909603,0.0019226326260961388
-2.790926110295529,2.2741333568909603,-0.010325529066256764
-2.6875584765808798,2.2741333568909603,-0.020641066670897632
-2.5841908428662306,2.2741333568909603,-0.02743619141200012
-2.4808232091515814,2.2741333568909603,-0.029973344594351577
-2.3774555754369326,2.2741333568909603,-0.028643792616577516
-2.2740879417222835,2.2741333568909603,-0.02493812990512273
-2.1707203080076334,2.2741333568909603,-0.0210923027439697
-2.067352674292984,2.2741333568909603,-0.01948966714261011
-1.9639850405783352,2.2741333568909603,-0.02197731119746217
-1.8606174068636863,2.2741333568909603,-0.029288711154345896
-1.757249773149037,2.2741333568909603,-0.04074280302694748
-1.6538821394343879,2.2741333568909603,-0.05431661345468147
-1.550514505719738,2.2741333568909603,-0.06708525184144948
-1.447146872005089,2.2741333568909603,-0.0759194490170351
-1.3437792382904399,2.2741333568909603,-0.07825748884473206
-1.2404116045757907,2.2741333568909603,-0.07274694668479174
-1.1370439708611417,2.2741333568909603,-0.05958822802411268
-1.0336763371464925,2.2741333568909603,-0.040495298515093085
-0.9303087034318435,2.2741333568909603,-0.018294296258832065
-0.8269410697171936,2.2741333568909603,0.0037229664509647858
-0.7235734360025445,2.2741333568909603,0.022513672119074648
-0.6202058022878953,2.2741333568909603,0.035882099223514326
-0.5168381685732463,2.2741333568909603,0.04282049059025707
-0.4134705348585972,2.2741333568909603,0.04353239824216209
-0.31010290114394806,2.2741333568909603,0.039169391965489644
-0.2067352674292982,2.2741333568909603,0.0313867940265633
-0.1033676337146491,2.2741333568909603,0.02186191803500738
0.,2.2741333568909603,0.01191110895735123
0.1033676337146491,2.2741333568909603,0.002295837707546791
0.2067352674292982,2.2741333568909603,-0.006759369962662887
0.31010290114394734,2.2741333568909603,-0.015380797347508334
0.4134705348585964,2.2741333568909603,-0.023780008469466964
0.5168381685732455,2.2741333568909603,-0.03201004174270293
0.6202058022878947,2.2741333568909603,-0.03982363047003467
0.7235734360025438,2.2741333568909603,-0.04667012007649606
0.8269410697171944,2.2741333568909603,-0.051817800411099235
0.9303087034318435,2.2741333568909603,-0.05454888527889298
1.0336763371464925,2.2741333568909603,-0.05435687844253214
1.1370439708611417,2.2741333568909603,-0.051083555313895926
1.2404116045757907,2.2741333568909603,-0.04495960458517518
1.3437792382904399,2.2741333568909603,-0.036547654241059505
1.447146872005089,2.2741333568909603,-0.026616264854227335
1.550514505719738,2.2741333568909603,-0.01598915777624723
1.6538821394343872,2.2741333568909603,-0.0054123725459004225
1.7572497731490362,2.2741333568909603,0.004533218403897729
1.8606174068636854,2.2741333568909603,0.01346746156272963
1.9639850405783346,2.2741333568909603,0.02120537650067131
2.0673526742929837,2.2741333568909603,0.027729039163136085
2.1707203080076343,2.2741333568909603,0.03315214275235776
2.2740879417222835,2.2741333568909603,0.03768211370400363
2.3774555754369326,2.2741333568909603,0.041574154357226493
2.4808232091515814,2.2741333568909603,0.045067694835035435
2.5841908428662306,2.2741333568909603,0.048301848490730645
2.6875584765808798,2.2741333568909603,0.05122086439656607
2.790926110295529,2.2741333568909603,0.05349688714850641
2.894293744010178,2.2741333568909603,0.05450703972472647
2.997661377724827,2.2741333568909603,0.05339786326075149
3.101029011439476,2.2741333568909603,0.04925017040728483
3.2043966451541253,2.2741333568909603,0.04132551900698442
3.3077642788687744,2.2741333568909603,0.029341577345262677
3.411131912583425,2.2741333568909603,0.013700006765296745
3.514499546298074,2.2741333568909603,-0.00441228800852345
3.6178671800127233,2.2741333568909603,-0.023104954694677275
3.7212348137273725,2.2741333568909603,-0.04006085672290325
3.8246024474420213,2.2741333568909603,-0.05296451855882409
3.9279700811566705,2.2741333568909603,-0.05999027053792959
4.031337714871319,2.2741333568909603,-0.06023077734873248
4.134705348585968,2.2741333568909603,-0.05395140065941329
4.238072982300618,2.2741333568909603,-0.04259356024888105
4.341440616015267,2.2741333568909603,-0.028511788523888575
4.444808249729916,2.2741333568909603,-0.01449775983308018
4.548175883444565,2.2741333568909603,-0.0032007973908478268
4.651543517159214,2.2741333568909603,0.0034179470485367876
4.754911150873865,2.2741333568909603,0.004469226949812739
4.858278784588514,2.2741333568909603,0.00027150731269656524
4.961646418303163,2.2741333568909603,-0.007783032338054428
5.065014052017812,2.2741333568909603,-0.01758703420364281
5.168381685732461,2.2741333568909603,-0.026803895088475707
5.27174931944711,2.2741333568909603,-0.033360512517251445
5.3751169531617595,2.2741333568909603,-0.03583554229340969
5.478484586876409,2.2741333568909603,-0.03366855033372513
5.581852220591058,2.2741333568909603,-0.027166893586333004
5.685219854305707,2.2741333568909603,-0.017337818393867322
5.788587488020356,2.2741333568909603,-0.005609568677937279
5.8919551217350055,2.2741333568909603,0.006480416621272601
5.995322755449654,2.2741333568909603,0.01756002926430003
6.098690389164305,2.2741333568909603,0.026613242516840448
6.202058022878954,2.2741333568909603,0.033070133370465604
6.305425656593603,2.2741333568909603,0.03680490385642149
6.408793290308252,2.2741333568909603,0.03806614855950184
-6.408793290308252,2.3775030549314584,0.04518280005739682
-6.305425656593603,2.3775030549314584,0.04448895502372516
-6.202058022878954,2.3775030549314584,0.04112640029352361
-6.098690389164304,2.3775030549314584,0.03605294240051694
-5.995322755449655,2.3775030549314584,0.030268650960090557
-5.8919551217350055,2.3775030549314584,0.024629320342506318
-5.788587488020356,2.3775030549314584,0.019701815510318247
-5.685219854305708,2.3775030549314584,0.01569589826938994
-5.581852220591058,2.3775030549314584,0.012490947492846611
-5.478484586876409,2.3775030549314584,0.009751424687558987
-5.3751169531617595,2.3775030549314584,0.007098793828515911
-5.27174931944711,2.3775030549314584,0.004288588733669321
-5.168381685732461,2.3775030549314584,0.001336918727743397
-5.065014052017812,2.3775030549314584,-0.0014458827667175236
-4.961646418303163,2.3775030549314584,-0.003528370441642107
-4.858278784588514,2.3775030549314584,-0.004316901991920052
-4.754911150873865,2.3775030549314584,-0.003349673964975817
-4.651543517159215,2.3775030549314584,-0.00046134228923484024
-4.548175883444566,2.3775030549314584,0.004138442115468866
-4.444808249729917,2.3775030549314584,0.009901208634378105
-4.341440616015267,2.3775030549314584,0.016079877678892233
-4.238072982300618,2.3775030549314584,0.02192532358287313
-4.134705348585968,2.3775030549314584,0.026870435411309027
-4.031337714871319,2.3775030549314584,0.030636064007008867
-3.9279700811566705,2.3775030549314584,0.03322104016587771
-3.8246024474420213,2.3775030549314584,0.03478189424757771
-3.7212348137273725,2.3775030549314584,0.03545171571383582
-3.6178671800127233,2.3775030549314584,0.035175274897326234
-3.514499546298074,2.3775030549314584,0.03363737354257539
-3.411131912583425,2.3775030549314584,0.030331100315649083
-3.3077642788687753,2.3775030549314584,0.024760920476404494
-3.204396645154126,2.3775030549314584,0.01671966776600882
-3.101029011439477,2.3775030549314584,0.006538940893629788
-2.9976613777248278,2.3775030549314584,-0.004794491836075316
-2.8942937440101786,2.3775030549314584,-0.01573176285647859
-2.790926110295529,2.3775030549314584,-0.024476311765672183
-2.6875584765808798,2.3775030549314584,-0.02945510125790602
-2.5841908428662306,2.3775030549314584,-0.029818109974728318
-2.4808232091515814,2.3775030549314584,-0.02580912545803406
-2.3774555754369326,2.3775030549314584,-0.018871138234665484
-2.2740879417222835,2.3775030549314584,-0.011416603655656742
-2.1707203080076334,2.3775030549314584,-0.006288881651622173
-2.067352674292984,2.3775030549314584,-0.006037898187917126
-1.9639850405783352,2.3775030549314584,-0.012199961537510857
-1.8606174068636863,2.3775030549314584,-0.024785808904850364
-1.757249773149037,2.3775030549314584,-0.04213483084102727
-1.6538821394343879,2.3775030549314584,-0.061197972507775804
-1.550514505719738,2.3775030549314584,-0.07819373391041602
-1.447146872005089,2.3775030549314584,-0.08947556344800878
-1.3437792382904399,2.3775030549314584,-0.09238664321072255
-1.2404116045757907,2.3775030549314584,-0.08587882168106682
-1.1370439708611417,2.3775030549314584,-0.070736672176517
-1.0336763371464925,2.3775030549314584,-0.049356634980210146
-0.9303087034318435,2.3775030549314584,-0.02515278807320968
-0.8269410697171936,2.3775030549314584,-0.001759292954477768
-0.7235734360025445,2.3775030549314584,0.017753279633266603
-0.6202058022878953,2.3775030549314584,0.03144697499032629
-0.5168381685732463,2.3775030549314584,0.03874287116149904
-0.4134705348585972,2.3775030549314584,0.04028210585458781
-0.31010290114394806,2.3775030549314584,0.03750338278790785
-0.2067352674292982,2.3775030549314584,0.032091650462042216
-0.1033676337146491,2.3775030549314584,0.025473628356186554
0.,2.3775030549314584,0.01850206572827928
0.1033676337146491,2.3775030549314584,0.01139637488417418
0.2067352674292982,2.3775030549314584,0.00391879345203294
0.31010290114394734,2.3775030549314584,-0.0043083654665115574
0.4134705348585964,2.3775030549314584,-0.013474992630260516
0.5168381685732455,2.3775030549314584,-0.023365413674339995
0.6202058022878947,2.3775030549314584,-0.03332125997927245
0.7235734360025438,2.3775030549314584,-0.04238591316760754
0.8269410697171944,2.3775030549314584,-0.049566714653422286
0.9303087034318435,2.3775030549314584,-0.05411325496974515
1.0336763371464925,2.3775030549314584,-0.05571048517299541
1.1370439708611417,2.3775030549314584,-0.0545217555303243
1.2404116045757907,2.3775030549314584,-0.051074466443121046
1.3437792382904399,2.3775030549314584,-0.04603837914328465
1.447146872005089,2.3775030549314584,-0.039983361194632736
1.550514505719738,2.3775030549314584,-0.03320712868597431
1.6538821394343872,2.3775030549314584,-0.025694228415945174
1.7572497731490362,2.3775030549314584,-0.017216711879577653
1.8606174068636854,2.3775030549314584,-0.007533648612576768
1.9639850405783346,2.3775030549314584,0.0033898269522209135
2.0673526742929837,2.3775030549314584,0.01522996947149653
2.1707203080076343,2.3775030549314584,0.027279475273364075
2.2740879417222835,2.3775030549314584,0.03856410825527124
2.3774555754369326,2.3775030549314584,0.04806289309216728
2.4808232091515814,2.3775030549314584,0.054955914657299605
2.5841908428662306,2.3775030549314584,0.058813510140403855
2.6875584765808798,2.3775030549314584,0.05966172484147295
2.790926110295529,2.3775030549314584,0.05790368477676742
2.894293744010178,2.3775030549314584,0.054128877245854
2.997661377724827,2.3775030549314584,0.04888334156253327
3.101029011439476,2.3775030549314584,0.04248853752904028
3.2043966451541253,2.3775030549314584,0.03497951573387537
3.3077642788687744,2.3775030549314584,0.026189588517151436
3.411131912583425,2.3775030549314584,0.015953995399828707
3.514499546298074,2.3775030549314584,0.004358266275133819
3.6178671800127233,2.3775030549314584,-0.008065143713648767
3.7212348137273725,2.3775030549314584,-0.020277344571660267
3.8246024474420213,2.3775030549314584,-0.030854563704238586
3.9279700811566705,2.3775030549314584,-0.03827590703792194
4.031337714871319,2.3775030549314584,-0.04130547730337992
4.134705348585968,2.3775030549314584,-0.039360569452210045
4.238072982300618,2.3775030549314584,-0.032754045435801016
4.341440616015267,2.3775030549314584,-0.022729914112221094
4.444808249729916,2.3775030549314584,-0.011267365982895452
4.548175883444565,2.3775030549314584,-0.0006929457234437777
4.651543517159214,2.3775030549314584,0.0068061694758647096
4.754911150873865,2.3775030549314584,0.009648163805490193
4.858278784588514,2.3775030549314584,0.007189136643646744
4.961646418303163,2.3775030549314584,-0.00015339396958802273
5.065014052017812,2.3775030549314584,-0.011006432683652837
5.168381685732461,2.3775030549314584,-0.023340500736810522
5.27174931944711,2.3775030549314584,-0.03488258476779494
5.3751169531617595,2.3775030549314584,-0.043545427894195216
5.478484586876409,2.3775030549314584,-0.04778329555833652
5.581852220591058,2.3775030549314584,-0.04681267658731688
5.685219854305707,2.3775030549314584,-0.040674588789148286
5.788587488020356,2.3775030549314584,-0.030151524144506184
5.8919551217350055,2.3775030549314584,-0.0165776410107305
5.995322755449654,2.3775030549314584,-0.001591730458779757
6.098690389164305,2.3775030549314584,0.013119802099545028
6.202058022878954,2.3775030549314584,0.026053124707661968
6.305425656593603,2.3775030549314584,0.03606611132429461
6.408793290308252,2.3775030549314584,0.042492617659571456
-6.408793290308252,2.4808727529719565,0.046759768496223875
-6.305425656593603,2.4808727529719565,0.04836079210271572
-6.202058022878954,2.4808727529719565,0.04580710428445775
-6.098690389164304,2.4808727529719565,0.040039562986808656
-5.995322755449655,2.4808727529719565,0.032278158766222205
-5.8919551217350055,2.4808727529719565,0.023806269580143924
-5.788587488020356,2.4808727529719565,0.01575670877152459
-5.685219854305708,2.4808727529719565,0.008941834566763984
-5.581852220591058,2.4808727529719565,0.0037642245281200495
-5.478484586876409,2.4808727529719565,0.00022712666820712087
-5.3751169531617595,2.4808727529719565,-0.0019614323916435825
-5.27174931944711,2.4808727529719565,-0.0032230712660874785
-5.168381685732461,2.4808727529719565,-0.0039322798672423425
-5.065014052017812,2.4808727529719565,-0.004281923315961536
-4.961646418303163,2.4808727529719565,-0.004230647721212821
-4.858278784588514,2.4808727529719565,-0.003544703238950501
-4.754911150873865,2.4808727529719565,-0.0019151650020622888
-4.651543517159215,2.4808727529719565,0.0008935301907719138
-4.548175883444566,2.4808727529719565,0.004917392266427805
-4.444808249729917,2.4808727529719565,0.00993313425783521
-4.341440616015267,2.4808727529719565,0.015483612243520899
-4.238072982300618,2.4808727529719565,0.020975353614884583
-4.134705348585968,2.4808727529719565,0.025808833489849352
-4.031337714871319,2.4808727529719565,0.029491732076276245
-3.9279700811566705,2.4808727529719565,0.031695162340003136
-3.8246024474420213,2.4808727529719565,0.03223930763656542
-3.7212348137273725,2.4808727529719565,0.031027666236269628
-3.6178671800127233,2.4808727529719565,0.02797459308639352
-3.514499546298074,2.4808727529719565,0.022977509691155095
-3.411131912583425,2.4808727529719565,0.015968279367478154
-3.3077642788687753,2.4808727529719565,0.007042372474024172
-3.204396645154126,2.4808727529719565,-0.003377511949625926
-3.101029011439477,2.4808727529719565,-0.014417745991941027
-2.9976613777248278,2.4808727529719565,-0.024749665777777874
-2.8942937440101786,2.4808727529719565,-0.03275762109876665
-2.790926110295529,2.4808727529719565,-0.03687728216256968
-2.6875584765808798,2.4808727529719565,-0.03603670472554321
-2.5841908428662306,2.4808727529719565,-0.030078589393624035
-2.4808232091515814,2.4808727529719565,-0.02002120051779515
-2.3774555754369326,2.4808727529719565,-0.008040085764404315
-2.2740879417222835,2.4808727529719565,0.0028788449664347085
-2.1707203080076334,2.4808727529719565,0.009569375828777095
-2.067352674292984,2.4808727529719565,0.009459315659119557
-1.9639850405783352,2.4808727529719565,0.001288980524959444
-1.8606174068636863,2.4808727529719565,-0.014432591740748938
-1.757249773149037,2.4808727529719565,-0.03538439903497833
-1.6538821394343879,2.4808727529719565,-0.05784842656172281
-1.550514505719738,2.4808727529719565,-0.07750162720756264
-1.447146872005089,2.4808727529719565,-0.09039365955192898
-1.3437792382904399,2.4808727529719565,-0.09385937190306265
-1.2404116045757907,2.4808727529719565,-0.0871256742158781
-1.1370439708611417,2.4808727529719565,-0.0714525888467981
-1.0336763371464925,2.4808727529719565,-0.04977568718589552
-0.9303087034318435,2.4808727529719565,-0.025954640463423825
-0.8269410697171936,2.4808727529719565,-0.0038394527804487713
-0.7235734360025445,2.4808727529719565,0.01358963304237502
-0.6202058022878953,2.4808727529719565,0.024783265617696858
-0.5168381685732463,2.4808727529719565,0.02975532378061611
-0.4134705348585972,2.4808727529719565,0.02978671989638898
-0.31010290114394806,2.4808727529719565,0.026825265745164577
-0.2067352674292982,2.4808727529719565,0.022787024356369603
-0.1033676337146491,2.4808727529719565,0.018978582837554853
0.,2.4808727529719565,0.015805204672729577
0.1033676337146491,2.4808727529719565,0.012826905754541785
0.2067352674292982,2.4808727529719565,0.00910800815635325
0.31010290114394734,2.4808727529719565,0.0037137253971464136
0.4134705348585964,2.4808727529719565,-0.0038313533511246858
0.5168381685732455,2.4808727529719565,-0.013282991748882042
0.6202058022878947,2.4808727529719565,-0.023697615505561903
0.7235734360025438,2.4808727529719565,-0.03371328722013945
0.8269410697171944,2.4808727529719565,-0.04198017779665919
0.9303087034318435,2.4808727529719565,-0.047580001100742904
1.0336763371464925,2.4808727529719565,-0.050282257480112495
1.1370439708611417,2.4808727529719565,-0.05054702576391737
1.2404116045757907,2.4808727529719565,-0.049276927243217396
1.3437792382904399,2.4808727529719565,-0.04741189244691369
1.447146872005089,2.4808727529719565,-0.04551765003241593
1.550514505719738,2.4808727529719565,-0.04352250116593115
1.6538821394343872,2.4808727529719565,-0.04070566674044068
1.7572497731490362,2.4808727529719565,-0.035952001727766705
1.8606174068636854,2.4808727529719565,-0.028192706668512205
1.9639850405783346,2.4808727529719565,-0.01688274629558914
2.0673526742929837,2.4808727529719565,-0.002347062793225719
2.1707203080076343,2.4808727529719565,0.014133646312089373
2.2740879417222835,2.4808727529719565,0.030543251582056338
2.3774555754369326,2.4808727529719565,0.04460150507841409
2.4808232091515814,2.4808727529719565,0.054346845436085825
2.5841908428662306,2.4808727529719565,0.05865146586598792
2.6875584765808798,2.4808727529719565,0.057507830593175366
2.790926110295529,2.4808727529719565,0.0519966321770623
2.894293744010178,2.4808727529719565,0.043946358059648756
2.997661377724827,2.4808727529719565,0.03539157021581736
3.101029011439476,2.4808727529719565,0.027999295737579987
3.2043966451541253,2.4808727529719565,0.0226406748150822
3.3077642788687744,2.4808727529719565,0.019236199831425216
3.411131912583425,2.4808727529719565,0.016913817028909074
3.514499546298074,2.4808727529719565,0.014418931315320786
3.6178671800127233,2.4808727529719565,0.01063617873175989
3.7212348137273725,2.4808727529719565,0.0050496138074477654
3.8246024474420213,2.4808727529719565,-0.0020095786921897904
3.9279700811566705,2.4808727529719565,-0.00940882553363928
4.031337714871319,2.4808727529719565,-0.015540062881063289
4.134705348585968,2.4808727529719565,-0.01882402485658958
4.238072982300618,2.4808727529719565,-0.01823595563955888
4.341440616015267,2.4808727529719565,-0.013690009878770518
4.444808249729916,2.4808727529719565,-0.006163496810329852
4.548175883444565,2.4808727529719565,0.002479437411887919
4.651543517159214,2.4808727529719565,0.009917122830454091
4.754911150873865,2.4808727529719565,0.013934251684208289
4.858278784588514,2.4808727529719565,0.012968137755302398
4.961646418303163,2.4808727529719565,0.0064960277688965295
5.065014052017812,2.4808727529719565,-0.004828570626075383
5.168381685732461,2.4808727529719565,-0.019311965133775727
5.27174931944711,2.4808727529719565,-0.03458001527049406
5.3751169531617595,2.4808727529719565,-0.04806249589469597
5.478484586876409,2.4808727529719565,-0.05748408721491555
5.581852220591058,2.4808727529719565,-0.06125728547773993
5.685219854305707,2.4808727529719565,-0.05870960328287997
5.788587488020356,2.4808727529719565,-0.05012431848880028
5.8919551217350055,2.4808727529719565,-0.036616452758735756
5.995322755449654,2.4808727529719565,-0.01989351902098457
6.098690389164305,2.4808727529719565,-0.0019603623382070984
6.202058022878954,2.4808727529719565,0.015178042446391224
6.305425656593603,2.4808727529719565,0.029775950546555133
6.408793290308252,2.4808727529719565,0.04054373991997153
-6.408793290308252,2.5842424510124546,0.040985343926877256
-6.305425656593603,2.5842424510124546,0.04571110310881679
-6.202058022878954,2.5842424510124546,0.045807564978394485
-6.098690389164304,2.5842424510124546,0.0416964801431624
-5.995322755449655,2.5842424510124546,0.034259298662228065
-5.8919551217350055,2.5842424510124546,0.024728901771074546
-5.788587488020356,2.5842424510124546,0.01451297894778358
-5.685219854305708,2.5842424510124546,0.004972454863375787
-5.581852220591058,2.5842424510124546,-0.002799954422663664
-5.478484586876409,2.5842424510124546,-0.008146976958566353
-5.3751169531617595,2.5842424510124546,-0.010914969652514797
-5.27174931944711,2.5842424510124546,-0.011404191884928028
-5.168381685732461,2.5842424510124546,-0.010216792550864775
-5.065014052017812,2.5842424510124546,-0.008049136574609858
-4.961646418303163,2.5842424510124546,-0.0054914292351221534
-4.858278784588514,2.5842424510124546,-0.0028931849054753345
-4.754911150873865,2.5842424510124546,-0.000329359814230262
-4.651543517159215,2.5842424510124546,0.002332606924267303
-4.548175883444566,2.5842424510124546,0.005297676893602905
-4.444808249729917,2.5842424510124546,0.008692847972076465
-4.341440616015267,2.5842424510124546,0.012454796600475172
-4.238072982300618,2.5842424510124546,0.016290613754486878
-4.134705348585968,2.5842424510124546,0.019717852545864067
-4.031337714871319,2.5842424510124546,0.022162129941925273
-3.9279700811566705,2.5842424510124546,0.023074098900102258
-3.8246024474420213,2.5842424510124546,0.02202821402049198
-3.7212348137273725,2.5842424510124546,0.01878153364862797
-3.6178671800127233,2.5842424510124546,0.013293561714201506
-3.514499546298074,2.5842424510124546,0.005726650806772799
-3.411131912583425,2.5842424510124546,-0.003548477711151859
-3.3077642788687753,2.5842424510124546,-0.013929089889714592
-3.204396645154126,2.5842424510124546,-0.02454897937197128
-3.101029011439477,2.5842424510124546,-0.03427337182442074
-2.9976613777248278,2.5842424510124546,-0.0417656288401962
-2.8942937440101786,2.5842424510124546,-0.04566037882315751
-2.790926110295529,2.5842424510124546,-0.044843852802881556
-2.6875584765808798,2.5842424510124546,-0.03879453777448171
-2.5841908428662306,2.5842424510124546,-0.027892945610067756
-2.4808232091515814,2.5842424510124546,-0.013587653567597004
-2.3774555754369326,2.5842424510124546,0.001680125993537634
-2.2740879417222835,2.5842424510124546,0.014836849754120121
-2.1707203080076334,2.5842424510124546,0.022783440100249516
-2.067352674292984,2.5842424510124546,0.023124729035339204
-1.9639850405783352,2.5842424510124546,0.014837296257279052
-1.8606174068636863,2.5842424510124546,-0.0013197997361081187
-1.757249773149037,2.5842424510124546,-0.022798503631943256
-1.6538821394343879,2.5842424510124546,-0.04570677938836057
-1.550514505719738,2.5842424510124546,-0.06562740173677686
-1.447146872005089,2.5842424510124546,-0.07861924442416782
-1.3437792382904399,2.5842424510124546,-0.08214413482426361
-1.2404116045757907,2.5842424510124546,-0.07566836175487483
-1.1370439708611417,2.5842424510124546,-0.060768293982340044
-1.0336763371464925,2.5842424510124546,-0.0407037055534352
-0.9303087034318435,2.5842424510124546,-0.01957183188623188
-0.8269410697171936,2.5842424510124546,-0.0012750189160435851
-0.7235734360025445,2.5842424510124546,0.011412123730500958
-0.6202058022878953,2.5842424510124546,0.01742129943841099
-0.5168381685732463,2.5842424510124546,0.017466912501252214
-0.4134705348585972,2.5842424510124546,0.01362262637534602
-0.31010290114394806,2.5842424510124546,0.008547963890336312
-0.2067352674292982,2.5842424510124546,0.004614000704602231
-0.1033676337146491,2.5842424510124546,0.003197684127205407
0.,2.5842424510124546,0.004350743855511003
0.1033676337146491,2.5842424510124546,0.006922996814865335
0.2067352674292982,2.5842424510124546,0.009072391266593685
0.31010290114394734,2.5842424510124546,0.00897310546730279
0.4134705348585964,2.5842424510124546,0.005476979535109852
0.5168381685732455,2.5842424510124546,-0.0014906334005819761
0.6202058022878947,2.5842424510124546,-0.010922114008765442
0.7235734360025438,2.5842424510124546,-0.021092228914034023
0.8269410697171944,2.5842424510124546,-0.030155390630747722
0.9303087034318435,2.5842424510124546,-0.03675839903408113
1.0336763371464925,2.5842424510124546,-0.040451149515602566
1.1370439708611417,2.5842424510124546,-0.041752639137552804
1.2404116045757907,2.5842424510124546,-0.041853450457557714
1.3437792382904399,2.5842424510124546,-0.042065915640683814
1.447146872005089,2.5842424510124546,-0.043224462089302924
1.550514505719738,2.5842424510124546,-0.04525947582589645
1.6538821394343872,2.5842424510124546,-0.047110618791721376
1.7572497731490362,2.5842424510124546,-0.04702883262789311
1.8606174068636854,2.5842424510124546,-0.043179611716666816
1.9639850405783346,2.5842424510124546,-0.03435011690064079
2.0673526742929837,2.5842424510124546,-0.02051744281964771
2.1707203080076343,2.5842424510124546,-0.0030715632182272867
2.2740879417222835,2.5842424510124546,0.015406330704908681
2.3774555754369326,2.5842424510124546,0.03176563876698985
2.4808232091515814,2.5842424510124546,0.04313062265311373
2.5841908428662306,2.5842424510124546,0.04771093023291621
2.6875584765808798,2.5842424510124546,0.04532498248060295
2.790926110295529,2.5842424510124546,0.037467223582147886
2.894293744010178,2.5842424510124546,0.026889839967543253
2.997661377724827,2.5842424510124546,0.016819980035911238
3.101029011439476,2.5842424510124546,0.01004677092934407
3.2043966451541253,2.5842424510124546,0.00815251646012391
3.3077642788687744,2.5842424510124546,0.011116890459961727
3.411131912583425,2.5842424510124546,0.01740660440157105
3.514499546298074,2.5842424510124546,0.024513137385124062
3.6178671800127233,2.5842424510124546,0.029765014805289508
3.7212348137273725,2.5842424510124546,0.031161037954033535
3.8246024474420213,2.5842424510124546,0.02797058954415617
3.9279700811566705,2.5842424510124546,0.020924884030557745
4.031337714871319,2.5842424510124546,0.011952645399854434
4.134705348585968,2.5842424510124546,0.0035536067192661713
4.238072982300618,2.5842424510124546,-0.0019899779572260462
4.341440616015267,2.5842424510124546,-0.0033214863182514215
4.444808249729916,2.5842424510124546,-0.00042820701466045395
4.548175883444565,2.5842424510124546,0.0053454293554521
4.651543517159214,2.5842424510124546,0.011680555682996563
4.754911150873865,2.5842424510124546,0.015938344966467694
4.858278784588514,2.5842424510124546,0.015890308241922863
4.961646418303163,2.5842424510124546,0.0103185772381168
5.065014052017812,2.5842424510124546,-0.0006692121040961006
5.168381685732461,2.5842424510124546,-0.015674843507294752
5.27174931944711,2.5842424510124546,-0.032357648366719824
5.3751169531617595,2.5842424510124546,-0.047978936705069156
5.478484586876409,2.5842424510124546,-0.05998760940208889
5.581852220591058,2.5842424510124546,-0.06650186212810347
5.685219854305707,2.5842424510124546,-0.06659079583211688
5.788587488020356,2.5842424510124546,-0.0603273195145839
5.8919551217350055,2.5842424510124546,-0.04864673796041952
5.995322755449654,2.5842424510124546,-0.03308557386580717
6.098690389164305,2.5842424510124546,-0.015484551010382333
6.202058022878954,2.5842424510124546,0.002278066937932186
6.305425656593603,2.5842424510124546,0.01848910838900426
6.408793290308252,2.5842424510124546,0.031737442653703346
-6.408793290308252,2.6876121490529528,0.028525418218574235
-6.305425656593603,2.6876121490529528,0.03658694952804845
-6.202058022878954,2.6876121490529528,0.040801457021751676
-6.098690389164304,2.6876121490529528,0.040653210718820186
-5.995322755449655,2.6876121490529528,0.036137901725652614
-5.8919551217350055,2.6876121490529528,0.027889125445360024
-5.788587488020356,2.6876121490529528,0.01715939362090904
-5.685219854305708,2.6876121490529528,0.0056312684838756445
-5.581852220591058,2.6876121490529528,-0.00490655260941986
-5.478484586876409,2.6876121490529528,-0.012933204885753826
-5.3751169531617595,2.6876121490529528,-0.01751239324124814
-5.27174931944711,2.6876121490529528,-0.018458843669550064
-5.168381685732461,2.6876121490529528,-0.016307527275369334
-5.065014052017812,2.6876121490529528,-0.012100661061374501
-4.961646418303163,2.6876121490529528,-0.007063755105308277
-4.858278784588514,2.6876121490529528,-0.002273409729917471
-4.754911150873865,2.6876121490529528,0.0015838324624354806
-4.651543517159215,2.6876121490529528,0.00429804955881562
-4.548175883444566,2.6876121490529528,0.006058903727342199
-4.444808249729917,2.6876121490529528,0.007259700312442173
-4.341440616015267,2.6876121490529528,0.008261893593511035
-4.238072982300618,2.6876121490529528,0.009204492031173486
-4.134705348585968,2.6876121490529528,0.009918965228052627
-4.031337714871319,2.6876121490529528,0.009968286961235492
-3.9279700811566705,2.6876121490529528,0.00878513245258133
-3.8246024474420213,2.6876121490529528,0.005854624628614939
-3.7212348137273725,2.6876121490529528,0.0008804016863651586
-3.6178671800127233,2.6876121490529528,-0.0061114216644413254
-3.514499546298074,2.6876121490529528,-0.014746833777559587
-3.411131912583425,2.6876121490529528,-0.02434484865446309
-3.3077642788687753,2.6876121490529528,-0.03399628629063787
-3.204396645154126,2.6876121490529528,-0.04265335684374667
-3.101029011439477,2.6876121490529528,-0.04921878633933311
-2.9976613777248278,2.6876121490529528,-0.052642963526307325
-2.8942937440101786,2.6876121490529528,-0.05204863895937346
-2.790926110295529,2.6876121490529528,-0.04689618740756437
-2.6875584765808798,2.6876121490529528,-0.03717787002878766
-2.5841908428662306,2.6876121490529528,-0.02359603226393741
-2.4808232091515814,2.6876121490529528,-0.007653512335814803
-2.3774555754369326,2.6876121490529528,0.008419136584195382
-2.2740879417222835,2.6876121490529528,0.021946359952887264
-2.1707203080076334,2.6876121490529528,0.030288784786727387
-2.067352674292984,2.6876121490529528,0.031439413060534584
-1.9639850405783352,2.6876121490529528,0.024590228678249303
-1.8606174068636863,2.6876121490529528,0.01049953627252727
-1.757249773149037,2.6876121490529528,-0.008482493703131398
-1.6538821394343879,2.6876121490529528,-0.028793392744668224
-1.550514505719738,2.6876121490529528,-0.04639386611420865
-1.447146872005089,2.6876121490529528,-0.05769700421955764
-1.3437792382904399,2.6876121490529528,-0.060452809439163285
-1.2404116045757907,2.6876121490529528,-0.05433897659397343
-1.1370439708611417,2.6876121490529528,-0.041073865598353576
-1.0336763371464925,2.6876121490529528,-0.023994261871539857
-0.9303087034318435,2.6876121490529528,-0.007193589292109468
-0.8269410697171936,2.6876121490529528,0.005550628055605798
-0.7235734360025445,2.6876121490529528,0.011760942648871455
-0.6202058022878953,2.6876121490529528,0.010874295916488435
-0.5168381685732463,2.6876121490529528,0.004308694909294227
-0.4134705348585972,2.6876121490529528,-0.005035047782817443
-0.31010290114394806,2.6876121490529528,-0.013685131116841632
-0.2067352674292982,2.6876121490529528,-0.018648461191226987
-0.1033676337146491,2.6876121490529528,-0.018282346054604864
0.,2.6876121490529528,-0.012729828682103634
0.1033676337146491,2.6876121490529528,-0.003798073361347452
0.2067352674292982,2.6876121490529528,0.005666169748353147
0.31010290114394734,2.6876121490529528,0.012694184027014428
0.4134705348585964,2.6876121490529528,0.015108963930782177
0.5168381685732455,2.6876121490529528,0.012147044091555434
0.6202058022878947,2.6876121490529528,0.004602311306654485
0.7235734360025438,2.6876121490529528,-0.005534008686088598
0.8269410697171944,2.6876121490529528,-0.01579719907283111
0.9303087034318435,2.6876121490529528,-0.024080312190224346
1.0336763371464925,2.6876121490529528,-0.029287573658475362
1.1370439708611417,2.6876121490529528,-0.03159227301681604
1.2404116045757907,2.6876121490529528,-0.03222207672228436
1.3437792382904399,2.6876121490529528,-0.03286028353289095
1.447146872005089,2.6876121490529528,-0.034885705825510344
1.550514505719738,2.6876121490529528,-0.0387307683134976
1.6538821394343872,2.6876121490529528,-0.04359732922256691
1.7572497731490362,2.6876121490529528,-0.047645802257446204
1.8606174068636854,2.6876121490529528,-0.04860717255088275
1.9639850405783346,2.6876121490529528,-0.04461591628937996
2.0673526742929837,2.6876121490529528,-0.0349768020247432
2.1707203080076343,2.6876121490529528,-0.020590252601972028
2.2740879417222835,2.6876121490529528,-0.0038672102830142434
2.3774555754369326,2.6876121490529528,0.0118688220462441
2.4808232091515814,2.6876121490529528,0.023322574854174206
2.5841908428662306,2.6876121490529528,0.02822024490910223
2.6875584765808798,2.6876121490529528,0.026037226557573016
2.790926110295529,2.6876121490529528,0.018218394066925093
2.894293744010178,2.6876121490529528,0.00780517379683986
2.997661377724827,2.6876121490529528,-0.0014298252121494224
3.101029011439476,2.6876121490529528,-0.0060830538837823795
3.2043966451541253,2.6876121490529528,-0.004121157024252813
3.3077642788687744,2.6876121490529528,0.00452228534124665
3.411131912583425,2.6876121490529528,0.01793504780411216
3.514499546298074,2.6876121490529528,0.032799529225667694
3.6178671800127233,2.6876121490529528,0.04537172261217862
3.7212348137273725,2.6876121490529528,0.05256524011579965
3.8246024474420213,2.6876121490529528,0.05281344215707171
3.9279700811566705,2.6876121490529528,0.04645787269589637
4.031337714871319,2.6876121490529528,0.03556199034748279
4.134705348585968,2.6876121490529528,0.023226558750082234
4.238072982300618,2.6876121490529528,0.012631007370768445
4.341440616015267,2.6876121490529528,0.0060986739765663
4.444808249729916,2.6876121490529528,0.004463191182142455
4.548175883444565,2.6876121490529528,0.00690890987813468
4.651543517159214,2.6876121490529528,0.011306533451921877
4.754911150873865,2.6876121490529528,0.014915557432729609
4.858278784588514,2.6876121490529528,0.015223870804971937
4.961646418303163,2.6876121490529528,0.010670310840995966
5.065014052017812,2.6876121490529528,0.0010504647378026893
5.168381685732461,2.6876121490529528,-0.012483199002279908
5.27174931944711,2.6876121490529528,-0.02778773252713467
5.3751169531617595,2.6876121490529528,-0.04231975206755097
5.478484586876409,2.6876121490529528,-0.05375718591948663
5.581852220591058,2.6876121490529528,-0.06047658890050678
5.685219854305707,2.6876121490529528,-0.06177861152133098
5.788587488020356,2.6876121490529528,-0.05784762908203942
5.8919551217350055,2.6876121490529528,-0.04951591845791224
5.995322755449654,2.6876121490529528,-0.03795082756203816
6.098690389164305,2.6876121490529528,-0.02438310618700392
6.202058022878954,2.6876121490529528,-0.009952135445970725
6.305425656593603,2.6876121490529528,0.004320114825573932
6.408793290308252,2.6876121490529528,0.01747335388927485
-6.408793290308252,2.790981847093451,0.011734251452909676
-6.305425656593603,2.790981847093451,0.022461982232551046
-6.202058022878954,2.790981847093451,0.031305339297922744
-6.098690389164304,2.790981847093451,0.036634299910027576
-5.995322755449655,2.790981847093451,0.03720548650895175
-5.8919551217350055,2.790981847093451,0.03259619534550385
-5.788587488020356,2.790981847093451,0.023439530793560953
-5.685219854305708,2.790981847093451,0.011366330682934389
-5.581852220591058,2.790981847093451,-0.0013453274890475764
-5.478484586876409,2.790981847093451,-0.012316063539810818
-5.3751169531617595,2.790981847093451,-0.01964537864645656
-5.27174931944711,2.790981847093451,-0.022354180886777313
-5.168381685732461,2.790981847093451,-0.020563337879943414
-5.065014052017812,2.790981847093451,-0.015367344516651534
-4.961646418303163,2.790981847093451,-0.008457848356529372
-4.858278784588514,2.790981847093451,-0.0016256286106946982
-4.754911150873865,2.790981847093451,0.0037017698930461424
-4.651543517159215,2.790981847093451,0.006753310888410066
-4.548175883444566,2.790981847093451,0.0074704016406607465
-4.444808249729917,2.790981847093451,0.006339467943046562
-4.341440616015267,2.790981847093451,0.004085693598583886
-4.238072982300618,2.790981847093451,0.0013484584848360262
-4.134705348585968,2.790981847093451,-0.0015488932095149308
-4.031337714871319,2.790981847093451,-0.004667600176902239
-3.9279700811566705,2.790981847093451,-0.008356561450884195
-3.8246024474420213,2.790981847093451,-0.013044067528020545
-3.7212348137273725,2.790981847093451,-0.019004709202994775
-3.6178671800127233,2.790981847093451,-0.02618605761049762
-3.514499546298074,2.790981847093451,-0.034148050648719556
-3.411131912583425,2.790981847093451,-0.042121878493070135
-3.3077642788687753,2.790981847093451,-0.04915374962899814
-3.204396645154126,2.790981847093451,-0.05427761427229229
-3.101029011439477,2.790981847093451,-0.05666539545445209
-2.9976613777248278,2.790981847093451,-0.055727825752969334
-2.8942937440101786,2.790981847093451,-0.05116960157994392
-2.790926110295529,2.790981847093451,-0.04302340008683449
-2.6875584765808798,2.790981847093451,-0.03168783023056989
-2.5841908428662306,2.790981847093451,-0.017974272669268113
-2.4808232091515814,2.790981847093451,-0.003137144657074901
-2.3774555754369326,2.790981847093451,0.011161800483222458
-2.2740879417222835,2.790981847093451,0.02300607157185446
-2.1707203080076334,2.790981847093451,0.03051656900057283
-2.067352674292984,2.790981847093451,0.03225327216806395
-1.9639850405783352,2.790981847093451,0.02763754370032948
-1.8606174068636863,2.790981847093451,0.01726523393471811
-1.757249773149037,2.790981847093451,0.002979627520015796
-1.6538821394343879,2.790981847093451,-0.012378615325883824
-1.550514505719738,2.790981847093451,-0.025538215457892643
-1.447146872005089,2.790981847093451,-0.03356950109371972
-1.3437792382904399,2.790981847093451,-0.03466525726168689
-1.2404116045757907,2.790981847093451,-0.028700112146339517
-1.1370439708611417,2.790981847093451,-0.017376291120801905
-1.0336763371464925,2.790981847093451,-0.0038687849469453625
-0.9303087034318435,2.790981847093451,0.007971997755086165
-0.8269410697171936,2.790981847093451,0.014661008539824891
-0.7235734360025445,2.790981847093451,0.014073166516145933
-0.6202058022878953,2.790981847093451,0.006095697582300185
-0.5168381685732463,2.790981847093451,-0.00727212315390134
-0.4134705348585972,2.790981847093451,-0.022425632783416884
-0.31010290114394806,2.790981847093451,-0.03514030255125019
-0.2067352674292982,2.790981847093451,-0.04175885131404661
-0.1033676337146491,2.790981847093451,-0.040233440194981505
0.,2.790981847093451,-0.030712534019047135
0.1033676337146491,2.790981847093451,-0.015495201604043095
0.2067352674292982,2.790981847093451,0.001633871377230169
0.31010290114394734,2.790981847093451,0.016486796797884434
0.4134705348585964,2.790981847093451,0.02564361867064494
0.5168381685732455,2.790981847093451,0.027359240911430504
0.6202058022878947,2.790981847093451,0.021939881936036035
0.7235734360025438,2.790981847093451,0.011492784115369454
0.8269410697171944,2.790981847093451,-0.0008484948800076724
0.9303087034318435,2.790981847093451,-0.011957864949385577
1.0336763371464925,2.790981847093451,-0.019669378852571716
1.1370439708611417,2.790981847093451,-0.023345578444356484
1.2404116045757907,2.790981847093451,-0.023893807648297835
1.3437792382904399,2.790981847093451,-0.02325110038492124
1.447146872005089,2.790981847093451,-0.02353627732758843
1.550514505719738,2.790981847093451,-0.02617625812224305
1.6538821394343872,2.790981847093451,-0.03131651157309674
1.7572497731490362,2.790981847093451,-0.037722771240357854
1.8606174068636854,2.790981847093451,-0.04320800455161724
1.9639850405783346,2.790981847093451,-0.04543421886111888
2.0673526742929837,2.790981847093451,-0.04280589836653395
2.1707203080076343,2.790981847093451,-0.03513614913006784
2.2740879417222835,2.790981847093451,-0.023840634468001345
2.3774555754369326,2.790981847093451,-0.011573600410596532
2.4808232091515814,2.790981847093451,-0.001411226392573463
2.5841908428662306,2.790981847093451,0.004154331381776627
2.6875584765808798,2.790981847093451,0.004075350494197595
2.790926110295529,2.790981847093451,-0.0008312685943680558
2.894293744010178,2.790981847093451,-0.008059162150135864
2.997661377724827,2.790981847093451,-0.014144803572664323
3.101029011439476,2.790981847093451,-0.015735320451916265
3.2043966451541253,2.790981847093451,-0.010657328912229895
3.3077642788687744,2.790981847093451,0.0013526426732133725
3.411131912583425,2.790981847093451,0.01849069883093909
3.514499546298074,2.790981847093451,0.03735515313798476
3.6178671800127233,2.790981847093451,0.053899797011994065
3.7212348137273725,2.790981847093451,0.064576991961836
3.8246024474420213,2.790981847093451,0.06732091769513313
3.9279700811566705,2.790981847093451,0.06207673999471476
4.031337714871319,2.790981847093451,0.05072836099939567
4.134705348585968,2.790981847093451,0.03646687805380172
4.238072982300618,2.790981847093451,0.022812429826974824
4.341440616015267,2.790981847093451,0.012600040981945879
4.444808249729916,2.790981847093451,0.007236742467867973
4.548175883444565,2.790981847093451,0.006437649815419878
4.651543517159214,2.790981847093451,0.008488747114094496
4.754911150873865,2.790981847093451,0.010917837553710997
4.858278784588514,2.790981847093451,0.011336153490726648
4.961646418303163,2.790981847093451,0.00817719978610667
5.065014052017812,2.790981847093451,0.001113317632994359
5.168381685732461,2.790981847093451,-0.00894888980269199
5.27174931944711,2.790981847093451,-0.0202496073137657
5.3751169531617595,2.790981847093451,-0.03077125313579629
5.478484586876409,2.790981847093451,-0.03883227541565427
5.581852220591058,2.790981847093451,-0.04348642918668719
5.685219854305707,2.790981847093451,-0.04462155586174496
5.788587488020356,2.790981847093451,-0.042767966194730056
5.8919551217350055,2.790981847093451,-0.03872914868815985
5.995322755449654,2.790981847093451,-0.03320117446991093
6.098690389164305,2.790981847093451,-0.02653557675601807
6.202058022878954,2.790981847093451,-0.018731504568075423
6.305425656593603,2.790981847093451,-0.009644773105917027
6.408793290308252,2.790981847093451,0.0006882680955103836
-6.408793290308252,2.894351545133949,-0.005934777281160476
-6.305425656593603,2.894351545133949,0.005966871246089035
-6.202058022878954,2.894351545133949,0.018714120428445693
-6.098690389164304,2.894351545133949,0.029702640833391813
-5.995322755449655,2.894351545133949,0.0364194112364939
-5.8919551217350055,2.894351545133949,0.03717290383032197
-5.788587488020356,2.894351545133949,0.03161928658965852
-5.685219854305708,2.894351545133949,0.020914129403578566
-5.581852220591058,2.894351545133949,0.007436087569759641
-5.478484586876409,2.894351545133949,-0.0058368171374298585
-5.3751169531617595,2.894351545133949,-0.016110678005993598
-5.27174931944711,2.894351545133949,-0.02148588081156088
-5.168381685732461,2.894351545133949,-0.021390336178471196
-5.065014052017812,2.894351545133949,-0.016624557933352577
-4.961646418303163,2.894351545133949,-0.009030592146689513
-4.858278784588514,2.894351545133949,-0.0009096887383210177
-4.754911150873865,2.894351545133949,0.005619708790451377
-4.651543517159215,2.894351545133949,0.009130439303275175
-4.548175883444566,2.894351545133949,0.009128027732611177
-4.444808249729917,2.894351545133949,0.005988601975689428
-4.341440616015267,2.894351545133949,0.0006566485616938584
-4.238072982300618,2.894351545133949,-0.005764996312636402
-4.134705348585968,2.894351545133949,-0.012382564922571906
-4.031337714871319,2.894351545133949,-0.018720373313652342
-3.9279700811566705,2.894351545133949,-0.02472581834289515
-3.8246024474420213,2.894351545133949,-0.03060269634817969
-3.7212348137273725,2.894351545133949,-0.03656263839724768
-3.6178671800127233,2.894351545133949,-0.04260293733488155
-3.514499546298074,2.894351545133949,-0.0483958253042032
-3.411131912583425,2.894351545133949,-0.05332220131208647
-3.3077642788687753,2.894351545133949,-0.05662439689754421
-3.204396645154126,2.894351545133949,-0.057610729302289124
-3.101029011439477,2.894351545133949,-0.055833851471965575
-2.9976613777248278,2.894351545133949,-0.05118628141891907
-2.8942937440101786,2.894351545133949,-0.043897921632111835
-2.790926110295529,2.894351545133949,-0.03446235507236298
-2.6875584765808798,2.894351545133949,-0.0235427089635758
-2.5841908428662306,2.894351545133949,-0.011904193763125105
-2.4808232091515814,2.894351545133949,-0.00039216934593118956
-2.3774555754369326,2.894351545133949,0.010063674236088982
-2.2740879417222835,2.894351545133949,0.018466986854886368
-2.1707203080076334,2.894351545133949,0.023844882130341048
-2.067352674292984,2.894351545133949,0.025432689967959263
-1.9639850405783352,2.894351545133949,0.022925136419286903
-1.8606174068636863,2.894351545133949,0.01671413731029626
-1.757249773149037,2.894351545133949,0.008005035030040027
-1.6538821394343879,2.894351545133949,-0.0012838467552080434
-1.550514505719738,2.894351545133949,-0.008875696144379573
-1.447146872005089,2.894351545133949,-0.01269348657125047
-1.3437792382904399,2.894351545133949,-0.01148363389754726
-1.2404116045757907,2.894351545133949,-0.0053121851972749755
-1.1370439708611417,2.894351545133949,0.004253762356263263
-1.0336763371464925,2.894351545133949,0.014393633868278284
-0.9303087034318435,2.894351545133949,0.021699842860843786
-0.8269410697171936,2.894351545133949,0.023114288642086436
-0.7235734360025445,2.894351545133949,0.016878993284571132
-0.6202058022878953,2.894351545133949,0.0032097750016895346
-0.5168381685732463,2.894351545133949,-0.015542189389579417
-0.4134705348585972,2.894351545133949,-0.03533881717584695
-0.31010290114394806,2.894351545133949,-0.05143101726254375
-0.2067352674292982,2.894351545133949,-0.05961112658259832
-0.1033676337146491,2.894351545133949,-0.05738997591597476
0.,2.894351545133949,-0.044749545710904004
0.1033676337146491,2.894351545133949,-0.02423362536408703
0.2067352674292982,2.894351545133949,-0.0003286557290410286
0.31010290114394734,2.894351545133949,0.021701833818094526
0.4134705348585964,2.894351545133949,0.037198933087296104
0.5168381685732455,2.894351545133949,0.043307131457354785
0.6202058022878947,2.894351545133949,0.03964396066865627
0.7235734360025438,2.894351545133949,0.028254021234170392
0.8269410697171944,2.894351545133949,0.01287830587822717
0.9303087034318435,2.894351545133949,-0.0022234078892470607
1.0336763371464925,2.894351545133949,-0.013528276526633016
1.1370439708611417,2.894351545133949,-0.019201304480882194
1.2404116045757907,2.894351545133949,-0.01946489611945316
1.3437792382904399,2.894351545133949,-0.016301951990535822
1.447146872005089,2.894351545133949,-0.012621338285318948
1.550514505719738,2.894351545133949,-0.011181567631372305
1.6538821394343872,2.894351545133949,-0.013635310557374132
1.7572497731490362,2.894351545133949,-0.020004076200719503
1.8606174068636854,2.894351545133949,-0.028738971193231017
1.9639850405783346,2.894351545133949,-0.037322565118145024
2.0673526742929837,2.894351545133949,-0.04318621454364883
2.1707203080076343,2.894351545133949,-0.044616648966223554
2.2740879417222835,2.894351545133949,-0.04133746623895906
2.3774555754369326,2.894351545133949,-0.03456953215271751
2.4808232091515814,2.894351545133949,-0.02655748262455648
2.5841908428662306,2.894351545133949,-0.019734584086122355
2.6875584765808798,2.894351545133949,-0.015822217734904324
2.790926110295529,2.894351545133949,-0.015181648479331676
2.894293744010178,2.894351545133949,-0.016648119190863397
2.997661377724827,2.894351545133949,-0.01791127015303021
3.101029011439476,2.894351545133949,-0.016318320463800048
3.2043966451541253,2.894351545133949,-0.009831081189856797
3.3077642788687744,2.894351545133949,0.002186360390936397
3.411131912583425,2.894351545133949,0.018617762955340438
3.514499546298074,2.894351545133949,0.03680660661746982
3.6178671800127233,2.894351545133949,0.053268370899891865
3.7212348137273725,2.894351545133949,0.06467801235111459
3.8246024474420213,2.894351545133949,0.06881928255402928
3.9279700811566705,2.894351545133949,0.06519823876088726
4.031337714871319,2.894351545133949,0.0551359284418438
4.134705348585968,2.894351545133949,0.04132565120420943
4.238072982300618,2.894351545133949,0.02701086755317841
4.341440616015267,2.894351545133949,0.015054464878897908
4.444808249729916,2.894351545133949,0.007192589025431248
4.548175883444565,2.894351545133949,0.003692286048857999
4.651543517159214,2.894351545133949,0.003489867565290992
4.754911150873865,2.894351545133949,0.004726327104807605
4.858278784588514,2.894351545133949,0.005471808272048974
4.961646418303163,2.894351545133949,0.0043833163326656615
5.065014052017812,2.894351545133949,0.0010812882704679912
5.168381685732461,2.894351545133949,-0.0038570186880790064
5.27174931944711,2.894351545133949,-0.009248145543600027
5.3751169531617595,2.894351545133949,-0.013838305792404207
5.478484586876409,2.894351545133949,-0.016808978522140423
5.581852220591058,2.894351545133949,-0.018060387796774244
5.685219854305707,2.894351545133949,-0.01817390803056493
5.788587488020356,2.894351545133949,-0.018080851904862506
5.8919551217350055,2.894351545133949,-0.01857828490553657
5.995322755449654,2.894351545133949,-0.019891356966358513
6.098690389164305,2.894351545133949,-0.02146521216670266
6.202058022878954,2.894351545133949,-0.02208423455386125
6.305425656593603,2.894351545133949,-0.020293357427448495
6.408793290308252,2.894351545133949,-0.014979995329678563
-6.408793290308252,2.9977212431744475,-0.02084472757718823
-6.305425656593603,2.9977212431744475,-0.009707506768371166
-6.202058022878954,2.9977212431744475,0.0051102592544713735
-6.098690389164304,2.9977212431744475,0.020455049164080617
-5.995322755449655,2.9977212431744475,0.03286921577902938
-5.8919551217350055,2.9977212431744475,0.03951721944540027
-5.788587488020356,2.9977212431744475,0.03895843885930959
-5.685219854305708,2.9977212431744475,0.03153493602024428
-5.581852220591058,2.9977212431744475,0.01925915346335118
-5.478484586876409,2.9977212431744475,0.005238727639897552
-5.3751169531617595,2.9977212431744475,-0.007185615464084968
-5.27174931944711,2.9977212431744475,-0.015331681382850796
-5.168381685732461,2.9977212431744475,-0.01783986778824992
-5.065014052017812,2.9977212431744475,-0.01493197877141332
-4.961646418303163,2.9977212431744475,-0.008217414482039161
-4.858278784588514,2.9977212431744475,-0.0001370695683904224
-4.754911150873865,2.9977212431744475,0.006763579634644472
-4.651543517159215,2.9977212431744475,0.010506044077473232
-4.548175883444566,2.9977212431744475,0.01010730135142308
-4.444808249729917,2.9977212431744475,0.005671254103026783
-4.341440616015267,2.9977212431744475,-0.001836271365677165
-4.238072982300618,2.9977212431744475,-0.011012367399129131
-4.134705348585968,2.9977212431744475,-0.020477496355176383
-4.031337714871319,2.9977212431744475,-0.029219441289323377
-3.9279700811566705,2.9977212431744475,-0.03673047877916102
-3.8246024474420213,2.9977212431744475,-0.04293268431984717
-3.7212348137273725,2.9977212431744475,-0.04796255686898256
-3.6178671800127233,2.9977212431744475,-0.05192721325087567
-3.514499546298074,2.9977212431744475,-0.05473892947838969
-3.411131912583425,2.9977212431744475,-0.05608948051782362
-3.3077642788687753,2.9977212431744475,-0.055561511541849705
-3.204396645154126,2.9977212431744475,-0.05281748850595377
-3.101029011439477,2.9977212431744475,-0.0477791537711031
-2.9976613777248278,2.9977212431744475,-0.04072052207175739
-2.8942937440101786,2.9977212431744475,-0.03223845443131501
-2.790926110295529,2.9977212431744475,-0.023117885003098398
-2.6875584765808798,2.9977212431744475,-0.014151050472476903
-2.5841908428662306,2.9977212431744475,-0.005984238851830279
-2.4808232091515814,2.9977212431744475,0.0009532767448052377
-2.3774555754369326,2.9977212431744475,0.006425974359513138
-2.2740879417222835,2.9977212431744475,0.010308955949775205
-2.1707203080076334,2.9977212431744475,0.012508595478985602
-2.067352674292984,2.9977212431744475,0.012948070528275627
-1.9639850405783352,2.9977212431744475,0.011644078764830772
-1.8606174068636863,2.9977212431744475,0.008848004134365973
-1.757249773149037,2.9977212431744475,0.005177042309494781
-1.6538821394343879,2.9977212431744475,0.001641871589366115
-1.550514505719738,2.9977212431744475,-0.0004991429918277116
-1.447146872005089,2.9977212431744475,-0.00006679636680105762
-1.3437792382904399,2.9977212431744475,0.00360440398514198
-1.2404116045757907,2.9977212431744475,0.010265495618547919
-1.1370439708611417,2.9977212431744475,0.018552467933981756
-1.0336763371464925,2.9977212431744475,0.026115960990206213
-0.9303087034318435,2.9977212431744475,0.030117871739155234
-0.8269410697171936,2.9977212431744475,0.02800676511343633
-0.7235734360025445,2.9977212431744475,0.018369393009372247
-0.6202058022878953,2.9977212431744475,0.0015940175795971334
-0.5168381685732463,2.9977212431744475,-0.019898429912118088
-0.4134705348585972,2.9977212431744475,-0.04199380960538879
-0.31010290114394806,2.9977212431744475,-0.05976870968524011
-0.2067352674292982,2.9977212431744475,-0.06871799695986368
-0.1033676337146491,2.9977212431744475,-0.06599715050603516
0.,2.9977212431744475,-0.051315324163724786
0.1033676337146491,2.9977212431744475,-0.027191401302085166
0.2067352674292982,2.9977212431744475,0.0015433382384942584
0.31010290114394734,2.9977212431744475,0.028894381925809252
0.4134705348585964,2.9977212431744475,0.04920509605788688
0.5168381685732455,2.9977212431744475,0.05859430902295485
0.6202058022878947,2.9977212431744475,0.05592140003818045
0.7235734360025438,2.9977212431744475,0.043000510803710784
0.8269410697171944,2.9977212431744475,0.024002888753683695
0.9303087034318435,2.9977212431744475,0.004224994181402452
1.0336763371464925,2.9977212431744475,-0.011413607986075535
1.1370439708611417,2.9977212431744475,-0.01970236799107563
1.2404116045757907,2.9977212431744475,-0.019919443385772905
1.3437792382904399,2.9977212431744475,-0.013849888163882575
1.447146872005089,2.9977212431744475,-0.005067491730150486
1.550514505719738,2.9977212431744475,0.002273102881513179
1.6538821394343872,2.9977212431744475,0.004747510511776765
1.7572497731490362,2.9977212431744475,0.0006732823480025807
1.8606174068636854,2.9977212431744475,-0.009470932211463478
1.9639850405783346,2.9977212431744475,-0.023314564250803176
2.0673526742929837,2.9977212431744475,-0.037428787344850965
2.1707203080076343,2.9977212431744475,-0.048429514595221324
2.2740879417222835,2.9977212431744475,-0.0539849332079864
2.3774555754369326,2.9977212431744475,-0.053413512612840094
2.4808232091515814,2.9977212431744475,-0.047708488882382445
2.5841908428662306,2.9977212431744475,-0.03902133784305001
2.6875584765808798,2.9977212431744475,-0.029813274171231745
2.790926110295529,2.9977212431744475,-0.02198275848917654
2.894293744010178,2.9977212431744475,-0.016268484062662028
2.997661377724827,2.9977212431744475,-0.01211835464948356
3.101029011439476,2.9977212431744475,-0.00804601076688669
3.2043966451541253,2.9977212431744475,-0.002326832965395967
3.3077642788687744,2.9977212431744475,0.00622733335486893
3.411131912583425,2.9977212431744475,0.01769475798302569
3.514499546298074,2.9977212431744475,0.03087404130127602
3.6178671800127233,2.9977212431744475,0.043575254969928034
3.7212348137273725,2.9977212431744475,0.05326865372071332
3.8246024474420213,2.9977212431744475,0.05786689134614753
3.9279700811566705,2.9977212431744475,0.05637607802481633
4.031337714871319,2.9977212431744475,0.04920200452623749
4.134705348585968,2.9977212431744475,0.038020049989943634
4.238072982300618,2.9977212431744475,0.02526639513621585
4.341440616015267,2.9977212431744475,0.013431992331269122
4.444808249729916,2.9977212431744475,0.004397538997420438
4.548175883444565,2.9977212431744475,-0.0009796360568026794
4.651543517159214,2.9977212431744475,-0.002914505773449321
4.754911150873865,2.9977212431744475,-0.0023993706498777363
4.858278784588514,2.9977212431744475,-0.0007035565458321672
4.961646418303163,2.9977212431744475,0.0011311113035252546
5.065014052017812,2.9977212431744475,0.002611564530176404
5.168381685732461,2.9977212431744475,0.0038261101471782437
5.27174931944711,2.9977212431744475,0.005201401561036247
5.3751169531617595,2.9977212431744475,0.007106479134432574
5.478484586876409,2.9977212431744475,0.009486675488073533
5.581852220591058,2.9977212431744475,0.011698307021347863
5.685219854305707,2.9977212431744475,0.012635667596489153
5.788587488020356,2.9977212431744475,0.011124380958742392
5.8919551217350055,2.9977212431744475,0.0064434941270564315
5.995322755449654,2.9977212431744475,-0.001224874931860794
6.098690389164305,2.9977212431744475,-0.010609569263037159
6.202058022878954,2.9977212431744475,-0.019536757304247265
6.305425656593603,2.9977212431744475,-0.025469342274684878
6.408793290308252,2.9977212431744475,-0.026251148747040137
-6.408793290308252,3.1010909412149457,-0.03014493477453492
-6.305425656593603,3.1010909412149457,-0.021584162384990526
-6.202058022878954,3.1010909412149457,-0.007142993718376317
-6.098690389164304,3.1010909412149457,0.010060690568553883
-5.995322755449655,3.1010909412149457,0.026230132312206406
-5.8919551217350055,3.1010909412149457,0.03784569273694176
-5.788587488020356,3.1010909412149457,0.04255939207440624
-5.685219854305708,3.1010909412149457,0.039771477414896374
-5.581852220591058,3.1010909412149457,0.03072508802136733
-5.478484586876409,3.1010909412149457,0.018098267708936647
-5.3751169531617595,3.1010909412149457,0.005221082617903951
-5.27174931944711,3.1010909412149457,-0.0048472307760480116
-5.168381685732461,3.1010909412149457,-0.01011309697520496
-5.065014052017812,3.1010909412149457,-0.010096813640841034
-4.961646418303163,3.1010909412149457,-0.005829148219817918
-4.858278784588514,3.1010909412149457,0.0005690400609291653
-4.754911150873865,3.1010909412149457,0.0065688255065717
-4.651543517159215,3.1010909412149457,0.009956648936783013
-4.548175883444566,3.1010909412149457,0.009386709690418783
-4.444808249729917,3.1010909412149457,0.0046227693643856455
-4.341440616015267,3.1010909412149457,-0.0035604925197853105
-4.238072982300618,3.1010909412149457,-0.013738415680496354
-4.134705348585968,3.1010909412149457,-0.02431018080498165
-4.031337714871319,3.1010909412149457,-0.033921690930573414
-3.9279700811566705,3.1010909412149457,-0.04171531555880795
-3.8246024474420213,3.1010909412149457,-0.047362021243906205
-3.7212348137273725,3.1010909412149457,-0.05091441400938005
-3.6178671800127233,3.1010909412149457,-0.05257747286304993
-3.514499546298074,3.1010909412149457,-0.05250869236275552
-3.411131912583425,3.1010909412149457,-0.050729797030381635
-3.3077642788687753,3.1010909412149457,-0.04717361000669969
-3.204396645154126,3.1010909412149457,-0.041827337272820245
-3.101029011439477,3.1010909412149457,-0.03489243608689042
-2.9976613777248278,3.1010909412149457,-0.026876502445638065
-2.8942937440101786,3.1010909412149457,-0.018564168996637775
-2.790926110295529,3.1010909412149457,-0.010867275613248035
-2.6875584765808798,3.1010909412149457,-0.004606771527017483
-2.5841908428662306,3.1010909412149457,-0.00030826332270168723
-2.4808232091515814,3.1010909412149457,0.0019120232364786957
-2.3774555754369326,3.1010909412149457,0.0023312501309714186
-2.2740879417222835,3.1010909412149457,0.0014876037398623499
-2.1707203080076334,3.1010909412149457,-7.996307145132323e-6
-2.067352674292984,3.1010909412149457,-0.0016354550569281088
-1.9639850405783352,3.1010909412149457,-0.003039120664925734
-1.8606174068636863,3.1010909412149457,-0.003991436847671613
-1.757249773149037,3.1010909412149457,-0.004282450759928781
-1.6538821394343879,3.1010909412149457,-0.00361276612946049
-1.550514505719738,3.1010909412149457,-0.0015749031407808962
-1.447146872005089,3.1010909412149457,0.002226002165526784
-1.3437792382904399,3.1010909412149457,0.007926327643638159
-1.2404116045757907,3.1010909412149457,0.015118354308274646
-1.1370439708611417,3.1010909412149457,0.022657137334653073
-1.0336763371464925,3.1010909412149457,0.028689980066119086
-0.9303087034318435,3.1010909412149457,0.030979968394126315
-0.8269410697171936,3.1010909412149457,0.027493846665826504
-0.7235734360025445,3.1010909412149457,0.017113631249059198
-0.6202058022878953,3.1010909412149457,0.0002518924920520836
-0.5168381685732463,3.1010909412149457,-0.020862540400192375
-0.4134705348585972,3.1010909412149457,-0.042393633072132376
-0.31010290114394806,3.1010909412149457,-0.059630440224632084
-0.2067352674292982,3.1010909412149457,-0.06810430320293284
-0.1033676337146491,3.1010909412149457,-0.06480904786675767
0.,3.1010909412149457,-0.04917295793293168
0.1033676337146491,3.1010909412149457,-0.023467039904143977
0.2067352674292982,3.1010909412149457,0.007526630151428353
0.31010290114394734,3.1010909412149457,0.03755574141872123
0.4134705348585964,3.1010909412149457,0.06040309327455167
0.5168381685732455,3.1010909412149457,0.07145793730919187
0.6202058022878947,3.1010909412149457,0.06891294486192238
0.7235734360025438,3.1010909412149457,0.05423557638212385
0.8269410697171944,3.1010909412149457,0.03176124477928902
0.9303087034318435,3.1010909412149457,0.00750688004942199
1.0336763371464925,3.1010909412149457,-0.012467985060417594
1.1370439708611417,3.1010909412149457,-0.023690026733842587
1.2404116045757907,3.1010909412149457,-0.024428826917261507
1.3437792382904399,3.1010909412149457,-0.016057537486191955
1.447146872005089,3.1010909412149457,-0.0025281355841720627
1.550514505719738,3.1010909412149457,0.0108682676281051
1.6538821394343872,3.1010909412149457,0.01907949623607644
1.7572497731490362,3.1010909412149457,0.018741919385382493
1.8606174068636854,3.1010909412149457,0.009086088604747992
1.9639850405783346,3.1010909412149457,-0.007942581325330107
2.0673526742929837,3.1010909412149457,-0.028347565779100223
2.1707203080076343,3.1010909412149457,-0.04729619889395208
2.2740879417222835,3.1010909412149457,-0.06049984852406495
2.3774555754369326,3.1010909412149457,-0.06534449549167685
2.4808232091515814,3.1010909412149457,-0.06145597860433646
2.5841908428662306,3.1010909412149457,-0.05057469604216846
2.6875584765808798,3.1010909412149457,-0.035832804264790984
2.790926110295529,3.1010909412149457,-0.02070314966620514
2.894293744010178,3.1010909412149457,-0.007970075785614966
2.997661377724827,3.1010909412149457,0.0009623706376347125
3.101029011439476,3.1010909412149457,0.006241596215241866
3.2043966451541253,3.1010909412149457,0.009215247677864356
3.3077642788687744,3.1010909412149457,0.0117248367798484
3.411131912583425,3.1010909412149457,0.015313558804167297
3.514499546298074,3.1010909412149457,0.02062384009274582
3.6178671800127233,3.1010909412149457,0.027174621397423628
3.7212348137273725,3.1010909412149457,0.033565669569668465
3.8246024474420213,3.1010909412149457,0.03800791490714383
3.9279700811566705,3.1010909412149457,0.03897529982561957
4.031337714871319,3.1010909412149457,0.03574699920952331
4.134705348585968,3.1010909412149457,0.02866301106667035
4.238072982300618,3.1010909412149457,0.019026884248542812
4.341440616015267,3.1010909412149457,0.008714491566991719
4.444808249729916,3.1010909412149457,-0.0003573838824341338
4.548175883444565,3.1010909412149457,-0.006715531748266212
4.651543517159214,3.1010909412149457,-0.009616345646091096
4.754911150873865,3.1010909412149457,-0.009068621018455082
4.858278784588514,3.1010909412149457,-0.005630836550589515
4.961646418303163,3.1010909412149457,-0.00009963173629304007
5.065014052017812,3.1010909412149457,0.0067668305429588625
5.168381685732461,3.1010909412149457,0.014379527436065043
5.27174931944711,3.1010909412149457,0.022268753088986404
5.3751169531617595,3.1010909412149457,0.029907550042382065
5.478484586876409,3.1010909412149457,0.03652565269428962
5.581852220591058,3.1010909412149457,0.04104345131992586
5.685219854305707,3.1010909412149457,0.04221004579720919
5.788587488020356,3.1010909412149457,0.038942682078019
5.8919551217350055,3.1010909412149457,0.030770008794050396
5.995322755449654,3.1010909412149457,0.01821652249712289
6.098690389164305,3.1010909412149457,0.00295852407051034
6.202058022878954,3.1010909412149457,-0.012359482363713039
6.305425656593603,3.1010909412149457,-0.024651370481569325
6.408793290308252,3.1010909412149457,-0.03114142246601088
-6.408793290308252,3.2044606392554438,-0.03250587298114405
-6.305425656593603,3.2044606392554438,-0.02763998873308109
-6.202058022878954,3.2044606392554438,-0.015937843509166504
-6.098690389164304,3.2044606392554438,0.00008857473719201278
-5.995322755449655,3.2044606392554438,0.01702848180367876
-5.8919551217350055,3.2044606392554438,0.031368630537470236
-5.788587488020356,3.2044606392554438,0.04033049792089442
-5.685219854305708,3.2044606392554438,0.04251737261653903
-5.581852220591058,3.2044606392554438,0.03819116639794
-5.478484586876409,3.2044606392554438,0.02910546761202649
-5.3751169531617595,3.2044606392554438,0.017950884702529528
-5.27174931944711,3.2044606392554438,0.007580428134722119
-5.168381685732461,3.2044606392554438,0.0002417494475211302
-5.065014052017812,3.2044606392554438,-0.002968010633834822
-4.961646418303163,3.2044606392554438,-0.002284898280364452
-4.858278784588514,3.2044606392554438,0.00092678117962688
-4.754911150873865,3.2044606392554438,0.004676102712354021
-4.651543517159215,3.2044606392554438,0.006972157081339389
-4.548175883444566,3.2044606392554438,0.00638175516056826
-4.444808249729917,3.2044606392554438,0.002363841935061683
-4.341440616015267,3.2044606392554438,-0.004689567391774293
-4.238072982300618,3.2044606392554438,-0.013678072503061424
-4.134705348585968,3.2044606392554438,-0.023176611315208605
-4.031337714871319,3.2044606392554438,-0.03183647771485644
-3.9279700811566705,3.2044606392554438,-0.038677857715046615
-3.8246024474420213,3.2044606392554438,-0.04320455408784497
-3.7212348137273725,3.2044606392554438,-0.0453445761054065
-3.6178671800127233,3.2044606392554438,-0.04528203422975547
-3.514499546298074,3.2044606392554438,-0.04327487070263774
-3.411131912583425,3.2044606392554438,-0.03954172387700603
-3.3077642788687753,3.2044606392554438,-0.034257761186186175
-3.204396645154126,3.2044606392554438,-0.02764350177147531
-3.101029011439477,3.2044606392554438,-0.020085952208830277
-2.9976613777248278,3.2044606392554438,-0.012215637908964704
-2.8942937440101786,3.2044606392554438,-0.004881815483237233
-2.790926110295529,3.2044606392554438,0.0009873202229565817
-2.6875584765808798,3.2044606392554438,0.004601211218415928
-2.5841908428662306,3.2044606392554438,0.005525303304872581
-2.4808232091515814,3.2044606392554438,0.0038195338387265955
-2.3774555754369326,3.2044606392554438,0.00004185283689917139
-2.2740879417222835,3.2044606392554438,-0.004888848848352718
-2.1707203080076334,3.2044606392554438,-0.009923533936532078
-2.067352674292984,3.2044606392554438,-0.014126496609003931
-1.9639850405783352,3.2044606392554438,-0.01684886161238248
-1.8606174068636863,3.2044606392554438,-0.017781466244907146
-1.757249773149037,3.2044606392554438,-0.016889309973584392
-1.6538821394343879,3.2044606392554438,-0.014281370759285865
-1.550514505719738,3.2044606392554438,-0.01009752704160022
-1.447146872005089,3.2044606392554438,-0.0044849697377348785
-1.3437792382904399,3.2044606392554438,0.0023087144884473667
-1.2404116045757907,3.2044606392554438,0.00976265600377714
-1.1370439708611417,3.2044606392554438,0.016922989624917544
-1.0336763371464925,3.2044606392554438,0.022371076135100885
-0.9303087034318435,3.2044606392554438,0.02440673031904587
-0.8269410697171936,3.2044606392554438,0.021459852769286265
-0.7235734360025445,3.2044606392554438,0.012647016237977699
-0.6202058022878953,3.2044606392554438,-0.0016950516485297292
-0.5168381685732463,3.2044606392554438,-0.01970378428667535
-0.4134705348585972,3.2044606392554438,-0.03808381757665512
-0.31010290114394806,3.2044606392554438,-0.05266639481769849
-0.2067352674292982,3.2044606392554438,-0.059356550916011955
-0.1033676337146491,3.2044606392554438,-0.055245871021616204
0.,3.2044606392554438,-0.03957785211937484
0.1033676337146491,3.2044606392554438,-0.014252742141391857
0.2067352674292982,3.2044606392554438,0.016339892230864177
0.31010290114394734,3.2044606392554438,0.046191871880476076
0.4134705348585964,3.2044606392554438,0.0690718974668215
0.5168381685732455,3.2044606392554438,0.08009356482288306
0.6202058022878947,3.2044606392554438,0.07702357997524459
0.7235734360025438,3.2044606392554438,0.06094357162399407
0.8269410697171944,3.2044606392554438,0.03604448479929774
0.9303087034318435,3.2044606392554438,0.008573829307024057
1.0336763371464925,3.2044606392554438,-0.014797162054698049
1.1370439708611417,3.2044606392554438,-0.028742232314307982
1.2404116045757907,3.2044606392554438,-0.03068924323004357
1.3437792382904399,3.2044606392554438,-0.021468454041584963
1.447146872005089,3.2044606392554438,-0.005013069641424302
1.550514505719738,3.2044606392554438,0.012802459105805263
1.6538821394343872,3.2044606392554438,0.02585179629432368
1.7572497731490362,3.2044606392554438,0.029488201457006404
1.8606174068636854,3.2044606392554438,0.021825143121294563
1.9639850405783346,3.2044606392554438,0.004210770012845136
2.0673526742929837,3.2044606392554438,-0.01921873387655672
2.1707203080076343,3.2044606392554438,-0.04275240052746189
2.2740879417222835,3.2044606392554438,-0.060712451063656594
2.3774555754369326,3.2044606392554438,-0.06898379429710916
2.4808232091515814,3.2044606392554438,-0.06603375605563597
2.5841908428662306,3.2044606392554438,-0.05315860100046429
2.6875584765808798,3.2044606392554438,-0.033932014213821936
2.790926110295529,3.2044606392554438,-0.01306513242030771
2.894293744010178,3.2044606392554438,0.0049527880270276575
2.997661377724827,3.2044606392554438,0.017024097126508722
3.101029011439476,3.2044606392554438,0.022099369540829972
3.2043966451541253,3.2044606392554438,0.02117490111603634
3.3077642788687744,3.2044606392554438,0.016694457711637176
3.411131912583425,3.2044606392554438,0.011593290381944227
3.514499546298074,3.2044606392554438,0.008310550467294224
3.6178671800127233,3.2044606392554438,0.008076539839108558
3.7212348137273725,3.2044606392554438,0.010667892968597395
3.8246024474420213,3.2044606392554438,0.014659742032985631
3.9279700811566705,3.2044606392554438,0.018045190964018604
4.031337714871319,3.2044606392554438,0.01898913508793524
4.134705348585968,3.2044606392554438,0.016463911346419044
4.238072982300618,3.2044606392554438,0.010577233642017821
4.341440616015267,3.2044606392554438,0.0025202195135917336
4.444808249729916,3.2044606392554438,-0.005808594089888852
4.548175883444565,3.2044606392554438,-0.012351803391642968
4.651543517159214,3.2044606392554438,-0.015428118921604294
4.754911150873865,3.2044606392554438,-0.014098644012420967
4.858278784588514,3.2044606392554438,-0.008287718239615225
4.961646418303163,3.2044606392554438,0.0013257354212975016
5.065014052017812,3.2044606392554438,0.013558355132286742
5.168381685732461,3.2044606392554438,0.02699835308873312
5.27174931944711,3.2044606392554438,0.040213451506658955
5.3751169531617595,3.2044606392554438,0.05185316117081027
5.478484586876409,3.2044606392554438,0.06067164621673329
5.581852220591058,3.2044606392554438,0.06554017044677375
5.685219854305707,3.2044606392554438,0.06552135192856845
5.788587488020356,3.2044606392554438,0.060039968387193055
5.8919551217350055,3.2044606392554438,0.04912322625071692
5.995322755449654,3.2044606392554438,0.033624597096303305
6.098690389164305,3.2044606392554438,0.015316989816589008
6.202058022878954,3.2044606392554438,-0.003240387157090987
6.305425656593603,3.2044606392554438,-0.019093226559948488
6.408793290308252,3.2044606392554438,-0.029483909846706003
-6.408793290308252,3.307830337295942,-0.028404391884155635
-6.305425656593603,3.307830337295942,-0.027301273717409244
-6.202058022878954,3.307830337295942,-0.01994457215814766
-6.098690389164304,3.307830337295942,-0.00784805936840789
-5.995322755449655,3.307830337295942,0.006610475115782096
-5.8919551217350055,3.307830337295942,0.020663865495848224
-5.788587488020356,3.307830337295942,0.0317477976552065
-5.685219854305708,3.307830337295942,0.03805770013180646
-5.581852220591058,3.307830337295942,0.03891928324098237
-5.478484586876409,3.307830337295942,0.03487095338328226
-5.3751169531617595,3.307830337295942,0.027438338320068593
-5.27174931944711,3.307830337295942,0.01867010490483035
-5.168381685732461,3.307830337295942,0.010571777174481031
-5.065014052017812,3.307830337295942,0.0045991040526391575
-4.961646418303163,3.307830337295942,0.0013476293502650417
-4.858278784588514,3.307830337295942,0.0005098088409515906
-4.754911150873865,3.307830337295942,0.001087530355383358
-4.651543517159215,3.307830337295942,0.0017735477543201117
-4.548175883444566,3.307830337295942,0.0013732203204395858
-4.444808249729917,3.307830337295942,-0.00086068567722625
-4.341440616015267,3.307830337295942,-0.005066328891388184
-4.238072982300618,3.307830337295942,-0.010806495130334102
-4.134705348585968,3.307830337295942,-0.017256282011161313
-4.031337714871319,3.307830337295942,-0.02346136862117754
-3.9279700811566705,3.307830337295942,-0.02857508693123731
-3.8246024474420213,3.307830337295942,-0.03200686830074413
-3.7212348137273725,3.307830337295942,-0.03345918377291704
-3.6178671800127233,3.307830337295942,-0.032876002625295206
-3.514499546298074,3.307830337295942,-0.030355375281975273
-3.411131912583425,3.307830337295942,-0.026082070574491963
-3.3077642788687753,3.307830337295942,-0.020314436003434928
-3.204396645154126,3.307830337295942,-0.013424034624854097
-3.101029011439477,3.307830337295942,-0.005953525181491253
-2.9976613777248278,3.307830337295942,0.0013575494416221388
-2.8942937440101786,3.307830337295942,0.007620752289432379
-2.790926110295529,3.307830337295942,0.01193238215268357
-2.6875584765808798,3.307830337295942,0.013565940503955218
-2.5841908428662306,3.307830337295942,0.012165516707693329
-2.4808232091515814,3.307830337295942,0.007872350002930217
-2.3774555754369326,3.307830337295942,0.001333699909463277
-2.2740879417222835,3.307830337295942,-0.006418651616136897
-2.1707203080076334,3.307830337295942,-0.014187727745606234
-2.067352674292984,3.307830337295942,-0.02086143713519725
-1.9639850405783352,3.307830337295942,-0.025616514882352157
-1.8606174068636863,3.307830337295942,-0.028018898199270156
-1.757249773149037,3.307830337295942,-0.028004696230684235
-1.6538821394343879,3.307830337295942,-0.02577313888639626
-1.550514505719738,3.307830337295942,-0.02165624763558245
-1.447146872005089,3.307830337295942,-0.016034773891486106
-1.3437792382904399,3.307830337295942,-0.009342685667142837
-1.2404116045757907,3.307830337295942,-0.0021530516098691036
-1.1370439708611417,3.307830337295942,0.004713152685546464
-1.0336763371464925,3.307830337295942,0.010143839854174126
-0.9303087034318435,3.307830337295942,0.012838730302842289
-0.8269410697171936,3.307830337295942,0.011590069807321352
-0.7235734360025445,3.307830337295942,0.005697057918605614
-0.6202058022878953,3.307830337295942,-0.004605659851507082
-0.5168381685732463,3.307830337295942,-0.01786923267221261
-0.4134705348585972,3.307830337295942,-0.03145445577610759
-0.31010290114394806,3.307830337295942,-0.04193906876075083
-0.2067352674292982,3.307830337295942,-0.04587226604677571
-0.1033676337146491,3.307830337295942,-0.040713161872368696
0.,3.307830337295942,-0.025696597337833985
0.1033676337146491,3.307830337295942,-0.0023475420573768357
0.2067352674292982,3.307830337295942,0.025568018082463527
0.31010290114394734,3.307830337295942,0.05272310924328065
0.4134705348585964,3.307830337295942,0.07342353715364676
0.5168381685732455,3.307830337295942,0.08302918111724164
0.6202058022878947,3.307830337295942,0.07921878005980978
0.7235734360025438,3.307830337295942,0.06272510898964316
0.8269410697171944,3.307830337295942,0.037292837173427254
0.9303087034318435,3.307830337295942,0.008820941745941332
1.0336763371464925,3.307830337295942,-0.016113554874609397
1.1370439708611417,3.307830337295942,-0.03196394111627903
1.2404116045757907,3.307830337295942,-0.035683142790090334
1.3437792382904399,3.307830337295942,-0.027534138044838542
1.447146872005089,3.307830337295942,-0.010998568460407272
1.550514505719738,3.307830337295942,0.008205580424286662
1.6538821394343872,3.307830337295942,0.0237297611894142
1.7572497731490362,3.307830337295942,0.030373903825018974
1.8606174068636854,3.307830337295942,0.02553541565808038
1.9639850405783346,3.307830337295942,0.009918722592889085
2.0673526742929837,3.307830337295942,-0.012690204777912575
2.1707203080076343,3.307830337295942,-0.03650944290873898
2.2740879417222835,3.307830337295942,-0.05538542088327384
2.3774555754369326,3.307830337295942,-0.06448500567974003
2.4808232091515814,3.307830337295942,-0.061575095801267486
2.5841908428662306,3.307830337295942,-0.04754074445811169
2.6875584765808798,3.307830337295942,-0.02602279845502217
2.790926110295529,3.307830337295942,-0.0023138266805951234
2.894293744010178,3.307830337295942,0.01814078962845358
2.997661377724827,3.307830337295942,0.031191636099336527
3.101029011439476,3.307830337295942,0.03497597160391335
3.2043966451541253,3.307830337295942,0.030197888052440083
3.3077642788687744,3.307830337295942,0.019667431607650304
3.411131912583425,3.307830337295942,0.007286800206855142
3.514499546298074,3.307830337295942,-0.003178631088995548
3.6178671800127233,3.307830337295942,-0.009167302093749802
3.7212348137273725,3.307830337295942,-0.009925492083058273
3.8246024474420213,3.307830337295942,-0.006508732558668135
3.9279700811566705,3.307830337295942,-0.0012327136037016922
4.031337714871319,3.307830337295942,0.00321270911203848
4.134705348585968,3.307830337295942,0.0046887872585421085
4.238072982300618,3.307830337295942,0.00228816146544966
4.341440616015267,3.307830337295942,-0.0034153207289091972
4.444808249729916,3.307830337295942,-0.01058615611637621
4.548175883444565,3.307830337295942,-0.01671026491396686
4.651543517159214,3.307830337295942,-0.019337584422432295
4.754911150873865,3.307830337295942,-0.016754527469637376
4.858278784588514,3.307830337295942,-0.00840393611319897
4.961646418303163,3.307830337295942,0.0050326986229424575
5.065014052017812,3.307830337295942,0.02186574794653938
5.168381685732461,3.307830337295942,0.03982933702603602
5.27174931944711,3.307830337295942,0.05656555753740417
5.3751169531617595,3.307830337295942,0.07002820721293353
5.478484586876409,3.307830337295942,0.07872956958979639
5.581852220591058,3.307830337295942,0.08182378527497734
5.685219854305707,3.307830337295942,0.0790761763527362
5.788587488020356,3.307830337295942,0.07079031864638978
5.8919551217350055,3.307830337295942,0.057749793808136766
5.995322755449654,3.307830337295942,0.04119098324630135
6.098690389164305,3.307830337295942,0.022778450163445704
6.202058022878954,3.307830337295942,0.004527575932588677
6.305425656593603,3.307830337295942,-0.011376000632893147
6.408793290308252,3.307830337295942,-0.022874028189023423
-6.408793290308252,3.41120003533644,-0.01988645112767354
-6.305425656593603,3.41120003533644,-0.02155020114475157
-6.202058022878954,3.41120003533644,-0.018963402820462476
-6.098690389164304,3.41120003533644,-0.012526144277674326
-5.995322755449655,3.41120003533644,-0.0031882888316998536
-5.8919551217350055,3.41120003533644,0.007611658962477588
-5.788587488020356,3.41120003533644,0.0181500446697795
-5.685219854305708,3.41120003533644,0.026729255131916572
-5.581852220591058,3.41120003533644,0.03201959124983993
-5.478484586876409,3.41120003533644,0.03333701823237761
-5.3751169531617595,3.41120003533644,0.03077558499828737
-5.27174931944711,3.41120003533644,0.02515397614017273
-5.168381685732461,3.41120003533644,0.017789792070601346
-5.065014052017812,3.41120003533644,0.010164829903296863
-4.961646418303163,3.41120003533644,0.003573952078284798
-4.858278784588514,3.41120003533644,-0.0011494834932786369
-4.754911150873865,3.41120003533644,-0.0037658840797875235
-4.651543517159215,3.41120003533644,-0.004598267026264075
-4.548175883444566,3.41120003533644,-0.004363541165769787
-4.444808249729917,3.41120003533644,-0.003926752362958243
-4.341440616015267,3.41120003533644,-0.004051934945260325
-4.238072982300618,3.41120003533644,-0.005213413734894056
-4.134705348585968,3.41120003533644,-0.007504902120418481
-4.031337714871319,3.41120003533644,-0.010651337043537639
-3.9279700811566705,3.41120003533644,-0.01410118229279127
-3.8246024474420213,3.41120003533644,-0.017162396958074377
-3.7212348137273725,3.41120003533644,-0.01914511653693156
-3.6178671800127233,3.41120003533644,-0.01948453585785936
-3.514499546298074,3.41120003533644,-0.01783156698917356
-3.411131912583425,3.41120003533644,-0.01410978798097117
-3.3077642788687753,3.41120003533644,-0.008541249730912628
-3.204396645154126,3.41120003533644,-0.0016414206245851093
-3.101029011439477,3.41120003533644,0.005820985601200778
-2.9976613777248278,3.41120003533644,0.012905055490105238
-2.8942937440101786,3.41120003533644,0.01862020464922494
-2.790926110295529,3.41120003533644,0.022079096397486724
-2.6875584765808798,3.41120003533644,0.022655712619218903
-2.5841908428662306,3.41120003533644,0.020113269899247672
-2.4808232091515814,3.41120003533644,0.014666699103956028
-2.3774555754369326,3.41120003533644,0.006957101676225646
-2.2740879417222835,3.41120003533644,-0.0020615863688081284
-2.1707203080076334,3.41120003533644,-0.011297793729776347
-2.067352674292984,3.41120003533644,-0.01971428037527394
-1.9639850405783352,3.41120003533644,-0.026487000180389266
-1.8606174068636863,3.41120003533644,-0.03109347719729811
-1.757249773149037,3.41120003533644,-0.0333192645772914
-1.6538821394343879,3.41120003533644,-0.033200925079585206
-1.550514505719738,3.41120003533644,-0.030945871476439183
-1.447146872005089,3.41120003533644,-0.026873794917136568
-1.3437792382904399,3.41120003533644,-0.02140828846509531
-1.2404116045757907,3.41120003533644,-0.015116101222825801
-1.1370439708611417,3.41120003533644,-0.008757805187012436
-1.0336763371464925,3.41120003533644,-0.0032927866760639507
-0.9303087034318435,3.41120003533644,0.00021468213323046133
-0.8269410697171936,3.41120003533644,0.0008097892196283738
-0.7235734360025445,3.41120003533644,-0.0020480810845940507
-0.6202058022878953,3.41120003533644,-0.00817371692801449
-0.5168381685732463,3.41120003533644,-0.016454556280860955
-0.4134705348585972,3.41120003533644,-0.024871840465072143
-0.31010290114394806,3.41120003533644,-0.030808123974862312
-0.2067352674292982,3.41120003533644,-0.03162068232116966
-0.1033676337146491,3.41120003533644,-0.025364818021819363
0.,3.41120003533644,-0.011476035617279348
0.1033676337146491,3.41120003533644,0.008804805291888613
0.2067352674292982,3.41120003533644,0.0324373334328022
0.31010290114394734,3.41120003533644,0.055087676657097635
0.4134705348585964,3.41120003533644,0.07206168812858786
0.5168381685732455,3.41120003533644,0.07945409401637951
0.6202058022878947,3.41120003533644,0.07521230116643278
0.7235734360025438,3.41120003533644,0.05980572099710389
0.8269410697171944,3.41120003533644,0.03627643757637293
0.9303087034318435,3.41120003533644,0.009607171563421306
1.0336763371464925,3.41120003533644,-0.014465068239478992
1.1370439708611417,3.41120003533644,-0.030892730133146442
1.2404116045757907,3.41120003533644,-0.03663010683333436
1.3437792382904399,3.41120003533644,-0.03144293470572002
1.447146872005089,3.41120003533644,-0.017971100022726023
1.550514505719738,3.41120003533644,-0.0010049263716859634
1.6538821394343872,3.41120003533644,0.013840432941490672
1.7572497731490362,3.41120003533644,0.021690493255048605
1.8606174068636854,3.41120003533644,0.01977819026589376
1.9639850405783346,3.41120003533644,0.008222928758034716
2.0673526742929837,3.41120003533644,-0.010002990768473288
2.1707203080076343,3.41120003533644,-0.029913716964634178
2.2740879417222835,3.41120003533644,-0.04591636046325506
2.3774555754369326,3.41120003533644,-0.05338290623644679
2.4808232091515814,3.41120003533644,-0.04993973011637174
2.5841908428662306,3.41120003533644,-0.036111666327038716
2.6875584765808798,3.41120003533644,-0.015147533115070872
2.790926110295529,3.41120003533644,0.007907775370484444
2.894293744010178,3.41120003533644,0.027614087215447867
2.997661377724827,3.41120003533644,0.03959982924624944
3.101029011439476,3.41120003533644,0.041672722486551454
3.2043966451541253,3.41120003533644,0.034276569558124956
3.3077642788687744,3.41120003533644,0.020193489418872196
3.411131912583425,3.41120003533644,0.003613679274742716
3.514499546298074,3.41120003533644,-0.011126849424823754
3.6178671800127233,3.41120003533644,-0.020757685179668695
3.7212348137273725,3.41120003533644,-0.023886130459228293
3.8246024474420213,3.41120003533644,-0.02119771557530032
3.9279700811566705,3.41120003533644,-0.015025400113331339
4.031337714871319,3.41120003533644,-0.0084563110610476
4.134705348585968,3.41120003533644,-0.0042728784637864805
4.238072982300618,3.41120003533644,-0.004057251864057085
4.341440616015267,3.41120003533644,-0.0077194541940090395
4.444808249729916,3.41120003533644,-0.013567222971856127
4.548175883444565,3.41120003533644,-0.01886638248440061
4.651543517159214,3.41120003533644,-0.02069768303001301
4.754911150873865,3.41120003533644,-0.016840835499765425
4.858278784588514,3.41120003533644,-0.006427010944563754
4.961646418303163,3.41120003533644,0.009812132096939976
5.065014052017812,3.41120003533644,0.02974001753249399
5.168381685732461,3.41120003533644,0.05036491332935489
5.27174931944711,3.41120003533644,0.06856121591887095
5.3751169531617595,3.41120003533644,0.08175094373401995
5.478484586876409,3.41120003533644,0.08837138931712404
5.581852220591058,3.41120003533644,0.08803942195335492
5.685219854305707,3.41120003533644,0.0814230246772756
5.788587488020356,3.41120003533644,0.06991291404846912
5.8919551217350055,3.41120003533644,0.05522756125244748
5.995322755449654,3.41120003533644,0.03907607105541282
6.098690389164305,3.41120003533644,0.022955009053010213
6.202058022878954,3.41120003533644,0.00808958274826466
6.305425656593603,3.41120003533644,-0.0045276917659717265
6.408793290308252,3.41120003533644,-0.01407661283966305
-6.408793290308252,3.514569733376938,-0.009896880162402897
-6.305425656593603,3.514569733376938,-0.012609974825341761
-6.202058022878954,3.514569733376938,-0.01398658588971729
-6.098690389164304,3.514569733376938,-0.013480207589062836
-5.995322755449655,3.514569733376938,-0.01056813849168943
-5.8919551217350055,3.514569733376938,-0.005103030805315006
-5.788587488020356,3.514569733376938,0.0024448585145312417
-5.685219854305708,3.514569733376938,0.010954397700568087
-5.581852220591058,3.514569733376938,0.018855504465768277
-5.478484586876409,3.514569733376938,0.02451106732305562
-5.3751169531617595,3.514569733376938,0.02666149691381971
-5.27174931944711,3.514569733376938,0.02479156360861169
-5.168381685732461,3.514569733376938,0.019301958721039715
-5.065014052017812,3.514569733376938,0.011428171531667393
-4.961646418303163,3.514569733376938,0.0029267807964121362
-4.858278784588514,3.514569733376938,-0.004380668622071382
-4.754911150873865,3.514569733376938,-0.00907489443549731
-4.651543517159215,3.514569733376938,-0.01048530980649255
-4.548175883444566,3.514569733376938,-0.008822318970217416
-4.444808249729917,3.514569733376938,-0.005066568033254401
-4.341440616015267,3.514569733376938,-0.0006561591543259899
-4.238072982300618,3.514569733376938,0.0029326073747935823
-4.134705348585968,3.514569733376938,0.0045911428432961485
-4.031337714871319,3.514569733376938,0.0038623204643685144
-3.9279700811566705,3.514569733376938,0.0010338020844298996
-3.8246024474420213,3.514569733376938,-0.002971067828668785
-3.7212348137273725,3.514569733376938,-0.006861974172500509
-3.6178671800127233,3.514569733376938,-0.009328795296333145
-3.514499546298074,3.514569733376938,-0.00937311492682832
-3.411131912583425,3.514569733376938,-0.006543172844504392
-3.3077642788687753,3.514569733376938,-0.0010240907377797605
-3.204396645154126,3.514569733376938,0.006423645261229653
-3.101029011439477,3.514569733376938,0.014646859557272
-2.9976613777248278,3.514569733376938,0.022348140382463657
-2.8942937440101786,3.514569733376938,0.028337145141822322
-2.790926110295529,3.514569733376938,0.03173070065371777
-2.6875584765808798,3.514569733376938,0.03206796434791324
-2.5841908428662306,3.514569733376938,0.029331674293914704
-2.4808232091515814,3.514569733376938,0.02388887847885489
-2.3774555754369326,3.514569733376938,0.016379548576027667
-2.2740879417222835,3.514569733376938,0.007586924652092966
-2.1707203080076334,3.514569733376938,-0.001680244557632549
-2.067352674292984,3.514569733376938,-0.01067374093289361
-1.9639850405783352,3.514569733376938,-0.018753809088443187
-1.8606174068636863,3.514569733376938,-0.02540536413973603
-1.757249773149037,3.514569733376938,-0.030237699049157202
-1.6538821394343879,3.514569733376938,-0.03298561602422528
-1.550514505719738,3.514569733376938,-0.03352571516340946
-1.447146872005089,3.514569733376938,-0.03191148221300336
-1.3437792382904399,3.514569733376938,-0.028417605573603035
-1.2404116045757907,3.514569733376938,-0.023571825184672223
-1.1370439708611417,3.514569733376938,-0.018146306893180406
-1.0336763371464925,3.514569733376938,-0.013083935018766353
-0.9303087034318435,3.514569733376938,-0.009349522485214954
-0.8269410697171936,3.514569733376938,-0.007719669627878745
-0.7235734360025445,3.514569733376938,-0.008551937191012002
-0.6202058022878953,3.514569733376938,-0.01159544150020034
-0.5168381685732463,3.514569733376938,-0.01591183492156487
-0.4134705348585972,3.514569733376938,-0.01996153831892157
-0.31010290114394806,3.514569733376938,-0.02187432783331643
-0.2067352674292982,3.514569733376938,-0.019872453087570765
-0.1033676337146491,3.514569733376938,-0.012761473614220637
0.,3.514569733376938,-0.00036555095269550465
0.1033676337146491,3.514569733376938,0.016224765622684607
0.2067352674292982,3.514569733376938,0.034694709951354555
0.31010290114394734,3.514569733376938,0.051874448997849286
0.4134705348585964,3.514569733376938,0.06438500909579584
0.5168381685732455,3.514569733376938,0.06942498861923847
0.6202058022878947,3.514569733376938,0.06550395643949809
0.7235734360025438,3.514569733376938,0.05291927864715656
0.8269410697171944,3.514569733376938,0.03382182996916763
0.9303087034318435,3.514569733376938,0.011814853855397791
1.0336763371464925,3.514569733376938,-0.00884482161183533
1.1370439708611417,3.514569733376938,-0.024257338015990865
1.2404116045757907,3.514569733376938,-0.031843104959998265
1.3437792382904399,3.514569733376938,-0.030995432041219104
1.447146872005089,3.514569733376938,-0.023230093540730374
1.550514505719738,3.514569733376938,-0.011770291998856553
1.6538821394343872,3.514569733376938,-0.000661614637088766
1.7572497731490362,3.514569733376938,0.006351441450110796
1.8606174068636854,3.514569733376938,0.0068792686284347435
1.9639850405783346,3.514569733376938,0.0005725406124077426
2.0673526742929837,3.514569733376938,-0.01076323536738988
2.1707203080076343,3.514569733376938,-0.023668133886886236
2.2740879417222835,3.514569733376938,-0.03401146877707981
2.3774555754369326,3.514569733376938,-0.03818487144937419
2.4808232091515814,3.514569733376938,-0.03416549312609689
2.5841908428662306,3.514569733376938,-0.02214234674821734
2.6875584765808798,3.514569733376938,-0.004521350034300709
2.790926110295529,3.514569733376938,0.014697301996844674
2.894293744010178,3.514569733376938,0.03099416611049896
2.997661377724827,3.514569733376938,0.04055126887258001
3.101029011439476,3.514569733376938,0.041269891166284725
3.2043966451541253,3.514569733376938,0.033297232604825436
3.3077642788687744,3.514569733376938,0.018918711513239008
3.411131912583425,3.514569733376938,0.0018588330102901865
3.514499546298074,3.514569733376938,-0.013794692936122763
3.6178671800127233,3.514569733376938,-0.024722737891174122
3.7212348137273725,3.514569733376938,-0.029232133302210483
3.8246024474420213,3.514569733376938,-0.027597238960501123
3.9279700811566705,3.514569733376938,-0.02180351444507876
4.031337714871319,3.514569733376938,-0.014791411861362716
4.134705348585968,3.514569733376938,-0.00944593107344959
4.238072982300618,3.514569733376938,-0.007646987040177408
4.341440616015267,3.514569733376938,-0.009668844725447724
4.444808249729916,3.514569733376938,-0.014103588019665356
4.548175883444565,3.514569733376938,-0.018320290139744767
4.651543517159214,3.514569733376938,-0.019309014468443145
4.754911150873865,3.514569733376938,-0.014646257332967939
4.858278784588514,3.514569733376938,-0.003288621605169064
4.961646418303163,3.514569733376938,0.014039117617936596
5.065014052017812,3.514569733376938,0.03496774085058255
5.168381685732461,3.514569733376938,0.05607040504447272
5.27174931944711,3.514569733376938,0.07372961950735812
5.3751169531617595,3.514569733376938,0.08502757550087706
5.478484586876409,3.514569733376938,0.08840916403007455
5.581852220591058,3.514569733376938,0.08394742108207068
5.685219854305707,3.514569733376938,0.07316757218235256
5.788587488020356,3.514569733376938,0.05851731714545043
5.8919551217350055,3.514569733376938,0.04266709910025388
5.995322755449654,3.514569733376938,0.027857598305281384
6.098690389164305,3.514569733376938,0.015476364209497754
6.202058022878954,3.514569733376938,0.005957019194036681
6.305425656593603,3.514569733376938,-0.001015713873077477
6.408793290308252,3.514569733376938,-0.006107378617809174
-6.408793290308252,3.6179394314174362,-0.001395953441204969
-6.305425656593603,3.6179394314174362,-0.0033005375304673555
-6.202058022878954,3.6179394314174362,-0.006933338382586361
-6.098690389164304,3.6179394314174362,-0.011168149583117869
-5.995322755449655,3.6179394314174362,-0.014310078871400733
-5.8919551217350055,3.6179394314174362,-0.014770448966132636
-5.788587488020356,3.6179394314174362,-0.011705748318244735
-5.685219854305708,3.6179394314174362,-0.005400291340310353
-5.581852220591058,3.6179394314174362,0.002739228782314613
-5.478484586876409,3.6179394314174362,0.010578468602033207
-5.3751169531617595,3.6179394314174362,0.015911208900490775
-5.27174931944711,3.6179394314174362,0.017161935098272293
-5.168381685732461,3.6179394314174362,0.013905712904338783
-5.065014052017812,3.6179394314174362,0.007035232342371336
-4.961646418303163,3.6179394314174362,-0.0014813566298804792
-4.858278784588514,3.6179394314174362,-0.009177514411365497
-4.754911150873865,3.6179394314174362,-0.01382051554405392
-4.651543517159215,3.6179394314174362,-0.014071923928782993
-4.548175883444566,3.6179394314174362,-0.009874539727539223
-4.444808249729917,3.6179394314174362,-0.0024517005221031192
-4.341440616015267,3.6179394314174362,0.0060740142625947445
-4.238072982300618,3.6179394314174362,0.01331983533173702
-4.134705348585968,3.6179394314174362,0.017342262037692055
-4.031337714871319,3.6179394314174362,0.017188013861516374
-3.9279700811566705,3.6179394314174362,0.013140046887794304
-3.8246024474420213,3.6179394314174362,0.006599783778493044
-3.7212348137273725,3.6179394314174362,-0.0003427698929034839
-3.6178671800127233,3.6179394314174362,-0.0055104358474758084
-3.514499546298074,3.6179394314174362,-0.007229862388522299
-3.411131912583425,3.6179394314174362,-0.004746028288893622
-3.3077642788687753,3.6179394314174362,0.0016415368443435329
-3.204396645154126,3.6179394314174362,0.010733111124968706
-3.101029011439477,3.6179394314174362,0.020800747411373825
-2.9976613777248278,3.6179394314174362,0.03004967603490343
-2.8942937440101786,3.6179394314174362,0.03703012197028919
-2.790926110295529,3.6179394314174362,0.04089308207419723
-2.6875584765808798,3.6179394314174362,0.041444938777387134
-2.5841908428662306,3.6179394314174362,0.039023381634126386
-2.4808232091515814,3.6179394314174362,0.03426860303797305
-2.3774555754369326,3.6179394314174362,0.027884215178258894
-2.2740879417222835,3.6179394314174362,0.020468608142677903
-2.1707203080076334,3.6179394314174362,0.012458087875766475
-2.067352674292984,3.6179394314174362,0.004174492371187434
-1.9639850405783352,3.6179394314174362,-0.004069909921926003
-1.8606174068636863,3.6179394314174362,-0.011875243941539508
-1.757249773149037,3.6179394314174362,-0.01872081594490566
-1.6538821394343879,3.6179394314174362,-0.024021982557806562
-1.550514505719738,3.6179394314174362,-0.02726409197435737
-1.447146872005089,3.6179394314174362,-0.028167078146894408
-1.3437792382904399,3.6179394314174362,-0.026818428874020524
-1.2404116045757907,3.6179394314174362,-0.023719033056601238
-1.1370439708611417,3.6179394314174362,-0.019712922176835446
-1.0336763371464925,3.6179394314174362,-0.01580875747911219
-0.9303087034318435,3.6179394314174362,-0.012935777322070888
-0.8269410697171936,3.6179394314174362,-0.011698839584736949
-0.7235734360025445,3.6179394314174362,-0.012199935823174085
-0.6202058022878953,3.6179394314174362,-0.013977137117415377
-0.5168381685732463,3.6179394314174362,-0.016081984575175137
-0.4134705348585972,3.6179394314174362,-0.017281766084512373
-0.31010290114394806,3.6179394314174362,-0.016343098066643528
-0.2067352674292982,3.6179394314174362,-0.01233460259693462
-0.1033676337146491,3.6179394314174362,-0.0048823535113957425
0.,3.6179394314174362,0.0056784474811228895
0.1033676337146491,3.6179394314174362,0.018291679452571246
0.2067352674292982,3.6179394314174362,0.031317927637910026
0.31010290114394734,3.6179394314174362,0.04280284153990161
0.4134705348585964,3.6179394314174362,0.05083175188033549
0.5168381685732455,3.6179394314174362,0.05390636744345219
0.6202058022878947,3.6179394314174362,0.05126923425586083
0.7235734360025438,3.6179394314174362,0.04310424030843624
0.8269410697171944,3.6179394314174362,0.03055886850579153
0.9303087034318435,3.6179394314174362,0.015565817017927414
1.0336763371464925,3.6179394314174362,0.00048403284539943293
1.1370439708611417,3.6179394314174362,-0.012375945886407861
1.2404116045757907,3.6179394314174362,-0.02124132266804153
1.3437792382904399,3.6179394314174362,-0.025264216320485533
1.447146872005089,3.6179394314174362,-0.02470262905734128
1.550514505719738,3.6179394314174362,-0.020834009267585076
1.6538821394343872,3.6179394314174362,-0.015605673851020558
1.7572497731490362,3.6179394314174362,-0.011098701727066751
1.8606174068636854,3.6179394314174362,-0.008940699055369304
1.9639850405783346,3.6179394314174362,-0.009828769394863848
2.0673526742929837,3.6179394314174362,-0.013305367707585896
2.1707203080076343,3.6179394314174362,-0.017867165092420055
2.2740879417222835,3.6179394314174362,-0.021395089185164556
2.3774555754369326,3.6179394314174362,-0.021797594075914133
2.4808232091515814,3.6179394314174362,-0.01768804941733201
2.5841908428662306,3.6179394314174362,-0.008894902390308788
2.6875584765808798,3.6179394314174362,0.0033593451456326107
2.790926110295529,3.6179394314174362,0.016684463889042447
2.894293744010178,3.6179394314174362,0.028110163792962918
2.997661377724827,3.6179394314174362,0.034879583919931026
3.101029011439476,3.6179394314174362,0.03522305891711144
3.2043966451541253,3.6179394314174362,0.028882145138879593
3.3077642788687744,3.6179394314174362,0.01721973004568005
3.411131912583425,3.6179394314174362,0.0028710561359095153
3.514499546298074,3.6179394314174362,-0.010972059343645436
3.6178671800127233,3.6179394314174362,-0.021437729313358588
3.7212348137273725,3.6179394314174362,-0.02675137921545515
3.8246024474420213,3.6179394314174362,-0.02667925007820917
3.9279700811566705,3.6179394314174362,-0.022501803104052198
4.031337714871319,3.6179394314174362,-0.016523991237976043
4.134705348585968,3.6179394314174362,-0.011273406206846673
4.238072982300618,3.6179394314174362,-0.00863693269385825
4.341440616015267,3.6179394314174362,-0.009209372172820446
4.444808249729916,3.6179394314174362,-0.012064731389064115
4.548175883444565,3.6179394314174362,-0.015030638184240473
4.651543517159214,3.6179394314174362,-0.015388531971008455
4.754911150873865,3.6179394314174362,-0.010786226190960688
4.858278784588514,3.6179394314174362,-0.00007841385216122536
4.961646418303163,3.6179394314174362,0.016172023765431823
5.065014052017812,3.6179394314174362,0.0356978091632915
5.168381685732461,3.6179394314174362,0.055047847470553725
5.27174931944711,3.6179394314174362,0.07047705064062681
5.3751169531617595,3.6179394314174362,0.07894348663068906
5.478484586876409,3.6179394314174362,0.07891731216008611
5.581852220591058,3.6179394314174362,0.0707635889838941
5.685219854305707,3.6179394314174362,0.05659171890623268
5.788587488020356,3.6179394314174362,0.03962665090051695
5.8919551217350055,3.6179394314174362,0.0233002263207728
5.995322755449654,3.6179394314174362,0.010340529632803042
6.098690389164305,3.6179394314174362,0.0021289919753486094
6.202058022878954,3.6179394314174362,-0.0014966350764352113
6.305425656593603,3.6179394314174362,-0.0019599409743521067
6.408793290308252,3.6179394314174362,-0.0013014292109931986
-6.408793290308252,3.7213091294579344,0.003460676036866123
-6.305425656593603,3.7213091294579344,0.003745538139776867
-6.202058022878954,3.7213091294579344,-0.00012069370821413342
-6.098690389164304,3.7213091294579344,-0.006862558535865259
-5.995322755449655,3.7213091294579344,-0.014154741643839328
-5.8919551217350055,3.7213091294579344,-0.019471059207822383
-5.788587488020356,3.7213091294579344,-0.020976907402446312
-5.685219854305708,3.7213091294579344,-0.018164592953794523
-5.581852220591058,3.7213091294579344,-0.012021456271531197
-5.478484586876409,3.7213091294579344,-0.004679914530883197
-5.3751169531617595,3.7213091294579344,0.0013270254300655165
-5.27174931944711,3.7213091294579344,0.003949692571649981
-5.168381685732461,3.7213091294579344,0.002344690033101214
-5.065014052017812,3.7213091294579344,-0.002808394009842796
-4.961646418303163,3.7213091294579344,-0.009505222520578236
-4.858278784588514,3.7213091294579344,-0.015066723314680024
-4.754911150873865,3.7213091294579344,-0.01702766765923504
-4.651543517159215,3.7213091294579344,-0.013971771304250967
-4.548175883444566,3.7213091294579344,-0.00603893716445438
-4.444808249729917,3.7213091294579344,0.005062424371180017
-4.341440616015267,3.7213091294579344,0.016544299580452348
-4.238072982300618,3.7213091294579344,0.02537445628058457
-4.134705348585968,3.7213091294579344,0.029194543992771504
-4.031337714871319,3.7213091294579344,0.027034430636731915
-3.9279700811566705,3.7213091294579344,0.0196053061813972
-3.8246024474420213,3.7213091294579344,0.00909029651308587
-3.7212348137273725,3.7213091294579344,-0.0014908658361652053
-3.6178671800127233,3.7213091294579344,-0.009138331145885723
-3.514499546298074,3.7213091294579344,-0.011686121700273307
-3.411131912583425,3.7213091294579344,-0.008336256032528083
-3.3077642788687753,3.7213091294579344,0.00022530439323985437
-3.204396645154126,3.7213091294579344,0.012132799663717171
-3.101029011439477,3.7213091294579344,0.024938829130576774
-2.9976613777248278,3.7213091294579344,0.036301408011980216
-2.8942937440101786,3.7213091294579344,0.04454693548489255
-2.790926110295529,3.7213091294579344,0.04895684560322336
-2.6875584765808798,3.7213091294579344,0.049730035031966116
-2.5841908428662306,3.7213091294579344,0.04768313007590925
-2.4808232091515814,3.7213091294579344,0.043829045137706656
-2.3774555754369326,3.7213091294579344,0.03899716975433205
-2.2740879417222835,3.7213091294579344,0.033622665908159974
-2.1707203080076334,3.7213091294579344,0.02775509026657605
-2.067352674292984,3.7213091294579344,0.02124852283455055
-1.9639850405783352,3.7213091294579344,0.014029026198611638
-1.8606174068636863,3.7213091294579344,0.006313247381650641
-1.757249773149037,3.7213091294579344,-0.0013203472026704554
-1.6538821394343879,3.7213091294579344,-0.008041764528577543
-1.550514505719738,3.7213091294579344,-0.0130202719090934
-1.447146872005089,3.7213091294579344,-0.015717316326767986
-1.3437792382904399,3.7213091294579344,-0.0161047943285192
-1.2404116045757907,3.7213091294579344,-0.01471836293888657
-1.1370439708611417,3.7213091294579344,-0.012516097369527012
-1.0336763371464925,3.7213091294579344,-0.010584523691344024
-0.9303087034318435,3.7213091294579344,-0.00979032433091172
-0.8269410697171936,3.7213091294579344,-0.010496522256787882
-0.7235734360025445,3.7213091294579344,-0.012439853387078365
-0.6202058022878953,3.7213091294579344,-0.014810076056917133
-0.5168381685732463,3.7213091294579344,-0.016502860714904262
-0.4134705348585972,3.7213091294579344,-0.01646050168514599
-0.31010290114394806,3.7213091294579344,-0.013988856616751429
-0.2067352674292982,3.7213091294579344,-0.008952492715685588
-0.1033676337146491,3.7213091294579344,-0.0017964010192609578
0.,3.7213091294579344,0.006596287943764082
0.1033676337146491,3.7213091294579344,0.015147971082158346
0.2067352674292982,3.7213091294579344,0.022842284833782697
0.31010290114394734,3.7213091294579344,0.028910126024626486
0.4134705348585964,3.7213091294579344,0.03290082830031941
0.5168381685732455,3.7213091294579344,0.03464291135112527
0.6202058022878947,3.7213091294579344,0.03414123392090661
0.7235734360025438,3.7213091294579344,0.031476261198852426
0.8269410697171944,3.7213091294579344,0.02676017178144139
0.9303087034318435,3.7213091294579344,0.02016965373022005
1.0336763371464925,3.7213091294579344,0.012032161140378287
1.1370439708611417,3.7213091294579344,0.0029101131140209253
1.2404116045757907,3.7213091294579344,-0.006379413608622796
1.3437792382904399,3.7213091294579344,-0.014849388116161951
1.447146872005089,3.7213091294579344,-0.021528005083967086
1.550514505719738,3.7213091294579344,-0.025692984005126197
1.6538821394343872,3.7213091294579344,-0.0270727389085307
1.7572497731490362,3.7213091294579344,-0.025932443834163342
1.8606174068636854,3.7213091294579344,-0.022997307318197168
1.9639850405783346,3.7213091294579344,-0.019222904033446578
2.0673526742929837,3.7213091294579344,-0.015482252916271337
2.1707203080076343,3.7213091294579344,-0.01227797914010627
2.2740879417222835,3.7213091294579344,-0.009588331998108783
2.3774555754369326,3.7213091294579344,-0.0069145630192538445
2.4808232091515814,3.7213091294579344,-0.0035265055312081453
2.5841908428662306,3.7213091294579344,0.0011723905620398048
2.6875584765808798,3.7213091294579344,0.007291657116135295
2.790926110295529,3.7213091294579344,0.014250724434196994
2.894293744010178,3.7213091294579344,0.020821354016468764
2.997661377724827,3.7213091294579344,0.025428384168039372
3.101029011439476,3.7213091294579344,0.026627645286201818
3.2043966451541253,3.7213091294579344,0.023607902460546934
3.3077642788687744,3.7213091294579344,0.016541354614219274
3.411131912583425,3.7213091294579344,0.00664611384297383
3.514499546298074,3.7213091294579344,-0.004085558625539058
3.6178671800127233,3.7213091294579344,-0.013426477689747467
3.7212348137273725,3.7213091294579344,-0.01955739002959266
3.8246024474420213,3.7213091294579344,-0.021603732003397852
3.9279700811566705,3.7213091294579344,-0.01988092328602117
4.031337714871319,3.7213091294579344,-0.015752884330451775
4.134705348585968,3.7213091294579344,-0.011136388157922414
4.238072982300618,3.7213091294579344,-0.0078071840559291086
4.341440616015267,3.7213091294579344,-0.006739604157697749
4.444808249729916,3.7213091294579344,-0.007711063488192481
4.548175883444565,3.7213091294579344,-0.009322943784994835
4.651543517159214,3.7213091294579344,-0.0094535362644873
4.754911150873865,3.7213091294579344,-0.00601095718681236
4.858278784588514,3.7213091294579344,0.00225587399482693
4.961646418303163,3.7213091294579344,0.015163021859683299
5.065014052017812,3.7213091294579344,0.03093056817287415
5.168381685732461,3.7213091294579344,0.04653775379319078
5.27174931944711,3.7213091294579344,0.058510139087708725
5.3751169531617595,3.7213091294579344,0.06390892561952506
5.478484586876409,3.7213091294579344,0.06121711991468481
5.581852220591058,3.7213091294579344,0.050839145787785284
5.685219854305707,3.7213091294579344,0.035045257705794565
5.788587488020356,3.7213091294579344,0.01736426386142107
5.8919551217350055,3.7213091294579344,0.001602543448862668
5.995322755449654,3.7213091294579344,-0.00921268515272728
6.098690389164305,3.7213091294579344,-0.013642162473808303
6.202058022878954,3.7213091294579344,-0.012149570282417537
6.305425656593603,3.7213091294579344,-0.006833564841293551
6.408793290308252,3.7213091294579344,-0.0006728157396536593
-6.408793290308252,3.8246788274984325,0.0038352739336564175
-6.305425656593603,3.8246788274984325,0.006777575035523707
-6.202058022878954,3.8246788274984325,0.004380524648496451
-6.098690389164304,3.8246788274984325,-0.0022865959244064214
-5.995322755449655,3.8246788274984325,-0.010884732560145117
-5.8919551217350055,3.8246788274984325,-0.018662432093230923
-5.788587488020356,3.8246788274984325,-0.02340527910896436
-5.685219854305708,3.8246788274984325,-0.024152455658659585
-5.581852220591058,3.8246788274984325,-0.02144156969657853
-5.478484586876409,3.8246788274984325,-0.01700959939777584
-5.3751169531617595,3.8246788274984325,-0.013067587298926648
-5.27174931944711,3.8246788274984325,-0.011414386706121849
-5.168381685732461,3.8246788274984325,-0.01270975007798875
-5.065014052017812,3.8246788274984325,-0.0161706946869336
-4.961646418303163,3.8246788274984325,-0.019806936229999468
-4.858278784588514,3.8246788274984325,-0.021122233821311953
-4.754911150873865,3.8246788274984325,-0.018043659726345612
-4.651543517159215,3.8246788274984325,-0.009756736883818272
-4.548175883444566,3.8246788274984325,0.0028498633545529927
-4.444808249729917,3.8246788274984325,0.01729914651397827
-4.341440616015267,3.8246788274984325,0.030183314711054555
-4.238072982300618,3.8246788274984325,0.038165125285567106
-4.134705348585968,3.8246788274984325,0.039007170004209106
-4.031337714871319,3.8246788274984325,0.03230003688846756
-3.9279700811566705,3.8246788274984325,0.019655081369108676
-3.8246024474420213,3.8246788274984325,0.004298125768429385
-3.7212348137273725,3.8246788274984325,-0.009810029288325372
-3.6178671800127233,3.8246788274984325,-0.019054121261681215
-3.514499546298074,3.8246788274984325,-0.02111759445740781
-3.411131912583425,3.8246788274984325,-0.015529892245718949
-3.3077642788687753,3.8246788274984325,-0.0036658689880651896
-3.204396645154126,3.8246788274984325,0.01176883733240676
-3.101029011439477,3.8246788274984325,0.027576161878694473
-2.9976613777248278,3.8246788274984325,0.040950332165012204
-2.8942937440101786,3.8246788274984325,0.05013885106928776
-2.790926110295529,3.8246788274984325,0.05470361229442812
-2.6875584765808798,3.8246788274984325,0.05535041325279827
-2.5841908428662306,3.8246788274984325,0.05343857026632181
-2.4808232091515814,3.8246788274984325,0.05037652400222251
-2.3774555754369326,3.8246788274984325,0.04712547194670188
-2.2740879417222835,3.8246788274984325,0.04397096276772637
-2.1707203080076334,3.8246788274984325,0.040609118327911725
-2.067352674292984,3.8246788274984325,0.03647332745508468
-1.9639850405783352,3.8246788274984325,0.031142851185568355
-1.8606174068636863,3.8246788274984325,0.024655426392571636
-1.757249773149037,3.8246788274984325,0.017595301267052176
-1.6538821394343879,3.8246788274984325,0.010924490602186794
-1.550514505719738,3.8246788274984325,0.00563017404385729
-1.447146872005089,3.8246788274984325,0.0023348555880495685
-1.3437792382904399,3.8246788274984325,0.0010308229801436635
-1.2404116045757907,3.8246788274984325,0.0010519522205349869
-1.1370439708611417,3.8246788274984325,0.0013033214744598315
-1.0336763371464925,3.8246788274984325,0.0006681411597088954
-0.9303087034318435,3.8246788274984325,-0.0015592522656478042
-0.8269410697171936,3.8246788274984325,-0.005379136951182118
-0.7235734360025445,3.8246788274984325,-0.010046573545043406
-0.6202058022878953,3.8246788274984325,-0.0143080418623916
-0.5168381685732463,3.8246788274984325,-0.01683327391206867
-0.4134705348585972,3.8246788274984325,-0.01668672752715057
-0.31010290114394806,3.8246788274984325,-0.013666010952121763
-0.2067352674292982,3.8246788274984325,-0.008381624160916302
-0.1033676337146491,3.8246788274984325,-0.0020468357047516753
0.,3.8246788274984325,0.003946223909956027
0.1033676337146491,3.8246788274984325,0.00850784268681649
0.2067352674292982,3.8246788274984325,0.011209830252536588
0.31010290114394734,3.8246788274984325,0.012386417705375864
0.4134705348585964,3.8246788274984325,0.012936065338478235
0.5168381685732455,3.8246788274984325,0.013895655553088486
0.6202058022878947,3.8246788274984325,0.015946793617501703
0.7235734360025438,3.8246788274984325,0.01904482121367479
0.8269410697171944,3.8246788274984325,0.02232185434507421
0.9303087034318435,3.8246788274984325,0.024318352196222106
1.0336763371464925,3.8246788274984325,0.023477391850625504
1.1370439708611417,3.8246788274984325,0.018735300406719713
1.2404116045757907,3.8246788274984325,0.009998713523554784
1.3437792382904399,3.8246788274984325,-0.001671139184206295
1.447146872005089,3.8246788274984325,-0.014250101589423931
1.550514505719738,3.8246788274984325,-0.025273240310315002
1.6538821394343872,3.8246788274984325,-0.03252571113910035
1.7572497731490362,3.8246788274984325,-0.03467806902270761
1.8606174068636854,3.8246788274984325,-0.031656051613957105
1.9639850405783346,3.8246788274984325,-0.024622149305637674
2.0673526742929837,3.8246788274984325,-0.015576858318475242
2.1707203080076343,3.8246788274984325,-0.006716110789850271
2.2740879417222835,3.8246788274984325,0.0002370075325923145
2.3774555754369326,3.8246788274984325,0.004502255481564221
2.4808232091515814,3.8246788274984325,0.006361987192484071
2.5841908428662306,3.8246788274984325,0.006903314408516824
2.6875584765808798,3.8246788274984325,0.0074885275557723075
2.790926110295529,3.8246788274984325,0.009154199573128992
2.894293744010178,3.8246788274984325,0.012161800735678028
2.997661377724827,3.8246788274984325,0.015864967318021384
3.101029011439476,3.8246788274984325,0.018941477690149387
3.2043966451541253,3.8246788274984325,0.01990354703222727
3.3077642788687744,3.8246788274984325,0.017696740895437404
3.411131912583425,3.8246788274984325,0.012163195959439654
3.514499546298074,3.8246788274984325,0.004191989021163918
3.6178671800127233,3.8246788274984325,-0.004507945738682485
3.7212348137273725,3.8246788274984325,-0.011939176530992622
3.8246024474420213,3.8246788274984325,-0.01646505566277438
3.9279700811566705,3.8246788274984325,-0.017343570057897988
4.031337714871319,3.8246788274984325,-0.01494984015209623
4.134705348585968,3.8246788274984325,-0.01060117586059152
4.238072982300618,3.8246788274984325,-0.006042341675015222
4.341440616015267,3.8246788274984325,-0.002774806527212875
4.444808249729916,3.8246788274984325,-0.001475983588782625
4.548175883444565,3.8246788274984325,-0.0017285438548902618
4.651543517159214,3.8246788274984325,-0.002172766614500917
4.754911150873865,3.8246788274984325,-0.0010429406033559488
4.858278784588514,3.8246788274984325,0.003094487978252883
4.961646418303163,3.8246788274984325,0.010666141612275366
5.065014052017812,3.8246788274984325,0.020735990710268812
5.168381685732461,3.8246788274984325,0.03112280367765812
5.27174931944711,3.8246788274984325,0.038984005421430955
5.3751169531617595,3.8246788274984325,0.04169369529440614
5.478484586876409,3.8246788274984325,0.037730414335002446
5.581852220591058,3.8246788274984325,0.027272347496661468
5.685219854305707,3.8246788274984325,0.012283238859336536
5.788587488020356,3.8246788274984325,-0.003964995617959987
5.8919551217350055,3.8246788274984325,-0.017800771642738366
5.995322755449654,3.8246788274984325,-0.026213449431267636
6.098690389164305,3.8246788274984325,-0.02773026044122368
6.202058022878954,3.8246788274984325,-0.022827833987448864
6.305425656593603,3.8246788274984325,-0.013745015316005875
6.408793290308252,3.8246788274984325,-0.003757650488787939
-6.408793290308252,3.9280485255389306,0.00028056100994968596
-6.305425656593603,3.9280485255389306,0.00533313730716614
-6.202058022878954,3.9280485255389306,0.005313540384661438
-6.098690389164304,3.9280485255389306,0.0008971332134716976
-5.995322755449655,3.9280485255389306,-0.00607914518000208
-5.8919551217350055,3.9280485255389306,-0.013345199253164132
-5.788587488020356,3.9280485255389306,-0.019012415400610307
-5.685219854305708,3.9280485255389306,-0.022180216923174692
-5.581852220591058,3.9280485255389306,-0.023122468649605463
-5.478484586876409,3.9280485255389306,-0.02299945787359259
-5.3751169531617595,3.9280485255389306,-0.023217860277502132
-5.27174931944711,3.9280485255389306,-0.0246931070840617
-5.168381685732461,3.9280485255389306,-0.027307975560752065
-5.065014052017812,3.9280485255389306,-0.029792846313052932
-4.961646418303163,3.9280485255389306,-0.03010010272355751
-4.858278784588514,3.9280485255389306,-0.026161282050331944
-4.754911150873865,3.9280485255389306,-0.01676631719846044
-4.651543517159215,3.9280485255389306,-0.0022438288443777806
-4.548175883444566,3.9280485255389306,0.015326219435192278
-4.444808249729917,3.9280485255389306,0.032486467777914044
-4.341440616015267,3.9280485255389306,0.045284270454813216
-4.238072982300618,3.9280485255389306,0.05040559114105936
-4.134705348585968,3.9280485255389306,0.04620736073346705
-4.031337714871319,3.9280485255389306,0.03331369698243862
-3.9279700811566705,3.9280485255389306,0.014571468732586305
-3.8246024474420213,3.9280485255389306,-0.005639886421502635
-3.7212348137273725,3.9280485255389306,-0.022546171591900768
-3.6178671800127233,3.9280485255389306,-0.03222564176316486
-3.514499546298074,3.9280485255389306,-0.03259602496797214
-3.411131912583425,3.9280485255389306,-0.02385829283523117
-3.3077642788687753,3.9280485255389306,-0.008288526016583447
-3.204396645154126,3.9280485255389306,0.010527078800219825
-3.101029011439477,3.9280485255389306,0.028752996095262894
-2.9976613777248278,3.9280485255389306,0.04332426436208275
-2.8942937440101786,3.9280485255389306,0.05262462751719313
-2.790926110295529,3.9280485255389306,0.056652547211248495
-2.6875584765808798,3.9280485255389306,0.05668200404850059
-2.5841908428662306,3.9280485255389306,0.054587544781516194
-2.4808232091515814,3.9280485255389306,0.05209701532985667
-2.3774555754369326,3.9280485255389306,0.05023301262006481
-2.2740879417222835,3.9280485255389306,0.04911205370074648
-2.1707203080076334,3.9280485255389306,0.04812645074863435
-2.067352674292984,3.9280485255389306,0.04639201511644646
-1.9639850405783352,3.9280485255389306,0.04325579359024319
-1.8606174068636863,3.9280485255389306,0.0386515401399256
-1.757249773149037,3.9280485255389306,0.03316483094174703
-1.6538821394343879,3.9280485255389306,0.027793355872529936
-1.550514505719738,3.9280485255389306,0.023512397476464695
-1.447146872005089,3.9280485255389306,0.020833287590915274
-1.3437792382904399,3.9280485255389306,0.019544761723391518
-1.2404116045757907,3.9280485255389306,0.01875373307697474
-1.1370439708611417,3.9280485255389306,0.017221893049113934
-1.0336763371464925,3.9280485255389306,0.013874216679650112
-0.9303087034318435,3.9280485255389306,0.008281596969259578
-0.8269410697171936,3.9280485255389306,0.0009217659918809491
-0.7235734360025445,3.9280485255389306,-0.006898807925553183
-0.6202058022878953,3.9280485255389306,-0.013452516604055543
-0.5168381685732463,3.9280485255389306,-0.01719018059444405
-0.4134705348585972,3.9280485255389306,-0.017314607758139217
-0.31010290114394806,3.9280485255389306,-0.014109271993593353
-0.2067352674292982,3.9280485255389306,-0.008885039615779399
-0.1033676337146491,3.9280485255389306,-0.0035447014192263007
0.,3.9280485255389306,0.0000920223869870071
0.1033676337146491,3.9280485255389306,0.0009641219713445194
0.2067352674292982,3.9280485255389306,-0.0008055034641578287
0.31010290114394734,3.9280485255389306,-0.003906784110483703
0.4134705348585964,3.9280485255389306,-0.006286700125439416
0.5168381685732455,3.9280485255389306,-0.005904597531142482
0.6202058022878947,3.9280485255389306,-0.0015421533128857827
0.7235734360025438,3.9280485255389306,0.006621903292223653
0.8269410697171944,3.9280485255389306,0.01689379945779332
0.9303087034318435,3.9280485255389306,0.026475181487888737
1.0336763371464925,3.9280485255389306,0.03229255032480661
1.1370439708611417,3.9280485255389306,0.03198597460841885
1.2404116045757907,3.9280485255389306,0.024731451938010112
1.3437792382904399,3.9280485255389306,0.011614894618098698
1.447146872005089,3.9280485255389306,-0.004583308279668945
1.550514505719738,3.9280485255389306,-0.020141926657652694
1.6538821394343872,3.9280485255389306,-0.03146049127033154
1.7572497731490362,3.9280485255389306,-0.03609390040806771
1.8606174068636854,3.9280485255389306,-0.03343097812958712
1.9639850405783346,3.9280485255389306,-0.024803423080606925
2.0673526742929837,3.9280485255389306,-0.012998255828249178
2.1707203080076343,3.9280485255389306,-0.0013419198911615992
2.2740879417222835,3.9280485255389306,0.007338126038215932
2.3774555754369326,3.9280485255389306,0.011534325022725294
2.4808232091515814,3.9280485255389306,0.011402554970841704
2.5841908428662306,3.9280485255389306,0.008534489169626205
2.6875584765808798,3.9280485255389306,0.005259656636111327
2.790926110295529,3.9280485255389306,0.0037345763008916366
2.894293744010178,3.9280485255389306,0.005141715962304998
2.997661377724827,3.9280485255389306,0.00927422951826425
3.101029011439476,3.9280485255389306,0.014641333336164922
3.2043966451541253,3.9280485255389306,0.019044072103050473
3.3077642788687744,3.9280485255389306,0.020407031080482498
3.411131912583425,3.9280485255389306,0.017565152710970127
3.514499546298074,3.9280485255389306,0.010725289209296572
3.6178671800127233,3.9280485255389306,0.0014408577217235722
3.7212348137273725,3.9280485255389306,-0.00788797760553285
3.8246024474420213,3.9280485255389306,-0.014808695332062857
3.9279700811566705,3.9280485255389306,-0.017623542973202667
4.031337714871319,3.9280485255389306,-0.015926471557851464
4.134705348585968,3.9280485255389306,-0.01068607112686686
4.238072982300618,3.9280485255389306,-0.003853958300836099
4.341440616015267,3.9280485255389306,0.0023530772587030484
4.444808249729916,3.9280485255389306,0.006234552147786238
4.548175883444565,3.9280485255389306,0.007169427582362056
4.651543517159214,3.9280485255389306,0.005760950455127592
4.754911150873865,3.9280485255389306,0.0035168386602820296
4.858278784588514,3.9280485255389306,0.002188354951444581
4.961646418303163,3.9280485255389306,0.0030169434008541964
5.065014052017812,3.9280485255389306,0.006172350373187117
5.168381685732461,3.9280485255389306,0.010598473137433995
5.27174931944711,3.9280485255389306,0.014336311702679117
5.3751169531617595,3.9280485255389306,0.01521951999957888
5.478484586876409,3.9280485255389306,0.011699310439517566
5.581852220591058,3.9280485255389306,0.003501919733046209
5.685219854305707,3.9280485255389306,-0.008126389434474543
5.788587488020356,3.9280485255389306,-0.020691867173679233
5.8919551217350055,3.9280485255389306,-0.031168822992118154
5.995322755449654,3.9280485255389306,-0.03692730834428192
6.098690389164305,3.9280485255389306,-0.036564184138949594
6.202058022878954,3.9280485255389306,-0.03035735426885397
6.305425656593603,3.9280485255389306,-0.020188636620089448
6.408793290308252,3.9280485255389306,-0.008960248523125163
-6.408793290308252,4.031418223579429,-0.005615177496657246
-6.305425656593603,4.031418223579429,0.00024936148316839323
-6.202058022878954,4.031418223579429,0.0025549465733871353
-6.098690389164304,4.031418223579429,0.001581855254463959
-5.995322755449655,4.031418223579429,-0.0016191116345648051
-5.8919551217350055,4.031418223579429,-0.005749766925679294
-5.788587488020356,4.031418223579429,-0.009814589058441013
-5.685219854305708,4.031418223579429,-0.013471697564018536
-5.581852220591058,4.031418223579429,-0.017041507033115893
-5.478484586876409,4.031418223579429,-0.02116996908770066
-5.3751169531617595,4.031418223579429,-0.026287889704769658
-5.27174931944711,4.031418223579429,-0.03210106923158171
-5.168381685732461,4.031418223579429,-0.03735014798548101
-5.065014052017812,4.031418223579429,-0.03998864207023463
-4.961646418303163,4.031418223579429,-0.03777258165735636
-4.858278784588514,4.031418223579429,-0.029090586092666126
-4.754911150873865,4.031418223579429,-0.01375018415688459
-4.651543517159215,4.031418223579429,0.006580392499231653
-4.548175883444566,4.031418223579429,0.0284839231616519
-4.444808249729917,4.031418223579429,0.04749470472379334
-4.341440616015267,4.031418223579429,0.059224281131005405
-4.238072982300618,4.031418223579429,0.06059276455435691
-4.134705348585968,4.031418223579429,0.05078854366759481
-4.031337714871319,4.031418223579429,0.03164380250704342
-3.9279700811566705,4.031418223579429,0.007282851947125154
-3.8246024474420213,4.031418223579429,-0.016878377077619692
-3.7212348137273725,4.031418223579429,-0.035501836770170145
-3.6178671800127233,4.031418223579429,-0.04467042060019379
-3.514499546298074,4.031418223579429,-0.0428175541424801
-3.411131912583425,4.031418223579429,-0.03098600500146672
-3.3077642788687753,4.031418223579429,-0.01236692278335636
-3.204396645154126,4.031418223579429,0.008711100869938973
-3.101029011439477,4.031418223579429,0.028014561672802453
-2.9976613777248278,4.031418223579429,0.04248179578800809
-2.8942937440101786,4.031418223579429,0.05083930368423591
-2.790926110295529,4.031418223579429,0.05361880502672375
-2.6875584765808798,4.031418223579429,0.05263648389818081
-2.5841908428662306,4.031418223579429,0.05016268538243999
-2.4808232091515814,4.031418223579429,0.04808968592403615
-2.3774555754369326,4.031418223579429,0.047375192711330005
-2.2740879417222835,4.031418223579429,0.047916568884446856
-2.1707203080076334,4.031418223579429,0.0488434938936117
-2.067352674292984,4.031418223579429,0.04906642765177707
-1.9639850405783352,4.031418223579429,0.0478377400608186
-1.8606174068636863,4.031418223579429,0.04509733332940197
-1.757249773149037,4.031418223579429,0.04147502697114059
-1.6538821394343879,4.031418223579429,0.037966861749121346
-1.550514505719738,4.031418223579429,0.03543546768548863
-1.447146872005089,4.031418223579429,0.034155111452479896
-1.3437792382904399,4.031418223579429,0.03360374119153034
-1.2404116045757907,4.031418223579429,0.032604920179147776
-1.1370439708611417,4.031418223579429,0.02978047286282011
-1.0336763371464925,4.031418223579429,0.024144859767551964
-0.9303087034318435,4.031418223579429,0.015605528982512194
-0.8269410697171936,4.031418223579429,0.00515729716533854
-0.7235734360025445,4.031418223579429,-0.0053331750468518825
-0.6202058022878953,4.031418223579429,-0.013703015890576178
-0.5168381685732463,4.031418223579429,-0.018236525781669233
-0.4134705348585972,4.031418223579429,-0.018307093445980645
-0.31010290114394806,4.031418223579429,-0.014669106588708741
-0.2067352674292982,4.031418223579429,-0.00926624507579487
-0.1033676337146491,4.031418223579429,-0.004593432216092524
0.,4.031418223579429,-0.0028162154965987495
0.1033676337146491,4.031418223579429,-0.004952333952570809
0.2067352674292982,4.031418223579429,-0.010415986854285141
0.31010290114394734,4.031418223579429,-0.017112585676353553
0.4134705348585964,4.031418223579429,-0.022086116737931354
0.5168381685732455,4.031418223579429,-0.022525606670046966
0.6202058022878947,4.031418223579429,-0.016800355780901752
0.7235734360025438,4.031418223579429,-0.005166047046117993
0.8269410697171944,4.031418223579429,0.010120637345848588
0.9303087034318435,4.031418223579429,0.02535136920507551
1.0336763371464925,4.031418223579429,0.03643006429415829
1.1370439708611417,4.031418223579429,0.04012308457752022
1.2404116045757907,4.031418223579429,0.03509406073892862
1.3437792382904399,4.031418223579429,0.022381040972071983
1.447146872005089,4.031418223579429,0.0051486950922975195
1.550514505719738,4.031418223579429,-0.012217904147543552
1.6538821394343872,4.031418223579429,-0.02539644128483728
1.7572497731490362,4.031418223579429,-0.0313819923984305
1.8606174068636854,4.031418223579429,-0.029316728245089768
1.9639850405783346,4.031418223579429,-0.020637887991686428
2.0673526742929837,4.031418223579429,-0.008510914718163563
2.1707203080076343,4.031418223579429,0.003252379401759359
2.2740879417222835,4.031418223579429,0.011426290120345647
2.3774555754369326,4.031418223579429,0.01434850910330695
2.4808232091515814,4.031418223579429,0.012330533780644406
2.5841908428662306,4.031418223579429,0.007386116035688178
2.6875584765808798,4.031418223579429,0.0023942228120319735
2.790926110295529,4.031418223579429,8.323714712164649e-7
2.894293744010178,4.031418223579429,0.0016450908307665281
2.997661377724827,4.031418223579429,0.007043965550650227
3.101029011439476,4.031418223579429,0.014305090646215629
3.2043966451541253,4.031418223579429,0.020617847661369516
3.3077642788687744,4.031418223579429,0.023273789180243407
3.411131912583425,4.031418223579429,0.020657094796406917
3.514499546298074,4.031418223579429,0.012860382449636866
3.6178671800127233,4.031418223579429,0.0017140236777600547
3.7212348137273725,4.031418223579429,-0.009779188813246693
3.8246024474420213,4.031418223579429,-0.01840854994738956
3.9279700811566705,4.031418223579429,-0.02178995073901794
4.031337714871319,4.031418223579429,-0.019122127234825665
4.134705348585968,4.031418223579429,-0.011416489741341058
4.238072982300618,4.031418223579429,-0.0011351384515773375
4.341440616015267,4.031418223579429,0.0086271943216261
4.444808249729916,4.031418223579429,0.015131424836955586
4.548175883444565,4.031418223579429,0.01681808082050244
4.651543517159214,4.031418223579429,0.01369944361160565
4.754911150873865,4.031418223579429,0.007209091890860151
4.858278784588514,4.031418223579429,-0.0004120534810238559
4.961646418303163,4.031418223579429,-0.006957782942602981
5.065014052017812,4.031418223579429,-0.011022057608589935
5.168381685732461,4.031418223579429,-0.012422638209520165
5.27174931944711,4.031418223579429,-0.012148951294284619
5.3751169531617595,4.031418223579429,-0.011874633038178886
5.478484586876409,4.031418223579429,-0.013229830845057211
5.581852220591058,4.031418223579429,-0.017108902085875476
5.685219854305707,4.031418223579429,-0.023268810020799755
5.788587488020356,4.031418223579429,-0.03036196750145051
5.8919551217350055,4.031418223579429,-0.03638655924409814
5.995322755449654,4.031418223579429,-0.03938626287984336
6.098690389164305,4.031418223579429,-0.03814396643983219
6.202058022878954,4.031418223579429,-0.03262075539319724
6.305425656593603,4.031418223579429,-0.023987870316611145
6.408793290308252,4.031418223579429,-0.014248868056042304
-6.408793290308252,4.134787921619927,-0.011861569871430265
-6.305425656593603,4.134787921619927,-0.006704168790438417
-6.202058022878954,4.134787921619927,-0.0029112747406267064
-6.098690389164304,4.134787921619927,-0.0004657570835251986
-5.995322755449655,4.134787921619927,0.0008939978221220576
-5.8919551217350055,4.134787921619927,0.001359890836795327
-5.788587488020356,4.134787921619927,0.0007983767696542418
-5.685219854305708,4.134787921619927,-0.001298332818075698
-5.581852220591058,4.134787921619927,-0.005592147473844398
-5.478484586876409,4.134787921619927,-0.01246970557992089
-5.3751169531617595,4.134787921619927,-0.02157160167479
-5.27174931944711,4.134787921619927,-0.03149694716459612
-5.168381685732461,4.134787921619927,-0.039863949613592464
-5.065014052017812,4.134787921619927,-0.04379240809184529
-4.961646418303163,4.134787921619927,-0.04071756548613744
-4.858278784588514,4.134787921619927,-0.02930251148387228
-4.754911150873865,4.134787921619927,-0.010143173692396541
-4.651543517159215,4.134787921619927,0.014010606041788037
-4.548175883444566,4.134787921619927,0.038663683017027516
-4.444808249729917,4.134787921619927,0.05856540222794498
-4.341440616015267,4.134787921619927,0.06903684647617936
-4.238072982300618,4.134787921619927,0.06726232402544828
-4.134705348585968,4.134787921619927,0.05315575626627304
-4.031337714871319,4.134787921619927,0.029521205948362137
-3.9279700811566705,4.134787921619927,0.0014298747604297802
-3.8246024474420213,4.134787921619927,-0.02502928596566695
-3.7212348137273725,4.134787921619927,-0.04427668734624654
-3.6178671800127233,4.134787921619927,-0.05261236369566028
-3.514499546298074,4.134787921619927,-0.049043074235377765
-3.411131912583425,4.134787921619927,-0.03534732115550455
-3.3077642788687753,4.134787921619927,-0.015391948298198361
-3.204396645154126,4.134787921619927,0.006063091425758914
-3.101029011439477,4.134787921619927,0.02469283350977161
-2.9976613777248278,4.134787921619927,0.03767084622981362
-2.8942937440101786,4.134787921619927,0.04417809942725617
-2.790926110295529,4.134787921619927,0.04526046611188175
-2.6875584765808798,4.134787921619927,0.04315084473266536
-2.5841908428662306,4.134787921619927,0.04033284555673694
-2.4808232091515814,4.134787921619927,0.03868130597074391
-2.3774555754369326,4.134787921619927,0.03895651067735008
-2.2740879417222835,4.134787921619927,0.04078036253639948
-2.1707203080076334,4.134787921619927,0.04304046404364967
-2.067352674292984,4.134787921619927,0.04451813959237819
-1.9639850405783352,4.134787921619927,0.044470763083249674
-1.8606174068636863,4.134787921619927,0.04293713056971267
-1.757249773149037,4.134787921619927,0.0406584489206859
-1.6538821394343879,4.134787921619927,0.038667473850026744
-1.550514505719738,4.134787921619927,0.03773292949104218
-1.447146872005089,4.134787921619927,0.03790464794332311
-1.3437792382904399,4.134787921619927,0.03836518141226811
-1.2404116045757907,4.134787921619927,0.037671350751606845
-1.1370439708611417,4.134787921619927,0.03431101126629453
-1.0336763371464925,4.134787921619927,0.027366972167853883
-0.9303087034318435,4.134787921619927,0.017023707415991098
-0.8269410697171936,4.134787921619927,0.004697324498910678
-0.7235734360025445,4.134787921619927,-0.0072982981716373406
-0.6202058022878953,4.134787921619927,-0.016463107623243198
-0.5168381685732463,4.134787921619927,-0.02096383604395556
-0.4134705348585972,4.134787921619927,-0.0203219638103338
-0.31010290114394806,4.134787921619927,-0.01567040632331137
-0.2067352674292982,4.134787921619927,-0.009453245113412775
-0.1033676337146491,4.134787921619927,-0.004637284829377419
0.,4.134787921619927,-0.0036844875362670258
0.1033676337146491,4.134787921619927,-0.007634813006132045
0.2067352674292982,4.134787921619927,-0.015630145994757386
0.31010290114394734,4.134787921619927,-0.02507330547150646
0.4134705348585964,4.134787921619927,-0.032404877060624525
0.5168381685732455,4.134787921619927,-0.03426583200505095
0.6202058022878947,4.134787921619927,-0.028670247046479646
0.7235734360025438,4.134787921619927,-0.015792159072499378
0.8269410697171944,4.134787921619927,0.0019152885946097336
0.9303087034318435,4.134787921619927,0.020336736161488612
1.0336763371464925,4.134787921619927,0.03487296053097516
1.1370439708611417,4.134787921619927,0.04181545720455493
1.2404116045757907,4.134787921619927,0.03947904693784638
1.3437792382904399,4.134787921619927,0.028725646710397793
1.447146872005089,4.134787921619927,0.01270615189887383
1.550514505719738,4.134787921619927,-0.004099821986050899
1.6538821394343872,4.134787921619927,-0.017238733247612752
1.7572497731490362,4.134787921619927,-0.023598020774081054
1.8606174068636854,4.134787921619927,-0.022263340671524714
1.9639850405783346,4.134787921619927,-0.014654709092732669
2.0673526742929837,4.134787921619927,-0.003918167255937523
2.1707203080076343,4.134787921619927,0.006205424359421237
2.2740879417222835,4.134787921619927,0.01264496225084323
2.3774555754369326,4.134787921619927,0.013972333131546222
2.4808232091515814,4.134787921619927,0.010767458329091048
2.5841908428662306,4.134787921619927,0.005271192062702662
2.6875584765808798,4.134787921619927,0.0004667370352723424
2.790926110295529,4.134787921619927,-0.0010767709913414554
2.894293744010178,4.134787921619927,0.0018114837874695713
2.997661377724827,4.134787921619927,0.00843690350365371
3.101029011439476,4.134787921619927,0.01645188823624915
3.2043966451541253,4.134787921619927,0.022673340130989046
3.3077642788687744,4.134787921619927,0.024221351851220273
3.411131912583425,4.134787921619927,0.019584225938240902
3.514499546298074,4.134787921619927,0.009239589893935347
3.6178671800127233,4.134787921619927,-0.004387943122937367
3.7212348137273725,4.134787921619927,-0.01762760794796158
3.8246024474420213,4.134787921619927,-0.026695216228409393
3.9279700811566705,4.134787921619927,-0.02888718129117559
4.031337714871319,4.134787921619927,-0.023446370119999033
4.134705348585968,4.134787921619927,-0.011821115137073814
4.238072982300618,4.134787921619927,0.0027600113963122076
4.341440616015267,4.134787921619927,0.016252165641739178
4.444808249729916,4.134787921619927,0.024981519794721095
4.548175883444565,4.134787921619927,0.026678457345396967
4.651543517159214,4.134787921619927,0.0210424954694529
4.754911150873865,4.134787921619927,0.009687982589033058
4.858278784588514,4.134787921619927,-0.004475069165652003
4.961646418303163,4.134787921619927,-0.018193181802189807
5.065014052017812,4.134787921619927,-0.02883092937451884
5.168381685732461,4.134787921619927,-0.035038177802569896
5.27174931944711,4.134787921619927,-0.036938776699298126
5.3751169531617595,4.134787921619927,-0.03582904182795492
5.478484586876409,4.134787921619927,-0.033538409942551875
5.581852220591058,4.134787921619927,-0.03170450093104812
5.685219854305707,4.134787921619927,-0.031220177367341194
5.788587488020356,4.134787921619927,-0.032025501860157964
5.8919551217350055,4.134787921619927,-0.033278752457163656
5.995322755449654,4.134787921619927,-0.0338010872137896
6.098690389164305,4.134787921619927,-0.032599572935644965
6.202058022878954,4.134787921619927,-0.029262740334506904
6.305425656593603,4.134787921619927,-0.024090407680998918
6.408793290308252,4.134787921619927,-0.017934926814184134
-6.408793290308252,4.238157619660425,-0.016749796047526463
-6.305425656593603,4.238157619660425,-0.013438849782945827
-6.202058022878954,4.238157619660425,-0.009352853081188613
-6.098690389164304,4.238157619660425,-0.00456985765748266
-5.995322755449655,4.238157619660425,0.0006187300395292715
-5.8919551217350055,4.238157619660425,0.005545047068690615
-5.788587488020356,4.238157619660425,0.00912702902742598
-5.685219854305708,4.238157619660425,0.010048212253836952
-5.581852220591058,4.238157619660425,0.0071592969068790275
-5.478484586876409,4.238157619660425,-2.1284840814495053e-6
-5.3751169531617595,4.238157619660425,-0.01076020873586625
-5.27174931944711,4.238157619660425,-0.02312331495925592
-5.168381685732461,4.238157619660425,-0.03402393236557557
-5.065014052017812,4.238157619660425,-0.03998973491963272
-4.961646418303163,4.238157619660425,-0.03810325797937082
-4.858278784588514,4.238157619660425,-0.02698005289025366
-4.754911150873865,4.238157619660425,-0.007446801852646314
-4.651543517159215,4.238157619660425,0.017342347884366845
-4.548175883444566,4.238157619660425,0.04246041388741025
-4.444808249729917,4.238157619660425,0.06233799762870937
-4.341440616015267,4.238157619660425,0.07218336709751601
-4.238072982300618,4.238157619660425,0.06929342424202078
-4.134705348585968,4.238157619660425,0.05386453194209502
-4.031337714871319,4.238157619660425,0.029044153920566317
-3.9279700811566705,4.238157619660425,0.00018311050212017053
-3.8246024474420213,4.238157619660425,-0.026513413417553824
-3.7212348137273725,4.238157619660425,-0.045555865703812676
-3.6178671800127233,4.238157619660425,-0.05351418064385774
-3.514499546298074,4.238157619660425,-0.04975896603561506
-3.411131912583425,4.238157619660425,-0.03640949770479079
-3.3077642788687753,4.238157619660425,-0.017539728882308654
-3.204396645154126,4.238157619660425,0.002086464645955582
-3.101029011439477,4.238157619660425,0.018350891292375614
-2.9976613777248278,4.238157619660425,0.028788972063765378
-2.8942937440101786,4.238157619660425,0.03299831481382073
-2.790926110295529,4.238157619660425,0.032382844424301664
-2.6875584765808798,4.238157619660425,0.029382923222854265
-2.5841908428662306,4.238157619660425,0.02649486993505697
-2.4808232091515814,4.238157619660425,0.02542572329726318
-2.3774555754369326,4.238157619660425,0.026652239048557364
-2.2740879417222835,4.238157619660425,0.029489356437594396
-2.1707203080076334,4.238157619660425,0.032583939611862955
-2.067352674292984,4.238157619660425,0.03460240192970387
-1.9639850405783352,4.238157619660425,0.03482643212824401
-1.8606174068636863,4.238157619660425,0.033425225067827094
-1.757249773149037,4.238157619660425,0.03131149941209343
-1.6538821394343879,4.238157619660425,0.02965801891638313
-1.550514505719738,4.238157619660425,0.02928702363563114
-1.447146872005089,4.238157619660425,0.030196023441765144
-1.3437792382904399,4.238157619660425,0.0314308467451145
-1.2404116045757907,4.238157619660425,0.0313805061524549
-1.1370439708611417,4.238157619660425,0.028399688765139274
-1.0336763371464925,4.238157619660425,0.02152755748948964
-0.9303087034318435,4.238157619660425,0.01101925401300526
-0.8269410697171936,4.238157619660425,-0.0015384643777699382
-0.7235734360025445,4.238157619660425,-0.013610662379066097
-0.6202058022878953,4.238157619660425,-0.022495369972342506
-0.5168381685732463,4.238157619660425,-0.026244485780159466
-0.4134705348585972,4.238157619660425,-0.024397075687826467
-0.31010290114394806,4.238157619660425,-0.01824477053724446
-0.2067352674292982,4.238157619660425,-0.010500540668676
-0.1033676337146491,4.238157619660425,-0.004448026676266553
0.,4.238157619660425,-0.0028373497720032338
0.1033676337146491,4.238157619660425,-0.006897028066971626
0.2067352674292982,4.238157619660425,-0.01581023755292018
0.31010290114394734,4.238157619660425,-0.02685991502649545
0.4134705348585964,4.238157619660425,-0.03622682954805685
0.5168381685732455,4.238157619660425,-0.04020155937736883
0.6202058022878947,4.238157619660425,-0.03642213881250357
0.7235734360025438,4.238157619660425,-0.024727221190746253
0.8269410697171944,4.238157619660425,-0.007330654281187296
0.9303087034318435,4.238157619660425,0.011758942547336006
1.0336763371464925,4.238157619660425,0.027902364922623515
1.1370439708611417,4.238157619660425,0.03721196576346139
1.2404116045757907,4.238157619660425,0.03771055969694197
1.3437792382904399,4.238157619660425,0.02989616029101458
1.447146872005089,4.238157619660425,0.016534968595684166
1.550514505719738,4.238157619660425,0.0017572001390105483
1.6538821394343872,4.238157619660425,-0.01024300381145681
1.7572497731490362,4.238157619660425,-0.01647700517336931
1.8606174068636854,4.238157619660425,-0.015991407150375152
1.9639850405783346,4.238157619660425,-0.010002652354138272
2.0673526742929837,4.238157619660425,-0.0013178273216912335
2.1707203080076343,4.238157619660425,0.0067376921835159255
2.2740879417222835,4.238157619660425,0.011504376534379402
2.3774555754369326,4.238157619660425,0.011874612670450539
2.4808232091515814,4.238157619660425,0.008582909502189356
2.5841908428662306,4.238157619660425,0.00381516981774252
2.6875584765808798,4.238157619660425,0.00029138330606348845
2.790926110295529,4.238157619660425,0.0001595740014663021
2.894293744010178,4.238157619660425,0.0041034541997396964
2.997661377724827,4.238157619660425,0.01099026211820821
3.101029011439476,4.238157619660425,0.018195381979198913
3.2043966451541253,4.238157619660425,0.02250229291743547
3.3077642788687744,4.238157619660425,0.02127224162839037
3.411131912583425,4.238157619660425,0.013478045836175206
3.514499546298074,4.238157619660425,0.00023511564822086415
3.6178671800127233,4.238157619660425,-0.01537271148646173
3.7212348137273725,4.238157619660425,-0.029140139485442116
3.8246024474420213,4.238157619660425,-0.03700187633058345
3.9279700811566705,4.238157619660425,-0.03630898622855184
4.031337714871319,4.238157619660425,-0.026710741042438715
4.134705348585968,4.238157619660425,-0.01035683947474678
4.238072982300618,4.238157619660425,0.008648906916888022
4.341440616015267,4.238157619660425,0.0253760327264469
4.444808249729916,4.238157619660425,0.03542950788036772
4.548175883444565,4.238157619660425,0.03613469777720708
4.651543517159214,4.238157619660425,0.027199965325802454
4.754911150873865,4.238157619660425,0.0106842264579335
4.858278784588514,4.238157619660425,-0.009684151355436738
4.961646418303163,4.238157619660425,-0.029597354415454444
5.065014052017812,4.238157619660425,-0.045320180711352215
5.168381685732461,4.238157619660425,-0.054565718890463355
5.27174931944711,4.238157619660425,-0.05686987933866169
5.3751169531617595,4.238157619660425,-0.05341462406236846
5.478484586876409,4.238157619660425,-0.046423807753415335
5.581852220591058,4.238157619660425,-0.03837216866409779
5.685219854305707,4.238157619660425,-0.03127399540314752
5.788587488020356,4.238157619660425,-0.026253651201438674
5.8919551217350055,4.238157619660425,-0.02347682871051953
5.995322755449654,4.238157619660425,-0.022388314528285574
6.098690389164305,4.238157619660425,-0.02210733678020965
6.202058022878954,4.238157619660425,-0.02180506943458982
6.305425656593603,4.238157619660425,-0.020932383944365456
6.408793290308252,4.238157619660425,-0.01925452033609761
-6.408793290308252,4.3415273177009235,-0.019358112574749623
-6.305425656593603,4.3415273177009235,-0.018203522567560075
-6.202058022878954,4.3415273177009235,-0.014862423127554458
-6.098690389164304,4.3415273177009235,-0.009401031050225087
-5.995322755449655,4.3415273177009235,-0.0023004023046635496
-5.8919551217350055,4.3415273177009235,0.0054407023344399
-5.788587488020356,4.3415273177009235,0.012332408819711255
-5.685219854305708,4.3415273177009235,0.016629153693377557
-5.581852220591058,4.3415273177009235,0.01677320838942841
-5.478484586876409,4.3415273177009235,0.011944901615544758
-5.3751169531617595,4.3415273177009235,0.00253899099390402
-5.27174931944711,4.3415273177009235,-0.009633078416014938
-5.168381685732461,4.3415273177009235,-0.02155765049291763
-5.065014052017812,4.3415273177009235,-0.029668712861980334
-4.961646418303163,4.3415273177009235,-0.030799708212327737
-4.858278784588514,4.3415273177009235,-0.023176943631681712
-4.754911150873865,4.3415273177009235,-0.00714184418862568
-4.651543517159215,4.3415273177009235,0.014661559384567594
-4.548175883444566,4.3415273177009235,0.03775382158049458
-4.444808249729917,4.3415273177009235,0.05686451289244559
-4.341440616015267,4.3415273177009235,0.06728801042295578
-4.238072982300618,4.3415273177009235,0.06616886029813207
-4.134705348585968,4.3415273177009235,0.05333424370451516
-4.031337714871319,4.3415273177009235,0.03141172778727452
-3.9279700811566705,4.3415273177009235,0.005178356370134404
-3.8246024474420213,4.3415273177009235,-0.019681987308534724
-3.7212348137273725,4.3415273177009235,-0.03805576964427202
-3.6178671800127233,4.3415273177009235,-0.04668337829982496
-3.514499546298074,4.3415273177009235,-0.044882912195245754
-3.411131912583425,4.3415273177009235,-0.03452352231897124
-3.3077642788687753,4.3415273177009235,-0.019289984726110942
-3.204396645154126,4.3415273177009235,-0.003494310146624691
-3.101029011439477,4.3415273177009235,0.009182431989637953
-2.9976613777248278,4.3415273177009235,0.01663344356371616
-2.8942937440101786,4.3415273177009235,0.018691506836777245
-2.790926110295529,4.3415273177009235,0.016853797120773627
-2.6875584765808798,4.3415273177009235,0.013514645771405412
-2.5841908428662306,4.3415273177009235,0.011005247034667223
-2.4808232091515814,4.3415273177009235,0.010781318500841072
-2.3774555754369326,4.3415273177009235,0.013023485871018684
-2.2740879417222835,4.3415273177009235,0.016751876724729747
-2.1707203080076334,4.3415273177009235,0.02036649950692295
-2.067352674292984,4.3415273177009235,0.022376384602804177
-1.9639850405783352,4.3415273177009235,0.022024604009322105
-1.8606174068636863,4.3415273177009235,0.0195702346005118
-1.757249773149037,4.3415273177009235,0.016129325513950684
-1.6538821394343879,4.3415273177009235,0.0131511277985065
-1.550514505719738,4.3415273177009235,0.011748080313154293
-1.447146872005089,4.3415273177009235,0.012155518119622061
-1.3437792382904399,4.3415273177009235,0.0135484618982313
-1.2404116045757907,4.3415273177009235,0.01430605291755432
-1.1370439708611417,4.3415273177009235,0.012639871148478646
-1.0336763371464925,4.3415273177009235,0.0073555862958706066
-0.9303087034318435,4.3415273177009235,-0.0015460516920799373
-0.8269410697171936,4.3415273177009235,-0.012676973256510397
-0.7235734360025445,4.3415273177009235,-0.023584914715385995
-0.6202058022878953,4.3415273177009235,-0.031510722367252955
-0.5168381685732463,4.3415273177009235,-0.034332072875375964
-0.4134705348585972,4.3415273177009235,-0.031362263386532696
-0.31010290114394806,4.3415273177009235,-0.02370568294798991
-0.2067352674292982,4.3415273177009235,-0.014013656505038082
-0.1033676337146491,4.3415273177009235,-0.00568879972812175
0.,4.3415273177009235,-0.001782433156532407
0.1033676337146491,4.3415273177009235,-0.00394832402976511
0.2067352674292982,4.3415273177009235,-0.01181277690388642
0.31010290114394734,4.3415273177009235,-0.02299314504234755
0.4134705348585964,4.3415273177009235,-0.033784869176762995
0.5168381685732455,4.3415273177009235,-0.040311983443707226
0.6202058022878947,4.3415273177009235,-0.039774571874780805
0.7235734360025438,4.3415273177009235,-0.03138538868872652
0.8269410697171944,4.3415273177009235,-0.01668298903554149
0.9303087034318435,4.3415273177009235,0.000889931078459968
1.0336763371464925,4.3415273177009235,0.017013489306729423
1.1370439708611417,4.3415273177009235,0.027793963377496504
1.2404116045757907,4.3415273177009235,0.030923961301664256
1.3437792382904399,4.3415273177009235,0.026328682847979887
1.447146872005089,4.3415273177009235,0.016099393593866345
1.550514505719738,4.3415273177009235,0.0037518990741375064
1.6538821394343872,4.3415273177009235,-0.006930794504998496
1.7572497731490362,4.3415273177009235,-0.013080893060173435
1.8606174068636854,4.3415273177009235,-0.013564446077183713
1.9639850405783346,4.3415273177009235,-0.009180459162552751
2.0673526742929837,4.3415273177009235,-0.002202049882711502
2.1707203080076343,4.3415273177009235,0.004552821386667428
2.2740879417222835,4.3415273177009235,0.008776716899615754
2.3774555754369326,4.3415273177009235,0.009475553764305922
2.4808232091515814,4.3415273177009235,0.007238982289480294
2.5841908428662306,4.3415273177009235,0.003894377630198282
2.6875584765808798,4.3415273177009235,0.0016843799082094499
2.790926110295529,4.3415273177009235,0.0022807989326755177
2.894293744010178,4.3415273177009235,0.006008685064036228
2.997661377724827,4.3415273177009235,0.011581667124880483
3.101029011439476,4.3415273177009235,0.016468182611187727
3.2043966451541253,4.3415273177009235,0.01778099507774135
3.3077642788687744,4.3415273177009235,0.013388761959226106
3.411131912583425,4.3415273177009235,0.002856644392639261
3.514499546298074,4.3415273177009235,-0.012133406591608586
3.6178671800127233,4.3415273177009235,-0.028065831954380047
3.7212348137273725,4.3415273177009235,-0.04052745358369808
3.8246024474420213,4.3415273177009235,-0.04552271775436918
3.9279700811566705,4.3415273177009235,-0.04075802238008687
4.031337714871319,4.3415273177009235,-0.026481327907140532
4.134705348585968,4.3415273177009235,-0.005594988638441886
4.238072982300618,4.3415273177009235,0.017015746526994342
4.341440616015267,4.3415273177009235,0.035751884515466015
4.444808249729916,4.3415273177009235,0.04579582424769483
4.548175883444565,4.3415273177009235,0.04439374426166478
4.651543517159214,4.3415273177009235,0.03155675241018435
4.754911150873865,4.3415273177009235,0.009994456498423685
4.858278784588514,4.3415273177009235,-0.015672064841508668
4.961646418303163,4.3415273177009235,-0.04016152458463916
5.065014052017812,4.3415273177009235,-0.0588705277205403
5.168381685732461,4.3415273177009235,-0.06892156845068972
5.27174931944711,4.3415273177009235,-0.06965834291045055
5.3751169531617595,4.3415273177009235,-0.0625103468727939
5.478484586876409,4.3415273177009235,-0.05034003681820841
5.581852220591058,4.3415273177009235,-0.036522936174438095
5.685219854305707,4.3415273177009235,-0.024055591927117075
5.788587488020356,4.3415273177009235,-0.014933700116258436
5.8919551217350055,4.3415273177009235,-0.00992129426408064
5.995322755449654,4.3415273177009235,-0.008690378085716434
6.098690389164305,4.3415273177009235,-0.010199341573881193
6.202058022878954,4.3415273177009235,-0.01313225383464721
6.305425656593603,4.3415273177009235,-0.016246792926698166
6.408793290308252,4.3415273177009235,-0.01855575514875848
-6.408793290308252,4.444897015741422,-0.019727050155717178
-6.305425656593603,4.444897015741422,-0.020076063919598843
-6.202058022878954,4.444897015741422,-0.017956922974172042
-6.098690389164304,4.444897015741422,-0.01343364486332417
-5.995322755449655,4.444897015741422,-0.0068264962385072205
-5.8919551217350055,4.444897015741422,0.001156718067201159
-5.788587488020356,4.444897015741422,0.009335343226480868
-5.685219854305708,4.444897015741422,0.016132778845029415
-5.581852220591058,4.444897015741422,0.019873826102434076
-5.478484586876409,4.444897015741422,0.019262057890691832
-5.3751169531617595,4.444897015741422,0.013897705274789368
-5.27174931944711,4.444897015741422,0.0046406044220188986
-5.168381685732461,4.444897015741422,-0.006360575611352193
-5.065014052017812,4.444897015741422,-0.01605959425750071
-4.961646418303163,4.444897015741422,-0.02127076980600193
-4.858278784588514,4.444897015741422,-0.019599823660931475
-4.754911150873865,4.444897015741422,-0.010265216451099317
-4.651543517159215,4.444897015741422,0.005470299511895821
-4.548175883444566,4.444897015741422,0.024438612575730358
-4.444808249729917,4.444897015741422,0.04228610905160505
-4.341440616015267,4.444897015741422,0.054597735173751216
-4.238072982300618,4.444897015741422,0.05810739445739099
-4.134705348585968,4.444897015741422,0.05163198229240632
-4.031337714871319,4.444897015741422,0.03643744671518528
-3.9279700811566705,4.444897015741422,0.015913195000902467
-3.8246024474420213,4.444897015741422,-0.0053565054603128435
-3.7212348137273725,4.444897015741422,-0.022847546290450077
-3.6178671800127233,4.444897015741422,-0.03329934132318695
-3.514499546298074,4.444897015741422,-0.03550752422569029
-3.411131912583425,4.444897015741422,-0.030480807969141665
-3.3077642788687753,4.444897015741422,-0.020941342751785774
-3.204396645154126,4.444897015741422,-0.010355396950300778
-3.101029011439477,4.444897015741422,-0.0018232474203723867
-2.9976613777248278,4.444897015741422,0.002812120091754663
-2.8942937440101786,4.444897015741422,0.0033664709993248302
-2.790926110295529,4.444897015741422,0.0011302947108791685
-2.6875584765808798,4.444897015741422,-0.0017955761725027969
-2.5841908428662306,4.444897015741422,-0.0033823420334439264
-2.4808232091515814,4.444897015741422,-0.002450232152544392
-2.3774555754369326,4.444897015741422,0.0009297246231717724
-2.2740879417222835,4.444897015741422,0.005532797506198217
-2.1707203080076334,4.444897015741422,0.009515188662373091
-2.067352674292984,4.444897015741422,0.011167697480853769
-1.9639850405783352,4.444897015741422,0.009596115747585739
-1.8606174068636863,4.444897015741422,0.005070667562919552
-1.757249773149037,4.444897015741422,-0.0010843589417863034
-1.6538821394343879,4.444897015741422,-0.007014607379035608
-1.550514505719738,4.444897015741422,-0.011070310284266197
-1.447146872005089,4.444897015741422,-0.012467732121039833
-1.3437792382904399,4.444897015741422,-0.011618496860540154
-1.2404116045757907,4.444897015741422,-0.009990229291079497
-1.1370439708611417,4.444897015741422,-0.00953746107521287
-1.0336763371464925,4.444897015741422,-0.011906400973066495
-0.9303087034318435,4.444897015741422,-0.01770999317470931
-0.8269410697171936,4.444897015741422,-0.02615495703028596
-0.7235734360025445,4.444897015741422,-0.03518297764950778
-0.6202058022878953,4.444897015741422,-0.04210476496172548
-0.5168381685732463,4.444897015741422,-0.04452322522151892
-0.4134705348585972,4.444897015741422,-0.04122656782273669
-0.31010290114394806,4.444897015741422,-0.03272740169647499
-0.2067352674292982,4.444897015741422,-0.021234875808352472
-0.1033676337146491,4.444897015741422,-0.010037728873913573
0.,4.444897015741422,-0.002481627847724892
0.1033676337146491,4.444897015741422,-0.0008725618116067435
0.2067352674292982,4.444897015741422,-0.005675911250356775
0.31010290114394734,4.444897015741422,-0.015292209857801973
0.4134705348585964,4.444897015741422,-0.02650331742703179
0.5168381685732455,4.444897015741422,-0.0354591863263616
0.6202058022878947,4.444897015741422,-0.038891591518610526
0.7235734360025438,4.444897015741422,-0.03516043700599049
0.8269410697171944,4.444897015741422,-0.024789243423609754
0.9303087034318435,4.444897015741422,-0.010313019013195512
1.0336763371464925,4.444897015741422,0.004511822326702133
1.1370439708611417,4.444897015741422,0.01587589920309767
1.2404116045757907,4.444897015741422,0.02108154485134454
1.3437792382904399,4.444897015741422,0.01932758206060525
1.447146872005089,4.444897015741422,0.0118696353890799
1.550514505719738,4.444897015741422,0.0015229813203541831
1.6538821394343872,4.444897015741422,-0.008306206749190654
1.7572497731490362,4.444897015741422,-0.01472372664703668
1.8606174068636854,4.444897015741422,-0.01621311880700576
1.9639850405783346,4.444897015741422,-0.012986867112173107
2.0673526742929837,4.444897015741422,-0.006732137535892948
2.1707203080076343,4.444897015741422,0.00012679821714496457
2.2740879417222835,4.444897015741422,0.005362619059438609
2.3774555754369326,4.444897015741422,0.007729358055992674
2.4808232091515814,4.444897015741422,0.007316519100478601
2.5841908428662306,4.444897015741422,0.005357730240224678
2.6875584765808798,4.444897015741422,0.003584021681245135
2.790926110295529,4.444897015741422,0.0033827492089169714
2.894293744010178,4.444897015741422,0.0050979022653636985
2.997661377724827,4.444897015741422,0.007758371312530398
3.101029011439476,4.444897015741422,0.009364206853808779
3.2043966451541253,4.444897015741422,0.00765210411933467
3.3077642788687744,4.444897015741422,0.001074850028952829
3.411131912583425,4.444897015741422,-0.01036687649104078
3.514499546298074,4.444897015741422,-0.02477100390689091
3.6178671800127233,4.444897015741422,-0.03863827766995929
3.7212348137273725,4.444897015741422,-0.04779142519013108
3.8246024474420213,4.444897015741422,-0.04864860120593448
3.9279700811566705,4.444897015741422,-0.039452111676843864
4.031337714871319,4.444897015741422,-0.021044310581339192
4.134705348585968,4.444897015741422,0.003090670455336303
4.238072982300618,4.444897015741422,0.027577094051299725
4.341440616015267,4.444897015741422,0.046498866559292806
4.444808249729916,4.444897015741422,0.05496832793821443
4.548175883444565,4.444897015741422,0.05045496254036743
4.651543517159214,4.444897015741422,0.03348496515553442
4.754911150873865,4.444897015741422,0.007511352115656178
4.858278784588514,4.444897015741422,-0.021997717356195077
4.961646418303163,4.444897015741422,-0.0489764983339428
5.065014052017812,4.444897015741422,-0.0682714331416477
5.168381685732461,4.444897015741422,-0.07682195462531997
5.27174931944711,4.444897015741422,-0.07421058198388472
5.3751169531617595,4.444897015741422,-0.06248338135883936
5.478484586876409,4.444897015741422,-0.045360002233110236
5.581852220591058,4.444897015741422,-0.027116917344317405
5.685219854305707,4.444897015741422,-0.011490841548484159
5.788587488020356,4.444897015741422,-0.000900310413993984
5.8919551217350055,4.444897015741422,0.0038516596052532623
5.995322755449654,4.444897015741422,0.003399545325875773
6.098690389164305,4.444897015741422,-0.0006891732985969307
6.202058022878954,4.444897015741422,-0.006523156775757014
6.305425656593603,4.444897015741422,-0.012392652425369651
6.408793290308252,4.444897015741422,-0.017046622042639153
-6.408793290308252,4.54826671378192,-0.01867477252679406
-6.305425656593603,4.54826671378192,-0.019144170394299147
-6.202058022878954,4.54826671378192,-0.018008244077379353
-6.098690389164304,4.54826671378192,-0.015447050510159929
-5.995322755449655,4.54826671378192,-0.01140215055426086
-5.8919551217350055,4.54826671378192,-0.005792877280049329
-5.788587488020356,4.54826671378192,0.0011506308047034121
-5.685219854305708,4.54826671378192,0.008627920991270277
-5.581852220591058,4.54826671378192,0.015250181335678063
-5.478484586876409,4.54826671378192,0.019333622603601542
-5.3751169531617595,4.54826671378192,0.01943886265465189
-5.27174931944711,4.54826671378192,0.01497197488668754
-5.168381685732461,4.54826671378192,0.006609499299034603
-5.065014052017812,4.54826671378192,-0.0036527295756888438
-4.961646418303163,4.54826671378192,-0.012907242686492019
-4.858278784588514,4.54826671378192,-0.018117675464900448
-4.754911150873865,4.54826671378192,-0.01704969094097484
-4.651543517159215,4.54826671378192,-0.009048758261765696
-4.548175883444566,4.54826671378192,0.004608656460634225
-4.444808249729917,4.54826671378192,0.020938204243028096
-4.341440616015267,4.54826671378192,0.036008976249915926
-4.238072982300618,4.54826671378192,0.04602686646905955
-4.134705348585968,4.54826671378192,0.048409968620084974
-4.031337714871319,4.54826671378192,0.04251948120427741
-3.9279700811566705,4.54826671378192,0.029815143761802065
-3.8246024474420213,4.54826671378192,0.013387954241832912
-3.7212348137273725,4.54826671378192,-0.002976470496067046
-3.6178671800127233,4.54826671378192,-0.015900728253892125
-3.514499546298074,4.54826671378192,-0.023333168018718327
-3.411131912583425,4.54826671378192,-0.024997752934743673
-3.3077642788687753,4.54826671378192,-0.022256081847513827
-3.204396645154126,4.54826671378192,-0.017460468377979578
-3.101029011439477,4.54826671378192,-0.013044360510787037
-2.9976613777248278,4.54826671378192,-0.010675117903007627
-2.8942937440101786,4.54826671378192,-0.01075864833222958
-2.790926110295529,4.54826671378192,-0.012450152757176328
-2.6875584765808798,4.54826671378192,-0.01413949825239449
-2.5841908428662306,4.54826671378192,-0.01420995308463138
-2.4808232091515814,4.54826671378192,-0.011775203012216325
-2.3774555754369326,4.54826671378192,-0.007114137873505654
-2.2740879417222835,4.54826671378192,-0.0016393101757074477
-2.1707203080076334,4.54826671378192,0.002589751045724478
-2.067352674292984,4.54826671378192,0.003626948721437248
-1.9639850405783352,4.54826671378192,0.00038903336281995756
-1.8606174068636863,4.54826671378192,-0.006889364562446676
-1.757249773149037,4.54826671378192,-0.016672668250789335
-1.6538821394343879,4.54826671378192,-0.02661854422247409
-1.550514505719738,4.54826671378192,-0.03437819491854571
-1.447146872005089,4.54826671378192,-0.03841535217052203
-1.3437792382904399,4.54826671378192,-0.03854368247604792
-1.2404116045757907,4.54826671378192,-0.03597902496858098
-1.1370439708611417,4.54826671378192,-0.03287585568197289
-1.0336763371464925,4.54826671378192,-0.031505233394171744
-0.9303087034318435,4.54826671378192,-0.03336651799501845
-0.8269410697171936,4.54826671378192,-0.03855752019051434
-0.7235734360025445,4.54826671378192,-0.04564359036083819
-0.6202058022878953,4.54826671378192,-0.05209312498072493
-0.5168381685732463,4.54826671378192,-0.05514498228767948
-0.4134705348585972,4.54826671378192,-0.05281374252303026
-0.31010290114394806,4.54826671378192,-0.04467931190641906
-0.2067352674292982,4.54826671378192,-0.03217139428898668
-0.1033676337146491,4.54826671378192,-0.018227046536319357
0.,4.54826671378192,-0.006414277862397032
0.1033676337146491,4.54826671378192,0.00019763856057793738
0.2067352674292982,4.54826671378192,0.00004564830683989386
0.31010290114394734,4.54826671378192,-0.006384750770721719
0.4134705348585964,4.54826671378192,-0.016674594994046665
0.5168381685732455,4.54826671378192,-0.02721767412310477
0.6202058022878947,4.54826671378192,-0.03435931955230691
0.7235734360025438,4.54826671378192,-0.03555580258788876
0.8269410697171944,4.54826671378192,-0.030173807619400323
0.9303087034318435,4.54826671378192,-0.01966899877146532
1.0336763371464925,4.54826671378192,-0.007089823748764355
1.1370439708611417,4.54826671378192,0.003923095699502636
1.2404116045757907,4.54826671378192,0.010306477048138417
1.3437792382904399,4.54826671378192,0.010526713935674973
1.447146872005089,4.54826671378192,0.005008909390240721
1.550514505719738,4.54826671378192,-0.004081968139458674
1.6538821394343872,4.54826671378192,-0.01361267763619916
1.7572497731490362,4.54826671378192,-0.020528813565330893
1.8606174068636854,4.54826671378192,-0.022817365359436386
1.9639850405783346,4.54826671378192,-0.020067465473801567
2.0673526742929837,4.54826671378192,-0.013462767551056947
2.1707203080076343,4.54826671378192,-0.0052424257537911235
2.2740879417222835,4.54826671378192,0.00214865405197269
2.3774555754369326,4.54826671378192,0.00690018864084142
2.4808232091515814,4.54826671378192,0.008365773496017645
2.5841908428662306,4.54826671378192,0.00710643105900289
2.6875584765808798,4.54826671378192,0.004461850782278853
2.790926110295529,4.54826671378192,0.0018420285138954044
2.894293744010178,4.54826671378192,0.00003663127369960595
2.997661377724827,4.54826671378192,-0.001169354316779783
3.101029011439476,4.54826671378192,-0.0029046072577406093
3.2043966451541253,4.54826671378192,-0.006662855256282935
3.3077642788687744,4.54826671378192,-0.01349995901041043
3.411131912583425,4.54826671378192,-0.023294759050711992
3.514499546298074,4.54826671378192,-0.03439056800437226
3.6178671800127233,4.54826671378192,-0.04381298644742776
3.7212348137273725,4.54826671378192,-0.04805781198018925
3.8246024474420213,4.54826671378192,-0.04422987727295906
3.9279700811566705,4.54826671378192,-0.031165689478039025
4.031337714871319,4.54826671378192,-0.010145365051909614
4.134705348585968,4.54826671378192,0.015092232646363491
4.238072982300618,4.54826671378192,0.03910451218457641
4.341440616015267,4.54826671378192,0.0560949518927877
4.444808249729916,4.54826671378192,0.061480017505679024
4.548175883444565,4.54826671378192,0.05320845156738408
4.651543517159214,4.54826671378192,0.03242782952649851
4.754911150873865,4.54826671378192,0.003282962444358031
4.858278784588514,4.54826671378192,-0.028109234915213457
4.961646418303163,4.54826671378192,-0.05521635532536115
5.065014052017812,4.54826671378192,-0.07273040816209525
5.168381685732461,4.54826671378192,-0.07782653226180453
5.27174931944711,4.54826671378192,-0.07070217887747339
5.3751169531617595,4.54826671378192,-0.05428372770046748
5.478484586876409,4.54826671378192,-0.033237781779425254
5.581852220591058,4.54826671378192,-0.01261983950398439
5.685219854305707,4.54826671378192,0.003425385608477239
5.788587488020356,4.54826671378192,0.012549556170137576
5.8919551217350055,4.54826671378192,0.014470078833030756
5.995322755449654,4.54826671378192,0.010630739664800621
6.098690389164305,4.54826671378192,0.0034480696892127704
6.202058022878954,4.54826671378192,-0.004557621201703698
6.305425656593603,4.54826671378192,-0.011453577328424273
6.408793290308252,4.54826671378192,-0.01621990354600656
-6.408793290308252,4.651636411822418,-0.017348592276933927
-6.305425656593603,4.651636411822418,-0.016336503237289118
-6.202058022878954,4.651636411822418,-0.015368186283060695
-6.098690389164304,4.651636411822418,-0.014899532126669817
-5.995322755449655,4.651636411822418,-0.01446833305196696
-5.8919551217350055,4.651636411822418,-0.013004785868486975
-5.788587488020356,4.651636411822418,-0.009457424911299382
-5.685219854305708,4.651636411822418,-0.003460532127980529
-5.581852220591058,4.651636411822418,0.00425037562025146
-5.478484586876409,4.651636411822418,0.011873718164400797
-5.3751169531617595,4.651636411822418,0.01705301424765591
-5.27174931944711,4.651636411822418,0.01770164062579275
-5.168381685732461,4.651636411822418,0.012846760814520644
-5.065014052017812,4.651636411822418,0.003171850718346564
-4.961646418303163,4.651636411822418,-0.0089708982118027
-4.858278784588514,4.651636411822418,-0.02012774795267159
-4.754911150873865,4.651636411822418,-0.02673550960971653
-4.651543517159215,4.651636411822418,-0.026227431846720863
-4.548175883444566,4.651636411822418,-0.0178893789395821
-4.444808249729917,4.651636411822418,-0.0031749444533727368
-4.341440616015267,4.651636411822418,0.01463835959446812
-4.238072982300618,4.651636411822418,0.03135367466939342
-4.134705348585968,4.651636411822418,0.04303735166465476
-4.031337714871319,4.651636411822418,0.04710672166288873
-3.9279700811566705,4.651636411822418,0.04298536277657569
-3.8246024474420213,4.651636411822418,0.03213536023010664
-3.7212348137273725,4.651636411822418,0.01748397530270972
-3.6178671800127233,4.651636411822418,0.0024589227385358042
-3.514499546298074,4.651636411822418,-0.010034873190372854
-3.411131912583425,4.651636411822418,-0.018362412968828422
-3.3077642788687753,4.651636411822418,-0.022407571014498598
-3.204396645154126,4.651636411822418,-0.023286171131760913
-3.101029011439477,4.651636411822418,-0.022674901702778052
-2.9976613777248278,4.651636411822418,-0.022035055123827325
-2.8942937440101786,4.651636411822418,-0.022031596121307753
-2.790926110295529,4.651636411822418,-0.022358967341293053
-2.6875584765808798,4.651636411822418,-0.022020450031632204
-2.5841908428662306,4.651636411822418,-0.019929810574888972
-2.4808232091515814,4.651636411822418,-0.015578573239102817
-2.3774555754369326,4.651636411822418,-0.009485887862883555
-2.2740879417222835,4.651636411822418,-0.0032302662150018
-2.1707203080076334,4.651636411822418,0.0009770460793562421
-2.067352674292984,4.651636411822418,0.0010381656676080485
-1.9639850405783352,4.651636411822418,-0.004235580342824799
-1.8606174068636863,4.651636411822418,-0.01458039785773036
-1.757249773149037,4.651636411822418,-0.02821174542939
-1.6538821394343879,4.651636411822418,-0.04228765400684189
-1.550514505719738,4.651636411822418,-0.05376748791026398
-1.447146872005089,4.651636411822418,-0.06038007157625416
-1.3437792382904399,4.651636411822418,-0.06136388507194788
-1.2404116045757907,4.651636411822418,-0.05771082996906051
-1.1370439708611417,4.651636411822418,-0.05181238843537763
-1.0336763371464925,4.651636411822418,-0.046615457149867236
-0.9303087034318435,4.651636411822418,-0.04457135687858008
-0.8269410697171936,4.651636411822418,-0.04674204325946182
-0.7235734360025445,4.651636411822418,-0.05238161239366678
-0.6202058022878953,4.651636411822418,-0.05915222539752528
-0.5168381685732463,4.651636411822418,-0.06391515785707759
-0.4134705348585972,4.651636411822418,-0.06383529384332678
-0.31010290114394806,4.651636411822418,-0.05742215520468621
-0.2067352674292982,4.651636411822418,-0.045144211513659244
-0.1033676337146491,4.651636411822418,-0.029393073671505156
0.,4.651636411822418,-0.013793549505843493
0.1033676337146491,4.651636411822418,-0.0020795520623616516
0.2067352674292982,4.651636411822418,0.003092773859257905
0.31010290114394734,4.651636411822418,0.0009974344745716968
0.4134705348585964,4.651636411822418,-0.0069313487979286575
0.5168381685732455,4.651636411822418,-0.017571154541696943
0.6202058022878947,4.651636411822418,-0.0271293552486205
0.7235734360025438,4.651636411822418,-0.0323678745064457
0.8269410697171944,4.651636411822418,-0.0316275816826575
0.9303087034318435,4.651636411822418,-0.025315324455542014
1.0336763371464925,4.651636411822418,-0.01570017239588431
1.1370439708611417,4.651636411822418,-0.006099097332322134
1.2404116045757907,4.651636411822418,0.0002640503070815541
1.3437792382904399,4.651636411822418,0.0013378873141236182
1.447146872005089,4.651636411822418,-0.003098302859935708
1.550514505719738,4.651636411822418,-0.01140660842985825
1.6538821394343872,4.651636411822418,-0.020683643972599537
1.7572497731490362,4.651636411822418,-0.02775585109337838
1.8606174068636854,4.651636411822418,-0.030228504575324708
1.9639850405783346,4.651636411822418,-0.027233717097863486
2.0673526742929837,4.651636411822418,-0.019638796918775812
2.1707203080076343,4.651636411822418,-0.0096711122905221
2.2740879417222835,4.651636411822418,-0.0001188475736714552
2.3774555754369326,4.651636411822418,0.006593093268093253
2.4808232091515814,4.651636411822418,0.009124086722192911
2.5841908428662306,4.651636411822418,0.007497407305416973
2.6875584765808798,4.651636411822418,0.002872732967528874
2.790926110295529,4.651636411822418,-0.0030635741455296334
2.894293744010178,4.651636411822418,-0.008827322787478501
2.997661377724827,4.651636411822418,-0.013686098282807613
3.101029011439476,4.651636411822418,-0.01781101575914234
3.2043966451541253,4.651636411822418,-0.021976314954682212
3.3077642788687744,4.651636411822418,-0.026939101661250048
3.411131912583425,4.651636411822418,-0.03276930821902396
3.514499546298074,4.651636411822418,-0.03843488920718616
3.6178671800127233,4.651636411822418,-0.0418627595258623
3.7212348137273725,4.651636411822418,-0.04051960244042844
3.8246024474420213,4.651636411822418,-0.03235112081275465
3.9279700811566705,4.651636411822418,-0.016759377038199925
4.031337714871319,4.651636411822418,0.0047527446598531736
4.134705348585968,4.651636411822418,0.028558402378560426
4.238072982300618,4.651636411822418,0.049599950128712544
4.341440616015267,4.651636411822418,0.06265163140662008
4.444808249729916,4.651636411822418,0.06379751482433803
4.548175883444565,4.651636411822418,0.05167067711775473
4.651543517159214,4.651636411822418,0.02804683235417334
4.754911150873865,4.651636411822418,-0.0024303466379180325
4.858278784588514,4.651636411822418,-0.03335088421442729
4.961646418303163,4.651636411822418,-0.05816682882560297
5.065014052017812,4.651636411822418,-0.07187812658726839
5.168381685732461,4.651636411822418,-0.07228449994572929
5.27174931944711,4.651636411822418,-0.06044406074962589
5.3751169531617595,4.651636411822418,-0.04022369564726309
5.478484586876409,4.651636411822418,-0.01710326082611318
5.581852220591058,4.651636411822418,0.0033841222237083776
5.685219854305707,4.651636411822418,0.017099507980392184
5.788587488020356,4.651636411822418,0.02221653527628325
5.8919551217350055,4.651636411822418,0.019382518660436977
5.995322755449654,4.651636411822418,0.011145380995723651
6.098690389164305,4.651636411822418,0.0008990169201505946
6.202058022878954,4.651636411822418,-0.008267601504525567
6.305425656593603,4.651636411822418,-0.014435679922490592
6.408793290308252,4.651636411822418,-0.017185636032146717
-6.408793290308252,4.755006109862916,-0.016694028745044748
-6.305425656593603,4.755006109862916,-0.012981704586483081
-6.202058022878954,4.755006109862916,-0.011155001006968939
-6.098690389164304,4.755006109862916,-0.012050797107505874
-5.995322755449655,4.755006109862916,-0.014955677742885675
-5.8919551217350055,4.755006109862916,-0.017975978237628726
-5.788587488020356,4.755006109862916,-0.018891195455989697
-5.685219854305708,4.755006109862916,-0.01615717327317799
-5.581852220591058,4.755006109862916,-0.009670725437045615
-5.478484586876409,4.755006109862916,-0.0009936831842012079
-5.3751169531617595,4.755006109862916,0.007069633306086433
-5.27174931944711,4.755006109862916,0.011411739665755054
-5.168381685732461,4.755006109862916,0.009756483204047997
-5.065014052017812,4.755006109862916,0.0015872703237888792
-4.961646418303163,4.755006109862916,-0.01147147024857929
-4.858278784588514,4.755006109862916,-0.025978895469662033
-4.754911150873865,4.755006109862916,-0.03762870312171968
-4.651543517159215,4.755006109862916,-0.042532238843178555
-4.548175883444566,4.755006109862916,-0.038423360522283796
-4.444808249729917,4.755006109862916,-0.025396308046300692
-4.341440616015267,4.755006109862916,-0.0059393500950243264
-4.238072982300618,4.755006109862916,0.015743895941479083
-4.134705348585968,4.755006109862916,0.03490493452063203
-4.031337714871319,4.755006109862916,0.04754064456316627
-3.9279700811566705,4.755006109862916,0.05140596140899642
-3.8246024474420213,4.755006109862916,0.04645735440076817
-3.7212348137273725,4.755006109862916,0.034632410225898504
-3.6178671800127233,4.755006109862916,0.019089196405965687
-3.514499546298074,4.755006109862916,0.003194019896598582
-3.411131912583425,4.755006109862916,-0.01039603640325072
-3.3077642788687753,4.755006109862916,-0.020273330967307962
-3.204396645154126,4.755006109862916,-0.026317119679778556
-3.101029011439477,4.755006109862916,-0.029292360842972234
-2.9976613777248278,4.755006109862916,-0.030226621380641746
-2.8942937440101786,4.755006109862916,-0.029843797074985745
-2.790926110295529,4.755006109862916,-0.028285879431547055
-2.6875584765808798,4.755006109862916,-0.02521925484988142
-2.5841908428662306,4.755006109862916,-0.02025414362334084
-2.4808232091515814,4.755006109862916,-0.013470358526126868
-2.3774555754369326,4.755006109862916,-0.0057921168708615686
-2.2740879417222835,4.755006109862916,0.0009908680522529192
-2.1707203080076334,4.755006109862916,0.004619423698539459
-2.067352674292984,4.755006109862916,0.0030699867641826896
-1.9639850405783352,4.755006109862916,-0.0046770916008773405
-1.8606174068636863,4.755006109862916,-0.018101054793945085
-1.757249773149037,4.755006109862916,-0.03506920687445318
-1.6538821394343879,4.755006109862916,-0.052308736829640406
-1.550514505719738,4.755006109862916,-0.0663062990879733
-1.447146872005089,4.755006109862916,-0.07435646933235611
-1.3437792382904399,4.755006109862916,-0.0754088410807002
-1.2404116045757907,4.755006109862916,-0.07041399179381097
-1.1370439708611417,4.755006109862916,-0.0620277345984927
-1.0336763371464925,4.755006109862916,-0.053748470904223744
-0.9303087034318435,4.755006109862916,-0.048759920267214714
-0.8269410697171936,4.755006109862916,-0.04886111398214548
-0.7235734360025445,4.755006109862916,-0.05384649755387972
-0.6202058022878953,4.755006109862916,-0.06155462562322894
-0.5168381685732463,4.755006109862916,-0.06858140903376705
-0.4134705348585972,4.755006109862916,-0.07142843597817632
-0.31010290114394806,4.755006109862916,-0.06770605344363531
-0.2067352674292982,4.755006109862916,-0.05698749175335288
-0.1033676337146491,4.755006109862916,-0.04102384567256653
0.,4.755006109862916,-0.023242633729257937
0.1033676337146491,4.755006109862916,-0.0076929347452879895
0.2067352674292982,4.755006109862916,0.0022140571083810213
0.31010290114394734,4.755006109862916,0.004752229259512861
0.4134705348585964,4.755006109862916,0.0003716574693291919
0.5168381685732455,4.755006109862916,-0.008521440798302726
0.6202058022878947,4.755006109862916,-0.018411183547876485
0.7235734360025438,4.755006109862916,-0.025851405458802275
0.8269410697171944,4.755006109862916,-0.02857748788019309
0.9303087034318435,4.755006109862916,-0.02618055956928852
1.0336763371464925,4.755006109862916,-0.020129663821732677
1.1370439708611417,4.755006109862916,-0.01315352589412056
1.2404116045757907,4.755006109862916,-0.008211462534841776
1.3437792382904399,4.755006109862916,-0.007418071741380635
1.447146872005089,4.755006109862916,-0.011293564667622451
1.550514505719738,4.755006109862916,-0.01859076770233968
1.6538821394343872,4.755006109862916,-0.026745091914772742
1.7572497731490362,4.755006109862916,-0.03277766056153871
1.8606174068636854,4.755006109862916,-0.03432948694704715
1.9639850405783346,4.755006109862916,-0.030467646753877666
2.0673526742929837,4.755006109862916,-0.021993024528484617
2.1707203080076343,4.755006109862916,-0.011159451919251518
2.2740879417222835,4.755006109862916,-0.0009204173332030043
2.3774555754369326,4.755006109862916,0.006021285515873897
2.4808232091515814,4.755006109862916,0.008028581027855511
2.5841908428662306,4.755006109862916,0.004939980066874736
2.6875584765808798,4.755006109862916,-0.00203915454105573
2.790926110295529,4.755006109862916,-0.010886218368654266
2.894293744010178,4.755006109862916,-0.019518646346413752
2.997661377724827,4.755006109862916,-0.026462112035072562
3.101029011439476,4.755006109862916,-0.03118288122232581
3.2043966451541253,4.755006109862916,-0.033980381749880155
3.3077642788687744,4.755006109862916,-0.035516508011180885
3.411131912583425,4.755006109862916,-0.03620698487602522
3.514499546298074,4.755006109862916,-0.03575959473430608
3.6178671800127233,4.755006109862916,-0.03308973772148447
3.7212348137273725,4.755006109862916,-0.026693944767484584
3.8246024474420213,4.755006109862916,-0.015371634331700749
3.9279700811566705,4.755006109862916,0.0009732916253116696
4.031337714871319,4.755006109862916,0.020783638400299197
4.134705348585968,4.755006109862916,0.04082525624712898
4.238072982300618,4.755006109862916,0.05679110846402345
4.341440616015267,4.755006109862916,0.06441246030970205
4.444808249729916,4.755006109862916,0.060758315790148336
4.548175883444565,4.755006109862916,0.04530405866842263
4.651543517159214,4.755006109862916,0.020389766361985636
4.754911150873865,4.755006109862916,-0.009138047578760647
4.858278784588514,4.755006109862916,-0.037053427499008744
4.961646418303163,4.755006109862916,-0.05734706745059601
5.065014052017812,4.755006109862916,-0.06582754823793678
5.168381685732461,4.755006109862916,-0.06124497135451071
5.27174931944711,4.755006109862916,-0.04559126748972792
5.3751169531617595,4.755006109862916,-0.023482412812030073
5.478484586876409,4.755006109862916,-0.0008119534195546071
5.581852220591058,4.755006109862916,0.0169101053634829
5.685219854305707,4.755006109862916,0.026027388724181415
5.788587488020356,4.755006109862916,0.02558151837291324
5.8919551217350055,4.755006109862916,0.017304998665005056
5.995322755449654,4.755006109862916,0.004813531311088504
6.098690389164305,4.755006109862916,-0.007699081654945095
6.202058022878954,4.755006109862916,-0.016815226693571866
6.305425656593603,4.755006109862916,-0.02085642705577471
6.408793290308252,4.755006109862916,-0.02016819628541211
-6.408793290308252,4.858375807903414,-0.017040743083910955
-6.305425656593603,4.858375807903414,-0.010260111240701461
-6.202058022878954,4.858375807903414,-0.006784324704830802
-6.098690389164304,4.858375807903414,-0.00779935311846476
-5.995322755449655,4.858375807903414,-0.012590486903773186
-5.8919551217350055,4.858375807903414,-0.0189124922756646
-5.788587488020356,4.858375807903414,-0.023912633083371673
-5.685219854305708,4.858375807903414,-0.02526543341804284
-5.581852220591058,4.858375807903414,-0.022108250382629785
-5.478484586876409,4.858375807903414,-0.0154399488001086
-5.3751169531617595,4.858375807903414,-0.007834559844486283
-5.27174931944711,4.858375807903414,-0.002561630512750557
-5.168381685732461,4.858375807903414,-0.002412434258977516
-5.065014052017812,4.858375807903414,-0.008635618100442437
-4.961646418303163,4.858375807903414,-0.020352364095437177
-4.858278784588514,4.858375807903414,-0.034662161447605554
-4.754911150873865,4.858375807903414,-0.047420632373536435
-4.651543517159215,4.858375807903414,-0.05444849294754301
-4.548175883444566,4.858375807903414,-0.05278995466043792
-4.444808249729917,4.858375807903414,-0.041625219781434075
-4.341440616015267,4.858375807903414,-0.02255715811784474
-4.238072982300618,4.858375807903414,0.0008044987408882155
-4.134705348585968,4.858375807903414,0.023816507841238458
-4.031337714871319,4.858375807903414,0.042021491527602484
-3.9279700811566705,4.858375807903414,0.05224261020014597
-3.8246024474420213,4.858375807903414,0.05324526879080548
-3.7212348137273725,4.858375807903414,0.04581458705955304
-3.6178671800127233,4.858375807903414,0.03229121300370173
-3.514499546298074,4.858375807903414,0.01577168783865619
-3.411131912583425,4.858375807903414,-0.0007399162311822095
-3.3077642788687753,4.858375807903414,-0.014965950309437249
-3.204396645154126,4.858375807903414,-0.025622536027697478
-3.101029011439477,4.858375807903414,-0.03231969931196077
-2.9976613777248278,4.858375807903414,-0.03522749717841549
-2.8942937440101786,4.858375807903414,-0.03470897616993721
-2.790926110295529,4.858375807903414,-0.031101280449302087
-2.6875584765808798,4.858375807903414,-0.024732801623252157
-2.5841908428662306,4.858375807903414,-0.016138330976464846
-2.4808232091515814,4.858375807903414,-0.006328832099619557
-2.3774555754369326,4.858375807903414,0.003068126826374109
-2.2740879417222835,4.858375807903414,0.009938865898895958
-2.1707203080076334,4.858375807903414,0.012116229391335595
-2.067352674292984,4.858375807903414,0.008009936181783408
-1.9639850405783352,4.858375807903414,-0.002776268806100435
-1.8606174068636863,4.858375807903414,-0.019083465605698253
-1.757249773149037,4.858375807903414,-0.03827385646065497
-1.6538821394343879,4.858375807903414,-0.05678760816578902
-1.550514505719738,4.858375807903414,-0.07105448905810627
-1.447146872005089,4.858375807903414,-0.07849580803821801
-1.3437792382904399,4.858375807903414,-0.07829644681288928
-1.2404116045757907,4.858375807903414,-0.07167959518424454
-1.1370439708611417,4.858375807903414,-0.061565865144803784
-1.0336763371464925,4.858375807903414,-0.051696625241275496
-0.9303087034318435,4.858375807903414,-0.04548218458874075
-0.8269410697171936,4.858375807903414,-0.04493592268001317
-0.7235734360025445,4.858375807903414,-0.050038419608279386
-0.6202058022878953,4.858375807903414,-0.058743351539677344
-0.5168381685732463,4.858375807903414,-0.06763124911828362
-0.4134705348585972,4.858375807903414,-0.07300599545130698
-0.31010290114394806,4.858375807903414,-0.07208302947385635
-0.2067352674292982,4.858375807903414,-0.06388723282551659
-0.1033676337146491,4.858375807903414,-0.049573547656829885
0.,4.858375807903414,-0.032073041745893184
0.1033676337146491,4.858375807903414,-0.015187885651006816
0.2067352674292982,4.858375807903414,-0.0024365522087669493
0.31010290114394734,4.858375807903414,0.003973713247862833
0.4134705348585964,4.858375807903414,0.0037207440997132604
0.5168381685732455,4.858375807903414,-0.001680532682081425
0.6202058022878947,4.858375807903414,-0.009505300661427412
0.7235734360025438,4.858375807903414,-0.016791578581593972
0.8269410697171944,4.858375807903414,-0.021317791271339284
0.9303087034318435,4.858375807903414,-0.022256216118732314
1.0336763371464925,4.858375807903414,-0.02029695302054292
1.1370439708611417,4.858375807903414,-0.017227431838681934
1.2404116045757907,4.858375807903414,-0.015142233958596405
1.3437792382904399,4.858375807903414,-0.015581354276379926
1.447146872005089,4.858375807903414,-0.018910574989196842
1.550514505719738,4.858375807903414,-0.024162427710017555
1.6538821394343872,4.858375807903414,-0.029386192502149397
1.7572497731490362,4.858375807903414,-0.03237202372851922
1.8606174068636854,4.858375807903414,-0.03148263949459334
1.9639850405783346,4.858375807903414,-0.026291636114552253
2.0673526742929837,4.858375807903414,-0.017800698292242772
2.1707203080076343,4.858375807903414,-0.0081607181467069
2.2740879417222835,4.858375807903414,1.727413061338729e-6
2.3774555754369326,4.858375807903414,0.004414261646491812
2.4808232091515814,4.858375807903414,0.003857479593260973
2.5841908428662306,4.858375807903414,-0.0015006730363271888
2.6875584765808798,4.858375807903414,-0.010232328218919392
2.790926110295529,4.858375807903414,-0.02016967930966322
2.894293744010178,4.858375807903414,-0.02911201435529163
2.997661377724827,4.858375807903414,-0.035457614484584926
3.101029011439476,4.858375807903414,-0.03854046685728981
3.2043966451541253,4.858375807903414,-0.038575136165377465
3.3077642788687744,4.858375807903414,-0.03627008381908673
3.411131912583425,4.858375807903414,-0.03230008045096997
3.514499546298074,4.858375807903414,-0.026881934815315093
3.6178671800127233,4.858375807903414,-0.01965317402439803
3.7212348137273725,4.858375807903414,-0.00992635390326495
3.8246024474420213,4.858375807903414,0.002769959418254094
3.9279700811566705,4.858375807903414,0.01808646177496631
4.031337714871319,4.858375807903414,0.03445986774591102
4.134705348585968,4.858375807903414,0.04915190699223055
4.238072982300618,4.858375807903414,0.05879422320633693
4.341440616015267,4.858375807903414,0.060322859259371295
4.444808249729916,4.858375807903414,0.052021565757820076
4.548175883444565,4.858375807903414,0.034317103459655884
4.651543517159214,4.858375807903414,0.010016190565532154
4.754911150873865,4.858375807903414,-0.016165339686148198
4.858278784588514,4.858375807903414,-0.038704606027649
4.961646418303163,4.858375807903414,-0.05271215619022255
5.065014052017812,4.858375807903414,-0.055286572015749595
5.168381685732461,4.858375807903414,-0.046361284044417375
5.27174931944711,4.858375807903414,-0.028763027297329182
5.3751169531617595,4.858375807903414,-0.0074397922441538705
5.478484586876409,4.858375807903414,0.011924372032526801
5.581852220591058,4.858375807903414,0.02449481754871836
5.685219854305707,4.858375807903414,0.027593074667966896
5.788587488020356,4.858375807903414,0.02133287577547156
5.8919551217350055,4.858375807903414,0.008406102000740132
5.995322755449654,4.858375807903414,-0.006891099651071621
6.098690389164305,4.858375807903414,-0.020063585802656513
6.202058022878954,4.858375807903414,-0.02779647848453569
6.305425656593603,4.858375807903414,-0.02887273942334522
6.408793290308252,4.858375807903414,-0.024356869861268157
-6.408793290308252,4.961745505943912,-0.017952279320516653
-6.305425656593603,4.961745505943912,-0.0087432618423712
-6.202058022878954,4.961745505943912,-0.003414807402114191
-6.098690389164304,4.961745505943912,-0.0033031608207944995
-5.995322755449655,4.961745505943912,-0.007926783375448119
-5.8919551217350055,4.961745505943912,-0.015299555534402978
-5.788587488020356,4.961745505943912,-0.022724617007082372
-5.685219854305708,4.961745505943912,-0.02778440792476177
-5.581852220591058,4.961745505943912,-0.02918742851299973
-5.478484586876409,4.961745505943912,-0.027190401966979135
-5.3751169531617595,4.961745505943912,-0.02346374062370888
-5.27174931944711,4.961745505943912,-0.020456980190700316
-5.168381685732461,4.961745505943912,-0.020486071276374737
-5.065014052017812,4.961745505943912,-0.02485254255659847
-4.961646418303163,4.961745505943912,-0.033288925634359506
-4.858278784588514,4.961745505943912,-0.04391366466040039
-4.754911150873865,4.961745505943912,-0.05371122825757111
-4.651543517159215,4.961745505943912,-0.059385490223266085
-4.548175883444566,4.961745505943912,-0.0583206915540349
-4.444808249729917,4.961745505943912,-0.049358647893796535
-4.341440616015267,4.961745505943912,-0.03316733913944127
-4.238072982300618,4.961745505943912,-0.012108584191210383
-4.134705348585968,4.961745505943912,0.010334748960704687
-4.031337714871319,4.961745505943912,0.030388134310713504
-3.9279700811566705,4.961745505943912,0.04482995672341098
-3.8246024474420213,4.961745505943912,0.05163040674351161
-3.7212348137273725,4.961745505943912,0.050248259337876786
-3.6178671800127233,4.961745505943912,0.04156337923352062
-3.514499546298074,4.961745505943912,0.0275265283670991
-3.411131912583425,4.961745505943912,0.010668863076082277
-3.3077642788687753,4.961745505943912,-0.006382296147035866
-3.204396645154126,4.961745505943912,-0.02127914744385403
-3.101029011439477,4.961745505943912,-0.03218620388929484
-2.9976613777248278,4.961745505943912,-0.03789671919887507
-2.8942937440101786,4.961745505943912,-0.03788892085892469
-2.790926110295529,4.961745505943912,-0.03236834470320956
-2.6875584765808798,4.961745505943912,-0.022303043249637923
-2.5841908428662306,4.961745505943912,-0.009412520628123287
-2.4808232091515814,4.961745505943912,0.003954778766205033
-2.3774555754369326,4.961745505943912,0.01510890022689091
-2.2740879417222835,4.961745505943912,0.021473561301475253
-2.1707203080076334,4.961745505943912,0.021139267030163708
-2.067352674292984,4.961745505943912,0.013379029335434419
-1.9639850405783352,4.961745505943912,-0.0010368079030457467
-1.8606174068636863,4.961745505943912,-0.019862061729433174
-1.757249773149037,4.961745505943912,-0.03978468616912228
-1.6538821394343879,4.961745505943912,-0.05716149665366973
-1.550514505719738,4.961745505943912,-0.06890278884296848
-1.447146872005089,4.961745505943912,-0.07326530751465589
-1.3437792382904399,4.961745505943912,-0.07031731515562624
-1.2404116045757907,4.961745505943912,-0.06192144941992814
-1.1370439708611417,4.961745505943912,-0.05121822073399355
-1.0336763371464925,4.961745505943912,-0.04174379325437668
-0.9303087034318435,4.961745505943912,-0.03643164450316283
-0.8269410697171936,4.961745505943912,-0.03678972202603561
-0.7235734360025445,4.961745505943912,-0.0424967231090232
-0.6202058022878953,4.961745505943912,-0.051536196246891076
-0.5168381685732463,4.961745505943912,-0.06082392124220349
-0.4134705348585972,4.961745505943912,-0.06713424604179401
-0.31010290114394806,4.961745505943912,-0.06804262899233317
-0.2067352674292982,4.961745505943912,-0.0626026056377835
-0.1033676337146491,4.961745505943912,-0.05156459978802413
0.,4.961745505943912,-0.03709146050835951
0.1033676337146491,4.961745505943912,-0.022082679687825065
0.2067352674292982,4.961745505943912,-0.009334968539526489
0.31010290114394734,4.961745505943912,-0.0008050039658404858
0.4134705348585964,4.961745505943912,0.0028089527472060466
0.5168381685732455,4.961745505943912,0.0020665687668544744
0.6202058022878947,4.961745505943912,-0.0015912412462048221
0.7235734360025438,4.961745505943912,-0.006432824398156643
0.8269410697171944,4.961745505943912,-0.011020407624042355
0.9303087034318435,4.961745505943912,-0.014590612133891427
1.0336763371464925,4.961745505943912,-0.01712165735117003
1.1370439708611417,4.961745505943912,-0.01910006371279272
1.2404116045757907,4.961745505943912,-0.021109826422163348
1.3437792382904399,4.961745505943912,-0.023426225308830706
1.447146872005089,4.961745505943912,-0.025785050030914674
1.550514505719738,4.961745505943912,-0.02742250861225945
1.6538821394343872,4.961745505943912,-0.027371094573939183
1.7572497731490362,4.961745505943912,-0.024893897782017584
1.8606174068636854,4.961745505943912,-0.019882647825131092
1.9639850405783346,4.961745505943912,-0.013054313619816337
2.0673526742929837,4.961745505943912,-0.00585366471906276
2.1707203080076343,4.961745505943912,-0.00007783832080287764
2.2740879417222835,4.961745505943912,0.0026566427524567396
2.3774555754369326,4.961745505943912,0.0014225626862094595
2.4808232091515814,4.961745505943912,-0.003710810632110706
2.5841908428662306,4.961745505943912,-0.0116799357221225
2.6875584765808798,4.961745505943912,-0.020737498446044278
2.790926110295529,4.961745505943912,-0.02896138853505216
2.894293744010178,4.961745505943912,-0.034783845271630684
2.997661377724827,4.961745505943912,-0.037359550248907206
3.101029011439476,4.961745505943912,-0.03665531874203566
3.2043966451541253,4.961745505943912,-0.03325107537738534
3.3077642788687744,4.961745505943912,-0.02795197491116851
3.411131912583425,4.961745505943912,-0.021383073994475692
3.514499546298074,4.961745505943912,-0.01374290302911962
3.6178671800127233,4.961745505943912,-0.004827221163116169
3.7212348137273725,4.961745505943912,0.0056777570188099235
3.8246024474420213,4.961745505943912,0.01775055851041522
3.9279700811566705,4.961745505943912,0.030632907700300808
4.031337714871319,4.961745505943912,0.04267066073813707
4.134705348585968,4.961745505943912,0.051521664638974396
4.238072982300618,4.961745505943912,0.05472379287632138
4.341440616015267,4.961745505943912,0.05047393399739895
4.444808249729916,4.961745505943912,0.0383671279662566
4.548175883444565,4.961745505943912,0.01982499439057986
4.651543517159214,4.961745505943912,-0.001982058599568015
4.754911150873865,4.961745505943912,-0.02276288080663642
4.858278784588514,4.961745505943912,-0.03814760121591711
4.961646418303163,4.961745505943912,-0.044858326429042486
5.065014052017812,4.961745505943912,-0.04165821489102082
5.168381685732461,4.961745505943912,-0.029774431874279295
5.27174931944711,4.961745505943912,-0.012637747041826387
5.3751169531617595,4.961745505943912,0.00501348503306479
5.478484586876409,4.961745505943912,0.01841908176102186
5.581852220591058,4.961745505943912,0.024099771377274537
5.685219854305707,4.961745505943912,0.020791382173260722
5.788587488020356,4.961745505943912,0.009732836422548486
5.8919551217350055,4.961745505943912,-0.005773711707665214
5.995322755449654,4.961745505943912,-0.021389736126851223
6.098690389164305,4.961745505943912,-0.03303498565337602
6.202058022878954,4.961745505943912,-0.03805328328031432
6.305425656593603,4.961745505943912,-0.035900572249502445
6.408793290308252,4.961745505943912,-0.028162940446424218
-6.408793290308252,5.065115203984412,-0.018385320067033566
-6.305425656593603,5.065115203984412,-0.008180826394235155
-6.202058022878954,5.065115203984412,-0.0015079851438052053
-6.098690389164304,5.065115203984412,0.0004710071433521345
-5.995322755449655,5.065115203984412,-0.0021116054883577053
-5.8919551217350055,5.065115203984412,-0.00805543612318013
-5.788587488020356,5.065115203984412,-0.015585552540325542
-5.685219854305708,5.065115203984412,-0.02294043718428989
-5.581852220591058,5.065115203984412,-0.028871818214355055
-5.478484586876409,5.065115203984412,-0.032919244874653246
-5.3751169531617595,5.065115203984412,-0.03540352625757805
-5.27174931944711,5.065115203984412,-0.03717226125765699
-5.168381685732461,5.065115203984412,-0.03920025742724812
-5.065014052017812,5.065115203984412,-0.04217931443382151
-4.961646418303163,5.065115203984412,-0.04622096777398734
-4.858278784588514,5.065115203984412,-0.05075109423788307
-4.754911150873865,5.065115203984412,-0.05461437238592995
-4.651543517159215,5.065115203984412,-0.05634911896027161
-4.548175883444566,5.065115203984412,-0.054554207200235516
-4.444808249729917,5.065115203984412,-0.048256432034214126
-4.341440616015267,5.065115203984412,-0.03719678613034641
-4.238072982300618,5.065115203984412,-0.021979471415449203
-4.134705348585968,5.065115203984412,-0.004058119461192568
-4.031337714871319,5.065115203984412,0.014438099130826724
-3.9279700811566705,5.065115203984412,0.031013386299567906
-3.8246024474420213,5.065115203984412,0.04320692277412046
-3.7212348137273725,5.065115203984412,0.04903056979197554
-3.6178671800127233,5.065115203984412,0.04737393874410122
-3.514499546298074,5.065115203984412,0.0383006278970559
-3.411131912583425,5.065115203984412,0.02316221532614383
-3.3077642788687753,5.065115203984412,0.004475847053320477
-3.204396645154126,5.065115203984412,-0.014450035990459553
-3.101029011439477,5.065115203984412,-0.030102681542966452
-2.9976613777248278,5.065115203984412,-0.039466316848313525
-2.8942937440101786,5.065115203984412,-0.04069237131520025
-2.790926110295529,5.065115203984412,-0.03357617377204893
-2.6875584765808798,5.065115203984412,-0.019702353468081517
-2.5841908428662306,5.065115203984412,-0.002188247028161333
-2.4808232091515814,5.065115203984412,0.0149489248460539
-2.3774555754369326,5.065115203984412,0.027673948634634193
-2.2740879417222835,5.065115203984412,0.032860488080189744
-2.1707203080076334,5.065115203984412,0.02903172597194796
-2.067352674292984,5.065115203984412,0.01671886263736132
-1.9639850405783352,5.065115203984412,-0.0016661468940472018
-1.8606174068636863,5.065115203984412,-0.022421130395029125
-1.757249773149037,5.065115203984412,-0.041460053307084764
-1.6538821394343879,5.065115203984412,-0.05530033271612674
-1.550514505719738,5.065115203984412,-0.06187304915981049
-1.447146872005089,5.065115203984412,-0.060947129440264126
-1.3437792382904399,5.065115203984412,-0.054066591816154086
-1.2404116045757907,5.065115203984412,-0.04403548094058359
-1.1370439708611417,5.065115203984412,-0.03410835451822133
-1.0336763371464925,5.065115203984412,-0.027119132270476128
-0.9303087034318435,5.065115203984412,-0.024786801356023864
-0.8269410697171936,5.065115203984412,-0.02737333477923566
-0.7235734360025445,5.065115203984412,-0.03375864778794656
-0.6202058022878953,5.065115203984412,-0.04187475779481756
-0.5168381685732463,5.065115203984412,-0.049344153084823955
-0.4134705348585972,5.065115203984412,-0.054123695716571094
-0.31010290114394806,5.065115203984412,-0.05497493880167791
-0.2067352674292982,5.065115203984412,-0.05165367307871204
-0.1033676337146491,5.065115203984412,-0.044808845634668915
0.,5.065115203984412,-0.035670269433360526
0.1033676337146491,5.065115203984412,-0.02565733695696419
0.2067352674292982,5.065115203984412,-0.016043180617181893
0.31010290114394734,5.065115203984412,-0.007764693672796147
0.4134705348585964,5.065115203984412,-0.0013987498506057698
0.5168381685732455,5.065115203984412,0.002743019388087539
0.6202058022878947,5.065115203984412,0.004488850672156838
0.7235734360025438,5.065115203984412,0.0037377676943644435
0.8269410697171944,5.065115203984412,0.000494025719203161
0.9303087034318435,5.065115203984412,-0.005008069609240349
1.0336763371464925,5.065115203984412,-0.012157356728425996
1.1370439708611417,5.065115203984412,-0.019891613325644503
1.2404116045757907,5.065115203984412,-0.026775060329121747
1.3437792382904399,5.065115203984412,-0.03125323147331429
1.447146872005089,5.065115203984412,-0.03203851504626051
1.550514505719738,5.065115203984412,-0.028516070391278098
1.6538821394343872,5.065115203984412,-0.021030977843185715
1.7572497731490362,5.065115203984412,-0.010937855883633229
1.8606174068636854,5.065115203984412,-0.0003606867457788517
1.9639850405783346,5.065115203984412,0.00829715182105909
2.0673526742929837,5.065115203984412,0.012965738634786795
2.1707203080076343,5.065115203984412,0.01246693296109461
2.2740879417222835,5.065115203984412,0.0068465549685438444
2.3774555754369326,5.065115203984412,-0.0026279638771691026
2.4808232091515814,5.065115203984412,-0.013810999762401428
2.5841908428662306,5.065115203984412,-0.02426223808883009
2.6875584765808798,5.065115203984412,-0.031892151871457705
2.790926110295529,5.065115203984412,-0.03547144208499848
2.894293744010178,5.065115203984412,-0.03485169065451186
2.997661377724827,5.065115203984412,-0.030840777957155525
3.101029011439476,5.065115203984412,-0.024792033172365533
3.2043966451541253,5.065115203984412,-0.018061507374848632
3.3077642788687744,5.065115203984412,-0.01153021439633572
3.411131912583425,5.065115203984412,-0.00536234825218783
3.514499546298074,5.065115203984412,0.0009156547912370999
3.6178671800127233,5.065115203984412,0.008047747005241074
3.7212348137273725,5.065115203984412,0.016533277483854508
3.8246024474420213,5.065115203984412,0.02616567767996161
3.9279700811566705,5.065115203984412,0.035816443187960824
4.031337714871319,5.065115203984412,0.04357702715316883
4.134705348585968,5.065115203984412,0.04724792144533055
4.238072982300618,5.065115203984412,0.0450376054540784
4.341440616015267,5.065115203984412,0.0362477764380366
4.444808249729916,5.065115203984412,0.02170669867304766
4.548175883444565,5.065115203984412,0.003777824371491255
4.651543517159214,5.065115203984412,-0.014102273759595628
4.754911150873865,5.065115203984412,-0.02825356371470119
4.858278784588514,5.065115203984412,-0.03572341341121166
4.961646418303163,5.065115203984412,-0.0351155472547349
5.065014052017812,5.065115203984412,-0.02702415913798655
5.168381685732461,5.065115203984412,-0.013930039666239596
5.27174931944711,5.065115203984412,0.00042773298411623355
5.3751169531617595,5.065115203984412,0.012035408482760027
5.478484586876409,5.065115203984412,0.017667926462519218
5.581852220591058,5.065115203984412,0.015732029650615115
5.685219854305707,5.065115203984412,0.006654011911175094
5.788587488020356,5.065115203984412,-0.007289137299840069
5.8919551217350055,5.065115203984412,-0.022634839618871392
5.995322755449654,5.065115203984412,-0.035695678349976175
6.098690389164305,5.065115203984412,-0.04353768511107082
6.202058022878954,5.065115203984412,-0.044704460047299575
6.305425656593603,5.065115203984412,-0.03950069541327719
6.408793290308252,5.065115203984412,-0.029784054263542248
-6.408793290308252,5.16848490202491,-0.01709168080174983
-6.305425656593603,5.16848490202491,-0.00760655724559444
-6.202058022878954,5.16848490202491,-0.0006622840101329037
-6.098690389164304,5.16848490202491,0.003099799072605825
-5.995322755449655,5.16848490202491,0.0035204640437449123
-5.8919551217350055,5.16848490202491,0.0007726351739659643
-5.788587488020356,5.16848490202491,-0.004751735011739995
-5.685219854305708,5.16848490202491,-0.012481807810241656
-5.581852220591058,5.16848490202491,-0.021655895097647405
-5.478484586876409,5.16848490202491,-0.031316962557247474
-5.3751169531617595,5.16848490202491,-0.04037744380994219
-5.27174931944711,5.16848490202491,-0.04778005452121066
-5.168381685732461,5.16848490202491,-0.05272511409556411
-5.065014052017812,5.16848490202491,-0.05488451716053986
-4.961646418303163,5.16848490202491,-0.054503760761728436
-4.858278784588514,5.16848490202491,-0.05231973511095293
-4.754911150873865,5.16848490202491,-0.049287689414921024
-4.651543517159215,5.16848490202491,-0.046192172441137276
-4.548175883444566,5.16848490202491,-0.0432805393355348
-4.444808249729917,5.16848490202491,-0.040073997384850464
-4.341440616015267,5.16848490202491,-0.035466380726275774
-4.238072982300618,5.16848490202491,-0.0281243522208185
-4.134705348585968,5.16848490202491,-0.01708573546694408
-4.031337714871319,5.16848490202491,-0.0023580655746433393
-3.9279700811566705,5.16848490202491,0.01471362913708503
-3.8246024474420213,5.16848490202491,0.03149215964265179
-3.7212348137273725,5.16848490202491,0.04456674099773431
-3.6178671800127233,5.16848490202491,0.05064509772379213
-3.514499546298074,5.16848490202491,0.04757516838188669
-3.411131912583425,5.16848490202491,0.03517631351410792
-3.3077642788687753,5.16848490202491,0.015585013741669443
-3.204396645154126,5.16848490202491,-0.007053030865879123
-3.101029011439477,5.16848490202491,-0.027518154392628957
-2.9976613777248278,5.16848490202491,-0.0408512007791564
-2.8942937440101786,5.16848490202491,-0.04371597523502931
-2.790926110295529,5.16848490202491,-0.03538468297094494
-2.6875584765808798,5.16848490202491,-0.01803402700550747
-2.5841908428662306,5.16848490202491,0.003765074643693956
-2.4808232091515814,5.16848490202491,0.024241579715726415
-2.3774555754369326,5.16848490202491,0.037970457921147976
-2.2740879417222835,5.16848490202491,0.041327398817625524
-2.1707203080076334,5.16848490202491,0.03343156009956139
-2.067352674292984,5.16848490202491,0.016307973905565532
-1.9639850405783352,5.16848490202491,-0.0057643311836181165
-1.8606174068636863,5.16848490202491,-0.027509211196189612
-1.757249773149037,5.16848490202491,-0.044130321874338796
-1.6538821394343879,5.16848490202491,-0.052569258309809984
-1.550514505719738,5.16848490202491,-0.052188837878272505
-1.447146872005089,5.16848490202491,-0.044715408290686175
-1.3437792382904399,5.16848490202491,-0.033507991416775545
-1.2404116045757907,5.16848490202491,-0.022424023881502414
-1.1370439708611417,5.16848490202491,-0.014658007498120034
-1.0336763371464925,5.16848490202491,-0.011910284582563331
-0.9303087034318435,5.16848490202491,-0.01411051185523071
-0.8269410697171936,5.16848490202491,-0.019723474103615364
-0.7235734360025445,5.16848490202491,-0.02647241709832781
-0.6202058022878953,5.16848490202491,-0.03219150466481651
-0.5168381685732463,5.16848490202491,-0.03550257241375237
-0.4134705348585972,5.16848490202491,-0.03610183767106252
-0.31010290114394806,5.16848490202491,-0.03460220033268365
-0.2067352674292982,5.16848490202491,-0.032045778583923955
-0.1033676337146491,5.16848490202491,-0.02931783825005069
0.,5.16848490202491,-0.026716597622843986
0.1033676337146491,5.16848490202491,-0.023857805161983447
0.2067352674292982,5.16848490202491,-0.019949240033073554
0.31010290114394734,5.16848490202491,-0.014313975125079119
0.4134705348585964,5.16848490202491,-0.006932354685883426
0.5168381685732455,5.16848490202491,0.0012464441411354798
0.6202058022878947,5.16848490202491,0.008392532420515516
0.7235734360025438,5.16848490202491,0.012301330752844602
0.8269410697171944,5.16848490202491,0.011168466866871583
0.9303087034318435,5.16848490202491,0.004363672246110554
1.0336763371464925,5.16848490202491,-0.007093162222062907
1.1370439708611417,5.16848490202491,-0.020568883575108804
1.2404116045757907,5.16848490202491,-0.032415747516489124
1.3437792382904399,5.16848490202491,-0.03898533012335397
1.447146872005089,5.16848490202491,-0.03775474410321774
1.550514505719738,5.16848490202491,-0.028201587447243548
1.6538821394343872,5.16848490202491,-0.012124542818555791
1.7572497731490362,5.16848490202491,0.006727623764834209
1.8606174068636854,5.16848490202491,0.023637229407742655
1.9639850405783346,5.16848490202491,0.03422796638408812
2.0673526742929837,5.16848490202491,0.03570992150726749
2.1707203080076343,5.16848490202491,0.027677245396492793
2.2740879417222835,5.16848490202491,0.012212338436661863
2.3774555754369326,5.16848490202491,-0.006733330147877569
2.4808232091515814,5.16848490202491,-0.024485437983401855
2.5841908428662306,5.16848490202491,-0.03696143607759437
2.6875584765808798,5.16848490202491,-0.04174929168982502
2.790926110295529,5.16848490202491,-0.038630898677689623
2.894293744010178,5.16848490202491,-0.0294166590893073
2.997661377724827,5.16848490202491,-0.017182190411732124
3.101029011439476,5.16848490202491,-0.005186483262841068
3.2043966451541253,5.16848490202491,0.0041583196808054656
3.3077642788687744,5.16848490202491,0.009929895622100865
3.411131912583425,5.16848490202491,0.012761154389785128
3.514499546298074,5.16848490202491,0.014342335285932276
3.6178671800127233,5.16848490202491,0.016567321975268504
3.7212348137273725,5.16848490202491,0.020648418537400258
3.8246024474420213,5.16848490202491,0.02652585403528127
3.9279700811566705,5.16848490202491,0.032787208516508536
4.031337714871319,5.16848490202491,0.037127862849545536
4.134705348585968,5.16848490202491,0.03719079213058082
4.238072982300618,5.16848490202491,0.031488845611734005
4.341440616015267,5.16848490202491,0.020080781930138854
4.444808249729916,5.16848490202491,0.004753655189513291
4.548175883444565,5.16848490202491,-0.011370001328123944
4.651543517159214,5.16848490202491,-0.02468825910573786
4.754911150873865,5.16848490202491,-0.03217145499675893
4.858278784588514,5.16848490202491,-0.0322753552344087
4.961646418303163,5.16848490202491,-0.025425566183687992
5.065014052017812,5.16848490202491,-0.01392066222934104
5.168381685732461,5.16848490202491,-0.0012861062051274523
5.27174931944711,5.16848490202491,0.008718714084346432
5.3751169531617595,5.16848490202491,0.013136733123828757
5.478484586876409,5.16848490202491,0.010586908292834197
5.581852220591058,5.16848490202491,0.001562851487748927
5.685219854305707,5.16848490202491,-0.01180178946913492
5.788587488020356,5.16848490202491,-0.026396618168440175
5.8919551217350055,5.16848490202491,-0.039003003132170304
5.995322755449654,5.16848490202491,-0.04710406293106295
6.098690389164305,5.16848490202491,-0.04941709521100174
6.202058022878954,5.16848490202491,-0.04603720407562731
6.305425656593603,5.16848490202491,-0.03821069682669565
6.408793290308252,5.16848490202491,-0.027864003138091554
-6.408793290308252,5.271854600065408,-0.013112336666070465
-6.305425656593603,5.271854600065408,-0.0057245430110339016
-6.202058022878954,5.271854600065408,0.00021463708965758417
-6.098690389164304,5.271854600065408,0.004824894159867681
-5.995322755449655,5.271854600065408,0.007875955332229035
-5.8919551217350055,5.271854600065408,0.008665458988822225
-5.788587488020356,5.271854600065408,0.00623998106058733
-5.685219854305708,5.271854600065408,-0.00012548177048529429
-5.581852220591058,5.271854600065408,-0.010400443391549512
-5.478484586876409,5.271854600065408,-0.023475233468223222
-5.3751169531617595,5.271854600065408,-0.037226179844732345
-5.27174931944711,5.271854600065408,-0.04900649354657815
-5.168381685732461,5.271854600065408,-0.05642416446387536
-5.065014052017812,5.271854600065408,-0.05813525183743411
-4.961646418303163,5.271854600065408,-0.054346519121182976
-4.858278784588514,5.271854600065408,-0.04680556561354838
-4.754911150873865,5.271854600065408,-0.038234534662373906
-4.651543517159215,5.271854600065408,-0.03137263774097004
-4.548175883444566,5.271854600065408,-0.027955051428029256
-4.444808249729917,5.271854600065408,-0.028006334983173953
-4.341440616015267,5.271854600065408,-0.029738736362691007
-4.238072982300618,5.271854600065408,-0.03014310279973175
-4.134705348585968,5.271854600065408,-0.02611008505637629
-4.031337714871319,5.271854600065408,-0.01571079962587084
-3.9279700811566705,5.271854600065408,0.0008220972089387212
-3.8246024474420213,5.271854600065408,0.02080028208223508
-3.7212348137273725,5.271854600065408,0.03964423028539549
-3.6178671800127233,5.271854600065408,0.05218646756073675
-3.514499546298074,5.271854600065408,0.05432536731394868
-3.411131912583425,5.271854600065408,0.04449140824437223
-3.3077642788687753,5.271854600065408,0.024415092118213452
-3.204396645154126,5.271854600065408,-0.00111039591110288
-3.101029011439477,5.271854600065408,-0.02545992281633329
-2.9976613777248278,5.271854600065408,-0.04205868891135656
-2.8942937440101786,5.271854600065408,-0.046344307762339415
-2.790926110295529,5.271854600065408,-0.03718804977148826
-2.6875584765808798,5.271854600065408,-0.01730874128246028
-2.5841908428662306,5.271854600065408,0.007475926767180505
-2.4808232091515814,5.271854600065408,0.029947216325037947
-2.3774555754369326,5.271854600065408,0.043613442395522284
-2.2740879417222835,5.271854600065408,0.04460890485383247
-2.1707203080076334,5.271854600065408,0.0327760566604068
-2.067352674292984,5.271854600065408,0.011605024621752667
-1.9639850405783352,5.271854600065408,-0.012929609228462919
-1.8606174068636863,5.271854600065408,-0.034245363449685116
-1.757249773149037,5.271854600065408,-0.047133757523912266
-1.6538821394343879,5.271854600065408,-0.049222242226015914
-1.550514505719738,5.271854600065408,-0.041477473013358364
-1.447146872005089,5.271854600065408,-0.02763638465464425
-1.3437792382904399,5.271854600065408,-0.012804338152104128
-1.2404116045757907,5.271854600065408,-0.0017218041421122093
-1.1370439708611417,5.271854600065408,0.0027129030434610945
-1.0336763371464925,5.271854600065408,0.0001915527468101789
-0.9303087034318435,5.271854600065408,-0.007188754045672971
-0.8269410697171936,5.271854600065408,-0.015917552883572755
-0.7235734360025445,5.271854600065408,-0.02247203424016961
-0.6202058022878953,5.271854600065408,-0.024605337990181542
-0.5168381685732463,5.271854600065408,-0.02206490429000951
-0.4134705348585972,5.271854600065408,-0.01650871029194042
-0.31010290114394806,5.271854600065408,-0.010689015009172083
-0.2067352674292982,5.271854600065408,-0.007242155538160488
-0.1033676337146491,5.271854600065408,-0.007562566562227935
0.,5.271854600065408,-0.011200433900364754
0.1033676337146491,5.271854600065408,-0.016020663683556882
0.2067352674292982,5.271854600065408,-0.0190703462508156
0.31010290114394734,5.271854600065408,-0.017828966050787726
0.4134705348585964,5.271854600065408,-0.01136068746677796
0.5168381685732455,5.271854600065408,-0.0009095909077694947
0.6202058022878947,5.271854600065408,0.010328039247249893
0.7235734360025438,5.271854600065408,0.01822228260440356
0.8269410697171944,5.271854600065408,0.01919000827366312
0.9303087034318435,5.271854600065408,0.011619868225825902
1.0336763371464925,5.271854600065408,-0.003284134120893748
1.1370439708611417,5.271854600065408,-0.021586950783200987
1.2404116045757907,5.271854600065408,-0.037671110374321165
1.3437792382904399,5.271854600065408,-0.04595064224982062
1.447146872005089,5.271854600065408,-0.04270672924453708
1.550514505719738,5.271854600065408,-0.027435108805011637
1.6538821394343872,5.271854600065408,-0.0032344865263390825
1.7572497731490362,5.271854600065408,0.0239325158616457
1.8606174068636854,5.271854600065408,0.046908095793836174
1.9639850405783346,5.271854600065408,0.059431769155333845
2.0673526742929837,5.271854600065408,0.05800452395110146
2.1707203080076343,5.271854600065408,0.0429384244944225
2.2740879417222835,5.271854600065408,0.01826274850113746
2.3774555754369326,5.271854600065408,-0.009478288250607654
2.4808232091515814,5.271854600065408,-0.03315059005918559
2.5841908428662306,5.271854600065408,-0.04707019622426892
2.6875584765808798,5.271854600065408,-0.04852793638455841
2.790926110295529,5.271854600065408,-0.038349789947924824
2.894293744010178,5.271854600065408,-0.020365673233837155
2.997661377724827,5.271854600065408,-0.000012278062470323299
3.101029011439476,5.271854600065408,0.01743740152356881
3.2043966451541253,5.271854600065408,0.028429789786644025
3.3077642788687744,5.271854600065408,0.03198586457509586
3.411131912583425,5.271854600065408,0.029628774701545003
3.514499546298074,5.271854600065408,0.02448000404963581
3.6178671800127233,5.271854600065408,0.01989580988959407
3.7212348137273725,5.271854600065408,0.018152118898954187
3.8246024474420213,5.271854600065408,0.019641845733665442
3.9279700811566705,5.271854600065408,0.022845477937418854
4.031337714871319,5.271854600065408,0.02504955305104938
4.134705348585968,5.271854600065408,0.023520579707580577
4.238072982300618,5.271854600065408,0.016686645995146323
4.341440616015267,5.271854600065408,0.00488657030865076
4.444808249729916,5.271854600065408,-0.00959002611834057
4.548175883444565,5.271854600065408,-0.023190169602034082
4.651543517159214,5.271854600065408,-0.032270939560016226
4.754911150873865,5.271854600065408,-0.03434663674565303
4.858278784588514,5.271854600065408,-0.028974113454841938
4.961646418303163,5.271854600065408,-0.01796952699131794
5.065014052017812,5.271854600065408,-0.004882721689109893
5.168381685732461,5.271854600065408,0.006090789971990281
5.27174931944711,5.271854600065408,0.011394028078623369
5.3751169531617595,5.271854600065408,0.009166384527318362
5.478484586876409,5.271854600065408,-0.00025845807502097596
5.581852220591058,5.271854600065408,-0.014549430374057044
5.685219854305707,5.271854600065408,-0.03016896196912098
5.788587488020356,5.271854600065408,-0.043467010739932706
5.8919551217350055,5.271854600065408,-0.051706704494933586
5.995322755449654,5.271854600065408,-0.053701174101684256
6.098690389164305,5.271854600065408,-0.049899039432673896
6.202058022878954,5.271854600065408,-0.04195883559720319
6.305425656593603,5.271854600065408,-0.032025438990489624
6.408793290308252,5.271854600065408,-0.02200374655915215
-6.408793290308252,5.375224298105906,-0.006185455732496508
-6.305425656593603,5.375224298105906,-0.0014414622454926682
-6.202058022878954,5.375224298105906,0.0024503911786215643
-6.098690389164304,5.375224298105906,0.006397828354988676
-5.995322755449655,5.375224298105906,0.010408503222299022
-5.8919551217350055,5.375224298105906,0.01342678221287399
-5.788587488020356,5.375224298105906,0.013721314487798456
-5.685219854305708,5.375224298105906,0.009673844782731257
-5.581852220591058,5.375224298105906,0.0006440831420624124
-5.478484586876409,5.375224298105906,-0.012463138846341273
-5.3751169531617595,5.375224298105906,-0.027201344854420953
-5.27174931944711,5.375224298105906,-0.040214172102144986
-5.168381685732461,5.375224298105906,-0.04830358499359348
-5.065014052017812,5.375224298105906,-0.04955498483125542
-4.961646418303163,5.375224298105906,-0.04408929891285217
-4.858278784588514,5.375224298105906,-0.03412518878710136
-4.754911150873865,5.375224298105906,-0.023275954442252066
-4.651543517159215,5.375224298105906,-0.015290447357392148
-4.548175883444566,5.375224298105906,-0.012670220674730356
-4.444808249729917,5.375224298105906,-0.01566949291934012
-4.341440616015267,5.375224298105906,-0.022074804339282755
-4.238072982300618,5.375224298105906,-0.02789842376852231
-4.134705348585968,5.375224298105906,-0.028792241916864223
-4.031337714871319,5.375224298105906,-0.021713311126374153
-3.9279700811566705,5.375224298105906,-0.006251057041223601
-3.8246024474420213,5.375224298105906,0.014889064494615327
-3.7212348137273725,5.375224298105906,0.03648039424133916
-3.6178671800127233,5.375224298105906,0.05231501174654889
-3.514499546298074,5.375224298105906,0.05721515384673129
-3.411131912583425,5.375224298105906,0.04885135652122857
-3.3077642788687753,5.375224298105906,0.02873385615151177
-3.204396645154126,5.375224298105906,0.0019954800356908825
-3.101029011439477,5.375224298105906,-0.02402254575152208
-2.9976613777248278,5.375224298105906,-0.04196627229102876
-2.8942937440101786,5.375224298105906,-0.046753641555029445
-2.790926110295529,5.375224298105906,-0.0372039369138564
-2.6875584765808798,5.375224298105906,-0.01646510213662305
-2.5841908428662306,5.375224298105906,0.008923409053219962
-2.4808232091515814,5.375224298105906,0.031048728039627438
-2.3774555754369326,5.375224298105906,0.04308215234547406
-2.2740879417222835,5.375224298105906,0.041386123984895204
-2.1707203080076334,5.375224298105906,0.026592996025619254
-2.067352674292984,5.375224298105906,0.0033154453751567266
-1.9639850405783352,5.375224298105906,-0.021401576068243545
-1.8606174068636863,5.375224298105906,-0.04036571474939338
-1.757249773149037,5.375224298105906,-0.048501870244775466
-1.6538821394343879,5.375224298105906,-0.0443587112319595
-1.550514505719738,5.375224298105906,-0.030384460870187313
-1.447146872005089,5.375224298105906,-0.011919045334012125
-1.3437792382904399,5.375224298105906,0.004719984670884912
-1.2404116045757907,5.375224298105906,0.01438558577908965
-1.1370439708611417,5.375224298105906,0.01475052039609542
-1.0336763371464925,5.375224298105906,0.00691554164263642
-0.9303087034318435,5.375224298105906,-0.005193225889544115
-0.8269410697171936,5.375224298105906,-0.016384184047839985
-0.7235734360025445,5.375224298105906,-0.022137489949366148
-0.6202058022878953,5.375224298105906,-0.020222223634605154
-0.5168381685732463,5.375224298105906,-0.011425787097938152
-0.4134705348585972,5.375224298105906,0.000844053056127491
-0.31010290114394806,5.375224298105906,0.011915478990063883
-0.2067352674292982,5.375224298105906,0.017654724081155287
-0.1033676337146491,5.375224298105906,0.01604458733742184
0.,5.375224298105906,0.007955074579857325
0.1033676337146491,5.375224298105906,-0.0031819458300185953
0.2067352674292982,5.375224298105906,-0.012680834798424903
0.31010290114394734,5.375224298105906,-0.016416894540868237
0.4134705348585964,5.375224298105906,-0.01247778016206755
0.5168381685732455,5.375224298105906,-0.0020282971998090583
0.6202058022878947,5.375224298105906,0.010961372392123631
0.7235734360025438,5.375224298105906,0.021068313569972852
0.8269410697171944,5.375224298105906,0.023399334156537308
0.9303087034318435,5.375224298105906,0.015508097156332355
1.0336763371464925,5.375224298105906,-0.0014513100569365067
1.1370439708611417,5.375224298105906,-0.022788391677954014
1.2404116045757907,5.375224298105906,-0.041600571397506676
1.3437792382904399,5.375224298105906,-0.050962076812545505
1.447146872005089,5.375224298105906,-0.04626756761178303
1.550514505719738,5.375224298105906,-0.026942003058400745
1.6538821394343872,5.375224298105906,0.003083547024739979
1.7572497731490362,5.375224298105906,0.03633481823215901
1.8606174068636854,5.375224298105906,0.06392850216338533
1.9639850405783346,5.375224298105906,0.07821950905115088
2.0673526742929837,5.375224298105906,0.07512573067599543
2.1707203080076343,5.375224298105906,0.055390772861520124
2.2740879417222835,5.375224298105906,0.02438353910262372
2.3774555754369326,5.375224298105906,-0.009497929985145615
2.4808232091515814,5.375224298105906,-0.03730742025625176
2.5841908428662306,5.375224298105906,-0.052132397181053766
2.6875584765808798,5.375224298105906,-0.0509777224729388
2.790926110295529,5.375224298105906,-0.03539539160603798
2.894293744010178,5.375224298105906,-0.010720614584182298
2.997661377724827,5.375224298105906,0.015777300446686033
3.101029011439476,5.375224298105906,0.037189008905422774
3.2043966451541253,5.375224298105906,0.04895408634615245
3.3077642788687744,5.375224298105906,0.0499354762070755
3.411131912583425,5.375224298105906,0.042304773789494134
3.514499546298074,5.375224298105906,0.03037279548475998
3.6178671800127233,5.375224298105906,0.018842652045279743
3.7212348137273725,5.375224298105906,0.011125869151675603
3.8246024474420213,5.375224298105906,0.008298230816824724
3.9279700811566705,5.375224298105906,0.009012881848392827
4.031337714871319,5.375224298105906,0.010331857488347787
4.134705348585968,5.375224298105906,0.009111752839652196
4.238072982300618,5.375224298105906,0.0033974894722241552
4.341440616015267,5.375224298105906,-0.006701326702304485
4.444808249729916,5.375224298105906,-0.0189685936373136
4.548175883444565,5.375224298105906,-0.029875667305543547
4.651543517159214,5.375224298105906,-0.03590479646529745
4.754911150873865,5.375224298105906,-0.03490637659664281
4.858278784588514,5.375224298105906,-0.02698792195084303
4.961646418303163,5.375224298105906,-0.014607207134974574
5.065014052017812,5.375224298105906,-0.0018311985953862082
5.168381685732461,5.375224298105906,0.006979498900699756
5.27174931944711,5.375224298105906,0.008600378604260831
5.3751169531617595,5.375224298105906,0.0019929032335011965
5.478484586876409,5.375224298105906,-0.011378172696393227
5.581852220591058,5.375224298105906,-0.028050559639043106
5.685219854305707,5.375224298105906,-0.043696929001341644
5.788587488020356,5.375224298105906,-0.05447871129090502
5.8919551217350055,5.375224298105906,-0.05815644438517776
5.995322755449654,5.375224298105906,-0.05459876466074624
6.098690389164305,5.375224298105906,-0.04556130957690883
6.202058022878954,5.375224298105906,-0.03387155523156099
6.305425656593603,5.375224298105906,-0.022358772550171453
6.408793290308252,5.375224298105906,-0.012937922114037832
-6.408793290308252,5.4785939961464045,0.0030733826569483667
-6.305425656593603,5.4785939961464045,0.00563894409204278
-6.202058022878954,5.4785939961464045,0.007026631925972912
-6.098690389164304,5.4785939961464045,0.008705656400819887
-5.995322755449655,5.4785939961464045,0.01120826211462535
-5.8919551217350055,5.4785939961464045,0.013862299659400827
-5.788587488020356,5.4785939961464045,0.015103319395907318
-5.685219854305708,5.4785939961464045,0.013233160489096243
-5.581852220591058,5.4785939961464045,0.007305626150857963
-5.478484586876409,5.4785939961464045,-0.0022405956222389663
-5.3751169531617595,5.4785939961464045,-0.01349065878804461
-5.27174931944711,5.4785939961464045,-0.023583174785237443
-5.168381685732461,5.4785939961464045,-0.029690761425651458
-5.065014052017812,5.4785939961464045,-0.03008914440269423
-4.961646418303163,5.4785939961464045,-0.024893945767638627
-4.858278784588514,5.4785939961464045,-0.01614794547863171
-4.754911150873865,5.4785939961464045,-0.0071745278386152085
-4.651543517159215,5.4785939961464045,-0.0013918321576912782
-4.548175883444566,5.4785939961464045,-0.0010026356578249239
-4.444808249729917,5.4785939961464045,-0.006050615408537047
-4.341440616015267,5.4785939961464045,-0.014228386029991248
-4.238072982300618,5.4785939961464045,-0.021566545210757952
-4.134705348585968,5.4785939961464045,-0.023813239961474563
-4.031337714871319,5.4785939961464045,-0.01804531658742381
-3.9279700811566705,5.4785939961464045,-0.003936181886308921
-3.8246024474420213,5.4785939961464045,0.015807762332551448
-3.7212348137273725,5.4785939961464045,0.03606202210183332
-3.6178671800127233,5.4785939961464045,0.05080807372497567
-3.514499546298074,5.4785939961464045,0.05509354328061824
-3.411131912583425,5.4785939961464045,0.04677494402324374
-3.3077642788687753,5.4785939961464045,0.02742971010645783
-3.204396645154126,5.4785939961464045,0.002080471186660622
-3.101029011439477,5.4785939961464045,-0.022234430640380578
-2.9976613777248278,5.4785939961464045,-0.03861535514600541
-2.8942937440101786,5.4785939961464045,-0.04248990969831745
-2.790926110295529,5.4785939961464045,-0.033110248862258954
-2.6875584765808798,5.4785939961464045,-0.013844972694952858
-2.5841908428662306,5.4785939961464045,0.008857507330402551
-2.4808232091515814,5.4785939961464045,0.027515870877790703
-2.3774555754369326,5.4785939961464045,0.03601244120249307
-2.2740879417222835,5.4785939961464045,0.03155365002327847
-2.1707203080076334,5.4785939961464045,0.015546521908654822
-2.067352674292984,5.4785939961464045,-0.006899464217374922
-1.9639850405783352,5.4785939961464045,-0.028678163244867553
-1.8606174068636863,5.4785939961464045,-0.04302974012687017
-1.757249773149037,5.4785939961464045,-0.04573825559780584
-1.6538821394343879,5.4785939961464045,-0.036453278089190876
-1.550514505719738,5.4785939961464045,-0.018703876612780942
-1.447146872005089,5.4785939961464045,0.0013824404763231083
-1.3437792382904399,5.4785939961464045,0.017205387304456404
-1.2404116045757907,5.4785939961464045,0.023929690849742023
-1.1370439708611417,5.4785939961464045,0.020072420999465056
-1.0336763371464925,5.4785939961464045,0.007908412333961902
-0.9303087034318435,5.4785939961464045,-0.007425881192901045
-0.8269410697171936,5.4785939961464045,-0.019800073496871858
-0.7235734360025445,5.4785939961464045,-0.02426698737819344
-0.6202058022878953,5.4785939961464045,-0.01878713058054186
-0.5168381685732463,5.4785939961464045,-0.004904032896209447
-0.4134705348585972,5.4785939961464045,0.01285348637929856
-0.31010290114394806,5.4785939961464045,0.028617336491201524
-0.2067352674292982,5.4785939961464045,0.03728193144454001
-0.1033676337146491,5.4785939961464045,0.03631118519698321
0.,5.4785939961464045,0.02660728481848287
0.1033676337146491,5.4785939961464045,0.012132519179591706
0.2067352674292982,5.4785939961464045,-0.0015796918399603559
0.31010290114394734,5.4785939961464045,-0.00948999443481259
0.4134705348585964,5.4785939961464045,-0.008948982897482643
0.5168381685732455,5.4785939961464045,-0.000730691194828383
0.6202058022878947,5.4785939961464045,0.011189551027591003
0.7235734360025438,5.4785939961464045,0.02106206538150199
0.8269410697171944,5.4785939961464045,0.023510178266365686
0.9303087034318435,5.4785939961464045,0.01564330722367477
1.0336763371464925,5.4785939961464045,-0.0016284067175376827
1.1370439708611417,5.4785939961464045,-0.0235831263124772
1.2404116045757907,5.4785939961464045,-0.04304330168016984
1.3437792382904399,5.4785939961464045,-0.05268718617750042
1.447146872005089,5.4785939961464045,-0.04756033367592675
1.550514505719738,5.4785939961464045,-0.02693851219062031
1.6538821394343872,5.4785939961464045,0.005112553141897049
1.7572497731490362,5.4785939961464045,0.04071590209593918
1.8606174068636854,5.4785939961464045,0.07043002066454422
1.9639850405783346,5.4785939961464045,0.08606977559278729
2.0673526742929837,5.4785939961464045,0.0832094702039357
2.1707203080076343,5.4785939961464045,0.06256938646897418
2.2740879417222835,5.4785939961464045,0.029842134160508012
2.3774555754369326,5.4785939961464045,-0.005986015177803421
2.4808232091515814,5.4785939961464045,-0.03528564286799886
2.5841908428662306,5.4785939961464045,-0.05057271661737792
2.6875584765808798,5.4785939961464045,-0.04857390920715252
2.790926110295529,5.4785939961464045,-0.030957479910052918
2.894293744010178,5.4785939961464045,-0.003558339373544256
2.997661377724827,5.4785939961464045,0.025592839678910958
3.101029011439476,5.4785939961464045,0.04876243763844974
3.2043966451541253,5.4785939961464045,0.060722844126646754
3.3077642788687744,5.4785939961464045,0.060007131673930965
3.411131912583425,5.4785939961464045,0.04888619907966495
3.514499546298074,5.4785939961464045,0.03218008957270451
3.6178671800127233,5.4785939961464045,0.015389145986474796
3.7212348137273725,5.4785939961464045,0.0028212633647630467
3.8246024474420213,5.4785939961464045,-0.0036565801367516885
3.9279700811566705,5.4785939961464045,-0.004872891019578699
4.031337714871319,5.4785939961464045,-0.003612709614063605
4.134705348585968,5.4785939961464045,-0.003233781401078014
4.238072982300618,5.4785939961464045,-0.006192934579916228
4.341440616015267,5.4785939961464045,-0.013036661839705739
4.444808249729916,5.4785939961464045,-0.022210913576065947
4.548175883444565,5.4785939961464045,-0.030727180838472933
4.651543517159214,5.4785939961464045,-0.03540325650141838
4.754911150873865,5.4785939961464045,-0.03419197894928165
4.858278784588514,5.4785939961464045,-0.02708991798850775
4.961646418303163,5.4785939961464045,-0.016282638054208105
5.065014052017812,5.4785939961464045,-0.0054694029234999605
5.168381685732461,5.4785939961464045,0.0013884160592724788
5.27174931944711,5.4785939961464045,0.0014435561720381122
5.3751169531617595,5.4785939961464045,-0.006028648072857332
5.478484586876409,5.4785939961464045,-0.019344709653392928
5.581852220591058,5.4785939961464045,-0.03494371130573272
5.685219854305707,5.4785939961464045,-0.04853784239867313
5.788587488020356,5.4785939961464045,-0.05647315857459662
5.8919551217350055,5.4785939961464045,-0.05682911835455962
5.995322755449654,5.4785939961464045,-0.04989317244216263
6.098690389164305,5.4785939961464045,-0.03788059259570977
6.202058022878954,5.4785939961464045,-0.02404181821223743
6.305425656593603,5.4785939961464045,-0.011510180222288892
6.408793290308252,5.4785939961464045,-0.002317154820885072
-6.408793290308252,5.581963694186903,0.013276654393695799
-6.305425656593603,5.581963694186903,0.014930859636800574
-6.202058022878954,5.581963694186903,0.014079048161558411
-6.098690389164304,5.581963694186903,0.012319007482481072
-5.995322755449655,5.581963694186903,0.0108624271534856
-5.8919551217350055,5.581963694186903,0.010131809016812852
-5.788587488020356,5.581963694186903,0.009756012108275527
-5.685219854305708,5.581963694186903,0.008930417115714706
-5.581852220591058,5.581963694186903,0.006958483014703852
-5.478484586876409,5.581963694186903,0.0037213179298258335
-5.3751169531617595,5.581963694186903,-0.00014233508368643257
-5.27174931944711,5.581963694186903,-0.0034367000241644443
-5.168381685732461,5.581963694186903,-0.0049149394633255915
-5.065014052017812,5.581963694186903,-0.0038768920536942954
-4.961646418303163,5.581963694186903,-0.0005918860296529677
-4.858278784588514,5.581963694186903,0.0036631262402329052
-4.754911150873865,5.581963694186903,0.0070114142681286995
-4.651543517159215,5.581963694186903,0.007707359847066504
-4.548175883444566,5.581963694186903,0.004919863326274323
-4.444808249729917,5.581963694186903,-0.0007516826284618865
-4.341440616015267,5.581963694186903,-0.007273779236584121
-4.238072982300618,5.581963694186903,-0.01175379275060227
-4.134705348585968,5.581963694186903,-0.011439454766160059
-4.031337714871319,5.581963694186903,-0.004808820645770804
-3.9279700811566705,5.581963694186903,0.0076515446173448165
-3.8246024474420213,5.581963694186903,0.023304841090745265
-3.7212348137273725,5.581963694186903,0.03797876566357081
-3.6178671800127233,5.581963694186903,0.047191697157793124
-3.514499546298074,5.581963694186903,0.047613033096785363
-3.411131912583425,5.581963694186903,0.038267242375850635
-3.3077642788687753,5.581963694186903,0.0210453452102571
-3.204396645154126,5.581963694186903,0.00029945865653362093
-3.101029011439477,5.581963694186903,-0.018400662987741127
-2.9976613777248278,5.581963694186903,-0.029977656917956876
-2.8942937440101786,5.581963694186903,-0.031473064587237906
-2.790926110295529,5.581963694186903,-0.023042974038392325
-2.6875584765808798,5.581963694186903,-0.007966308088354804
-2.5841908428662306,5.581963694186903,0.008370342801517898
-2.4808232091515814,5.581963694186903,0.020203321837225993
-2.3774555754369326,5.581963694186903,0.023279600569968067
-2.2740879417222835,5.581963694186903,0.016275467522199924
-2.1707203080076334,5.581963694186903,0.001263238684451385
-2.067352674292984,5.581963694186903,-0.016946514174492434
-1.9639850405783352,5.581963694186903,-0.032384061119702226
-1.8606174068636863,5.581963694186903,-0.039903763337729756
-1.757249773149037,5.581963694186903,-0.03691023331579998
-1.6538821394343879,5.581963694186903,-0.024244154193728985
-1.550514505719738,5.581963694186903,-0.0059214874044803524
-1.447146872005089,5.581963694186903,0.012195797718997991
-1.3437792382904399,5.581963694186903,0.02435716990643106
-1.2404116045757907,5.581963694186903,0.026852664030601204
-1.1370439708611417,5.581963694186903,0.01926222504071345
-1.0336763371464925,5.581963694186903,0.004600364000437305
-0.9303087034318435,5.581963694186903,-0.011696212109246248
-0.8269410697171936,5.581963694186903,-0.023597959869874046
-0.7235734360025445,5.581963694186903,-0.02651058598086682
-0.6202058022878953,5.581963694186903,-0.018815278648238516
-0.5168381685732463,5.581963694186903,-0.002400426664163012
-0.4134705348585972,5.581963694186903,0.01799160869375009
-0.31010290114394806,5.581963694186903,0.03637408914992327
-0.2067352674292982,5.581963694186903,0.047526451182919476
-0.1033676337146491,5.581963694186903,0.048714440643080004
0.,5.581963694186903,0.04053075867916479
0.1033676337146491,5.581963694186903,0.026573103583431443
0.2067352674292982,5.581963694186903,0.012080979379716968
0.31010290114394734,5.581963694186903,0.002015927353151235
0.4134705348585964,5.581963694186903,-0.000734336491589724
0.5168381685732455,5.581963694186903,0.00361191587191393
0.6202058022878947,5.581963694186903,0.011836948395261568
0.7235734360025438,5.581963694186903,0.018944979636724403
0.8269410697171944,5.581963694186903,0.020079291607564904
0.9303087034318435,5.581963694186903,0.012461265211823428
1.0336763371464925,5.581963694186903,-0.0033459064333299887
1.1370439708611417,5.581963694186903,-0.02332702007571082
1.2404116045757907,5.581963694186903,-0.04114670448473806
1.3437792382904399,5.581963694186903,-0.050182926768527286
1.447146872005089,5.581963694186903,-0.04580002959632564
1.550514505719738,5.581963694186903,-0.02709606341038741
1.6538821394343872,5.581963694186903,0.002486867456532314
1.7572497731490362,5.581963694186903,0.03593777075653758
1.8606174068636854,5.581963694186903,0.0646335179091206
1.9639850405783346,5.581963694186903,0.08088120335916776
2.0673526742929837,5.581963694186903,0.08024919767896763
2.1707203080076343,5.581963694186903,0.06294764019624538
2.2740879417222835,5.581963694186903,0.03381710335367938
2.3774555754369326,5.581963694186903,0.0009247828329282241
2.4808232091515814,5.581963694186903,-0.026793400758128225
2.5841908428662306,5.581963694186903,-0.04211152218112774
2.6875584765808798,5.581963694186903,-0.0415229096869763
2.790926110295529,5.581963694186903,-0.02608501609459313
2.894293744010178,5.581963694186903,-0.0008844820162976743
2.997661377724827,5.581963694186903,0.026656308224464822
3.101029011439476,5.581963694186903,0.04905842551561612
3.2043966451541253,5.581963694186903,0.060923048896076235
3.3077642788687744,5.581963694186903,0.060280705396564924
3.411131912583425,5.581963694186903,0.048793895887288094
3.514499546298074,5.581963694186903,0.03083994723530669
3.6178671800127233,5.581963694186903,0.011856449652992158
3.7212348137273725,5.581963694186903,-0.003458625067487047
3.8246024474420213,5.581963694186903,-0.012497741478115585
3.9279700811566705,5.581963694186903,-0.015245829055099478
4.031337714871319,5.581963694186903,-0.013849214007440921
4.134705348585968,5.581963694186903,-0.011490014256428892
4.238072982300618,5.581963694186903,-0.01102457208838515
4.341440616015267,5.581963694186903,-0.013891953987404464
4.444808249729916,5.581963694186903,-0.019666538994975582
4.548175883444565,5.581963694186903,-0.026372845291611113
4.651543517159214,5.581963694186903,-0.03139718223704191
4.754911150873865,5.581963694186903,-0.03262100069233137
4.858278784588514,5.581963694186903,-0.02933608324240544
4.961646418303163,5.581963694186903,-0.022598883390958318
5.065014052017812,5.581963694186903,-0.014899172334422724
5.168381685732461,5.581963694186903,-0.009274050832613139
5.27174931944711,5.581963694186903,-0.00819907230018858
5.3751169531617595,5.581963694186903,-0.012663351366337923
5.478484586876409,5.581963694186903,-0.02176197405766112
5.581852220591058,5.581963694186903,-0.03294761491901949
5.685219854305707,5.581963694186903,-0.04284607220644323
5.788587488020356,5.581963694186903,-0.048343682908015384
5.8919551217350055,5.581963694186903,-0.04756732153163338
5.995322755449654,5.581963694186903,-0.040427533183937506
6.098690389164305,5.581963694186903,-0.0285598323413131
6.202058022878954,5.581963694186903,-0.014715407157347121
6.305425656593603,5.581963694186903,-0.0018410360301084148
6.408793290308252,5.581963694186903,0.007817629962990435
-6.408793290308252,5.685333392227401,0.0226141147563624
-6.305425656593603,5.685333392227401,0.02489399488367927
-6.202058022878954,5.685333392227401,0.022664480790765665
-6.098690389164304,5.685333392227401,0.017137326147788484
-5.995322755449655,5.685333392227401,0.010155667996152355
-5.8919551217350055,5.685333392227401,0.0036721637281764883
-5.788587488020356,5.685333392227401,-0.0007312908603666511
-5.685219854305708,5.685333392227401,-0.002160285994780074
-5.581852220591058,5.685333392227401,-0.0005077728532178765
-5.478484586876409,5.685333392227401,0.0036440013224329623
-5.3751169531617595,5.685333392227401,0.00925005115404557
-5.27174931944711,5.685333392227401,0.015072592907560217
-5.168381685732461,5.685333392227401,0.01992617239911887
-5.065014052017812,5.685333392227401,0.022864425699633324
-4.961646418303163,5.685333392227401,0.02330760502656071
-4.858278784588514,5.685333392227401,0.021125383624319715
-4.754911150873865,5.685333392227401,0.016683114511527625
-4.651543517159215,5.685333392227401,0.010839595117633799
-4.548175883444566,5.685333392227401,0.004866474441557155
-4.444808249729917,5.685333392227401,0.0002596954782943953
-4.341440616015267,5.685333392227401,-0.001560603992513624
-4.238072982300618,5.685333392227401,0.0003808623745057016
-4.134705348585968,5.685333392227401,0.006267514304349103
-4.031337714871319,5.685333392227401,0.01528400328542207
-3.9279700811566705,5.685333392227401,0.02565433119177564
-3.8246024474420213,5.685333392227401,0.03497125536422412
-3.7212348137273725,5.685333392227401,0.040772345551084124
-3.6178671800127233,5.685333392227401,0.04122391158517605
-3.514499546298074,5.685333392227401,0.03571204425029332
-3.411131912583425,5.685333392227401,0.025138868552550042
-3.3077642788687753,5.685333392227401,0.01179164454381977
-3.204396645154126,5.685333392227401,-0.0012225605377973727
-3.101029011439477,5.685333392227401,-0.010840667624539797
-2.9976613777248278,5.685333392227401,-0.014956834250386268
-2.8942937440101786,5.685333392227401,-0.013096016763963552
-2.790926110295529,5.685333392227401,-0.006612668046145359
-2.6875584765808798,5.685333392227401,0.0016825420620053498
-2.5841908428662306,5.685333392227401,0.008383167571294124
-2.4808232091515814,5.685333392227401,0.010582711223736644
-2.3774555754369326,5.685333392227401,0.0068595782433656894
-2.2740879417222835,5.685333392227401,-0.00217908232596984
-2.1707203080076334,5.685333392227401,-0.013997630825153711
-2.067352674292984,5.685333392227401,-0.02487657832631415
-1.9639850405783352,5.685333392227401,-0.031088009506209456
-1.8606174068636863,5.685333392227401,-0.030134516169328468
-1.757249773149037,5.685333392227401,-0.021645645940593664
-1.6538821394343879,5.685333392227401,-0.007620547976173739
-1.550514505719738,5.685333392227401,0.008092166836655054
-1.447146872005089,5.685333392227401,0.020939468628381155
-1.3437792382904399,5.685333392227401,0.02708521972222301
-1.2404116045757907,5.685333392227401,0.024656024675728666
-1.1370439708611417,5.685333392227401,0.014402407187894513
-1.0336763371464925,5.685333392227401,-0.00045532368354655594
-0.9303087034318435,5.685333392227401,-0.015167853988707975
-0.8269410697171936,5.685333392227401,-0.024899417169129003
-0.7235734360025445,5.685333392227401,-0.026219026934803016
-0.6202058022878953,5.685333392227401,-0.018164586151518766
-0.5168381685732463,5.685333392227401,-0.002537048100679938
-0.4134705348585972,5.685333392227401,0.016671049854475706
-0.31010290114394806,5.685333392227401,0.034527363542092106
-0.2067352674292982,5.685333392227401,0.04668448412586948
-0.1033676337146491,5.685333392227401,0.050681612548751906
0.,5.685333392227401,0.046602470589516894
0.1033676337146491,5.685333392227401,0.03688419048498236
0.2067352674292982,5.685333392227401,0.02535628869698811
0.31010290114394734,5.685333392227401,0.015847086230874025
0.4134705348585964,5.685333392227401,0.010839946491666254
0.5168381685732455,5.685333392227401,0.010643689691401092
0.6202058022878947,5.685333392227401,0.013365316436432623
0.7235734360025438,5.685333392227401,0.015697091285433333
0.8269410697171944,5.685333392227401,0.014246887028461669
0.9303087034318435,5.685333392227401,0.006946725311514552
1.0336763371464925,5.685333392227401,-0.005963082570093687
1.1370439708611417,5.685333392227401,-0.02174268210104767
1.2404116045757907,5.685333392227401,-0.03585962356554172
1.3437792382904399,5.685333392227401,-0.0433938013817077
1.447146872005089,5.685333392227401,-0.04069452986539571
1.550514505719738,5.685333392227401,-0.02674178964106751
1.6538821394343872,5.685333392227401,-0.0037419954294464508
1.7572497731490362,5.685333392227401,0.023275277658797
1.8606174068636854,5.685333392227401,0.047774560438758926
1.9639850405783346,5.685333392227401,0.06356290262214488
2.0673526742929837,5.685333392227401,0.0666071099586718
2.1707203080076343,5.685333392227401,0.05625588021756907
2.2740879417222835,5.685333392227401,0.035481125948584415
2.3774555754369326,5.685333392227401,0.010054430787687411
2.4808232091515814,5.685333392227401,-0.013096552896736528
2.5841908428662306,5.685333392227401,-0.02785558553421584
2.6875584765808798,5.685333392227401,-0.03061828925761518
2.790926110295529,5.685333392227401,-0.021224801124656422
2.894293744010178,5.685333392227401,-0.002867722707404935
2.997661377724827,5.685333392227401,0.018963638815000936
3.101029011439476,5.685333392227401,0.038151420868930655
3.2043966451541253,5.685333392227401,0.04970613046254944
3.3077642788687744,5.685333392227401,0.05108487532020389
3.411131912583425,5.685333392227401,0.042703274665829884
3.514499546298074,5.685333392227401,0.02754018240463251
3.6178671800127233,5.685333392227401,0.010019205239068515
3.7212348137273725,5.685333392227401,-0.0054371459892800286
3.8246024474420213,5.685333392227401,-0.015709763835936034
3.9279700811566705,5.685333392227401,-0.019749408409296298
4.031337714871319,5.685333392227401,-0.018613746807634217
4.134705348585968,5.685333392227401,-0.014829346245212741
4.238072982300618,5.685333392227401,-0.011346877381211273
4.341440616015267,5.685333392227401,-0.01046975642108012
4.444808249729916,5.685333392227401,-0.013115811577567483
4.548175883444565,5.685333392227401,-0.01863306884229106
4.651543517159214,5.685333392227401,-0.025187515364211686
4.754911150873865,5.685333392227401,-0.030544543459817663
4.858278784588514,5.685333392227401,-0.032942286758422264
4.961646418303163,5.685333392227401,-0.03174186012059754
5.065014052017812,5.685333392227401,-0.027635002577376094
5.168381685732461,5.685333392227401,-0.022355460114044975
5.27174931944711,5.685333392227401,-0.018016371513975248
5.3751169531617595,5.685333392227401,-0.016321287859703854
5.478484586876409,5.685333392227401,-0.01793086423769746
5.581852220591058,5.685333392227401,-0.022203303458768323
5.685219854305707,5.685333392227401,-0.027390772558151418
5.788587488020356,5.685333392227401,-0.03121587468334046
5.8919551217350055,5.685333392227401,-0.031626531843208856
5.995322755449654,5.685333392227401,-0.027475187702446464
6.098690389164305,5.685333392227401,-0.01890295502256053
6.202058022878954,5.685333392227401,-0.007314881899582474
6.305425656593603,5.685333392227401,0.00503033652454602
6.408793290308252,5.685333392227401,0.015671526121952595
-6.408793290308252,5.788703090267899,0.029324157358834955
-6.305425656593603,5.788703090267899,0.03337557652325593
-6.202058022878954,5.788703090267899,0.03089537889492963
-6.098690389164304,5.788703090267899,0.022275657313425096
-5.995322755449655,5.788703090267899,0.00973125959258119
-5.8919551217350055,5.788703090267899,-0.0032737728474088517
-5.788587488020356,5.788703090267899,-0.012999231246389667
-5.685219854305708,5.788703090267899,-0.016512463076513748
-5.581852220591058,5.788703090267899,-0.01255678797489763
-5.478484586876409,5.788703090267899,-0.0019412650504195988
-5.3751169531617595,5.788703090267899,0.012668497711973363
-5.27174931944711,5.788703090267899,0.027499523899318146
-5.168381685732461,5.788703090267899,0.03874092515008726
-5.065014052017812,5.788703090267899,0.04362014732011715
-4.961646418303163,5.788703090267899,0.04117311361186172
-4.858278784588514,5.788703090267899,0.03248873546247191
-4.754911150873865,5.788703090267899,0.020364918935787308
-4.651543517159215,5.788703090267899,0.008485359932297145
-4.548175883444566,5.788703090267899,0.00036286118168130907
-4.444808249729917,5.788703090267899,-0.0016436160840355857
-4.341440616015267,5.788703090267899,0.0030396668632271715
-4.238072982300618,5.788703090267899,0.01309037689283196
-4.134705348585968,5.788703090267899,0.025714693588412968
-4.031337714871319,5.788703090267899,0.03746920195011595
-3.9279700811566705,5.788703090267899,0.04523408458367557
-3.8246024474420213,5.788703090267899,0.047058072980083944
-3.7212348137273725,5.788703090267899,0.04264293156715101
-3.6178671800127233,5.788703090267899,0.033346405450003586
-3.514499546298074,5.788703090267899,0.021723136581417456
-3.411131912583425,5.788703090267899,0.010751956065970613
-3.3077642788687753,5.788703090267899,0.0029794921780060863
-3.204396645154126,5.788703090267899,-0.0001763339367056624
-3.101029011439477,5.788703090267899,0.0012259020688139932
-2.9976613777248278,5.788703090267899,0.0057362643063725675
-2.8942937440101786,5.788703090267899,0.01099246205765918
-2.790926110295529,5.788703090267899,0.014446326955600117
-2.6875584765808798,5.788703090267899,0.014128307145283918
-2.5841908428662306,5.788703090267899,0.009236651947350582
-2.4808232091515814,5.788703090267899,0.0003916300868695844
-2.3774555754369326,5.788703090267899,-0.010510374595812833
-2.2740879417222835,5.788703090267899,-0.020799209233750178
-2.1707203080076334,5.788703090267899,-0.027751780140383035
-2.067352674292984,5.788703090267899,-0.029337522748155938
-1.9639850405783352,5.788703090267899,-0.024790300177154258
-1.8606174068636863,5.788703090267899,-0.01485534405020429
-1.757249773149037,5.788703090267899,-0.0016448424330611298
-1.6538821394343879,5.788703090267899,0.011863166637888365
-1.550514505719738,5.788703090267899,0.022556387193600345
-1.447146872005089,5.788703090267899,0.027964916632889972
-1.3437792382904399,5.788703090267899,0.026885328952404898
-1.2404116045757907,5.788703090267899,0.019692454412223035
-1.1370439708611417,5.788703090267899,0.00825780563514782
-1.0336763371464925,5.788703090267899,-0.0045064752281296526
-0.9303087034318435,5.788703090267899,-0.01536331209985221
-0.8269410697171936,5.788703090267899,-0.02154391715220087
-0.7235734360025445,5.788703090267899,-0.021415783172162434
-0.6202058022878953,5.788703090267899,-0.014855002007833752
-0.5168381685732463,5.788703090267899,-0.0032302447740215176
-0.4134705348585972,5.788703090267899,0.010990934431342402
-0.31010290114394806,5.788703090267899,0.02490149295763258
-0.2067352674292982,5.788703090267899,0.03589668218770555
-0.1033676337146491,5.788703090267899,0.04229414729112426
0.,5.788703090267899,0.043665056559907864
0.1033676337146491,5.788703090267899,0.04079396622929691
0.2067352674292982,5.788703090267899,0.035294596508396336
0.31010290114394734,5.788703090267899,0.029010810634257013
0.4134705348585964,5.788703090267899,0.023396050448383977
0.5168381685732455,5.788703090267899,0.019069887360905986
0.6202058022878947,5.788703090267899,0.01569393737942677
0.7235734360025438,5.788703090267899,0.012206890262321406
0.8269410697171944,5.788703090267899,0.007340569276822593
0.9303087034318435,5.788703090267899,0.00024265565787279895
1.0336763371464925,5.788703090267899,-0.009011325245453262
1.1370439708611417,5.788703090267899,-0.019207755392755002
1.2404116045757907,5.788703090267899,-0.028186810376127587
1.3437792382904399,5.788703090267899,-0.03340817716462568
1.447146872005089,5.788703090267899,-0.03273516891232905
1.550514505719738,5.788703090267899,-0.025197458095774984
1.6538821394343872,5.788703090267899,-0.01148071256008075
1.7572497731490362,5.788703090267899,0.0060401738813717605
1.8606174068636854,5.788703090267899,0.023776191997896975
1.9639850405783346,5.788703090267899,0.03780363787881403
2.0673526742929837,5.788703090267899,0.0449113579966647
2.1707203080076343,5.788703090267899,0.04351333720505508
2.2740879417222835,5.788703090267899,0.03414850594855041
2.3774555754369326,5.788703090267899,0.01940080342315563
2.4808232091515814,5.788703090267899,0.003239532559671364
2.5841908428662306,5.788703090267899,-0.010046733381962093
2.6875584765808798,5.788703090267899,-0.017023242510002704
2.790926110295529,5.788703090267899,-0.01605079368818519
2.894293744010178,5.788703090267899,-0.007720310372123791
2.997661377724827,5.788703090267899,0.005348484947945583
3.101029011439476,5.788703090267899,0.019285097795627197
3.2043966451541253,5.788703090267899,0.030092021481692294
3.3077642788687744,5.788703090267899,0.03478054729701565
3.411131912583425,5.788703090267899,0.032183348452291954
3.514499546298074,5.788703090267899,0.02320900042507862
3.6178671800127233,5.788703090267899,0.010475233707867886
3.7212348137273725,5.788703090267899,-0.002552613154548165
3.8246024474420213,5.788703090267899,-0.012642637295711237
3.9279700811566705,5.788703090267899,-0.017759674497270013
4.031337714871319,5.788703090267899,-0.017617274006100466
4.134705348585968,5.788703090267899,-0.013659376430342885
4.238072982300618,5.788703090267899,-0.008495062372209226
4.341440616015267,5.788703090267899,-0.004981710466256074
4.444808249729916,5.788703090267899,-0.005259132204099712
4.548175883444565,5.788703090267899,-0.01004640050216447
4.651543517159214,5.788703090267899,-0.018422420343272936
4.754911150873865,5.788703090267899,-0.028151048172044304
4.858278784588514,5.788703090267899,-0.03643408231715568
4.961646418303163,5.788703090267899,-0.04083815975685841
5.065014052017812,5.788703090267899,-0.04008850046335843
5.168381685732461,5.788703090267899,-0.03446995695561363
5.27174931944711,5.788703090267899,-0.02570764069923367
5.3751169531617595,5.788703090267899,-0.01637193148670947
5.478484586876409,5.788703090267899,-0.009009365917980464
5.581852220591058,5.788703090267899,-0.005290620100366871
5.685219854305707,5.788703090267899,-0.00546044766626887
5.788587488020356,5.788703090267899,-0.008274304082441751
5.8919551217350055,5.788703090267899,-0.011445330551455158
5.995322755449654,5.788703090267899,-0.012456033539263289
6.098690389164305,5.788703090267899,-0.009466694431280386
6.202058022878954,5.788703090267899,-0.002017322338513649
6.305425656593603,5.788703090267899,0.008716345528911058
6.408793290308252,5.788703090267899,0.020209853210420355
-6.408793290308252,5.892072788308397,0.03213301463480788
-6.305425656593603,5.892072788308397,0.038167922948776724
-6.202058022878954,5.892072788308397,0.03641962760865207
-6.098690389164304,5.892072788308397,0.026253052754414218
-5.995322755449655,5.892072788308397,0.009839475691610406
-5.8919551217350055,5.892072788308397,-0.008365176955466205
-5.788587488020356,5.892072788308397,-0.022940662071154447
-5.685219854305708,5.892072788308397,-0.02920903969496754
-5.581852220591058,5.892072788308397,-0.024773335904410707
-5.478484586876409,5.892072788308397,-0.010374388683864267
-5.3751169531617595,5.892072788308397,0.01023532331302478
-5.27174931944711,5.892072788308397,0.031385082753658596
-5.168381685732461,5.892072788308397,0.04721328811700444
-5.065014052017812,5.892072788308397,0.05348280511201932
-4.961646418303163,5.892072788308397,0.04890212290379242
-4.858278784588514,5.892072788308397,0.03552407669906124
-4.754911150873865,5.892072788308397,0.018088929318683375
-4.651543517159215,5.892072788308397,0.002518711610718528
-4.548175883444566,5.892072788308397,-0.005956328502987563
-4.444808249729917,5.892072788308397,-0.004440203348120312
-4.341440616015267,5.892072788308397,0.0067401783471028745
-4.238072982300618,5.892072788308397,0.02417781972261251
-4.134705348585968,5.892072788308397,0.04250397408207447
-4.031337714871319,5.892072788308397,0.05611330150118809
-3.9279700811566705,5.892072788308397,0.06093653675016529
-3.8246024474420213,5.892072788308397,0.055693590678490314
-3.7212348137273725,5.892072788308397,0.04223534856113326
-3.6178671800127233,5.892072788308397,0.024881463287074898
-3.514499546298074,5.892072788308397,0.00898532725522218
-3.411131912583425,5.892072788308397,-0.0007991538541183448
-3.3077642788687753,5.892072788308397,-0.0019885709468393264
-3.204396645154126,5.892072788308397,0.004985344405755856
-3.101029011439477,5.892072788308397,0.016978516971774344
-2.9976613777248278,5.892072788308397,0.029197986466180593
-2.8942937440101786,5.892072788308397,0.036767497019614286
-2.790926110295529,5.892072788308397,0.03628738049207878
-2.6875584765808798,5.892072788308397,0.026898127239696264
-2.5841908428662306,5.892072788308397,0.010529619765125533
-2.4808232091515814,5.892072788308397,-0.00871501057329037
-2.3774555754369326,5.892072788308397,-0.02581961946606033
-2.2740879417222835,5.892072788308397,-0.036347528763664115
-2.1707203080076334,5.892072788308397,-0.03770246380831799
-2.067352674292984,5.892072788308397,-0.029790339410587677
-1.9639850405783352,5.892072788308397,-0.014919842437571077
-1.8606174068636863,5.892072788308397,0.002977148684185227
-1.757249773149037,5.892072788308397,0.01952333648737027
-1.6538821394343879,5.892072788308397,0.031092231285572026
-1.550514505719738,5.892072788308397,0.03567191811709932
-1.447146872005089,5.892072788308397,0.03318142357978683
-1.3437792382904399,5.892072788308397,0.025214909472627844
-1.2404116045757907,5.892072788308397,0.014366811077030653
-1.1370439708611417,5.892072788308397,0.003399921189524315
-1.0336763371464925,5.892072788308397,-0.00547033291899192
-0.9303087034318435,5.892072788308397,-0.010981621005780907
-0.8269410697171936,5.892072788308397,-0.012859603536490648
-0.7235734360025445,5.892072788308397,-0.01155560988479907
-0.6202058022878953,5.892072788308397,-0.007849432162319817
-0.5168381685732463,5.892072788308397,-0.002496349439410191
-0.4134705348585972,5.892072788308397,0.003955066383614517
-0.31010290114394806,5.892072788308397,0.011141739279648037
-0.2067352674292982,5.892072788308397,0.018723178378454768
-0.1033676337146491,5.892072788308397,0.0261957838439022
0.,5.892072788308397,0.03280339092396709
0.1033676337146491,5.892072788308397,0.03761024696366431
0.2067352674292982,5.892072788308397,0.03972218321205628
0.31010290114394734,5.892072788308397,0.038569118269031845
0.4134705348585964,5.892072788308397,0.03412814044487763
0.5168381685732455,5.892072788308397,0.02698536893376508
0.6202058022878947,5.892072788308397,0.0181985200744801
0.7235734360025438,5.892072788308397,0.009003935837629012
0.8269410697171944,5.892072788308397,0.000477466408601798
0.9303087034318435,5.892072788308397,-0.006719914723113157
1.0336763371464925,5.892072788308397,-0.012413685661475762
1.1370439708611417,5.892072788308397,-0.016781466843279854
1.2404116045757907,5.892072788308397,-0.02007709188817536
1.3437792382904399,5.892072788308397,-0.022341001608973735
1.447146872005089,5.892072788308397,-0.02323719632195132
1.550514505719738,5.892072788308397,-0.02210994837383492
1.6538821394343872,5.892072788308397,-0.01826300683660891
1.7572497731490362,5.892072788308397,-0.011364581368435052
1.8606174068636854,5.892072788308397,-0.0018132015489316037
1.9639850405783346,5.892072788308397,0.00910703875104161
2.0673526742929837,5.892072788308397,0.019390386627071095
2.1707203080076343,5.892072788308397,0.026787441763651818
2.2740879417222835,5.892072788308397,0.02946811372028412
2.3774555754369326,5.892072788308397,0.026652831434921493
2.4808232091515814,5.892072788308397,0.01898096447152663
2.5841908428662306,5.892072788308397,0.008455803119253353
2.6875584765808798,5.892072788308397,-0.0020588237767227868
2.790926110295529,5.892072788308397,-0.009659104949365348
2.894293744010178,5.892072788308397,-0.012286698841870372
2.997661377724827,5.892072788308397,-0.009386786470117056
3.101029011439476,5.892072788308397,-0.002106857036484383
3.2043966451541253,5.892072788308397,0.007050511957239044
3.3077642788687744,5.892072788308397,0.015024710880341019
3.411131912583425,5.892072788308397,0.01918985044778667
3.514499546298074,5.892072788308397,0.018212786763021103
3.6178671800127233,5.892072788308397,0.012481661656552632
3.7212348137273725,5.892072788308397,0.003949727268515767
3.8246024474420213,5.892072788308397,-0.004562468006352736
3.9279700811566705,5.892072788308397,-0.010373841560632483
4.031337714871319,5.892072788308397,-0.011911682583144267
4.134705348585968,5.892072788308397,-0.00929979100715745
4.238072982300618,5.892072788308397,-0.00434723135390634
4.341440616015267,5.892072788308397,0.0000760863865959641
4.444808249729916,5.892072788308397,0.0010748324096120508
4.548175883444565,5.892072788308397,-0.003179103655603395
4.651543517159214,5.892072788308397,-0.012682697091975321
4.754911150873865,5.892072788308397,-0.025450298907129906
4.858278784588514,5.892072788308397,-0.03805340874910857
4.961646418303163,5.892072788308397,-0.04669162764983972
5.065014052017812,5.892072788308397,-0.04844417664049712
5.168381685732461,5.892072788308397,-0.042277070585375325
5.27174931944711,5.892072788308397,-0.029452153073745102
5.3751169531617595,5.892072788308397,-0.013180044878971293
5.478484586876409,5.892072788308397,0.0023849849495116856
5.581852220591058,5.892072788308397,0.013481328175476506
5.685219854305707,5.892072788308397,0.01795880181361027
5.788587488020356,5.892072788308397,0.015961234741489964
5.8919551217350055,5.892072788308397,0.009829586672685568
5.995322755449654,5.892072788308397,0.0032458163718512103
6.098690389164305,5.892072788308397,-0.0000995272732542786
6.202058022878954,5.892072788308397,0.0021382621193066016
6.305425656593603,5.892072788308397,0.010054386578721281
6.408793290308252,5.892072788308397,0.021370218298845237
-6.408793290308252,5.995442486348895,0.030530454812491194
-6.305425656593603,5.995442486348895,0.03761544034875974
-6.202058022878954,5.995442486348895,0.03710593507930561
-6.098690389164304,5.995442486348895,0.02743392634750737
-5.995322755449655,5.995442486348895,0.01025964594752549
-5.8919551217350055,5.995442486348895,-0.009883308417815144
-5.788587488020356,5.995442486348895,-0.026976562638553303
-5.685219854305708,5.995442486348895,-0.035492473530174186
-5.581852220591058,5.995442486348895,-0.032292021545085994
-5.478484586876409,5.995442486348895,-0.01778781103742853
-5.3751169531617595,5.995442486348895,0.004050434218015976
-5.27174931944711,5.995442486348895,0.026884674091336325
-5.168381685732461,5.995442486348895,0.04402134300718582
-5.065014052017812,5.995442486348895,0.05058890664187823
-4.961646418303163,5.995442486348895,0.045151394611654
-4.858278784588514,5.995442486348895,0.030206355298368147
-4.754911150873865,5.995442486348895,0.011383062384727097
-4.651543517159215,5.995442486348895,-0.004408063492000019
-4.548175883444566,5.995442486348895,-0.01126796527361821
-4.444808249729917,5.995442486348895,-0.006281508642867328
-4.341440616015267,5.995442486348895,0.009491466228259453
-4.238072982300618,5.995442486348895,0.031344203179818834
-4.134705348585968,5.995442486348895,0.05246800037032643
-4.031337714871319,5.995442486348895,0.0662038956641727
-3.9279700811566705,5.995442486348895,0.06825228298522464
-3.8246024474420213,5.995442486348895,0.058103385859285865
-3.7212348137273725,5.995442486348895,0.03921016699455975
-3.6178671800127233,5.995442486348895,0.017844282536093273
-3.514499546298074,5.995442486348895,0.001014564437196831
-3.411131912583425,5.995442486348895,-0.005860775396956624
-3.3077642788687753,5.995442486348895,-0.0007563946117804826
-3.204396645154126,5.995442486348895,0.01427885970133079
-3.101029011439477,5.995442486348895,0.033783695081555036
-2.9976613777248278,5.995442486348895,0.050666950658165726
-2.8942937440101786,5.995442486348895,0.05852166818062423
-2.790926110295529,5.995442486348895,0.053712519934010744
-2.6875584765808798,5.995442486348895,0.036561418441615624
-2.5841908428662306,5.995442486348895,0.011259677456956123
-2.4808232091515814,5.995442486348895,-0.015444889287971287
-2.3774555754369326,5.995442486348895,-0.03634202390685802
-2.2740879417222835,5.995442486348895,-0.045949247641681006
-2.1707203080076334,5.995442486348895,-0.04210226367971912
-2.067352674292984,5.995442486348895,-0.026465838795916668
-1.9639850405783352,5.995442486348895,-0.0038506732311267525
-1.8606174068636863,5.995442486348895,0.019389740522368797
-1.757249773149037,5.995442486348895,0.03732584432524727
-1.6538821394343879,5.995442486348895,0.04613892618934033
-1.550514505719738,5.995442486348895,0.04501382758723225
-1.447146872005089,5.995442486348895,0.0360151116508066
-1.3437792382904399,5.995442486348895,0.023073610323614744
-1.2404116045757907,5.995442486348895,0.010495974333833065
-1.1370439708611417,5.995442486348895,0.001538246626856321
-1.0336763371464925,5.995442486348895,-0.0024800203291038283
-0.9303087034318435,5.995442486348895,-0.002269368416919075
-0.8269410697171936,5.995442486348895,0.00008172589262869738
-0.7235734360025445,5.995442486348895,0.002195159007606385
-0.6202058022878953,5.995442486348895,0.0024815387882846816
-0.5168381685732463,5.995442486348895,0.0007951916920657245
-0.4134705348585972,5.995442486348895,-0.0015650317248696183
-0.31010290114394806,5.995442486348895,-0.0024803786966357015
-0.2067352674292982,5.995442486348895,5.413410014070103e-6
-0.1033676337146491,5.995442486348895,0.00674451296022771
0.,5.995442486348895,0.01696036500092528
0.1033676337146491,5.995442486348895,0.02835257442329322
0.2067352674292982,5.995442486348895,0.03780250927091461
0.31010290114394734,5.995442486348895,0.04242276369926023
0.4134705348585964,5.995442486348895,0.04056335902938642
0.5168381685732455,5.995442486348895,0.032402415052796486
0.6202058022878947,5.995442486348895,0.01990223896986967
0.7235734360025438,5.995442486348895,0.006145659009137613
0.8269410697171944,5.995442486348895,-0.005704984601370044
0.9303087034318435,5.995442486348895,-0.013446542039181619
1.0336763371464925,5.995442486348895,-0.016495222697052593
1.1370439708611417,5.995442486348895,-0.015934357454479735
1.2404116045757907,5.995442486348895,-0.01394424906443305
1.3437792382904399,5.995442486348895,-0.012838456151902251
1.447146872005089,5.995442486348895,-0.014077146169743192
1.550514505719738,5.995442486348895,-0.017636564918596265
1.6538821394343872,5.995442486348895,-0.02198060197717771
1.7572497731490362,5.995442486348895,-0.024654436779045406
1.8606174068636854,5.995442486348895,-0.023284403199757296
1.9639850405783346,5.995442486348895,-0.01660978898724538
2.0673526742929837,5.995442486348895,-0.0051507954821724475
2.1707203080076343,5.995442486348895,0.008757933874887013
2.2740879417222835,5.995442486348895,0.02161092387117068
2.3774555754369326,5.995442486348895,0.029846821816623088
2.4808232091515814,5.995442486348895,0.03105037151213663
2.5841908428662306,5.995442486348895,0.024814707857718676
2.6875584765808798,5.995442486348895,0.012948517095918464
2.790926110295529,5.995442486348895,-0.001060600861047186
2.894293744010178,5.995442486348895,-0.013153232084167243
2.997661377724827,5.995442486348895,-0.019999080983586763
3.101029011439476,5.995442486348895,-0.02004416090687393
3.2043966451541253,5.995442486348895,-0.013944647857695898
3.3077642788687744,5.995442486348895,-0.004244221516065807
3.411131912583425,5.995442486348895,0.005580419514949487
3.514499546298074,5.995442486348895,0.012357938273568075
3.6178671800127233,5.995442486348895,0.014298650577207049
3.7212348137273725,5.995442486348895,0.011525699130211797
3.8246024474420213,5.995442486348895,0.005879818710138304
3.9279700811566705,5.995442486348895,0.00008419113163248994
4.031337714871319,5.995442486348895,-0.003407556590069852
4.134705348585968,5.995442486348895,-0.0034386170874661547
4.238072982300618,5.995442486348895,-0.000654029451915748
4.341440616015267,5.995442486348895,0.002721576432738651
4.444808249729916,5.995442486348895,0.0037664783619703085
4.548175883444565,5.995442486348895,0.00008481636622515195
4.651543517159214,5.995442486348895,-0.009089557033532421
4.754911150873865,5.995442486348895,-0.022340561532998904
4.858278784588514,5.995442486348895,-0.03631230832861033
4.961646418303163,5.995442486348895,-0.046704933106365934
5.065014052017812,5.995442486348895,-0.049702243173473604
5.168381685732461,5.995442486348895,-0.043336803917449304
5.27174931944711,5.995442486348895,-0.028298641355109053
5.3751169531617595,5.995442486348895,-0.007872733818226028
5.478484586876409,5.995442486348895,0.013011154321814801
5.581852220591058,5.995442486348895,0.029318517697801312
5.685219854305707,5.995442486348895,0.037524128490591425
5.788587488020356,5.995442486348895,0.0367426028757107
5.8919551217350055,5.995442486348895,0.028972760152404457
5.995322755449654,5.995442486348895,0.018354149813991128
6.098690389164305,5.995442486348895,0.009678757412384574
6.202058022878954,5.995442486348895,0.0066681987810430325
6.305425656593603,5.995442486348895,0.010620363947338844
6.408793290308252,5.995442486348895,0.019912308150517248
-6.408793290308252,6.098812184389393,0.024817179974805294
-6.305425656593603,6.098812184389393,0.03109124355509547
-6.202058022878954,6.098812184389393,0.03172125207919213
-6.098690389164304,6.098812184389393,0.024579144157580782
-5.995322755449655,6.098812184389393,0.010412999254375286
-5.8919551217350055,6.098812184389393,-0.007243544197153182
-5.788587488020356,6.098812184389393,-0.023186107890671635
-5.685219854305708,6.098812184389393,-0.03231010265109801
-5.581852220591058,6.098812184389393,-0.03142379136782566
-5.478484586876409,6.098812184389393,-0.020458333135771445
-5.3751169531617595,6.098812184389393,-0.002625294938275592
-5.27174931944711,6.098812184389393,0.016567816828309045
-5.168381685732461,6.098812184389393,0.03113299990324949
-5.065014052017812,6.098812184389393,0.03663666690754399
-4.961646418303163,6.098812184389393,0.03174985105512858
-4.858278784588514,6.098812184389393,0.01876162265903534
-4.754911150873865,6.098812184389393,0.0028522130587041376
-4.651543517159215,6.098812184389393,-0.009650549126121207
-4.548175883444566,6.098812184389393,-0.013449788985527183
-4.444808249729917,6.098812184389393,-0.006148378347265868
-4.341440616015267,6.098812184389393,0.010844537821754255
-4.238072982300618,6.098812184389393,0.032701820153789564
-4.134705348585968,6.098812184389393,0.05275327546938496
-4.031337714871319,6.098812184389393,0.06472817217154347
-3.9279700811566705,6.098812184389393,0.06490734983868547
-3.8246024474420213,6.098812184389393,0.053444933842291334
-3.7212348137273725,6.098812184389393,0.03439192129830481
-3.6178671800127233,6.098812184389393,0.01439029505292186
-3.514499546298074,6.098812184389393,0.0004593587047995502
-3.411131912583425,6.098812184389393,-0.0023890117126609957
-3.3077642788687753,6.098812184389393,0.007098615089776572
-3.204396645154126,6.098812184389393,0.025900586811374714
-3.101029011439477,6.098812184389393,0.04762933614869818
-2.9976613777248278,6.098812184389393,0.0645808739410758
-2.8942937440101786,6.098812184389393,0.07025540649907557
-2.790926110295529,6.098812184389393,0.061519041622557405
-2.6875584765808798,6.098812184389393,0.03969295913960635
-2.5841908428662306,6.098812184389393,0.010210713015731584
-2.4808232091515814,6.098812184389393,-0.01904301950907773
-2.3774555754369326,6.098812184389393,-0.04016676722448873
-2.2740879417222835,6.098812184389393,-0.04765666911908108
-2.1707203080076334,6.098812184389393,-0.04002578886939633
-2.067352674292984,6.098812184389393,-0.020126960448049062
-1.9639850405783352,6.098812184389393,0.005887901292420925
-1.8606174068636863,6.098812184389393,0.030592272725424623
-1.757249773149037,6.098812184389393,0.047603908427211725
-1.6538821394343879,6.098812184389393,0.05343692990926979
-1.550514505719738,6.098812184389393,0.04830992288973719
-1.447146872005089,6.098812184389393,0.035703723587243816
-1.3437792382904399,6.098812184389393,0.02088943992239567
-1.2404116045757907,6.098812184389393,0.008983423746249993
-1.1370439708611417,6.098812184389393,0.0032195043831878983
-1.0336763371464925,6.098812184389393,0.004020436514305246
-0.9303087034318435,6.098812184389393,0.009145289528653672
-0.8269410697171936,6.098812184389393,0.014799447846363578
-0.7235734360025445,6.098812184389393,0.017257601127126803
-0.6202058022878953,6.098812184389393,0.014383888774316029
-0.5168381685732463,6.098812184389393,0.0064910948043702685
-0.4134705348585972,6.098812184389393,-0.003763676247439862
-0.31010290114394806,6.098812184389393,-0.01239144887099466
-0.2067352674292982,6.098812184389393,-0.015605863212690614
-0.1033676337146491,6.098812184389393,-0.01130779203662275
0.,6.098812184389393,0.000028653633102980873
0.1033676337146491,6.098812184389393,0.015396614614249984
0.2067352674292982,6.098812184389393,0.03021441090817375
0.31010290114394734,6.098812184389393,0.03986081684978184
0.4134705348585964,6.098812184389393,0.04124098461601578
0.5168381685732455,6.098812184389393,0.033827006335081615
0.6202058022878947,6.098812184389393,0.019806856002274217
0.7235734360025438,6.098812184389393,0.003294947927940212
0.8269410697171944,6.098812184389393,-0.011108294734818393
0.9303087034318435,6.098812184389393,-0.0198911235267404
1.0336763371464925,6.098812184389393,-0.021779382797653086
1.1370439708611417,6.098812184389393,-0.018056761517610813
1.2404116045757907,6.098812184389393,-0.011953715055848978
1.3437792382904399,6.098812184389393,-0.007337697855889717
1.447146872005089,6.098812184389393,-0.007187670343777407
1.550514505719738,6.098812184389393,-0.012411975827326609
1.6538821394343872,6.098812184389393,-0.021443905310194723
1.7572497731490362,6.098812184389393,-0.030768609978282752
1.8606174068636854,6.098812184389393,-0.03619896324583671
1.9639850405783346,6.098812184389393,-0.03444650168283828
2.0673526742929837,6.098812184389393,-0.024423445515199024
2.1707203080076343,6.098812184389393,-0.0078022397555308496
2.2740879417222835,6.098812184389393,0.0113819824319509
2.3774555754369326,6.098812184389393,0.027964844666610165
2.4808232091515814,6.098812184389393,0.03730699141368018
2.5841908428662306,6.098812184389393,0.03680548665185627
2.6875584765808798,6.098812184389393,0.026747155195387493
2.790926110295529,6.098812184389393,0.010216289292814493
2.894293744010178,6.098812184389393,-0.007905029860378152
2.997661377724827,6.098812184389393,-0.02249652614840976
3.101029011439476,6.098812184389393,-0.02978704591791345
3.2043966451541253,6.098812184389393,-0.02844007257982978
3.3077642788687744,6.098812184389393,-0.019794063337278768
3.411131912583425,6.098812184389393,-0.007215277310457747
3.514499546298074,6.098812184389393,0.005171495680872039
3.6178671800127233,6.098812184389393,0.013903319243010574
3.7212348137273725,6.098812184389393,0.017246919178912662
3.8246024474420213,6.098812184389393,0.015558168638008974
3.9279700811566705,6.098812184389393,0.01084888709530246
4.031337714871319,6.098812184389393,0.005770597777322218
4.134705348585968,6.098812184389393,0.0024339365052584525
4.238072982300618,6.098812184389393,0.0015312055988526078
4.341440616015267,6.098812184389393,0.002102247374330273
4.444808249729916,6.098812184389393,0.0020293586821058976
4.548175883444565,6.098812184389393,-0.0009389380078188182
4.651543517159214,6.098812184389393,-0.008045589847937722
4.754911150873865,6.098812184389393,-0.01872949941912424
4.858278784588514,6.098812184389393,-0.03051978401870326
4.961646418303163,6.098812184389393,-0.03970660187813203
5.065014052017812,6.098812184389393,-0.04257904613662067
5.168381685732461,6.098812184389393,-0.03679424302765873
5.27174931944711,6.098812184389393,-0.022371414448388773
5.3751169531617595,6.098812184389393,-0.001920406922145002
5.478484586876409,6.098812184389393,0.020021699893106204
5.581852220591058,6.098812184389393,0.03835280769214699
5.685219854305707,6.098812184389393,0.04901419341305976
5.788587488020356,6.098812184389393,0.05028889631953459
5.8919551217350055,6.098812184389393,0.04332793119153547
5.995322755449654,6.098812184389393,0.031704673562260935
6.098690389164305,6.098812184389393,0.020138206546199047
6.202058022878954,6.098812184389393,0.012824210425861803
6.305425656593603,6.098812184389393,0.011959353091053336
6.408793290308252,6.098812184389393,0.016986140047491997
-6.408793290308252,6.202181882429891,0.015942022005603584
-6.305425656593603,6.202181882429891,0.019206089375198316
-6.202058022878954,6.202181882429891,0.020382367226876197
-6.098690389164304,6.202181882429891,0.01731756622351984
-5.995322755449655,6.202181882429891,0.00961173927221953
-5.8919551217350055,6.202181882429891,-0.001152482997392268
-5.788587488020356,6.202181882429891,-0.011938464770466676
-5.685219854305708,6.202181882429891,-0.01935765907659849
-5.581852220591058,6.202181882429891,-0.020944690102914353
-5.478484586876409,6.202181882429891,-0.016131977648062703
-5.3751169531617595,6.202181882429891,-0.006550244717694005
-5.27174931944711,6.202181882429891,0.004479258647057035
-5.168381685732461,6.202181882429891,0.01310027759149147
-5.065014052017812,6.202181882429891,0.01632067965329043
-4.961646418303163,6.202181882429891,0.01314859357310938
-4.858278784588514,6.202181882429891,0.0050385404147568185
-4.754911150873865,6.202181882429891,-0.004541961197290282
-4.651543517159215,6.202181882429891,-0.011301189220734241
-4.548175883444566,6.202181882429891,-0.011664785962012645
-4.444808249729917,6.202181882429891,-0.004125570015648622
-4.341440616015267,6.202181882429891,0.010093265149646546
-4.238072982300618,6.202181882429891,0.027327437491355595
-4.134705348585968,6.202181882429891,0.04264761960374911
-4.031337714871319,6.202181882429891,0.051537609215164766
-3.9279700811566705,6.202181882429891,0.05149760779937546
-3.8246024474420213,6.202181882429891,0.04300160563017435
-3.7212348137273725,6.202181882429891,0.029445850965364048
-3.6178671800127233,6.202181882429891,0.016067720743022863
-3.514499546298074,6.202181882429891,0.008174466997546348
-3.411131912583425,6.202181882429891,0.00927367192764137
-3.3077642788687753,6.202181882429891,0.019750936188884172
-3.204396645154126,6.202181882429891,0.036571688885353434
-3.101029011439477,6.202181882429891,0.05414614829880322
-2.9976613777248278,6.202181882429891,0.06610220645264145
-2.8942937440101786,6.202181882429891,0.06739481878773364
-2.790926110295529,6.202181882429891,0.05605228125246237
-2.6875584765808798,6.202181882429891,0.033966664296858934
-2.5841908428662306,6.202181882429891,0.006444845384631677
-2.4808232091515814,6.202181882429891,-0.01935433277554348
-2.3774555754369326,6.202181882429891,-0.03659979103562726
-2.2740879417222835,6.202181882429891,-0.04087991114603231
-2.1707203080076334,6.202181882429891,-0.031528002108960375
-2.067352674292984,6.202181882429891,-0.011756452694101178
-1.9639850405783352,6.202181882429891,0.012431098382781001
-1.8606174068636863,6.202181882429891,0.03417759615580206
-1.757249773149037,6.202181882429891,0.04791320530962887
-1.6538821394343879,6.202181882429891,0.05099570953234178
-1.550514505719738,6.202181882429891,0.044328175574457944
-1.447146872005089,6.202181882429891,0.031784803492495774
-1.3437792382904399,6.202181882429891,0.018680308978254477
-1.2404116045757907,6.202181882429891,0.009835420974662086
-1.1370439708611417,6.202181882429891,0.007914095158411669
-1.0336763371464925,6.202181882429891,0.012597471040014175
-0.9303087034318435,6.202181882429891,0.02085672096070545
-0.8269410697171936,6.202181882429891,0.028198796602076668
-0.7235734360025445,6.202181882429891,0.030420985696017082
-0.6202058022878953,6.202181882429891,0.025238730947368636
-0.5168381685732463,6.202181882429891,0.013203998084927745
-0.4134705348585972,6.202181882429891,-0.002412141768253207
-0.31010290114394806,6.202181882429891,-0.01673046482308895
-0.2067352674292982,6.202181882429891,-0.02497468291254832
-0.1033676337146491,6.202181882429891,-0.02417813988901202
0.,6.202181882429891,-0.014283394456549154
0.1033676337146491,6.202181882429891,0.0017551122786895865
0.2067352674292982,6.202181882429891,0.018906517178764713
0.31010290114394734,6.202181882429891,0.031716413065189034
0.4134705348585964,6.202181882429891,0.03610749456950231
0.5168381685732455,6.202181882429891,0.030708619874828598
0.6202058022878947,6.202181882429891,0.0172588270708584
0.7235734360025438,6.202181882429891,-0.00004452545739277433
0.8269410697171944,6.202181882429891,-0.01601809097133908
0.9303087034318435,6.202181882429891,-0.026267797399246385
1.0336763371464925,6.202181882429891,-0.02864915569267749
1.1370439708611417,6.202181882429891,-0.023910011630724547
1.2404116045757907,6.202181882429891,-0.015302610492224355
1.3437792382904399,6.202181882429891,-0.0073136560828846835
1.447146872005089,6.202181882429891,-0.0039687605246644456
1.550514505719738,6.202181882429891,-0.00731442374773564
1.6538821394343872,6.202181882429891,-0.0166162036664049
1.7572497731490362,6.202181882429891,-0.028559538104689627
1.8606174068636854,6.202181882429891,-0.03838835812474079
1.9639850405783346,6.202181882429891,-0.04158867799097791
2.0673526742929837,6.202181882429891,-0.03553338175167706
2.1707203080076343,6.202181882429891,-0.0205158695525077
2.2740879417222835,6.202181882429891,0.00019098131816992924
2.3774555754369326,6.202181882429891,0.021281113423025445
2.4808232091515814,6.202181882429891,0.03705558702332116
2.5841908428662306,6.202181882429891,0.04321212818949852
2.6875584765808798,6.202181882429891,0.038192619164608574
2.790926110295529,6.202181882429891,0.0236510057063424
2.894293744010178,6.202181882429891,0.0039027516568179415
2.997661377724827,6.202181882429891,-0.01544362749457701
3.101029011439476,6.202181882429891,-0.029208326704003286
3.2043966451541253,6.202181882429891,-0.03414964896101546
3.3077642788687744,6.202181882429891,-0.029787172994735694
3.411131912583425,6.202181882429891,-0.01831226856930835
3.514499546298074,6.202181882429891,-0.0036729788538194925
3.6178671800127233,6.202181882429891,0.009809946373970344
3.7212348137273725,6.202181882429891,0.01880401080115102
3.8246024474420213,6.202181882429891,0.02185179386617825
3.9279700811566705,6.202181882429891,0.019527250201597218
4.031337714871319,6.202181882429891,0.013878710892069268
4.134705348585968,6.202181882429891,0.00742788982456203
4.238072982300618,6.202181882429891,0.0021355391066115084
4.341440616015267,6.202181882429891,-0.0012714393664464262
4.444808249729916,6.202181882429891,-0.0033777528196873795
4.548175883444565,6.202181882429891,-0.0055706500101871835
4.651543517159214,6.202181882429891,-0.009182734437777597
4.754911150873865,6.202181882429891,-0.014658125782485532
4.858278784588514,6.202181882429891,-0.02110027550221214
4.961646418303163,6.202181882429891,-0.026407410330139287
5.065014052017812,6.202181882429891,-0.027968762783653376
5.168381685732461,6.202181882429891,-0.02366996991922931
5.27174931944711,6.202181882429891,-0.012824707857219335
5.3751169531617595,6.202181882429891,0.0033375423353872477
5.478484586876409,6.202181882429891,0.02184362836268101
5.581852220591058,6.202181882429891,0.038785066967923144
5.685219854305707,6.202181882429891,0.050501558444971416
5.788587488020356,6.202181882429891,0.05473190193301651
5.8919551217350055,6.202181882429891,0.051324280949168084
5.995322755449654,6.202181882429891,0.04224680602335716
6.098690389164305,6.202181882429891,0.03088524339504494
6.202058022878954,6.202181882429891,0.02086970229404706
6.305425656593603,6.202181882429891,0.014842991089917948
6.408793290308252,6.202181882429891,0.01360709299014694
-6.408793290308252,6.30555158047039,0.005214586371854649
-6.305425656593603,6.30555158047039,0.003695129893749026
-6.202058022878954,6.30555158047039,0.004630995641540119
-6.098690389164304,6.30555158047039,0.006368706257768073
-5.995322755449655,6.30555158047039,0.007342222624702811
-5.8919551217350055,6.30555158047039,0.00662201120241067
-5.788587488020356,6.30555158047039,0.00416831532794531
-5.685219854305708,6.30555158047039,0.0007190031383629896
-5.581852220591058,6.30555158047039,-0.002615754375539439
-5.478484586876409,6.30555158047039,-0.0048708701322618675
-5.3751169531617595,6.30555158047039,-0.005639334694654952
-5.27174931944711,6.30555158047039,-0.0052144407396933126
-5.168381685732461,6.30555158047039,-0.004409553670166926
-5.065014052017812,6.30555158047039,-0.004137580222534381
-4.961646418303163,6.30555158047039,-0.004932565081705387
-4.858278784588514,6.30555158047039,-0.006622786957539385
-4.754911150873865,6.30555158047039,-0.008306824250094552
-4.651543517159215,6.30555158047039,-0.008662800632627641
-4.548175883444566,6.30555158047039,-0.006483084015675295
-4.444808249729917,6.30555158047039,-0.001226458020767154
-4.341440616015267,6.30555158047039,0.0066415277655219864
-4.238072982300618,6.30555158047039,0.015679788506768114
-4.134705348585968,6.30555158047039,0.023896841919396353
-4.031337714871319,6.30555158047039,0.029437062886584504
-3.9279700811566705,6.30555158047039,0.031281797305200885
-3.8246024474420213,6.30555158047039,0.02969349418823908
-3.7212348137273725,6.30555158047039,0.02620837721529448
-3.6178671800127233,6.30555158047039,0.023140313454890933
-3.514499546298074,6.30555158047039,0.022740995784512663
-3.411131912583425,6.30555158047039,0.026302473965550584
-3.3077642788687753,6.30555158047039,0.03353241348852685
-3.204396645154126,6.30555158047039,0.04245790613830003
-3.101029011439477,6.30555158047039,0.0499403280913877
-2.9976613777248278,6.30555158047039,0.05266885641723285
-2.8942937440101786,6.30555158047039,0.04831905034580737
-2.790926110295529,6.30555158047039,0.03648227210571222
-2.6875584765808798,6.30555158047039,0.01902580150152698
-2.5841908428662306,6.30555158047039,-0.00027993710321169154
-2.4808232091515814,6.30555158047039,-0.01678771744350669
-2.3774555754369326,6.30555158047039,-0.02634678899749329
-2.2740879417222835,6.30555158047039,-0.026584474023933553
-2.1707203080076334,6.30555158047039,-0.017670300832146928
-2.067352674292984,6.30555158047039,-0.0022953769385057428
-1.9639850405783352,6.30555158047039,0.015145803291162704
-1.8606174068636863,6.30555158047039,0.029917802927853735
-1.757249773149037,6.30555158047039,0.038410652319752714
-1.6538821394343879,6.30555158047039,0.039227985951214545
-1.550514505719738,6.30555158047039,0.03353529981641021
-1.447146872005089,6.30555158047039,0.02455200890596368
-1.3437792382904399,6.30555158047039,0.01635939914413713
-1.2404116045757907,6.30555158047039,0.012430229206983315
-1.1370439708611417,6.30555158047039,0.014383830979918485
-1.0336763371464925,6.30555158047039,0.02139747616229002
-0.9303087034318435,6.30555158047039,0.03048313756392297
-0.8269410697171936,6.30555158047039,0.03754255718634104
-0.7235734360025445,6.30555158047039,0.03884340500073052
-0.6202058022878953,6.30555158047039,0.032408386665668844
-0.5168381685732463,6.30555158047039,0.01883088281262
-0.4134705348585972,6.30555158047039,0.0012199682239600082
-0.31010290114394806,6.30555158047039,-0.015728185993303802
-0.2067352674292982,6.30555158047039,-0.027235871664216576
-0.1033676337146491,6.30555158047039,-0.030027028879295706
0.,6.30555158047039,-0.02345348603368653
0.1033676337146491,6.30555158047039,-0.009775904846495707
0.2067352674292982,6.30555158047039,0.006509025008547397
0.31010290114394734,6.30555158047039,0.020083842250385397
0.4134705348585964,6.30555158047039,0.026505301096965077
0.5168381685732455,6.30555158047039,0.02361906508738043
0.6202058022878947,6.30555158047039,0.012224887307011299
0.7235734360025438,6.30555158047039,-0.0042277098791161215
0.8269410697171944,6.30555158047039,-0.02080914849117469
0.9303087034318435,6.30555158047039,-0.03275111568137486
1.0336763371464925,6.30555158047039,-0.03700838334112051
1.1370439708611417,6.30555158047039,-0.03321837926681547
1.2404116045757907,6.30555158047039,-0.02374033933958142
1.3437792382904399,6.30555158047039,-0.012767549280671595
1.447146872005089,6.30555158047039,-0.004819615755009269
1.550514505719738,6.30555158047039,-0.0031310086992340736
1.6538821394343872,6.30555158047039,-0.008486727322132704
1.7572497731490362,6.30555158047039,-0.018904428953905192
1.8606174068636854,6.30555158047039,-0.030276137506121924
1.9639850405783346,6.30555158047039,-0.037758406432328966
2.0673526742929837,6.30555158047039,-0.03744670194105406
2.1707203080076343,6.30555158047039,-0.0277725550995986
2.2740879417222835,6.30555158047039,-0.010152679860334204
2.3774555754369326,6.30555158047039,0.01133342639624745
2.4808232091515814,6.30555158047039,0.03114026157047815
2.5841908428662306,6.30555158047039,0.04394350381829583
2.6875584765808798,6.30555158047039,0.046275266776807586
2.790926110295529,6.30555158047039,0.03758596829786602
2.894293744010178,6.30555158047039,0.020402007512100227
2.997661377724827,6.30555158047039,-0.00045669813231673305
3.101029011439476,6.30555158047039,-0.019334975922066018
3.2043966451541253,6.30555158047039,-0.03140478886643976
3.3077642788687744,6.30555158047039,-0.03401094186306298
3.411131912583425,6.30555158047039,-0.027299521345071985
3.514499546298074,6.30555158047039,-0.013972965527660221
3.6178671800127233,6.30555158047039,0.0017003139730844116
3.7212348137273725,6.30555158047039,0.01526498712385506
3.8246024474420213,6.30555158047039,0.02338876800376715
3.9279700811566705,6.30555158047039,0.02469942724151922
4.031337714871319,6.30555158047039,0.019927880413346748
4.134705348585968,6.30555158047039,0.011380187339066514
4.238072982300618,6.30555158047039,0.0019807014602053565
4.341440616015267,6.30555158047039,-0.0057491886023150335
4.444808249729916,6.30555158047039,-0.010423156631647307
4.548175883444565,6.30555158047039,-0.01201147822048367
4.651543517159214,6.30555158047039,-0.011530828286004434
4.754911150873865,6.30555158047039,-0.010375037967761323
4.858278784588514,6.30555158047039,-0.009578547825068576
4.961646418303163,6.30555158047039,-0.009309716084747505
5.065014052017812,6.30555158047039,-0.008786486536176969
5.168381685732461,6.30555158047039,-0.006635156375607452
5.27174931944711,6.30555158047039,-0.0015397076874158256
5.3751169531617595,6.30555158047039,0.007081726490074872
5.478484586876409,6.30555158047039,0.0186459896046394
5.581852220591058,6.30555158047039,0.031398994937680856
5.685219854305707,6.30555158047039,0.04285460475141066
5.788587488020356,6.30555158047039,0.05053220013387899
5.8919551217350055,6.30555158047039,0.05273553255567997
5.995322755449654,6.30555158047039,0.049098673703772744
6.098690389164305,6.30555158047039,0.04070748606864713
6.202058022878954,6.30555158047039,0.029755692733841273
6.305425656593603,6.30555158047039,0.018857884834437687
6.408793290308252,6.30555158047039,0.010258677380921462
-6.408793290308252,6.408921278510888,-0.005992791692754373
-6.305425656593603,6.408921278510888,-0.012976768131170328
-6.202058022878954,6.408921278510888,-0.01290139871212077
-6.098690389164304,6.408921278510888,-0.0065725142542561186
-5.995322755449655,6.408921278510888,0.0034731870007761174
-5.8919551217350055,6.408921278510888,0.013781685582023667
-5.788587488020356,6.408921278510888,0.02103919051446429
-5.685219854305708,6.408921278510888,0.02303684049407092
-5.581852220591058,6.408921278510888,0.019249355045537396
-5.478484586876409,6.408921278510888,0.010870279564674144
-5.3751169531617595,6.408921278510888,0.00032620830891236626
-5.27174931944711,6.408921278510888,-0.009544590127304995
-5.168381685732461,6.408921278510888,-0.01636956370927221
-5.065014052017812,6.408921278510888,-0.018897234576745945
-4.961646418303163,6.408921278510888,-0.017243467235487628
-4.858278784588514,6.408921278510888,-0.01268663163330307
-4.754911150873865,6.408921278510888,-0.007117612084107623
-4.651543517159215,6.408921278510888,-0.0023527368176599695
-4.548175883444566,6.408921278510888,0.00045620193722038197
-4.444808249729917,6.408921278510888,0.0011332554650239387
-4.341440616015267,6.408921278510888,0.0004367652221570491
-4.238072982300618,6.408921278510888,-0.0002874310728580267
-4.134705348585968,6.408921278510888,0.000383929969621448
-4.031337714871319,6.408921278510888,0.003458139252604271
-3.9279700811566705,6.408921278510888,0.009204354744362278
-3.8246024474420213,6.408921278510888,0.01708390940207374
-3.7212348137273725,6.408921278510888,0.0259234526322391
-3.6178671800127233,6.408921278510888,0.034246132496511365
-3.514499546298074,6.408921278510888,0.04064044076104331
-3.411131912583425,6.408921278510888,0.04405708651051145
-3.3077642788687753,6.408921278510888,0.04397025340336518
-3.204396645154126,6.408921278510888,0.04039797149636767
-3.101029011439477,6.408921278510888,0.03382254617672482
-2.9976613777248278,6.408921278510888,0.025069735516592712
-2.8942937440101786,6.408921278510888,0.015192502418673396
-2.790926110295529,6.408921278510888,0.005373383398616488
-2.6875584765808798,6.408921278510888,-0.0031717578655251137
-2.5841908428662306,6.408921278510888,-0.009318617381031678
-2.4808232091515814,6.408921278510888,-0.012204169071128207
-2.3774555754369326,6.408921278510888,-0.011422599164868905
-2.2740879417222835,6.408921278510888,-0.007190377475250544
-2.1707203080076334,6.408921278510888,-0.0004027503677769616
-2.067352674292984,6.408921278510888,0.0074830149285077694
-1.9639850405783352,6.408921278510888,0.0147533885211909
-1.8606174068636863,6.408921278510888,0.0198784905819883
-1.757249773149037,6.408921278510888,0.02196546366373728
-1.6538821394343879,6.408921278510888,0.021072440753290796
-1.550514505719738,6.408921278510888,0.018251308563432624
-1.447146872005089,6.408921278510888,0.01526266654931879
-1.3437792382904399,6.408921278510888,0.014015231282848947
-1.2404116045757907,6.408921278510888,0.01588801134007085
-1.1370439708611417,6.408921278510888,0.021156786678033106
-1.0336763371464925,6.408921278510888,0.02873791517338507
-0.9303087034318435,6.408921278510888,0.03637672727832798
-0.8269410697171936,6.408921278510888,0.04126699418863647
-0.7235734360025445,6.408921278510888,0.04093668192107805
-0.6202058022878953,6.408921278510888,0.03412606041225257
-0.5168381685732463,6.408921278510888,0.021359657898142235
-0.4134705348585972,6.408921278510888,0.004989716333218412
-0.31010290114394806,6.408921278510888,-0.011352205262180408
-0.2067352674292982,6.408921278510888,-0.02376527635824356
-0.1033676337146491,6.408921278510888,-0.029256594125974828
0.,6.408921278510888,-0.026714182778779662
0.1033676337146491,6.408921278510888,-0.017346956846843384
0.2067352674292982,6.408921278510888,-0.004417781313808065
0.31010290114394734,6.408921278510888,0.007682459838846156
0.4134705348585964,6.408921278510888,0.014754104845069263
0.5168381685732455,6.408921278510888,0.014094916223107965
0.6202058022878947,6.408921278510888,0.0053739299079018955
0.7235734360025438,6.408921278510888,-0.009221715015663363
0.8269410697171944,6.408921278510888,-0.025635237489753226
0.9303087034318435,6.408921278510888,-0.03919544960358407
1.0336763371464925,6.408921278510888,-0.04608719094275177
1.1370439708611417,6.408921278510888,-0.044565104499949805
1.2404116045757907,6.408921278510888,-0.03551167114898007
1.3437792382904399,6.408921278510888,-0.022146430096248317
1.447146872005089,6.408921278510888,-0.00896783305500528
1.550514505719738,6.408921278510888,-0.00026302460091852316
1.6538821394343872,6.408921278510888,0.001330454282501527
1.7572497731490362,6.408921278510888,-0.0042650711350087165
1.8606174068636854,6.408921278510888,-0.014496239474992616
1.9639850405783346,6.408921278510888,-0.024986932992787775
2.0673526742929837,6.408921278510888,-0.03097744892231453
2.1707203080076343,6.408921278510888,-0.02893380772646772
2.2740879417222835,6.408921278510888,-0.017802012322885905
2.3774555754369326,6.408921278510888,0.0005113019041087624
2.4808232091515814,6.408921278510888,0.021605467292071866
2.5841908428662306,6.408921278510888,0.03986866036702025
2.6875584765808798,6.408921278510888,0.050180684559704376
2.790926110295529,6.408921278510888,0.049499896567803195
2.894293744010178,6.408921278510888,0.03783114823595374
2.997661377724827,6.408921278510888,0.01826625610257253
3.101029011439476,6.408921278510888,-0.003917724371246975
3.2043966451541253,6.408921278510888,-0.022819364069392938
3.3077642788687744,6.408921278510888,-0.03364411735982556
3.411131912583425,6.408921278510888,-0.03406923079599002
3.514499546298074,6.408921278510888,-0.024829103828127114
3.6178671800127233,6.408921278510888,-0.009360937555861759
3.7212348137273725,6.408921278510888,0.007350527987563664
3.8246024474420213,6.408921278510888,0.020342701177798593
3.9279700811566705,6.408921278510888,0.026155148449334573
4.031337714871319,6.408921278510888,0.023763110191760178
4.134705348585968,6.408921278510888,0.014700121370659713
4.238072982300618,6.408921278510888,0.0023760926659024597
4.341440616015267,6.408921278510888,-0.009144462503415279
4.444808249729916,6.408921278510888,-0.01647768002948007
4.548175883444565,6.408921278510888,-0.017927560734922677
4.651543517159214,6.408921278510888,-0.013854918603412062
4.754911150873865,6.408921278510888,-0.006326699500871843
4.858278784588514,6.408921278510888,0.0017892092275654488
4.961646418303163,6.408921278510888,0.007937940068360252
5.065014052017812,6.408921278510888,0.010798712345711824
5.168381685732461,6.408921278510888,0.010695078591622761
5.27174931944711,6.408921278510888,0.009367003921690374
5.3751169531617595,6.408921278510888,0.009206539829225044
5.478484586876409,6.408921278510888,0.012246744594806725
5.581852220591058,6.408921278510888,0.01927639858131064
5.685219854305707,6.408921278510888,0.029404525528520242
5.788587488020356,6.408921278510888,0.0402378755341469
5.8919551217350055,6.408921278510888,0.04861856128991933
5.995322755449654,6.408921278510888,0.05167300300133109
6.098690389164305,6.408921278510888,0.04781417755555258
6.202058022878954,6.408921278510888,0.03735311191543894
6.305425656593603,6.408921278510888,0.022506392884077478
6.408793290308252,6.408921278510888,0.006788456127516433
