-6.408793290308252,-6.408921278510889,-0.031458752579815286
-6.305425656593603,-6.408921278510889,-0.0322377449096749
-6.202058022878954,-6.408921278510889,-0.032814650688126355
-6.098690389164304,-6.408921278510889,-0.032769584662607903
-5.995322755449655,-6.408921278510889,-0.031628644012913716
-5.8919551217350055,-6.408921278510889,-0.029020411140401943
-5.788587488020356,-6.408921278510889,-0.024802087706060467
-5.685219854305708,-6.408921278510889,-0.019127629745079668
-5.581852220591058,-6.408921278510889,-0.012446537899018626
-5.478484586876409,-6.408921278510889,-0.005438192505930747
-5.3751169531617595,-6.408921278510889,0.0011008077127493369
-5.27174931944711,-6.408921278510889,0.006391798046142619
-5.168381685732461,-6.408921278510889,0.00980574240775471
-5.065014052017812,-6.408921278510889,0.010968544554613475
-4.961646418303163,-6.408921278510889,0.009822977287829467
-4.858278784588514,-6.408921278510889,0.006637723941085163
-4.754911150873865,-6.408921278510889,0.0019622377328647237
-4.651543517159215,-6.408921278510889,-0.0034654617444082416
-4.548175883444566,-6.408921278510889,-0.008842911921793359
-4.444808249729917,-6.408921278510889,-0.013437508007412178
-4.341440616015267,-6.408921278510889,-0.016705590385066315
-4.238072982300618,-6.408921278510889,-0.018371870649932887
-4.134705348585968,-6.408921278510889,-0.01845132142321387
-4.031337714871319,-6.408921278510889,-0.017207546233426796
-3.9279700811566705,-6.408921278510889,-0.015056767106392484
-3.8246024474420213,-6.408921278510889,-0.012441249941622247
-3.7212348137273725,-6.408921278510889,-0.009705863087945894
-3.6178671800127233,-6.408921278510889,-0.007012828854719268
-3.514499546298074,-6.408921278510889,-0.004320947077958567
-3.411131912583425,-6.408921278510889,-0.0014380027680202612
-3.3077642788687753,-6.408921278510889,0.0018669128737161386
-3.204396645154126,-6.408921278510889,0.0057244766763571335
-3.101029011439477,-6.408921278510889,0.010044497141134251
-2.9976613777248278,-6.408921278510889,0.01445706031146105
-2.8942937440101786,-6.408921278510889,0.018343698322699553
-2.790926110295529,-6.408921278510889,0.020961178254312776
-2.6875584765808798,-6.408921278510889,0.021631551562146443
-2.5841908428662306,-6.408921278510889,0.019948570039977378
-2.4808232091515814,-6.408921278510889,0.01594021118186799
-2.3774555754369326,-6.408921278510889,0.010134095242752942
-2.2740879417222835,-6.408921278510889,0.0034961608855527218
-2.1707203080076334,-6.408921278510889,-0.00275289822225374
-2.067352674292984,-6.408921278510889,-0.007403804697562973
-1.9639850405783352,-6.408921278510889,-0.00954207298199835
-1.8606174068636863,-6.408921278510889,-0.008774772834256254
-1.757249773149037,-6.408921278510889,-0.00533894330397402
-1.6538821394343879,-6.408921278510889,-0.00005965221928775307
-1.550514505719738,-6.408921278510889,0.005835013174733849
-1.447146872005089,-6.408921278510889,0.010996907355806801
-1.3437792382904399,-6.408921278510889,0.014267931712013076
-1.2404116045757907,-6.408921278510889,0.014940095768868128
-1.1370439708611417,-6.408921278510889,0.01290282258224137
-1.0336763371464925,-6.408921278510889,0.008645645209520323
-0.9303087034318435,-6.408921278510889,0.0031226179330927787
-0.8269410697171936,-6.408921278510889,-0.0024806050637125425
-0.7235734360025445,-6.408921278510889,-0.007014390915054758
-0.6202058022878953,-6.408921278510889,-0.009601301217810264
-0.5168381685732463,-6.408921278510889,-0.00978899718032531
-0.4134705348585972,-6.408921278510889,-0.007594762473468358
-0.31010290114394806,-6.408921278510889,-0.0034469494108804316
-0.2067352674292982,-6.408921278510889,0.0019462456103297272
-0.1033676337146491,-6.408921278510889,0.007757117917096794
0.,-6.408921278510889,0.013185502811746493
0.1033676337146491,-6.408921278510889,0.0175633320684463
0.2067352674292982,-6.408921278510889,0.02040691321199841
0.31010290114394734,-6.408921278510889,0.021425625374166913
0.4134705348585964,-6.408921278510889,0.020507208630269117
0.5168381685732455,-6.408921278510889,0.017701280823251495
0.6202058022878947,-6.408921278510889,0.013214919433926263
0.7235734360025438,-6.408921278510889,0.007421111565553778
0.8269410697171944,-6.408921278510889,0.0008682342352118079
0.9303087034318435,-6.408921278510889,-0.005728354260735917
1.0336763371464925,-6.408921278510889,-0.01153015577313843
1.1370439708611417,-6.408921278510889,-0.01566281200061511
1.2404116045757907,-6.408921278510889,-0.017340385082805086
1.3437792382904399,-6.408921278510889,-0.016005840787685025
1.447146872005089,-6.408921278510889,-0.01145760163204056
1.550514505719738,-6.408921278510889,-0.003930964524256756
1.6538821394343872,-6.408921278510889,0.005889109931970343
1.7572497731490362,-6.408921278510889,0.016933054121775856
1.8606174068636854,-6.408921278510889,0.027882065328021618
1.9639850405783346,-6.408921278510889,0.037351569749914264
2.0673526742929837,-6.408921278510889,0.04409144646979851
2.1707203080076343,-6.408921278510889,0.04716972033953673
2.2740879417222835,-6.408921278510889,0.046111041816394756
2.3774555754369326,-6.408921278510889,0.04097028132298212
2.4808232091515814,-6.408921278510889,0.0323322454413649
2.5841908428662306,-6.408921278510889,0.02123861648915391
2.6875584765808798,-6.408921278510889,0.009051584782907187
2.790926110295529,-6.408921278510889,-0.0027297197710461174
2.894293744010178,-6.408921278510889,-0.012678392372211007
2.997661377724827,-6.408921278510889,-0.019648175048735606
3.101029011439476,-6.408921278510889,-0.02295132150721152
3.2043966451541253,-6.408921278510889,-0.022475402007847797
3.3077642788687744,-6.408921278510889,-0.01871269895979675
3.411131912583425,-6.408921278510889,-0.012686430514588022
3.514499546298074,-6.408921278510889,-0.005775068000470703
3.6178671800127233,-6.408921278510889,0.0005428174572406525
3.7212348137273725,-6.408921278510889,0.004979986295255929
3.8246024474420213,-6.408921278510889,0.0067105202802117256
3.9279700811566705,-6.408921278510889,0.00555773558368878
4.031337714871319,-6.408921278510889,0.002051116842219731
4.134705348585968,-6.408921278510889,-0.0026709990304612935
4.238072982300618,-6.408921278510889,-0.007101672283018996
4.341440616015267,-6.408921278510889,-0.009701899866998539
4.444808249729916,-6.408921278510889,-0.009260154047135977
4.548175883444565,-6.408921278510889,-0.005191584008996376
4.651543517159214,-6.408921278510889,0.002295949378357842
4.754911150873865,-6.408921278510889,0.012212278888701248
4.858278784588514,-6.408921278510889,0.02297332088444613
4.961646418303163,-6.408921278510889,0.03272566183020869
5.065014052017812,-6.408921278510889,0.03973201079469471
5.168381685732461,-6.408921278510889,0.0427274393341246
5.27174931944711,-6.408921278510889,0.041164388157327994
5.3751169531617595,-6.408921278510889,0.03529310795007317
5.478484586876409,-6.408921278510889,0.026065747115522512
5.581852220591058,-6.408921278510889,0.014895543522716777
5.685219854305707,-6.408921278510889,0.0033361461243672447
5.788587488020356,-6.408921278510889,-0.007238424318199088
5.8919551217350055,-6.408921278510889,-0.015878461094346864
5.995322755449654,-6.408921278510889,-0.022177555352635422
6.098690389164305,-6.408921278510889,-0.02625089188755134
6.202058022878954,-6.408921278510889,-0.028594168479041185
6.305425656593603,-6.408921278510889,-0.029872089296064542
6.408793290308252,-6.408921278510889,-0.030697871792993294
-6.408793290308252,-6.305551580470391,-0.03240948375794377
-6.305425656593603,-6.305551580470391,-0.03348812375929956
-6.202058022878954,-6.305551580470391,-0.034808794306812364
-6.098690389164304,-6.305551580470391,-0.03586505050262072
-5.995322755449655,-6.305551580470391,-0.035941945238625594
-5.8919551217350055,-6.305551580470391,-0.03432922583210504
-5.788587488020356,-6.305551580470391,-0.030548975163053004
-5.685219854305708,-6.305551580470391,-0.02454001186916647
-5.581852220591058,-6.305551580470391,-0.016749114004347698
-5.478484586876409,-6.305551580470391,-0.008099369955947039
-5.3751169531617595,-6.305551580470391,0.00016533843131598427
-5.27174931944711,-6.305551580470391,0.0067299639132979315
-5.168381685732461,-6.305551580470391,0.010496931242693573
-5.065014052017812,-6.305551580470391,0.01084547043168117
-4.961646418303163,-6.305551580470391,0.007796451514616205
-4.858278784588514,-6.305551580470391,0.002037307671401914
-4.754911150873865,-6.305551580470391,-0.0052058980770235234
-4.651543517159215,-6.305551580470391,-0.01242464767419271
-4.548175883444566,-6.305551580470391,-0.018154590181477963
-4.444808249729917,-6.305551580470391,-0.02129494723851028
-4.341440616015267,-6.305551580470391,-0.02134239324703276
-4.238072982300618,-6.305551580470391,-0.01848076559242168
-4.134705348585968,-6.305551580470391,-0.013503586163393099
-4.031337714871319,-6.305551580470391,-0.007589077035741626
-3.9279700811566705,-6.305551580470391,-0.001985926120206768
-3.8246024474420213,-6.305551580470391,0.002308020094837961
-3.7212348137273725,-6.305551580470391,0.0047895734458732525
-3.6178671800127233,-6.305551580470391,0.00555229809614841
-3.514499546298074,-6.305551580470391,0.00522064525523671
-3.411131912583425,-6.305551580470391,0.0047354875023323095
-3.3077642788687753,-6.305551580470391,0.005051206760665486
-3.204396645154126,-6.305551580470391,0.006829175050410836
-3.101029011439477,-6.305551580470391,0.01021401950825138
-2.9976613777248278,-6.305551580470391,0.014756795531600038
-2.8942937440101786,-6.305551580470391,0.01950903720160691
-2.790926110295529,-6.305551580470391,0.023264575199476303
-2.6875584765808798,-6.305551580470391,0.024884968442480084
-2.5841908428662306,-6.305551580470391,0.023620721571149347
-2.4808232091515814,-6.305551580470391,0.01934069280524718
-2.3774555754369326,-6.305551580470391,0.012606154677858559
-2.2740879417222835,-6.305551580470391,0.004567208218786642
-2.1707203080076334,-6.305551580470391,-0.003293641616281759
-2.067352674292984,-6.305551580470391,-0.009505753072873394
-1.9639850405783352,-6.305551580470391,-0.012954901320825505
-1.8606174068636863,-6.305551580470391,-0.01314135442136336
-1.757249773149037,-6.305551580470391,-0.010288131643624748
-1.6538821394343879,-6.305551580470391,-0.005275375545401713
-1.550514505719738,-6.305551580470391,0.0005789235196378597
-1.447146872005089,-6.305551580470391,0.005834022928983627
-1.3437792382904399,-6.305551580470391,0.00925812523554308
-1.2404116045757907,-6.305551580470391,0.010097023489242192
-1.1370439708611417,-6.305551580470391,0.00821955750083539
-1.0336763371464925,-6.305551580470391,0.004113048727715626
-0.9303087034318435,-6.305551580470391,-0.00126039125947332
-0.8269410697171936,-6.305551580470391,-0.006703492366549503
-0.7235734360025445,-6.305551580470391,-0.011057059073925566
-0.6202058022878953,-6.305551580470391,-0.013442136273491419
-0.5168381685732463,-6.305551580470391,-0.013419963751041956
-0.4134705348585972,-6.305551580470391,-0.011043014869028067
-0.31010290114394806,-6.305551580470391,-0.0067985380798421926
-0.2067352674292982,-6.305551580470391,-0.0014704332941081028
-0.1033676337146491,-6.305551580470391,0.0040396044145437375
0.,-6.305551580470391,0.008887508033729336
0.1033676337146491,-6.305551580470391,0.012422500903659636
0.2067352674292982,-6.305551580470391,0.01426205845391043
0.31010290114394734,-6.305551580470391,0.014303191947375584
0.4134705348585964,-6.305551580470391,0.012682668246076775
0.5168381685732455,-6.305551580470391,0.00970836552891332
0.6202058022878947,-6.305551580470391,0.005785979237265874
0.7235734360025438,-6.305551580470391,0.0013603546289934836
0.8269410697171944,-6.305551580470391,-0.00311882091372934
0.9303087034318435,-6.305551580470391,-0.007208131441381347
1.0336763371464925,-6.305551580470391,-0.010468545755267093
1.1370439708611417,-6.305551580470391,-0.01246546872850843
1.2404116045757907,-6.305551580470391,-0.012785021158061707
1.3437792382904399,-6.305551580470391,-0.011075136453320039
1.447146872005089,-6.305551580470391,-0.007110908053286918
1.550514505719738,-6.305551580470391,-0.0008734645202742165
1.6538821394343872,-6.305551580470391,0.0073767643474191395
1.7572497731490362,-6.305551580470391,0.017055742540585613
1.8606174068636854,-6.305551580470391,0.027262227818674423
1.9639850405783346,-6.305551580470391,0.036848801938746165
2.0673526742929837,-6.305551580470391,0.04455848789345634
2.1707203080076343,-6.305551580470391,0.0492122353248004
2.2740879417222835,-6.305551580470391,0.04991762386750078
2.3774555754369326,-6.305551580470391,0.0462587370025402
2.4808232091515814,-6.305551580470391,0.03842455527847839
2.5841908428662306,-6.305551580470391,0.027240242364256078
2.6875584765808798,-6.305551580470391,0.01408207376374347
2.790926110295529,-6.305551580470391,0.000679843957643447
2.894293744010178,-6.305551580470391,-0.011164295685926303
2.997661377724827,-6.305551580470391,-0.019890263269313715
3.101029011439476,-6.305551580470391,-0.024465403182662302
3.2043966451541253,-6.305551580470391,-0.02457959438745409
3.3077642788687744,-6.305551580470391,-0.020704243335001725
3.411131912583425,-6.305551580470391,-0.013996307964194715
3.514499546298074,-6.305551580470391,-0.006061646359007368
3.6178671800127233,-6.305551580470391,0.0013762374735578331
3.7212348137273725,-6.305551580470391,0.006833222263382723
3.8246024474420213,-6.305551580470391,0.009370673281862217
3.9279700811566705,-6.305551580470391,0.008783418786667841
4.031337714871319,-6.305551580470391,0.005627584416074945
4.134705348585968,-6.305551580470391,0.00108158889174973
4.238072982300618,-6.305551580470391,-0.0033290998085936836
4.341440616015267,-6.305551580470391,-0.006082328122622853
4.444808249729916,-6.305551580470391,-0.006007056310970508
4.548175883444565,-6.305551580470391,-0.0025521276512818435
4.651543517159214,-6.305551580470391,0.004081909890108557
4.754911150873865,-6.305551580470391,0.012974531998859425
4.858278784588514,-6.305551580470391,0.022670520534175606
4.961646418303163,-6.305551580470391,0.03147543702538694
5.065014052017812,-6.305551580470391,0.03779526025475485
5.168381685732461,-6.305551580470391,0.04044690406448228
5.27174931944711,-6.305551580470391,0.038875445810005044
5.3751169531617595,-6.305551580470391,0.03323659003660811
5.478484586876409,-6.305551580470391,0.024333488212754394
5.581852220591058,-6.305551580470391,0.01342844461234604
5.685219854305707,-6.305551580470391,0.001975436862271475
5.788587488020356,-6.305551580470391,-0.008666321943607556
5.8919551217350055,-6.305551580470391,-0.01747675617619696
5.995322755449654,-6.305551580470391,-0.023928343758789668
6.098690389164305,-6.305551580470391,-0.028021545781272052
6.202058022878954,-6.305551580470391,-0.03020182888821507
6.305425656593603,-6.305551580470391,-0.03118353776092458
6.408793290308252,-6.305551580470391,-0.03172537148255523
-6.408793290308252,-6.202181882429893,-0.029706488665655614
-6.305425656593603,-6.202181882429893,-0.03060437973446505
-6.202058022878954,-6.202181882429893,-0.032171383241488626
-6.098690389164304,-6.202181882429893,-0.03383264214747779
-5.995322755449655,-6.202181882429893,-0.03470337340407859
-5.8919551217350055,-6.202181882429893,-0.03385563349053702
-5.788587488020356,-6.202181882429893,-0.030619907797912665
-5.685219854305708,-6.202181882429893,-0.024839586944024796
-5.581852220591058,-6.202181882429893,-0.017003944407649504
-5.478484586876409,-6.202181882429893,-0.00821334377845415
-5.3751169531617595,-6.202181882429893,0.00002717189007555692
-5.27174931944711,-6.202181882429893,0.006143607814692939
-5.168381685732461,-6.202181882429893,0.008878184095003556
-5.065014052017812,-6.202181882429893,0.007625767084450998
-4.961646418303163,-6.202181882429893,0.0026304340965648105
-4.858278784588514,-6.202181882429893,-0.00501712790346674
-4.754911150873865,-6.202181882429893,-0.013591433110920448
-4.651543517159215,-6.202181882429893,-0.021109069545751733
-4.548175883444566,-6.202181882429893,-0.025781754722333412
-4.444808249729917,-6.202181882429893,-0.02643382703602953
-4.341440616015267,-6.202181882429893,-0.022778324642047036
-4.238072982300618,-6.202181882429893,-0.015479774639671139
-4.134705348585968,-6.202181882429893,-0.005985510552886172
-4.031337714871319,-6.202181882429893,0.0038331640318061033
-3.9279700811566705,-6.202181882429893,0.012139145410221198
-3.8246024474420213,-6.202181882429893,0.01757009358589626
-3.7212348137273725,-6.202181882429893,0.019548968162621607
-3.6178671800127233,-6.202181882429893,0.018386317072995824
-3.514499546298074,-6.202181882429893,0.015150995870924404
-3.411131912583425,-6.202181882429893,0.01134695252729261
-3.3077642788687753,-6.202181882429893,0.008484421234562422
-3.204396645154126,-6.202181882429893,0.007660791151551993
-3.101029011439477,-6.202181882429893,0.009262473147111403
-2.9976613777248278,-6.202181882429893,0.01286556247360644
-2.8942937440101786,-6.202181882429893,0.017359232451193772
-2.790926110295529,-6.202181882429893,0.02125622042211291
-2.6875584765808798,-6.202181882429893,0.02310546656959358
-2.5841908428662306,-6.202181882429893,0.021895936976700336
-2.4808232091515814,-6.202181882429893,0.017344454832072767
-2.3774555754369326,-6.202181882429893,0.009992433775616762
-2.2740879417222835,-6.202181882429893,0.0010876991436294314
-2.1707203080076334,-6.202181882429893,-0.00771586969482658
-2.067352674292984,-6.202181882429893,-0.014761356039091355
-1.9639850405783352,-6.202181882429893,-0.018789968689088377
-1.8606174068636863,-6.202181882429893,-0.019238577668058594
-1.757249773149037,-6.202181882429893,-0.0163607892461669
-1.6538821394343879,-6.202181882429893,-0.011145524531673235
-1.550514505719738,-6.202181882429893,-0.005059017899959978
-1.447146872005089,-6.202181882429893,0.0003203051544890588
-1.3437792382904399,-6.202181882429893,0.003680317011353747
-1.2404116045757907,-6.202181882429893,0.004273658099044273
-1.1370439708611417,-6.202181882429893,0.00206666201629169
-1.0336763371464925,-6.202181882429893,-0.002290576426520147
-0.9303087034318435,-6.202181882429893,-0.00765669854062664
-0.8269410697171936,-6.202181882429893,-0.012698638624402288
-0.7235734360025445,-6.202181882429893,-0.016219443849593836
-0.6202058022878953,-6.202181882429893,-0.017433172833199288
-0.5168381685732463,-6.202181882429893,-0.016123618982002565
-0.4134705348585972,-6.202181882429893,-0.01265617422838513
-0.31010290114394806,-6.202181882429893,-0.007850320065388688
-0.2067352674292982,-6.202181882429893,-0.00275409236171487
-0.1033676337146491,-6.202181882429893,0.0016168225875318747
0.,-6.202181882429893,0.0045085251914122534
0.1033676337146491,-6.202181882429893,0.005572983430329129
0.2067352674292982,-6.202181882429893,0.004898603187099085
0.31010290114394734,-6.202181882429893,0.0029303294438175666
0.4134705348585964,-6.202181882429893,0.00031066170176753807
0.5168381685732455,-6.202181882429893,-0.002308696563137204
0.6202058022878947,-6.202181882429893,-0.004430741076359911
0.7235734360025438,-6.202181882429893,-0.005809337374550638
0.8269410697171944,-6.202181882429893,-0.0064561021472107185
0.9303087034318435,-6.202181882429893,-0.006563152915005824
1.0336763371464925,-6.202181882429893,-0.006371249982739372
1.1370439708611417,-6.202181882429893,-0.0060283296113906116
1.2404116045757907,-6.202181882429893,-0.005485927282834432
1.3437792382904399,-6.202181882429893,-0.0044699116530122944
1.447146872005089,-6.202181882429893,-0.0025402993394253856
1.550514505719738,-6.202181882429893,0.0007714755299801746
1.6538821394343872,-6.202181882429893,0.005783464814497829
1.7572497731490362,-6.202181882429893,0.01249291153304217
1.8606174068636854,-6.202181882429893,0.020467038024286188
1.9639850405783346,-6.202181882429893,0.02883458036082427
2.0673526742929837,-6.202181882429893,0.03639364794028519
2.1707203080076343,-6.202181882429893,0.0418218175781518
2.2740879417222835,-6.202181882429893,0.04394662173867723
2.3774555754369326,-6.202181882429893,0.04201599405651449
2.4808232091515814,-6.202181882429893,0.03590389308894259
2.5841908428662306,-6.202181882429893,0.02619786004717074
2.6875584765808798,-6.202181882429893,0.014140344383245384
2.790926110295529,-6.202181882429893,0.0014284861525830903
2.894293744010178,-6.202181882429893,-0.010090121942490713
2.997661377724827,-6.202181882429893,-0.018763261477474515
3.101029011439476,-6.202181882429893,-0.02344814307824838
3.2043966451541253,-6.202181882429893,-0.023726087578718663
3.3077642788687744,-6.202181882429893,-0.01997140131545085
3.411131912583425,-6.202181882429893,-0.01325966995180218
3.514499546298074,-6.202181882429893,-0.005135513778751718
3.6178671800127233,-6.202181882429893,0.00271010433921779
3.7212348137273725,-6.202181882429893,0.008784299398572731
3.8246024474420213,-6.202181882429893,0.012086344602058057
3.9279700811566705,-6.202181882429893,0.012291559461883317
4.031337714871319,-6.202181882429893,0.009789755003157772
4.134705348585968,-6.202181882429893,0.005574224585117224
4.238072982300618,-6.202181882429893,0.0010082580825291044
4.341440616015267,-6.202181882429893,-0.002479557694962544
4.444808249729916,-6.202181882429893,-0.003707084790192994
4.548175883444565,-6.202181882429893,-0.0019937964255205
4.651543517159214,-6.202181882429893,0.0026910509143028296
4.754911150873865,-6.202181882429893,0.009714925442938857
4.858278784588514,-6.202181882429893,0.017903496907113497
4.961646418303163,-6.202181882429893,0.02577069774746241
5.065014052017812,-6.202181882429893,0.031810046965589846
5.168381685732461,-6.202181882429893,0.03478849163639871
5.27174931944711,-6.202181882429893,0.03398409482921277
5.3751169531617595,-6.202181882429893,0.029320393515478892
5.478484586876409,-6.202181882429893,0.02137105565741416
5.581852220591058,-6.202181882429893,0.011234743119295053
5.685219854305707,-6.202181882429893,0.00030683842591865834
5.788587488020356,-6.202181882429893,-0.010003432349681556
5.8919551217350055,-6.202181882429893,-0.018549683447068907
5.995322755449654,-6.202181882429893,-0.024658516534926223
6.098690389164305,-6.202181882429893,-0.028226607146826597
6.202058022878954,-6.202181882429893,-0.029683136905518315
6.305425656593603,-6.202181882429893,-0.029827018275177825
6.408793290308252,-6.202181882429893,-0.029578607160944043
-6.408793290308252,-6.098812184389395,-0.024339883876161695
-6.305425656593603,-6.098812184389395,-0.02449901305711555
-6.202058022878954,-6.098812184389395,-0.025546411666418984
-6.098690389164304,-6.098812184389395,-0.02690916573523792
-5.995322755449655,-6.098812184389395,-0.027694835946756573
-5.8919551217350055,-6.098812184389395,-0.02698397368218383
-5.788587488020356,-6.098812184389395,-0.024148398496935303
-5.685219854305708,-6.098812184389395,-0.01910344949964632
-5.581852220591058,-6.098812184389395,-0.012417218094057207
-5.478484586876409,-6.098812184389395,-0.005236515881173133
-5.3751169531617595,-6.098812184389395,0.0009613648358870868
-5.27174931944711,-6.098812184389395,0.004733306755464663
-5.168381685732461,-6.098812184389395,0.0050588317149042146
-5.065014052017812,-6.098812184389395,0.0016487813169671476
-4.961646418303163,-6.098812184389395,-0.004912830279034654
-4.858278784588514,-6.098812184389395,-0.013240408421887272
-4.754911150873865,-6.098812184389395,-0.021424281988882937
-4.651543517159215,-6.098812184389395,-0.027452754883807818
-4.548175883444566,-6.098812184389395,-0.029678050686216716
-4.444808249729917,-6.098812184389395,-0.027211363425323806
-4.341440616015267,-6.098812184389395,-0.020147398648137468
-4.238072982300618,-6.098812184389395,-0.0095597808030381
-4.134705348585968,-6.098812184389395,0.002734745554993745
-4.031337714871319,-6.098812184389395,0.01458767839320113
-3.9279700811566705,-6.098812184389395,0.024005960337773486
-3.8246024474420213,-6.098812184389395,0.029596197905745525
-3.7212348137273725,-6.098812184389395,0.03085791885334409
-3.6178671800127233,-6.098812184389395,0.028255952155297966
-3.514499546298074,-6.098812184389395,0.023057602322034413
-3.411131912583425,-6.098812184389395,0.01697923197832609
-3.3077642788687753,-6.098812184389395,0.011734168937739091
-3.204396645154126,-6.098812184389395,0.008597540303822157
-3.101029011439477,-6.098812184389395,0.008097804836024652
-2.9976613777248278,-6.098812184389395,0.00991106628867441
-2.8942937440101786,-6.098812184389395,0.01298147324117049
-2.790926110295529,-6.098812184389395,0.015832751868553714
-2.6875584765808798,-6.098812184389395,0.01698712281636595
-2.5841908428662306,-6.098812184389395,0.01538097531872116
-2.4808232091515814,-6.098812184389395,0.010668488653864909
-2.3774555754369326,-6.098812184389395,0.003334281366291877
-2.2740879417222835,-6.098812184389395,-0.00541371215409132
-2.1707203080076334,-6.098812184389395,-0.013942625975384263
-2.067352674292984,-6.098812184389395,-0.0206061500131784
-1.9639850405783352,-6.098812184389395,-0.02416182434968752
-1.8606174068636863,-6.098812184389395,-0.02408571257236309
-1.757249773149037,-6.098812184389395,-0.020703110110754073
-1.6538821394343879,-6.098812184389395,-0.01510210431836605
-1.550514505719738,-6.098812184389395,-0.008853411005081968
-1.447146872005089,-6.098812184389395,-0.0036101450815135567
-1.3437792382904399,-6.098812184389395,-0.0006919113196647847
-1.2404116045757907,-6.098812184389395,-0.0007608420644879966
-1.1370439708611417,-6.098812184389395,-0.0036722344065562
-1.0336763371464925,-6.098812184389395,-0.00853597254763536
-0.9303087034318435,-6.098812184389395,-0.01396935167448278
-0.8269410697171936,-6.098812184389395,-0.01847200606894942
-0.7235734360025445,-6.098812184389395,-0.02082257420727382
-0.6202058022878953,-6.098812184389395,-0.020392599668574787
-0.5168381685732463,-6.098812184389395,-0.017296808837433026
-0.4134705348585972,-6.098812184389395,-0.012343712490424525
-0.31010290114394806,-6.098812184389395,-0.006804201836117913
-0.2067352674292982,-6.098812184389395,-0.0020639138385884197
-0.1033676337146491,-6.098812184389395,0.0007452426579230839
0.,-6.098812184389395,0.001035592755065664
0.1033676337146491,-6.098812184389395,-0.0010992874179118982
0.2067352674292982,-6.098812184389395,-0.004933349157321505
0.31010290114394734,-6.098812184389395,-0.009323923749991333
0.4134705348585964,-6.098812184389395,-0.01303114412689704
0.5168381685732455,-6.098812184389395,-0.015051002420816084
0.6202058022878947,-6.098812184389395,-0.0148708922891958
0.7235734360025438,-6.098812184389395,-0.012580269731568052
0.8269410697171944,-6.098812184389395,-0.008810765923230402
0.9303087034318435,-6.098812184389395,-0.004527822716902631
1.0336763371464925,-6.098812184389395,-0.0007364133391943848
1.1370439708611417,-6.098812184389395,0.0018143225497825328
1.2404116045757907,-6.098812184389395,0.0028443509087859816
1.3437792382904399,-6.098812184389395,0.002615273609278932
1.447146872005089,-6.098812184389395,0.0018435750271185163
1.550514505719738,-6.098812184389395,0.001480355631531159
1.6538821394343872,-6.098812184389395,0.002419655122195842
1.7572497731490362,-6.098812184389395,0.005216188281406434
1.8606174068636854,-6.098812184389395,0.009889893056059446
1.9639850405783346,-6.098812184389395,0.01587072235753652
2.0673526742929837,-6.098812184389395,0.022099637748849696
2.1707203080076343,-6.098812184389395,0.027261114090424643
2.2740879417222835,-6.098812184389395,0.030089326048479106
2.3774555754369326,-6.098812184389395,0.029672741327496904
2.4808232091515814,-6.098812184389395,0.025683759577217
2.5841908428662306,-6.098812184389395,0.018479805900047646
2.6875584765808798,-6.098812184389395,0.009054007017829118
2.790926110295529,-6.098812184389395,-0.0011511907553508232
2.894293744010178,-6.098812184389395,-0.010523960765222138
2.997661377724827,-6.098812184389395,-0.017594633275540467
3.101029011439476,-6.098812184389395,-0.021313273842652563
3.2043966451541253,-6.098812184389395,-0.021238407132578328
3.3077642788687744,-6.098812184389395,-0.017603175584471303
3.411131912583425,-6.098812184389395,-0.011251393830174237
3.514499546298074,-6.098812184389395,-0.003461325883820711
3.6178671800127233,-6.098812184389395,0.004305161872793724
3.7212348137273725,-6.098812184389395,0.010679036808412295
3.8246024474420213,-6.098812184389395,0.014635068404450047
3.9279700811566705,-6.098812184389395,0.015672870968151485
4.031337714871319,-6.098812184389395,0.013896953153481406
4.134705348585968,-6.098812184389395,0.00998250912316216
4.238072982300618,-6.098812184389395,0.005033318808369496
4.341440616015267,-6.098812184389395,0.00035694067785738484
4.444808249729916,-6.098812184389395,-0.002802291801403461
4.548175883444565,-6.098812184389395,-0.0035226998038288457
4.651543517159214,-6.098812184389395,-0.0014063218742751398
4.754911150873865,-6.098812184389395,0.0033207538636494346
4.858278784588514,-6.098812184389395,0.009833619199953474
4.961646418303163,-6.098812184389395,0.016859882944160264
5.065014052017812,-6.098812184389395,0.022930963249117996
5.168381685732461,-6.098812184389395,0.026683773855112357
5.27174931944711,-6.098812184389395,0.027148973556468434
5.3751169531617595,-6.098812184389395,0.02396126740371383
5.478484586876409,-6.098812184389395,0.017441751818980895
5.581852220591058,-6.098812184389395,0.008529851835620546
5.685219854305707,-6.098812184389395,-0.0014227773921856703
5.788587488020356,-6.098812184389395,-0.010950210521420789
5.8919551217350055,-6.098812184389395,-0.01879189825213695
5.995322755449654,-6.098812184389395,-0.024156511674024585
6.098690389164305,-6.098812184389395,-0.026864785297422217
6.202058022878954,-6.098812184389395,-0.02733586044715631
6.305425656593603,-6.098812184389395,-0.026421685805183292
6.408793290308252,-6.098812184389395,-0.025134154458888603
-6.408793290308252,-5.995442486348897,-0.01796639774925264
-6.305425656593603,-5.995442486348897,-0.01688162106660785
-6.202058022878954,-5.995442486348897,-0.016607763489011954
-6.098690389164304,-5.995442486348897,-0.016672766328515935
-5.995322755449655,-5.995442486348897,-0.016366749319121805
-5.8919551217350055,-5.995442486348897,-0.015020966211117709
-5.788587488020356,-5.995442486348897,-0.012279888231673735
-5.685219854305708,-5.995442486348897,-0.008281096850161039
-5.581852220591058,-5.995442486348897,-0.0036842337377175445
-5.478484586876409,-5.995442486348897,0.00046602817752225395
-5.3751169531617595,-5.995442486348897,0.003009780887647265
-5.27174931944711,-5.995442486348897,0.0030021751531793222
-5.168381685732461,-5.995442486348897,0.000012982627190285549
-5.065014052017812,-5.995442486348897,-0.00568956262006008
-4.961646418303163,-5.995442486348897,-0.013126145171515793
-4.858278784588514,-5.995442486348897,-0.020775984328941864
-4.754911150873865,-5.995442486348897,-0.026892270925806698
-4.651543517159215,-5.995442486348897,-0.029889144243588777
-4.548175883444566,-5.995442486348897,-0.028707223046932656
-4.444808249729917,-5.995442486348897,-0.023069494915980274
-4.341440616015267,-5.995442486348897,-0.013565873150515311
-4.238072982300618,-5.995442486348897,-0.0015458318694672696
-4.134705348585968,-5.995442486348897,0.011156162801256263
-4.031337714871319,-5.995442486348897,0.022599137000450208
-3.9279700811566705,-5.995442486348897,0.03113174121721592
-3.8246024474420213,-5.995442486348897,0.035717205132026725
-3.7212348137273725,-5.995442486348897,0.03611610443125778
-3.6178671800127233,-5.995442486348897,0.03288948320322064
-3.514499546298074,-5.995442486348897,0.02722622092755943
-3.411131912583425,-5.995442486348897,0.020638268405728306
-3.3077642788687753,-5.995442486348897,0.014596689845652162
-3.204396645154126,-5.995442486348897,0.010193933585295892
-3.101029011439477,-5.995442486348897,0.007910699406564026
-2.9976613777248278,-5.995442486348897,0.007540707969355129
-2.8942937440101786,-5.995442486348897,0.008289112577953107
-2.790926110295529,-5.995442486348897,0.009018637469193989
-2.6875584765808798,-5.995442486348897,0.008581388384944079
-2.5841908428662306,-5.995442486348897,0.006152385951390184
-2.4808232091515814,-5.995442486348897,0.0014790093465519764
-2.3774555754369326,-5.995442486348897,-0.005020010722450475
-2.2740879417222835,-5.995442486348897,-0.012335521856156429
-2.1707203080076334,-5.995442486348897,-0.01911243487898974
-2.067352674292984,-5.995442486348897,-0.023997922412331316
-1.9639850405783352,-5.995442486348897,-0.026003829401795436
-1.8606174068636863,-5.995442486348897,-0.024786512590555497
-1.757249773149037,-5.995442486348897,-0.020765577693639545
-1.6538821394343879,-5.995442486348897,-0.015043228058336546
-1.550514505719738,-5.995442486348897,-0.009138409194910579
-1.447146872005089,-5.995442486348897,-0.004600894773779571
-1.3437792382904399,-5.995442486348897,-0.0026057830783031873
-1.2404116045757907,-5.995442486348897,-0.0036379998747008524
-1.1370439708611417,-5.995442486348897,-0.007355568971702303
-1.0336763371464925,-5.995442486348897,-0.012674119943631813
-0.9303087034318435,-5.995442486348897,-0.018055293855347217
-0.8269410697171936,-5.995442486348897,-0.02192470555085346
-0.7235734360025445,-5.995442486348897,-0.023107128999975586
-0.6202058022878953,-5.995442486348897,-0.0211589805211687
-0.5168381685732463,-5.995442486348897,-0.016504062870688768
-0.4134705348585972,-5.995442486348897,-0.010331470816463597
-0.31010290114394806,-5.995442486348897,-0.004280161737951284
-0.2067352674292982,-5.995442486348897,5.421870971440212e-6
-0.1033676337146491,-5.995442486348897,0.0013272620741362406
0.,-5.995442486348897,-0.0007315168434930018
0.1033676337146491,-5.995442486348897,-0.00568211476017947
0.2067352674292982,-5.995442486348897,-0.01225067356883714
0.31010290114394734,-5.995442486348897,-0.018711069774289466
0.4134705348585964,-5.995442486348897,-0.02333832237494035
0.5168381685732455,-5.995442486348897,-0.02485841949298984
0.6202058022878947,-5.995442486348897,-0.022772740458867707
0.7235734360025438,-5.995442486348897,-0.017471579692229417
0.8269410697171944,-5.995442486348897,-0.01011078930937231
0.9303087034318435,-5.995442486348897,-0.0022910088496019194
1.0336763371464925,-5.995442486348897,0.004368245795217349
1.1370439708611417,-5.995442486348897,0.008641721516515877
1.2404116045757907,-5.995442486348897,0.009988743121346783
1.3437792382904399,-5.995442486348897,0.008648586154559833
1.447146872005089,-5.995442486348897,0.005524933916168982
1.550514505719738,-5.995442486348897,0.0019012713928701413
1.6538821394343872,-5.995442486348897,-0.0009276329755411303
1.7572497731490362,-5.995442486348897,-0.002005457449320196
1.8606174068636854,-5.995442486348897,-0.0009540356952727438
1.9639850405783346,-5.995442486348897,0.0019528495965749912
2.0673526742929837,-5.995442486348897,0.005889772860720783
2.1707203080076343,-5.995442486348897,0.009716252258578044
2.2740879417222835,-5.995442486348897,0.012279873421059384
2.3774555754369326,-5.995442486348897,0.012705617238575979
2.4808232091515814,-5.995442486348897,0.010602339287491842
2.5841908428662306,-5.995442486348897,0.006144880648070107
2.6875584765808798,-5.995442486348897,0.000024652891395699198
2.790926110295529,-5.995442486348897,-0.0067072507292299105
2.894293744010178,-5.995442486348897,-0.012859847648441303
2.997661377724827,-5.995442486348897,-0.017333803904069973
3.101029011439476,-5.995442486348897,-0.01931961559422996
3.2043966451541253,-5.995442486348897,-0.018431485726471845
3.3077642788687744,-5.995442486348897,-0.014762530614704781
3.411131912583425,-5.995442486348897,-0.008861308803184547
3.514499546298074,-5.995442486348897,-0.0016395352476828444
3.6178671800127233,-5.995442486348897,0.0057734728233340355
3.7212348137273725,-5.995442486348897,0.012210631244183106
3.8246024474420213,-5.995442486348897,0.016658969709477257
3.9279700811566705,-5.995442486348897,0.01843752228621617
4.031337714871319,-5.995442486348897,0.017332060138208538
4.134705348585968,-5.995442486348897,0.013657805051558005
4.238072982300618,-5.995442486348897,0.008227990680364764
4.341440616015267,-5.995442486348897,0.0022207808708077635
4.444808249729916,-5.995442486348897,-0.0030417280995662507
4.548175883444565,-5.995442486348897,-0.006365399254631195
4.651543517159214,-5.995442486348897,-0.006951134807293431
4.754911150873865,-5.995442486348897,-0.004594199904739072
4.858278784588514,-5.995442486348897,0.00023844195292649275
4.961646418303163,-5.995442486348897,0.006482186668297728
5.065014052017812,-5.995442486348897,0.012693632376077475
5.168381685732461,-5.995442486348897,0.017369505536360942
5.27174931944711,-5.995442486348897,0.01929163046668254
5.3751169531617595,-5.995442486348897,0.01781261449135251
5.478484586876409,-5.995442486348897,0.01300836424216426
5.581852220591058,-5.995442486348897,0.005655958962014413
5.685219854305707,-5.995442486348897,-0.0029593355768104176
5.788587488020356,-5.995442486348897,-0.011358397299523778
5.8919551217350055,-5.995442486348897,-0.01822128425199751
5.995322755449654,-5.995442486348897,-0.022685688643017163
6.098690389164305,-5.995442486348897,-0.024512895706361906
6.202058022878954,-5.995442486348897,-0.02408072826595661
6.305425656593603,-5.995442486348897,-0.022211820566998147
6.408793290308252,-5.995442486348897,-0.019891840333366103
-6.408793290308252,-5.892072788308399,-0.012330207517939921
-6.305425656593603,-5.892072788308399,-0.00968259826988221
-6.202058022878954,-5.892072788308399,-0.007517259235160896
-6.098690389164304,-5.892072788308399,-0.005556528400519487
-5.995322755449655,-5.892072788308399,-0.003419322738885964
-5.8919551217350055,-5.892072788308399,-0.0008517931513149546
-5.788587488020356,-5.892072788308399,0.002090601525565653
-5.685219854305708,-5.892072788308399,0.004976894415364352
-5.581852220591058,-5.892072788308399,0.007078762865211731
-5.478484586876409,-5.892072788308399,0.0075737331511714304
-5.3751169531617595,-5.892072788308399,0.005812710893014604
-5.27174931944711,-5.892072788308399,0.001568970704711457
-5.168381685732461,-5.892072788308399,-0.004810554952595434
-5.065014052017812,-5.892072788308399,-0.012402946262366927
-4.961646418303163,-5.892072788308399,-0.019864122755566038
-4.858278784588514,-5.892072788308399,-0.025704113269599007
-4.754911150873865,-5.892072788308399,-0.028612597584467967
-4.651543517159215,-5.892072788308399,-0.027751775349256765
-4.548175883444566,-5.892072788308399,-0.02294415255800805
-4.444808249729917,-5.892072788308399,-0.01471234789014003
-4.341440616015267,-5.892072788308399,-0.004167048739687742
-4.238072982300618,-5.892072788308399,0.007223567661592004
-4.134705348585968,-5.892072788308399,0.017924028448594073
-4.031337714871319,-5.892072788308399,0.02661389526642335
-3.9279700811566705,-5.892072788308399,0.032403366465796175
-3.8246024474420213,-5.892072788308399,0.03494457368224718
-3.7212348137273725,-5.892072788308399,0.03442781570145839
-3.6178671800127233,-5.892072788308399,0.0314770431694928
-3.514499546298074,-5.892072788308399,0.026976877219397417
-3.411131912583425,-5.892072788308399,0.021871951342677123
-3.3077642788687753,-5.892072788308399,0.01697889955891707
-3.204396645154126,-5.892072788308399,0.012844184335116028
-3.101029011439477,-5.892072788308399,0.009669948354561657
-2.9976613777248278,-5.892072788308399,0.0073174045731070605
-2.8942937440101786,-5.892072788308399,0.0053842579055249145
-2.790926110295529,-5.892072788308399,0.003340037115760536
-2.6875584765808798,-5.892072788308399,0.0006919417659838311
-2.5841908428662306,-5.892072788308399,-0.002854430442708092
-2.4808232091515814,-5.892072788308399,-0.007277873466253841
-2.3774555754369326,-5.892072788308399,-0.012201124198629986
-2.2740879417222835,-5.892072788308399,-0.016946175318964585
-2.1707203080076334,-5.892072788308399,-0.020682325500321987
-2.067352674292984,-5.892072788308399,-0.022638475351876918
-1.9639850405783352,-5.892072788308399,-0.022329032078671682
-1.8606174068636863,-5.892072788308399,-0.019731383816866274
-1.757249773149037,-5.892072788308399,-0.01535783596531223
-1.6538821394343879,-5.892072788308399,-0.010187561100143794
-1.550514505719738,-5.892072788308399,-0.005460392388476379
-1.447146872005089,-5.892072788308399,-0.0023749975057172105
-1.3437792382904399,-5.892072788308399,-0.0017671065824904665
-1.2404116045757907,-5.892072788308399,-0.0038578033203644307
-1.1370439708611417,-5.892072788308399,-0.00815075919704607
-1.0336763371464925,-5.892072788308399,-0.013521325201603903
-0.9303087034318435,-5.892072788308399,-0.018488116045716377
-0.8269410697171936,-5.892072788308399,-0.02160359920342601
-0.7235734360025445,-5.892072788308399,-0.021860577373548098
-0.6202058022878953,-5.892072788308399,-0.018999503742367987
-0.5168381685732463,-5.892072788308399,-0.01362289477092814
-0.4134705348585972,-5.892072788308399,-0.007073438512046411
-0.31010290114394806,-5.892072788308399,-0.0010983167375433955
-0.2067352674292982,-5.892072788308399,0.0026151461507610612
-0.1033676337146491,-5.892072788308399,0.0029069394523649535
0.,-5.892072788308399,-0.0005160568306803315
0.1033676337146491,-5.892072788308399,-0.0069669505217733576
0.2067352674292982,-5.892072788308399,-0.01492902321459794
0.31010290114394734,-5.892072788308399,-0.02243254146542599
0.4134705348585964,-5.892072788308399,-0.02755752556655962
0.5168381685732455,-5.892072788308399,-0.02892615033934429
0.6202058022878947,-5.892072788308399,-0.02605160320883264
0.7235734360025438,-5.892072788308399,-0.019451161042999737
0.8269410697171944,-5.892072788308399,-0.01049776444979061
0.9303087034318435,-5.892072788308399,-0.0010568369191796194
1.0336763371464925,-5.892072788308399,0.0069875343324872705
1.1370439708611417,-5.892072788308399,0.01218677998370217
1.2404116045757907,-5.892072788308399,0.01384361030727524
1.3437792382904399,-5.892072788308399,0.012114839000738975
1.447146872005089,-5.892072788308399,0.00788944949810826
1.550514505719738,-5.892072788308399,0.00249213206186151
1.6538821394343872,-5.892072788308399,-0.0026939294702787646
1.7572497731490362,-5.892072788308399,-0.006577463694762954
1.8606174068636854,-5.892072788308399,-0.008592813357417291
1.9639850405783346,-5.892072788308399,-0.00876831420406471
2.0673526742929837,-5.892072788308399,-0.007631392549540066
2.1707203080076343,-5.892072788308399,-0.005996699003855186
2.2740879417222835,-5.892072788308399,-0.004709211804678926
2.3774555754369326,-5.892072788308399,-0.004415936206522279
2.4808232091515814,-5.892072788308399,-0.005420320685573831
2.5841908428662306,-5.892072788308399,-0.007641805500901365
2.6875584765808798,-5.892072788308399,-0.010670658356063064
2.790926110295529,-5.892072788308399,-0.013885550651975907
2.894293744010178,-5.892072788308399,-0.016593530283923973
2.997661377724827,-5.892072788308399,-0.018158474686193356
3.101029011439476,-5.892072788308399,-0.018099090326569877
3.2043966451541253,-5.892072788308399,-0.016153168964138882
3.3077642788687744,-5.892072788308399,-0.012314363510339762
3.411131912583425,-5.892072788308399,-0.0068482410620393785
3.514499546298074,-5.892072788308399,-0.00028757515658377273
3.6178671800127233,-5.892072788308399,0.006601803807860528
3.7212348137273725,-5.892072788308399,0.01289724457202464
3.8246024474420213,-5.892072788308399,0.017644974923291507
3.9279700811566705,-5.892072788308399,0.020027857604228233
4.031337714871319,-5.892072788308399,0.01954802866715882
4.134705348585968,-5.892072788308399,0.016180405835810437
4.238072982300618,-5.892072788308399,0.010447428636746806
4.341440616015267,-5.892072788308399,0.0033762222985290104
4.444808249729916,-5.892072788308399,-0.003673677021919442
4.548175883444565,-5.892072788308399,-0.009287375627697495
4.651543517159214,-5.892072788308399,-0.01231674580503764
4.754911150873865,-5.892072788308399,-0.012166378857020405
4.858278784588514,-5.892072788308399,-0.008962949738086146
4.961646418303163,-5.892072788308399,-0.0035529898505485924
5.065014052017812,-5.892072788308399,0.0026816343045079146
5.168381685732461,-5.892072788308399,0.008150386877199422
5.27174931944711,-5.892072788308399,0.011440632309569886
5.3751169531617595,-5.892072788308399,0.011661966994487636
5.478484586876409,-5.892072788308399,0.00865553340418803
5.581852220591058,-5.892072788308399,0.0030123259318838367
5.685219854305707,-5.892072788308399,-0.0041017597275243975
5.788587488020356,-5.892072788308399,-0.011261691032021983
5.8919551217350055,-5.892072788308399,-0.017148358872064676
5.995322755449654,-5.892072788308399,-0.020859827853944676
6.098690389164305,-5.892072788308399,-0.022084941843944755
6.202058022878954,-5.892072788308399,-0.021099341523373786
6.305425656593603,-5.892072788308399,-0.01859858731384144
6.408793290308252,-5.892072788308399,-0.015431375966234355
-6.408793290308252,-5.7887030902679,-0.008671640157942442
-6.305425656593603,-5.7887030902679,-0.004438169369517332
-6.202058022878954,-5.7887030902679,-0.0002638649586611529
-6.098690389164304,-5.7887030902679,0.003881762080898884
-5.995322755449655,-5.7887030902679,0.008005481315881765
-5.8919551217350055,-5.7887030902679,0.011924711682490721
-5.788587488020356,-5.7887030902679,0.015183912456657895
-5.685219854305708,-5.7887030902679,0.017099713803534863
-5.581852220591058,-5.7887030902679,0.016933796987196163
-5.478484586876409,-5.7887030902679,0.014143562549268162
-5.3751169531617595,-5.7887030902679,0.00862758182591653
-5.27174931944711,-5.7887030902679,0.0008775531768684561
-5.168381685732461,-5.7887030902679,-0.008026568241531534
-5.065014052017812,-5.7887030902679,-0.016594199071352785
-4.961646418303163,-5.7887030902679,-0.023235965632532836
-4.858278784588514,-5.7887030902679,-0.02662744863384396
-4.754911150873865,-5.7887030902679,-0.02602381979149834
-4.651543517159215,-5.7887030902679,-0.021436794339171283
-4.548175883444566,-5.7887030902679,-0.013624902090868791
-4.444808249729917,-5.7887030902679,-0.003902126472807031
-4.341440616015267,-5.7887030902679,0.006178566910401374
-4.238072982300618,-5.7887030902679,0.015177182206637179
-4.134705348585968,-5.7887030902679,0.022059230510387773
-4.031337714871319,-5.7887030902679,0.026356878639757105
-3.9279700811566705,-5.7887030902679,0.028169320586946264
-3.8246024474420213,-5.7887030902679,0.028020999506216667
-3.7212348137273725,-5.7887030902679,0.026634700882320738
-3.6178671800127233,-5.7887030902679,0.024694328032051432
-3.514499546298074,-5.7887030902679,0.02266574177399788
-3.411131912583425,-5.7887030902679,0.020717786598684472
-3.3077642788687753,-5.7887030902679,0.0187498719099663
-3.204396645154126,-5.7887030902679,0.016499602547780056
-3.101029011439477,-5.7887030902679,0.01368406465301243
-2.9976613777248278,-5.7887030902679,0.010126120844034118
-2.8942937440101786,-5.7887030902679,0.005830606099154086
-2.790926110295529,-5.7887030902679,0.0009976284018264013
-2.6875584765808798,-5.7887030902679,-0.004017860075165349
-2.5841908428662306,-5.7887030902679,-0.008777128757015647
-2.4808232091515814,-5.7887030902679,-0.012833920968895195
-2.3774555754369326,-5.7887030902679,-0.01579813448038064
-2.2740879417222835,-5.7887030902679,-0.017381482736712115
-2.1707203080076334,-5.7887030902679,-0.01742990132445509
-2.067352674292984,-5.7887030902679,-0.015950582331020344
-1.9639850405783352,-5.7887030902679,-0.013136430395360253
-1.8606174068636863,-5.7887030902679,-0.009380652601087778
-1.757249773149037,-5.7887030902679,-0.005265213071734162
-1.6538821394343879,-5.7887030902679,-0.001505216656526654
-1.550514505719738,-5.7887030902679,0.0011596757080059908
-1.447146872005089,-5.7887030902679,0.0021172972198421416
-1.3437792382904399,-5.7887030902679,0.0010473191739663107
-1.2404116045757907,-5.7887030902679,-0.0019493827966625768
-1.1370439708611417,-5.7887030902679,-0.006305919579105206
-1.0336763371464925,-5.7887030902679,-0.011063104447570004
-0.9303087034318435,-5.7887030902679,-0.015064329228074852
-0.8269410697171936,-5.7887030902679,-0.01723571793432074
-0.7235734360025445,-5.7887030902679,-0.01688244276757424
-0.6202058022878953,-5.7887030902679,-0.01391643307894119
-0.5168381685732463,-5.7887030902679,-0.008940298931691628
-0.4134705348585972,-5.7887030902679,-0.003146986327050259
-0.31010290114394806,-5.7887030902679,0.0019541545617642376
-0.2067352674292982,-5.7887030902679,0.00492147881144396
-0.1033676337146491,-5.7887030902679,0.0047742656168846586
0.,-5.7887030902679,0.0012843282173130935
0.1033676337146491,-5.7887030902679,-0.004921586319585559
0.2067352674292982,-5.7887030902679,-0.012485731399638914
0.31010290114394734,-5.7887030902679,-0.019643197456734752
0.4134705348585964,-5.7887030902679,-0.024661484736262517
0.5168381685732455,-5.7887030902679,-0.026277356408121035
0.6202058022878947,-5.7887030902679,-0.02401238830729551
0.7235734360025438,-5.7887030902679,-0.018282978039131956
0.8269410697171944,-5.7887030902679,-0.010279109734891975
0.9303087034318435,-5.7887030902679,-0.0016512132474591106
1.0336763371464925,-5.7887030902679,0.005903482667503871
1.1370439708611417,-5.7887030902679,0.011039798273102992
1.2404116045757907,-5.7887030902679,0.013043771532802787
1.3437792382904399,-5.7887030902679,0.011927472105083492
1.447146872005089,-5.7887030902679,0.008331246148750016
1.550514505719738,-5.7887030902679,0.003279980518355911
1.6538821394343872,-5.7887030902679,-0.0021233306863779854
1.7572497731490362,-5.7887030902679,-0.006974672577084431
1.8606174068636854,-5.7887030902679,-0.01074427779041759
1.9639850405783346,-5.7887030902679,-0.013316911236930646
2.0673526742929837,-5.7887030902679,-0.014908799766362751
2.1707203080076343,-5.7887030902679,-0.015908293424363965
2.2740879417222835,-5.7887030902679,-0.01670303624843165
2.3774555754369326,-5.7887030902679,-0.017549501975001172
2.4808232091515814,-5.7887030902679,-0.018516345837556552
2.5841908428662306,-5.7887030902679,-0.019501841998636697
2.6875584765808798,-5.7887030902679,-0.02029976219962134
2.790926110295529,-5.7887030902679,-0.020676325847859323
2.894293744010178,-5.7887030902679,-0.020426032157632574
2.997661377724827,-5.7887030902679,-0.01939215998540514
3.101029011439476,-5.7887030902679,-0.017459527227392878
3.2043966451541253,-5.7887030902679,-0.014542686444107708
3.3077642788687744,-5.7887030902679,-0.01059504450996488
3.411131912583425,-5.7887030902679,-0.005652232339613626
3.514499546298074,-5.7887030902679,0.00009840299809544483
3.6178671800127233,-5.7887030902679,0.006251505805025903
3.7212348137273725,-5.7887030902679,0.012160753369953408
3.8246024474420213,-5.7887030902679,0.01699325848020289
3.9279700811566705,-5.7887030902679,0.0198722948078206
4.031337714871319,-5.7887030902679,0.0200862621250979
4.134705348585968,-5.7887030902679,0.017310589679836556
4.238072982300618,-5.7887030902679,0.011772344767100377
4.341440616015267,-5.7887030902679,0.004293091487167129
4.444808249729916,-5.7887030902679,-0.0038250765978546796
4.548175883444565,-5.7887030902679,-0.011060008521704986
4.651543517159214,-5.7887030902679,-0.01601871223093658
4.754911150873865,-5.7887030902679,-0.0177839498645228
4.858278784588514,-5.7887030902679,-0.016159423529330044
4.961646418303163,-5.7887030902679,-0.011737864232909359
5.065014052017812,-5.7887030902679,-0.005764383028415157
5.168381685732461,-5.7887030902679,0.00017365614502598079
5.27174931944711,-5.7887030902679,0.004547464883757822
5.3751169531617595,-5.7887030902679,0.00626791235294099
5.478484586876409,-5.7887030902679,0.004941787371823582
5.581852220591058,-5.7887030902679,0.0009353253980936196
5.685219854305707,-5.7887030902679,-0.0047654532085837495
5.788587488020356,-5.7887030902679,-0.010848340490633516
5.8919551217350055,-5.7887030902679,-0.0160300334724682
5.995322755449654,-5.7887030902679,-0.019366941321847332
6.098690389164305,-5.7887030902679,-0.020435964002866115
6.202058022878954,-5.7887030902679,-0.019345549922342904
6.305425656593603,-5.7887030902679,-0.016593674720358817
6.408793290308252,-5.7887030902679,-0.012837221369553876
-6.408793290308252,-5.685333392227402,-0.007323024493772445
-6.305425656593603,-5.685333392227402,-0.0018377305765366412
-6.202058022878954,-5.685333392227402,0.003903401914533651
-6.098690389164304,-5.685333392227402,0.009699052158452414
-5.995322755449655,-5.685333392227402,0.015259986986333655
-5.8919551217350055,-5.685333392227402,0.020100493137190253
-5.788587488020356,-5.685333392227402,0.023523979699237686
-5.685219854305708,-5.685333392227402,0.024735772178204097
-5.581852220591058,-5.685333392227402,0.02306509414946147
-5.478484586876409,-5.685333392227402,0.018229824712507465
-5.3751169531617595,-5.685333392227402,0.010550117667716385
-5.27174931944711,-5.685333392227402,0.0010218724185908827
-5.168381685732461,-5.685333392227402,-0.00880122085098037
-5.065014052017812,-5.685333392227402,-0.017108948731136147
-4.961646418303163,-5.685333392227402,-0.02224924917475581
-4.858278784588514,-5.685333392227402,-0.023143146721095912
-4.754911150873865,-5.685333392227402,-0.019577647861998042
-4.651543517159215,-5.685333392227402,-0.012283916416830732
-4.548175883444566,-5.685333392227402,-0.002768420506216024
-4.444808249729917,-5.685333392227402,0.00706249129252742
-4.341440616015267,-5.685333392227402,0.015381792655596688
-4.238072982300618,-5.685333392227402,0.020889941855147302
-4.134705348585968,-5.685333392227402,0.023105880794218964
-4.031337714871319,-5.685333392227402,0.022421691686403608
-3.9279700811566705,-5.685333392227402,0.01991233369733899
-3.8246024474420213,-5.685333392227402,0.016964157876960047
-3.7212348137273725,-5.685333392227402,0.014837562465558413
-3.6178671800127233,-5.685333392227402,0.014294720901732942
-3.514499546298074,-5.685333392227402,0.01539892144636653
-3.411131912583425,-5.685333392227402,0.01753641206830076
-3.3077642788687753,-5.685333392227402,0.01964293868493098
-3.204396645154126,-5.685333392227402,0.020557004003268074
-3.101029011439477,-5.685333392227402,0.01938830481972921
-2.9976613777248278,-5.685333392227402,0.01579174037933762
-2.8942937440101786,-5.685333392227402,0.010072192407260804
-2.790926110295529,-5.685333392227402,0.003100206421071707
-2.6875584765808798,-5.685333392227402,-0.003924493739160533
-2.5841908428662306,-5.685333392227402,-0.009783629735508127
-2.4808232091515814,-5.685333392227402,-0.013533028544107348
-2.3774555754369326,-5.685333392227402,-0.014700016806510443
-2.2740879417222835,-5.685333392227402,-0.013344434290754728
-2.1707203080076334,-5.685333392227402,-0.00998610047139621
-2.067352674292984,-5.685333392227402,-0.005438552632121745
-1.9639850405783352,-5.685333392227402,-0.0006080729067979779
-1.8606174068636863,-5.685333392227402,0.0036851935977000854
-1.757249773149037,-5.685333392227402,0.006826766484348652
-1.6538821394343879,-5.685333392227402,0.008458020609957121
-1.550514505719738,-5.685333392227402,0.008471009593419372
-1.447146872005089,-5.685333392227402,0.006974189340399997
-1.3437792382904399,-5.685333392227402,0.004253243790748006
-1.2404116045757907,-5.685333392227402,0.0007382556010875173
-1.1370439708611417,-5.685333392227402,-0.00302762102151921
-1.0336763371464925,-5.685333392227402,-0.006433440297222176
-0.9303087034318435,-5.685333392227402,-0.008874533937085403
-0.8269410697171936,-5.685333392227402,-0.009857875758072596
-0.7235734360025445,-5.685333392227402,-0.009122263945540785
-0.6202058022878953,-5.685333392227402,-0.006739787950389556
-0.5168381685732463,-5.685333392227402,-0.0031585342810221627
-0.4134705348585972,-5.685333392227402,0.0008444722884680926
-0.31010290114394806,-5.685333392227402,0.0043074271911524905
-0.2067352674292982,-5.685333392227402,0.006301018006293557
-0.1033676337146491,-5.685333392227402,0.0061666158597015
0.,-5.685333392227402,0.0037088249814304446
0.1033676337146491,-5.685333392227402,-0.0007180385511635206
0.2067352674292982,-5.685333392227402,-0.0062634724172917385
0.31010290114394734,-5.685333392227402,-0.011768696845534967
0.4134705348585964,-5.685333392227402,-0.01604297905291681
0.5168381685732455,-5.685333392227402,-0.018154433226688096
0.6202058022878947,-5.685333392227402,-0.017655296288331495
0.7235734360025438,-5.685333392227402,-0.014680060761453869
0.8269410697171944,-5.685333392227402,-0.009892160427119844
0.9303087034318435,-5.685333392227402,-0.004299347389040371
1.0336763371464925,-5.685333392227402,0.0010047026868703548
1.1370439708611417,-5.685333392227402,0.005096440727230273
1.2404116045757907,-5.685333392227402,0.007405694294401567
1.3437792382904399,-5.685333392227402,0.0077828750445905195
1.447146872005089,-5.685333392227402,0.006445908656939839
1.550514505719738,-5.685333392227402,0.0038400919097191116
1.6538821394343872,-5.685333392227402,0.000467643756161999
1.7572497731490362,-5.685333392227402,-0.003253647934199976
1.8606174068636854,-5.685333392227402,-0.00706108340198107
1.9639850405783346,-5.685333392227402,-0.01083603849767743
2.0673526742929837,-5.685333392227402,-0.014531972973362107
2.1707203080076343,-5.685333392227402,-0.018083246044655957
2.2740879417222835,-5.685333392227402,-0.021339840112122643
2.3774555754369326,-5.685333392227402,-0.024058322825529676
2.4808232091515814,-5.685333392227402,-0.025953069378600518
2.5841908428662306,-5.685333392227402,-0.026784723283579885
2.6875584765808798,-5.685333392227402,-0.026445992627692646
2.790926110295529,-5.685333392227402,-0.02500497778834952
2.894293744010178,-5.685333392227402,-0.022683408695998122
2.997661377724827,-5.685333392227402,-0.019774723462818597
3.101029011439476,-5.685333392227402,-0.016533818844416584
3.2043966451541253,-5.685333392227402,-0.013085400877450573
3.3077642788687744,-5.685333392227402,-0.009394242056991901
3.411131912583425,-5.685333392227402,-0.005318479238910294
3.514499546298074,-5.685333392227402,-0.0007338831545271972
3.6178671800127233,-5.685333392227402,0.004314856663092011
3.7212348137273725,-5.685333392227402,0.009497640760570058
3.8246024474420213,-5.685333392227402,0.014174609713873385
3.9279700811566705,-5.685333392227402,0.01749405127952109
4.031337714871319,-5.685333392227402,0.018600716869652444
4.134705348585968,-5.685333392227402,0.016900107320178877
4.238072982300618,-5.685333392227402,0.012296480888359548
4.341440616015267,-5.685333392227402,0.005320558079261637
4.444808249729916,-5.685333392227402,-0.0029100380220698587
4.548175883444565,-5.685333392227402,-0.01090574918200875
4.651543517159214,-5.685333392227402,-0.017148070391550748
4.754911150873865,-5.685333392227402,-0.02046911172740149
4.858278784588514,-5.685333392227402,-0.020358918505794233
4.961646418303163,-5.685333392227402,-0.017108022400228167
5.065014052017812,-5.685333392227402,-0.011738693602388696
5.168381685732461,-5.685333392227402,-0.005740208406581666
5.27174931944711,-5.685333392227402,-0.0006817401584176254
5.3751169531617595,-5.685333392227402,0.002187362716632988
5.478484586876409,-5.685333392227402,0.002237724632600373
5.581852220591058,-5.685333392227402,-0.0004196702506054663
5.685219854305707,-5.685333392227402,-0.005017113418936951
5.788587488020356,-5.685333392227402,-0.010380451955974873
5.8919551217350055,-5.685333392227402,-0.015261132900995882
5.995322755449654,-5.685333392227402,-0.018646627732571454
6.098690389164305,-5.685333392227402,-0.01996129998874027
6.202058022878954,-5.685333392227402,-0.019112686884135394
6.305425656593603,-5.685333392227402,-0.01639297066220609
6.408793290308252,-5.685333392227402,-0.01229293830003654
-6.408793290308252,-5.5819636941869035,-0.0076275863139769326
-6.305425656593603,-5.5819636941869035,-0.0015755299501141592
-6.202058022878954,-5.5819636941869035,0.004774814194357937
-6.098690389164304,-5.5819636941869035,0.011085222107327796
-5.995322755449655,-5.5819636941869035,0.016955291286930036
-5.8919551217350055,-5.5819636941869035,0.021840071085087155
-5.788587488020356,-5.5819636941869035,0.025049806051942784
-5.685219854305708,-5.5819636941869035,0.025864125892787238
-5.581852220591058,-5.5819636941869035,0.023743924379305857
-5.478484586876409,-5.5819636941869035,0.018576314188575072
-5.3751169531617595,-5.5819636941869035,0.010860346103261961
-5.27174931944711,-5.5819636941869035,0.0017461722273315332
-5.168381685732461,-5.5819636941869035,-0.007120730270106059
-5.065014052017812,-5.5819636941869035,-0.013936839482968918
-4.961646418303163,-5.5819636941869035,-0.01718132595540291
-4.858278784588514,-5.5819636941869035,-0.016037294048724927
-4.754911150873865,-5.5819636941869035,-0.010662547238199422
-4.651543517159215,-5.5819636941869035,-0.002213376759242794
-4.548175883444566,-5.5819636941869035,0.007406554157336781
-4.444808249729917,-5.5819636941869035,0.016017765664607293
-4.341440616015267,-5.5819636941869035,0.02173214469281616
-4.238072982300618,-5.5819636941869035,0.02345575177506017
-4.134705348585968,-5.5819636941869035,0.02117987205939149
-4.031337714871319,-5.5819636941869035,0.015971148400813692
-3.9279700811566705,-5.5819636941869035,0.009658654468225463
-3.8246024474420213,-5.5819636941869035,0.004305314518588128
-3.7212348137273725,-5.5819636941869035,0.0016156213074318129
-3.6178671800127233,-5.5819636941869035,0.0024510804061184943
-3.514499546298074,-5.5819636941869035,0.006593019368087452
-3.411131912583425,-5.5819636941869035,0.012819001911099236
-3.3077642788687753,-5.5819636941869035,0.01926654132387177
-3.204396645154126,-5.5819636941869035,0.023974278989873653
-3.101029011439477,-5.5819636941869035,0.025441316613921516
-2.9976613777248278,-5.5819636941869035,0.023044134895153567
-2.8942937440101786,-5.5819636941869035,0.017196628101479778
-2.790926110295529,-5.5819636941869035,0.009216965111503569
-2.6875584765808798,-5.5819636941869035,0.0009507282679882906
-2.5841908428662306,-5.5819636941869035,-0.005732809321544273
-2.4808232091515814,-5.5819636941869035,-0.009424540607237583
-2.3774555754369326,-5.5819636941869035,-0.00950735409900527
-2.2740879417222835,-5.5819636941869035,-0.006255809721189452
-2.1707203080076334,-5.5819636941869035,-0.0006951106987826235
-2.067352674292984,-5.5819636941869035,0.005720766752952724
-1.9639850405783352,-5.5819636941869035,0.01150681088635986
-1.8606174068636863,-5.5819636941869035,0.015505263978629493
-1.757249773149037,-5.5819636941869035,0.017113446476337585
-1.6538821394343879,-5.5819636941869035,0.016338238948951044
-1.550514505719738,-5.5819636941869035,0.013689170402665879
-1.447146872005089,-5.5819636941869035,0.0099660615233483
-1.3437792382904399,-5.5819636941869035,0.006018125241445752
-1.2404116045757907,-5.5819636941869035,0.0025458376173914886
-1.1370439708611417,-5.5819636941869035,-9.757888105280275e-6
-1.0336763371464925,-5.5819636941869035,-0.0014816573208171358
-0.9303087034318435,-5.5819636941869035,-0.0019188007330920465
-0.8269410697171936,-5.5819636941869035,-0.0014965108466413629
-0.7235734360025445,-5.5819636941869035,-0.0004364303038587739
-0.6202058022878953,-5.5819636941869035,0.001038421901752963
-0.5168381685732463,-5.5819636941869035,0.0027101012348474496
-0.4134705348585972,-5.5819636941869035,0.004349727359825152
-0.31010290114394806,-5.5819636941869035,0.005704093421064675
-0.2067352674292982,-5.5819636941869035,0.006506040589072632
-0.1033676337146491,-5.5819636941869035,0.006515688134504079
0.,-5.5819636941869035,0.005582246854666255
0.1033676337146491,-5.5819636941869035,0.0037032685567346246
0.2067352674292982,-5.5819636941869035,0.0010553864852098534
0.31010290114394734,-5.5819636941869035,-0.002020895658824861
0.4134705348585964,-5.5819636941869035,-0.0050834938705773495
0.5168381685732455,-5.5819636941869035,-0.007681776626826787
0.6202058022878947,-5.5819636941869035,-0.00945246501404326
0.7235734360025438,-5.5819636941869035,-0.010189535921984585
0.8269410697171944,-5.5819636941869035,-0.009869162128409192
0.9303087034318435,-5.5819636941869035,-0.00862746161066298
1.0336763371464925,-5.5819636941869035,-0.006705637987304359
1.1370439708611417,-5.5819636941869035,-0.0043872315094723915
1.2404116045757907,-5.5819636941869035,-0.001951688805961219
1.3437792382904399,-5.5819636941869035,0.0003422727899631335
1.447146872005089,-5.5819636941869035,0.0022462809986655155
1.550514505719738,-5.5819636941869035,0.0035023372163850825
1.6538821394343872,-5.5819636941869035,0.0038371300315163705
1.7572497731490362,-5.5819636941869035,0.0029893639245129073
1.8606174068636854,-5.5819636941869035,0.0007735639912210358
1.9639850405783346,-5.5819636941869035,-0.0028356539002200097
2.0673526742929837,-5.5819636941869035,-0.007630310450644424
2.1707203080076343,-5.5819636941869035,-0.013142395571835021
2.2740879417222835,-5.5819636941869035,-0.018688947634681485
2.3774555754369326,-5.5819636941869035,-0.023491286134860373
2.4808232091515814,-5.5819636941869035,-0.02684333586482665
2.5841908428662306,-5.5819636941869035,-0.028281977397394933
2.6875584765808798,-5.5819636941869035,-0.02770494332542791
2.790926110295529,-5.5819636941869035,-0.025393395379284527
2.894293744010178,-5.5819636941869035,-0.02192464628297775
2.997661377724827,-5.5819636941869035,-0.017996773317325517
3.101029011439476,-5.5819636941869035,-0.014218661042938436
3.2043966451541253,-5.5819636941869035,-0.010934483807679352
3.3077642788687744,-5.5819636941869035,-0.00814396321420996
3.411131912583425,-5.5819636941869035,-0.005549905396488401
3.514499546298074,-5.5819636941869035,-0.002721527810531304
3.6178671800127233,-5.5819636941869035,0.0006797888956886134
3.7212348137273725,-5.5819636941869035,0.004691616157528204
3.8246024474420213,-5.5819636941869035,0.008937585723690184
3.9279700811566705,-5.5819636941869035,0.012661729006421703
4.031337714871319,-5.5819636941869035,0.014913611980440483
4.134705348585968,-5.5819636941869035,0.014835609506703176
4.238072982300618,-5.5819636941869035,0.011964527593148285
4.341440616015267,-5.5819636941869035,0.0064477954699753825
4.444808249729916,-5.5819636941869035,-0.0009048733947240324
4.548175883444565,-5.5819636941869035,-0.00876538209699676
4.651543517159214,-5.5819636941869035,-0.015596966535248108
4.754911150873865,-5.5819636941869035,-0.020045972217532553
4.858278784588514,-5.5819636941869035,-0.021302572149273648
4.961646418303163,-5.5819636941869035,-0.019322839487258825
5.065014052017812,-5.5819636941869035,-0.014844059611824332
5.168381685732461,-5.5819636941869035,-0.009186507327447004
5.27174931944711,-5.5819636941869035,-0.003898785579401971
5.3751169531617595,-5.5819636941869035,-0.00034992953605954155
5.478484586876409,-5.5819636941869035,0.0006147239471868949
5.581852220591058,-5.5819636941869035,-0.0011405918769336822
5.685219854305707,-5.5819636941869035,-0.005057995520859174
5.788587488020356,-5.5819636941869035,-0.010084802079767984
5.8919551217350055,-5.5819636941869035,-0.014982967632811076
5.995322755449654,-5.5819636941869035,-0.018649239535971706
6.098690389164305,-5.5819636941869035,-0.020352258801220442
6.202058022878954,-5.5819636941869035,-0.019828966420860298
6.305425656593603,-5.5819636941869035,-0.01723494394558888
6.408793290308252,-5.5819636941869035,-0.0129929010806503
-6.408793290308252,-5.478593996146405,-0.008208292278920587
-6.305425656593603,-5.478593996146405,-0.0025444167627786457
-6.202058022878954,-5.478593996146405,0.003130855111039788
-6.098690389164304,-5.478593996146405,0.008507837666905172
-5.995322755449655,-5.478593996146405,0.01331503997183641
-5.8919551217350055,-5.478593996146405,0.017218331255812406
-5.788587488020356,-5.478593996146405,0.019775239563703053
-5.685219854305708,-5.478593996146405,0.020489592270467975
-5.581852220591058,-5.478593996146405,0.018966859985573455
-5.478484586876409,-5.478593996146405,0.015121332147719596
-5.3751169531617595,-5.478593996146405,0.009352238398197883
-5.27174931944711,-5.478593996146405,0.002602016107714081
-5.168381685732461,-5.478593996146405,-0.0037594907406885364
-5.065014052017812,-5.478593996146405,-0.00822429579204691
-4.961646418303163,-5.478593996146405,-0.009543957516211956
-4.858278784588514,-5.478593996146405,-0.007121455191815198
-4.754911150873865,-5.478593996146405,-0.0012682330535350782
-4.651543517159215,-5.478593996146405,0.00677451184881909
-4.548175883444566,-5.478593996146405,0.015086065167433705
-4.444808249729917,-5.478593996146405,0.02154044523081739
-4.341440616015267,-5.478593996146405,0.024382095029038268
-4.238072982300618,-5.478593996146405,0.022738813376364162
-4.134705348585968,-5.478593996146405,0.016915154713797224
-4.031337714871319,-5.478593996146405,0.00836645408403613
-3.9279700811566705,-5.478593996146405,-0.0006554788434359501
-3.8246024474420213,-5.478593996146405,-0.007696146911010703
-3.7212348137273725,-5.478593996146405,-0.01076826064852329
-3.6178671800127233,-5.478593996146405,-0.008906904829278013
-3.514499546298074,-5.478593996146405,-0.002448374101127808
-3.411131912583425,-5.478593996146405,0.00705080728864522
-3.3077642788687753,-5.478593996146405,0.017234222667740554
-3.204396645154126,-5.478593996146405,0.025586251821338425
-3.101029011439477,-5.478593996146405,0.030110657014227694
-2.9976613777248278,-5.478593996146405,0.029855208664645527
-2.8942937440101786,-5.478593996146405,0.025137516069743515
-2.790926110295529,-5.478593996146405,0.01741589453653021
-2.6875584765808798,-5.478593996146405,0.008852238875544776
-2.5841908428662306,-5.478593996146405,0.0017004884986879857
-2.4808232091515814,-5.478593996146405,-0.0023008725473223886
-2.3774555754369326,-5.478593996146405,-0.002362632621907885
-2.2740879417222835,-5.478593996146405,0.0012068858243140031
-2.1707203080076334,-5.478593996146405,0.0071634741466757
-2.067352674292984,-5.478593996146405,0.013733043065406793
-1.9639850405783352,-5.478593996146405,0.01913090150599968
-1.8606174068636863,-5.478593996146405,0.022040081620649396
-1.757249773149037,-5.478593996146405,0.021917940641070475
-1.6538821394343879,-5.478593996146405,0.01906021366472103
-1.550514505719738,-5.478593996146405,0.014427638277188595
-1.447146872005089,-5.478593996146405,0.009308324489118364
-1.3437792382904399,-5.478593996146405,0.004929474411854867
-1.2404116045757907,-5.478593996146405,0.002135092666703638
-1.1370439708611417,-5.478593996146405,0.00121441985559371
-1.0336763371464925,-5.478593996146405,0.0019119052172086846
-0.9303087034318435,-5.478593996146405,0.0035921372815382745
-0.8269410697171936,-5.478593996146405,0.005490120062574149
-0.7235734360025445,-5.478593996146405,0.006960261701926401
-0.6202058022878953,-5.478593996146405,0.007648809917112891
-0.5168381685732463,-5.478593996146405,0.007547507547289687
-0.4134705348585972,-5.478593996146405,0.006928208591676644
-0.31010290114394806,-5.478593996146405,0.006195015132637364
-0.2067352674292982,-5.478593996146405,0.005711390992180011
-0.1033676337146491,-5.478593996146405,0.0056602487537034014
0.,-5.478593996146405,0.005977738249390529
0.1033676337146491,-5.478593996146405,0.00637417413489058
0.2067352674292982,-5.478593996146405,0.006428018685056128
0.31010290114394734,-5.478593996146405,0.005719415623185863
0.4134705348585964,-5.478593996146405,0.0039628536897490406
0.5168381685732455,-5.478593996146405,0.0011038404801211408
0.6202058022878947,-5.478593996146405,-0.0026420007388950747
0.7235734360025438,-5.478593996146405,-0.006812822199826458
0.8269410697171944,-5.478593996146405,-0.010778929120304984
0.9303087034318435,-5.478593996146405,-0.013858174787647719
1.0336763371464925,-5.478593996146405,-0.015447016294212947
1.1370439708611417,-5.478593996146405,-0.01514548547118278
1.2404116045757907,-5.478593996146405,-0.01285559299464609
1.3437792382904399,-5.478593996146405,-0.008834764351541248
1.447146872005089,-5.478593996146405,-0.0036894635912189454
1.550514505719738,-5.478593996146405,0.0016992029827132813
1.6538821394343872,-5.478593996146405,0.006315154437527274
1.7572497731490362,-5.478593996146405,0.009194762348336757
1.8606174068636854,-5.478593996146405,0.009628951513937074
1.9639850405783346,-5.478593996146405,0.007335529662849767
2.0673526742929837,-5.478593996146405,0.002555579849539192
2.1707203080076343,-5.478593996146405,-0.003960800631710088
2.2740879417222835,-5.478593996146405,-0.011089878880783386
2.3774555754369326,-5.478593996146405,-0.01756929617469758
2.4808232091515814,-5.478593996146405,-0.022280495504207968
2.5841908428662306,-5.478593996146405,-0.024507014672542824
2.6875584765808798,-5.478593996146405,-0.024097075606583727
2.790926110295529,-5.478593996146405,-0.021480741642595124
2.894293744010178,-5.478593996146405,-0.01753112739863978
2.997661377724827,-5.478593996146405,-0.013304918041872248
3.101029011439476,-5.478593996146405,-0.009735669793633578
3.2043966451541253,-5.478593996146405,-0.00737109423403249
3.3077642788687744,-5.478593996146405,-0.0062355391189301045
3.411131912583425,-5.478593996146405,-0.005862543151933538
3.514499546298074,-5.478593996146405,-0.005489837733970239
3.6178671800127233,-5.478593996146405,-0.004356664094067456
3.7212348137273725,-5.478593996146405,-0.002007892363737083
3.8246024474420213,-5.478593996146405,0.0014964263497140883
3.9279700811566705,-5.478593996146405,0.005540487689945319
4.031337714871319,-5.478593996146405,0.009103171469410101
4.134705348585968,-5.478593996146405,0.011059798760111823
4.238072982300618,-5.478593996146405,0.01054427971587509
4.341440616015267,-5.478593996146405,0.00725708209260566
4.444808249729916,-5.478593996146405,0.0016170571731198645
4.548175883444565,-5.478593996146405,-0.005298936875439411
4.651543517159214,-5.478593996146405,-0.012019390621854857
4.754911150873865,-5.478593996146405,-0.017071170063609493
4.858278784588514,-5.478593996146405,-0.019386645027592877
4.961646418303163,-5.478593996146405,-0.01860280810830552
5.065014052017812,-5.478593996146405,-0.01516196150364097
5.168381685732461,-5.478593996146405,-0.01018363888170388
5.27174931944711,-5.478593996146405,-0.0051468737093618
5.3751169531617595,-5.478593996146405,-0.0014786585236918049
5.478484586876409,-5.478593996146405,-0.00017060294946927087
5.581852220591058,-5.478593996146405,-0.001533580571696735
5.685219854305707,-5.478593996146405,-0.005154283083902419
5.788587488020356,-5.478593996146405,-0.010053643362411928
5.8919551217350055,-5.478593996146405,-0.014986152306170814
5.995322755449654,-5.478593996146405,-0.018780708582503577
6.098690389164305,-5.478593996146405,-0.020619268182445163
6.202058022878954,-5.478593996146405,-0.020178921795210768
6.305425656593603,-5.478593996146405,-0.017614481805619836
6.408793290308252,-5.478593996146405,-0.013413479331974414
-6.408793290308252,-5.375224298105907,-0.0074954890844492125
-6.305425656593603,-5.375224298105907,-0.003295121134698789
-6.202058022878954,-5.375224298105907,0.00038016826054836685
-6.098690389164304,-5.375224298105907,0.0034561345502165013
-5.995322755449655,-5.375224298105907,0.006017188627580479
-5.8919551217350055,-5.375224298105907,0.008141801929927597
-5.788587488020356,-5.375224298105907,0.00976993968899665
-5.685219854305708,-5.375224298105907,0.010669080188344296
-5.581852220591058,-5.375224298105907,0.010522416806363528
-5.478484586876409,-5.375224298105907,0.009108739139588701
-5.3751169531617595,-5.375224298105907,0.0064991530377165
-5.27174931944711,-5.375224298105907,0.003179114859894481
-5.168381685732461,-5.375224298105907,0.000023402980013553033
-5.065014052017812,-5.375224298105907,-0.0018982604014678244
-4.961646418303163,-5.375224298105907,-0.0016429042712611133
-4.858278784588514,-5.375224298105907,0.0012542660179221297
-4.754911150873865,-5.375224298105907,0.006521803377095213
-4.651543517159215,-5.375224298105907,0.013093989514621714
-4.548175883444566,-5.375224298105907,0.019303441477904096
-4.444808249729917,-5.375224298105907,0.023295552474182177
-4.341440616015267,-5.375224298105907,0.023558723259629506
-4.238072982300618,-5.375224298105907,0.01941560526901312
-4.134705348585968,-5.375224298105907,0.011318638753566694
-4.031337714871319,-5.375224298105907,0.0008417266644224465
-3.9279700811566705,-5.375224298105907,-0.00965382920755254
-3.8246024474420213,-5.375224298105907,-0.017602670330523307
-3.7212348137273725,-5.375224298105907,-0.020911822229100322
-3.6178671800127233,-5.375224298105907,-0.01853879183388206
-3.514499546298074,-5.375224298105907,-0.010801634381864999
-3.411131912583425,-5.375224298105907,0.0006749923030343794
-3.3077642788687753,-5.375224298105907,0.013369551581696781
-3.204396645154126,-5.375224298105907,0.024517451828229654
-3.101029011439477,-5.375224298105907,0.031826026053238386
-2.9976613777248278,-5.375224298105907,0.03405032853916375
-2.8942937440101786,-5.375224298105907,0.03127109001303901
-2.790926110295529,-5.375224298105907,0.02480406180342888
-2.6875584765808798,-5.375224298105907,0.016777244713185178
-2.5841908428662306,-5.375224298105907,0.009506778318637386
-2.4808232091515814,-5.375224298105907,0.0048557213196011055
-2.3774555754369326,-5.375224298105907,0.0037577357583414676
-2.2740879417222835,-5.375224298105907,0.006032193340697554
-2.1707203080076334,-5.375224298105907,0.010526880389621657
-2.067352674292984,-5.375224298105907,0.015527601862920381
-1.9639850405783352,-5.375224298105907,0.01929975237094354
-1.8606174068636863,-5.375224298105907,0.02059641168629256
-1.757249773149037,-5.375224298105907,0.018987607424111774
-1.6538821394343879,-5.375224298105907,0.01492729066068054
-1.550514505719738,-5.375224298105907,0.009557328533466164
-1.447146872005089,-5.375224298105907,0.004325351076470798
-1.3437792382904399,-5.375224298105907,0.0005426775357660346
-1.2404116045757907,-5.375224298105907,-0.000983138335236301
-1.1370439708611417,-5.375224298105907,-0.00013897407310884424
-1.0336763371464925,-5.375224298105907,0.0025217984876244135
-0.9303087034318435,-5.375224298105907,0.005999572144966645
-0.8269410697171936,-5.375224298105907,0.009180009164082811
-0.7235734360025445,-5.375224298105907,0.011169548991188048
-0.6202058022878953,-5.375224298105907,0.011535536645331428
-0.5168381685732463,-5.375224298105907,0.010388154141329438
-0.4134705348585972,-5.375224298105907,0.008293150344601883
-0.31010290114394806,-5.375224298105907,0.006054704125570124
-0.2067352674292982,-5.375224298105907,0.0044420255357687
-0.1033676337146491,-5.375224298105907,0.003943202246633469
0.,-5.375224298105907,0.004615102988913795
0.1033676337146491,-5.375224298105907,0.006065774700769889
0.2067352674292982,-5.375224298105907,0.007566796985140247
0.31010290114394734,-5.375224298105907,0.008258892410535106
0.4134705348585964,-5.375224298105907,0.00739311264048076
0.5168381685732455,-5.375224298105907,0.004545604617079489
0.6202058022878947,-5.375224298105907,-0.0002451647698694486
0.7235734360025438,-5.375224298105907,-0.006448750406021315
0.8269410697171944,-5.375224298105907,-0.013125638263224918
0.9303087034318435,-5.375224298105907,-0.019104411366769762
1.0336763371464925,-5.375224298105907,-0.02321708445956661
1.1370439708611417,-5.375224298105907,-0.024546138041715744
1.2404116045757907,-5.375224298105907,-0.02263427576737831
1.3437792382904399,-5.375224298105907,-0.01761315312700489
1.447146872005089,-5.375224298105907,-0.010219917301387837
1.550514505719738,-5.375224298105907,-0.0016895784931114236
1.6538821394343872,-5.375224298105907,0.0064648437106865
1.7572497731490362,-5.375224298105907,0.012747324724311478
1.8606174068636854,-5.375224298105907,0.01599083707534494
1.9639850405783346,-5.375224298105907,0.015617240126150803
2.0673526742929837,-5.375224298105907,0.011780201541757884
2.1707203080076343,-5.375224298105907,0.005347742895840611
2.2740879417222835,-5.375224298105907,-0.0022830978489094293
2.3774555754369326,-5.375224298105907,-0.009504394105460265
2.4808232091515814,-5.375224298105907,-0.014875133613946042
2.5841908428662306,-5.375224298105907,-0.017463877930074825
2.6875584765808798,-5.375224298105907,-0.017064484439147033
2.790926110295529,-5.375224298105907,-0.014222666094732559
2.894293744010178,-5.375224298105907,-0.010061020073797347
2.997661377724827,-5.375224298105907,-0.005947032698651025
3.101029011439476,-5.375224298105907,-0.0030957398074139115
3.2043966451541253,-5.375224298105907,-0.0022210912626781155
3.3077642788687744,-5.375224298105907,-0.003339192583872432
3.411131912583425,-5.375224298105907,-0.005783943177323327
3.514499546298074,-5.375224298105907,-0.008432768909017419
3.6178671800127233,-5.375224298105907,-0.010075810025401224
3.7212348137273725,-5.375224298105907,-0.009816152077481832
3.8246024474420213,-5.375224298105907,-0.007376565003613982
3.9279700811566705,-5.375224298105907,-0.0032147228922185544
4.031337714871319,-5.375224298105907,0.0015931615553084733
4.134705348585968,-5.375224298105907,0.005668417626198535
4.238072982300618,-5.375224298105907,0.007750412716373314
4.341440616015267,-5.375224298105907,0.007091597978761896
4.444808249729916,-5.375224298105907,0.003703107865827179
4.548175883444565,-5.375224298105907,-0.0016279488899865614
4.651543517159214,-5.375224298105907,-0.007557782591782332
4.754911150873865,-5.375224298105907,-0.012576225350207169
4.858278784588514,-5.375224298105907,-0.015448844946615707
4.961646418303163,-5.375224298105907,-0.015575452982917518
5.065014052017812,-5.375224298105907,-0.013156004884665434
5.168381685732461,-5.375224298105907,-0.00911544561129073
5.27174931944711,-5.375224298105907,-0.00481427084460494
5.3751169531617595,-5.375224298105907,-0.0016373290811081465
5.478484586876409,-5.375224298105907,-0.0005888182185871891
5.581852220591058,-5.375224298105907,-0.0020157237724470925
5.685219854305707,-5.375224298105907,-0.005537813010213804
5.788587488020356,-5.375224298105907,-0.010194916361654968
5.8919551217350055,-5.375224298105907,-0.014754052555840485
5.995322755449654,-5.375224298105907,-0.018072161638880306
6.098690389164305,-5.375224298105907,-0.019399309347249077
6.202058022878954,-5.375224298105907,-0.018534355906462296
6.305425656593603,-5.375224298105907,-0.01579955791430394
6.408793290308252,-5.375224298105907,-0.011862803228201737
-6.408793290308252,-5.271854600065409,-0.0043345486504497805
-6.305425656593603,-5.271854600065409,-0.0025982816740998415
-6.202058022878954,-5.271854600065409,-0.001979869199963247
-6.098690389164304,-5.271854600065409,-0.002113515430190373
-5.995322755449655,-5.271854600065409,-0.0024089918009503864
-5.8919551217350055,-5.271854600065409,-0.002312882907524744
-5.788587488020356,-5.271854600065409,-0.0015354646415475088
-5.685219854305708,-5.271854600065409,-0.00015551840222742416
-5.581852220591058,-5.271854600065409,0.0014364402006759366
-5.478484586876409,-5.271854600065409,0.0027328262328014264
-5.3751169531617595,-5.271854600065409,0.003362859989373335
-5.27174931944711,-5.271854600065409,0.0033007824673821494
-5.168381685732461,-5.271854600065409,0.002936652395454143
-5.065014052017812,-5.271854600065409,0.002966807043594664
-4.961646418303163,-5.271854600065409,0.0041289890229435295
-4.858278784588514,-5.271854600065409,0.00686999868504156
-4.754911150873865,-5.271854600065409,0.011068267505143795
-4.651543517159215,-5.271854600065409,0.01592584797778448
-4.548175883444566,-5.271854600065409,0.02009429010971997
-4.444808249729917,-5.271854600065409,0.022021860151322244
-4.341440616015267,-5.271854600065409,0.02043079946316863
-4.238072982300618,-5.271854600065409,0.014779848113686668
-4.134705348585968,-5.271854600065409,0.005558711571531988
-4.031337714871319,-5.271854600065409,-0.005697119802287652
-3.9279700811566705,-5.271854600065409,-0.016701986593322764
-3.8246024474420213,-5.271854600065409,-0.02496156469894436
-3.7212348137273725,-5.271854600065409,-0.028415980776984127
-3.6178671800127233,-5.271854600065409,-0.02600213618004785
-3.514499546298074,-5.271854600065409,-0.01796964041168985
-3.411131912583425,-5.271854600065409,-0.005852609302426306
-3.3077642788687753,-5.271854600065409,0.007901582416854533
-3.204396645154126,-5.271854600065409,0.020545708383972735
-3.101029011439477,-5.271854600065409,0.029717118620612538
-2.9976613777248278,-5.271854600065409,0.03400270826394031
-2.8942937440101786,-5.271854600065409,0.03323107532077213
-2.790926110295529,-5.271854600065409,0.028420244461169954
-2.6875584765808798,-5.271854600065409,0.021410283509756767
-2.5841908428662306,-5.271854600065409,0.01429953669400177
-2.4808232091515814,-5.271854600065409,0.008854537840691741
-2.3774555754369326,-5.271854600065409,0.006062811230767258
-2.2740879417222835,-5.271854600065409,0.005946962216953953
-2.1707203080076334,-5.271854600065409,0.007675091095996112
-2.067352674292984,-5.271854600065409,0.00991322897882672
-1.9639850405783352,-5.271854600065409,0.01129741026517944
-1.8606174068636863,-5.271854600065409,0.010875567675119947
-1.757249773149037,-5.271854600065409,0.008388639149033926
-1.6538821394343879,-5.271854600065409,0.004317506796510467
-1.550514505719738,-5.271854600065409,-0.00030207798877583133
-1.447146872005089,-5.271854600065409,-0.00422469182457764
-1.3437792382904399,-5.271854600065409,-0.006385484396689879
-1.2404116045757907,-5.271854600065409,-0.0062149878372427135
-1.1370439708611417,-5.271854600065409,-0.0037892474808058465
-1.0336763371464925,-5.271854600065409,0.00021830640688464418
-0.9303087034318435,-5.271854600065409,0.004755451566247428
-0.8269410697171936,-5.271854600065409,0.008704258021898668
-0.7235734360025445,-5.271854600065409,0.011190984361710447
-0.6202058022878953,-5.271854600065409,0.011803954907760613
-0.5168381685732463,-5.271854600065409,0.010664504308748013
-0.4134705348585972,-5.271854600065409,0.008342654613143367
-0.31010290114394806,-5.271854600065409,0.005653612258357663
-0.2067352674292982,-5.271854600065409,0.0034009654679393545
-0.1033676337146491,-5.271854600065409,0.002140945912658692
0.,-5.271854600065409,0.002029609266986642
0.1033676337146491,-5.271854600065409,0.002787474726918452
0.2067352674292982,-5.271854600065409,0.0037833405652641485
0.31010290114394734,-5.271854600065409,0.004209825719963247
0.4134705348585964,-5.271854600065409,0.00330412880269229
0.5168381685732455,-5.271854600065409,0.0005611024212752368
0.6202058022878947,-5.271854600065409,-0.004109006239215049
0.7235734360025438,-5.271854600065409,-0.0103121305265512
0.8269410697171944,-5.271854600065409,-0.01720699494824646
0.9303087034318435,-5.271854600065409,-0.02364286267028742
1.0336763371464925,-5.271854600065409,-0.028375875215870656
1.1370439708611417,-5.271854600065409,-0.030325594503621926
1.2404116045757907,-5.271854600065409,-0.028822308896775707
1.3437792382904399,-5.271854600065409,-0.023791902709757957
1.447146872005089,-5.271854600065409,-0.015831174155213963
1.550514505719738,-5.271854600065409,-0.006143897254406463
1.6538821394343872,-5.271854600065409,0.0036643725312077158
1.7572497731490362,-5.271854600065409,0.011901243040104911
1.8606174068636854,-5.271854600065409,0.017149110427407552
1.9639850405783346,-5.271854600065409,0.018590103172515974
2.0673526742929837,-5.271854600065409,0.01621006355104881
2.1707203080076343,-5.271854600065409,0.010819495417983957
2.2740879417222835,-5.271854600065409,0.003871944783683626
2.3774555754369326,-5.271854600065409,-0.0028865372934017814
2.4808232091515814,-5.271854600065409,-0.007853876916590553
2.5841908428662306,-5.271854600065409,-0.009981237697826283
2.6875584765808798,-5.271854600065409,-0.00904195306058167
2.790926110295529,-5.271854600065409,-0.005680191359820255
2.894293744010178,-5.271854600065409,-0.0012184341044015215
2.997661377724827,-5.271854600065409,0.0027282845273379095
3.101029011439476,-5.271854600065409,0.004725075003030857
3.2043966451541253,-5.271854600065409,0.003941195730170583
3.3077642788687744,-5.271854600065409,0.0004000000123963444
3.411131912583425,-5.271854600065409,-0.005021943250466007
3.514499546298074,-5.271854600065409,-0.010849807273691926
3.6178671800127233,-5.271854600065409,-0.015446207241609042
3.7212348137273725,-5.271854600065409,-0.017498339247543616
3.8246024474420213,-5.271854600065409,-0.0164099140915948
3.9279700811566705,-5.271854600065409,-0.012478855264884391
4.031337714871319,-5.271854600065409,-0.006806545701939197
4.134705348585968,-5.271854600065409,-0.000966688010843424
4.238072982300618,-5.271854600065409,0.003464071423194409
4.341440616015267,-5.271854600065409,0.005369150929221184
4.444808249729916,-5.271854600065409,0.004406869862936473
4.548175883444565,-5.271854600065409,0.0010826229792562743
4.651543517159214,-5.271854600065409,-0.003439276305031555
4.754911150873865,-5.271854600065409,-0.007719965490065069
4.858278784588514,-5.271854600065409,-0.010501896391049523
4.961646418303163,-5.271854600065409,-0.011091325194283725
5.065014052017812,-5.271854600065409,-0.009548959312610728
5.168381685732461,-5.271854600065409,-0.006634181806554328
5.27174931944711,-5.271854600065409,-0.0035284782186160903
5.3751169531617595,-5.271854600065409,-0.0014339202061648985
5.478484586876409,-5.271854600065409,-0.0011801109570432806
5.581852220591058,-5.271854600065409,-0.0029662138788426433
5.685219854305707,-5.271854600065409,-0.006316709782853208
5.788587488020356,-5.271854600065409,-0.010257081491876888
5.8919551217350055,-5.271854600065409,-0.013643263617894318
5.995322755449654,-5.271854600065409,-0.015530481480161638
6.098690389164305,-5.271854600065409,-0.015458529564567532
6.202058022878954,-5.271854600065409,-0.013563433550336212
6.305425656593603,-5.271854600065409,-0.010487555201738675
6.408793290308252,-5.271854600065409,-0.007129605893019257
-6.408793290308252,-5.168484902024911,0.0015332768217742204
-6.305425656593603,-5.168484902024911,0.00008387442382317931
-6.202058022878954,-5.168484902024911,-0.0028924710295046355
-6.098690389164304,-5.168484902024911,-0.006436639184044891
-5.995322755449655,-5.168484902024911,-0.009420502992898533
-5.8919551217350055,-5.168484902024911,-0.010916112165974549
-5.788587488020356,-5.168484902024911,-0.010486926118247749
-5.685219854305708,-5.168484902024911,-0.00830144492846949
-5.581852220591058,-5.168484902024911,-0.005032985203318676
-5.478484586876409,-5.168484902024911,-0.0015855503657353136
-5.3751169531617595,-5.168484902024911,0.0012520761908022843
-5.27174931944711,-5.168484902024911,0.003095821624157621
-5.168381685732461,-5.168484902024911,0.00409085332629319
-5.065014052017812,-5.168484902024911,0.004821609739400506
-4.961646418303163,-5.168484902024911,0.0060358916262985935
-4.858278784588514,-5.168484902024911,0.008281473203582496
-4.754911150873865,-5.168484902024911,0.011590475132490036
-4.651543517159215,-5.168484902024911,0.015336528716560835
-4.548175883444566,-5.168484902024911,0.018334689891346154
-4.444808249729917,-5.168484902024911,0.019171819264159957
-4.341440616015267,-5.168484902024911,0.016673177650506597
-4.238072982300618,-5.168484902024911,0.010357320491639972
-4.134705348585968,-5.168484902024911,0.0007251294013190157
-4.031337714871319,-5.168484902024911,-0.010726367867113357
-3.9279700811566705,-5.168484902024911,-0.021792151616005843
-3.8246024474420213,-5.168484902024911,-0.030081745063487677
-3.7212348137273725,-5.168484902024911,-0.03363267372780947
-3.6178671800127233,-5.168484902024911,-0.03143864919395568
-3.514499546298074,-5.168484902024911,-0.023737584843013897
-3.411131912583425,-5.168484902024911,-0.01197359716255375
-3.3077642788687753,-5.168484902024911,0.0015575409409003124
-3.204396645154126,-5.168484902024911,0.014278082358013405
-3.101029011439477,-5.168484902024911,0.023951369532934655
-2.9976613777248278,-5.168484902024911,0.029185667761014663
-2.8942937440101786,-5.168484902024911,0.029686840267355217
-2.790926110295529,-5.168484902024911,0.026206142755819457
-2.6875584765808798,-5.168484902024911,0.020219940483304014
-2.5841908428662306,-5.168484902024911,0.013452942585644584
-2.4808232091515814,-5.168484902024911,0.007393653991122085
-2.3774555754369326,-5.168484902024911,0.0029409736678223256
-2.2740879417222835,-5.168484902024911,0.00027008729095906366
-2.1707203080076334,-5.168484902024911,-0.001067687522778185
-2.067352674292984,-5.168484902024911,-0.0018683942088841242
-1.9639850405783352,-5.168484902024911,-0.002927812308278979
-1.8606174068636863,-5.168484902024911,-0.004739669956360219
-1.757249773149037,-5.168484902024911,-0.007330673700736417
-1.6538821394343879,-5.168484902024911,-0.010271313831704473
-1.550514505719738,-5.168484902024911,-0.012842040436585558
-1.447146872005089,-5.168484902024911,-0.014287170027287667
-1.3437792382904399,-5.168484902024911,-0.01406764645633971
-1.2404116045757907,-5.168484902024911,-0.01203278561473269
-1.1370439708611417,-5.168484902024911,-0.00846446320998765
-1.0336763371464925,-5.168484902024911,-0.003991658474931293
-0.9303087034318435,-5.168484902024911,0.0005865905061888073
-0.8269410697171936,-5.168484902024911,0.004508270435530591
-0.7235734360025445,-5.168484902024911,0.007222591341235165
-0.6202058022878953,-5.168484902024911,0.008486662772719443
-0.5168381685732463,-5.168484902024911,0.008369341609931871
-0.4134705348585972,-5.168484902024911,0.007176248768599394
-0.31010290114394806,-5.168484902024911,0.005329836051453088
-0.2067352674292982,-5.168484902024911,0.003244177319896127
-0.1033676337146491,-5.168484902024911,0.0012268571211751147
0.,-5.168484902024911,-0.0005746697456836048
0.1033676337146491,-5.168484902024911,-0.002180548554948346
0.2067352674292982,-5.168484902024911,-0.0037488543990808446
0.31010290114394734,-5.168484902024911,-0.005521431951280311
0.4134705348585964,-5.168484902024911,-0.00775602698365839
0.5168381685732455,-5.168484902024911,-0.010652124989981778
0.6202058022878947,-5.168484902024911,-0.01427701728204489
0.7235734360025438,-5.168484902024911,-0.018501879237355294
0.8269410697171944,-5.168484902024911,-0.022963409966671868
0.9303087034318435,-5.168484902024911,-0.027070491080420894
1.0336763371464925,-5.168484902024911,-0.030072451993110358
1.1370439708611417,-5.168484902024911,-0.031193096407129913
1.2404116045757907,-5.168484902024911,-0.02981406029950599
1.3437792382904399,-5.168484902024911,-0.025668321827845446
1.447146872005089,-5.168484902024911,-0.018988645539154796
1.550514505719738,-5.168484902024911,-0.010554902659133612
1.6538821394343872,-5.168484902024911,-0.0016029643667376389
1.7572497731490362,-5.168484902024911,0.006406092973185225
1.8606174068636854,-5.168484902024911,0.012113751001466668
1.9639850405783346,-5.168484902024911,0.014608145500511451
2.0673526742929837,-5.168484902024911,0.013686156183672353
2.1707203080076343,-5.168484902024911,0.009946784426365634
2.2740879417222835,-5.168484902024911,0.004670233790618767
2.3774555754369326,-5.168484902024911,-0.0005022613707081267
2.4808232091515814,-5.168484902024911,-0.0040104259998435515
2.5841908428662306,-5.168484902024911,-0.004817367135286634
2.6875584765808798,-5.168484902024911,-0.002721479451632492
2.790926110295529,-5.168484902024911,0.0015623559381238992
2.894293744010178,-5.168484902024911,0.006588255708457339
2.997661377724827,-5.168484902024911,0.010588114732016131
3.101029011439476,-5.168484902024911,0.01199017642888806
3.2043966451541253,-5.168484902024911,0.009895782605982058
3.3077642788687744,-5.168484902024911,0.0043701614275006295
3.411131912583425,-5.168484902024911,-0.003544391609486246
3.514499546298074,-5.168484902024911,-0.012102128034570172
3.6178671800127233,-5.168484902024911,-0.019336229782369246
3.7212348137273725,-5.168484902024911,-0.023607407137950353
3.8246024474420213,-5.168484902024911,-0.02405512028933128
3.9279700811566705,-5.168484902024911,-0.02081752305788653
4.031337714871319,-5.168484902024911,-0.014957687333302274
4.134705348585968,-5.168484902024911,-0.008124415573097636
4.238072982300618,-5.168484902024911,-0.002057143855547638
4.341440616015267,-5.168484902024911,0.001909767906254961
4.444808249729916,-5.168484902024911,0.0031920572912773238
4.548175883444565,-5.168484902024911,0.002050563419593673
4.651543517159214,-5.168484902024911,-0.0005805842608650457
4.754911150873865,-5.168484902024911,-0.0034635584835613136
4.858278784588514,-5.168484902024911,-0.005494096859711559
4.961646418303163,-5.168484902024911,-0.006059559894991157
5.065014052017812,-5.168484902024911,-0.005203084133294254
5.168381685732461,-5.168484902024911,-0.003548520699731729
5.27174931944711,-5.168484902024911,-0.002023463896158635
5.3751169531617595,-5.168484902024911,-0.0014854357517766284
5.478484586876409,-5.168484902024911,-0.0023865496543051456
5.581852220591058,-5.168484902024911,-0.004595116037986061
5.685219854305707,-5.168484902024911,-0.007435233937998239
5.788587488020356,-5.168484902024911,-0.00992777289916594
5.8919551217350055,-5.168484902024911,-0.011145332175177254
5.995322755449654,-5.168484902024911,-0.010554188362233891
6.098690389164305,-5.168484902024911,-0.008221336385462703
6.202058022878954,-5.168484902024911,-0.004812379688613458
6.305425656593603,-5.168484902024911,-0.0013794038171576913
6.408793290308252,-5.168484902024911,0.0009885809966349727
-6.408793290308252,-5.065115203984413,0.009282787678565307
-6.305425656593603,-5.065115203984413,0.004374937488199258
-6.202058022878954,-5.065115203984413,-0.0020849068181362273
-6.098690389164304,-5.065115203984413,-0.008485098920639145
-5.995322755449655,-5.065115203984413,-0.013252367488504968
-5.8919551217350055,-5.065115203984413,-0.01531541726850767
-5.788587488020356,-5.065115203984413,-0.01440301452815518
-5.685219854305708,-5.065115203984413,-0.01108009367197409
-5.581852220591058,-5.065115203984413,-0.006513625752168071
-5.478484586876409,-5.065115203984413,-0.002051416826402576
-5.3751169531617595,-5.065115203984413,0.0012396716382018587
-5.27174931944711,-5.065115203984413,0.0029162878018486674
-5.168381685732461,-5.065115203984413,0.0032637768336147145
-5.065014052017812,-5.065115203984413,0.0031284691211187405
-4.961646418303163,-5.065115203984413,0.0035371047616483456
-4.858278784588514,-5.065115203984413,0.0052391572855265195
-4.754911150873865,-5.065115203984413,0.008337494937368512
-4.651543517159215,-5.065115203984413,0.012145733311985539
-4.548175883444566,-5.065115203984413,0.015335333718007476
-4.444808249729917,-5.065115203984413,0.016336984887119176
-4.341440616015267,-5.065115203984413,0.013872130724639218
-4.238072982300618,-5.065115203984413,0.007441663132611668
-4.134705348585968,-5.065115203984413,-0.00239339021505925
-4.031337714871319,-5.065115203984413,-0.014041881844985851
-3.9279700811566705,-5.065115203984413,-0.02522896023066679
-3.8246024474420213,-5.065115203984413,-0.033564564271680294
-3.7212348137273725,-5.065115203984413,-0.03716904786446029
-3.6178671800127233,-5.065115203984413,-0.0351723418118609
-3.514499546298074,-5.065115203984413,-0.027941872139502198
-3.411131912583425,-5.065115203984413,-0.016977540251091765
-3.3077642788687753,-5.065115203984413,-0.004512258024495954
-3.204396645154126,-5.065115203984413,0.007058161996559901
-3.101029011439477,-5.065115203984413,0.01574777892403707
-2.9976613777248278,-5.065115203984413,0.020397061442687898
-2.8942937440101786,-5.065115203984413,0.02083123517066681
-2.790926110295529,-5.065115203984413,0.017742771326042156
-2.6875584765808798,-5.065115203984413,0.012363738534635378
-2.5841908428662306,-5.065115203984413,0.0060498710618444385
-2.4808232091515814,-5.065115203984413,-0.00008882322557582133
-2.3774555754369326,-5.065115203984413,-0.0054070471397683895
-2.2740879417222835,-5.065115203984413,-0.0097500540249368
-2.1707203080076334,-5.065115203984413,-0.01331213757780549
-2.067352674292984,-5.065115203984413,-0.016405946489293506
-1.9639850405783352,-5.065115203984413,-0.01924076656242601
-1.8606174068636863,-5.065115203984413,-0.021791596709252386
-1.757249773149037,-5.065115203984413,-0.0237972827657928
-1.6538821394343879,-5.065115203984413,-0.02487309107414261
-1.550514505719738,-5.065115203984413,-0.02468079412359116
-1.447146872005089,-5.065115203984413,-0.023082224310594642
-1.3437792382904399,-5.065115203984413,-0.020214724845573434
-1.2404116045757907,-5.065115203984413,-0.016462159318316016
-1.1370439708611417,-5.065115203984413,-0.012338218601438272
-1.0336763371464925,-5.065115203984413,-0.00833264867427509
-0.9303087034318435,-5.065115203984413,-0.0047830453022178945
-0.8269410697171936,-5.065115203984413,-0.0018213198683313906
-0.7235734360025445,-5.065115203984413,0.0005888262806349838
-0.6202058022878953,-5.065115203984413,0.0025454482582091963
-0.5168381685732463,-5.065115203984413,0.004083452615535667
-0.4134705348585972,-5.065115203984413,0.005089113574486579
-0.31010290114394806,-5.065115203984413,0.005295287650443215
-0.2067352674292982,-5.065115203984413,0.004364774790651178
-0.1033676337146491,-5.065115203984413,0.002031744758837452
0.,-5.065115203984413,-0.001755012130725594
0.1033676337146491,-5.065115203984413,-0.006747315666629513
0.2067352674292982,-5.065115203984413,-0.012411431174390931
0.31010290114394734,-5.065115203984413,-0.018043572894034965
0.4134705348585964,-5.065115203984413,-0.022950374451793324
0.5168381685732455,-5.065115203984413,-0.026630753840848283
0.6202058022878947,-5.065115203984413,-0.028892611189937883
0.7235734360025438,-5.065115203984413,-0.029860694777159174
0.8269410697171944,-5.065115203984413,-0.029872740779781748
0.9303087034318435,-5.065115203984413,-0.029304390733352968
1.0336763371464925,-5.065115203984413,-0.0283925789102317
1.1370439708611417,-5.065115203984413,-0.02713005016262491
1.2404116045757907,-5.065115203984413,-0.02527803547282692
1.3437792382904399,-5.065115203984413,-0.02249843319209008
1.447146872005089,-5.065115203984413,-0.018557822284529398
1.550514505719738,-5.065115203984413,-0.013522137857011313
1.6538821394343872,-5.065115203984413,-0.007856849312469404
1.7572497731490362,-5.065115203984413,-0.0023765627287181093
1.8606174068636854,-5.065115203984413,0.0019586154112273403
1.9639850405783346,-5.065115203984413,0.004343304334015116
2.0673526742929837,-5.065115203984413,0.004423633226339158
2.1707203080076343,-5.065115203984413,0.0024804451635033627
2.2740879417222835,-5.065115203984413,-0.0005817841030894978
2.3774555754369326,-5.065115203984413,-0.0034597543674926056
2.4808232091515814,-5.065115203984413,-0.004835889876527453
2.5841908428662306,-5.065115203984413,-0.0038082556181188282
2.6875584765808798,-5.065115203984413,-0.00022619074756138896
2.790926110295529,-5.065115203984413,0.005187173033573357
2.894293744010178,-5.065115203984413,0.010981895318788444
2.997661377724827,-5.065115203984413,0.015369072230278228
3.101029011439476,-5.065115203984413,0.016740917197194907
3.2043966451541253,-5.065115203984413,0.014166537314769344
3.3077642788687744,-5.065115203984413,0.007708185291957304
3.411131912583425,-5.065115203984413,-0.0015455238384002672
3.514499546298074,-5.065115203984413,-0.011746515888500552
3.6178671800127233,-5.065115203984413,-0.020777813727823374
3.7212348137273725,-5.065115203984413,-0.02682104987257166
3.8246024474420213,-5.065115203984413,-0.02883044525579795
3.9279700811566705,-5.065115203984413,-0.02677334718541408
4.031337714871319,-5.065115203984413,-0.021572359087795784
4.134705348585968,-5.065115203984413,-0.014778682579539529
4.238072982300618,-5.065115203984413,-0.008089398363616518
4.341440616015267,-5.065115203984413,-0.002865950538322416
4.444808249729916,-5.065115203984413,0.00019686964293432003
4.548175883444565,-5.065115203984413,0.0011587882274651058
4.651543517159214,-5.065115203984413,0.0006712692006546927
4.754911150873865,-5.065115203984413,-0.0003591965965224293
4.858278784588514,-5.065115203984413,-0.0011503953214341178
4.961646418303163,-5.065115203984413,-0.0013278555392135939
5.065014052017812,-5.065115203984413,-0.0010157064947593898
5.168381685732461,-5.065115203984413,-0.0007128169461260309
5.27174931944711,-5.065115203984413,-0.0010126638307034494
5.3751169531617595,-5.065115203984413,-0.0022830007238769405
5.478484586876409,-5.065115203984413,-0.004435617048508705
5.581852220591058,-5.065115203984413,-0.0068824045619552245
5.685219854305707,-5.065115203984413,-0.008703943339014551
5.788587488020356,-5.065115203984413,-0.008976135442628869
5.8919551217350055,-5.065115203984413,-0.007138260496573771
5.995322755449654,-5.065115203984413,-0.0032650219477166975
6.098690389164305,-5.065115203984413,0.0018660222125547138
6.202058022878954,-5.065115203984413,0.0069511175593179025
6.305425656593603,-5.065115203984413,0.010534903546417255
6.408793290308252,-5.065115203984413,0.011464707531502633
-6.408793290308252,-4.961745505943915,0.017179739640122756
-6.305425656593603,-4.961745505943915,0.009083426120980478
-6.202058022878954,-4.961745505943915,-0.00011952429662505842
-6.098690389164304,-4.961745505943915,-0.008225496169383667
-5.995322755449655,-4.961745505943915,-0.01340738714891731
-5.8919551217350055,-4.961745505943915,-0.014737265486541322
-5.788587488020356,-4.961745505943915,-0.012425530463110034
-5.685219854305708,-4.961745505943915,-0.0076993197040639335
-5.581852220591058,-4.961745505943915,-0.002361188966851923
-5.478484586876409,-4.961745505943915,0.001824838908659783
-5.3751169531617595,-4.961745505943915,0.0037148902892460553
-5.27174931944711,-4.961745505943915,0.0031400233158069258
-5.168381685732461,-4.961745505943915,0.0009156816539314815
-5.065014052017812,-4.961745505943915,-0.0014961758665701776
-4.961646418303163,-4.961745505943915,-0.002556263337141795
-4.858278784588514,-4.961745505943915,-0.001252792833379765
-4.754911150873865,-4.961745505943915,0.0024679227852713917
-4.651543517159215,-4.961745505943915,0.007598394118934133
-4.548175883444566,-4.961745505943915,0.012338987330779079
-4.444808249729917,-4.961745505943915,0.01465892615617117
-4.341440616015267,-4.961745505943915,0.0129700431513785
-4.238072982300618,-4.961745505943915,0.006693705518523908
-4.134705348585968,-4.961745505943915,-0.003466816577693203
-4.031337714871319,-4.961745505943915,-0.01564282372152144
-3.9279700811566705,-4.961745505943915,-0.027275702678079806
-3.8246024474420213,-4.961745505943915,-0.03580780473003656
-3.7212348137273725,-4.961745505943915,-0.03937834459303987
-3.6178671800127233,-4.961745505943915,-0.03731544503303585
-3.514499546298074,-4.961745505943915,-0.030283188758250514
-3.411131912583425,-4.961745505943915,-0.020052967902141453
-3.3077642788687753,-4.961745505943915,-0.008984575008318195
-3.204396645154126,-4.961745505943915,0.0006133641044707752
-3.101029011439477,-4.961745505943915,0.007047749286703985
-2.9976613777248278,-4.961745505943915,0.009571714753175612
-2.8942937440101786,-4.961745505943915,0.008408822448356178
-2.790926110295529,-4.961745505943915,0.004500751456448037
-2.6875584765808798,-4.961745505943915,-0.0009064668389636979
-2.5841908428662306,-4.961745505943915,-0.006682722619835034
-2.4808232091515814,-4.961745505943915,-0.01210138386097287
-2.3774555754369326,-4.961745505943915,-0.016917013008447973
-2.2740879417222835,-4.961745505943915,-0.021239764475265037
-2.1707203080076334,-4.961745505943915,-0.025287082686872044
-2.067352674292984,-4.961745505943915,-0.029131811857932573
-1.9639850405783352,-4.961745505943915,-0.03255674760330863
-1.8606174068636863,-4.961745505943915,-0.03507490480295664
-1.757249773149037,-4.961745505943915,-0.03610334481774822
-1.6538821394343879,-4.961745505943915,-0.03521426074258088
-1.550514505719738,-4.961745505943915,-0.032354620768520956
-1.447146872005089,-4.961745505943915,-0.027937001904894697
-1.3437792382904399,-4.961745505943915,-0.022754574209917805
-1.2404116045757907,-4.961745505943915,-0.017743020063520222
-1.1370439708611417,-4.961745505943915,-0.013674606886435278
-1.0336763371464925,-4.961745505943915,-0.010900459415320826
-0.9303087034318435,-4.961745505943915,-0.009243805517455178
-0.8269410697171936,-4.961745505943915,-0.008093561103069368
-0.7235734360025445,-4.961745505943915,-0.006673184929814176
-0.6202058022878953,-4.961745505943915,-0.004391638466958176
-0.5168381685732463,-4.961745505943915,-0.0011471700091615134
-0.4134705348585972,-4.961745505943915,0.0025350326263990867
-0.31010290114394806,-4.961745505943915,0.005595717160418216
-0.2067352674292982,-4.961745505943915,0.006748951031184767
-0.1033676337146491,-4.961745505943915,0.00490991925472849
0.,-4.961745505943915,-0.0003986679275398367
0.1033676337146491,-4.961745505943915,-0.008802884488777016
0.2067352674292982,-4.961745505943915,-0.019088194904164704
0.31010290114394734,-4.961745505943915,-0.02947319684731316
0.4134705348585964,-4.961745505943915,-0.03806771224979443
0.5168381685732455,-4.961745505943915,-0.04337408539239743
0.6202058022878947,-4.961745505943915,-0.044675113778092315
0.7235734360025438,-4.961745505943915,-0.042189024157520565
0.8269410697171944,-4.961745505943915,-0.0369486844654751
0.9303087034318435,-4.961745505943915,-0.03045244495111404
1.0336763371464925,-4.961745505943915,-0.024206738199207416
1.1370439708611417,-4.961745505943915,-0.01931122379337523
1.2404116045757907,-4.961745505943915,-0.016216070023110186
1.3437792382904399,-4.961745505943915,-0.014716316077969948
1.447146872005089,-4.961745505943915,-0.01416361448786595
1.550514505719738,-4.961745505943915,-0.013801144822964084
1.6538821394343872,-4.961745505943915,-0.013089202489986643
1.7572497731490362,-4.961745505943915,-0.011899725019901485
1.8606174068636854,-4.961745505943915,-0.010512928092422918
1.9639850405783346,-4.961745505943915,-0.009427552446719561
2.0673526742929837,-4.961745505943915,-0.00906893554981788
2.1707203080076343,-4.961745505943915,-0.00951937205512685
2.2740879417222835,-4.961745505943915,-0.010388054450135046
2.3774555754369326,-4.961745505943915,-0.010885647747704907
2.4808232091515814,-4.961745505943915,-0.010090139657599645
2.5841908428662306,-4.961745505943915,-0.007314702976784221
2.6875584765808798,-4.961745505943915,-0.0024430837773928536
2.790926110295529,-4.961745505943915,0.003899038231956352
2.894293744010178,-4.961745505943915,0.01041683918422677
2.997661377724827,-4.961745505943915,0.015460621303769947
3.101029011439476,-4.961745505943915,0.017493469153980683
3.2043966451541253,-4.961745505943915,0.015566362021517446
3.3077642788687744,-4.961745505943915,0.00964558053588193
3.411131912583425,-4.961745505943915,0.0006808767282864509
3.514499546298074,-4.961745505943915,-0.009614793564079223
3.6178671800127233,-4.961745505943915,-0.01920991860168618
3.7212348137273725,-4.961745505943915,-0.02628695234919118
3.8246024474420213,-4.961745505943915,-0.029699199871138265
3.9279700811566705,-4.961745505943915,-0.029215936455773597
4.031337714871319,-4.961745505943915,-0.02549154099619277
4.134705348585968,-4.961745505943915,-0.01978573524515533
4.238072982300618,-4.961745505943915,-0.013541195993822945
4.341440616015267,-4.961745505943915,-0.007964996320925502
4.444808249729916,-4.961745505943915,-0.003748752706361318
4.548175883444565,-4.961745505943915,-0.0010046471369206875
4.651543517159214,-4.961745505943915,0.000587489514700405
4.754911150873865,-4.961745505943915,0.0015030083955708078
4.858278784588514,-4.961745505943915,0.002089039656962689
4.961646418303163,-4.961745505943915,0.0023933488135348333
5.065014052017812,-4.961745505943915,0.0021732651833823572
5.168381685732461,-4.961745505943915,0.0010761464996770507
5.27174931944711,-4.961745505943915,-0.001089978756203294
5.3751169531617595,-4.961745505943915,-0.004118220568394506
5.478484586876409,-4.961745505943915,-0.007312941993693718
5.581852220591058,-4.961745505943915,-0.009610505791353694
5.685219854305707,-4.961745505943915,-0.009891621585338371
5.788587488020356,-4.961745505943915,-0.007387010405699557
5.8919551217350055,-4.961745505943915,-0.0020311502985465696
5.995322755449654,-4.961745505943915,0.005376431743994234
6.098690389164305,-4.961745505943915,0.013285398321582759
6.202058022878954,-4.961745505943915,0.019775383689385428
6.305425656593603,-4.961745505943915,0.02309914575839351
6.408793290308252,-4.961745505943915,0.02221954898236082
-6.408793290308252,-4.858375807903417,0.023070019497344094
-6.305425656593603,-4.858375807903417,0.012588080387973212
-6.202058022878954,-4.858375807903417,0.0018525712712653493
-6.098690389164304,-4.858375807903417,-0.006522341372659559
-5.995322755449655,-4.858375807903417,-0.01069647157432226
-5.8919551217350055,-4.858375807903417,-0.01013569594640502
-5.788587488020356,-4.858375807903417,-0.005739724386306567
-5.685219854305708,-4.858375807903417,0.00048082202581213704
-5.581852220591058,-4.858375807903417,0.006078244196598256
-5.478484586876409,-4.858375807903417,0.00897620238225025
-5.3751169531617595,-4.858375807903417,0.008149214974181295
-5.27174931944711,-4.858375807903417,0.003948953503991458
-5.168381685732461,-4.858375807903417,-0.0020326551529640025
-5.065014052017812,-4.858375807903417,-0.007521137948116875
-4.961646418303163,-4.858375807903417,-0.010355411050867945
-4.858278784588514,-4.858375807903417,-0.009258192711945175
-4.754911150873865,-4.858375807903417,-0.004322690637457347
-4.651543517159215,-4.858375807903417,0.0029514191741343543
-4.548175883444566,-4.858375807903417,0.010092447838114419
-4.444808249729917,-4.858375807903417,0.014426504770375468
-4.341440616015267,-4.858375807903417,0.01393643051755434
-4.238072982300618,-4.858375807903417,0.00793289634265344
-4.134705348585968,-4.858375807903417,-0.0026794867604994646
-4.031337714871319,-4.858375807903417,-0.015627828233876165
-3.9279700811566705,-4.858375807903417,-0.027917394531924315
-3.8246024474420213,-4.858375807903417,-0.0366945645859481
-3.7212348137273725,-4.858375807903417,-0.040056532704297924
-3.6178671800127233,-4.858375807903417,-0.037560504281987574
-3.514499546298074,-4.858375807903417,-0.030286548414281137
-3.411131912583425,-4.858375807903417,-0.020453573588007583
-3.3077642788687753,-4.858375807903417,-0.010728344714823207
-3.204396645154126,-4.858375807903417,-0.003457203992399415
-3.101029011439477,-4.858375807903417,-0.00006152246332168455
-2.9976613777248278,-4.858375807903417,-0.0007702536685333963
-2.8942937440101786,-4.858375807903417,-0.004742157777239149
-2.790926110295529,-4.858375807903417,-0.010499164908036993
-2.6875584765808798,-4.858375807903417,-0.016495673724972196
-2.5841908428662306,-4.858375807903417,-0.021617559284786036
-2.4808232091515814,-4.858375807903417,-0.02544668425371977
-2.3774555754369326,-4.858375807903417,-0.02822351332012845
-2.2740879417222835,-4.858375807903417,-0.030555272726578202
-2.1707203080076334,-4.858375807903417,-0.03300818620922592
-2.067352674292984,-4.858375807903417,-0.03575774184047567
-1.9639850405783352,-4.858375807903417,-0.038439770049417836
-1.8606174068636863,-4.858375807903417,-0.04026083252087745
-1.757249773149037,-4.858375807903417,-0.04032161931892967
-1.6538821394343879,-4.858375807903417,-0.038021317895383454
-1.550514505719738,-4.858375807903417,-0.03337638658965325
-1.447146872005089,-4.858375807903417,-0.027116865087324197
-1.3437792382904399,-4.858375807903417,-0.020506521367866994
-1.2404116045757907,-4.858375807903417,-0.014939137038073579
-1.1370439708611417,-4.858375807903417,-0.011452677106359211
-1.0336763371464925,-4.858375807903417,-0.010342125842547893
-0.9303087034318435,-4.858375807903417,-0.011024471429904707
-0.8269410697171936,-4.858375807903417,-0.012223704775005749
-0.7235734360025445,-4.858375807903417,-0.012429190511558903
-0.6202058022878953,-4.858375807903417,-0.01047798209642823
-0.5168381685732463,-4.858375807903417,-0.006058036237170719
-0.4134705348585972,-4.858375807903417,0.00005428359730720776
-0.31010290114394806,-4.858375807903417,0.006125935054740863
-0.2067352674292982,-4.858375807903417,0.009948854848223112
-0.1033676337146491,-4.858375807903417,0.009531123424920124
0.,-4.858375807903417,0.003779537424489104
0.1033676337146491,-4.858375807903417,-0.007051127394435804
0.2067352674292982,-4.858375807903417,-0.021298649711493357
0.31010290114394734,-4.858375807903417,-0.036258664355375385
0.4134705348585964,-4.858375807903417,-0.04887465587910167
0.5168381685732455,-4.858375807903417,-0.05654851511738021
0.6202058022878947,-4.858375807903417,-0.05782873157440052
0.7235734360025438,-4.858375807903417,-0.052772226615916976
0.8269410697171944,-4.858375807903417,-0.04287912949960593
0.9303087034318435,-4.858375807903417,-0.030632984875188174
1.0336763371464925,-4.858375807903417,-0.018798196240983073
1.1370439708611417,-4.858375807903417,-0.00969371146558226
1.2404116045757907,-4.858375807903417,-0.0046570039714330805
1.3437792382904399,-4.858375807903417,-0.0038397351319400218
1.447146872005089,-4.858375807903417,-0.006362851700573618
1.550514505719738,-4.858375807903417,-0.010743646238696383
1.6538821394343872,-4.858375807903417,-0.01542873865460611
1.7572497731490362,-4.858375807903417,-0.019249191436553906
1.8606174068636854,-4.858375807903417,-0.021659398811366165
1.9639850405783346,-4.858375807903417,-0.022710549676690357
2.0673526742929837,-4.858375807903417,-0.022808705802086864
2.1707203080076343,-4.858375807903417,-0.022381290456016792
2.2740879417222835,-4.858375807903417,-0.021599127351923552
2.3774555754369326,-4.858375807903417,-0.02026825941138252
2.4808232091515814,-4.858375807903417,-0.017931257650812
2.5841908428662306,-4.858375807903417,-0.014130826956479338
2.6875584765808798,-4.858375807903417,-0.008722065217845234
2.790926110295529,-4.858375807903417,-0.002098200253503338
2.894293744010178,-4.858375807903417,0.004774585763057123
2.997661377724827,-4.858375807903417,0.01054654597126323
3.101029011439476,-4.858375807903417,0.013846584785517202
3.2043966451541253,-4.858375807903417,0.013699046217689333
3.3077642788687744,-4.858375807903417,0.009852397656215987
3.411131912583425,-4.858375807903417,0.002904078629693647
3.514499546298074,-4.858375807903417,-0.005825737667956185
3.6178671800127233,-4.858375807903417,-0.014633526223858247
3.7212348137273725,-4.858375807903417,-0.02187568151776661
3.8246024474420213,-4.858375807903417,-0.02637421007890232
3.9279700811566705,-4.858375807903417,-0.027660984002436037
4.031337714871319,-4.858375807903417,-0.025996667207687268
4.134705348585968,-4.858375807903417,-0.022180105888437718
4.238072982300618,-4.858375807903417,-0.0172340282272022
4.341440616015267,-4.858375807903417,-0.012088199949777384
4.444808249729916,-4.858375807903417,-0.007370038552482266
4.548175883444565,-4.858375807903417,-0.00336100818012925
4.651543517159214,-4.858375807903417,-0.00010599350336407082
4.754911150873865,-4.858375807903417,0.0023995263758427895
4.858278784588514,-4.858375807903417,0.004048786166573475
4.961646418303163,-4.858375807903417,0.004578175839833657
5.065014052017812,-4.858375807903417,0.0036712248642952186
5.168381685732461,-4.858375807903417,0.00117526936653065
5.27174931944711,-4.858375807903417,-0.002665378971829106
5.3751169531617595,-4.858375807903417,-0.007078020201334861
5.478484586876409,-4.858375807903417,-0.010823356615617008
5.581852220591058,-4.858375807903417,-0.012473334470715174
5.685219854305707,-4.858375807903417,-0.010841486409251156
5.788587488020356,-4.858375807903417,-0.005430577474724636
5.8919551217350055,-4.858375807903417,0.00326534112292064
5.995322755449654,-4.858375807903417,0.013736487023175311
6.098690389164305,-4.858375807903417,0.0237593316527094
6.202058022878954,-4.858375807903417,0.030964395010597615
6.305425656593603,-4.858375807903417,0.03351102169676308
6.408793290308252,-4.858375807903417,0.030659260859602702
-6.408793290308252,-4.755006109862919,0.025031733928518735
-6.305425656593603,-4.755006109862919,0.013379908553924813
-6.202058022878954,-4.755006109862919,0.0025407212356649317
-6.098690389164304,-4.755006109862919,-0.004737877129304127
-5.995322755449655,-4.755006109862919,-0.006836969557245803
-5.8919551217350055,-4.755006109862919,-0.0037539362726573995
-5.788587488020356,-4.755006109862919,0.0029040786270864718
-5.685219854305708,-4.755006109862919,0.010432155624340035
-5.581852220591058,-4.755006109862919,0.015893599677644258
-5.478484586876409,-4.755006109862919,0.017069452011176177
-5.3751169531617595,-4.755006109862919,0.013186947446893638
-5.27174931944711,-4.755006109862919,0.0051871414567499
-5.168381685732461,-4.755006109862919,-0.004563122849051314
-5.065014052017812,-4.755006109862919,-0.013030523212939082
-4.961646418303163,-4.755006109862919,-0.017506336380900503
-4.858278784588514,-4.755006109862919,-0.01651033122104047
-4.754911150873865,-4.755006109862919,-0.010312175058693128
-4.651543517159215,-4.755006109862919,-0.0008955218280146106
-4.548175883444566,-4.755006109862919,0.008631158634136559
-4.444808249729917,-4.755006109862919,0.014993761902072906
-4.341440616015267,-4.755006109862919,0.015777721607860173
-4.238072982300618,-4.755006109862919,0.010192609111793685
-4.134705348585968,-4.755006109862919,-0.0006671370970738369
-4.031337714871319,-4.755006109862919,-0.014146817247114802
-3.9279700811566705,-4.755006109862919,-0.026835542618868835
-3.8246024474420213,-4.755006109862919,-0.035592311496803024
-3.7212348137273725,-4.755006109862919,-0.03846984834473403
-3.6178671800127233,-4.755006109862919,-0.03525071495913535
-3.514499546298074,-4.755006109862919,-0.027440191302926232
-3.411131912583425,-4.755006109862919,-0.017737495260111154
-3.3077642788687753,-4.755006109862919,-0.009172117657107808
-3.204396645154126,-4.755006109862919,-0.004191525232952639
-3.101029011439477,-4.755006109862919,-0.003989351162688054
-2.9976613777248278,-4.755006109862919,-0.00827146892958479
-2.8942937440101786,-4.755006109862919,-0.015504597946486733
-2.790926110295529,-4.755006109862919,-0.023531431712338183
-2.6875584765808798,-4.755006109862919,-0.030321948938591966
-2.5841908428662306,-4.755006109862919,-0.034599464998868366
-2.4808232091515814,-4.755006109862919,-0.03613948515558753
-2.3774555754369326,-4.755006109862919,-0.03566557369441482
-2.2740879417222835,-4.755006109862919,-0.03441296994711727
-2.1707203080076334,-4.755006109862919,-0.0335455200025646
-2.067352674292984,-4.755006109862919,-0.033655119811648426
-1.9639850405783352,-4.755006109862919,-0.034531860004642076
-1.8606174068636863,-4.755006109862919,-0.03528436233043792
-1.757249773149037,-4.755006109862919,-0.03475422133678529
-1.6538821394343879,-4.755006109862919,-0.03205589574348551
-1.550514505719738,-4.755006109862919,-0.027024901391186344
-1.447146872005089,-4.755006109862919,-0.020390376796576362
-1.3437792382904399,-4.755006109862919,-0.01359099559806691
-1.2404116045757907,-4.755006109862919,-0.008288425872065651
-1.1370439708611417,-4.755006109862919,-0.005750722130331804
-1.0336763371464925,-4.755006109862919,-0.006335443267599673
-0.9303087034318435,-4.755006109862919,-0.009276502888913763
-0.8269410697171936,-4.755006109862919,-0.012876916270578388
-0.7235734360025445,-4.755006109862919,-0.015066243722078754
-0.6202058022878953,-4.755006109862919,-0.014146726338252761
-0.5168381685732463,-4.755006109862919,-0.009474071958016346
-0.4134705348585972,-4.755006109862919,-0.0018269517871752226
-0.31010290114394806,-4.755006109862919,0.006686504815776056
-0.2067352674292982,-4.755006109862919,0.013186448537066317
-0.1033676337146491,-4.755006109862919,0.014887643313670864
0.,-4.755006109862919,0.010008533906106608
0.1033676337146491,-4.755006109862919,-0.001568231028894853
0.2067352674292982,-4.755006109862919,-0.01810551243154617
0.31010290114394734,-4.755006109862919,-0.03637013326732751
0.4134705348585964,-4.755006109862919,-0.0524477556327421
0.5168381685732455,-4.755006109862919,-0.0627786778166939
0.6202058022878947,-4.755006109862919,-0.06510965498062034
0.7235734360025438,-4.755006109862919,-0.05908313782113321
0.8269410697171944,-4.755006109862919,-0.04629791730668419
0.9303087034318435,-4.755006109862919,-0.02983692391482736
1.0336763371464925,-4.755006109862919,-0.013416621400534403
1.1370439708611417,-4.755006109862919,-0.0004181392337417405
1.2404116045757907,-4.755006109862919,0.00691834653289908
1.3437792382904399,-4.755006109862919,0.007920552556793832
1.447146872005089,-4.755006109862919,0.0034452638759229987
1.550514505719738,-4.755006109862919,-0.004566829835711902
1.6538821394343872,-4.755006109862919,-0.013766287655105031
1.7572497731490362,-4.755006109862919,-0.02207183234931988
1.8606174068636854,-4.755006109862919,-0.02814601585985288
1.9639850405783346,-4.755006109862919,-0.03155478714220617
2.0673526742929837,-4.755006109862919,-0.03261306162777659
2.1707203080076343,-4.755006109862919,-0.032022624254099206
2.2740879417222835,-4.755006109862919,-0.030465921406751473
2.3774555754369326,-4.755006109862919,-0.028313750075163457
2.4808232091515814,-4.755006109862919,-0.02554364759974056
2.5841908428662306,-4.755006109862919,-0.021875067973175684
2.6875584765808798,-4.755006109862919,-0.01704207041575323
2.790926110295529,-4.755006109862919,-0.011074976882116517
2.894293744010178,-4.755006109862919,-0.004465125578550828
2.997661377724827,-4.755006109862919,0.0018624900946902717
3.101029011439476,-4.755006109862919,0.006766562342742044
3.2043966451541253,-4.755006109862919,0.009220698980510195
3.3077642788687744,-4.755006109862919,0.008639318981868776
3.411131912583425,-4.755006109862919,0.005081512906231421
3.514499546298074,-4.755006109862919,-0.0007383537577750423
3.6178671800127233,-4.755006109862919,-0.007634597642169519
3.7212348137273725,-4.755006109862919,-0.014262501481302217
3.8246024474420213,-4.755006109862919,-0.01945233484480174
3.9279700811566705,-4.755006109862919,-0.022458901216061762
4.031337714871319,-4.755006109862919,-0.02305914284512523
4.134705348585968,-4.755006109862919,-0.021490617456595182
4.238072982300618,-4.755006109862919,-0.01828116420454197
4.341440616015267,-4.755006109862919,-0.014052633037564636
4.444808249729916,-4.755006109862919,-0.009377758094357445
4.548175883444565,-4.755006109862919,-0.004732734129288275
4.651543517159214,-4.755006109862919,-0.0005357515224345487
4.754911150873865,-4.755006109862919,0.0027830525637087067
4.858278784588514,-4.755006109862919,0.004751971971372385
4.961646418303163,-4.755006109862919,0.004921256655460855
5.065014052017812,-4.755006109862919,0.003024425219846424
5.168381685732461,-4.755006109862919,-0.0008154101886974617
5.27174931944711,-4.755006109862919,-0.005928166506012796
5.3751169531617595,-4.755006109862919,-0.01108660035770043
5.478484586876409,-4.755006109862919,-0.014701914247129863
5.581852220591058,-4.755006109862919,-0.01521081954460075
5.685219854305707,-4.755006109862919,-0.01155888680325186
5.788587488020356,-4.755006109862919,-0.0036277576323565626
5.8919551217350055,-4.755006109862919,0.007554182804738348
5.995322755449654,-4.755006109862919,0.019927253858941785
6.098690389164305,-4.755006109862919,0.030853754655732493
6.202058022878954,-4.755006109862919,0.037806282218083756
6.305425656593603,-4.755006109862919,0.03909664411543791
6.408793290308252,-4.755006109862919,0.03441683735340744
-6.408793290308252,-4.6516364118224205,0.02198585561423761
-6.305425656593603,-4.6516364118224205,0.01058241339100447
-6.202058022878954,-4.6516364118224205,0.0010081022509256053
-6.098690389164304,-4.6516364118224205,-0.004179544291672535
-5.995322755449655,-4.6516364118224205,-0.0037644457239324348
-5.8919551217350055,-4.6516364118224205,0.001735208249428014
-5.788587488020356,-4.6516364118224205,0.010195737189598987
-5.685219854305708,-4.6516364118224205,0.01851979673572619
-5.581852220591058,-4.6516364118224205,0.02359108828008836
-5.478484586876409,-4.6516364118224205,0.02326110920761481
-5.3751169531617595,-4.6516364118224205,0.01705601279172384
-5.27174931944711,-4.6516364118224205,0.006370757698462406
-5.168381685732461,-4.6516364118224205,-0.005925102589737278
-5.065014052017812,-4.6516364118224205,-0.01635913929917102
-4.961646418303163,-4.6516364118224205,-0.021938586641666907
-4.858278784588514,-4.6516364118224205,-0.02110348654326458
-4.754911150873865,-4.6516364118224205,-0.01424496041889323
-4.651543517159215,-4.6516364118224205,-0.0036170977092753213
-4.548175883444566,-4.6516364118224205,0.007337607862170201
-4.444808249729917,-4.6516364118224205,0.015041765758898764
-4.341440616015267,-4.6516364118224205,0.01688529214371061
-4.238072982300618,-4.6516364118224205,0.012028645478442061
-4.134705348585968,-4.6516364118224205,0.0016537404177570474
-4.031337714871319,-4.6516364118224205,-0.01141487530503844
-3.9279700811566705,-4.6516364118224205,-0.023595351591046643
-3.8246024474420213,-4.6516364118224205,-0.031656893789794784
-3.7212348137273725,-4.6516364118224205,-0.03369964362080846
-3.6178671800127233,-4.6516364118224205,-0.029700262665458135
-3.514499546298074,-4.6516364118224205,-0.021460902375924816
-3.411131912583425,-4.6516364118224205,-0.011992739668451647
-3.3077642788687753,-4.6516364118224205,-0.004544996816194295
-3.204396645154126,-4.6516364118224205,-0.001597930408520728
-3.101029011439477,-4.6516364118224205,-0.004139893642415595
-2.9976613777248278,-4.6516364118224205,-0.011446039502928385
-2.8942937440101786,-4.6516364118224205,-0.02140579944219097
-2.790926110295529,-4.6516364118224205,-0.031266030962663074
-2.6875584765808798,-4.6516364118224205,-0.03852677261402418
-2.5841908428662306,-4.6516364118224205,-0.04168874682649557
-2.4808232091515814,-4.6516364118224205,-0.04061597346496554
-2.3774555754369326,-4.6516364118224205,-0.03641822941328781
-2.2740879417222835,-4.6516364118224205,-0.03092613437927787
-2.1707203080076334,-4.6516364118224205,-0.025968003372923938
-2.067352674292984,-4.6516364118224205,-0.022716205327053974
-1.9639850405783352,-4.6516364118224205,-0.021333456962757825
-1.8606174068636863,-4.6516364118224205,-0.02103184551986917
-1.757249773149037,-4.6516364118224205,-0.02050279231430202
-1.6538821394343879,-4.6516364118224205,-0.018540302527066236
-1.550514505719738,-4.6516364118224205,-0.014611009918501672
-1.447146872005089,-4.6516364118224205,-0.009146785852036834
-1.3437792382904399,-4.6516364118224205,-0.003440546272608961
-1.2404116045757907,-4.6516364118224205,0.0008245744900962966
-1.1370439708611417,-4.6516364118224205,0.0022422506940752277
-1.0336763371464925,-4.6516364118224205,0.00029569162796928155
-0.9303087034318435,-4.6516364118224205,-0.0043243972154149825
-0.8269410697171936,-4.6516364118224205,-0.009838728840396112
-0.7235734360025445,-4.6516364118224205,-0.013923802573909738
-0.6202058022878953,-4.6516364118224205,-0.014514790380239076
-0.5168381685732463,-4.6516364118224205,-0.010597433157852502
-0.4134705348585972,-4.6516364118224205,-0.0027073536315422846
-0.31010290114394806,-4.6516364118224205,0.0070594509837694375
-0.2067352674292982,-4.6516364118224205,0.015564828525356827
-0.1033676337146491,-4.6516364118224205,0.019539200460243766
0.,-4.6516364118224205,0.016611635575351662
0.1033676337146491,-4.6516364118224205,0.006134972473839902
0.2067352674292982,-4.6516364118224205,-0.010464913154027488
0.31010290114394734,-4.6516364118224205,-0.029944416225317416
0.4134705348585964,-4.6516364118224205,-0.04804489499189962
0.5168381685732455,-4.6516364118224205,-0.060615456646962385
0.6202058022878947,-4.6516364118224205,-0.06472864022361573
0.7235734360025438,-4.6516364118224205,-0.05946357993320121
0.8269410697171944,-4.6516364118224205,-0.046133235223687216
0.9303087034318435,-4.6516364118224205,-0.027901029957010867
1.0336763371464925,-4.6516364118224205,-0.008913671981405845
1.1370439708611417,-4.6516364118224205,0.006785750369915888
1.2404116045757907,-4.6516364118224205,0.016248186140958586
1.3437792382904399,-4.6516364118224205,0.018242144492360224
1.447146872005089,-4.6516364118224205,0.013364830625042443
1.550514505719738,-4.6516364118224205,0.0036564549589662774
1.6538821394343872,-4.6516364118224205,-0.008121799056320942
1.7572497731490362,-4.6516364118224205,-0.01930107883194294
1.8606174068636854,-4.6516364118224205,-0.02796239516600393
1.9639850405783346,-4.6516364118224205,-0.033266290591926415
2.0673526742929837,-4.6516364118224205,-0.035404295608185817
2.1707203080076343,-4.6516364118224205,-0.03524720753028935
2.2740879417222835,-4.6516364118224205,-0.03385315678826239
2.3774555754369326,-4.6516364118224205,-0.032023386039891334
2.4808232091515814,-4.6516364118224205,-0.03005315958650563
2.5841908428662306,-4.6516364118224205,-0.027738958515992198
2.6875584765808798,-4.6516364118224205,-0.024604722414817013
2.790926110295529,-4.6516364118224205,-0.020234383108079075
2.894293744010178,-4.6516364118224205,-0.014569542056990726
2.997661377724827,-4.6516364118224205,-0.008055739581057124
3.101029011439476,-4.6516364118224205,-0.0015851725125698947
3.2043966451541253,-4.6516364118224205,0.0037382239560049815
3.3077642788687744,-4.6516364118224205,0.006922609618934647
3.411131912583425,-4.6516364118224205,0.00738585824939771
3.514499546298074,-4.6516364118224205,0.005128206489800497
3.6178671800127233,-4.6516364118224205,0.0007307957692693724
3.7212348137273725,-4.6516364118224205,-0.004806912127629892
3.8246024474420213,-4.6516364118224205,-0.010326698259160107
3.9279700811566705,-4.6516364118224205,-0.014781003341195023
4.031337714871319,-4.6516364118224205,-0.017435354540497165
4.134705348585968,-4.6516364118224205,-0.017962479646852554
4.238072982300618,-4.6516364118224205,-0.016430630803481876
4.341440616015267,-4.6516364118224205,-0.013222412251862686
4.444808249729916,-4.6516364118224205,-0.008931801535369703
4.548175883444565,-4.6516364118224205,-0.004274560734612611
4.651543517159214,-4.6516364118224205,-0.00002016379697648365
4.754911150873865,-4.6516364118224205,0.0030727014137475616
4.858278784588514,-4.6516364118224205,0.004345392128436657
4.961646418303163,-4.6516364118224205,0.003369428871881078
5.065014052017812,-4.6516364118224205,0.00010299377715694128
5.168381685732461,-4.6516364118224205,-0.004975350481020492
5.27174931944711,-4.6516364118224205,-0.010825275682477079
5.3751169531617595,-4.6516364118224205,-0.015956811580125404
5.478484586876409,-4.6516364118224205,-0.018716463506340358
5.581852220591058,-4.6516364118224205,-0.017705271551271017
5.685219854305707,-4.6516364118224205,-0.01222426962013915
5.788587488020356,-4.6516364118224205,-0.0026061178924526697
5.8919551217350055,-4.6516364118224205,0.009699577004243709
5.995322755449654,-4.6516364118224205,0.02236073473173422
6.098690389164305,-4.6516364118224205,0.0326950144697841
6.202058022878954,-4.6516364118224205,0.03837499965118393
6.305425656593603,-4.6516364118224205,0.038107444685897086
6.408793290308252,-4.6516364118224205,0.03207178969369434
-6.408793290308252,-4.548266713781922,0.01407434662844117
-6.305425656593603,-4.548266713781922,0.004281854964494604
-6.202058022878954,-4.548266713781922,-0.0029586070064943353
-6.098690389164304,-4.548266713781922,-0.005590992382580248
-5.995322755449655,-4.548266713781922,-0.002904858508822555
-5.8919551217350055,-4.548266713781922,0.00420423147953031
-5.788587488020356,-4.548266713781922,0.013445469132607829
-5.685219854305708,-4.548266713781922,0.021776439109351335
-5.581852220591058,-4.548266713781922,0.026303424436720152
-5.478484586876409,-4.548266713781922,0.025172110952942656
-5.3751169531617595,-4.548266713781922,0.01817232999356057
-5.27174931944711,-4.548266713781922,0.006857999103034716
-5.168381685732461,-4.548266713781922,-0.005872148269818634
-5.065014052017812,-4.548266713781922,-0.01661974530665166
-4.961646418303163,-4.548266713781922,-0.022506787389597556
-4.858278784588514,-4.548266713781922,-0.022057010155689106
-4.754911150873865,-4.548266713781922,-0.015660963386861418
-4.651543517159215,-4.548266713781922,-0.0054723006116468
-4.548175883444566,-4.548266713781922,0.005240526151222613
-4.444808249729917,-4.548266713781922,0.013090588569269479
-4.341440616015267,-4.548266713781922,0.015607773843954583
-4.238072982300618,-4.548266713781922,0.01198871742806567
-4.134705348585968,-4.548266713781922,0.0033252585487606686
-4.031337714871319,-4.548266713781922,-0.007760260885816725
-3.9279700811566705,-4.548266713781922,-0.01795625556898097
-3.8246024474420213,-4.548266713781922,-0.024311641100263907
-3.7212348137273725,-4.548266713781922,-0.025160406552549093
-3.6178671800127233,-4.548266713781922,-0.02062900633632475
-3.514499546298074,-4.548266713781922,-0.012569878809974316
-3.411131912583425,-4.548266713781922,-0.0039492584979968865
-3.3077642788687753,-4.548266713781922,0.0021083697748310983
-3.204396645154126,-4.548266713781922,0.003309811887881599
-3.101029011439477,-4.548266713781922,-0.0010983528100556583
-2.9976613777248278,-4.548266713781922,-0.010121109218738785
-2.8942937440101786,-4.548266713781922,-0.02135950770524219
-2.790926110295529,-4.548266713781922,-0.031782353927794556
-2.6875584765808798,-4.548266713781922,-0.038664975537662225
-2.5841908428662306,-4.548266713781922,-0.04038924717750257
-2.4808232091515814,-4.548266713781922,-0.03685496926231941
-2.3774555754369326,-4.548266713781922,-0.029389341555764156
-2.2740879417222835,-4.548266713781922,-0.02021114893396056
-2.1707203080076334,-4.548266713781922,-0.011651629409661895
-2.067352674292984,-4.548266713781922,-0.005406460110763274
-1.9639850405783352,-4.548266713781922,-0.002070152069241295
-1.8606174068636863,-4.548266713781922,-0.001095666407992471
-1.757249773149037,-4.548266713781922,-0.0011675675258601532
-1.6538821394343879,-4.548266713781922,-0.0008310187498285654
-1.550514505719738,-4.548266713781922,0.0008678261686206369
-1.447146872005089,-4.548266713781922,0.003972426894707602
-1.3437792382904399,-4.548266713781922,0.007590713526666481
-1.2404116045757907,-4.548266713781922,0.010263461008086425
-1.1370439708611417,-4.548266713781922,0.010587973512991952
-1.0336763371464925,-4.548266713781922,0.007860543840919486
-0.9303087034318435,-4.548266713781922,0.002487493161690092
-0.8269410697171936,-4.548266713781922,-0.00400840408615248
-0.7235734360025445,-4.548266713781922,-0.009417435398668881
-0.6202058022878953,-4.548266713781922,-0.011581836883013633
-0.5168381685732463,-4.548266713781922,-0.009198755288420915
-0.4134705348585972,-4.548266713781922,-0.0024049709685790214
-0.31010290114394806,-4.548266713781922,0.007079120638264435
-0.2067352674292982,-4.548266713781922,0.01632992943916896
-0.1033676337146491,-4.548266713781922,0.022036329598180523
0.,-4.548266713781922,0.02151193434939556
0.1033676337146491,-4.548266713781922,0.013589730325394643
0.2067352674292982,-4.548266713781922,-0.0008903734856056251
0.31010290114394734,-4.548266713781922,-0.01917151905225146
0.4134705348585964,-4.548266713781922,-0.037241835416304304
0.5168381685732455,-4.548266713781922,-0.05088578583275366
0.6202058022878947,-4.548266713781922,-0.056820823169691156
0.7235734360025438,-4.548266713781922,-0.05358764281647318
0.8269410697171944,-4.548266713781922,-0.04193687659815268
0.9303087034318435,-4.548266713781922,-0.024607408145820027
1.0336763371464925,-4.548266713781922,-0.005572961037115428
1.1370439708611417,-4.548266713781922,0.011012643062129174
1.2404116045757907,-4.548266713781922,0.021861831434077397
1.3437792382904399,-4.548266713781922,0.025298495008983485
1.447146872005089,-4.548266713781922,0.02151352883515344
1.550514505719738,-4.548266713781922,0.012297450607419193
1.6538821394343872,-4.548266713781922,0.0003727045487883775
1.7572497731490362,-4.548266713781922,-0.011443544502531969
1.8606174068636854,-4.548266713781922,-0.02098538696616325
1.9639850405783346,-4.548266713781922,-0.027184593467116144
2.0673526742929837,-4.548266713781922,-0.03012164575342448
2.1707203080076343,-4.548266713781922,-0.03071808178199196
2.2740879417222835,-4.548266713781922,-0.0302158019942711
2.3774555754369326,-4.548266713781922,-0.029641326940282577
2.4808232091515814,-4.548266713781922,-0.02943650186256898
2.5841908428662306,-4.548266713781922,-0.029362903859146836
2.6875584765808798,-4.548266713781922,-0.028684368289966004
2.790926110295529,-4.548266713781922,-0.026536897255627957
2.894293744010178,-4.548266713781922,-0.02233861799502104
2.997661377724827,-4.548266713781922,-0.016090026763027884
3.101029011439476,-4.548266713781922,-0.008462791891099072
3.2043966451541253,-4.548266713781922,-0.0006536787275778299
3.3077642788687744,-4.548266713781922,0.005939907396188344
3.411131912583425,-4.548266713781922,0.010111340171329359
3.514499546298074,-4.548266713781922,0.01117769646792635
3.6178671800127233,-4.548266713781922,0.009156295436456513
3.7212348137273725,-4.548266713781922,0.0047429044733878515
3.8246024474420213,-4.548266713781922,-0.0008872678158984643
3.9279700811566705,-4.548266713781922,-0.006385613282198278
4.031337714871319,-4.548266713781922,-0.010551738252758501
4.134705348585968,-4.548266713781922,-0.01258821273251387
4.238072982300618,-4.548266713781922,-0.012237274161521025
4.341440616015267,-4.548266713781922,-0.009787525792260318
4.444808249729916,-4.548266713781922,-0.005971578811973136
4.548175883444565,-4.548266713781922,-0.0017932876023108867
4.651543517159214,-4.548266713781922,0.001675250759817318
4.754911150873865,-4.548266713781922,0.00349551445778287
4.858278784588514,-4.548266713781922,0.003041926646106369
4.961646418303163,-4.548266713781922,0.000142072827209773
5.065014052017812,-4.548266713781922,-0.004841491884361082
5.168381685732461,-4.548266713781922,-0.011012133592101868
5.27174931944711,-4.548266713781922,-0.017046238768920356
5.3751169531617595,-4.548266713781922,-0.021416143080680326
5.478484586876409,-4.548266713781922,-0.0227098339088605
5.581852220591058,-4.548266713781922,-0.019991300683678093
5.685219854305707,-4.548266713781922,-0.01311327074833624
5.788587488020356,-4.548266713781922,-0.0028824611403896355
5.8919551217350055,-4.548266713781922,0.009002305365353075
5.995322755449654,-4.548266713781922,0.020265613824893593
6.098690389164305,-4.548266713781922,0.028576670799795725
6.202058022878954,-4.548266713781922,0.03215486593822379
6.305425656593603,-4.548266713781922,0.03029200678637865
6.408793290308252,-4.548266713781922,0.02362501863532847
-6.408793290308252,-4.444897015741423,0.002688787636028436
-6.305425656593603,-4.444897015741423,-0.004435921063643557
-6.202058022878954,-4.444897015741423,-0.008724501362702038
-6.098690389164304,-4.444897015741423,-0.008860207673995533
-5.995322755449655,-4.444897015741423,-0.004659597964034354
-5.8919551217350055,-4.444897015741423,0.002821589229999946
-5.788587488020356,-4.444897015741423,0.011528580029462011
-5.685219854305708,-4.444897015741423,0.01894786704324021
-5.581852220591058,-4.444897015741423,0.022808259612414117
-5.478484586876409,-4.444897015741423,0.02174507133411687
-5.3751169531617595,-4.444897015741423,0.015728396214156212
-5.27174931944711,-4.444897015741423,0.006116570782625659
-5.168381685732461,-4.444897015741423,-0.004697113045585126
-5.065014052017812,-4.444897015741423,-0.013953543560664656
-4.961646418303163,-4.444897015741423,-0.019321240960940924
-4.858278784588514,-4.444897015741423,-0.019577296470095464
-4.754911150873865,-4.444897015741423,-0.01496603546041092
-4.651543517159215,-4.444897015741423,-0.007119549480673181
-4.548175883444566,-4.444897015741423,0.0014423642113195745
-4.444808249729917,-4.444897015741423,0.008083656086352899
-4.341440616015267,-4.444897015741423,0.010857902819147862
-4.238072982300618,-4.444897015741423,0.009097114368324923
-4.134705348585968,-4.444897015741423,0.0035971884376041624
-4.031337714871319,-4.444897015741423,-0.0036604783997731534
-3.9279700811566705,-4.444897015741423,-0.01016463134750352
-3.8246024474420213,-4.444897015741423,-0.013699132061000053
-3.7212348137273725,-4.444897015741423,-0.013073364533119844
-3.6178671800127233,-4.444897015741423,-0.008522531897120721
-3.514499546298074,-4.444897015741423,-0.0016468449520441039
-3.411131912583425,-4.444897015741423,0.005093772504041733
-3.3077642788687753,-4.444897015741423,0.009169637103910043
-3.204396645154126,-4.444897015741423,0.008803816998808844
-3.101029011439477,-4.444897015741423,0.0035639526307437255
-2.9976613777248278,-4.444897015741423,-0.005466018027135684
-2.8942937440101786,-4.444897015741423,-0.015988721208547056
-2.790926110295529,-4.444897015741423,-0.025173247288382335
-2.6875584765808798,-4.444897015741423,-0.030494915917466905
-2.5841908428662306,-4.444897015741423,-0.03046932569723795
-2.4808232091515814,-4.444897015741423,-0.02505316233012171
-2.3774555754369326,-4.444897015741423,-0.015595451046588805
-2.2740879417222835,-4.444897015741423,-0.004369963266524678
-2.1707203080076334,-4.444897015741423,0.006146538772050111
-2.067352674292984,-4.444897015741423,0.014008650326699658
-1.9639850405783352,-4.444897015741423,0.018312435890578214
-1.8606174068636863,-4.444897015741423,0.01932779523922689
-1.757249773149037,-4.444897015741423,0.018232081469516003
-1.6538821394343879,-4.444897015741423,0.01656002637063429
-1.550514505719738,-4.444897015741423,0.015578315980492774
-1.447146872005089,-4.444897015741423,0.015812396857535
-1.3437792382904399,-4.444897015741423,0.01689260821184686
-1.2404116045757907,-4.444897015741423,0.017768282646696092
-1.1370439708611417,-4.444897015741423,0.017203692427874572
-1.0336763371464925,-4.444897015741423,0.01436587023719189
-0.9303087034318435,-4.444897015741423,0.009277980599904074
-0.8269410697171936,-4.444897015741423,0.002956370736326688
-0.7235734360025445,-4.444897015741423,-0.002839957955151125
-0.6202058022878953,-4.444897015741423,-0.006179691079331885
-0.5168381685732463,-4.444897015741423,-0.005662224695521759
-0.4134705348585972,-4.444897015741423,-0.001008565543325749
-0.31010290114394806,-4.444897015741423,0.006679135015464665
-0.2067352674292982,-4.444897015741423,0.015106366551472818
-0.1033676337146491,-4.444897015741423,0.021394006390170122
0.,-4.444897015741423,0.02293351809254218
0.1033676337146491,-4.444897015741423,0.018227755781921026
0.2067352674292982,-4.444897015741423,0.007448205062422338
0.31010290114394734,-4.444897015741423,-0.007480607579602711
0.4134705348585964,-4.444897015741423,-0.02331605892462417
0.5168381685732455,-4.444897015741423,-0.03633777739200717
0.6202058022878947,-4.444897015741423,-0.04335241677052685
0.7235734360025438,-4.444897015741423,-0.042568846703148276
0.8269410697171944,-4.444897015741423,-0.03408754747152004
0.9303087034318435,-4.444897015741423,-0.019864410156731353
1.0336763371464925,-4.444897015741423,-0.003167112527050213
1.1370439708611417,-4.444897015741423,0.012307961724612475
1.2404116045757907,-4.444897015741423,0.02339495882394838
1.3437792382904399,-4.444897015741423,0.028217920783704657
1.447146872005089,-4.444897015741423,0.026545590197191413
1.550514505719738,-4.444897015741423,0.01966734281578164
1.6538821394343872,-4.444897015741423,0.00986263984456385
1.7572497731490362,-4.444897015741423,-0.0003468308364267124
1.8606174068636854,-4.444897015741423,-0.008921216963726997
1.9639850405783346,-4.444897015741423,-0.014787443874853399
2.0673526742929837,-4.444897015741423,-0.017960874380879684
2.1707203080076343,-4.444897015741423,-0.01930355979029094
2.2740879417222835,-4.444897015741423,-0.020034559315254632
2.3774555754369326,-4.444897015741423,-0.021178580189349646
2.4808232091515814,-4.444897015741423,-0.023145128666790235
2.5841908428662306,-4.444897015741423,-0.02557345827763485
2.6875584765808798,-4.444897015741423,-0.027481042170621615
2.790926110295529,-4.444897015741423,-0.027649168288887065
2.894293744010178,-4.444897015741423,-0.025102822895207003
2.997661377724827,-4.444897015741423,-0.019516588982115144
3.101029011439476,-4.444897015741423,-0.011409242833297892
3.2043966451541253,-4.444897015741423,-0.0020638990702886513
3.3077642788687744,-4.444897015741423,0.006798423343149429
3.411131912583425,-4.444897015741423,0.013486218195802951
3.514499546298074,-4.444897015741423,0.016799828669086463
3.6178671800127233,-4.444897015741423,0.016349896823203123
3.7212348137273725,-4.444897015741423,0.012642699804188138
3.8246024474420213,-4.444897015741423,0.006916732765503383
3.9279700811566705,-4.444897015741423,0.0007881534652231779
4.031337714871319,-4.444897015741423,-0.004186478187950815
4.134705348585968,-4.444897015741423,-0.006906461063069836
4.238072982300618,-4.444897015741423,-0.006979715266856777
4.341440616015267,-4.444897015741423,-0.004777067368677879
4.444808249729916,-4.444897015741423,-0.0012901993525225286
4.548175883444565,-4.444897015741423,0.002155070303282923
4.651543517159214,-4.444897015741423,0.00424886169647857
4.754911150873865,-4.444897015741423,0.004024038769269826
4.858278784588514,-4.444897015741423,0.0010888729994576192
4.961646418303163,-4.444897015741423,-0.0042767614147743134
5.065014052017812,-4.444897015741423,-0.011172117809505777
5.168381685732461,-4.444897015741423,-0.01825581867911645
5.27174931944711,-4.444897015741423,-0.02401788253994321
5.3751169531617595,-4.444897015741423,-0.02709326583971587
5.478484586876409,-4.444897015741423,-0.026560581387468273
5.581852220591058,-4.444897015741423,-0.022169362577641384
5.685219854305707,-4.444897015741423,-0.014445747686538975
5.788587488020356,-4.444897015741423,-0.004641999206807478
5.8919551217350055,-4.444897015741423,0.00547863453625666
5.995322755449654,-4.444897015741423,0.0139951618345042
6.098690389164305,-4.444897015741423,0.019255844191914617
6.202058022878954,-4.444897015741423,0.020284363306775296
6.305425656593603,-4.444897015741423,0.017059536666689152
6.408793290308252,-4.444897015741423,0.01057973814041931
-6.408793290308252,-4.341527317700925,-0.009857739994993694
-6.305425656593603,-4.341527317700925,-0.01374968062644645
-6.202058022878954,-4.341527317700925,-0.014963054859035065
-6.098690389164304,-4.341527317700925,-0.013038633173547884
-5.995322755449655,-4.341527317700925,-0.008275541607246044
-5.8919551217350055,-4.341527317700925,-0.0016780286825875503
-5.788587488020356,-4.341527317700925,0.0052678771321707125
-5.685219854305708,-4.341527317700925,0.010943787073108084
-5.581852220591058,-4.341527317700925,0.01399502706017841
-5.478484586876409,-4.341527317700925,0.013675231952827256
-5.3751169531617595,-4.341527317700925,0.010047087205039044
-5.27174931944711,-4.341527317700925,0.003978825030902502
-5.168381685732461,-4.341527317700925,-0.0030717965176139425
-5.065014052017812,-4.341527317700925,-0.009435246841047738
-4.961646418303163,-4.341527317700925,-0.013670004779200913
-4.858278784588514,-4.341527317700925,-0.014941729162160525
-4.754911150873865,-4.341527317700925,-0.013231484922586896
-4.651543517159215,-4.341527317700925,-0.009309155094464026
-4.548175883444566,-4.341527317700925,-0.004476682967428285
-4.444808249729917,-4.341527317700925,-0.00015621591027382308
-4.341440616015267,-4.341527317700925,0.002551639348565376
-4.238072982300618,-4.341527317700925,0.003201495931987997
-4.134705348585968,-4.341527317700925,0.0021215008748479178
-4.031337714871319,-4.341527317700925,0.00027523566615561605
-3.9279700811566705,-4.341527317700925,-0.0010918595491533278
-3.8246024474420213,-4.341527317700925,-0.0009089074478182328
-3.7212348137273725,-4.341527317700925,0.001311283869058538
-3.6178671800127233,-4.341527317700925,0.005250161119095519
-3.514499546298074,-4.341527317700925,0.009831408935051638
-3.411131912583425,-4.341527317700925,0.013535647194346462
-3.3077642788687753,-4.341527317700925,0.014889986881117416
-3.204396645154126,-4.341527317700925,0.012978919703689713
-3.101029011439477,-4.341527317700925,0.007809460240120706
-2.9976613777248278,-4.341527317700925,0.0004041130815933712
-2.8942937440101786,-4.341527317700925,-0.007421487414769313
-2.790926110295529,-4.341527317700925,-0.013539503559054821
-2.6875584765808798,-4.341527317700925,-0.01610825630708459
-2.5841908428662306,-4.341527317700925,-0.014105954581293014
-2.4808232091515814,-4.341527317700925,-0.007634472355425915
-2.3774555754369326,-4.341527317700925,0.0021021116018837003
-2.2740879417222835,-4.341527317700925,0.013138147823640443
-2.1707203080076334,-4.341527317700925,0.02330008022866782
-2.067352674292984,-4.341527317700925,0.03080075164254503
-1.9639850405783352,-4.341527317700925,0.03469130825130456
-1.8606174068636863,-4.341527317700925,0.03503618982690202
-1.757249773149037,-4.341527317700925,0.03276845432358771
-1.6538821394343879,-4.341527317700925,0.029287326110776873
-1.550514505719738,-4.341527317700925,0.02594264466535121
-1.447146872005089,-4.341527317700925,0.023584311820298815
-1.3437792382904399,-4.341527317700925,0.02232787976552182
-1.2404116045757907,-4.341527317700925,0.02160939314777202
-1.1370439708611417,-4.341527317700925,0.020500110858062335
-1.0336763371464925,-4.341527317700925,0.01815982839028207
-0.9303087034318435,-4.341527317700925,0.01425785189309981
-0.8269410697171936,-4.341527317700925,0.009200715458332523
-0.7235734360025445,-4.341527317700925,0.004072690094779883
-0.6202058022878953,-4.341527317700925,0.0002966600074109895
-0.5168381685732463,-4.341527317700925,-0.0008755010768580902
-0.4134705348585972,-4.341527317700925,0.0011325168293676005
-0.31010290114394806,-4.341527317700925,0.005905048267339995
-0.2067352674292982,-4.341527317700925,0.012033598167500456
-0.1033676337146491,-4.341527317700925,0.0174572879596108
0.,-4.341527317700925,0.02005573199894055
0.1033676337146491,-4.341527317700925,0.018316092383429808
0.2067352674292982,-4.341527317700925,0.011862471370310036
0.31010290114394734,-4.341527317700925,0.0016706444271222841
0.4134705348585964,-4.341527317700925,-0.010115332001507027
0.5168381685732455,-4.341527317700925,-0.020725089943467438
0.6202058022878947,-4.341527317700925,-0.02750971987737823
0.7235734360025438,-4.341527317700925,-0.02867566831408016
0.8269410697171944,-4.341527317700925,-0.023786391301460486
0.9303087034318435,-4.341527317700925,-0.013882888590732674
1.0336763371464925,-4.341527317700925,-0.0011900265446970486
1.1370439708611417,-4.341527317700925,0.01149907044956152
1.2404116045757907,-4.341527317700925,0.02157289377986336
1.3437792382904399,-4.341527317700925,0.027262282131584877
1.447146872005089,-4.341527317700925,0.028022785055701733
1.550514505719738,-4.341527317700925,0.024541352363483742
1.6538821394343872,-4.341527317700925,0.01838930163968948
1.7572497731490362,-4.341527317700925,0.011451606114529823
1.8606174068636854,-4.341527317700925,0.0053254280604602645
1.9639850405783346,-4.341527317700925,0.0008798352744947562
2.0673526742929837,-4.341527317700925,-0.0018938097592656983
2.1707203080076343,-4.341527317700925,-0.0037129986043302958
2.2740879417222835,-4.341527317700925,-0.0055956171740683645
2.3774555754369326,-4.341527317700925,-0.008367374540407296
2.4808232091515814,-4.341527317700925,-0.012263088583712787
2.5841908428662306,-4.341527317700925,-0.016762304448631027
2.6875584765808798,-4.341527317700925,-0.020716267499873015
2.790926110295529,-4.341527317700925,-0.022722559312616433
2.894293744010178,-4.341527317700925,-0.021619371401958302
2.997661377724827,-4.341527317700925,-0.01693089016340367
3.101029011439476,-4.341527317700925,-0.009111065852562964
3.2043966451541253,-4.341527317700925,0.0005010488335412519
3.3077642788687744,-4.341527317700925,0.010007512877462212
3.411131912583425,-4.341527317700925,0.017461714183128235
3.514499546298074,-4.341527317700925,0.021406464213409034
3.6178671800127233,-4.341527317700925,0.02127540966722581
3.7212348137273725,-4.341527317700925,0.01753648691373694
3.8246024474420213,-4.341527317700925,0.011536310181400881
3.9279700811566705,-4.341527317700925,0.005095464840536477
4.031337714871319,-4.341527317700925,-0.000021787572705295812
4.134705348585968,-4.341527317700925,-0.0026058108747856494
4.238072982300618,-4.341527317700925,-0.0023245306440051196
4.341440616015267,-4.341527317700925,0.00021622890894363805
4.444808249729916,-4.341527317700925,0.00368293928090642
4.548175883444565,-4.341527317700925,0.00642524047502789
4.651543517159214,-4.341527317700925,0.006964079179908308
4.754911150873865,-4.341527317700925,0.004418355888556526
4.858278784588514,-4.341527317700925,-0.001244064890848093
4.961646418303163,-4.341527317700925,-0.009190582107395102
5.065014052017812,-4.341527317700925,-0.017936188587206095
5.168381685732461,-4.341527317700925,-0.02571733892171747
5.27174931944711,-4.341527317700925,-0.03092405128102801
5.3751169531617595,-4.341527317700925,-0.0324802356756028
5.478484586876409,-4.341527317700925,-0.030083831508527774
5.581852220591058,-4.341527317700925,-0.0242592001169543
5.685219854305707,-4.341527317700925,-0.01622170672413028
5.788587488020356,-4.341527317700925,-0.0075963431884079995
5.8919551217350055,-4.341527317700925,-0.00005998154130750429
5.995322755449654,-4.341527317700925,0.005013199822859056
6.098690389164305,-4.341527317700925,0.006830403753518751
6.202058022878954,-4.341527317700925,0.005329873777567177
6.305425656593603,-4.341527317700925,0.0011755172518488942
6.408793290308252,-4.341527317700925,-0.004399753693581024
-6.408793290308252,-4.238157619660427,-0.02091363654459251
-6.305425656593603,-4.238157619660427,-0.021580959522332757
-6.202058022878954,-4.238157619660427,-0.02003715085684458
-6.098690389164304,-4.238157619660427,-0.01665682897144086
-5.995322755449655,-4.238157619660427,-0.01213546451508052
-5.8919551217350055,-4.238157619660427,-0.007289852661625918
-5.788587488020356,-4.238157619660427,-0.002876772683082449
-5.685219854305708,-4.238157619660427,0.0005317911727521899
-5.581852220591058,-4.238157619660427,0.0026040941690839256
-5.478484586876409,-4.238157619660427,0.0032445750627469122
-5.3751169531617595,-4.238157619660427,0.002553009441880245
-5.27174931944711,-4.238157619660427,0.0007708393812143494
-5.168381685732461,-4.238157619660427,-0.0017689189537775356
-5.065014052017812,-4.238157619660427,-0.004682603240846835
-4.961646418303163,-4.238157619660427,-0.007570506072163772
-4.858278784588514,-4.238157619660427,-0.010050668229245226
-4.754911150873865,-4.238157619660427,-0.01179435724775483
-4.651543517159215,-4.238157619660427,-0.012559923695085462
-4.548175883444566,-4.238157619660427,-0.01221725163337694
-4.444808249729917,-4.238157619660427,-0.010755001454173387
-4.341440616015267,-4.238157619660427,-0.008267880296266648
-4.238072982300618,-4.238157619660427,-0.004929013226153389
-4.134705348585968,-4.238157619660427,-0.0009590847347898018
-4.031337714871319,-4.238157619660427,0.0033945893273797075
-3.9279700811566705,-4.238157619660427,0.007861211967992202
-3.8246024474420213,-4.238157619660427,0.012134579090605644
-3.7212348137273725,-4.238157619660427,0.015860082306786778
-3.6178671800127233,-4.238157619660427,0.018641052073227794
-3.514499546298074,-4.238157619660427,0.020082026318774347
-3.411131912583425,-4.238157619660427,0.019873643982489825
-3.3077642788687753,-4.238157619660427,0.01790452657916962
-3.204396645154126,-4.238157619660427,0.014366894305920143
-3.101029011439477,-4.238157619660427,0.009812998613183566
-2.9976613777248278,-4.238157619660427,0.005124766255684164
-2.8942937440101786,-4.238157619660427,0.0013803683309687232
-2.790926110295529,-4.238157619660427,-0.0003663620191542493
-2.6875584765808798,-4.238157619660427,0.0006552383712341338
-2.5841908428662306,-4.238157619660427,0.00470629658301433
-2.4808232091515814,-4.238157619660427,0.011416383073008341
-2.3774555754369326,-4.238157619660427,0.019814985335811063
-2.2740879417222835,-4.238157619660427,0.028523868309134823
-2.1707203080076334,-4.238157619660427,0.03606900586339714
-2.067352674292984,-4.238157619660427,0.04123078311981352
-1.9639850405783352,-4.238157619660427,0.04333398978246431
-1.8606174068636863,-4.238157619660427,0.04239219362845358
-1.757249773149037,-4.238157619660427,0.03906213025714369
-1.6538821394343879,-4.238157619660427,0.03442090281408395
-1.550514505719738,-4.238157619660427,0.029634061329199223
-1.447146872005089,-4.238157619660427,0.025617714262532013
-1.3437792382904399,-4.238157619660427,0.0228003229194358
-1.2404116045757907,-4.238157619660427,0.021057786497224302
-1.1370439708611417,-4.238157619660427,0.019838459049394658
-1.0336763371464925,-4.238157619660427,0.018431246224028048
-0.9303087034318435,-4.238157619660427,0.01628115313853205
-0.8269410697171936,-4.238157619660427,0.0132395370654675
-0.7235734360025445,-4.238157619660427,0.009657554209113248
-0.6202058022878953,-4.238157619660427,0.006284681685760678
-0.5168381685732463,-4.238157619660427,0.00400234389903992
-0.4134705348585972,-4.238157619660427,0.003482565131925123
-0.31010290114394806,-4.238157619660427,0.0048922852270288615
-0.2067352674292982,-4.238157619660427,0.007753912762924955
-0.1033676337146491,-4.238157619660427,0.011023838323197964
0.,-4.238157619660427,0.013378311852923595
0.1033676337146491,-4.238157619660427,0.013624141129444904
0.2067352674292982,-4.238157619660427,0.011104583696326916
0.31010290114394734,-4.238157619660427,0.005965420038355842
0.4134705348585964,-4.238157619660427,-0.0008142287732853588
0.5168381685732455,-4.238157619660427,-0.00764902603985123
0.6202058022878947,-4.238157619660427,-0.012772487396869618
0.7235734360025438,-4.238157619660427,-0.014734508072590994
0.8269410697171944,-4.238157619660427,-0.012819598161517684
0.9303087034318435,-4.238157619660427,-0.007256433386667039
1.0336763371464925,-4.238157619660427,0.0008462517602406002
1.1370439708611417,-4.238157619660427,0.009816517858967791
1.2404116045757907,-4.238157619660427,0.017888502307984683
1.3437792382904399,-4.238157619660427,0.02367691853404012
1.447146872005089,-4.238157619660427,0.026510619894262226
1.550514505719738,-4.238157619660427,0.026527665514369348
1.6538821394343872,-4.238157619660427,0.02451421946318604
1.7572497731490362,-4.238157619660427,0.021554125023187872
1.8606174068636854,-4.238157619660427,0.01861688265500919
1.9639850405783346,-4.238157619660427,0.016228719314889603
2.0673526742929837,-4.238157619660427,0.014338967682131599
2.1707203080076343,-4.238157619660427,0.012423291648525101
2.2740879417222835,-4.238157619660427,0.009780605126042008
2.3774555754369326,-4.238157619660427,0.005910893033240696
2.4808232091515814,-4.238157619660427,0.0008306361120656541
2.5841908428662306,-4.238157619660427,-0.0047979434309978804
2.6875584765808798,-4.238157619660427,-0.009784161424467745
2.790926110295529,-4.238157619660427,-0.01274684052467733
2.894293744010178,-4.238157619660427,-0.012567430288334068
2.997661377724827,-4.238157619660427,-0.008806984315681114
3.101029011439476,-4.238157619660427,-0.0019402987870384939
3.2043966451541253,-4.238157619660427,0.0066848425073695004
3.3077642788687744,-4.238157619660427,0.015167826464370914
3.411131912583425,-4.238157619660427,0.021567272482652347
3.514499546298074,-4.238157619660427,0.024451427689472238
3.6178671800127233,-4.238157619660427,0.023315502741478162
3.7212348137273725,-4.238157619660427,0.018731749178111486
3.8246024474420213,-4.238157619660427,0.012179163898581376
3.9279700811566705,-4.238157619660427,0.0055991786168716785
4.031337714871319,-4.238157619660427,0.0008099042456413407
4.134705348585968,-4.238157619660427,-0.0010431018281413273
4.238072982300618,-4.238157619660427,0.000168435860523272
4.341440616015267,-4.238157619660427,0.003520959506733983
4.444808249729916,-4.238157619660427,0.007325371212159526
4.548175883444565,-4.238157619660427,0.009646940624917558
4.651543517159214,-4.238157619660427,0.00890121930865067
4.754911150873865,-4.238157619660427,0.004346892195474133
4.858278784588514,-4.238157619660427,-0.003670252835403829
4.961646418303163,-4.238157619660427,-0.013791387894115558
5.065014052017812,-4.238157619660427,-0.02401023662591673
5.168381685732461,-4.238157619660427,-0.03221862198975883
5.27174931944711,-4.238157619660427,-0.036771262010163626
5.3751169531617595,-4.238157619660427,-0.036909311117481663
5.478484586876409,-4.238157619660427,-0.0329294980052655
5.581852220591058,-4.238157619660427,-0.026063794529952264
5.685219854305707,-4.238157619660427,-0.018118492127894636
5.788587488020356,-4.238157619660427,-0.010986153074986342
5.8919551217350055,-4.238157619660427,-0.006171368093807123
5.995322755449654,-4.238157619660427,-0.004456227499129502
6.098690389164305,-4.238157619660427,-0.005781726796886746
6.202058022878954,-4.238157619660427,-0.009354587137185965
6.305425656593603,-4.238157619660427,-0.013926347793194307
6.408793290308252,-4.238157619660427,-0.01815097965594857
-6.408793290308252,-4.134787921619929,-0.028151102904831936
-6.305425656593603,-4.134787921619929,-0.02613636067578908
-6.202058022878954,-4.134787921619929,-0.0224770690109228
-6.098690389164304,-4.134787921619929,-0.018222609569585588
-5.995322755449655,-4.134787921619929,-0.014358621786666175
-5.8919551217350055,-4.134787921619929,-0.011490133759661663
-5.788587488020356,-4.134787921619929,-0.0097012033282529
-5.685219854305708,-4.134787921619929,-0.008625807384402514
-5.581852220591058,-4.134787921619929,-0.007687582999282708
-5.478484586876409,-4.134787921619929,-0.006407247890301602
-5.3751169531617595,-4.134787921619929,-0.004655760269004738
-5.27174931944711,-4.134787921619929,-0.0027545069649506713
-5.168381685732461,-4.134787921619929,-0.00138173068494454
-5.065014052017812,-4.134787921619929,-0.0013160364623970217
-4.961646418303163,-4.134787921619929,-0.0031079604058252717
-4.858278784588514,-4.134787921619929,-0.006798538543346156
-4.754911150873865,-4.134787921619929,-0.011790305979051709
-4.651543517159215,-4.134787921619929,-0.016926213734041035
-4.548175883444566,-4.134787921619929,-0.020762850878741655
-4.444808249729917,-4.134787921619929,-0.021959498881289848
-4.341440616015267,-4.134787921619929,-0.01966541794973368
-4.238072982300618,-4.134787921619929,-0.013786828972815496
-4.134705348585968,-4.134787921619929,-0.005051857551556802
-4.031337714871319,-4.134787921619929,0.005146530154683535
-3.9279700811566705,-4.134787921619929,0.015083275913082977
-3.8246024474420213,-4.134787921619929,0.023113559833249413
-3.7212348137273725,-4.134787921619929,0.028050086220857123
-3.6178671800127233,-4.134787921619929,0.029407370039123745
-3.514499546298074,-4.134787921619929,0.027459419152192934
-3.411131912583425,-4.134787921619929,0.0231134510134637
-3.3077642788687753,-4.134787921619929,0.01765211680150408
-3.204396645154126,-4.134787921619929,0.012425514708365957
-3.101029011439477,-4.134787921619929,0.008575639037908561
-2.9976613777248278,-4.134787921619929,0.006852995502656316
-2.8942937440101786,-4.134787921619929,0.007548648378254564
-2.790926110295529,-4.134787921619929,0.010528796701464756
-2.6875584765808798,-4.134787921619929,0.015334909055749692
-2.5841908428662306,-4.134787921619929,0.02130629201465545
-2.4808232091515814,-4.134787921619929,0.027692137507714824
-2.3774555754369326,-4.134787921619929,0.03373906709694115
-2.2740879417222835,-4.134787921619929,0.03875810202144578
-2.1707203080076334,-4.134787921619929,0.04218383897931265
-2.067352674292984,-4.134787921619929,0.04363543160450532
-1.9639850405783352,-4.134787921619929,0.04297674334757049
-1.8606174068636863,-4.134787921619929,0.04035908155331317
-1.757249773149037,-4.134787921619929,0.03622254495304303
-1.6538821394343879,-4.134787921619929,0.031236715066687605
-1.550514505719738,-4.134787921619929,0.02617828893218081
-1.447146872005089,-4.134787921619929,0.021766618516085516
-1.3437792382904399,-4.134787921619929,0.01849864064090452
-1.2404116045757907,-4.134787921619929,0.016533044914434657
-1.1370439708611417,-4.134787921619929,0.015664397257075663
-1.0336763371464925,-4.134787921619929,0.015402484089341396
-0.9303087034318435,-4.134787921619929,0.015138133966965341
-0.8269410697171936,-4.134787921619929,0.014346049056819458
-0.7235734360025445,-4.134787921619929,0.012759374030372977
-0.6202058022878953,-4.134787921619929,0.01045681375763407
-0.5168381685732463,-4.134787921619929,0.007830439161730152
-0.4134705348585972,-4.134787921619929,0.005442398083259396
-0.31010290114394806,-4.134787921619929,0.0038179214792150337
-0.2067352674292982,-4.134787921619929,0.003246218122709173
-0.1033676337146491,-4.134787921619929,0.003660728296259714
0.,-4.134787921619929,0.004644739486358087
0.1033676337146491,-4.134787921619929,0.005565599692983539
0.2067352674292982,-4.134787921619929,0.005795261648501212
0.31010290114394734,-4.134787921619929,0.004942732746032495
0.4134705348585964,-4.134787921619929,0.0030170527960372523
0.5168381685732455,-4.134787921619929,0.0004609228239008365
0.6202058022878947,-4.134787921619929,-0.0019617316827709786
0.7235734360025438,-4.134787921619929,-0.0033908519904838137
0.8269410697171944,-4.134787921619929,-0.0031350270281763964
0.9303087034318435,-4.134787921619929,-0.0008882042894935523
1.0336763371464925,-4.134787921619929,0.003173795132323804
1.1370439708611417,-4.134787921619929,0.008448088119505844
1.2404116045757907,-4.134787921619929,0.01408985947045398
1.3437792382904399,-4.134787921619929,0.01926196738685658
1.447146872005089,-4.134787921619929,0.02336177362914846
1.550514505719738,-4.134787921619929,0.02614789409162215
1.6538821394343872,-4.134787921619929,0.0277275595342621
1.7572497731490362,-4.134787921619929,0.02841772998243648
1.8606174068636854,-4.134787921619929,0.028540861559192113
1.9639850405783346,-4.134787921619929,0.028241410743345827
2.0673526742929837,-4.134787921619929,0.027401777831025428
2.1707203080076343,-4.134787921619929,0.025698220480629252
2.2740879417222835,-4.134787921619929,0.022781615748054828
2.3774555754369326,-4.134787921619929,0.018515177140971655
2.4808232091515814,-4.134787921619929,0.01317155745273339
2.5841908428662306,-4.134787921619929,0.007497828479140657
2.6875584765808798,-4.134787921619929,0.0025987080870126826
2.790926110295529,-4.134787921619929,-0.000347017608671085
2.894293744010178,-4.134787921619929,-0.0004568889845812348
2.997661377724827,-4.134787921619929,0.0025197107826449216
3.101029011439476,-4.134787921619929,0.008024094418476992
3.2043966451541253,-4.134787921619929,0.014749709123212846
3.3077642788687744,-4.134787921619929,0.02094888885972379
3.411131912583425,-4.134787921619929,0.02490851774849111
3.514499546298074,-4.134787921619929,0.02545506034758413
3.6178671800127233,-4.134787921619929,0.022328842348682716
3.7212348137273725,-4.134787921619929,0.01629904970716656
3.8246024474420213,-4.134787921619929,0.008967029048829307
3.9279700811566705,-4.134787921619929,0.00230310246771368
4.031337714871319,-4.134787921619929,-0.0019500161918480018
4.134705348585968,-4.134787921619929,-0.002825343892967207
4.238072982300618,-4.134787921619929,-0.00045730115887694916
4.341440616015267,-4.134787921619929,0.00392502451905849
4.444808249729916,-4.134787921619929,0.0083456928713849
4.548175883444565,-4.134787921619929,0.010672494059870785
4.651543517159214,-4.134787921619929,0.009273525333529231
4.754911150873865,-4.134787921619929,0.003538713537185596
4.858278784588514,-4.134787921619929,-0.005896186665176526
4.961646418303163,-4.134787921619929,-0.017295592204972867
5.065014052017812,-4.134787921619929,-0.028299175415189125
5.168381685732461,-4.134787921619929,-0.036584034824827465
5.27174931944711,-4.134787921619929,-0.04051504353381456
5.3751169531617595,-4.134787921619929,-0.039589499766689115
5.478484586876409,-4.134787921619929,-0.034547171340839296
5.581852220591058,-4.134787921619929,-0.027120677311891897
5.685219854305707,-4.134787921619929,-0.019510725298844032
5.788587488020356,-4.134787921619929,-0.013751543695734213
5.8919551217350055,-4.134787921619929,-0.011159219107682253
5.995322755449654,-4.134787921619929,-0.012022430685987882
6.098690389164305,-4.134787921619929,-0.015613620741686422
6.202058022878954,-4.134787921619929,-0.020496371520484554
6.305425656593603,-4.134787921619929,-0.025014899047096903
6.408793290308252,-4.134787921619929,-0.02780223351465366
-6.408793290308252,-4.031418223579431,-0.030116245704101645
-6.305425656593603,-4.031418223579431,-0.026352078389310276
-6.202058022878954,-4.031418223579431,-0.02140231796628833
-6.098690389164304,-4.031418223579431,-0.01672977998420251
-5.995322755449655,-4.031418223579431,-0.013496834497655734
-5.8919551217350055,-4.031418223579431,-0.012174041855624628
-5.788587488020356,-4.031418223579431,-0.012419128193581113
-5.685219854305708,-4.031418223579431,-0.013262967184025221
-5.581852220591058,-4.031418223579431,-0.013530541374833461
-5.478484586876409,-4.031418223579431,-0.012341748425397198
-5.3751169531617595,-4.031418223579431,-0.009507832821337343
-5.27174931944711,-4.031418223579431,-0.005674182021846567
-5.168381685732461,-4.031418223579431,-0.0021474817836084105
-5.065014052017812,-4.031418223579431,-0.00045526022028414886
-4.961646418303163,-4.031418223579431,-0.0017813346071623051
-4.858278784588514,-4.031418223579431,-0.006469029020705598
-4.754911150873865,-4.031418223579431,-0.013768358593125961
-4.651543517159215,-4.031418223579431,-0.021928120542099683
-4.548175883444566,-4.031418223579431,-0.028623290320307575
-4.444808249729917,-4.031418223579431,-0.03159836067499851
-4.341440616015267,-4.031418223579431,-0.02933417777040205
-4.238072982300618,-4.031418223579431,-0.021533344313496527
-4.134705348585968,-4.031418223579431,-0.009271570854182199
-4.031337714871319,-4.031418223579431,0.005237260489118561
-3.9279700811566705,-4.031418223579431,0.019198076942451993
-3.8246024474420213,-4.031418223579431,0.02995350193186477
-3.7212348137273725,-4.031418223579431,0.0356586981929042
-3.6178671800127233,-4.031418223579431,0.03572352869040582
-3.514499546298074,-4.031418223579431,0.03090668167610305
-3.411131912583425,-4.031418223579431,0.023051237409901594
-3.3077642788687753,-4.031418223579431,0.014554212615309549
-3.204396645154126,-4.031418223579431,0.0077326373503025505
-3.101029011439477,-4.031418223579431,0.004266316327390505
-2.9976613777248278,-4.031418223579431,0.004860663330297541
-2.8942937440101786,-4.031418223579431,0.009197021160577114
-2.790926110295529,-4.031418223579431,0.01614905345455203
-2.6875584765808798,-4.031418223579431,0.024170513266895285
-2.5841908428662306,-4.031418223579431,0.03172309490034521
-2.4808232091515814,-4.031418223579431,0.03762073568993679
-2.3774555754369326,-4.031418223579431,0.041211268562482084
-2.2740879417222835,-4.031418223579431,0.0423790707868819
-2.1707203080076334,-4.031418223579431,0.041410566759152174
-2.067352674292984,-4.031418223579431,0.03879934264650064
-1.9639850405783352,-4.031418223579431,0.03507047025192961
-1.8606174068636863,-4.031418223579431,0.03067782709007032
-1.757249773149037,-4.031418223579431,0.02598700554648672
-1.6538821394343879,-4.031418223579431,0.02131731354642913
-1.550514505719738,-4.031418223579431,0.01699434221047067
-1.447146872005089,-4.031418223579431,0.013366678051564397
-1.3437792382904399,-4.031418223579431,0.010763627210676852
-1.2404116045757907,-4.031418223579431,0.009404093808108834
-1.1370439708611417,-4.031418223579431,0.009295318527345362
-1.0336763371464925,-4.031418223579431,0.010171738083166683
-0.9303087034318435,-4.031418223579431,0.011513626775875809
-0.8269410697171936,-4.031418223579431,0.012656313378763821
-0.7235734360025445,-4.031418223579431,0.01296491030230342
-0.6202058022878953,-4.031418223579431,0.012020873996876812
-0.5168381685732463,-4.031418223579431,0.009756981144168508
-0.4134705348585972,-4.031418223579431,0.006491014123554994
-0.31010290114394806,-4.031418223579431,0.0028412824390012825
-0.2067352674292982,-4.031418223579431,-0.0004525657099931619
-0.1033676337146491,-4.031418223579431,-0.002746788930573489
0.,-4.031418223579431,-0.003678312637958435
0.1033676337146491,-4.031418223579431,-0.003257094264038058
0.2067352674292982,-4.031418223579431,-0.00183765821495843
0.31010290114394734,-4.031418223579431,0.00001753718629533888
0.4134705348585964,-4.031418223579431,0.0017341355495992296
0.5168381685732455,-4.031418223579431,0.0029141127384516735
0.6202058022878947,-4.031418223579431,0.0034543321082550526
0.7235734360025438,-4.031418223579431,0.0035601198590144638
0.8269410697171944,-4.031418223579431,0.0036561992539871587
0.9303087034318435,-4.031418223579431,0.004232177914678198
1.0336763371464925,-4.031418223579431,0.005679450657822264
1.1370439708611417,-4.031418223579431,0.008174484715414132
1.2404116045757907,-4.031418223579431,0.011641863914251723
1.3437792382904399,-4.031418223579431,0.015798378570088437
1.447146872005089,-4.031418223579431,0.020249692651931894
1.550514505719738,-4.031418223579431,0.02459514268120495
1.6538821394343872,-4.031418223579431,0.028499637513230307
1.7572497731490362,-4.031418223579431,0.03171208197966034
1.8606174068636854,-4.031418223579431,0.034037924565315285
1.9639850405783346,-4.031418223579431,0.03529682707704368
2.0673526742929837,-4.031418223579431,0.03530448621848116
2.1707203080076343,-4.031418223579431,0.03390607495328211
2.2740879417222835,-4.031418223579431,0.03106174809042391
2.3774555754369326,-4.031418223579431,0.026953350636823584
2.4808232091515814,-4.031418223579431,0.022059861126268517
2.5841908428662306,-4.031418223579431,0.017148353787889356
2.6875584765808798,-4.031418223579431,0.013150851214875811
2.790926110295529,-4.031418223579431,0.010939033089847956
2.894293744010178,-4.031418223579431,0.01105383612112558
2.997661377724827,-4.031418223579431,0.013477764451895672
3.101029011439476,-4.031418223579431,0.017539885527787916
3.2043966451541253,-4.031418223579431,0.022011994439225607
3.3077642788687744,-4.031418223579431,0.02539646142871219
3.411131912583425,-4.031418223579431,0.026339721406401125
3.514499546298074,-4.031418223579431,0.024053242553261394
3.6178671800127233,-4.031418223579431,0.018606341725413193
3.7212348137273725,-4.031418223579431,0.010982257338883748
3.8246024474420213,-4.031418223579431,0.0028555364226111797
3.9279700811566705,-4.031418223579431,-0.0038641070613548195
4.031337714871319,-4.031418223579431,-0.007596535723557393
4.134705348585968,-4.031418223579431,-0.0075945783476891624
4.238072982300618,-4.031418223579431,-0.004223400022308609
4.341440616015267,-4.031418223579431,0.0010860886548877042
4.444808249729916,-4.031418223579431,0.006214268273424668
4.548175883444565,-4.031418223579431,0.008960450664600994
4.651543517159214,-4.031418223579431,0.007703747857543749
4.754911150873865,-4.031418223579431,0.001915463761395903
4.858278784588514,-4.031418223579431,-0.007639776007035308
4.961646418303163,-4.031418223579431,-0.01908502351797451
5.065014052017812,-4.031418223579431,-0.02994797416316009
5.168381685732461,-4.031418223579431,-0.037862458460707606
5.27174931944711,-4.031418223579431,-0.04124347562018982
5.3751169531617595,-4.031418223579431,-0.0397308520486404
5.478484586876409,-4.031418223579431,-0.034267270725874904
5.581852220591058,-4.031418223579431,-0.026789742238803035
5.685219854305707,-4.031418223579431,-0.019633611054643275
5.788587488020356,-4.031418223579431,-0.014836524619271997
5.8919551217350055,-4.031418223579431,-0.013558164608277601
5.995322755449654,-4.031418223579431,-0.01579109580877913
6.098690389164305,-4.031418223579431,-0.02044235138329535
6.202058022878954,-4.031418223579431,-0.02574581968659898
6.305425656593603,-4.031418223579431,-0.02986118708539046
6.408793290308252,-4.031418223579431,-0.03145987920732657
-6.408793290308252,-3.928048525538933,-0.026519506520721346
-6.305425656593603,-3.928048525538933,-0.02211845412681101
-6.202058022878954,-3.928048525538933,-0.01675962168004247
-6.098690389164304,-3.928048525538933,-0.012007401203720283
-5.995322755449655,-3.928048525538933,-0.009082613126926958
-5.8919551217350055,-3.928048525538933,-0.008449825209084456
-5.788587488020356,-3.928048525538933,-0.009687125091928327
-5.685219854305708,-3.928048525538933,-0.011682235502795308
-5.581852220591058,-3.928048525538933,-0.013084595288610761
-5.478484586876409,-3.928048525538933,-0.012852197640736201
-5.3751169531617595,-3.928048525538933,-0.010695870436812568
-5.27174931944711,-3.928048525538933,-0.007255354908071705
-5.168381685732461,-3.928048525538933,-0.003931225966219488
-5.065014052017812,-3.928048525538933,-0.002414876939314954
-4.961646418303163,-3.928048525538933,-0.004065887549091211
-4.858278784588514,-3.928048525538933,-0.009345638586429441
-4.754911150873865,-3.928048525538933,-0.017506900987524436
-4.651543517159215,-3.928048525538933,-0.02666273840292316
-4.548175883444566,-3.928048525538933,-0.03423817936863011
-4.444808249729917,-3.928048525538933,-0.03768320263187643
-4.341440616015267,-3.928048525538933,-0.03523628658751321
-4.238072982300618,-3.928048525538933,-0.02650364364034187
-4.134705348585968,-3.928048525538933,-0.012669043365159022
-4.031337714871319,-3.928048525538933,0.0037421188214830795
-3.9279700811566705,-3.928048525538933,0.01948695793429794
-3.8246024474420213,-3.928048525538933,0.0314426682554357
-3.7212348137273725,-3.928048525538933,0.03741858357830877
-3.6178671800127233,-3.928048525538933,0.03671210486541625
-3.514499546298074,-3.928048525538933,0.030255217882334855
-3.411131912583425,-3.928048525538933,0.02031983931181892
-3.3077642788687753,-3.928048525538933,0.009877939208701992
-3.204396645154126,-3.928048525538933,0.001807468694060364
-3.101029011439477,-3.928048525538933,-0.0018298907125544077
-2.9976613777248278,-3.928048525538933,-0.0002461451202396404
-2.8942937440101786,-3.928048525538933,0.005985806088257052
-2.790926110295529,-3.928048525538933,0.015207803783498291
-2.6875584765808798,-3.928048525538933,0.025205249060090397
-2.5841908428662306,-3.928048525538933,0.03381781906882055
-2.4808232091515814,-3.928048525538933,0.039455334322822444
-2.3774555754369326,-3.928048525538933,0.04138967305321784
-2.2740879417222835,-3.928048525538933,0.03977486662447609
-2.1707203080076334,-3.928048525538933,0.035433850099450846
-2.067352674292984,-3.928048525538933,0.02951414719003687
-1.9639850405783352,-3.928048525538933,0.02313818672525592
-1.8606174068636863,-3.928048525538933,0.01715399031387362
-1.757249773149037,-3.928048525538933,0.012040287541298269
-1.6538821394343879,-3.928048525538933,0.007957865084700241
-1.550514505719738,-3.928048525538933,0.0048888241447018485
-1.447146872005089,-3.928048525538933,0.0027836805666500404
-1.3437792382904399,-3.928048525538933,0.0016475976825329679
-1.2404116045757907,-3.928048525538933,0.0015338625892172251
-1.1370439708611417,-3.928048525538933,0.0024586732618317787
-1.0336763371464925,-3.928048525538933,0.004287871640812411
-0.9303087034318435,-3.928048525538933,0.006659622038426952
-0.8269410697171936,-3.928048525538933,0.008992917292774382
-0.7235734360025445,-3.928048525538933,0.010596576451833385
-0.6202058022878953,-3.928048525538933,0.010851295632575112
-0.5168381685732463,-3.928048525538933,0.0094048166210268
-0.4134705348585972,-3.928048525538933,0.006309951872904384
-0.31010290114394806,-3.928048525538933,0.0020511443535726377
-0.2067352674292982,-3.928048525538933,-0.0025582450299420295
-0.1033676337146491,-3.928048525538933,-0.006581828237951993
0.,-3.928048525538933,-0.009207611750511862
0.1033676337146491,-3.928048525538933,-0.009960644583980697
0.2067352674292982,-3.928048525538933,-0.008815760575877407
0.31010290114394734,-3.928048525538933,-0.006178037984198363
0.4134705348585964,-3.928048525538933,-0.0027412777356385426
0.5168381685732455,-3.928048525538933,0.0007273171607333885
0.6202058022878947,-3.928048525538933,0.00360749235888017
0.7235734360025438,-3.928048525538933,0.00558525688378279
0.8269410697171944,-3.928048525538933,0.006708793507379503
0.9303087034318435,-3.928048525538933,0.007333961771532383
1.0336763371464925,-3.928048525538933,0.007986757518224004
1.1370439708611417,-3.928048525538933,0.009192142530796026
1.2404116045757907,-3.928048525538933,0.011322333294257293
1.3437792382904399,-3.928048525538933,0.01450389058970806
1.447146872005089,-3.928048525538933,0.01859879272434312
1.550514505719738,-3.928048525538933,0.023250034476564648
1.6538821394343872,-3.928048525538933,0.02796600156784725
1.7572497731490362,-3.928048525538933,0.03221435671891787
1.8606174068636854,-3.928048525538933,0.035504140040344745
1.9639850405783346,-3.928048525538933,0.03744828899467196
2.0673526742929837,-3.928048525538933,0.03781018602588775
2.1707203080076343,-3.928048525538933,0.0365413691149024
2.2740879417222835,-3.928048525538933,0.03381191299188665
2.3774555754369326,-3.928048525538933,0.030024023625056753
2.4808232091515814,-3.928048525538933,0.02579027324803519
2.5841908428662306,-3.928048525538933,0.0218578285969149
2.6875584765808798,-3.928048525538933,0.018972578042763324
2.790926110295529,-3.928048525538933,0.017699943343572527
2.894293744010178,-3.928048525538933,0.01824432062978788
2.997661377724827,-3.928048525538933,0.020325458644028918
3.101029011439476,-3.928048525538933,0.023167951664121576
3.2043966451541253,-3.928048525538933,0.025635494162723434
3.3077642788687744,-3.928048525538933,0.02649911611421151
3.411131912583425,-3.928048525538933,0.02478075674658773
3.514499546298074,-3.928048525538933,0.020076999866418695
3.6178671800127233,-3.928048525538933,0.012757829019788829
3.7212348137273725,-3.928048525538933,0.003959645713328217
3.8246024474420213,-3.928048525538933,-0.004652998883793845
3.9279700811566705,-3.928048525538933,-0.011311408137946866
4.031337714871319,-3.928048525538933,-0.014642216053466526
4.134705348585968,-3.928048525538933,-0.014096275665807156
4.238072982300618,-3.928048525538933,-0.010168950505225647
4.341440616015267,-3.928048525538933,-0.004327155330803789
4.444808249729916,-3.928048525538933,0.0013565059159685532
4.548175883444565,-3.928048525538933,0.004770826889628616
4.651543517159214,-3.928048525538933,0.004374237633298305
4.754911150873865,-3.928048525538933,-0.00033770151925395487
4.858278784588514,-3.928048525538933,-0.008652949082455463
4.961646418303163,-3.928048525538933,-0.018816514575893912
5.065014052017812,-3.928048525538933,-0.028515092544097346
5.168381685732461,-3.928048525538933,-0.03553378477195605
5.27174931944711,-3.928048525538933,-0.03838940054946989
5.3751169531617595,-3.928048525538933,-0.036748390174712556
5.478484586876409,-3.928048525538933,-0.03150153072311571
5.581852220591058,-3.928048525538933,-0.02447287388217605
5.685219854305707,-3.928048525538933,-0.01785416670901712
5.788587488020356,-3.928048525538933,-0.013541612083266293
5.8919551217350055,-3.928048525538933,-0.012581615921388237
5.995322755449654,-3.928048525538933,-0.014896059203212178
6.098690389164305,-3.928048525538933,-0.019367000430428997
6.202058022878954,-3.928048525538933,-0.024244837264912406
6.305425656593603,-3.928048525538933,-0.027740565857751597
6.408793290308252,-3.928048525538933,-0.028605666288928387
-6.408793290308252,-3.8246788274984347,-0.018205934641456846
-6.305425656593603,-3.8246788274984347,-0.014237866788868956
-6.202058022878954,-3.8246788274984347,-0.00931465273202942
-6.098690389164304,-3.8246788274984347,-0.004798048740536096
-5.995322755449655,-3.8246788274984347,-0.0018408434135285165
-5.8919551217350055,-3.8246788274984347,-0.0010110051905694428
-5.788587488020356,-3.8246788274984347,-0.0021329657219371907
-5.685219854305708,-3.8246788274984347,-0.004398502527956463
-5.581852220591058,-3.8246788274984347,-0.006705801244805133
-5.478484586876409,-3.8246788274984347,-0.008104891019625556
-5.3751169531617595,-3.8246788274984347,-0.008188349804388251
-5.27174931944711,-3.8246788274984347,-0.007282046677110939
-5.168381685732461,-3.8246788274984347,-0.00635736018441681
-5.065014052017812,-3.8246788274984347,-0.006682160566931642
-4.961646418303163,-3.8246788274984347,-0.009320961574265377
-4.858278784588514,-3.8246788274984347,-0.014653353020547053
-4.754911150873865,-3.8246788274984347,-0.022083250475349567
-4.651543517159215,-3.8246788274984347,-0.030056734246327016
-4.548175883444566,-3.8246788274984347,-0.03640963922570485
-4.444808249729917,-3.8246788274984347,-0.03895814766844766
-4.341440616015267,-3.8246788274984347,-0.036161392224749435
-4.238072982300618,-3.8246788274984347,-0.027652524844909973
-4.134705348585968,-3.8246788274984347,-0.01446573427515305
-4.031337714871319,-3.8246788274984347,0.0011269988594953039
-3.9279700811566705,-3.8246788274984347,0.01614006098153655
-3.8246024474420213,-3.8246788274984347,0.027620691976809997
-3.7212348137273725,-3.8246788274984347,0.03341016404036529
-3.6178671800127233,-3.8246788274984347,0.032704622105245815
-3.514499546298074,-3.8246788274984347,0.026257158310805995
-3.411131912583425,-3.8246788274984347,0.016165917029003836
-3.3077642788687753,-3.8246788274984347,0.005311392632876571
-3.204396645154126,-3.8246788274984347,-0.003396012306475844
-3.101029011439477,-3.8246788274984347,-0.007748291648427357
-2.9976613777248278,-3.8246788274984347,-0.0067554249543973904
-2.8942937440101786,-3.8246788274984347,-0.0008169175869637438
-2.790926110295529,-3.8246788274984347,0.008475641878030541
-2.6875584765808798,-3.8246788274984347,0.01882615870334106
-2.5841908428662306,-3.8246788274984347,0.027858342826065814
-2.4808232091515814,-3.8246788274984347,0.033698129153048026
-2.3774555754369326,-3.8246788274984347,0.035363656478957145
-2.2740879417222835,-3.8246788274984347,0.03288118291212615
-2.1707203080076334,-3.8246788274984347,0.027131138155046034
-2.067352674292984,-3.8246788274984347,0.019503980533957698
-1.9639850405783352,-3.8246788274984347,0.011488859947490835
-1.8606174068636863,-3.8246788274984347,0.0043194138379940746
-1.757249773149037,-3.8246788274984347,-0.0012354447433678612
-1.6538821394343879,-3.8246788274984347,-0.004906366590195587
-1.550514505719738,-3.8246788274984347,-0.006813876022995576
-1.447146872005089,-3.8246788274984347,-0.007284632362303385
-1.3437792382904399,-3.8246788274984347,-0.006674997819698095
-1.2404116045757907,-3.8246788274984347,-0.005264352577604884
-1.1370439708611417,-3.8246788274984347,-0.003242062296731763
-1.0336763371464925,-3.8246788274984347,-0.0007698391465427348
-0.9303087034318435,-3.8246788274984347,0.001928763619427578
-0.8269410697171936,-3.8246788274984347,0.004507752281844175
-0.7235734360025445,-3.8246788274984347,0.006507347453540434
-0.6202058022878953,-3.8246788274984347,0.0074406212721065
-0.5168381685732463,-3.8246788274984347,0.0069321813315851325
-0.4134705348585972,-3.8246788274984347,0.004858673628097377
-0.31010290114394806,-3.8246788274984347,0.001435973094639171
-0.2067352674292982,-3.8246788274984347,-0.002786004182127883
-0.1033676337146491,-3.8246788274984347,-0.007029002245414207
0.,-3.8246788274984347,-0.0104662743105824
0.1033676337146491,-3.8246788274984347,-0.012424410346419088
0.2067352674292982,-3.8246788274984347,-0.012546739555847486
0.31010290114394734,-3.8246788274984347,-0.010869742050607454
0.4134705348585964,-3.8246788274984347,-0.007791348008584751
0.5168381685732455,-3.8246788274984347,-0.003943474190151368
0.6202058022878947,-3.8246788274984347,-9.488652324674027e-6
0.7235734360025438,-3.8246788274984347,0.003458356184823737
0.8269410697171944,-3.8246788274984347,0.006169841348553598
0.9303087034318435,-3.8246788274984347,0.008143121069594042
1.0336763371464925,-3.8246788274984347,0.00966059381235757
1.1370439708611417,-3.8246788274984347,0.011154625872558289
1.2404116045757907,-3.8246788274984347,0.013060938488174119
1.3437792382904399,-3.8246788274984347,0.015682046965533034
1.447146872005089,-3.8246788274984347,0.019095262347046563
1.550514505719738,-3.8246788274984347,0.02312374388722084
1.6538821394343872,-3.8246788274984347,0.027371039335673027
1.7572497731490362,-3.8246788274984347,0.031304981083343356
1.8606174068636854,-3.8246788274984347,0.034368815754052685
1.9639850405783346,-3.8246788274984347,0.036096130583265065
2.0673526742929837,-3.8246788274984347,0.03620932661151473
2.1707203080076343,-3.8246788274984347,0.03468619394466257
2.2740879417222835,-3.8246788274984347,0.031783594028753595
2.3774555754369326,-3.8246788274984347,0.028011182842532543
2.4808232091515814,-3.8246788274984347,0.024052940468869626
2.5841908428662306,-3.8246788274984347,0.020641805607398207
2.6875584765808798,-3.8246788274984347,0.018403526771287818
2.790926110295529,-3.8246788274984347,0.017698143061961446
2.894293744010178,-3.8246788274984347,0.018497110542538525
2.997661377724827,-3.8246788274984347,0.020335732135175703
3.101029011439476,-3.8246788274984347,0.022370152398421106
3.2043966451541253,-3.8246788274984347,0.023545174611552058
3.3077642788687744,-3.8246788274984347,0.02284781893568037
3.411131912583425,-3.8246788274984347,0.01959054598865301
3.514499546298074,-3.8246788274984347,0.013648152625618875
3.6178671800127233,-3.8246788274984347,0.005572642412563804
3.7212348137273725,-3.8246788274984347,-0.0034652926728582505
3.8246024474420213,-3.8246788274984347,-0.011915006727333356
3.9279700811566705,-3.8246788274984347,-0.018218330606648892
4.031337714871319,-3.8246788274984347,-0.021223101604477636
4.134705348585968,-3.8246788274984347,-0.02052223403692842
4.238072982300618,-3.8246788274984347,-0.016613079584168588
4.341440616015267,-3.8246788274984347,-0.010815751164968706
4.444808249729916,-3.8246788274984347,-0.004956010259268387
4.548175883444565,-3.8246788274984347,-0.000889129518991635
4.651543517159214,-3.8246788274984347,6.196980896248436e-6
4.754911150873865,-3.8246788274984347,-0.0027817582380265204
4.858278784588514,-3.8246788274984347,-0.008741609963259045
4.961646418303163,-3.8246788274984347,-0.016470586174136635
5.065014052017812,-3.8246788274984347,-0.024063392590758754
5.168381685732461,-3.8246788274984347,-0.029649196628993735
5.27174931944711,-3.8246788274984347,-0.03192030225957435
5.3751169531617595,-3.8246788274984347,-0.030495544443995062
5.478484586876409,-3.8246788274984347,-0.026009381051002343
5.581852220591058,-3.8246788274984347,-0.01990029155874234
5.685219854305707,-3.8246788274984347,-0.01396411105486236
5.788587488020356,-3.8246788274984347,-0.009810408604420038
5.8919551217350055,-3.8246788274984347,-0.008389689086348401
5.995322755449654,-3.8246788274984347,-0.009736131048363362
6.098690389164305,-3.8246788274984347,-0.013001693916234116
6.202058022878954,-3.8246788274984347,-0.016764557749248246
6.305425656593603,-3.8246788274984347,-0.019507825754941466
6.408793290308252,-3.8246788274984347,-0.020111404570808327
-6.408793290308252,-3.7213091294579366,-0.006844329052931869
-6.305425656593603,-3.7213091294579366,-0.0041536129911729095
-6.202058022878954,-3.7213091294579366,-0.00041636366816743197
-6.098690389164304,-3.7213091294579366,0.0034530965917115766
-5.995322755449655,-3.7213091294579366,0.006506309910341189
-5.8919551217350055,-3.7213091294579366,0.008043880229763817
-5.788587488020356,-3.7213091294579366,0.007800728189461577
-5.685219854305708,-3.7213091294579366,0.005976901484328895
-5.581852220591058,-3.7213091294579366,0.003110948864464476
-5.478484586876409,-3.7213091294579366,-0.0001531217820559561
-5.3751169531617595,-3.7213091294579366,-0.0033179248596888348
-5.27174931944711,-3.7213091294579366,-0.006210159805841048
-5.168381685732461,-3.7213091294579366,-0.009016069954678506
-5.065014052017812,-3.7213091294579366,-0.012157910411693763
-4.961646418303163,-3.7213091294579366,-0.016052240770825534
-4.858278784588514,-3.7213091294579366,-0.02083646320957777
-4.754911150873865,-3.7213091294579366,-0.0261674080925893
-4.651543517159215,-3.7213091294579366,-0.031177889463550417
-4.548175883444566,-3.7213091294579366,-0.03462852184268913
-4.444808249729917,-3.7213091294579366,-0.03522759129294343
-4.341440616015267,-3.7213091294579366,-0.03203207057322583
-4.238072982300618,-3.7213091294579366,-0.024807823337587055
-4.134705348585968,-3.7213091294579366,-0.014229255657629667
-4.031337714871319,-3.7213091294579366,-0.0018392242278932737
-3.9279700811566705,-3.7213091294579366,0.010242188528909757
-3.8246024474420213,-3.7213091294579366,0.01979640613782781
-3.7212348137273725,-3.7213091294579366,0.025049609237549612
-3.6178671800127233,-3.7213091294579366,0.025132427488139524
-3.514499546298074,-3.7213091294579366,0.020325688378350117
-3.411131912583425,-3.7213091294579366,0.01201799167862644
-3.3077642788687753,-3.7213091294579366,0.002379529037972935
-3.204396645154126,-3.7213091294579366,-0.006165074012944972
-3.101029011439477,-3.7213091294579366,-0.011526790492686435
-2.9976613777248278,-3.7213091294579366,-0.012450559987991137
-2.8942937440101786,-3.7213091294579366,-0.008794214520267048
-2.790926110295529,-3.7213091294579366,-0.0015217867521252744
-2.6875584765808798,-3.7213091294579366,0.00757682165683472
-2.5841908428662306,-3.7213091294579366,0.016355701795205454
-2.4808232091515814,-3.7213091294579366,0.022842182877247912
-2.3774555754369326,-3.7213091294579366,0.025687133204397316
-2.2740879417222835,-3.7213091294579366,0.02442799278889021
-2.1707203080076334,-3.7213091294579366,0.019513734526114837
-2.067352674292984,-3.7213091294579366,0.012108018411945195
-1.9639850405783352,-3.7213091294579366,0.0037438444486486027
-1.8606174068636863,-3.7213091294579366,-0.004065285079141862
-1.757249773149037,-3.7213091294579366,-0.01015311850240128
-1.6538821394343879,-3.7213091294579366,-0.013892207147109708
-1.550514505719738,-3.7213091294579366,-0.015221267087655557
-1.447146872005089,-3.7213091294579366,-0.014529609187951854
-1.3437792382904399,-3.7213091294579366,-0.012456577825422028
-1.2404116045757907,-3.7213091294579366,-0.009678600682821245
-1.1370439708611417,-3.7213091294579366,-0.006747305790515596
-1.0336763371464925,-3.7213091294579366,-0.0040149310850286024
-0.9303087034318435,-3.7213091294579366,-0.0016486868245877645
-0.8269410697171936,-3.7213091294579366,0.00029424600749104334
-0.7235734360025445,-3.7213091294579366,0.0017755934722132477
-0.6202058022878953,-3.7213091294579366,0.002711896994325628
-0.5168381685732463,-3.7213091294579366,0.002964072160662453
-0.4134705348585972,-3.7213091294579366,0.0023827271730074828
-0.31010290114394806,-3.7213091294579366,0.000888104901757545
-0.2067352674292982,-3.7213091294579366,-0.0014504084803341913
-0.1033676337146491,-3.7213091294579366,-0.004370569754730447
0.,-3.7213091294579366,-0.007432032857393689
0.1033676337146491,-3.7213091294579366,-0.010091551713018192
0.2067352674292982,-3.7213091294579366,-0.011819327052708729
0.31010290114394734,-3.7213091294579366,-0.012222548419168436
0.4134705348585964,-3.7213091294579366,-0.011138875648035828
0.5168381685732455,-3.7213091294579366,-0.008671414968486566
0.6202058022878947,-3.7213091294579366,-0.005154514634195359
0.7235734360025438,-3.7213091294579366,-0.0010605692779503257
0.8269410697171944,-3.7213091294579366,0.0031245872799163903
0.9303087034318435,-3.7213091294579366,0.0070213983640787965
1.0336763371464925,-3.7213091294579366,0.010437371624310582
1.1370439708611417,-3.7213091294579366,0.013387080635114712
1.2404116045757907,-3.7213091294579366,0.016047707480551683
1.3437792382904399,-3.7213091294579366,0.018665202786220567
1.447146872005089,-3.7213091294579366,0.021440153026025362
1.550514505719738,-3.7213091294579366,0.02442800794708828
1.6538821394343872,-3.7213091294579366,0.027484192616853656
1.7572497731490362,-3.7213091294579366,0.030272180404090982
1.8606174068636854,-3.7213091294579366,0.03233527784050857
1.9639850405783346,-3.7213091294579366,0.03321519304329777
2.0673526742929837,-3.7213091294579366,0.032586891428506216
2.1707203080076343,-3.7213091294579366,0.030373180331922277
2.2740879417222835,-3.7213091294579366,0.026805530949740385
2.3774555754369326,-3.7213091294579366,0.022409388167636525
2.4808232091515814,-3.7213091294579366,0.017910200587981887
2.5841908428662306,-3.7213091294579366,0.014076659406861414
2.6875584765808798,-3.7213091294579366,0.011535420216523663
2.790926110295529,-3.7213091294579366,0.010602328531853077
2.894293744010178,-3.7213091294579366,0.011175527635813979
2.997661377724827,-3.7213091294579366,0.012724598577110212
3.101029011439476,-3.7213091294579366,0.014388617539603195
3.2043966451541253,-3.7213091294579366,0.015169038061765177
3.3077642788687744,-3.7213091294579366,0.014177012866865636
3.411131912583425,-3.7213091294579366,0.010876243026982604
3.514499546298074,-3.7213091294579366,0.005257603136504137
3.6178671800127233,-3.7213091294579366,-0.002106430239891508
3.7212348137273725,-3.7213091294579366,-0.010152456196113916
3.8246024474420213,-3.7213091294579366,-0.017550301267755527
3.9279700811566705,-3.7213091294579366,-0.02301218189398786
4.031337714871319,-3.7213091294579366,-0.02561159470458377
4.134705348585968,-3.7213091294579366,-0.02502835744553251
4.238072982300618,-3.7213091294579366,-0.021650455524668943
4.341440616015267,-3.7213091294579366,-0.016497935142733785
4.444808249729916,-3.7213091294579366,-0.010980720986829399
4.548175883444565,-3.7213091294579366,-0.00654841734745186
4.651543517159214,-3.7213091294579366,-0.004322560955951285
4.754911150873865,-3.7213091294579366,-0.004810248919263541
4.858278784588514,-3.7213091294579366,-0.0077788110892511655
4.961646418303163,-3.7213091294579366,-0.012328469332059647
5.065014052017812,-3.7213091294579366,-0.017145161248759963
5.168381685732461,-3.7213091294579366,-0.02086447165848812
5.27174931944711,-3.7213091294579366,-0.02244509336147988
5.3751169531617595,-3.7213091294579366,-0.02144658158148991
5.478484586876409,-3.7213091294579366,-0.018133186736266824
5.581852220591058,-3.7213091294579366,-0.01337585357490685
5.685219854305707,-3.7213091294579366,-0.008383422182253951
5.788587488020356,-3.7213091294579366,-0.0043440662178856814
5.8919551217350055,-3.7213091294579366,-0.0020838675932759636
5.995322755449654,-3.7213091294579366,-0.0018431304934414222
6.098690389164305,-3.7213091294579366,-0.003234358498642163
6.202058022878954,-3.7213091294579366,-0.00538994806633177
6.305425656593603,-3.7213091294579366,-0.0072498272742616355
6.408793290308252,-3.7213091294579366,-0.00789742793448455
-6.408793290308252,-3.617939431417438,0.005546482286220887
-6.305425656593603,-3.617939431417438,0.006447519042626559
-6.202058022878954,-3.617939431417438,0.008377849298246835
-6.098690389164304,-3.617939431417438,0.011021007428858231
-5.995322755449655,-3.617939431417438,0.013772063234495504
-5.8919551217350055,-3.617939431417438,0.015883179251624243
-5.788587488020356,-3.617939431417438,0.016649255814549412
-5.685219854305708,-3.617939431417438,0.015582878688409829
-5.581852220591058,-3.617939431417438,0.01253112361644432
-5.478484586876409,-3.617939431417438,0.007704165221551277
-5.3751169531617595,-3.617939431417438,0.0016119863181436917
-5.27174931944711,-3.617939431417438,-0.005067289534903266
-5.168381685732461,-3.617939431417438,-0.011644400658140359
-5.065014052017812,-3.617939431417438,-0.01755275560714144
-4.961646418303163,-3.617939431417438,-0.022420950894473764
-4.858278784588514,-3.617939431417438,-0.026068907990249777
-4.754911150873865,-3.617939431417438,-0.02844044254104005
-4.651543517159215,-3.617939431417438,-0.02950828697074077
-4.548175883444566,-3.617939431417438,-0.029197779263930943
-4.444808249729917,-3.617939431417438,-0.027368470888790075
-4.341440616015267,-3.617939431417438,-0.023870488436347037
-4.238072982300618,-3.617939431417438,-0.01866186069048031
-4.134705348585968,-3.617939431417438,-0.011944819130551452
-4.031337714871319,-3.617939431417438,-0.004263810162401458
-3.9279700811566705,-3.617939431417438,0.0034876251449402333
-3.8246024474420213,-3.617939431417438,0.010179445207995293
-3.7212348137273725,-3.617939431417438,0.014667476462449142
-3.6178671800127233,-3.617939431417438,0.016076040580914844
-3.514499546298074,-3.617939431417438,0.014063109141690266
-3.411131912583425,-3.617939431417438,0.00898425607639954
-3.3077642788687753,-3.617939431417438,0.0018920279325607208
-3.204396645154126,-3.617939431417438,-0.005650109465529904
-3.101029011439477,-3.617939431417438,-0.011906997137044864
-2.9976613777248278,-3.617939431417438,-0.015384096395929192
-2.8942937440101786,-3.617939431417438,-0.015205388033710597
-2.790926110295529,-3.617939431417438,-0.011352014366664142
-2.6875584765808798,-3.617939431417438,-0.004690393648099606
-2.5841908428662306,-3.617939431417438,0.0032256027062645934
-2.4808232091515814,-3.617939431417438,0.010531436284190428
-2.3774555754369326,-3.617939431417438,0.015510033162013992
-2.2740879417222835,-3.617939431417438,0.017009935262691248
-2.1707203080076334,-3.617939431417438,0.014712775183582898
-2.067352674292984,-3.617939431417438,0.009181545799847727
-1.9639850405783352,-3.617939431417438,0.0016825788772472819
-1.8606174068636863,-3.617939431417438,-0.0061631907857565916
-1.757249773149037,-3.617939431417438,-0.012798575803695849
-1.6538821394343879,-3.617939431417438,-0.017101681639116986
-1.550514505719738,-3.617939431417438,-0.018612934159308554
-1.447146872005089,-3.617939431417438,-0.017566125654087033
-1.3437792382904399,-3.617939431417438,-0.01473115717115909
-1.2404116045757907,-3.617939431417438,-0.011130023525563613
-1.1370439708611417,-3.617939431417438,-0.007720176759166883
-1.0336763371464925,-3.617939431417438,-0.005141765506163835
-0.9303087034318435,-3.617939431417438,-0.0035980783166013747
-0.8269410697171936,-3.617939431417438,-0.0028916591436687063
-0.7235734360025445,-3.617939431417438,-0.0025876246710565863
-0.6202058022878953,-3.617939431417438,-0.0022369663533973747
-0.5168381685732463,-3.617939431417438,-0.0015778109760333759
-0.4134705348585972,-3.617939431417438,-0.0006453699860169714
-0.31010290114394806,-3.617939431417438,0.0002437504326237737
-0.2067352674292982,-3.617939431417438,0.0006224344312921646
-0.1033676337146491,-3.617939431417438,0.00006919362281626201
0.,-3.617939431417438,-0.0016017544713828157
0.1033676337146491,-3.617939431417438,-0.0042245222950902375
0.2067352674292982,-3.617939431417438,-0.007281686387892393
0.31010290114394734,-3.617939431417438,-0.01002288626777087
0.4134705348585964,-3.617939431417438,-0.01166457432988455
0.5168381685732455,-3.617939431417438,-0.011607008737358607
0.6202058022878947,-3.617939431417438,-0.009599570180621396
0.7235734360025438,-3.617939431417438,-0.005803223320025903
0.8269410697171944,-3.617939431417438,-0.0007330726530167586
0.9303087034318435,-3.617939431417438,0.004897130418438471
1.0336763371464925,-3.617939431417438,0.01037589558268579
1.1370439708611417,-3.617939431417438,0.015174959585737308
1.2404116045757907,-3.617939431417438,0.019054025479474494
1.3437792382904399,-3.617939431417438,0.022060331823314683
1.447146872005089,-3.617939431417438,0.02443025062708958
1.550514505719738,-3.617939431417438,0.02643289397383847
1.6538821394343872,-3.617939431417438,0.02821433067369467
1.7572497731490362,-3.617939431417438,0.029699556738653522
1.8606174068636854,-3.617939431417438,0.03058862728660992
1.9639850405783346,-3.617939431417438,0.03045046711864424
2.0673526742929837,-3.617939431417438,0.02888383505672053
2.1707203080076343,-3.617939431417438,0.025690953635208996
2.2740879417222835,-3.617939431417438,0.021003249030457777
2.3774555754369326,-3.617939431417438,0.015312425351566072
2.4808232091515814,-3.617939431417438,0.009389286335687717
2.5841908428662306,-3.617939431417438,0.004108026658516846
2.6875584765808798,-3.617939431417438,0.00022403207631468465
2.790926110295529,-3.617939431417438,-0.0018308632114182606
2.894293744010178,-3.617939431417438,-0.0020750471858157213
2.997661377724827,-3.617939431417438,-0.0009865748620979228
3.101029011439476,-3.617939431417438,0.0006107337081449753
3.2043966451541253,-3.617939431417438,0.0017559053272803117
3.3077642788687744,-3.617939431417438,0.0015990979328054445
3.411131912583425,-3.617939431417438,-0.0003761865751743384
3.514499546298074,-3.617939431417438,-0.004215142246842485
3.6178671800127233,-3.617939431417438,-0.00947299379684596
3.7212348137273725,-3.617939431417438,-0.015318856020084426
3.8246024474420213,-3.617939431417438,-0.020733784772139226
3.9279700811566705,-3.617939431417438,-0.024751708831981724
4.031337714871319,-3.617939431417438,-0.026683059423535063
4.134705348585968,-3.617939431417438,-0.026267589880355293
4.238072982300618,-3.617939431417438,-0.023722435615816263
4.341440616015267,-3.617939431417438,-0.019678195201636065
4.444808249729916,-3.617939431417438,-0.015022710400515575
4.548175883444565,-3.617939431417438,-0.010692852657362873
4.651543517159214,-3.617939431417438,-0.007464615707090575
4.754911150873865,-3.617939431417438,-0.005789654279971789
4.858278784588514,-3.617939431417438,-0.00571345424503248
4.961646418303163,-3.617939431417438,-0.006890171717582496
5.065014052017812,-3.617939431417438,-0.0086866775985228
5.168381685732461,-3.617939431417438,-0.010348464057171216
5.27174931944711,-3.617939431417438,-0.011186944290710033
5.3751169531617595,-3.617939431417438,-0.010743886369955196
5.478484586876409,-3.617939431417438,-0.008894893348822017
5.581852220591058,-3.617939431417438,-0.005868572713316866
5.685219854305707,-3.617939431417438,-0.0021781377550777695
5.788587488020356,-3.617939431417438,0.0015167758821977122
5.8919551217350055,-3.617939431417438,0.004583145524484302
5.995322755449654,-3.617939431417438,0.006578473213523299
6.098690389164305,-3.617939431417438,0.007363230641002597
6.202058022878954,-3.617939431417438,0.007131923499042364
6.305425656593603,-3.617939431417438,0.006353471290482749
6.408793290308252,-3.617939431417438,0.005635427342268259
-6.408793290308252,-3.5145697333769395,0.017081083148546405
-6.305425656593603,-3.5145697333769395,0.016030307816061524
-6.202058022878954,-3.5145697333769395,0.015692537705313994
-6.098690389164304,-3.5145697333769395,0.016392588374119398
-5.995322755449655,-3.5145697333769395,0.017993059153570325
-5.8919551217350055,-3.5145697333769395,0.01987627354049447
-5.788587488020356,-3.5145697333769395,0.02108736369200391
-5.685219854305708,-3.5145697333769395,0.020605294143563043
-5.581852220591058,-3.5145697333769395,0.01766362042600851
-5.478484586876409,-3.5145697333769395,0.01202115761918191
-5.3751169531617595,-3.5145697333769395,0.004093160112829927
-5.27174931944711,-3.5145697333769395,-0.005105787773490417
-5.168381685732461,-3.5145697333769395,-0.014197475462878514
-5.065014052017812,-3.5145697333769395,-0.021787178521152837
-4.961646418303163,-3.5145697333769395,-0.026817799670454348
-4.858278784588514,-3.5145697333769395,-0.028822828613076796
-4.754911150873865,-3.5145697333769395,-0.028001593203803098
-4.651543517159215,-3.5145697333769395,-0.025097613355491835
-4.548175883444566,-3.5145697333769395,-0.021125037297709818
-4.444808249729917,-3.5145697333769395,-0.017037557788664483
-4.341440616015267,-3.5145697333769395,-0.013451885281619731
-4.238072982300618,-3.5145697333769395,-0.010517353103380483
-4.134705348585968,-3.5145697333769395,-0.007971112777868753
-4.031337714871319,-3.5145697333769395,-0.005352249463589322
-3.9279700811566705,-3.5145697333769395,-0.002290812587433682
-3.8246024474420213,-3.5145697333769395,0.0012405557600028555
-3.7212348137273725,-3.5145697333769395,0.004813419958723339
-3.6178671800127233,-3.5145697333769395,0.007621873705397422
-3.514499546298074,-3.5145697333769395,0.00873674467128943
-3.411131912583425,-3.5145697333769395,0.007454027847301553
-3.3077642788687753,-3.5145697333769395,0.0036159121552308353
-3.204396645154126,-3.5145697333769395,-0.002216178920254165
-3.101029011439477,-3.5145697333769395,-0.008813706488541283
-2.9976613777248278,-3.5145697333769395,-0.01456293982950578
-2.8942937440101786,-3.5145697333769395,-0.017903319044977013
-2.790926110295529,-3.5145697333769395,-0.017791687513405693
-2.6875584765808798,-3.5145697333769395,-0.01404550477196161
-2.5841908428662306,-3.5145697333769395,-0.00744964010436887
-2.4808232091515814,-3.5145697333769395,0.00041822157469722056
-2.3774555754369326,-3.5145697333769395,0.007601192604639766
-2.2740879417222835,-3.5145697333769395,0.012297312576963084
-2.1707203080076334,-3.5145697333769395,0.013355715992113978
-2.067352674292984,-3.5145697333769395,0.010586020448492696
-1.9639850405783352,-3.5145697333769395,0.004788858274559556
-1.8606174068636863,-3.5145697333769395,-0.0024986134642420122
-1.757249773149037,-3.5145697333769395,-0.00946076234722561
-1.6538821394343879,-3.5145697333769395,-0.014522316872092515
-1.550514505719738,-3.5145697333769395,-0.01676965087172611
-1.447146872005089,-3.5145697333769395,-0.016150841781404388
-1.3437792382904399,-3.5145697333769395,-0.013403882583636765
-1.2404116045757907,-3.5145697333769395,-0.00974970819681137
-1.1370439708611417,-3.5145697333769395,-0.00645976364855286
-1.0336763371464925,-3.5145697333769395,-0.004443357837241764
-0.9303087034318435,-3.5145697333769395,-0.0039873789348887035
-0.8269410697171936,-3.5145697333769395,-0.004725464563942355
-0.7235734360025445,-3.5145697333769395,-0.005834750578180918
-0.6202058022878953,-3.5145697333769395,-0.006382513496619175
-0.5168381685732463,-3.5145697333769395,-0.005697374057331246
-0.4134705348585972,-3.5145697333769395,-0.0036353343216999237
-0.31010290114394806,-3.5145697333769395,-0.0006501461532091599
-0.2067352674292982,-3.5145697333769395,0.0023538144297684392
-0.1033676337146491,-3.5145697333769395,0.004333533632811968
0.,-3.5145697333769395,0.004476389480651741
0.1033676337146491,-3.5145697333769395,0.002500534164760354
0.2067352674292982,-3.5145697333769395,-0.0012144844878608225
0.31010290114394734,-3.5145697333769395,-0.005710131838577555
0.4134705348585964,-3.5145697333769395,-0.00971657145164631
0.5168381685732455,-3.5145697333769395,-0.012017664036092944
0.6202058022878947,-3.5145697333769395,-0.011795681469702843
0.7235734360025438,-3.5145697333769395,-0.008848071237063831
0.8269410697171944,-3.5145697333769395,-0.003613622017005044
0.9303087034318435,-3.5145697333769395,0.002990615713810127
1.0336763371464925,-3.5145697333769395,0.009859259367024946
1.1370439708611417,-3.5145697333769395,0.01601514243930832
1.2404116045757907,-3.5145697333769395,0.02084937701050974
1.3437792382904399,-3.5145697333769395,0.02421349498198038
1.447146872005089,-3.5145697333769395,0.026346370178484194
1.550514505719738,-3.5145697333769395,0.02767598298153184
1.6538821394343872,-3.5145697333769395,0.028577022623475487
1.7572497731490362,-3.5145697333769395,0.029176480524952007
1.8606174068636854,-3.5145697333769395,0.029278062533077923
1.9639850405783346,-3.5145697333769395,0.02843094329084994
2.0673526742929837,-3.5145697333769395,0.026115543785944814
2.1707203080076343,-3.5145697333769395,0.02197712712177841
2.2740879417222835,-3.5145697333769395,0.0160212278283823
2.3774555754369326,-3.5145697333769395,0.00869836351967256
2.4808232091515814,-3.5145697333769395,0.0008437398002160569
2.5841908428662306,-3.5145697333769395,-0.006512936122590254
2.6875584765808798,-3.5145697333769395,-0.012408906763523297
2.790926110295529,-3.5145697333769395,-0.016199306780350763
2.894293744010178,-3.5145697333769395,-0.01772012630000901
2.997661377724827,-3.5145697333769395,-0.01731508035677414
3.101029011439476,-3.5145697333769395,-0.01572200929024909
3.2043966451541253,-3.5145697333769395,-0.01385760695416831
3.3077642788687744,-3.5145697333769395,-0.012567897236489177
3.411131912583425,-3.5145697333769395,-0.012417602767558635
3.514499546298074,-3.5145697333769395,-0.013574131176341367
3.6178671800127233,-3.5145697333769395,-0.015808771854937065
3.7212348137273725,-3.5145697333769395,-0.01860089720697422
3.8246024474420213,-3.5145697333769395,-0.021302717266615628
3.9279700811566705,-3.5145697333769395,-0.023310641267069023
4.031337714871319,-3.5145697333769395,-0.024196244435568403
4.134705348585968,-3.5145697333769395,-0.02377041748572146
4.238072982300618,-3.5145697333769395,-0.02207952270950101
4.341440616015267,-3.5145697333769395,-0.019352819566452337
4.444808249729916,-3.5145697333769395,-0.015929612463851044
4.548175883444565,-3.5145697333769395,-0.012191215869811277
4.651543517159214,-3.5145697333769395,-0.008510742485624499
4.754911150873865,-3.5145697333769395,-0.005219794840967427
4.858278784588514,-3.5145697333769395,-0.002582222755276757
4.961646418303163,-3.5145697333769395,-0.0007650556393887928
5.065014052017812,-3.5145697333769395,0.0001951533869901412
5.168381685732461,-3.5145697333769395,0.0004208168955143486
5.27174931944711,-3.5145697333769395,0.00019866097446945478
5.3751169531617595,-3.5145697333769395,-0.000055456080952224645
5.478484586876409,-3.5145697333769395,0.00012143961161329373
5.581852220591058,-3.5145697333769395,0.0011226195682462043
5.685219854305707,-3.5145697333769395,0.0031504913342252903
5.788587488020356,-3.5145697333769395,0.006131696570002956
5.8919551217350055,-3.5145697333769395,0.00970488114146891
5.995322755449654,-3.5145697333769395,0.013298105768613616
6.098690389164305,-3.5145697333769395,0.01628338527695823
6.202058022878954,-3.5145697333769395,0.018166279002527968
6.305425656593603,-3.5145697333769395,0.01875008119663005
6.408793290308252,-3.5145697333769395,0.018215335391893902
-6.408793290308252,-3.4112000353364413,0.0263647319152874
-6.305425656593603,-3.4112000353364413,0.023493366738807274
-6.202058022878954,-3.4112000353364413,0.020624357090878412
-6.098690389164304,-3.4112000353364413,0.018669640568179418
-5.995322755449655,-3.4112000353364413,0.01804204606701331
-5.8919551217350055,-3.4112000353364413,0.018472293148904105
-5.788587488020356,-3.4112000353364413,0.019064793096366186
-5.685219854305708,-3.4112000353364413,0.018586223091686917
-5.581852220591058,-3.4112000353364413,0.015899355381117412
-5.478484586876409,-3.4112000353364413,0.010399700681868296
-5.3751169531617595,-3.4112000353364413,0.0023043141560574083
-5.27174931944711,-3.4112000353364413,-0.007314670394456487
-5.168381685732461,-3.4112000353364413,-0.016777458919110765
-5.065014052017812,-3.4112000353364413,-0.02425698255680195
-4.961646418303163,-3.4112000353364413,-0.028310276003370324
-4.858278784588514,-3.4112000353364413,-0.02831037990901275
-4.754911150873865,-3.4112000353364413,-0.024636294625940733
-4.651543517159215,-3.4112000353364413,-0.018555008453242424
-4.548175883444566,-3.4112000353364413,-0.011829904974308808
-4.444808249729917,-3.4112000353364413,-0.0061805531674498605
-4.341440616015267,-3.4112000353364413,-0.0027691955684745273
-4.238072982300618,-3.4112000353364413,-0.0018815004953686377
-4.134705348585968,-3.4112000353364413,-0.002905067208247071
-4.031337714871319,-3.4112000353364413,-0.0046096541825990135
-3.9279700811566705,-3.4112000353364413,-0.005631373718263307
-3.8246024474420213,-3.4112000353364413,-0.004993608378725083
-3.7212348137273725,-3.4112000353364413,-0.0024841051686644708
-3.6178671800127233,-3.4112000353364413,0.001244251408735372
-3.514499546298074,-3.4112000353364413,0.004887725655745776
-3.411131912583425,-3.4112000353364413,0.006951688945810128
-3.3077642788687753,-3.4112000353364413,0.006300966031078672
-3.204396645154126,-3.4112000353364413,0.002611081751769328
-3.101029011439477,-3.4112000353364413,-0.003439331069211976
-2.9976613777248278,-3.4112000353364413,-0.01031026946351919
-2.8942937440101786,-3.4112000353364413,-0.016040285631371266
-2.790926110295529,-3.4112000353364413,-0.018847711596424337
-2.6875584765808798,-3.4112000353364413,-0.017699704320872558
-2.5841908428662306,-3.4112000353364413,-0.012662738126159706
-2.4808232091515814,-3.4112000353364413,-0.00491709575241659
-2.3774555754369326,-3.4112000353364413,0.003573908619612313
-2.2740879417222835,-3.4112000353364413,0.010637525223097246
-2.1707203080076334,-3.4112000353364413,0.0145272131346556
-2.067352674292984,-3.4112000353364413,0.01442041312163827
-1.9639850405783352,-3.4112000353364413,0.010624587752476499
-1.8606174068636863,-3.4112000353364413,0.004433302350889397
-1.757249773149037,-3.4112000353364413,-0.002312623633294424
-1.6538821394343879,-3.4112000353364413,-0.007810472588449005
-1.550514505719738,-3.4112000353364413,-0.010835991447533805
-1.447146872005089,-3.4112000353364413,-0.011067823568384805
-1.3437792382904399,-3.4112000353364413,-0.00910124071172294
-1.2404116045757907,-3.4112000353364413,-0.006161764839497379
-1.1370439708611417,-3.4112000353364413,-0.003628145837935625
-1.0336763371464925,-3.4112000353364413,-0.002533734389375546
-0.9303087034318435,-3.4112000353364413,-0.003216561122609326
-0.8269410697171936,-3.4112000353364413,-0.005232370782987993
-0.7235734360025445,-3.4112000353364413,-0.007551701799975278
-0.6202058022878953,-3.4112000353364413,-0.008964166996515432
-0.5168381685732463,-3.4112000353364413,-0.008543633199103782
-0.4134705348585972,-3.4112000353364413,-0.006009939925499938
-0.31010290114394806,-3.4112000353364413,-0.0018611802726087182
-0.2067352674292982,-3.4112000353364413,0.0027688008365917443
-0.1033676337146491,-3.4112000353364413,0.006478374820073102
0.,-3.4112000353364413,0.008065944760217611
0.1033676337146491,-3.4112000353364413,0.006939522412905728
0.2067352674292982,-3.4112000353364413,0.003331427494583985
0.31010290114394734,-3.4112000353364413,-0.00175157446996856
0.4134705348585964,-3.4112000353364413,-0.0068235168348237465
0.5168381685732455,-3.4112000353364413,-0.010360339459567892
0.6202058022878947,-3.4112000353364413,-0.011242278683621761
0.7235734360025438,-3.4112000353364413,-0.009057277455372973
0.8269410697171944,-3.4112000353364413,-0.004175850494287411
0.9303087034318435,-3.4112000353364413,0.002413677756534546
1.0336763371464925,-3.4112000353364413,0.009441771149416332
1.1370439708611417,-3.4112000353364413,0.015745653238822724
1.2404116045757907,-3.4112000353364413,0.020578462768457217
1.3437792382904399,-3.4112000353364413,0.023744116330571705
1.447146872005089,-3.4112000353364413,0.025527804487678406
1.550514505719738,-3.4112000353364413,0.026464398956553642
1.6538821394343872,-3.4112000353364413,0.027041134700176696
1.7572497731490362,-3.4112000353364413,0.02744882088128918
1.8606174068636854,-3.4112000353364413,0.027472821933162465
1.9639850405783346,-3.4112000353364413,0.026560809719647735
2.0673526742929837,-3.4112000353364413,0.024038998412322148
2.1707203080076343,-3.4112000353364413,0.01939551453800076
2.2740879417222835,-3.4112000353364413,0.012526876343458757
2.3774555754369326,-3.4112000353364413,0.0038581298195694627
2.4808232091515814,-3.4112000353364413,-0.005707383717928416
2.5841908428662306,-3.4112000353364413,-0.01499330260298243
2.6875584765808798,-3.4112000353364413,-0.022843093506310665
2.790926110295529,-3.4112000353364413,-0.028405826637209704
2.894293744010178,-3.4112000353364413,-0.03132630097576191
2.997661377724827,-3.4112000353364413,-0.031786563623595186
3.101029011439476,-3.4112000353364413,-0.03039719105987136
3.2043966451541253,-3.4112000353364413,-0.02798510131450839
3.3077642788687744,-3.4112000353364413,-0.02535358770375922
3.411131912583425,-3.4112000353364413,-0.02309102662153309
3.514499546298074,-3.4112000353364413,-0.021479220873441732
3.6178671800127233,-3.4112000353364413,-0.02051183427192205
3.7212348137273725,-3.4112000353364413,-0.01999380635316951
3.8246024474420213,-3.4112000353364413,-0.019668522405423848
3.9279700811566705,-3.4112000353364413,-0.019318568950243982
4.031337714871319,-3.4112000353364413,-0.018806456986671542
4.134705348585968,-3.4112000353364413,-0.01805376161733407
4.238072982300618,-3.4112000353364413,-0.01698664655752223
4.341440616015267,-3.4112000353364413,-0.015490281898057071
4.444808249729916,-3.4112000353364413,-0.013408369043405071
4.548175883444565,-3.4112000353364413,-0.010599871493692412
4.651543517159214,-3.4112000353364413,-0.00703374248643658
4.754911150873865,-3.4112000353364413,-0.002877877144288175
4.858278784588514,-3.4112000353364413,0.0014677476823936814
4.961646418303163,-3.4112000353364413,0.005427428559487027
5.065014052017812,-3.4112000353364413,0.00839529798036087
5.168381685732461,-3.4112000353364413,0.009930972577354978
5.27174931944711,-3.4112000353364413,0.009938240415994459
5.3751169531617595,-3.4112000353364413,0.008755366319596619
5.478484586876409,-3.4112000353364413,0.007109043698017995
5.581852220591058,-3.4112000353364413,0.005928946343068874
5.685219854305707,-3.4112000353364413,0.006070996900979567
5.788587488020356,-3.4112000353364413,0.008035992476436079
5.8919551217350055,-3.4112000353364413,0.011780534805922135
5.995322755449654,-3.4112000353364413,0.016693123464097376
6.098690389164305,-3.4112000353364413,0.021755928880792225
6.202058022878954,-3.4112000353364413,0.025849135882168656
6.305425656593603,-3.4112000353364413,0.028102048551887034
6.408793290308252,-3.4112000353364413,0.028173015443753693
-6.408793290308252,-3.3078303372959432,0.03264759034802051
-6.305425656593603,-3.3078303372959432,0.02828033715137596
-6.202058022878954,-3.3078303372959432,0.02286109586198311
-6.098690389164304,-3.3078303372959432,0.017763185654556812
-5.995322755449655,-3.3078303372959432,0.013965112175135571
-5.8919551217350055,-3.3078303372959432,0.011727037293635051
-5.788587488020356,-3.3078303372959432,0.010529733246279984
-5.685219854305708,-3.3078303372959432,0.009300600627007579
-5.581852220591058,-3.3078303372959432,0.006851173567543619
-5.478484586876409,-3.3078303372959432,0.0023743483118310858
-5.3751169531617595,-3.3078303372959432,-0.004175610624365518
-5.27174931944711,-3.3078303372959432,-0.011961409512084974
-5.168381685732461,-3.3078303372959432,-0.019454600804766544
-5.065014052017812,-3.3078303372959432,-0.024888636607207987
-4.961646418303163,-3.3078303372959432,-0.026828195300219335
-4.858278784588514,-3.3078303372959432,-0.024664611306004534
-4.754911150873865,-3.3078303372959432,-0.01886597331942501
-4.651543517159215,-3.3078303372959432,-0.010888285342973123
-4.548175883444566,-3.3078303372959432,-0.0027657456170418044
-4.444808249729917,-3.3078303372959432,0.0034936350215598586
-4.341440616015267,-3.3078303372959432,0.006513002749589076
-4.238072982300618,-3.3078303372959432,0.005954334942540451
-4.134705348585968,-3.3078303372959432,0.002593501846730414
-4.031337714871319,-3.3078303372959432,-0.0019638036778053852
-3.9279700811566705,-3.3078303372959432,-0.005832822446627868
-3.8246024474420213,-3.3078303372959432,-0.007485510345432321
-3.7212348137273725,-3.3078303372959432,-0.006260492839727746
-3.6178671800127233,-3.3078303372959432,-0.0025774615368139454
-3.514499546298074,-3.3078303372959432,0.0022156184759183437
-3.411131912583425,-3.3078303372959432,0.006311643506630744
-3.3077642788687753,-3.3078303372959432,0.008073103586669716
-3.204396645154126,-3.3078303372959432,0.006609881095138859
-3.101029011439477,-3.3078303372959432,0.0021120179601335073
-2.9976613777248278,-3.3078303372959432,-0.004175434266366219
-2.8942937440101786,-3.3078303372959432,-0.010329542539997572
-2.790926110295529,-3.3078303372959432,-0.014355952645866511
-2.6875584765808798,-3.3078303372959432,-0.014826353822028262
-2.5841908428662306,-3.3078303372959432,-0.01133897690550352
-2.4808232091515814,-3.3078303372959432,-0.004653338082862587
-2.3774555754369326,-3.3078303372959432,0.003541786416135111
-2.2740879417222835,-3.3078303372959432,0.011148092313181953
-2.1707203080076334,-3.3078303372959432,0.01629375325454697
-2.067352674292984,-3.3078303372959432,0.01787986701195188
-1.9639850405783352,-3.3078303372959432,0.015865544636731885
-1.8606174068636863,-3.3078303372959432,0.011209739461419729
-1.757249773149037,-3.3078303372959432,0.005502604586223781
-1.6538821394343879,-3.3078303372959432,0.0004198651311675574
-1.550514505719738,-3.3078303372959432,-0.0028129226080141753
-1.447146872005089,-3.3078303372959432,-0.0037699760645774102
-1.3437792382904399,-3.3078303372959432,-0.002881884966435675
-1.2404116045757907,-3.3078303372959432,-0.0011954744544027316
-1.1370439708611417,-3.3078303372959432,0.00006574417361157592
-1.0336763371464925,-3.3078303372959432,-0.00002145418155933473
-0.9303087034318435,-3.3078303372959432,-0.001734791313009236
-0.8269410697171936,-3.3078303372959432,-0.004610948684137539
-0.7235734360025445,-3.3078303372959432,-0.007627004471968575
-0.6202058022878953,-3.3078303372959432,-0.009588274769550641
-0.5168381685732463,-3.3078303372959432,-0.009580815503395089
-0.4134705348585972,-3.3078303372959432,-0.007326371714703188
-0.31010290114394806,-3.3078303372959432,-0.0033138433173119635
-0.2067352674292982,-3.3078303372959432,0.0013392618071073616
-0.1033676337146491,-3.3078303372959432,0.0052476191649717535
0.,-3.3078303372959432,0.007216960733043559
0.1033676337146491,-3.3078303372959432,0.006644356196478116
0.2067352674292982,-3.3078303372959432,0.00372495290602128
0.31010290114394734,-3.3078303372959432,-0.0006023348601078791
0.4134705348585964,-3.3078303372959432,-0.0049485931802792146
0.5168381685732455,-3.3078303372959432,-0.007906729839135394
0.6202058022878947,-3.3078303372959432,-0.008476476731299412
0.7235734360025438,-3.3078303372959432,-0.006344467143130476
0.8269410697171944,-3.3078303372959432,-0.0019345712452916368
0.9303087034318435,-3.3078303372959432,0.0037761167277749973
1.0336763371464925,-3.3078303372959432,0.009601420820761356
1.1370439708611417,-3.3078303372959432,0.014525685830911812
1.2404116045757907,-3.3078303372959432,0.017988464500493954
1.3437792382904399,-3.3078303372959432,0.019983332046046947
1.447146872005089,-3.3078303372959432,0.02094913773984163
1.550514505719738,-3.3078303372959432,0.021505969649765557
1.6538821394343872,-3.3078303372959432,0.022140812990900625
1.7572497731490362,-3.3078303372959432,0.022961641419804467
1.8606174068636854,-3.3078303372959432,0.023610018381137396
1.9639850405783346,-3.3078303372959432,0.02336270899369289
2.0673526742929837,-3.3078303372959432,0.021384289467636097
2.1707203080076343,-3.3078303372959432,0.017039677947379553
2.2740879417222835,-3.3078303372959432,0.010156029628277123
2.3774555754369326,-3.3078303372959432,0.001143228525473653
2.4808232091515814,-3.3078303372959432,-0.009067074146467678
2.5841908428662306,-3.3078303372959432,-0.019241211565314137
2.6875584765808798,-3.3078303372959432,-0.0281470959892083
2.790926110295529,-3.3078303372959432,-0.034842670005450334
2.894293744010178,-3.3078303372959432,-0.03886145432938874
2.997661377724827,-3.3078303372959432,-0.0402480684543369
3.101029011439476,-3.3078303372959432,-0.03945054722260066
3.2043966451541253,-3.3078303372959432,-0.03712345346236956
3.3077642788687744,-3.3078303372959432,-0.03391963197782596
3.411131912583425,-3.3078303372959432,-0.030341869762805646
3.514499546298074,-3.3078303372959432,-0.02669334574564801
3.6178671800127233,-3.3078303372959432,-0.02312171918521194
3.7212348137273725,-3.3078303372959432,-0.019713974384264837
3.8246024474420213,-3.3078303372959432,-0.01658245052676928
3.9279700811566705,-3.3078303372959432,-0.013892713049322058
4.031337714871319,-3.3078303372959432,-0.011815929108324758
4.134705348585968,-3.3078303372959432,-0.01042819744952706
4.238072982300618,-3.3078303372959432,-0.009609608560927765
4.341440616015267,-3.3078303372959432,-0.009003099098194285
4.444808249729916,-3.3078303372959432,-0.008073061596670624
4.548175883444565,-3.3078303372959432,-0.006263064983495226
4.651543517159214,-3.3078303372959432,-0.003206701574011946
4.754911150873865,-3.3078303372959432,0.001085785818175725
4.858278784588514,-3.3078303372959432,0.006145487984707902
4.961646418303163,-3.3078303372959432,0.011118500205285847
5.065014052017812,-3.3078303372959432,0.01499313563037579
5.168381685732461,-3.3078303372959432,0.016919867253371284
5.27174931944711,-3.3078303372959432,0.016521062201920313
5.3751169531617595,-3.3078303372959432,0.014079397103965496
5.478484586876409,-3.3078303372959432,0.010525576449797755
5.581852220591058,-3.3078303372959432,0.007209205899021789
5.685219854305707,-3.3078303372959432,0.005510857593351705
5.788587488020356,-3.3078303372959432,0.0064126535938803806
5.8919551217350055,-3.3078303372959432,0.010167028356285945
5.995322755449654,-3.3078303372959432,0.016178609751207933
6.098690389164305,-3.3078303372959432,0.023148458624521622
6.202058022878954,-3.3078303372959432,0.02944408597684997
6.305425656593603,-3.3078303372959432,0.0335816149712628
6.408793290308252,-3.3078303372959432,0.03466521916119447
-6.408793290308252,-3.204460639255445,0.03577608852078345
-6.305425656593603,-3.204460639255445,0.030326516677037865
-6.202058022878954,-3.204460639255445,0.022622268818492157
-6.098690389164304,-3.204460639255445,0.014334739210548049
-5.995322755449655,-3.204460639255445,0.006940707427707315
-5.8919551217350055,-3.204460639255445,0.0013038503602964431
-5.788587488020356,-3.204460639255445,-0.002505297313734932
-5.685219854305708,-3.204460639255445,-0.005100269758548772
-5.581852220591058,-3.204460639255445,-0.007430035446370943
-5.478484586876409,-3.204460639255445,-0.010322815118329196
-5.3751169531617595,-3.204460639255445,-0.014090730027702992
-5.27174931944711,-3.204460639255445,-0.01834130220544565
-5.168381685732461,-3.204460639255445,-0.022068295030847236
-5.065014052017812,-3.204460639255445,-0.023994918166614483
-4.961646418303163,-3.204460639255445,-0.02305140193064615
-4.858278784588514,-3.204460639255445,-0.018818096592138
-4.754911150873865,-3.204460639255445,-0.011772690423021263
-4.651543517159215,-3.204460639255445,-0.0032440305786278064
-4.548175883444566,-3.204460639255445,0.004925945527520648
-4.444808249729917,-3.204460639255445,0.010910130935767039
-4.341440616015267,-3.204460639255445,0.013444434926877144
-4.238072982300618,-3.204460639255445,0.012215607130369758
-4.134705348585968,-3.204460639255445,0.007957987582832934
-4.031337714871319,-3.204460639255445,0.0022230591687472695
-3.9279700811566705,-3.204460639255445,-0.003106624438966633
-3.8246024474420213,-3.204460639255445,-0.006402937566036962
-3.7212348137273725,-3.204460639255445,-0.0067878781041541
-3.6178671800127233,-3.204460639255445,-0.004379967716428575
-3.514499546298074,-3.204460639255445,-0.00021441670786986997
-3.411131912583425,-3.204460639255445,0.0041322182761145765
-3.3077642788687753,-3.204460639255445,0.007085409926426935
-3.204396645154126,-3.204460639255445,0.007602954111935588
-3.101029011439477,-3.204460639255445,0.005518024116474906
-2.9976613777248278,-3.204460639255445,0.0015854029806441207
-2.8942937440101786,-3.204460639255445,-0.0027787624205418866
-2.790926110295529,-3.204460639255445,-0.005971911755489955
-2.6875584765808798,-3.204460639255445,-0.0067338927759683495
-2.5841908428662306,-3.204460639255445,-0.004554609630761503
-2.4808232091515814,-3.204460639255445,0.00017024569708965593
-2.3774555754369326,-3.204460639255445,0.006279393113284298
-2.2740879417222835,-3.204460639255445,0.012226997048893668
-2.1707203080076334,-3.204460639255445,0.016571511237293144
-2.067352674292984,-3.204460639255445,0.01840822874033085
-1.9639850405783352,-3.204460639255445,0.017606354837138453
-1.8606174068636863,-3.204460639255445,0.014782295453627891
-1.757249773149037,-3.204460639255445,0.011032252059460675
-1.6538821394343879,-3.204460639255445,0.007527391187440194
-1.550514505719738,-3.204460639255445,0.00511678046048064
-1.447146872005089,-3.204460639255445,0.00407380574550033
-1.3437792382904399,-3.204460639255445,0.004065833536517125
-1.2404116045757907,-3.204460639255445,0.004345317889642106
-1.1370439708611417,-3.204460639255445,0.0040825492658082
-1.0336763371464925,-3.204460639255445,0.0027129625744753984
-0.9303087034318435,-3.204460639255445,0.0001710893780745264
-0.8269410697171936,-3.204460639255445,-0.0030720875200377445
-0.7235734360025445,-3.204460639255445,-0.006178357206094819
-0.6202058022878953,-3.204460639255445,-0.008252834152176109
-0.5168381685732463,-3.204460639255445,-0.00868017662574537
-0.4134705348585972,-3.204460639255445,-0.0073626912693085505
-0.31010290114394806,-3.204460639255445,-0.004772947720170846
-0.2067352674292982,-3.204460639255445,-0.001800847772280539
-0.1033676337146491,-3.204460639255445,0.0005510219126868833
0.,-3.204460639255445,0.0015158201570995202
0.1033676337146491,-3.204460639255445,0.0008314027198572141
0.2067352674292982,-3.204460639255445,-0.0011649846078675816
0.31010290114394734,-3.204460639255445,-0.0036492767096400853
0.4134705348585964,-3.204460639255445,-0.005590522260423395
0.5168381685732455,-3.204460639255445,-0.006100065876008293
0.6202058022878947,-3.204460639255445,-0.004728686307797318
0.7235734360025438,-3.204460639255445,-0.0016099958179314243
0.8269410697171944,-3.204460639255445,0.0025966324190210737
0.9303087034318435,-3.204460639255445,0.006939778302876158
1.0336763371464925,-3.204460639255445,0.010501315965435725
1.1370439708611417,-3.204460639255445,0.012697898658702154
1.2404116045757907,-3.204460639255445,0.013453578645746455
1.3437792382904399,-3.204460639255445,0.01318566228137965
1.447146872005089,-3.204460639255445,0.01261253594490926
1.550514505719738,-3.204460639255445,0.012454679780499281
1.6538821394343872,-3.204460639255445,0.013136600296501036
1.7572497731490362,-3.204460639255445,0.014595653951783432
1.8606174068636854,-3.204460639255445,0.016265054252386484
1.9639850405783346,-3.204460639255445,0.01723701904260235
2.0673526742929837,-3.204460639255445,0.01654990739193418
2.1707203080076343,-3.204460639255445,0.013501944104655786
2.2740879417222835,-3.204460639255445,0.00788748636940841
2.3774555754369326,-3.204460639255445,0.00008097349396260403
2.4808232091515814,-3.204460639255445,-0.00905268380561895
2.5841908428662306,-3.204460639255445,-0.01838409098118103
2.6875584765808798,-3.204460639255445,-0.026801914722751466
2.790926110295529,-3.204460639255445,-0.033459513297299105
2.894293744010178,-3.204460639255445,-0.037913399807928766
2.997661377724827,-3.204460639255445,-0.04012530001391152
3.101029011439476,-3.204460639255445,-0.04035003929064538
3.2043966451541253,-3.204460639255445,-0.03896947923900781
3.3077642788687744,-3.204460639255445,-0.036344748482332816
3.411131912583425,-3.204460639255445,-0.03274196293393485
3.514499546298074,-3.204460639255445,-0.028348675569042386
3.6178671800127233,-3.204460639255445,-0.02335552123148432
3.7212348137273725,-3.204460639255445,-0.01804759734523145
3.8246024474420213,-3.204460639255445,-0.012845388952655436
3.9279700811566705,-3.204460639255445,-0.008257662149055049
4.031337714871319,-3.204460639255445,-0.0047497335790968095
4.134705348585968,-3.204460639255445,-0.002573120917782205
4.238072982300618,-3.204460639255445,-0.0016287133500729244
4.341440616015267,-3.204460639255445,-0.0014330063392755678
4.444808249729916,-3.204460639255445,-0.0012242717536101431
4.548175883444565,-3.204460639255445,-0.00019341828389348971
4.651543517159214,-3.204460639255445,0.002228145644133436
4.754911150873865,-3.204460639255445,0.006123420175685713
4.858278784588514,-3.204460639255445,0.010984590877963172
4.961646418303163,-3.204460639255445,0.015805073728322322
5.065014052017812,-3.204460639255445,0.019361013052732027
5.168381685732461,-3.204460639255445,0.020605533311240983
5.27174931944711,-3.204460639255445,0.01905126739188087
5.3751169531617595,-3.204460639255445,0.015008842054374685
5.478484586876409,-3.204460639255445,0.009586823565812025
5.581852220591058,-3.204460639255445,0.004431958656528618
5.685219854305707,-3.204460639255445,0.0012741293793137366
5.788587488020356,-3.204460639255445,0.0014094813740626654
5.8919551217350055,-3.204460639255445,0.005283201265705766
5.995322755449654,-3.204460639255445,0.01230896278586864
6.098690389164305,-3.204460639255445,0.02099120354889589
6.202058022878954,-3.204460639255445,0.02932125735565249
6.305425656593603,-3.204460639255445,0.035330037000333256
6.408793290308252,-3.204460639255445,0.03762809549479006
-6.408793290308252,-3.101090941214947,0.036008362088664335
-6.305425656593603,-3.101090941214947,0.02990094230122605
-6.202058022878954,-3.101090941214947,0.02047275427073832
-6.098690389164304,-3.101090941214947,0.009525399709046894
-5.995322755449655,-3.101090941214947,-0.0011133791638053767
-5.8919551217350055,-3.101090941214947,-0.010046183992047944
-5.788587488020356,-3.101090941214947,-0.016577045721198478
-5.685219854305708,-3.101090941214947,-0.020731661977320917
-5.581852220591058,-3.101090941214947,-0.02304703289871833
-5.478484586876409,-3.101090941214947,-0.024225588747765356
-5.3751169531617595,-3.101090941214947,-0.024788294534244016
-5.27174931944711,-3.101090941214947,-0.02485307607991917
-5.168381685732461,-3.101090941214947,-0.02411352518127972
-5.065014052017812,-3.101090941214947,-0.022017096212712858
-4.961646418303163,-3.101090941214947,-0.01806869550930435
-4.858278784588514,-3.101090941214947,-0.012140101841689463
-4.754911150873865,-3.101090941214947,-0.0046634016878915885
-4.651543517159215,-3.101090941214947,0.0033722246277682463
-4.548175883444566,-3.101090941214947,0.010631276772306922
-4.444808249729917,-3.101090941214947,0.015787336896346277
-4.341440616015267,-3.101090941214947,0.017907898206950837
-4.238072982300618,-3.101090941214947,0.01674068913682046
-4.134705348585968,-3.101090941214947,0.012804584541693895
-4.031337714871319,-3.101090941214947,0.007252136168630135
-3.9279700811566705,-3.101090941214947,0.0015456511150759955
-3.8246024474420213,-3.101090941214947,-0.002950830128414203
-3.7212348137273725,-3.101090941214947,-0.00533551216960798
-3.6178671800127233,-3.101090941214947,-0.005377566576124676
-3.514499546298074,-3.101090941214947,-0.003512520971611438
-3.411131912583425,-3.101090941214947,-0.0006369613830337637
-3.3077642788687753,-3.101090941214947,0.0022206229782796793
-3.204396645154126,-3.101090941214947,0.004239656490926709
-3.101029011439477,-3.101090941214947,0.005047451460192638
-2.9976613777248278,-3.101090941214947,0.004788221391432364
-2.8942937440101786,-3.101090941214947,0.004011315939755105
-2.790926110295529,-3.101090941214947,0.0034303320877584107
-2.6875584765808798,-3.101090941214947,0.003645390233247744
-2.5841908428662306,-3.101090941214947,0.004927627105436995
-2.4808232091515814,-3.101090941214947,0.007137052885318628
-2.3774555754369326,-3.101090941214947,0.009793658854969398
-2.2740879417222835,-3.101090941214947,0.012266100722557781
-2.1707203080076334,-3.101090941214947,0.014002263084225664
-2.067352674292984,-3.101090941214947,0.014715118929459328
-1.9639850405783352,-3.101090941214947,0.014458236595751331
-1.8606174068636863,-3.101090941214947,0.013569238421494281
-1.757249773149037,-3.101090941214947,0.012509641752130138
-1.6538821394343879,-3.101090941214947,0.011667241713031604
-1.550514505719738,-3.101090941214947,0.011198990993860115
-1.447146872005089,-3.101090941214947,0.010974505874491308
-1.3437792382904399,-3.101090941214947,0.010640186193875252
-1.2404116045757907,-3.101090941214947,0.00977691202118203
-1.1370439708611417,-3.101090941214947,0.008088137011293944
-1.0336763371464925,-3.101090941214947,0.005543460347961399
-0.9303087034318435,-3.101090941214947,0.0024197454720468092
-0.8269410697171936,-3.101090941214947,-0.0007788667773030002
-0.7235734360025445,-3.101090941214947,-0.003493903548241783
-0.6202058022878953,-3.101090941214947,-0.005313640749066217
-0.5168381685732463,-3.101090941214947,-0.0061249269890876114
-0.4134705348585972,-3.101090941214947,-0.006155018044382638
-0.31010290114394806,-3.101090941214947,-0.0058828658047023735
-0.2067352674292982,-3.101090941214947,-0.0058484461932393605
-0.1033676337146491,-3.101090941214947,-0.006428670534018713
0.,-3.101090941214947,-0.007664086726429174
0.1033676337146491,-3.101090941214947,-0.009205440765117095
0.2067352674292982,-3.101090941214947,-0.010407879005985575
0.31010290114394734,-3.101090941214947,-0.010547427692106046
0.4134705348585964,-3.101090941214947,-0.009088344232246068
0.5168381685732455,-3.101090941214947,-0.005907851130131067
0.6202058022878947,-3.101090941214947,-0.001395297934695157
0.7235734360025438,-3.101090941214947,0.0036168369282554547
0.8269410697171944,-3.101090941214947,0.0080759339289949
0.9303087034318435,-3.101090941214947,0.011018390951869529
1.0336763371464925,-3.101090941214947,0.011865366545316565
1.1370439708611417,-3.101090941214947,0.010607068013103847
1.2404116045757907,-3.101090941214947,0.007812414727524541
1.3437792382904399,-3.101090941214947,0.004457589012525227
1.447146872005089,-3.101090941214947,0.0016263771606145738
1.550514505719738,-3.101090941214947,0.00017720405128021738
1.6538821394343872,-3.101090941214947,0.0004822345765307986
1.7572497731490362,-3.101090941214947,0.0023195336545251614
1.8606174068636854,-3.101090941214947,0.004948628005835022
1.9639850405783346,-3.101090941214947,0.00734031905201837
2.0673526742929837,-3.101090941214947,0.008483401216256318
2.1707203080076343,-3.101090941214947,0.007669910926775802
2.2740879417222835,-3.101090941214947,0.004672844255757946
2.3774555754369326,-3.101090941214947,-0.00022952386037534625
2.4808232091515814,-3.101090941214947,-0.00637542776444792
2.5841908428662306,-3.101090941214947,-0.012933002559059546
2.6875584765808798,-3.101090941214947,-0.01912562319539851
2.790926110295529,-3.101090941214947,-0.02439411396486115
2.894293744010178,-3.101090941214947,-0.02845176369515158
2.997661377724827,-3.101090941214947,-0.031232752927610144
3.101029011439476,-3.101090941214947,-0.03277557984707229
3.2043966451541253,-3.101090941214947,-0.03310494621569862
3.3077642788687744,-3.101090941214947,-0.0321705662432369
3.411131912583425,-3.101090941214947,-0.029872198802144794
3.514499546298074,-3.101090941214947,-0.026158960226639227
3.6178671800127233,-3.101090941214947,-0.021154484554129487
3.7212348137273725,-3.101090941214947,-0.015242897207494143
3.8246024474420213,-3.101090941214947,-0.009061418521132987
3.9279700811566705,-3.101090941214947,-0.0033805986190688407
4.031337714871319,-3.101090941214947,0.0011002068092936927
4.134705348585968,-3.101090941214947,0.003974559895377266
4.238072982300618,-3.101090941214947,0.005283523475318473
4.341440616015267,-3.101090941214947,0.005533705522910879
4.444808249729916,-3.101090941214947,0.0055529555126997395
4.548175883444565,-3.101090941214947,0.0062159587502700385
4.651543517159214,-3.101090941214947,0.008123882724094322
4.754911150873865,-3.101090941214947,0.011348202945762513
4.858278784588514,-3.101090941214947,0.01533722633562558
4.961646418303163,-3.101090941214947,0.019035835271554526
5.065014052017812,-3.101090941214947,0.021198936980967642
5.168381685732461,-3.101090941214947,0.020810114461335977
5.27174931944711,-3.101090941214947,0.017473174931207484
5.3751169531617595,-3.101090941214947,0.011642445080815274
5.478484586876409,-3.101090941214947,0.004600968410749035
5.581852220591058,-3.101090941214947,-0.001827868041918217
5.685219854305707,-3.101090941214947,-0.0057641835891977
5.788587488020356,-3.101090941214947,-0.005813055452021657
5.8919551217350055,-3.101090941214947,-0.0015004651384195411
5.995322755449654,-3.101090941214947,0.00653332644830024
6.098690389164305,-3.101090941214947,0.01664965372408691
6.202058022878954,-3.101090941214947,0.026610169200557646
6.305425656593603,-3.101090941214947,0.034145716236312906
6.408793290308252,-3.101090941214947,0.037530807030832156
-6.408793290308252,-2.997721243174449,0.03379470142813947
-6.305425656593603,-2.997721243174449,0.027428209740758228
-6.202058022878954,-2.997721243174449,0.017094938888120366
-6.098690389164304,-2.997721243174449,0.004579275242178381
-5.995322755449655,-2.997721243174449,-0.008143191266696435
-5.8919551217350055,-2.997721243174449,-0.01934461423630805
-5.788587488020356,-2.997721243174449,-0.02785721587847989
-5.685219854305708,-2.997721243174449,-0.03319296627315536
-5.581852220591058,-2.997721243174449,-0.03546832520969262
-5.478484586876409,-2.997721243174449,-0.03518979496612647
-5.3751169531617595,-2.997721243174449,-0.0329906734745355
-5.27174931944711,-2.997721243174449,-0.029411689110575685
-5.168381685732461,-2.997721243174449,-0.024790303019675716
-5.065014052017812,-2.997721243174449,-0.019277228966539134
-4.961646418303163,-2.997721243174449,-0.012951127385253006
-4.858278784588514,-2.997721243174449,-0.005969613267200647
-4.754911150873865,-2.997721243174449,0.0013133789812408265
-4.651543517159215,-2.997721243174449,0.008316380281927592
-4.548175883444566,-2.997721243174449,0.014302782156165492
-4.444808249729917,-2.997721243174449,0.01853508399487894
-4.341440616015267,-2.997721243174449,0.02045976055189988
-4.238072982300618,-2.997721243174449,0.019861382230253844
-4.134705348585968,-2.997721243174449,0.016936065026706016
-4.031337714871319,-2.997721243174449,0.012261974813519988
-3.9279700811566705,-2.997721243174449,0.006677877168642096
-3.8246024474420213,-2.997721243174449,0.0011078958185619268
-3.7212348137273725,-2.997721243174449,-0.0036169205934989683
-3.6178671800127233,-2.997721243174449,-0.006894673800417298
-3.514499546298074,-2.997721243174449,-0.008419680123799135
-3.411131912583425,-2.997721243174449,-0.00817843180607609
-3.3077642788687753,-2.997721243174449,-0.0063932505982539824
-3.204396645154126,-2.997721243174449,-0.003442715977004623
-3.101029011439477,-2.997721243174449,0.00021446239772759162
-2.9976613777248278,-2.997721243174449,0.004097447934461831
-2.8942937440101786,-2.997721243174449,0.007743362439698443
-2.790926110295529,-2.997721243174449,0.010740197930642379
-2.6875584765808798,-2.997721243174449,0.012764764671559795
-2.5841908428662306,-2.997721243174449,0.013630019191205885
-2.4808232091515814,-2.997721243174449,0.013333164297046503
-2.3774555754369326,-2.997721243174449,0.012084755962758655
-2.2740879417222835,-2.997721243174449,0.01029618641297879
-2.1707203080076334,-2.997721243174449,0.00851150942420944
-2.067352674292984,-2.997721243174449,0.007287822331102045
-1.9639850405783352,-2.997721243174449,0.007049886783783526
-1.8606174068636863,-2.997721243174449,0.007960618255722909
-1.757249773149037,-2.997721243174449,0.009851894537328675
-1.6538821394343879,-2.997721243174449,0.012246589939087307
-1.550514505719738,-2.997721243174449,0.014475717142167483
-1.447146872005089,-2.997721243174449,0.015862522978341002
-1.3437792382904399,-2.997721243174449,0.01591964674830317
-1.2404116045757907,-2.997721243174449,0.014496101391526777
-1.1370439708611417,-2.997721243174449,0.011822849853563945
-1.0336763371464925,-2.997721243174449,0.00843670335577682
-0.9303087034318435,-2.997721243174449,0.005002674177653366
-0.8269410697171936,-2.997721243174449,0.0020911511730146277
-0.7235734360025445,-2.997721243174449,-0.00001477963074537804
-0.6202058022878953,-2.997721243174449,-0.001412729155893995
-0.5168381685732463,-2.997721243174449,-0.002536754551557811
-0.4134705348585972,-2.997721243174449,-0.003983240111269073
-0.31010290114394806,-2.997721243174449,-0.006260995519312519
-0.2067352674292982,-2.997721243174449,-0.009550027593861686
-0.1033676337146491,-2.997721243174449,-0.013556415915676447
0.,-2.997721243174449,-0.017523714407319327
0.1033676337146491,-2.997721243174449,-0.020411909836515283
0.2067352674292982,-2.997721243174449,-0.021198819702518572
0.31010290114394734,-2.997721243174449,-0.019214542720279712
0.4134705348585964,-2.997721243174449,-0.01440260072313216
0.5168381685732455,-2.997721243174449,-0.007418582865566458
0.6202058022878947,-2.997721243174449,0.0004758843826934758
0.7235734360025438,-2.997721243174449,0.007703511927608003
0.8269410697171944,-2.997721243174449,0.01276759195692858
0.9303087034318435,-2.997721243174449,0.014640724584533086
1.0336763371464925,-2.997721243174449,0.013032587354410596
1.1370439708611417,-2.997721243174449,0.00845854420640013
1.2404116045757907,-2.997721243174449,0.0020904129742422162
1.3437792382904399,-2.997721243174449,-0.004564357930758673
1.447146872005089,-2.997721243174449,-0.010059065873074735
1.550514505719738,-2.997721243174449,-0.013364479935094714
1.6538821394343872,-2.997721243174449,-0.014087530595307788
1.7572497731490362,-2.997721243174449,-0.01249999231301061
1.8606174068636854,-2.997721243174449,-0.009385372676711658
1.9639850405783346,-2.997721243174449,-0.005766339514859084
2.0673526742929837,-2.997721243174449,-0.0026059147608495444
2.1707203080076343,-2.997721243174449,-0.0005745302535910763
2.2740879417222835,-2.997721243174449,0.00005587692533226366
2.3774555754369326,-2.997721243174449,-0.000621935725614084
2.4808232091515814,-2.997721243174449,-0.002288210408457798
2.5841908428662306,-2.997721243174449,-0.004570325924591972
2.6875584765808798,-2.997721243174449,-0.007181250727300349
2.790926110295529,-2.997721243174449,-0.009972572585923127
2.894293744010178,-2.997721243174449,-0.012892128062291602
2.997661377724827,-2.997721243174449,-0.01587765828515798
3.101029011439476,-2.997721243174449,-0.018745024290717522
3.2043966451541253,-2.997721243174449,-0.021132039753684245
3.3077642788687744,-2.997721243174449,-0.022536043172022485
3.411131912583425,-2.997721243174449,-0.022443774862584285
3.514499546298074,-2.997721243174449,-0.02051125073369937
3.6178671800127233,-2.997721243174449,-0.016725251659491115
3.7212348137273725,-2.997721243174449,-0.011477684974912621
3.8246024474420213,-2.997721243174449,-0.005510924348003807
3.9279700811566705,-2.997721243174449,0.0002624448413762131
4.031337714871319,-2.997721243174449,0.00501433715343477
4.134705348585968,-2.997721243174449,0.008246857081012565
4.238072982300618,-2.997721243174449,0.009941505273404967
4.341440616015267,-2.997721243174449,0.010552101549485786
4.444808249729916,-2.997721243174449,0.010832915111639795
4.548175883444565,-2.997721243174449,0.01155146742523099
4.651543517159214,-2.997721243174449,0.013179912983982247
4.754911150873865,-2.997721243174449,0.015673316181851683
4.858278784588514,-2.997721243174449,0.018420715288200173
4.961646418303163,-2.997721243174449,0.020401242665792914
5.065014052017812,-2.997721243174449,0.020509415338667628
5.168381685732461,-2.997721243174449,0.01795341433571461
5.27174931944711,-2.997721243174449,0.012598447308678463
5.3751169531617595,-2.997721243174449,0.005136111361599339
5.478484586876409,-2.997721243174449,-0.0029910191483901063
5.581852220591058,-2.997721243174449,-0.009906686585534044
5.685219854305707,-2.997721243174449,-0.013781062265395069
5.788587488020356,-2.997721243174449,-0.013340226498574678
5.8919551217350055,-2.997721243174449,-0.008256781385237512
5.995322755449654,-2.997721243174449,0.0006963352479650704
6.098690389164305,-2.997721243174449,0.011780113318149057
6.202058022878954,-2.997721243174449,0.02268032821359577
6.305425656593603,-2.997721243174449,0.031049937779434253
6.408793290308252,-2.997721243174449,0.03505588557849393
-6.408793290308252,-2.8943515451339508,0.02961610500255767
-6.305425656593603,-2.8943515451339508,0.02336345249577602
-6.202058022878954,-2.8943515451339508,0.013104368751611351
-6.098690389164304,-2.8943515451339508,0.0004926638494693233
-5.995322755449655,-2.8943515451339508,-0.012566453999643467
-5.8919551217350055,-2.8943515451339508,-0.024296181313100396
-5.788587488020356,-2.8943515451339508,-0.03334636011749433
-5.685219854305708,-2.8943515451339508,-0.03895548135148583
-5.581852220591058,-2.8943515451339508,-0.040963938591734535
-5.478484586876409,-2.8943515451339508,-0.039704882208932465
-5.3751169531617595,-2.8943515451339508,-0.035824295207419254
-5.27174931944711,-2.8943515451339508,-0.030088806261646235
-5.168381685732461,-2.8943515451339508,-0.023229651139320066
-5.065014052017812,-2.8943515451339508,-0.01585023974854289
-4.961646418303163,-2.8943515451339508,-0.008401180979217061
-4.858278784588514,-2.8943515451339508,-0.0012076552956592048
-4.754911150873865,-2.8943515451339508,0.00547604900928605
-4.651543517159215,-2.8943515451339508,0.011410719317328321
-4.548175883444566,-2.8943515451339508,0.016334855993647975
-4.444808249729917,-2.8943515451339508,0.019956358951078414
-4.341440616015267,-2.8943515451339508,0.021975123721170685
-4.238072982300618,-2.8943515451339508,0.022131832456724298
-4.134705348585968,-2.8943515451339508,0.02027379035980253
-4.031337714871319,-2.8943515451339508,0.01642535469507694
-3.9279700811566705,-2.8943515451339508,0.010847545406786974
-3.8246024474420213,-2.8943515451339508,0.0040691986391694825
-3.7212348137273725,-2.8943515451339508,-0.0031277627418816773
-3.6178671800127233,-2.8943515451339508,-0.009781468335474774
-3.514499546298074,-2.8943515451339508,-0.014883216669767371
-3.411131912583425,-2.8943515451339508,-0.017555976856017938
-3.3077642788687753,-2.8943515451339508,-0.017246001556338663
-3.204396645154126,-2.8943515451339508,-0.013881920231357502
-3.101029011439477,-2.8943515451339508,-0.007952815887787474
-2.9976613777248278,-2.8943515451339508,-0.0004684350528478786
-2.8942937440101786,-2.8943515451339508,0.007209430831380197
-2.790926110295529,-2.8943515451339508,0.013640662301056664
-2.6875584765808798,-2.8943515451339508,0.017628045751856773
-2.5841908428662306,-2.8943515451339508,0.018506564294660653
-2.4808232091515814,-2.8943515451339508,0.01632029254587679
-2.3774555754369326,-2.8943515451339508,0.011829587735760932
-2.2740879417222835,-2.8943515451339508,0.006334258825546715
-2.1707203080076334,-2.8943515451339508,0.0013499204061032735
-2.067352674292984,-2.8943515451339508,-0.0017804944849424322
-1.9639850405783352,-2.8943515451339508,-0.002234649929199467
-1.8606174068636863,-2.8943515451339508,0.00008042509056094068
-1.757249773149037,-2.8943515451339508,0.004520278547297994
-1.6538821394343879,-2.8943515451339508,0.00989984166645862
-1.550514505719738,-2.8943515451339508,0.014838374322579355
-1.447146872005089,-2.8943515451339508,0.01815042589611873
-1.3437792382904399,-2.8943515451339508,0.019165680978214663
-1.2404116045757907,-2.8943515451339508,0.01788173639932819
-1.1370439708611417,-2.8943515451339508,0.014905586351142343
-1.0336763371464925,-2.8943515451339508,0.011206185457084844
-0.9303087034318435,-2.8943515451339508,0.007760909198882734
-0.8269410697171936,-2.8943515451339508,0.0052133961489334735
-0.7235734360025445,-2.8943515451339508,0.00365733005392359
-0.6202058022878953,-2.8943515451339508,0.0026203275344851675
-0.5168381685732463,-2.8943515451339508,0.0012565881203553352
-0.4134705348585972,-2.8943515451339508,-0.001312815955059538
-0.31010290114394806,-2.8943515451339508,-0.005624457290113174
-0.2067352674292982,-2.8943515451339508,-0.011589985667182012
-0.1033676337146491,-2.8943515451339508,-0.01840862922220781
0.,-2.8943515451339508,-0.024716824762326037
0.1033676337146491,-2.8943515451339508,-0.02894150567669022
0.2067352674292982,-2.8943515451339508,-0.029756633538193154
0.31010290114394734,-2.8943515451339508,-0.026505838700361856
0.4134705348585964,-2.8943515451339508,-0.01945974485861453
0.5168381685732455,-2.8943515451339508,-0.00982345522846745
0.6202058022878947,-2.8943515451339508,0.0005165913939900708
0.7235734360025438,-2.8943515451339508,0.009439545263549133
0.8269410697171944,-2.8943515451339508,0.015106574667620925
0.9303087034318435,-2.8943515451339508,0.016402928057245192
1.0336763371464925,-2.8943515451339508,0.01318554037426262
1.1370439708611417,-2.8943515451339508,0.006275110605610229
1.2404116045757907,-2.8943515451339508,-0.0027931797833715298
1.3437792382904399,-2.8943515451339508,-0.012178250678124405
1.447146872005089,-2.8943515451339508,-0.020178932410076244
1.550514505719738,-2.8943515451339508,-0.025593736904546065
1.6538821394343872,-2.8943515451339508,-0.027907195445911855
1.7572497731490362,-2.8943515451339508,-0.027274813433897923
1.8606174068636854,-2.8943515451339508,-0.024341395725325007
1.9639850405783346,-2.8943515451339508,-0.019973233430767467
2.0673526742929837,-2.8943515451339508,-0.014999948676230224
2.1707203080076343,-2.8943515451339508,-0.010044115942145283
2.2740879417222835,-2.8943515451339508,-0.0054748059846663095
2.3774555754369326,-2.8943515451339508,-0.001471363477767854
2.4808232091515814,-2.8943515451339508,0.0018558052943913879
2.5841908428662306,-2.8943515451339508,0.00435639372580096
2.6875584765808798,-2.8943515451339508,0.005799916801418183
2.790926110295529,-2.8943515451339508,0.005926287244580485
2.894293744010178,-2.8943515451339508,0.004567232251024351
2.997661377724827,-2.8943515451339508,0.0017848265213006775
3.101029011439476,-2.8943515451339508,-0.002038601094094236
3.2043966451541253,-2.8943515451339508,-0.006210402077133664
3.3077642788687744,-2.8943515451339508,-0.009852645618996545
3.411131912583425,-2.8943515451339508,-0.012113362408940632
3.514499546298074,-2.8943515451339508,-0.012399251984731489
3.6178671800127233,-2.8943515451339508,-0.010551383774654333
3.7212348137273725,-2.8943515451339508,-0.006899839960128954
3.8246024474420213,-2.8943515451339508,-0.0021717287030288057
3.9279700811566705,-2.8943515451339508,0.002723387837086449
4.031337714871319,-2.8943515451339508,0.006963189760690762
4.134705348585968,-2.8943515451339508,0.010048411711540925
4.238072982300618,-2.8943515451339508,0.011924500393283573
4.341440616015267,-2.8943515451339508,0.01294589085797578
4.444808249729916,-2.8943515451339508,0.013693093295690935
4.548175883444565,-2.8943515451339508,0.014704595704923057
4.651543517159214,-2.8943515451339508,0.016217845525470044
4.754911150873865,-2.8943515451339508,0.01801452072163784
4.858278784588514,-2.8943515451339508,0.01943353416744511
4.961646418303163,-2.8943515451339508,0.019560379099736586
5.065014052017812,-2.8943515451339508,0.01754118152132702
5.168381685732461,-2.8943515451339508,0.012924095040210234
5.27174931944711,-2.8943515451339508,0.005915041561836756
5.3751169531617595,-2.8943515451339508,-0.00254468329934732
5.478484586876409,-2.8943515451339508,-0.010920342853226994
5.581852220591058,-2.8943515451339508,-0.017420501147028356
5.685219854305707,-2.8943515451339508,-0.020443152381108155
5.788587488020356,-2.8943515451339508,-0.019009494973844545
5.8919551217350055,-2.8943515451339508,-0.0130630304776584
5.995322755449654,-2.8943515451339508,-0.003547127775978375
6.098690389164305,-2.8943515451339508,0.007765047638155101
6.202058022878954,-2.8943515451339508,0.018646517624488382
6.305425656593603,-2.8943515451339508,0.026901720277039444
6.408793290308252,-2.8943515451339508,0.030837731940957954
-6.408793290308252,-2.7909818470934527,0.02393119010746443
-6.305425656593603,-2.7909818470934527,0.01815555766210448
-6.202058022878954,-2.7909818470934527,0.008962503606446431
-6.098690389164304,-2.7909818470934527,-0.0022013426187300956
-5.995322755449655,-2.7909818470934527,-0.013688023095365223
-5.8919551217350055,-2.7909818470934527,-0.023949804942754914
-5.788587488020356,-2.7909818470934527,-0.03178097550315779
-5.685219854305708,-2.7909818470934527,-0.036461629018339145
-5.581852220591058,-2.7909818470934527,-0.03779236373552023
-5.478484586876409,-2.7909818470934527,-0.03603299019575672
-5.3751169531617595,-2.7909818470934527,-0.03177457854415785
-5.27174931944711,-2.7909818470934527,-0.02578084562913474
-5.168381685732461,-2.7909818470934527,-0.018833293027144465
-5.065014052017812,-2.7909818470934527,-0.01160748523332282
-4.961646418303163,-2.7909818470934527,-0.004598258527873813
-4.858278784588514,-2.7909818470934527,0.0018986496000119766
-4.754911150873865,-2.7909818470934527,0.007751316649038496
-4.651543517159215,-2.7909818470934527,0.01291544016663878
-4.548175883444566,-2.7909818470934527,0.017339034296015726
-4.444808249729917,-2.7909818470934527,0.020876307315064888
-4.341440616015267,-2.7909818470934527,0.023240398526886558
-4.238072982300618,-2.7909818470934527,0.02401852480753177
-4.134705348585968,-2.7909818470934527,0.0227585729387453
-4.031337714871319,-2.7909818470934527,0.01911518872838182
-3.9279700811566705,-2.7909818470934527,0.013020984774183808
-3.8246024474420213,-2.7909818470934527,0.0048317695682994636
-3.7212348137273725,-2.7909818470934527,-0.004609210291344558
-3.6178671800127233,-2.7909818470934527,-0.014029805344570854
-3.514499546298074,-2.7909818470934527,-0.02192243402423071
-3.411131912583425,-2.7909818470934527,-0.02684515129788413
-3.3077642788687753,-2.7909818470934527,-0.027764789928467024
-3.204396645154126,-2.7909818470934527,-0.024352446632360428
-3.101029011439477,-2.7909818470934527,-0.0171414044995902
-2.9976613777248278,-2.7909818470934527,-0.007484999294774244
-2.8942937440101786,-2.7909818470934527,0.0026980194969719283
-2.790926110295529,-2.7909818470934527,0.01134333307208679
-2.6875584765808798,-2.7909818470934527,0.016726853920156347
-2.5841908428662306,-2.7909818470934527,0.017889906562737676
-2.4808232091515814,-2.7909818470934527,0.014885101093665695
-2.3774555754369326,-2.7909818470934527,0.008767704672519644
-2.2740879417222835,-2.7909818470934527,0.0013256598063470383
-2.1707203080076334,-2.7909818470934527,-0.005384654664846721
-2.067352674292984,-2.7909818470934527,-0.009572421308102668
-1.9639850405783352,-2.7909818470934527,-0.010168949947305841
-1.8606174068636863,-2.7909818470934527,-0.0070798485336324955
-1.757249773149037,-2.7909818470934527,-0.0011641749751623981
-1.6538821394343879,-2.7909818470934527,0.0060484309691907516
-1.550514505719738,-2.7909818470934527,0.012814669974000043
-1.447146872005089,-2.7909818470934527,0.017669969193698305
-1.3437792382904399,-2.7909818470934527,0.019809369927285624
-1.2404116045757907,-2.7909818470934527,0.019246742240869325
-1.1370439708611417,-2.7909818470934527,0.016712822984537638
-1.0336763371464925,-2.7909818470934527,0.013335029814477251
-0.9303087034318435,-2.7909818470934527,0.010210227689553876
-0.8269410697171936,-2.7909818470934527,0.008013955516488867
-0.7235734360025445,-2.7909818470934527,0.006775739612504114
-0.6202058022878953,-2.7909818470934527,0.00589445403137589
-0.5168381685732463,-2.7909818470934527,0.004388085885590379
-0.4134705348585972,-2.7909818470934527,0.0012943320111842437
-0.31010290114394806,-2.7909818470934527,-0.003912657340053133
-0.2067352674292982,-2.7909818470934527,-0.011031765588547923
-0.1033676337146491,-2.7909818470934527,-0.01907460186189109
0.,-2.7909818470934527,-0.026466982083990127
0.1033676337146491,-2.7909818470934527,-0.03146040920663442
0.2067352674292982,-2.7909818470934527,-0.03263389646378219
0.31010290114394734,-2.7909818470934527,-0.029335604504224667
0.4134705348585964,-2.7909818470934527,-0.02192953092743701
0.5168381685732455,-2.7909818470934527,-0.011769740574917878
0.6202058022878947,-2.7909818470934527,-0.0009052100892534157
0.7235734360025438,-2.7909818470934527,0.00840289686847003
0.8269410697171944,-2.7909818470934527,0.014216905310024923
0.9303087034318435,-2.7909818470934527,0.015365193358260507
1.0336763371464925,-2.7909818470934527,0.011677589769765366
1.1370439708611417,-2.7909818470934527,0.0039635221131790405
1.2404116045757907,-2.7909818470934527,-0.006242171506605627
1.3437792382904399,-2.7909818470934527,-0.01707822348625696
1.447146872005089,-2.7909818470934527,-0.026781180033101863
1.550514505719738,-2.7909818470934527,-0.034021610433136
1.6538821394343872,-2.7909818470934527,-0.03807843905897973
1.7572497731490362,-2.7909818470934527,-0.03883496842609141
1.8606174068636854,-2.7909818470934527,-0.03663559742945722
1.9639850405783346,-2.7909818470934527,-0.032077948604496274
2.0673526742929837,-2.7909818470934527,-0.02582131575782809
2.1707203080076343,-2.7909818470934527,-0.018470007133913727
2.2740879417222835,-2.7909818470934527,-0.010550027073303119
2.3774555754369326,-2.7909818470934527,-0.002555797558820217
2.4808232091515814,-2.7909818470934527,0.004984091470233092
2.5841908428662306,-2.7909818470934527,0.011477246390717795
2.6875584765808798,-2.7909818470934527,0.01630934136148101
2.790926110295529,-2.7909818470934527,0.018957951937510154
2.894293744010178,-2.7909818470934527,0.019142904116987637
2.997661377724827,-2.7909818470934527,0.016955198835634257
3.101029011439476,-2.7909818470934527,0.01290668626583929
3.2043966451541253,-2.7909818470934527,0.007866046536875337
3.3077642788687744,-2.7909818470934527,0.002885173804381022
3.411131912583425,-2.7909818470934527,-0.001040168862047631
3.514499546298074,-2.7909818470934527,-0.003205247111855746
3.6178671800127233,-2.7909818470934527,-0.003353897706843464
3.7212348137273725,-2.7909818470934527,-0.0017084799026689
3.8246024474420213,-2.7909818470934527,0.0011371643587936063
3.9279700811566705,-2.7909818470934527,0.004425996967329171
4.031337714871319,-2.7909818470934527,0.007477774873995158
4.134705348585968,-2.7909818470934527,0.00988072180405978
4.238072982300618,-2.7909818470934527,0.011571726795136997
4.341440616015267,-2.7909818470934527,0.01278073767369418
4.444808249729916,-2.7909818470934527,0.013862710361239995
4.548175883444565,-2.7909818470934527,0.015080710145299037
4.651543517159214,-2.7909818470934527,0.016422540563111487
4.754911150873865,-2.7909818470934527,0.01752374435064665
4.858278784588514,-2.7909818470934527,0.017734667439514448
4.961646418303163,-2.7909818470934527,0.016319903888195236
5.065014052017812,-2.7909818470934527,0.012731191419021407
5.168381685732461,-2.7909818470934527,0.00686555661703587
5.27174931944711,-2.7909818470934527,-0.0007806861650413569
5.3751169531617595,-2.7909818470934527,-0.009123590767982168
5.478484586876409,-2.7909818470934527,-0.01668183470159824
5.581852220591058,-2.7909818470934527,-0.021904336236363783
5.685219854305707,-2.7909818470934527,-0.023551018775768456
5.788587488020356,-2.7909818470934527,-0.021023958682153725
5.8919551217350055,-2.7909818470934527,-0.014557548873068038
5.995322755449654,-2.7909818470934527,-0.005213932394056333
6.098690389164305,-2.7909818470934527,0.005317716663924708
6.202058022878954,-2.7909818470934527,0.015067963070631586
6.305425656593603,-2.7909818470934527,0.022193684545510992
6.408793290308252,-2.7909818470934527,0.02534675166826787
-6.408793290308252,-2.6876121490529545,0.01722335950219342
-6.305425656593603,-2.6876121490529545,0.0122854088163982
-6.202058022878954,-2.6876121490529545,0.004992430942842585
-6.098690389164304,-2.6876121490529545,-0.0034608557555112166
-5.995322755449655,-2.6876121490529545,-0.011800640589072351
-5.8919551217350055,-2.6876121490529545,-0.018902697628952615
-5.788587488020356,-2.6876121490529545,-0.023962033261536217
-5.685219854305708,-2.6876121490529545,-0.026577822324611033
-5.581852220591058,-2.6876121490529545,-0.026749626722054904
-5.478484586876409,-2.6876121490529545,-0.024799734527638367
-5.3751169531617595,-2.6876121490529545,-0.021248945163157663
-5.27174931944711,-2.6876121490529545,-0.016678081531262275
-5.168381685732461,-2.6876121490529545,-0.011605692316053776
-5.065014052017812,-2.6876121490529545,-0.006405606732761015
-4.961646418303163,-2.6876121490529545,-0.0012781377225848315
-4.858278784588514,-2.6876121490529545,0.0037226588920119424
-4.754911150873865,-2.6876121490529545,0.008614971900793524
-4.651543517159215,-2.6876121490529545,0.013388542854328098
-4.548175883444566,-2.6876121490529545,0.017905476808829892
-4.444808249729917,-2.6876121490529545,0.02183396725302779
-4.341440616015267,-2.6876121490529545,0.02464253980358217
-4.238072982300618,-2.6876121490529545,0.025670477540036537
-4.134705348585968,-2.6876121490529545,0.02427102994100551
-4.031337714871319,-2.6876121490529545,0.020001513736473776
-3.9279700811566705,-2.6876121490529545,0.012814460366058805
-3.8246024474420213,-2.6876121490529545,0.003193361421131696
-3.7212348137273725,-2.6876121490529545,-0.00781923870501498
-3.6178671800127233,-2.6876121490529545,-0.018732710167562894
-3.514499546298074,-2.6876121490529545,-0.02785548239666997
-3.411131912583425,-2.6876121490529545,-0.03363591717145893
-3.3077642788687753,-2.6876121490529545,-0.035020924396906024
-3.204396645154126,-2.6876121490529545,-0.03174004369054102
-3.101029011439477,-2.6876121490529545,-0.02443109932723762
-2.9976613777248278,-2.6876121490529545,-0.014557299007560563
-2.8942937440101786,-2.6876121490529545,-0.004117679914682592
-2.790926110295529,-2.6876121490529545,0.0047904484464035575
-2.6875584765808798,-2.6876121490529545,0.010453344464517277
-2.5841908428662306,-2.6876121490529545,0.01194416825266899
-2.4808232091515814,-2.6876121490529545,0.009339544168750212
-2.3774555754369326,-2.6876121490529545,0.0036871657963897875
-2.2740879417222835,-2.6876121490529545,-0.003271826363720158
-2.1707203080076334,-2.6876121490529545,-0.009554580395023972
-2.067352674292984,-2.6876121490529545,-0.013442131777273285
-1.9639850405783352,-2.6876121490529545,-0.013902769330553004
-1.8606174068636863,-2.6876121490529545,-0.010820046703817275
-1.757249773149037,-2.6876121490529545,-0.004968082718046943
-1.6538821394343879,-2.6876121490529545,0.0022507421221227425
-1.550514505719738,-2.6876121490529545,0.00922286897151498
-1.447146872005089,-2.6876121490529545,0.01456991861912166
-1.3437792382904399,-2.6876121490529545,0.017494002896347963
-1.2404116045757907,-2.6876121490529545,0.017926011724954574
-1.1370439708611417,-2.6876121490529545,0.016443645505299975
-1.0336763371464925,-2.6876121490529545,0.013997582991882262
-0.9303087034318435,-2.6876121490529545,0.011542432124937425
-0.8269410697171936,-2.6876121490529545,0.009696029974150942
-0.7235734360025445,-2.6876121490529545,0.008538171079486996
-0.6202058022878953,-2.6876121490529545,0.00761231488736167
-0.5168381685732463,-2.6876121490529545,0.006126628326261606
-0.4134705348585972,-2.6876121490529545,0.0032853344831689658
-0.31010290114394806,-2.6876121490529545,-0.001361494157921222
-0.2067352674292982,-2.6876121490529545,-0.007668393421538534
-0.1033676337146491,-2.6876121490529545,-0.014832797420026118
0.,-2.6876121490529545,-0.02154973449779466
0.1033676337146491,-2.6876121490529545,-0.026343347882710363
0.2067352674292982,-2.6876121490529545,-0.02797976264050269
0.31010290114394734,-2.6876121490529545,-0.025839457041965923
0.4134705348585964,-2.6876121490529545,-0.020138250176321912
0.5168381685732455,-2.6876121490529545,-0.011930329820628392
0.6202058022878947,-2.6876121490529545,-0.002890232174872084
0.7235734360025438,-2.6876121490529545,0.005066345551478155
0.8269410697171944,-2.6876121490529545,0.010219452159582943
0.9303087034318435,-2.6876121490529545,0.011424115185165139
1.0336763371464925,-2.6876121490529545,0.008338193287173603
1.1370439708611417,-2.6876121490529545,0.0014521130744997736
1.2404116045757907,-2.6876121490529545,-0.008069572663950388
1.3437792382904399,-2.6876121490529545,-0.018676021375550293
1.447146872005089,-2.6876121490529545,-0.028761366828761313
1.550514505719738,-2.6876121490529545,-0.0369539585009932
1.6538821394343872,-2.6876121490529545,-0.04230316499311899
1.7572497731490362,-2.6876121490529545,-0.04434230820029811
1.8606174068636854,-2.6876121490529545,-0.043045187683704814
1.9639850405783346,-2.6876121490529545,-0.03871996124743023
2.0673526742929837,-2.6876121490529545,-0.031890941821595006
2.1707203080076343,-2.6876121490529545,-0.023206691646899563
2.2740879417222835,-2.6876121490529545,-0.013388832187242435
2.3774555754369326,-2.6876121490529545,-0.003210993114658065
2.4808232091515814,-2.6876121490529545,0.006518554947442554
2.5841908428662306,-2.6876121490529545,0.014997966779141338
2.6875584765808798,-2.6876121490529545,0.021510382665396607
2.790926110295529,-2.6876121490529545,0.0255319429956058
2.894293744010178,-2.6876121490529545,0.0268406561695273
2.997661377724827,-2.6876121490529545,0.025587259367703365
3.101029011439476,-2.6876121490529545,0.02229431021177038
3.2043966451541253,-2.6876121490529545,0.01776931587633015
3.3077642788687744,-2.6876121490529545,0.012945174615963527
3.411131912583425,-2.6876121490529545,0.008686698023639205
3.514499546298074,-2.6876121490529545,0.005615942188450296
3.6178671800127233,-2.6876121490529545,0.0040058061291278245
3.7212348137273725,-2.6876121490529545,0.003771205332257766
3.8246024474420213,-2.6876121490529545,0.0045565132424842504
3.9279700811566705,-2.6876121490529545,0.005887205563411723
4.031337714871319,-2.6876121490529545,0.007333375685538387
4.134705348585968,-2.6876121490529545,0.008630205591771757
4.238072982300618,-2.6876121490529545,0.009716730658149222
4.341440616015267,-2.6876121490529545,0.010683943417975928
4.444808249729916,-2.6876121490529545,0.011656290189784155
4.548175883444565,-2.6876121490529545,0.012655464766262638
4.651543517159214,-2.6876121490529545,0.01350326908443275
4.754911150873865,-2.6876121490529545,0.013808075379167775
4.858278784588514,-2.6876121490529545,0.013050823645825809
4.961646418303163,-2.6876121490529545,0.010750924088589896
5.065014052017812,-2.6876121490529545,0.006661857861695118
5.168381685732461,-2.6876121490529545,0.0009311905547534123
5.27174931944711,-2.6876121490529545,-0.0058343196482876876
5.3751169531617595,-2.6876121490529545,-0.01263210626693068
5.478484586876409,-2.6876121490529545,-0.018251488906088947
5.581852220591058,-2.6876121490529545,-0.021543355352852678
5.685219854305707,-2.6876121490529545,-0.021702852013296785
5.788587488020356,-2.6876121490529545,-0.018489202105253347
5.8919551217350055,-2.6876121490529545,-0.01232176760193565
5.995322755449654,-2.6876121490529545,-0.0042238341198650164
6.098690389164305,-2.6876121490529545,0.004374300688370175
6.202058022878954,-2.6876121490529545,0.011925129935344664
6.305425656593603,-2.6876121490529545,0.017076489675962085
6.408793290308252,-2.6876121490529545,0.018933770929158638
-6.408793290308252,-2.5842424510124564,0.010090550047016157
-6.305425656593603,-2.5842424510124564,0.006328079522571006
-6.202058022878954,-2.5842424510124564,0.0014589861669134913
-6.098690389164304,-2.5842424510124564,-0.0035947638793437093
-5.995322755449655,-2.5842424510124564,-0.007961583080248174
-5.8919551217350055,-2.5842424510124564,-0.011000514690073678
-5.788587488020356,-2.5842424510124564,-0.012413325789094291
-5.685219854305708,-2.5842424510124564,-0.012263913729928315
-5.581852220591058,-2.5842424510124564,-0.010905413008380932
-5.478484586876409,-2.5842424510124564,-0.00883962076619211
-5.3751169531617595,-2.5842424510124564,-0.006550510016354804
-5.27174931944711,-2.5842424510124564,-0.00435928492637255
-5.168381685732461,-2.5842424510124564,-0.0023413784375616946
-5.065014052017812,-2.5842424510124564,-0.0003280778374711953
-4.961646418303163,-2.5842424510124564,0.002008119437402046
-4.858278784588514,-2.5842424510124564,0.005008571691796084
-4.754911150873865,-2.5842424510124564,0.008865060012061193
-4.651543517159215,-2.5842424510124564,0.01348522673960887
-4.548175883444566,-2.5842424510124564,0.018428299169013184
-4.444808249729917,-2.5842424510124564,0.02293572075700616
-4.341440616015267,-2.5842424510124564,0.026057721252182534
-4.238072982300618,-2.5842424510124564,0.026852135438877142
-4.134705348585968,-2.5842424510124564,0.0246118984891032
-4.031337714871319,-2.5842424510124564,0.019067510034862192
-3.9279700811566705,-2.5842424510124564,0.010513095602475287
-3.8246024474420213,-2.5842424510124564,-0.00018058629632785653
-3.7212348137273725,-2.5842424510124564,-0.011678679971523871
-3.6178671800127233,-2.5842424510124564,-0.022404405367416266
-3.514499546298074,-2.5842424510124564,-0.030828735185492135
-3.411131912583425,-2.5842424510124564,-0.03576758030470169
-3.3077642788687753,-2.5842424510124564,-0.03662156231133476
-3.204396645154126,-2.5842424510124564,-0.033503276526340976
-3.101029011439477,-2.5842424510124564,-0.027219982542073386
-2.9976613777248278,-2.5842424510124564,-0.01911115694679608
-2.8942937440101786,-2.5842424510124564,-0.010773276237285105
-2.790926110295529,-2.5842424510124564,-0.003730802488626755
-2.6875584765808798,-2.5842424510124564,0.0008740274056393231
-2.5841908428662306,-2.5842424510124564,0.002503167025892919
-2.4808232091515814,-2.5842424510124564,0.001306827055506893
-2.3774555754369326,-2.5842424510124564,-0.0019479102752256161
-2.2740879417222835,-2.5842424510124564,-0.006084674181668983
-2.1707203080076334,-2.5842424510124564,-0.009809899020177282
-2.067352674292984,-2.5842424510124564,-0.012017947415636826
-1.9639850405783352,-2.5842424510124564,-0.012035846393049643
-1.8606174068636863,-2.5842424510124564,-0.009750820360776409
-1.757249773149037,-2.5842424510124564,-0.005594735239062408
-1.6538821394343879,-2.5842424510124564,-0.000396736463622113
-1.550514505719738,-2.5842424510124564,0.004851098899593002
-1.447146872005089,-2.5842424510124564,0.00924933749038446
-1.3437792382904399,-2.5842424510124564,0.012199459870641832
-1.2404116045757907,-2.5842424510124564,0.013512239887189723
-1.1370439708611417,-2.5842424510124564,0.013393650141909309
-1.0336763371464925,-2.5842424510124564,0.012321158826560591
-0.9303087034318435,-2.5842424510124564,0.010854054151634632
-0.8269410697171936,-2.5842424510124564,0.009438791991089586
-0.7235734360025445,-2.5842424510124564,0.008269491974356183
-0.6202058022878953,-2.5842424510124564,0.0072451088308056405
-0.5168381685732463,-2.5842424510124564,0.006034153492858765
-0.4134705348585972,-2.5842424510124564,0.004224309248874118
-0.31010290114394806,-2.5842424510124564,0.0015078555668283323
-0.2067352674292982,-2.5842424510124564,-0.0021576963413285108
-0.1033676337146491,-2.5842424510124564,-0.0064675572237067975
0.,-2.5842424510124564,-0.010796950186513358
0.1033676337146491,-2.5842424510124564,-0.01433600421822959
0.2067352674292982,-2.5842424510124564,-0.01629817462713145
0.31010290114394734,-2.5842424510124564,-0.01614536837592583
0.4134705348585964,-2.5842424510124564,-0.013766379951433696
0.5168381685732455,-2.5842424510124564,-0.009556658498328322
0.6202058022878947,-2.5842424510124564,-0.0043734388543767225
0.7235734360025438,-2.5842424510124564,0.0006266191248502097
0.8269410697171944,-2.5842424510124564,0.004229256689970163
0.9303087034318435,-2.5842424510124564,0.0054256525310515885
1.0336763371464925,-2.5842424510124564,0.003633977879409344
1.1370439708611417,-2.5842424510124564,-0.0011713297956921112
1.2404116045757907,-2.5842424510124564,-0.00844914709663942
1.3437792382904399,-2.5842424510124564,-0.017197235024010698
1.447146872005089,-2.5842424510124564,-0.026144336052364606
1.550514505719738,-2.5842424510124564,-0.0339822023902397
1.6538821394343872,-2.5842424510124564,-0.03958675761841951
1.7572497731490362,-2.5842424510124564,-0.04218593590183085
1.8606174068636854,-2.5842424510124564,-0.04144890178165894
1.9639850405783346,-2.5842424510124564,-0.03749170281014173
2.0673526742929837,-2.5842424510124564,-0.030812274204307266
2.1707203080076343,-2.5842424510124564,-0.022179031116020046
2.2740879417222835,-2.5842424510124564,-0.012500541418075477
2.3774555754369326,-2.5842424510124564,-0.0027000531676014184
2.4808232091515814,-2.5842424510124564,0.006389164379898713
2.5841908428662306,-2.5842424510124564,0.014100205916649896
2.6875584765808798,-2.5842424510124564,0.019979663243489595
2.790926110295529,-2.5842424510124564,0.023807809010143868
2.894293744010178,-2.5842424510124564,0.025594664744259938
2.997661377724827,-2.5842424510124564,0.025554132412718065
3.101029011439476,-2.5842424510124564,0.024058300494354957
3.2043966451541253,-2.5842424510124564,0.02157563958410209
3.3077642788687744,-2.5842424510124564,0.0185999576916162
3.411131912583425,-2.5842424510124564,0.015580411479717846
3.514499546298074,-2.5842424510124564,0.012864711116503334
3.6178671800127233,-2.5842424510124564,0.010666352573649254
3.7212348137273725,-2.5842424510124564,0.00906179074924393
3.8246024474420213,-2.5842424510124564,0.008015929105697686
3.9279700811566705,-2.5842424510124564,0.007426405403270209
4.031337714871319,-2.5842424510124564,0.0071716618053280605
4.134705348585968,-2.5842424510124564,0.00714693472505232
4.238072982300618,-2.5842424510124564,0.007276862235641636
4.341440616015267,-2.5842424510124564,0.007502250919300608
4.444808249729916,-2.5842424510124564,0.007748851743191778
4.548175883444565,-2.5842424510124564,0.0078941366706396
4.651543517159214,-2.5842424510124564,0.007750848369893571
4.754911150873865,-2.5842424510124564,0.007081942626522893
4.858278784588514,-2.5842424510124564,0.005651214179410897
4.961646418303163,-2.5842424510124564,0.003300415280751373
5.065014052017812,-2.5842424510124564,0.00003147281873084782
5.168381685732461,-2.5842424510124564,-0.003934086775768146
5.27174931944711,-2.5842424510124564,-0.008144266348622215
5.3751169531617595,-2.5842424510124564,-0.011968980176967023
5.478484586876409,-2.5842424510124564,-0.01471300443117784
5.581852220591058,-2.5842424510124564,-0.01576799332002242
5.685219854305707,-2.5842424510124564,-0.01476756188244948
5.788587488020356,-2.5842424510124564,-0.011704109049186546
5.8919551217350055,-2.5842424510124564,-0.0069722656992846676
5.995322755449654,-2.5842424510124564,-0.0013206258783117573
6.098690389164305,-2.5842424510124564,0.004283431821941956
6.202058022878954,-2.5842424510124564,0.008847775701713852
6.305425656593603,-2.5842424510124564,0.011563567692252886
6.408793290308252,-2.5842424510124564,0.011977119270899679
-6.408793290308252,-2.480872752971958,0.003298914597725045
-6.305425656593603,-2.480872752971958,0.000975741862110749
-6.202058022878954,-2.480872752971958,-0.001349205321454423
-6.098690389164304,-2.480872752971958,-0.0030309690145723257
-5.995322755449655,-2.480872752971958,-0.0035462846584490932
-5.8919551217350055,-2.480872752971958,-0.002657685301764647
-5.788587488020356,-2.480872752971958,-0.0005049155763479892
-5.685219854305708,-2.480872752971958,0.00241413535390954
-5.581852220591058,-2.480872752971958,0.005377613712580974
-5.478484586876409,-2.480872752971958,0.007655747406023111
-5.3751169531617595,-2.480872752971958,0.008745456285760823
-5.27174931944711,-2.480872752971958,0.008548763888716443
-5.168381685732461,-2.480872752971958,0.007432582731813405
-5.065014052017812,-2.480872752971958,0.00614110766743754
-4.961646418303163,-2.480872752971958,0.005577328944588136
-4.858278784588514,-2.480872752971958,0.006512998217439957
-4.754911150873865,-2.480872752971958,0.009312791575648204
-4.651543517159215,-2.480872752971958,0.013759174569456483
-4.548175883444566,-2.480872752971958,0.019038253241008867
-4.444808249729917,-2.480872752971958,0.023900946728276667
-4.341440616015267,-2.480872752971958,0.026961865021529228
-4.238072982300618,-2.480872752971958,0.02705624587560296
-4.134705348585968,-2.480872752971958,0.023556277612206303
-4.031337714871319,-2.480872752971958,0.016558159607026734
-3.9279700811566705,-2.480872752971958,0.006887402028802881
-3.8246024474420213,-2.480872752971958,-0.004078835976974368
-3.7212348137273725,-2.480872752971958,-0.014722652595604235
-3.6178671800127233,-2.480872752971958,-0.02354445811735026
-3.514499546298074,-2.480872752971958,-0.029475300380962178
-3.411131912583425,-2.480872752971958,-0.032065339068075654
-3.3077642788687753,-2.480872752971958,-0.031510106280854044
-3.204396645154126,-2.480872752971958,-0.02852329984703393
-3.101029011439477,-2.480872752971958,-0.024105772246514758
-2.9976613777248278,-2.480872752971958,-0.01928333990194243
-2.8942937440101786,-2.480872752971958,-0.014885631401627516
-2.790926110295529,-2.480872752971958,-0.01141669513052566
-2.6875584765808798,-2.480872752971958,-0.009034228684429765
-2.5841908428662306,-2.480872752971958,-0.007619979864294094
-2.4808232091515814,-2.480872752971958,-0.0069000447101541535
-2.3774555754369326,-2.480872752971958,-0.006566875748700963
-2.2740879417222835,-2.480872752971958,-0.00636491925821788
-2.1707203080076334,-2.480872752971958,-0.006123193363776547
-2.067352674292984,-2.480872752971958,-0.005741706720698503
-1.9639850405783352,-2.480872752971958,-0.00515544325312758
-1.8606174068636863,-2.480872752971958,-0.004304110524729785
-1.757249773149037,-2.480872752971958,-0.003127563322027942
-1.6538821394343879,-2.480872752971958,-0.0015903687931301176
-1.550514505719738,-2.480872752971958,0.00027806143565907584
-1.447146872005089,-2.480872752971958,0.002351529269280452
-1.3437792382904399,-2.480872752971958,0.004405967619906376
-1.2404116045757907,-2.480872752971958,0.006159852026771473
-1.1370439708611417,-2.480872752971958,0.007348653070037634
-1.0336763371464925,-2.480872752971958,0.007809257003514129
-0.9303087034318435,-2.480872752971958,0.007542310280198531
-0.8269410697171936,-2.480872752971958,0.006725082361777273
-0.7235734360025445,-2.480872752971958,0.005663761695526448
-0.6202058022878953,-2.480872752971958,0.004696457422620269
-0.5168381685732463,-2.480872752971958,0.004078210636168513
-0.4134705348585972,-2.480872752971958,0.0038890467579469545
-0.31010290114394806,-2.480872752971958,0.004001009122506048
-0.2067352674292982,-2.480872752971958,0.0041210398686966675
-0.1033676337146491,-2.480872752971958,0.003899671539759202
0.,-2.480872752971958,0.003070218152620359
0.1033676337146491,-2.480872752971958,0.001568946812141828
0.2067352674292982,-2.480872752971958,-0.0004104682857333375
0.31010290114394734,-2.480872752971958,-0.0024549199782524576
0.4134705348585964,-2.480872752971958,-0.004057855615243393
0.5168381685732455,-2.480872752971958,-0.004796945849372712
0.6202058022878947,-2.480872752971958,-0.0045055926873723276
0.7235734360025438,-2.480872752971958,-0.0033774836161608026
0.8269410697171944,-2.480872752971958,-0.0019611310067433343
0.9303087034318435,-2.480872752971958,-0.0010348639026848858
1.0336763371464925,-2.480872752971958,-0.001391570535072582
1.1370439708611417,-2.480872752971958,-0.003593907133690119
1.2404116045757907,-2.480872752971958,-0.007773983438405877
1.3437792382904399,-2.480872752971958,-0.013541665821320981
1.447146872005089,-2.480872752971958,-0.020035052711876042
1.550514505719738,-2.480872752971958,-0.026104651394698877
1.6538821394343872,-2.480872752971958,-0.03058247454947509
1.7572497731490362,-2.480872752971958,-0.032561435538784995
1.8606174068636854,-2.480872752971958,-0.03160723978789325
1.9639850405783346,-2.480872752971958,-0.027845388406568212
2.0673526742929837,-2.480872752971958,-0.021903345914392
2.1707203080076343,-2.480872752971958,-0.014730461009319766
2.2740879417222835,-2.480872752971958,-0.007352545325726763
2.3774555754369326,-2.480872752971958,-0.0006337148305819966
2.4808232091515814,-2.480872752971958,0.004888988231409798
2.5841908428662306,-2.480872752971958,0.009059310107323757
2.6875584765808798,-2.480872752971958,0.012041775227979036
2.790926110295529,-2.480872752971958,0.014180674848126807
2.894293744010178,-2.480872752971958,0.015832558868777193
2.997661377724827,-2.480872752971958,0.01722934211066489
3.101029011439476,-2.480872752971958,0.01841302673062603
3.2043966451541253,-2.480872752971958,0.019254830176757665
3.3077642788687744,-2.480872752971958,0.01954144646105303
3.411131912583425,-2.480872752971958,0.019089510771766176
3.514499546298074,-2.480872752971958,0.017842858518087708
3.6178671800127233,-2.480872752971958,0.015917036065606228
3.7212348137273725,-2.480872752971958,0.013577186953832228
3.8246024474420213,-2.480872752971958,0.011160528490977085
3.9279700811566705,-2.480872752971958,0.0089740697405974
4.031337714871319,-2.480872752971958,0.00720544863875884
4.134705348585968,-2.480872752971958,0.0058779430655913996
4.238072982300618,-2.480872752971958,0.004863127049633277
4.341440616015267,-2.480872752971958,0.003943279553100579
4.444808249729916,-2.480872752971958,0.00289847848597679
4.548175883444565,-2.480872752971958,0.0015863373428044519
4.651543517159214,-2.480872752971958,-0.00001249296057741629
4.754911150873865,-2.480872752971958,-0.0017952901937963184
4.858278784588514,-2.480872752971958,-0.003578876279730753
4.961646418303163,-2.480872752971958,-0.005161662259692631
5.065014052017812,-2.480872752971958,-0.006380476884194026
5.168381685732461,-2.480872752971958,-0.007141687662711118
5.27174931944711,-2.480872752971958,-0.007419228427123663
5.3751169531617595,-2.480872752971958,-0.0072274659831654126
5.478484586876409,-2.480872752971958,-0.00658785102059821
5.581852220591058,-2.480872752971958,-0.005510324443445998
5.685219854305707,-2.480872752971958,-0.0040025495534548134
5.788587488020356,-2.480872752971958,-0.0021054521200537736
5.8919551217350055,-2.480872752971958,0.00006152433803454502
5.995322755449654,-2.480872752971958,0.00227087003979563
6.098690389164305,-2.480872752971958,0.004196642026848152
6.202058022878954,-2.480872752971958,0.00547367509427906
6.305425656593603,-2.480872752971958,0.005796800159117569
6.408793290308252,-2.480872752971958,0.0050311233583273055
-6.408793290308252,-2.3775030549314597,-0.0022626315458081653
-6.305425656593603,-2.3775030549314597,-0.003023909521982314
-6.202058022878954,-2.3775030549314597,-0.0030934007396600256
-6.098690389164304,-2.3775030549314597,-0.002095601443193208
-5.995322755449655,-2.3775030549314597,0.00025007215180839783
-5.8919551217350055,-2.3775030549314597,0.003954863562679767
-5.788587488020356,-2.3775030549314597,0.008647639416675946
-5.685219854305708,-2.3775030549314597,0.013585512497065673
-5.581852220591058,-2.3775030549314597,0.017809123925342937
-5.478484586876409,-2.3775030549314597,0.020409317768086275
-5.3751169531617595,-2.3775030549314597,0.020824451525981516
-5.27174931944711,-2.3775030549314597,0.01906545591349625
-5.168381685732461,-2.3775030549314597,0.015779413141240598
-5.065014052017812,-2.3775030549314597,0.012109830877304559
-4.961646418303163,-2.3775030549314597,0.009378498416494262
-4.858278784588514,-2.3775030549314597,0.008677496665997137
-4.754911150873865,-2.3775030549314597,0.010497973270511888
-4.651543517159215,-2.3775030549314597,0.01451978936366062
-4.548175883444566,-2.3775030549314597,0.01964153438130924
-4.444808249729917,-2.3775030549314597,0.024256610571218064
-4.341440616015267,-2.3775030549314597,0.026701627247769366
-4.238072982300618,-2.3775030549314597,0.02574462459191985
-4.134705348585968,-2.3775030549314597,0.02096301115637765
-4.031337714871319,-2.3775030549314597,0.012891700561020245
-3.9279700811566705,-2.3775030549314597,0.002891946637404117
-3.8246024474420213,-2.3775030549314597,-0.007221386593076199
-3.7212348137273725,-2.3775030549314597,-0.015680256265493197
-3.6178671800127233,-2.3775030549314597,-0.021237734337729415
-3.514499546298074,-2.3775030549314597,-0.023471800128932054
-3.411131912583425,-2.3775030549314597,-0.022830175293353676
-3.3077642788687753,-2.3775030549314597,-0.02041165385988193
-3.204396645154126,-2.3775030549314597,-0.017563576481072974
-3.101029011439477,-2.3775030549314597,-0.015431871062079999
-2.9976613777248278,-2.3775030549314597,-0.014611027916514198
-2.8942937440101786,-2.3775030549314597,-0.015003551061803693
-2.790926110295529,-2.3775030549314597,-0.015925241589362208
-2.6875584765808798,-2.3775030549314597,-0.016409245149702448
-2.5841908428662306,-2.3775030549314597,-0.015596358730575874
-2.4808232091515814,-2.3775030549314597,-0.013073369261191334
-2.3774555754369326,-2.3775030549314597,-0.009043104370287616
-2.2740879417222835,-2.3775030549314597,-0.004270987191870352
-2.1707203080076334,-2.3775030549314597,0.0001684807526177406
-2.067352674292984,-2.3775030549314597,0.003253067757694637
-1.9639850405783352,-2.3775030549314597,0.004354268095679874
-1.8606174068636863,-2.3775030549314597,0.0034406429019808453
-1.757249773149037,-2.3775030549314597,0.001075210976164388
-1.6538821394343879,-2.3775030549314597,-0.0017878843211204456
-1.550514505719738,-2.3775030549314597,-0.004132310609795332
-1.447146872005089,-2.3775030549314597,-0.005216610829445067
-1.3437792382904399,-2.3775030549314597,-0.00480154437947627
-1.2404116045757907,-2.3775030549314597,-0.0031909954094895727
-1.1370439708611417,-2.3775030549314597,-0.0010773718461836352
-1.0336763371464925,-2.3775030549314597,0.000747657136094195
-0.9303087034318435,-2.3775030549314597,0.001708812323914177
-0.8269410697171936,-2.3775030549314597,0.0016726953521251904
-0.7235734360025445,-2.3775030549314597,0.0010001361174125914
-0.6202058022878953,-2.3775030549314597,0.00040567853703950946
-0.5168381685732463,-2.3775030549314597,0.0006748189301840366
-0.4134705348585972,-2.3775030549314597,0.0023419162301558886
-0.31010290114394806,-2.3775030549314597,0.005447283523901585
-0.2067352674292982,-2.3775030549314597,0.009465162966835429
-0.1033676337146491,-2.3775030549314597,0.013434408506294208
0.,-2.3775030549314597,0.016251810368078608
0.1033676337146491,-2.3775030549314597,0.017029469724366475
0.2067352674292982,-2.3775030549314597,0.01539323849661251
0.31010290114394734,-2.3775030549314597,0.011617818085857025
0.4134705348585964,-2.3775030549314597,0.006549441060038116
0.5168381685732455,-2.3775030549314597,0.001340005637182924
0.6202058022878947,-2.3775030549314597,-0.0029182825018974285
0.7235734360025438,-2.3775030549314597,-0.005534035979145542
0.8269410697171944,-2.3775030549314597,-0.006417873564703696
0.9303087034318435,-2.3775030549314597,-0.00607601088154927
1.0336763371464925,-2.3775030549314597,-0.005400079523761236
1.1370439708611417,-2.3775030549314597,-0.005327178697100995
1.2404116045757907,-2.3775030549314597,-0.00648873909174208
1.3437792382904399,-2.3775030549314597,-0.008970341282934323
1.447146872005089,-2.3775030549314597,-0.012265992802309436
1.550514505719738,-2.3775030549314597,-0.015442948225954965
1.6538821394343872,-2.3775030549314597,-0.017460295678078393
1.7572497731490362,-2.3775030549314597,-0.01753138313021254
1.8606174068636854,-2.3775030549314597,-0.015404977520921117
1.9639850405783346,-2.3775030549314597,-0.011467927041123802
2.0673526742929837,-2.3775030549314597,-0.006633262745930133
2.1707203080076343,-2.3775030549314597,-0.002050964569960587
2.2740879417222835,-2.3775030549314597,0.0012611580707655914
2.3774555754369326,-2.3775030549314597,0.0027423623827687866
2.4808232091515814,-2.3775030549314597,0.002461250404502383
2.5841908428662306,-2.3775030549314597,0.0010793219841575415
2.6875584765808798,-2.3775030549314597,-0.00037968950381605534
2.790926110295529,-2.3775030549314597,-0.0008755122471967542
2.894293744010178,-2.3775030549314597,0.00030399992670417146
2.997661377724827,-2.3775030549314597,0.0033123733561470307
3.101029011439476,-2.3775030549314597,0.007700437343787751
3.2043966451541253,-2.3775030549314597,0.01256682190220076
3.3077642788687744,-2.3775030549314597,0.016846277713184844
3.411131912583425,-2.3775030549314597,0.019635446405139825
3.514499546298074,-2.3775030549314597,0.02044761043891946
3.6178671800127233,-2.3775030549314597,0.019316987771645127
3.7212348137273725,-2.3775030549314597,0.016728060210914046
3.8246024474420213,-2.3775030549314597,0.013406363381735198
3.9279700811566705,-2.3775030549314597,0.010052769837059506
4.031337714871319,-2.3775030549314597,0.007118234070920716
4.134705348585968,-2.3775030549314597,0.004696137456038472
4.238072982300618,-2.3775030549314597,0.00256303768452143
4.341440616015267,-2.3775030549314597,0.00034317310785980074
4.444808249729916,-2.3775030549314597,-0.0022724010503625395
4.548175883444565,-2.3775030549314597,-0.00533905180671221
4.651543517159214,-2.3775030549314597,-0.008576819250626205
4.754911150873865,-2.3775030549314597,-0.011425749116870394
4.858278784588514,-2.3775030549314597,-0.01321895085548764
4.961646418303163,-2.3775030549314597,-0.013410628205138227
5.065014052017812,-2.3775030549314597,-0.01177652226622931
5.168381685732461,-2.3775030549314597,-0.008514673318956563
5.27174931944711,-2.3775030549314597,-0.004210718180819946
5.3751169531617595,-2.3775030549314597,0.0003196175153651352
5.478484586876409,-2.3775030549314597,0.0042554261787169844
5.581852220591058,-2.3775030549314597,0.006985832404499004
5.685219854305707,-2.3775030549314597,0.008245123806718387
5.788587488020356,-2.3775030549314597,0.008129238585838338
5.8919551217350055,-2.3775030549314597,0.0069995492726897725
5.995322755449654,-2.3775030549314597,0.005320149273889199
6.098690389164305,-2.3775030549314597,0.003495902498969527
6.202058022878954,-2.3775030549314597,0.0017728887882090538
6.305425656593603,-2.3775030549314597,0.0002333686911511571
6.408793290308252,-2.3775030549314597,-0.0011240422377804134
-6.408793290308252,-2.274133356890961,-0.005744618325926761
-6.305425656593603,-2.274133356890961,-0.005018490222872736
-6.202058022878954,-2.274133356890961,-0.003441478266962033
-6.098690389164304,-2.274133356890961,-0.0008907611098253322
-5.995322755449655,-2.274133356890961,0.0027853275797621183
-5.8919551217350055,-2.274133356890961,0.007573554130724117
-5.788587488020356,-2.274133356890961,0.01313282593892765
-5.685219854305708,-2.274133356890961,0.018751228918988876
-5.581852220591058,-2.274133356890961,0.023467759475550985
-5.478484586876409,-2.274133356890961,0.02633690581112049
-5.3751169531617595,-2.274133356890961,0.02675105665997644
-5.27174931944711,-2.274133356890961,0.02470114747753759
-5.168381685732461,-2.274133356890961,0.020865471354737024
-5.065014052017812,-2.274133356890961,0.01646963818898897
-4.961646418303163,-2.274133356890961,0.012940196659408185
-4.858278784588514,-2.274133356890961,0.01145247618052271
-4.754911150873865,-2.274133356890961,0.01252075368496855
-4.651543517159215,-2.274133356890961,0.01577647119320546
-4.548175883444566,-2.274133356890961,0.020025603937309837
-4.444808249729917,-2.274133356890961,0.02358581418465685
-4.341440616015267,-2.274133356890961,0.02480778498504156
-4.238072982300618,-2.274133356890961,0.022616663068811087
-4.134705348585968,-2.274133356890961,0.016894118371671107
-4.031337714871319,-2.274133356890961,0.008566889144371787
-3.9279700811566705,-2.274133356890961,-0.0006393175252926304
-3.8246024474420213,-2.274133356890961,-0.008711204581608999
-3.7212348137273725,-2.274133356890961,-0.01396438192404948
-3.6178671800127233,-2.274133356890961,-0.015565278108168979
-3.514499546298074,-2.274133356890961,-0.013785337497017427
-3.411131912583425,-2.274133356890961,-0.009899699304561435
-3.3077642788687753,-2.274133356890961,-0.005759070700580552
-3.204396645154126,-2.274133356890961,-0.00317248390092514
-3.101029011439477,-2.274133356890961,-0.0033032090132066663
-2.9976613777248278,-2.274133356890961,-0.006277898248138384
-2.8942937440101786,-2.274133356890961,-0.011139983703751051
-2.790926110295529,-2.274133356890961,-0.016164959158879368
-2.6875584765808798,-2.274133356890961,-0.019435140946750057
-2.5841908428662306,-2.274133356890961,-0.01948502664068247
-2.4808232091515814,-2.274133356890961,-0.015804547899895445
-2.3774555754369326,-2.274133356890961,-0.009034424699500556
-2.2740879417222835,-2.274133356890961,-0.0007897441136599558
-2.1707203080076334,-2.274133356890961,0.006829423371075158
-2.067352674292984,-2.274133356890961,0.011879222356951201
-1.9639850405783352,-2.274133356890961,0.013155980976600085
-1.8606174068636863,-2.274133356890961,0.010535964303722192
-1.757249773149037,-2.274133356890961,0.004967747390427973
-1.6538821394343879,-2.274133356890961,-0.001869340714850511
-1.550514505719738,-2.274133356890961,-0.008117549396606997
-1.447146872005089,-2.274133356890961,-0.01231472600090276
-1.3437792382904399,-2.274133356890961,-0.01380022239759463
-1.2404116045757907,-2.274133356890961,-0.012826333862722385
-1.1370439708611417,-2.274133356890961,-0.010353564408464744
-1.0336763371464925,-2.274133356890961,-0.007617185491963981
-0.9303087034318435,-2.274133356890961,-0.005628633976459499
-0.8269410697171936,-2.274133356890961,-0.004792693549217246
-0.7235734360025445,-2.274133356890961,-0.004775235404710003
-0.6202058022878953,-2.274133356890961,-0.004663786178781836
-0.5168381685732463,-2.274133356890961,-0.003357421759783554
-0.4134705348585972,-2.274133356890961,-0.000040691348362969047
-0.31010290114394806,-2.274133356890961,0.005433156003463678
-0.2067352674292982,-2.274133356890961,0.012391692706019433
-0.1033676337146491,-2.274133356890961,0.01948493195915397
0.,-2.274133356890961,0.025075141902574354
0.1033676337146491,-2.274133356890961,0.027743522178087832
0.2067352674292982,-2.274133356890961,0.02674130314227827
0.31010290114394734,-2.274133356890961,0.022232048855786918
0.4134705348585964,-2.274133356890961,0.015244264023339069
0.5168381685732455,-2.274133356890961,0.007353087350403261
0.6202058022878947,-2.274133356890961,0.00020184838529291557
0.7235734360025438,-2.274133356890961,-0.004973422283302448
0.8269410697171944,-2.274133356890961,-0.007658553555614385
0.9303087034318435,-2.274133356890961,-0.008116832202822303
1.0336763371464925,-2.274133356890961,-0.007180544378554183
1.1370439708611417,-2.274133356890961,-0.005866092295793174
1.2404116045757907,-2.274133356890961,-0.004960061703641467
1.3437792382904399,-2.274133356890961,-0.004729606959207017
1.447146872005089,-2.274133356890961,-0.004861247181669261
1.550514505719738,-2.274133356890961,-0.00464578388459769
1.6538821394343872,-2.274133356890961,-0.0033348349027948164
1.7572497731490362,-2.274133356890961,-0.0005296753524049459
1.8606174068636854,-2.274133356890961,0.0035509169784972774
1.9639850405783346,-2.274133356890961,0.008035038413539706
2.0673526742929837,-2.274133356890961,0.011622084977156076
2.1707203080076343,-2.274133356890961,0.012999868530852828
2.2740879417222835,-2.274133356890961,0.011313996162931543
2.3774555754369326,-2.274133356890961,0.00652442560399951
2.4808232091515814,-2.274133356890961,-0.00048274720241840463
2.5841908428662306,-2.274133356890961,-0.008080122243852282
2.6875584765808798,-2.274133356890961,-0.01433262148424624
2.790926110295529,-2.274133356890961,-0.017547118928554872
2.894293744010178,-2.274133356890961,-0.016764386013951426
2.997661377724827,-2.274133356890961,-0.012036974249006311
3.101029011439476,-2.274133356890961,-0.004406283003739034
3.2043966451541253,-2.274133356890961,0.004409824277232534
3.3077642788687744,-2.274133356890961,0.012514307785047585
3.411131912583425,-2.274133356890961,0.01835175066343979
3.514499546298074,-2.274133356890961,0.021089359957210178
3.6178671800127233,-2.274133356890961,0.020747378317195912
3.7212348137273725,-2.274133356890961,0.0180559364936935
3.8246024474420213,-2.274133356890961,0.01410762019553433
3.9279700811566705,-2.274133356890961,0.009939956075843083
4.031337714871319,-2.274133356890961,0.006198077412755586
4.134705348585968,-2.274133356890961,0.0029909320146777095
4.238072982300618,-2.274133356890961,-0.000020962043451547482
4.341440616015267,-2.274133356890961,-0.003354384965421263
4.444808249729916,-2.274133356890961,-0.007363249632259327
4.548175883444565,-2.274133356890961,-0.011966796481866503
4.651543517159214,-2.274133356890961,-0.016556109708718604
4.754911150873865,-2.274133356890961,-0.02012169890029215
4.858278784588514,-2.274133356890961,-0.021562580864317706
4.961646418303163,-2.274133356890961,-0.02006959416057329
5.065014052017812,-2.274133356890961,-0.015446673387146947
5.168381685732461,-2.274133356890961,-0.008253506144273285
5.27174931944711,-2.274133356890961,0.00028603935720620686
5.3751169531617595,-2.274133356890961,0.008585069526798782
5.478484586876409,-2.274133356890961,0.015108699811224535
5.581852220591058,-2.274133356890961,0.0187701957570079
5.685219854305707,-2.274133356890961,0.019184694215370703
5.788587488020356,-2.274133356890961,0.01670823586671354
5.8919551217350055,-2.274133356890961,0.012264019114429264
5.995322755449654,-2.274133356890961,0.007028120788643821
6.098690389164305,-2.274133356890961,0.0020887372997359295
6.202058022878954,-2.274133356890961,-0.0018074759226436676
6.305425656593603,-2.274133356890961,-0.0043492294265955415
6.408793290308252,-2.274133356890961,-0.005586484692897863
-6.408793290308252,-2.1707636588504626,-0.006576859192528406
-6.305425656593603,-2.1707636588504626,-0.004649850941743227
-6.202058022878954,-2.1707636588504626,-0.0021926667902399223
-6.098690389164304,-2.1707636588504626,0.0006885934642671339
-5.995322755449655,-2.1707636588504626,0.004096013361004985
-5.8919551217350055,-2.1707636588504626,0.008140991736744364
-5.788587488020356,-2.1707636588504626,0.012731582423404818
-5.685219854305708,-2.1707636588504626,0.017453109979598973
-5.581852220591058,-2.1707636588504626,0.021609220211293165
-5.478484586876409,-2.1707636588504626,0.024421873716895425
-5.3751169531617595,-2.1707636588504626,0.025318499222915597
-5.27174931944711,-2.1707636588504626,0.024190761392096714
-5.168381685732461,-2.1707636588504626,0.02151064577764295
-5.065014052017812,-2.1707636588504626,0.018237343204462856
-4.961646418303163,-2.1707636588504626,0.015526267693203893
-4.858278784588514,-2.1707636588504626,0.014330740096033898
-4.754911150873865,-2.1707636588504626,0.015036883848762603
-4.651543517159215,-2.1707636588504626,0.01727221465935355
-4.548175883444566,-2.1707636588504626,0.019975212453910464
-4.444808249729917,-2.1707636588504626,0.021723504719359486
-4.341440616015267,-2.1707636588504626,0.021223204295067976
-4.238072982300618,-2.1707636588504626,0.01779604393247104
-4.134705348585968,-2.1707636588504626,0.011689925487789025
-4.031337714871319,-2.1707636588504626,0.00408941692208274
-3.9279700811566705,-2.1707636588504626,-0.003199304477254774
-3.8246024474420213,-2.1707636588504626,-0.008301946981864103
-3.7212348137273725,-2.1707636588504626,-0.009892699551825031
-3.6178671800127233,-2.1707636588504626,-0.007666867983287506
-3.514499546298074,-2.1707636588504626,-0.002500861278644369
-3.411131912583425,-2.1707636588504626,0.0037710437661422277
-3.3077642788687753,-2.1707636588504626,0.008907308177633482
-3.204396645154126,-2.1707636588504626,0.010968803768987559
-3.101029011439477,-2.1707636588504626,0.008959566734572554
-2.9976613777248278,-2.1707636588504626,0.0031855852209695516
-2.8942937440101786,-2.1707636588504626,-0.004794853078869237
-2.790926110295529,-2.1707636588504626,-0.012624878899970616
-2.6875584765808798,-2.1707636588504626,-0.01787019688304796
-2.5841908428662306,-2.1707636588504626,-0.018781471177681426
-2.4808232091515814,-2.1707636588504626,-0.014855201225985522
-2.3774555754369326,-2.1707636588504626,-0.00701310430806967
-2.2740879417222835,-2.1707636588504626,0.002658139591125796
-2.1707203080076334,-2.1707636588504626,0.01152401870871783
-2.067352674292984,-2.1707636588504626,0.017179897282352762
-1.9639850405783352,-2.1707636588504626,0.018144094497563715
-1.8606174068636863,-2.1707636588504626,0.01425243880351844
-1.757249773149037,-2.1707636588504626,0.006640694958681112
-1.6538821394343879,-2.1707636588504626,-0.0026635659005140298
-1.550514505719738,-2.1707636588504626,-0.011393334286851407
-1.447146872005089,-2.1707636588504626,-0.017719253083047965
-1.3437792382904399,-2.1707636588504626,-0.020733403391122927
-1.2404116045757907,-2.1707636588504626,-0.020595509065063744
-1.1370439708611417,-2.1707636588504626,-0.018316552060548538
-1.0336763371464925,-2.1707636588504626,-0.015278011816139036
-0.9303087034318435,-2.1707636588504626,-0.012670164539729124
-0.8269410697171936,-2.1707636588504626,-0.011052112909571421
-0.7235734360025445,-2.1707636588504626,-0.010184763285921362
-0.6202058022878953,-2.1707636588504626,-0.009185576745502985
-0.5168381685732463,-2.1707636588504626,-0.006937497935388054
-0.4134705348585972,-2.1707636588504626,-0.0025949629118559585
-0.31010290114394806,-2.1707636588504626,0.004001996484465119
-0.2067352674292982,-2.1707636588504626,0.012158848271328713
-0.1033676337146491,-2.1707636588504626,0.020466793777888726
0.,-2.1707636588504626,0.02720550754703868
0.1033676337146491,-2.1707636588504626,0.030869302522850833
0.2067352674292982,-2.1707636588504626,0.030635574197150427
0.31010290114394734,-2.1707636588504626,0.026616652220345687
0.4134705348585964,-2.1707636588504626,0.019813810142148745
0.5168381685732455,-2.1707636588504626,0.0117967365924237
0.6202058022878947,-2.1707636588504626,0.004225761187310542
0.7235734360025438,-2.1707636588504626,-0.0016155756908372034
0.8269410697171944,-2.1707636588504626,-0.005120452746571676
0.9303087034318435,-2.1707636588504626,-0.006400256833669742
1.0336763371464925,-2.1707636588504626,-0.00607377940603801
1.1370439708611417,-2.1707636588504626,-0.004902488562087758
1.2404116045757907,-2.1707636588504626,-0.00342397980571953
1.3437792382904399,-2.1707636588504626,-0.0017315936170792065
1.447146872005089,-2.1707636588504626,0.0005119264962069465
1.550514505719738,-2.1707636588504626,0.003832593388728539
1.6538821394343872,-2.1707636588504626,0.008573529487182062
1.7572497731490362,-2.1707636588504626,0.01454851205844533
1.8606174068636854,-2.1707636588504626,0.02087450196061177
1.9639850405783346,-2.1707636588504626,0.026076830353496484
2.0673526742929837,-2.1707636588504626,0.028462130752237583
2.1707203080076343,-2.1707636588504626,0.02665196153511162
2.2740879417222835,-2.1707636588504626,0.020101447923068765
2.3774555754369326,-2.1707636588504626,0.009418197410824322
2.4808232091515814,-2.1707636588504626,-0.0036473093010825075
2.5841908428662306,-2.1707636588504626,-0.01656504332929748
2.6875584765808798,-2.1707636588504626,-0.026650888180990137
2.790926110295529,-2.1707636588504626,-0.03177253540113424
2.894293744010178,-2.1707636588504626,-0.030921995201115316
2.997661377724827,-2.1707636588504626,-0.02447869763007366
3.101029011439476,-2.1707636588504626,-0.014083058769620209
3.2043966451541253,-2.1707636588504626,-0.00216275411120205
3.3077642788687744,-2.1707636588504626,0.008737910443458213
3.411131912583425,-2.1707636588504626,0.016617045801917925
3.514499546298074,-2.1707636588504626,0.02046487871861368
3.6178671800127233,-2.1707636588504626,0.020381229359743756
3.7212348137273725,-2.1707636588504626,0.017350694847054746
3.8246024474420213,-2.1707636588504626,0.012777465999251511
3.9279700811566705,-2.1707636588504626,0.007955150003113727
4.031337714871319,-2.1707636588504626,0.003658000458618228
4.134705348585968,-2.1707636588504626,-0.000013404649322815426
4.238072982300618,-2.1707636588504626,-0.0034964940406821154
4.341440616015267,-2.1707636588504626,-0.007412021837572398
4.444808249729916,-2.1707636588504626,-0.012139351689101146
4.548175883444565,-2.1707636588504626,-0.01749328701804364
4.651543517159214,-2.1707636588504626,-0.02263424447934157
4.754911150873865,-2.1707636588504626,-0.026256441887897566
4.858278784588514,-2.1707636588504626,-0.02699580449433929
4.961646418303163,-2.1707636588504626,-0.02391717913720833
5.065014052017812,-2.1707636588504626,-0.016908136659069935
5.168381685732461,-2.1707636588504626,-0.006835290712976032
5.27174931944711,-2.1707636588504626,0.004601673106779222
5.3751169531617595,-2.1707636588504626,0.015281117462235717
5.478484586876409,-2.1707636588504626,0.023209482294980918
5.581852220591058,-2.1707636588504626,0.027038315068242502
5.685219854305707,-2.1707636588504626,0.02638919620505574
5.788587488020356,-2.1707636588504626,0.02189322081414415
5.8919551217350055,-2.1707636588504626,0.014946696391556663
5.995322755449654,-2.1707636588504626,0.007275657141044094
6.098690389164305,-2.1707636588504626,0.00045771096341696443
6.202058022878954,-2.1707636588504626,-0.004447201628323124
6.305425656593603,-2.1707636588504626,-0.007054088580482372
6.408793290308252,-2.1707636588504626,-0.00757592580775379
-6.408793290308252,-2.0673939608099645,-0.004702040643083871
-6.305425656593603,-2.0673939608099645,-0.002027798039215735
-6.202058022878954,-2.0673939608099645,0.0005815133768840463
-6.098690389164304,-2.0673939608099645,0.002817793299032989
-5.995322755449655,-2.0673939608099645,0.004751024771167928
-5.8919551217350055,-2.0673939608099645,0.006660467145646461
-5.788587488020356,-2.0673939608099645,0.008804730734024062
-5.685219854305708,-2.0673939608099645,0.011236435249034471
-5.581852220591058,-2.0673939608099645,0.01374019632672304
-5.478484586876409,-2.0673939608099645,0.015915488125342984
-5.3751169531617595,-2.0673939608099645,0.017362072926105254
-5.27174931944711,-2.0673939608099645,0.017880833721460574
-5.168381685732461,-2.0673939608099645,0.017594904491144057
-5.065014052017812,-2.0673939608099645,0.016928280074565823
-4.961646418303163,-2.0673939608099645,0.01643901938823868
-4.858278784588514,-2.0673939608099645,0.01656798821872941
-4.754911150873865,-2.0673939608099645,0.01740595219574239
-4.651543517159215,-2.0673939608099645,0.01858371314136989
-4.548175883444566,-2.0673939608099645,0.0193489118223088
-4.444808249729917,-2.0673939608099645,0.0188228165790721
-4.341440616015267,-2.0673939608099645,0.016356662639792872
-4.238072982300618,-2.0673939608099645,0.011858420067627445
-4.134705348585968,-2.0673939608099645,0.005957826090987817
-4.031337714871319,-2.0673939608099645,-0.00007535480529979779
-3.9279700811566705,-2.0673939608099645,-0.004661574937809221
-3.8246024474420213,-2.0673939608099645,-0.006400746908983834
-3.7212348137273725,-2.0673939608099645,-0.004564650143235663
-3.6178671800127233,-2.0673939608099645,0.0005790578119868538
-3.514499546298074,-2.0673939608099645,0.0077389396468933854
-3.411131912583425,-2.0673939608099645,0.014904064849238502
-3.3077642788687753,-2.0673939608099645,0.019906377356905394
-3.204396645154126,-2.0673939608099645,0.021075441471026253
-3.101029011439477,-2.0673939608099645,0.017779209932455232
-2.9976613777248278,-2.0673939608099645,0.01067089130201655
-2.8942937440101786,-2.0673939608099645,0.0015493261815143374
-2.790926110295529,-2.0673939608099645,-0.007138562613254369
-2.6875584765808798,-2.0673939608099645,-0.013008987076495978
-2.5841908428662306,-2.0673939608099645,-0.014450118778563833
-2.4808232091515814,-2.0673939608099645,-0.011109108705149981
-2.3774555754369326,-2.0673939608099645,-0.004005151852908224
-2.2740879417222835,-2.0673939608099645,0.004766913325931304
-2.1707203080076334,-2.0673939608099645,0.012649706210298204
-2.067352674292984,-2.0673939608099645,0.017362153954439366
-1.9639850405783352,-2.0673939608099645,0.017536807087105692
-1.8606174068636863,-2.0673939608099645,0.013065091464104209
-1.757249773149037,-2.0673939608099645,0.005056837668298291
-1.6538821394343879,-2.0673939608099645,-0.004555232359222762
-1.550514505719738,-2.0673939608099645,-0.013624783589280053
-1.447146872005089,-2.0673939608099645,-0.02041263904067019
-1.3437792382904399,-2.0673939608099645,-0.024023959820064746
-1.2404116045757907,-2.0673939608099645,-0.024537488776481466
-1.1370439708611417,-2.0673939608099645,-0.02281100229840195
-1.0336763371464925,-2.0673939608099645,-0.020055596655209104
-0.9303087034318435,-2.0673939608099645,-0.017343307978741805
-0.8269410697171936,-2.0673939608099645,-0.015224846827550289
-0.7235734360025445,-2.0673939608099645,-0.013585082532099238
-0.6202058022878953,-2.0673939608099645,-0.011772721557099805
-0.5168381685732463,-2.0673939608099645,-0.008940717664018901
-0.4134705348585972,-2.0673939608099645,-0.004460647670352357
-0.31010290114394806,-2.0673939608099645,0.0017475007493194304
-0.2067352674292982,-2.0673939608099645,0.009092924427021734
-0.1033676337146491,-2.0673939608099645,0.016442991923778634
0.,-2.0673939608099645,0.022455253368486697
0.1033676337146491,-2.0673939608099645,0.025991682602775353
0.2067352674292982,-2.0673939608099645,0.026467483006234697
0.31010290114394734,-2.0673939608099645,0.02401405159692003
0.4134705348585964,-2.0673939608099645,0.019405919298590386
0.5168381685732455,-2.0673939608099645,0.01378807238102673
0.6202058022878947,-2.0673939608099645,0.008310882178603873
0.7235734360025438,-2.0673939608099645,0.003809056709123114
0.8269410697171944,-2.0673939608099645,0.0006383923064003465
0.9303087034318435,-2.0673939608099645,-0.0012812004718037128
1.0336763371464925,-2.0673939608099645,-0.0022508303295626555
1.1370439708611417,-2.0673939608099645,-0.002509158893777468
1.2404116045757907,-2.0673939608099645,-0.00201168590969363
1.3437792382904399,-2.0673939608099645,-0.00038002293973092815
1.447146872005089,-2.0673939608099645,0.002939889541556716
1.550514505719738,-2.0673939608099645,0.008359101508229787
1.6538821394343872,-2.0673939608099645,0.015788514724524992
1.7572497731490362,-2.0673939608099645,0.0243958480813555
1.8606174068636854,-2.0673939608099645,0.03260266274372132
1.9639850405783346,-2.0673939608099645,0.03837003030004727
2.0673526742929837,-2.0673939608099645,0.0397186818175842
2.1707203080076343,-2.0673939608099645,0.035337253348271654
2.2740879417222835,-2.0673939608099645,0.025084428697729744
2.3774555754369326,-2.0673939608099645,0.010207086332651924
2.4808232091515814,-2.0673939608099645,-0.006824959787826882
2.5841908428662306,-2.0673939608099645,-0.02285004061392409
2.6875584765808798,-2.0673939608099645,-0.03477628899283643
2.790926110295529,-2.0673939608099645,-0.040359679527410895
2.894293744010178,-2.0673939608099645,-0.03877146412160463
2.997661377724827,-2.0673939608099645,-0.03078728289719154
3.101029011439476,-2.0673939608099645,-0.018543536496365254
3.2043966451541253,-2.0673939608099645,-0.004937753395048181
3.3077642788687744,-2.0673939608099645,0.007143710154866039
3.411131912583425,-2.0673939608099645,0.015539635375944444
3.514499546298074,-2.0673939608099645,0.019264721438746833
3.6178671800127233,-2.0673939608099645,0.018582717003569987
3.7212348137273725,-2.0673939608099645,0.014711348765192409
3.8246024474420213,-2.0673939608099645,0.009284554938017876
3.9279700811566705,-2.0673939608099645,0.003767713865205097
4.031337714871319,-2.0673939608099645,-0.0009760763198516495
4.134705348585968,-2.0673939608099645,-0.0048347391973611945
4.238072982300618,-2.0673939608099645,-0.008283919396837465
4.341440616015267,-2.0673939608099645,-0.011996440146073456
4.444808249729916,-2.0673939608099645,-0.016387578818302138
4.548175883444565,-2.0673939608099645,-0.021277628990618944
4.651543517159214,-2.0673939608099645,-0.025806681550712092
4.754911150873865,-2.0673939608099645,-0.0286425346826384
4.858278784588514,-2.0673939608099645,-0.02841476198908244
4.961646418303163,-2.0673939608099645,-0.024224170083187044
5.065014052017812,-2.0673939608099645,-0.016046241774772357
5.168381685732461,-2.0673939608099645,-0.004879988483899207
5.27174931944711,-2.0673939608099645,0.007421841660620744
5.3751169531617595,-2.0673939608099645,0.01859848739463077
5.478484586876409,-2.0673939608099645,0.02656782417034079
5.581852220591058,-2.0673939608099645,0.029972341728205693
5.685219854305707,-2.0673939608099645,0.02851705514788478
5.788587488020356,-2.0673939608099645,0.023001053072032426
5.8919551217350055,-2.0673939608099645,0.015043945116891392
5.995322755449654,-2.0673939608099645,0.006604343685812662
6.098690389164305,-2.0673939608099645,-0.0005521847647319065
6.202058022878954,-2.0673939608099645,-0.005272276955774549
6.305425656593603,-2.0673939608099645,-0.007205488763745311
6.408793290308252,-2.0673939608099645,-0.006733902794155731
-6.408793290308252,-1.9640242627694664,-0.0007054644069837425
-6.305425656593603,-1.9640242627694664,0.002198800157429617
-6.202058022878954,-1.9640242627694664,0.004447454307939782
-6.098690389164304,-1.9640242627694664,0.005554259740430215
-5.995322755449655,-1.9640242627694664,0.005509288140674695
-5.8919551217350055,-1.9640242627694664,0.004686594430741395
-5.788587488020356,-1.9640242627694664,0.003652489415092449
-5.685219854305708,-1.9640242627694664,0.0029547540042744094
-5.581852220591058,-1.9640242627694664,0.002965777071961153
-5.478484586876409,-1.9640242627694664,0.003820083926784946
-5.3751169531617595,-1.9640242627694664,0.0054440170360191475
-5.27174931944711,-1.9640242627694664,0.007639974344045009
-5.168381685732461,-1.9640242627694664,0.010172884755314799
-5.065014052017812,-1.9640242627694664,0.012816619717261234
-4.961646418303163,-1.9640242627694664,0.01534655898515512
-4.858278784588514,-1.9640242627694664,0.0174978219746571
-4.754911150873865,-1.9640242627694664,0.018931302692380605
-4.651543517159215,-1.9640242627694664,0.019250831490370855
-4.548175883444566,-1.9640242627694664,0.018092932687358912
-4.444808249729917,-1.9640242627694664,0.01527420104399573
-4.341440616015267,-1.9640242627694664,0.010945622524183966
-4.238072982300618,-1.9640242627694664,0.005684432297970242
-4.134705348585968,-1.9640242627694664,0.00046282474808592483
-4.031337714871319,-1.9640242627694664,-0.003530872094582692
-3.9279700811566705,-1.9640242627694664,-0.005190126717648896
-3.8246024474420213,-1.9640242627694664,-0.0038282087134409466
-3.7212348137273725,-1.9640242627694664,0.0005513686382885943
-3.6178671800127233,-1.9640242627694664,0.0071528565196856105
-3.514499546298074,-1.9640242627694664,0.01451205926476926
-3.411131912583425,-1.9640242627694664,0.020834716202076994
-3.3077642788687753,-1.9640242627694664,0.02446659016688169
-3.204396645154126,-1.9640242627694664,0.024362028091398823
-3.101029011439477,-1.9640242627694664,0.020407524002467432
-2.9976613777248278,-1.9640242627694664,0.013492790616262526
-2.8942937440101786,-1.9640242627694664,0.005294718154259427
-2.790926110295529,-1.9640242627694664,-0.0021728433762459895
-2.6875584765808798,-1.9640242627694664,-0.0071163365477974715
-2.5841908428662306,-1.9640242627694664,-0.008463349889764899
-2.4808232091515814,-1.9640242627694664,-0.006157978284679786
-2.3774555754369326,-1.9640242627694664,-0.0011629076804117496
-2.2740879417222835,-1.9640242627694664,0.004830380706367825
-2.1707203080076334,-1.9640242627694664,0.0098932354040274
-2.067352674292984,-1.9640242627694664,0.012403422704160155
-1.9639850405783352,-1.9640242627694664,0.01147870265289916
-1.8606174068636863,-1.9640242627694664,0.007177196889680303
-1.757249773149037,-1.9640242627694664,0.00041756618806706167
-1.6538821394343879,-1.9640242627694664,-0.007339780348601239
-1.550514505719738,-1.9640242627694664,-0.01453783281484503
-1.447146872005089,-1.9640242627694664,-0.019949803785187153
-1.3437792382904399,-1.9640242627694664,-0.0229590212564673
-1.2404116045757907,-1.9640242627694664,-0.023620030538978376
-1.1370439708611417,-1.9640242627694664,-0.02250566772396866
-1.0336763371464925,-1.9640242627694664,-0.02041471624510837
-0.9303087034318435,-1.9640242627694664,-0.018054608151242456
-0.8269410697171936,-1.9640242627694664,-0.01581155354344576
-0.7235734360025445,-1.9640242627694664,-0.013679579095966267
-0.6202058022878953,-1.9640242627694664,-0.011356755496460173
-0.5168381685732463,-1.9640242627694664,-0.008455057152323807
-0.4134705348585972,-1.9640242627694664,-0.00473198367340076
-0.31010290114394806,-1.9640242627694664,-0.0002500506293429486
-0.2067352674292982,-1.9640242627694664,0.0045964158415959
-0.1033676337146491,-1.9640242627694664,0.009192994939278828
0.,-1.9640242627694664,0.012906503614454565
0.1033676337146491,-1.9640242627694664,0.015293280378135134
0.2067352674292982,-1.9640242627694664,0.016231449411958355
0.31010290114394734,-1.9640242627694664,0.01592689785939868
0.4134705348585964,-1.9640242627694664,0.01479522779927773
0.5168381685732455,-1.9640242627694664,0.013273410182458617
0.6202058022878947,-1.9640242627694664,0.011644634833696444
0.7235734360025438,-1.9640242627694664,0.009955473078492141
0.8269410697171944,-1.9640242627694664,0.008066654218037825
0.9303087034318435,-1.9640242627694664,0.005821442230970646
1.0336763371464925,-1.9640242627694664,0.0032610212693169357
1.1370439708611417,-1.9640242627694664,0.0007867627944425189
1.2404116045757907,-1.9640242627694664,-0.0008214267216405568
1.3437792382904399,-1.9640242627694664,-0.0005736660730821545
1.447146872005089,-1.9640242627694664,0.0024025210806509927
1.550514505719738,-1.9640242627694664,0.008473207978402713
1.6538821394343872,-1.9640242627694664,0.017185330756546924
1.7572497731490362,-1.9640242627694664,0.027162327795429066
1.8606174068636854,-1.9640242627694664,0.036285552950447025
1.9639850405783346,-1.9640242627694664,0.04215016597725602
2.0673526742929837,-1.9640242627694664,0.04268964288983398
2.1707203080076343,-1.9640242627694664,0.0367948098923157
2.2740879417222835,-1.9640242627694664,0.024736650723312412
2.3774555754369326,-1.9640242627694664,0.008246336204151229
2.4808232091515814,-1.9640242627694664,-0.00979970170062975
2.5841908428662306,-1.9640242627694664,-0.026025188937296086
2.6875584765808798,-1.9640242627694664,-0.037363027878576316
2.790926110295529,-1.9640242627694664,-0.04180601217005931
2.894293744010178,-1.9640242627694664,-0.03888862877490216
2.997661377724827,-1.9640242627694664,-0.02976492876776516
3.101029011439476,-1.9640242627694664,-0.0168646854205324
3.2043966451541253,-1.9640242627694664,-0.0032327214595821926
3.3077642788687744,-1.9640242627694664,0.00825378314684791
3.411131912583425,-1.9640242627694664,0.015565739791511192
3.514499546298074,-1.9640242627694664,0.017915463727761073
3.6178671800127233,-1.9640242627694664,0.015772477124609316
3.7212348137273725,-1.9640242627694664,0.010530018446023208
3.8246024474420213,-1.9640242627694664,0.003954945612541108
3.9279700811566705,-1.9640242627694664,-0.0023886874689741182
4.031337714871319,-1.9640242627694664,-0.007558129960625468
4.134705348585968,-1.9640242627694664,-0.011373468857382916
4.238072982300618,-1.9640242627694664,-0.014263865505394081
4.341440616015267,-1.9640242627694664,-0.016901698860163475
4.444808249729916,-1.9640242627694664,-0.01977632036823974
4.548175883444565,-1.9640242627694664,-0.022872763838182684
4.651543517159214,-1.9640242627694664,-0.025576751470059604
4.754911150873865,-1.9640242627694664,-0.026842417355005123
4.858278784588514,-1.9640242627694664,-0.025563454804352098
4.961646418303163,-1.9640242627694664,-0.02101492823205349
5.065014052017812,-1.9640242627694664,-0.013206511853535502
5.168381685732461,-1.9640242627694664,-0.0030166862930600864
5.27174931944711,-1.9640242627694664,0.007949195457067498
5.3751169531617595,-1.9640242627694664,0.01774157680301395
5.478484586876409,-1.9640242627694664,0.024574540241544516
5.581852220591058,-1.9640242627694664,0.027302023147114524
5.685219854305707,-1.9640242627694664,0.025716245076966168
5.788587488020356,-1.9640242627694664,0.020580021889136567
5.8919551217350055,-1.9640242627694664,0.013389439522186538
5.995322755449654,-1.9640242627694664,0.005946592838682749
6.098690389164305,-1.9640242627694664,-0.00012322418448558974
6.202058022878954,-1.9640242627694664,-0.003765842015916431
6.305425656593603,-1.9640242627694664,-0.004696291750435701
6.408793290308252,-1.9640242627694664,-0.003360760887818019
-6.408793290308252,-1.8606545647289683,0.004231868420565512
-6.305425656593603,-1.8606545647289683,0.0069235091650490885
-6.202058022878954,-1.8606545647289683,0.00862560375657084
-6.098690389164304,-1.8606545647289683,0.008687106185403103
-5.995322755449655,-1.8606545647289683,0.006926227290755313
-5.8919551217350055,-1.8606545647289683,0.0036579309173731017
-5.788587488020356,-1.8606545647289683,-0.00040045041936488234
-5.685219854305708,-1.8606545647289683,-0.004311491594537177
-5.581852220591058,-1.8606545647289683,-0.007137985873440627
-5.478484586876409,-1.8606545647289683,-0.00815003178767123
-5.3751169531617595,-1.8606545647289683,-0.006977919874767723
-5.27174931944711,-1.8606545647289683,-0.0036864798386468814
-5.168381685732461,-1.8606545647289683,0.0012359808227937249
-5.065014052017812,-1.8606545647289683,0.006966521266642033
-4.961646418303163,-1.8606545647289683,0.012496381203502221
-4.858278784588514,-1.8606545647289683,0.016815399707807828
-4.754911150873865,-1.8606545647289683,0.019103407292582617
-4.651543517159215,-1.8606545647289683,0.018897342975342835
-4.548175883444566,-1.8606545647289683,0.016202729435782142
-4.444808249729917,-1.8606545647289683,0.011522561349020645
-4.341440616015267,-1.8606545647289683,0.005787634456384919
-4.238072982300618,-1.8606545647289683,0.00019024382749003042
-4.134705348585968,-1.8606545647289683,-0.004054419077659274
-4.031337714871319,-1.8606545647289683,-0.005973244124396518
-3.9279700811566705,-1.8606545647289683,-0.00506673187312846
-3.8246024474420213,-1.8606545647289683,-0.0014472213711879576
-3.7212348137273725,-1.8606545647289683,0.004159308796704006
-3.6178671800127233,-1.8606545647289683,0.010559648961650304
-3.514499546298074,-1.8606545647289683,0.016361137571179993
-3.411131912583425,-1.8606545647289683,0.020298864953265446
-3.3077642788687753,-1.8606545647289683,0.02153980075787482
-3.204396645154126,-1.8606545647289683,0.01988294336891654
-3.101029011439477,-1.8606545647289683,0.01579963015953822
-2.9976613777248278,-1.8606545647289683,0.010300626161130302
-2.8942937440101786,-1.8606545647289683,0.004664647611692833
-2.790926110295529,-1.8606545647289683,0.0001023115405522441
-2.6875584765808798,-1.8606545647289683,-0.002552027837670534
-2.5841908428662306,-1.8606545647289683,-0.003036534467113962
-2.4808232091515814,-1.8606545647289683,-0.001695338361700042
-2.3774555754369326,-1.8606545647289683,0.0006539061043820878
-2.2740879417222835,-1.8606545647289683,0.0029735910143384027
-2.1707203080076334,-1.8606545647289683,0.004302891729423408
-2.067352674292984,-1.8606545647289683,0.004011065277142946
-1.9639850405783352,-1.8606545647289683,0.001938599081031329
-1.8606174068636863,-1.8606545647289683,-0.0016046179312145107
-1.757249773149037,-1.8606545647289683,-0.005969849229297746
-1.6538821394343879,-1.8606545647289683,-0.010376957863157897
-1.550514505719738,-1.8606545647289683,-0.014128511271932893
-1.447146872005089,-1.8606545647289683,-0.016765898873200038
-1.3437792382904399,-1.8606545647289683,-0.018128950329751564
-1.2404116045757907,-1.8606545647289683,-0.01831695205215454
-1.1370439708611417,-1.8606545647289683,-0.017582365730639926
-1.0336763371464925,-1.8606545647289683,-0.0162074313242371
-0.9303087034318435,-1.8606545647289683,-0.014412463922102806
-0.8269410697171936,-1.8606545647289683,-0.012324984495652358
-0.7235734360025445,-1.8606545647289683,-0.01000955016101391
-0.6202058022878953,-1.8606545647289683,-0.0075312937010507675
-0.5168381685732463,-1.8606545647289683,-0.00501249186393983
-0.4134705348585972,-1.8606545647289683,-0.002646317059886981
-0.31010290114394806,-1.8606545647289683,-0.0006531793493161148
-0.2067352674292982,-1.8606545647289683,0.0008060897073812266
-0.1033676337146491,-1.8606545647289683,0.0017217170838213008
0.,-1.8606545647289683,0.0022838252218617184
0.1033676337146491,-1.8606545647289683,0.0028530272562327535
0.2067352674292982,-1.8606545647289683,0.003846431476789038
0.31010290114394734,-1.8606545647289683,0.005569115243213585
0.4134705348585964,-1.8606545647289683,0.008050472793621534
0.5168381685732455,-1.8606545647289683,0.010954305130384074
0.6202058022878947,-1.8606545647289683,0.013614766637163968
0.7235734360025438,-1.8606545647289683,0.015210438387624692
0.8269410697171944,-1.8606545647289683,0.015038116575518354
0.9303087034318435,-1.8606545647289683,0.012804027725484135
1.0336763371464925,-1.8606545647289683,0.008830136394601206
1.1370439708611417,-1.8606545647289683,0.004087165715920588
1.2404116045757907,-1.8606545647289683,0.00001296392190331507
1.3437792382904399,-1.8606545647289683,-0.0018577630931137636
1.447146872005089,-1.8606545647289683,-0.0003595473613097372
1.550514505719738,-1.8606545647289683,0.0048782199023212364
1.6538821394343872,-1.8606545647289683,0.013185868714763179
1.7572497731490362,-1.8606545647289683,0.02288653690906357
1.8606174068636854,-1.8606545647289683,0.03162945194164601
1.9639850405783346,-1.8606545647289683,0.03695511011294726
2.0673526742929837,-1.8606545647289683,0.03694825925449347
2.1707203080076343,-1.8606545647289683,0.030797651330259614
2.2740879417222835,-1.8606545647289683,0.019097130175717753
2.3774555754369326,-1.8606545647289683,0.0037885943742338524
2.4808232091515814,-1.8606545647289683,-0.012254214590221755
2.5841908428662306,-1.8606545647289683,-0.02589989968136535
2.6875584765808798,-1.8606545647289683,-0.0345148764917407
2.790926110295529,-1.8606545647289683,-0.036597782101499415
2.894293744010178,-1.8606545647289683,-0.03212298846666251
2.997661377724827,-1.8606545647289683,-0.022504793908390282
3.101029011439476,-1.8606545647289683,-0.010200124370354635
3.2043966451541253,-1.8606545647289683,0.001932812155425752
3.3077642788687744,-1.8606545647289683,0.01133874228944231
3.411131912583425,-1.8606545647289683,0.0163414051651803
3.514499546298074,-1.8606545647289683,0.016445968965186852
3.6178671800127233,-1.8606545647289683,0.012307757254645427
3.7212348137273725,-1.8606545647289683,0.005405782963578652
3.8246024474420213,-1.8606545647289683,-0.00245886846319547
3.9279700811566705,-1.8606545647289683,-0.009678897603157465
4.031337714871319,-1.8606545647289683,-0.015220025654566403
4.134705348585968,-1.8606545647289683,-0.018767773291667737
4.238072982300618,-1.8606545647289683,-0.020626375705125547
4.341440616015267,-1.8606545647289683,-0.021433671795248143
4.444808249729916,-1.8606545647289683,-0.02180901505307631
4.548175883444565,-1.8606545647289683,-0.02206307920532735
4.651543517159214,-1.8606545647289683,-0.022067497046578823
4.754911150873865,-1.8606545647289683,-0.021320978831906017
4.858278784588514,-1.8606545647289683,-0.01917848131267429
4.961646418303163,-1.8606545647289683,-0.015154520396295024
5.065014052017812,-1.8606545647289683,-0.00918839360833089
5.168381685732461,-1.8606545647289683,-0.0017742118414273908
5.27174931944711,-1.8606545647289683,0.006094245678585454
5.3751169531617595,-1.8606545647289683,0.013151343377634472
5.478484586876409,-1.8606545647289683,0.018190577178605758
5.581852220591058,-1.8606545647289683,0.020396026641844017
5.685219854305707,-1.8606545647289683,0.0195719361988942
5.788587488020356,-1.8606545647289683,0.01620072738311794
5.8919551217350055,-1.8606545647289683,0.011313113453835226
5.995322755449654,-1.8606545647289683,0.006210574792505386
6.098690389164305,-1.8606545647289683,0.002122646368057816
6.202058022878954,-1.8606545647289683,-0.00010287124705909558
6.305425656593603,-1.8606545647289683,-0.00019273550968150555
6.408793290308252,-1.8606545647289683,0.0015222523460408743
-6.408793290308252,-1.7572848666884702,0.008573506575943439
-6.305425656593603,-1.7572848666884702,0.010816184668349573
-6.202058022878954,-1.7572848666884702,0.01213073681450921
-6.098690389164304,-1.7572848666884702,0.011698220217345524
-5.995322755449655,-1.7572848666884702,0.009066806244083021
-5.8919551217350055,-1.7572848666884702,0.004325030030447379
-5.788587488020356,-1.7572848666884702,-0.0018552180268175393
-5.685219854305708,-1.7572848666884702,-0.008328750316570032
-5.581852220591058,-1.7572848666884702,-0.013723430030491285
-5.478484586876409,-1.7572848666884702,-0.016767986802039215
-5.3751169531617595,-1.7572848666884702,-0.016620424715507582
-5.27174931944711,-1.7572848666884702,-0.013110183526445135
-5.168381685732461,-1.7572848666884702,-0.006824487435530112
-5.065014052017812,-1.7572848666884702,0.0009932782133410744
-4.961646418303163,-1.7572848666884702,0.008716783076679177
-4.858278784588514,-1.7572848666884702,0.014718297613221933
-4.754911150873865,-1.7572848666884702,0.017763255339058467
-4.651543517159215,-1.7572848666884702,0.017315086467697915
-4.548175883444566,-1.7572848666884702,0.01366808550508292
-4.444808249729917,-1.7572848666884702,0.007870015625782469
-4.341440616015267,-1.7572848666884702,0.0014520677057523839
-4.238072982300618,-1.7572848666884702,-0.00396372098877625
-4.134705348585968,-1.7572848666884702,-0.007075420149749568
-4.031337714871319,-1.7572848666884702,-0.0072208684892313
-3.9279700811566705,-1.7572848666884702,-0.004521566663384413
-3.8246024474420213,-1.7572848666884702,0.00018461174098223417
-3.7212348137273725,-1.7572848666884702,0.005598285393509707
-3.6178671800127233,-1.7572848666884702,0.010325473462317703
-3.514499546298074,-1.7572848666884702,0.01325128020937412
-3.411131912583425,-1.7572848666884702,0.01381613234889855
-3.3077642788687753,-1.7572848666884702,0.012121569284893401
-3.204396645154126,-1.7572848666884702,0.008844344304702004
-3.101029011439477,-1.7572848666884702,0.004994116945629741
-2.9976613777248278,-1.7572848666884702,0.001594256032123761
-2.8942937440101786,-1.7572848666884702,-0.000615831660586349
-2.790926110295529,-1.7572848666884702,-0.0013699356365233935
-2.6875584765808798,-1.7572848666884702,-0.00090638484215019
-2.5841908428662306,-1.7572848666884702,0.0001569718101468875
-2.4808232091515814,-1.7572848666884702,0.0010544815386024275
-2.3774555754369326,-1.7572848666884702,0.001131182043688624
-2.2740879417222835,-1.7572848666884702,0.00004470969344025724
-2.1707203080076334,-1.7572848666884702,-0.0021493383309941195
-2.067352674292984,-1.7572848666884702,-0.005046959609718298
-1.9639850405783352,-1.7572848666884702,-0.008053180444202345
-1.8606174068636863,-1.7572848666884702,-0.010586293073973841
-1.757249773149037,-1.7572848666884702,-0.012256122109708644
-1.6538821394343879,-1.7572848666884702,-0.012957312447645905
-1.550514505719738,-1.7572848666884702,-0.012852235800340598
-1.447146872005089,-1.7572848666884702,-0.012259227912778075
-1.3437792382904399,-1.7572848666884702,-0.011495786589675932
-1.2404116045757907,-1.7572848666884702,-0.01074111465087334
-1.1370439708611417,-1.7572848666884702,-0.009972916415691521
-1.0336763371464925,-1.7572848666884702,-0.009003260023015184
-0.9303087034318435,-1.7572848666884702,-0.007598641627958376
-0.8269410697171936,-1.7572848666884702,-0.005634751976262254
-0.7235734360025445,-1.7572848666884702,-0.0032198960607896297
-0.6202058022878953,-1.7572848666884702,-0.0007293357077108765
-0.5168381685732463,-1.7572848666884702,0.0012760442890495493
-0.4134705348585972,-1.7572848666884702,0.0022298328594141004
-0.31010290114394806,-1.7572848666884702,0.001781521874865759
-0.2067352674292982,-1.7572848666884702,-0.00002061995627874827
-0.1033676337146491,-1.7572848666884702,-0.002660102776252893
0.,-1.7572848666884702,-0.005238393834543206
0.1033676337146491,-1.7572848666884702,-0.0067080925481603345
0.2067352674292982,-1.7572848666884702,-0.006191958512257608
0.31010290114394734,-1.7572848666884702,-0.0032904756696765097
0.4134705348585964,-1.7572848666884702,0.0017256131778193918
0.5168381685732455,-1.7572848666884702,0.007913399917733944
0.6202058022878947,-1.7572848666884702,0.013866848677562578
0.7235734360025438,-1.7572848666884702,0.01809084893461377
0.8269410697171944,-1.7572848666884702,0.01943801605792123
0.9303087034318435,-1.7572848666884702,0.017478304065401143
1.0336763371464925,-1.7572848666884702,0.012682995537188135
1.1370439708611417,-1.7572848666884702,0.006353807126023168
1.2404116045757907,-1.7572848666884702,0.000301226829151157
1.3437792382904399,-1.7572848666884702,-0.003647829315315733
1.447146872005089,-1.7572848666884702,-0.004177619812266782
1.550514505719738,-1.7572848666884702,-0.0008939816477567634
1.6538821394343872,-1.7572848666884702,0.005507185558957759
1.7572497731490362,-1.7572848666884702,0.013372514892778901
1.8606174068636854,-1.7572848666884702,0.02049912738714813
1.9639850405783346,-1.7572848666884702,0.024712658544507955
2.0673526742929837,-1.7572848666884702,0.02445920644823192
2.1707203080076343,-1.7572848666884702,0.019248050317590776
2.2740879417222835,-1.7572848666884702,0.009821214304538162
2.3774555754369326,-1.7572848666884702,-0.001999701281895794
2.4808232091515814,-1.7572848666884702,-0.013750772682410694
2.5841908428662306,-1.7572848666884702,-0.022931399312112227
2.6875584765808798,-1.7572848666884702,-0.027618330164549308
2.790926110295529,-1.7572848666884702,-0.02692827185900743
2.894293744010178,-1.7572848666884702,-0.021212959918095176
2.997661377724827,-1.7572848666884702,-0.011944405605900845
3.101029011439476,-1.7572848666884702,-0.0013306653648522955
3.2043966451541253,-1.7572848666884702,0.00822908174899174
3.3077642788687744,-1.7572848666884702,0.014705171515604146
3.411131912583425,-1.7572848666884702,0.01687310091266125
3.514499546298074,-1.7572848666884702,0.014524772581663075
3.6178671800127233,-1.7572848666884702,0.008420766837265779
3.7212348137273725,-1.7572848666884702,0.000018328607789430846
3.8246024474420213,-1.7572848666884702,-0.00893561229615696
3.9279700811566705,-1.7572848666884702,-0.01683069765205542
4.031337714871319,-1.7572848666884702,-0.02252967417436309
4.134705348585968,-1.7572848666884702,-0.02554126622676522
4.238072982300618,-1.7572848666884702,-0.026006781076910408
4.341440616015267,-1.7572848666884702,-0.02452992223314516
4.444808249729916,-1.7572848666884702,-0.021917813930144612
4.548175883444565,-1.7572848666884702,-0.018916989480546147
4.651543517159214,-1.7572848666884702,-0.016019020786576806
4.754911150873865,-1.7572848666884702,-0.01338158259334528
4.858278784588514,-1.7572848666884702,-0.010872064762685036
4.961646418303163,-1.7572848666884702,-0.00820412593617525
5.065014052017812,-1.7572848666884702,-0.005112920388440188
5.168381685732461,-1.7572848666884702,-0.0015079613313393786
5.27174931944711,-1.7572848666884702,0.002445901211583556
5.3751169531617595,-1.7572848666884702,0.0063437636894591665
5.478484586876409,-1.7572848666884702,0.009645807615677224
5.581852220591058,-1.7572848666884702,0.011838406591316901
5.685219854305707,-1.7572848666884702,0.012600598098969578
5.788587488020356,-1.7572848666884702,0.011923538494327354
5.8919551217350055,-1.7572848666884702,0.01014376177131161
5.995322755449654,-1.7572848666884702,0.007875377465221045
6.098690389164305,-1.7572848666884702,0.005855132370790022
6.202058022878954,-1.7572848666884702,0.004739835179937857
6.305425656593603,-1.7572848666884702,0.0049111510531649446
6.408793290308252,-1.7572848666884702,0.006343852954557417
-6.408793290308252,-1.653915168647972,0.010809731198900902
-6.305425656593603,-1.653915168647972,0.012653807302556589
-6.202058022878954,-1.653915168647972,0.014007520962329417
-6.098690389164304,-1.653915168647972,0.013863672624857812
-5.995322755449655,-1.653915168647972,0.011437086176585069
-5.8919551217350055,-1.653915168647972,0.0064824359753947
-5.788587488020356,-1.653915168647972,-0.0005223320443132745
-5.685219854305708,-1.653915168647972,-0.008401758083082895
-5.581852220591058,-1.653915168647972,-0.015531281110336132
-5.478484586876409,-1.653915168647972,-0.020251449979364268
-5.3751169531617595,-1.653915168647972,-0.0213339734578769
-5.27174931944711,-1.653915168647972,-0.01836106368846531
-5.168381685732461,-1.653915168647972,-0.011897281673432769
-5.065014052017812,-1.653915168647972,-0.003389844523953208
-4.961646418303163,-1.653915168647972,0.005186960036200872
-4.858278784588514,-1.653915168647972,0.01184913524061936
-4.754911150873865,-1.653915168647972,0.015135506379344984
-4.651543517159215,-1.653915168647972,0.014499729587976925
-4.548175883444566,-1.653915168647972,0.010444626577821034
-4.444808249729917,-1.653915168647972,0.004357109248735631
-4.341440616015267,-1.653915168647972,-0.0019084447838299196
-4.238072982300618,-1.653915168647972,-0.006574398083452157
-4.134705348585968,-1.653915168647972,-0.008448970092056234
-4.031337714871319,-1.653915168647972,-0.007248747198522067
-3.9279700811566705,-1.653915168647972,-0.0036409265631041367
-3.8246024474420213,-1.653915168647972,0.001001735949628795
-3.7212348137273725,-1.653915168647972,0.005052020557558096
-3.6178671800127233,-1.653915168647972,0.0071418915265141075
-3.514499546298074,-1.653915168647972,0.0065784443050673925
-3.411131912583425,-1.653915168647972,0.00353553005609792
-3.3077642788687753,-1.653915168647972,-0.0010326729080564912
-3.204396645154126,-1.653915168647972,-0.005721294018900674
-3.101029011439477,-1.653915168647972,-0.009136866614872872
-2.9976613777248278,-1.653915168647972,-0.010341908851705882
-2.8942937440101786,-1.653915168647972,-0.009141357528265446
-2.790926110295529,-1.653915168647972,-0.006124250059952939
-2.6875584765808798,-1.653915168647972,-0.002454512265646909
-2.5841908428662306,-1.653915168647972,0.0005148765125587768
-2.4808232091515814,-1.653915168647972,0.0016756843200560426
-2.3774555754369326,-1.653915168647972,0.0005061865873183087
-2.2740879417222835,-1.653915168647972,-0.002784819748944548
-2.1707203080076334,-1.653915168647972,-0.007349875840905269
-2.067352674292984,-1.653915168647972,-0.011990894301826788
-1.9639850405783352,-1.653915168647972,-0.015541459088526091
-1.8606174068636863,-1.653915168647972,-0.017214993769515543
-1.757249773149037,-1.653915168647972,-0.016807382076153055
-1.6538821394343879,-1.653915168647972,-0.014696149982397474
-1.550514505719738,-1.653915168647972,-0.011649371493430321
-1.447146872005089,-1.653915168647972,-0.008521549457826696
-1.3437792382904399,-1.653915168647972,-0.005949232805689308
-1.2404116045757907,-1.653915168647972,-0.00415458708212069
-1.1370439708611417,-1.653915168647972,-0.0029229416187459604
-1.0336763371464925,-1.653915168647972,-0.001755777152276855
-0.9303087034318435,-1.653915168647972,-0.00013649095422204382
-0.8269410697171936,-1.653915168647972,0.002194968180955942
-0.7235734360025445,-1.653915168647972,0.005066451865035567
-0.6202058022878953,-1.653915168647972,0.007869988828089392
-0.5168381685732463,-1.653915168647972,0.009741586799219534
-0.4134705348585972,-1.653915168647972,0.009868691101182672
-0.31010290114394806,-1.653915168647972,0.007820206710340297
-0.2067352674292982,-1.653915168647972,0.00378001607016158
-0.1033676337146491,-1.653915168647972,-0.0014080444453122055
0.,-1.653915168647972,-0.00641594871781345
0.1033676337146491,-1.653915168647972,-0.009786946870177834
0.2067352674292982,-1.653915168647972,-0.010367274388287846
0.31010290114394734,-1.653915168647972,-0.007680060489334357
0.4134705348585964,-1.653915168647972,-0.0021194840141999485
0.5168381685732455,-1.653915168647972,0.005104966289580281
0.6202058022878947,-1.653915168647972,0.012268621347556057
0.7235734360025438,-1.653915168647972,0.017594856178403704
0.8269410697171944,-1.653915168647972,0.019748101669567558
0.9303087034318435,-1.653915168647972,0.018211600107350425
1.0336763371464925,-1.653915168647972,0.013437280128652921
1.1370439708611417,-1.653915168647972,0.00672182410513536
1.2404116045757907,-1.653915168647972,-0.00015643045932584065
1.3437792382904399,-1.653915168647972,-0.005435129432891333
1.447146872005089,-1.653915168647972,-0.00785694215370801
1.550514505719738,-1.653915168647972,-0.00701081855698577
1.6538821394343872,-1.653915168647972,-0.003430699125901759
1.7572497731490362,-1.653915168647972,0.001572204322811024
1.8606174068636854,-1.653915168647972,0.006291489021613331
1.9639850405783346,-1.653915168647972,0.009111028654492861
2.0673526742929837,-1.653915168647972,0.008957233072484283
2.1707203080076343,-1.653915168647972,0.005595045092445582
2.2740879417222835,-1.653915168647972,-0.00030833349773050925
2.3774555754369326,-1.653915168647972,-0.007362294186467396
2.4808232091515814,-1.653915168647972,-0.013819389201259483
2.5841908428662306,-1.653915168647972,-0.018027841266947002
2.6875584765808798,-1.653915168647972,-0.018850956476787233
2.790926110295529,-1.653915168647972,-0.015949172929151184
2.894293744010178,-1.653915168647972,-0.009860868061676964
2.997661377724827,-1.653915168647972,-0.001871468191107212
3.101029011439476,-1.653915168647972,0.00628783303219976
3.2043966451541253,-1.653915168647972,0.01283297756937919
3.3077642788687744,-1.653915168647972,0.016317206773531403
3.411131912583425,-1.653915168647972,0.015931689166544204
3.514499546298074,-1.653915168647972,0.011656160680812709
3.6178671800127233,-1.653915168647972,0.004236198823105394
3.7212348137273725,-1.653915168647972,-0.004997674998794229
3.8246024474420213,-1.653915168647972,-0.0144219513127865
3.9279700811566705,-1.653915168647972,-0.02245637472649745
4.031337714871319,-1.653915168647972,-0.02787281595792144
4.134705348585968,-1.653915168647972,-0.030014610552732385
4.238072982300618,-1.653915168647972,-0.028885352728644762
4.341440616015267,-1.653915168647972,-0.025094576782938343
4.444808249729916,-1.653915168647972,-0.019678112003832824
4.548175883444565,-1.653915168647972,-0.013837387370496924
4.651543517159214,-1.653915168647972,-0.0086591849871265
4.754911150873865,-1.653915168647972,-0.004881225007743133
4.858278784588514,-1.653915168647972,-0.0027578413064536073
4.961646418303163,-1.653915168647972,-0.002055475597774671
5.065014052017812,-1.653915168647972,-0.002174887688546117
5.168381685732461,-1.653915168647972,-0.0023637494310869947
5.27174931944711,-1.653915168647972,-0.001958594866402575
5.3751169531617595,-1.653915168647972,-0.0005864545673799384
5.478484586876409,-1.653915168647972,0.0017324692693138158
5.581852220591058,-1.653915168647972,0.004610937716397861
5.685219854305707,-1.653915168647972,0.007440438932853753
5.788587488020356,-1.653915168647972,0.009609520149973431
5.8919551217350055,-1.653915168647972,0.010722903186116581
5.995322755449654,-1.653915168647972,0.010746805524357323
6.098690389164305,-1.653915168647972,0.010027387475390804
6.202058022878954,-1.653915168647972,0.009169622118392116
6.305425656593603,-1.653915168647972,0.008811069232455294
6.408793290308252,-1.653915168647972,0.009363768388058122
-6.408793290308252,-1.550545470607474,0.009874949785563168
-6.305425656593603,-1.550545470607474,0.011653355431637322
-6.202058022878954,-1.550545470607474,0.013593082361363432
-6.098690389164304,-1.550545470607474,0.014467686838085605
-5.995322755449655,-1.550545470607474,0.013159938045698438
-5.8919551217350055,-1.550545470607474,0.009094131097954858
-5.788587488020356,-1.550545470607474,0.002520104903659174
-5.685219854305708,-1.550545470607474,-0.005457867102075232
-5.581852220591058,-1.550545470607474,-0.013134239850985927
-5.478484586876409,-1.550545470607474,-0.01867192334339424
-5.3751169531617595,-1.550545470607474,-0.02064845243280551
-5.27174931944711,-1.550545470607474,-0.01850702641120802
-5.168381685732461,-1.550545470607474,-0.012764442755898305
-5.065014052017812,-1.550545470607474,-0.0049006071276052375
-4.961646418303163,-1.550545470607474,0.003046330420259191
-4.858278784588514,-1.550545470607474,0.009060809040984188
-4.754911150873865,-1.550545470607474,0.011729752191434793
-4.651543517159215,-1.550545470607474,0.010641722042050461
-4.548175883444566,-1.550545470607474,0.006480214132966488
-4.444808249729917,-1.550545470607474,0.0007814497898196994
-4.341440616015267,-1.550545470607474,-0.004567021298871822
-4.238072982300618,-1.550545470607474,-0.007928256933361265
-4.134705348585968,-1.550545470607474,-0.008427779595290105
-4.031337714871319,-1.550545470607474,-0.006213748818387823
-3.9279700811566705,-1.550545470607474,-0.0023846956267158733
-3.8246024474420213,-1.550545470607474,0.0013892368327517296
-3.7212348137273725,-1.550545470607474,0.0034274988863525974
-3.6178671800127233,-1.550545470607474,0.0026008869186248083
-3.514499546298074,-1.550545470607474,-0.001287104919441212
-3.411131912583425,-1.550545470607474,-0.007421113034925042
-3.3077642788687753,-1.550545470607474,-0.014220777119482901
-3.204396645154126,-1.550545470607474,-0.019832778472266416
-3.101029011439477,-1.550545470607474,-0.022709471168415762
-2.9976613777248278,-1.550545470607474,-0.02208966410555675
-2.8942937440101786,-1.550545470607474,-0.018230749192017053
-2.790926110295529,-1.550545470607474,-0.012322789592675243
-2.6875584765808798,-1.550545470607474,-0.006117326356807207
-2.5841908428662306,-1.550545470607474,-0.0013932006723207967
-2.4808232091515814,-1.550545470607474,0.0005699948771293158
-2.3774555754369326,-1.550545470607474,-0.0006522400272794673
-2.2740879417222835,-1.550545470607474,-0.004547734910377701
-2.1707203080076334,-1.550545470607474,-0.00987312556745093
-2.067352674292984,-1.550545470607474,-0.015067551826621933
-1.9639850405783352,-1.550545470607474,-0.01873310512806121
-1.8606174068636863,-1.550545470607474,-0.020026376921852343
-1.757249773149037,-1.550545470607474,-0.018842663226920735
-1.6538821394343879,-1.550545470607474,-0.015748815395348916
-1.550514505719738,-1.550545470607474,-0.011706325080155828
-1.447146872005089,-1.550545470607474,-0.007694022136466867
-1.3437792382904399,-1.550545470607474,-0.004367638881215039
-1.2404116045757907,-1.550545470607474,-0.001873437118558909
-1.1370439708611417,-1.550545470607474,0.0001264890719675817
-1.0336763371464925,-1.550545470607474,0.0022371554817101538
-0.9303087034318435,-1.550545470607474,0.005010146100020633
-0.8269410697171936,-1.550545470607474,0.008643654495696389
-0.7235734360025445,-1.550545470607474,0.012818653415794218
-0.6202058022878953,-1.550545470607474,0.016737507008864314
-0.5168381685732463,-1.550545470607474,0.019358870364264903
-0.4134705348585972,-1.550545470607474,0.019752181468829004
-0.31010290114394806,-1.550545470607474,0.017450663424172362
-0.2067352674292982,-1.550545470607474,0.012678626754316342
-0.1033676337146491,-1.550545470607474,0.0063680297260301204
0.,-1.550545470607474,-0.00005245900933337687
0.1033676337146491,-1.550545470607474,-0.005038026746238619
0.2067352674292982,-1.550545470607474,-0.00736373995016952
0.31010290114394734,-1.550545470607474,-0.006482218009310949
0.4134705348585964,-1.550545470607474,-0.0026923004366836137
0.5168381685732455,-1.550545470607474,0.002933886965769174
0.6202058022878947,-1.550545470607474,0.008844057431788527
0.7235734360025438,-1.550545470607474,0.013431368682011157
0.8269410697171944,-1.550545470607474,0.01546676280200232
0.9303087034318435,-1.550545470607474,0.014413527844464544
1.0336763371464925,-1.550545470607474,0.010538349453702729
1.1370439708611417,-1.550545470607474,0.004796079888926464
1.2404116045757907,-1.550545470607474,-0.0014676769596380936
1.3437792382904399,-1.550545470607474,-0.006901723962015149
1.447146872005089,-1.550545470607474,-0.010508126034395307
1.550514505719738,-1.550545470607474,-0.011875770052837947
1.6538821394343872,-1.550545470607474,-0.01123246396219663
1.7572497731490362,-1.550545470607474,-0.009315234415270922
1.8606174068636854,-1.550545470607474,-0.007109829686744858
1.9639850405783346,-1.550545470607474,-0.005542731772798879
2.0673526742929837,-1.550545470607474,-0.005214740214412337
2.1707203080076343,-1.550545470607474,-0.00624555208142405
2.2740879417222835,-1.550545470607474,-0.008262172289514473
2.3774555754369326,-1.550545470607474,-0.010522731958284341
2.4808232091515814,-1.550545470607474,-0.012133275622834106
2.5841908428662306,-1.550545470607474,-0.01229632074300212
2.6875584765808798,-1.550545470607474,-0.010528896373736937
2.790926110295529,-1.550545470607474,-0.006801465830185614
2.894293744010178,-1.550545470607474,-0.0015714711076910339
2.997661377724827,-1.550545470607474,0.004290626822293723
3.101029011439476,-1.550545470607474,0.009664297760298604
3.2043966451541253,-1.550545470607474,0.01339794278170773
3.3077642788687744,-1.550545470607474,0.014543192023892653
3.411131912583425,-1.550545470607474,0.012561763596366802
3.514499546298074,-1.550545470607474,0.007465314188414183
3.6178671800127233,-1.550545470607474,-0.00014288585511116017
3.7212348137273725,-1.550545470607474,-0.009141423220778105
3.8246024474420213,-1.550545470607474,-0.018076395274390228
3.9279700811566705,-1.550545470607474,-0.025432555764558606
4.031337714871319,-1.550545470607474,-0.029940205213831346
4.134705348585968,-1.550545470607474,-0.030852122921973712
4.238072982300618,-1.550545470607474,-0.028122530836336
4.341440616015267,-1.550545470607474,-0.022435507144352575
4.444808249729916,-1.550545470607474,-0.015062723381400031
4.548175883444565,-1.550545470607474,-0.007573362195496432
4.651543517159214,-1.550545470607474,-0.001461306863857601
4.754911150873865,-1.550545470607474,0.0022168486694300483
4.858278784588514,-1.550545470607474,0.0030953041916280477
4.961646418303163,-1.550545470607474,0.0015707395637525906
5.065014052017812,-1.550545470607474,-0.0013329903094968381
5.168381685732461,-1.550545470607474,-0.004273189336154101
5.27174931944711,-1.550545470607474,-0.005983262618346604
5.3751169531617595,-1.550545470607474,-0.005639084328056919
5.478484586876409,-1.550545470607474,-0.003087174508232923
5.581852220591058,-1.550545470607474,0.0011348492715515146
5.685219854305707,-1.550545470607474,0.00599157067554345
5.788587488020356,-1.550545470607474,0.010295336042212602
5.8919551217350055,-1.550545470607474,0.013092854551723885
5.995322755449654,-1.550545470607474,0.013966642917172471
6.098690389164305,-1.550545470607474,0.013151165810291816
6.202058022878954,-1.550545470607474,0.011423457527707242
6.305425656593603,-1.550545470607474,0.009803087978382394
6.408793290308252,-1.550545470607474,0.009161972658666797
-6.408793290308252,-1.4471757725669758,0.005471975797907443
-6.305425656593603,-1.4471757725669758,0.007703252569207262
-6.202058022878954,-1.4471757725669758,0.010721895262599214
-6.098690389164304,-1.4471757725669758,0.013054775228566528
-5.995322755449655,-1.4471757725669758,0.013326387519190663
-5.8919551217350055,-1.4471757725669758,0.010753441750073145
-5.788587488020356,-1.4471757725669758,0.005455849346328151
-5.685219854305708,-1.4471757725669758,-0.001524896806315827
-5.581852220591058,-1.4471757725669758,-0.008513793367317144
-5.478484586876409,-1.4471757725669758,-0.013709345193447676
-5.3751169531617595,-1.4471757725669758,-0.015748031479859002
-5.27174931944711,-1.4471757725669758,-0.014142973684173893
-5.168381685732461,-1.4471757725669758,-0.009451945033841296
-5.065014052017812,-1.4471757725669758,-0.003116417913805703
-4.961646418303163,-1.4471757725669758,0.0029799653213808965
-4.858278784588514,-1.4471757725669758,0.007093258030342173
-4.754911150873865,-1.4471757725669758,0.008154515401702998
-4.651543517159215,-1.4471757725669758,0.006085856338535963
-4.548175883444566,-1.4471757725669758,0.0017953697998834616
-4.444808249729917,-1.4471757725669758,-0.0031466726695606635
-4.341440616015267,-1.4471757725669758,-0.007043976586372113
-4.238072982300618,-1.4471757725669758,-0.008647128454309178
-4.134705348585968,-1.4471757725669758,-0.0075756093133723485
-4.031337714871319,-1.4471757725669758,-0.004450528083767228
-3.9279700811566705,-1.4471757725669758,-0.0006940492207464124
-3.8246024474420213,-1.4471757725669758,0.001939904984672222
-3.7212348137273725,-1.4471757725669758,0.0019516900145070504
-3.6178671800127233,-1.4471757725669758,-0.001391124694283219
-3.514499546298074,-1.4471757725669758,-0.007780021182600719
-3.411131912583425,-1.4471757725669758,-0.015919900555288163
-3.3077642788687753,-1.4471757725669758,-0.0238952158262292
-3.204396645154126,-1.4471757725669758,-0.029732515006830055
-3.101029011439477,-1.4471757725669758,-0.0319830369534663
-2.9976613777248278,-1.4471757725669758,-0.03014502630025699
-2.8942937440101786,-1.4471757725669758,-0.02479872592816198
-2.790926110295529,-1.4471757725669758,-0.017419303736447088
-2.6875584765808798,-1.4471757725669758,-0.009933827416821639
-2.5841908428662306,-1.4471757725669758,-0.004165363394576999
-2.4808232091515814,-1.4471757725669758,-0.001336495725302497
-2.3774555754369326,-1.4471757725669758,-0.0017783285760697624
-2.2740879417222835,-1.4471757725669758,-0.004919828528428391
-2.1707203080076334,-1.4471757725669758,-0.009540860374083953
-2.067352674292984,-1.4471757725669758,-0.014190819354673478
-1.9639850405783352,-1.4471757725669758,-0.017629236355051658
-1.8606174068636863,-1.4471757725669758,-0.01914818791658229
-1.757249773149037,-1.4471757725669758,-0.0186851975595068
-1.6538821394343879,-1.4471757725669758,-0.01671116826976003
-1.550514505719738,-1.4471757725669758,-0.013954202424965768
-1.447146872005089,-1.4471757725669758,-0.011071429279883983
-1.3437792382904399,-1.4471757725669758,-0.008391160354770819
-1.2404116045757907,-1.4471757725669758,-0.005815317285457291
-1.1370439708611417,-1.4471757725669758,-0.0029100575836375985
-1.0336763371464925,-1.4471757725669758,0.0008566709453902195
-0.9303087034318435,-1.4471757725669758,0.005824229523479418
-0.8269410697171936,-1.4471757725669758,0.011906606331693576
-0.7235734360025445,-1.4471757725669758,0.018508003188319293
-0.6202058022878953,-1.4471757725669758,0.02462416946642228
-0.5168381685732463,-1.4471757725669758,0.02910206147659287
-0.4134705348585972,-1.4471757725669758,0.030975518693910502
-0.31010290114394806,-1.4471757725669758,0.029768077713075474
-0.2067352674292982,-1.4471757725669758,0.025664042754825988
-0.1033676337146491,-1.4471757725669758,0.01949129350030298
0.,-1.4471757725669758,0.012519244164849334
0.1033676337146491,-1.4471757725669758,0.006132827212657668
0.2067352674292982,-1.4471757725669758,0.0014799240897839878
0.31010290114394734,-1.4471757725669758,-0.0008055162513057742
0.4134705348585964,-1.4471757725669758,-0.0007293653168919652
0.5168381685732455,-1.4471757725669758,0.0011146094243106681
0.6202058022878947,-1.4471757725669758,0.003747756195932286
0.7235734360025438,-1.4471757725669758,0.00609231720656554
0.8269410697171944,-1.4471757725669758,0.007253951405703643
0.9303087034318435,-1.4471757725669758,0.006724547898357127
1.0336763371464925,-1.4471757725669758,0.004460125839255416
1.1370439708611417,-1.4471757725669758,0.0008296135297948494
1.2404116045757907,-1.4471757725669758,-0.003532720959801985
1.3437792382904399,-1.4471757725669758,-0.007916335153155696
1.447146872005089,-1.4471757725669758,-0.011707665398153268
1.550514505719738,-1.4471757725669758,-0.014505164564643357
1.6538821394343872,-1.4471757725669758,-0.016158400423085115
1.7572497731490362,-1.4471757725669758,-0.016738366804553338
1.8606174068636854,-1.4471757725669758,-0.016463280251240348
1.9639850405783346,-1.4471757725669758,-0.015609734195365724
2.0673526742929837,-1.4471757725669758,-0.01443423984048881
2.1707203080076343,-1.4471757725669758,-0.013119541115369796
2.2740879417222835,-1.4471757725669758,-0.011749350865466222
2.3774555754369326,-1.4471757725669758,-0.010308483790497331
2.4808232091515814,-1.4471757725669758,-0.008703807106497978
2.5841908428662306,-1.4471757725669758,-0.0068029440084803935
2.6875584765808798,-1.4471757725669758,-0.0044886132024979895
2.790926110295529,-1.4471757725669758,-0.0017238882628468231
2.894293744010178,-1.4471757725669758,0.0013829224516670006
2.997661377724827,-1.4471757725669758,0.004532906020127497
3.101029011439476,-1.4471757725669758,0.007234004263172685
3.2043966451541253,-1.4471757725669758,0.008860413421317957
3.3077642788687744,-1.4471757725669758,0.008778430478995947
3.411131912583425,-1.4471757725669758,0.006520741713494726
3.514499546298074,-1.4471757725669758,0.001967673086750684
3.6178671800127233,-1.4471757725669758,-0.00452119515434732
3.7212348137273725,-1.4471757725669758,-0.012080180022615447
3.8246024474420213,-1.4471757725669758,-0.019448995193860417
3.9279700811566705,-1.4471757725669758,-0.025218086876785985
4.031337714871319,-1.4471757725669758,-0.02815909742925606
4.134705348585968,-1.4471757725669758,-0.027555956583527417
4.238072982300618,-1.4471757725669758,-0.023438515114548683
4.341440616015267,-1.4471757725669758,-0.016637207042168842
4.444808249729916,-1.4471757725669758,-0.008622434190688772
4.548175883444565,-1.4471757725669758,-0.0011546227391935776
4.651543517159214,-1.4471757725669758,0.004168507497339249
4.754911150873865,-1.4471757725669758,0.006342068809025462
4.858278784588514,-1.4471757725669758,0.0052336842689963145
4.961646418303163,-1.4471757725669758,0.0016226030053070127
5.065014052017812,-1.4471757725669758,-0.00302322887028278
5.168381685732461,-1.4471757725669758,-0.006974217380883191
5.27174931944711,-1.4471757725669758,-0.008747175612473176
5.3751169531617595,-1.4471757725669758,-0.007542066018077572
5.478484586876409,-1.4471757725669758,-0.0034730027638191466
5.581852220591058,-1.4471757725669758,0.0024797311316174155
5.685219854305707,-1.4471757725669758,0.008783587617707405
5.788587488020356,-1.4471757725669758,0.01383619485094639
5.8919551217350055,-1.4471757725669758,0.01646405352416687
5.995322755449654,-1.4471757725669758,0.016278381236757438
6.098690389164305,-1.4471757725669758,0.013773638456470378
6.202058022878954,-1.4471757725669758,0.010136904189818493
6.305425656593603,-1.4471757725669758,0.006830552560303495
6.408793290308252,-1.4471757725669758,0.005085803964187963
-6.408793290308252,-1.3438060745264775,-0.0018035609696244424
-6.305425656593603,-1.3438060745264775,0.0014169824130748421
-6.202058022878954,-1.3438060745264775,0.005802106322356518
-6.098690389164304,-1.3438060745264775,0.009626780391881832
-5.995322755449655,-1.3438060745264775,0.011386801663198099
-5.8919551217350055,-1.3438060745264775,0.010294664291042277
-5.788587488020356,-1.3438060745264775,0.006531932299048648
-5.685219854305708,-1.3438060745264775,0.0011780233270190727
-5.581852220591058,-1.3438060745264775,-0.004157506472817601
-5.478484586876409,-1.3438060745264775,-0.007874543767810287
-5.3751169531617595,-1.3438060745264775,-0.008913497636599531
-5.27174931944711,-1.3438060745264775,-0.007101794433888456
-5.168381685732461,-1.3438060745264775,-0.003202269117915673
-5.065014052017812,-1.3438060745264775,0.0013502702147290032
-4.961646418303163,-1.3438060745264775,0.0049342911533514795
-4.858278784588514,-1.3438060745264775,0.006285333512093207
-4.754911150873865,-1.3438060745264775,0.004916447519098815
-4.651543517159215,-1.3438060745264775,0.0012752177272237193
-4.548175883444566,-1.3438060745264775,-0.0034145509090192884
-4.444808249729917,-1.3438060745264775,-0.007573442639864016
-4.341440616015267,-1.3438060745264775,-0.009809313749621464
-4.238072982300618,-1.3438060745264775,-0.00940204835001449
-4.134705348585968,-1.3438060745264775,-0.006569016899925089
-4.031337714871319,-1.3438060745264775,-0.002422154303591462
-3.9279700811566705,-1.3438060745264775,0.0013715486400950798
-3.8246024474420213,-1.3438060745264775,0.003117929431508198
-3.7212348137273725,-1.3438060745264775,0.0016431205618457503
-3.6178671800127233,-1.3438060745264775,-0.0033137135689632865
-3.514499546298074,-1.3438060745264775,-0.010986159682367916
-3.411131912583425,-1.3438060745264775,-0.0197793422785013
-3.3077642788687753,-1.3438060745264775,-0.02771758804613144
-3.204396645154126,-1.3438060745264775,-0.033000738771464096
-3.101029011439477,-1.3438060745264775,-0.03449899646797695
-2.9976613777248278,-1.3438060745264775,-0.03204062403468375
-2.8942937440101786,-1.3438060745264775,-0.02641592809251981
-2.790926110295529,-1.3438060745264775,-0.019111006652006313
-2.6875584765808798,-1.3438060745264775,-0.011866211130527689
-2.5841908428662306,-1.3438060745264775,-0.006201628594906848
-2.4808232091515814,-1.3438060745264775,-0.003051803649436946
-2.3774555754369326,-1.3438060745264775,-0.0026070834026854037
-2.2740879417222835,-1.3438060745264775,-0.004386491257657956
-2.1707203080076334,-1.3438060745264775,-0.007492123899053221
-2.067352674292984,-1.3438060745264775,-0.010942303637675777
-1.9639850405783352,-1.3438060745264775,-0.013965942108542151
-1.8606174068636863,-1.3438060745264775,-0.016166052221564704
-1.757249773149037,-1.3438060745264775,-0.01751474650720314
-1.6538821394343879,-1.3438060745264775,-0.018204976697665187
-1.550514505719738,-1.3438060745264775,-0.018433609545708746
-1.447146872005089,-1.3438060745264775,-0.018210009474635427
-1.3437792382904399,-1.3438060745264775,-0.01726903603273822
-1.2404116045757907,-1.3438060745264775,-0.015124467477912684
-1.1370439708611417,-1.3438060745264775,-0.011244720224724758
-1.0336763371464925,-1.3438060745264775,-0.005286830912544373
-0.9303087034318435,-1.3438060745264775,0.002697274222033036
-0.8269410697171936,-1.3438060745264775,0.012159445176234658
-0.7235734360025445,-1.3438060745264775,0.022100814779851825
-0.6202058022878953,-1.3438060745264775,0.03125720908027525
-0.5168381685732463,-1.3438060745264775,0.03837218042371266
-0.4134705348585972,-1.3438060745264775,0.042478513461056994
-0.31010290114394806,-1.3438060745264775,0.043108596773961776
-0.2067352674292982,-1.3438060745264775,0.04037862120405517
-0.1033676337146491,-1.3438060745264775,0.03493152711573264
0.,-1.3438060745264775,0.027764947979965635
0.1033676337146491,-1.3438060745264775,0.01999977330059545
0.2067352674292982,-1.3438060745264775,0.012654271943109193
0.31010290114394734,-1.3438060745264775,0.006477397319859427
0.4134705348585964,-1.3438060745264775,0.0018693648361614848
0.5168381685732455,-1.3438060745264775,-0.0011116918258928788
0.6202058022878947,-1.3438060745264775,-0.002680888817957423
0.7235734360025438,-1.3438060745264775,-0.003229162376570529
0.8269410697171944,-1.3438060745264775,-0.003226804108206156
0.9303087034318435,-1.3438060745264775,-0.0031445180972878646
1.0336763371464925,-1.3438060745264775,-0.003394102518542702
1.1370439708611417,-1.3438060745264775,-0.004281906163043109
1.2404116045757907,-1.3438060745264775,-0.005968179158982375
1.3437792382904399,-1.3438060745264775,-0.008432955521338216
1.447146872005089,-1.3438060745264775,-0.011458888134337925
1.550514505719738,-1.3438060745264775,-0.014646901291785766
1.6538821394343872,-1.3438060745264775,-0.017476899695550455
1.7572497731490362,-1.3438060745264775,-0.019412628169906746
1.8606174068636854,-1.3438060745264775,-0.02003152817120947
1.9639850405783346,-1.3438060745264775,-0.019144787535057137
2.0673526742929837,-1.3438060745264775,-0.01686756023601354
2.1707203080076343,-1.3438060745264775,-0.013609016075488915
2.2740879417222835,-1.3438060745264775,-0.00997521278994677
2.3774555754369326,-1.3438060745264775,-0.006607609208169639
2.4808232091515814,-1.3438060745264775,-0.0040055578395098365
2.5841908428662306,-1.3438060745264775,-0.0023918539159682134
2.6875584765808798,-1.3438060745264775,-0.0016704489797845468
2.790926110295529,-1.3438060745264775,-0.0014962007453796211
2.894293744010178,-1.3438060745264775,-0.0014370241488528873
2.997661377724827,-1.3438060745264775,-0.0011728603379772314
3.101029011439476,-1.3438060745264775,-0.0006573304726259605
3.2043966451541253,-1.3438060745264775,-0.00017539985047880781
3.3077642788687744,-1.3438060745264775,-0.0002635226995517596
3.411131912583425,-1.3438060745264775,-0.0015076578739904854
3.514499546298074,-1.3438060745264775,-0.0042826035356668506
3.6178671800127233,-1.3438060745264775,-0.008525507203055208
3.7212348137273725,-1.3438060745264775,-0.013634654303887946
3.8246024474420213,-1.3438060745264775,-0.01854946736980113
3.9279700811566705,-1.3438060745264775,-0.022008680152897808
4.031337714871319,-1.3438060745264775,-0.022919834926354368
4.134705348585968,-1.3438060745264775,-0.020726790062616463
4.238072982300618,-1.3438060745264775,-0.015650629908251005
4.341440616015267,-1.3438060745264775,-0.008710067336234703
4.444808249729916,-1.3438060745264775,-0.0014928247997401146
4.548175883444565,-1.3438060745264775,0.0042702294360586245
4.651543517159214,-1.3438060745264775,0.00720746029614197
4.754911150873865,-1.3438060745264775,0.0067310332307354915
4.858278784588514,-1.3438060745264775,0.0032445542649762417
4.961646418303163,-1.3438060745264775,-0.0019435730761353741
5.065014052017812,-1.3438060745264775,-0.006988120350494764
5.168381685732461,-1.3438060745264775,-0.01005292862079951
5.27174931944711,-1.3438060745264775,-0.009870437795274422
5.3751169531617595,-1.3438060745264775,-0.0061403906047043395
5.478484586876409,-1.3438060745264775,0.00036105462531921067
5.581852220591058,-1.3438060745264775,0.008002086296498664
5.685219854305707,-1.3438060745264775,0.014782447048520067
5.788587488020356,-1.3438060745264775,0.01893802384552727
5.8919551217350055,-1.3438060745264775,0.01947440146819711
5.995322755449654,-1.3438060745264775,0.01646151931052205
6.098690389164305,-1.3438060745264775,0.010996324637609717
6.202058022878954,-1.3438060745264775,0.004845712737271951
6.305425656593603,-1.3438060745264775,-0.00011581482120613151
6.408793290308252,-1.3438060745264775,-0.002493679380225257
-6.408793290308252,-1.2404363764859794,-0.010586437297150041
-6.305425656593603,-1.2404363764859794,-0.0060131817983449815
-6.202058022878954,-1.2404363764859794,-0.00026770728698264
-6.098690389164304,-1.2404363764859794,0.0047076742671368875
-5.995322755449655,-1.2404363764859794,0.007430097360285424
-5.8919551217350055,-1.2404363764859794,0.007319124856462347
-5.788587488020356,-1.2404363764859794,0.004820560568884703
-5.685219854305708,-1.2404363764859794,0.0011825903174795388
-5.581852220591058,-1.2404363764859794,-0.0020285641264077723
-5.478484586876409,-1.2404363764859794,-0.003501974364342758
-5.3751169531617595,-1.2404363764859794,-0.00264731360485056
-5.27174931944711,-1.2404363764859794,0.00020404840930911885
-5.168381685732461,-1.2404363764859794,0.003925941640759952
-5.065014052017812,-1.2404363764859794,0.0070037616453950185
-4.961646418303163,-1.2404363764859794,0.008077503321188855
-4.858278784588514,-1.2404363764859794,0.006433738556277109
-4.754911150873865,-1.2404363764859794,0.002277636773763459
-4.651543517159215,-1.2404363764859794,-0.0033084397227835256
-4.548175883444566,-1.2404363764859794,-0.00870714947218702
-4.444808249729917,-1.2404363764859794,-0.012295667196674019
-4.341440616015267,-1.2404363764859794,-0.01298676666087099
-4.238072982300618,-1.2404363764859794,-0.010602529216387917
-4.134705348585968,-1.2404363764859794,-0.005957597986146724
-4.031337714871319,-1.2404363764859794,-0.0006245576935804874
-3.9279700811566705,-1.2404363764859794,0.003542708752741687
-3.8246024474420213,-1.2404363764859794,0.004974965732184097
-3.7212348137273725,-1.2404363764859794,0.0028642187473645114
-3.6178671800127233,-1.2404363764859794,-0.002595522331211421
-3.514499546298074,-1.2404363764859794,-0.010271608758369603
-3.411131912583425,-1.2404363764859794,-0.01843116500939179
-3.3077642788687753,-1.2404363764859794,-0.025241069965570354
-3.204396645154126,-1.2404363764859794,-0.029271356700236558
-3.101029011439477,-1.2404363764859794,-0.029851575679464597
-2.9976613777248278,-1.2404363764859794,-0.027184651510398977
-2.8942937440101786,-1.2404363764859794,-0.0222046664805958
-2.790926110295529,-1.2404363764859794,-0.016245616541735612
-2.6875584765808798,-1.2404363764859794,-0.010641242456793456
-2.5841908428662306,-1.2404363764859794,-0.006385922296469155
-2.4808232091515814,-1.2404363764859794,-0.003953063393605222
-2.3774555754369326,-1.2404363764859794,-0.0033048380189393757
-2.2740879417222835,-1.2404363764859794,-0.004058821720708767
-2.1707203080076334,-1.2404363764859794,-0.0057269623003009295
-2.067352674292984,-1.2404363764859794,-0.00792642774049096
-1.9639850405783352,-1.2404363764859794,-0.010483434885249018
-1.8606174068636863,-1.2404363764859794,-0.013399981474943588
-1.757249773149037,-1.2404363764859794,-0.016710227164760887
-1.6538821394343879,-1.2404363764859794,-0.020296974283285515
-1.550514505719738,-1.2404363764859794,-0.02375388329197585
-1.447146872005089,-1.2404363764859794,-0.026361255842236177
-1.3437792382904399,-1.2404363764859794,-0.027200024416504473
-1.2404116045757907,-1.2404363764859794,-0.025376448011249553
-1.1370439708611417,-1.2404363764859794,-0.02028800018018089
-1.0336763371464925,-1.2404363764859794,-0.011843837709497925
-0.9303087034318435,-1.2404363764859794,-0.0005664592448262731
-0.8269410697171936,-1.2404363764859794,0.012460819464979825
-0.7235734360025445,-1.2404363764859794,0.025787155029940393
-0.6202058022878953,-1.2404363764859794,0.037872399277199806
-0.5168381685732463,-1.2404363764859794,0.047372425431101255
-0.4134705348585972,-1.2404363764859794,0.05335821705051504
-0.31010290114394806,-1.2404363764859794,0.05542274079133598
-0.2067352674292982,-1.2404363764859794,0.053668430701716625
-0.1033676337146491,-1.2404363764859794,0.04860377116258521
0.,-1.2404363764859794,0.040997796666826
0.1033676337146491,-1.2404363764859794,0.03174094701952828
0.2067352674292982,-1.2404363764859794,0.021742635745585968
0.31010290114394734,-1.2404363764859794,0.011869803888536447
0.4134705348585964,-1.2404363764859794,0.002908784584050388
0.5168381685732455,-1.2404363764859794,-0.00447547022909349
0.6202058022878947,-1.2404363764859794,-0.009800298173835589
0.7235734360025438,-1.2404363764859794,-0.012843288169924106
0.8269410697171944,-1.2404363764859794,-0.01371177168006045
0.9303087034318435,-1.2404363764859794,-0.012865594460582904
1.0336763371464925,-1.2404363764859794,-0.011059817334849389
1.1370439708611417,-1.2404363764859794,-0.009197117327036592
1.2404116045757907,-1.2404363764859794,-0.008113546395850876
1.3437792382904399,-1.2404363764859794,-0.008352944649316501
1.447146872005089,-1.2404363764859794,-0.01000107419451224
1.550514505719738,-1.2404363764859794,-0.012641703770360096
1.6538821394343872,-1.2404363764859794,-0.015463522316688417
1.7572497731490362,-1.2404363764859794,-0.01749854585745935
1.8606174068636854,-1.2404363764859794,-0.01792590323315686
1.9639850405783346,-1.2404363764859794,-0.016346807213158898
2.0673526742929837,-1.2404363764859794,-0.012938946950280404
2.1707203080076343,-1.2404363764859794,-0.00843303573448521
2.2740879417222835,-1.2404363764859794,-0.003910852056981731
2.3774555754369326,-1.2404363764859794,-0.00048424492910918666
2.4808232091515814,-1.2404363764859794,0.0010427209856310985
2.5841908428662306,-1.2404363764859794,0.00041692663844750106
2.6875584765808798,-1.2404363764859794,-0.0019980837562880694
2.790926110295529,-1.2404363764859794,-0.005358061840149296
2.894293744010178,-1.2404363764859794,-0.008631074145515201
2.997661377724827,-1.2404363764859794,-0.010947630551549698
3.101029011439476,-1.2404363764859794,-0.011886154635976398
3.2043966451541253,-1.2404363764859794,-0.011592595482350995
3.3077642788687744,-1.2404363764859794,-0.010690070486623243
3.411131912583425,-1.2404363764859794,-0.010008972425237631
3.514499546298074,-1.2404363764859794,-0.010233982219751437
3.6178671800127233,-1.2404363764859794,-0.011597981825934887
3.7212348137273725,-1.2404363764859794,-0.013740699491810487
3.8246024474420213,-1.2404363764859794,-0.01579456423302971
3.9279700811566705,-1.2404363764859794,-0.01667971418537146
4.031337714871319,-1.2404363764859794,-0.015512117360449967
4.134705348585968,-1.2404363764859794,-0.011981316131044056
4.238072982300618,-1.2404363764859794,-0.006555778419789392
4.341440616015267,-1.2404363764859794,-0.00042613062835993314
4.444808249729916,-1.2404363764859794,0.0048162489939112445
4.548175883444565,-1.2404363764859794,0.007674545006112228
4.651543517159214,-1.2404363764859794,0.0072579533920851865
4.754911150873865,-1.2404363764859794,0.0036352329320425026
4.858278784588514,-1.2404363764859794,-0.0021010584421144902
4.961646418303163,-1.2404363764859794,-0.008101388481532678
5.065014052017812,-1.2404363764859794,-0.012290531585758196
5.168381685732461,-1.2404363764859794,-0.013005492877346383
5.27174931944711,-1.2404363764859794,-0.009539520658779811
5.3751169531617595,-1.2404363764859794,-0.002413444639705404
5.478484586876409,-1.2404363764859794,0.006723151937808065
5.581852220591058,-1.2404363764859794,0.015542714014707545
5.685219854305707,-1.2404363764859794,0.021711232881890908
5.788587488020356,-1.2404363764859794,0.02357606057860111
5.8919551217350055,-1.2404363764859794,0.02065682285478172
5.995322755449654,-1.2404363764859794,0.01378581461368972
6.098690389164305,-1.2404363764859794,0.004853664252865138
6.202058022878954,-1.2404363764859794,-0.003759769820526064
6.305425656593603,-1.2404363764859794,-0.009890505097085256
6.408793290308252,-1.2404363764859794,-0.012211386556304112
-6.408793290308252,-1.1370666784454813,-0.01908325518113093
-6.305425656593603,-1.1370666784454813,-0.013121062457417638
-6.202058022878954,-1.1370666784454813,-0.006320227357081595
-6.098690389164304,-1.1370666784454813,-0.0007558143584960984
-5.995322755449655,-1.1370666784454813,0.002239651681435619
-5.8919551217350055,-1.1370666784454813,0.0024318699240622496
-5.788587488020356,-1.1370666784454813,0.0006496206543778723
-5.685219854305708,-1.1370666784454813,-0.001611082866246277
-5.581852220591058,-1.1370666784454813,-0.0027938879181980242
-5.478484586876409,-1.1370666784454813,-0.001883838302425912
-5.3751169531617595,-1.1370666784454813,0.0012046034088331527
-5.27174931944711,-1.1370666784454813,0.005583966201954379
-5.168381685732461,-1.1370666784454813,0.009704781952871182
-5.065014052017812,-1.1370666784454813,0.011909473510244553
-4.961646418303163,-1.1370666784454813,0.01103530113576439
-4.858278784588514,-1.1370666784454813,0.006857326363843289
-4.754911150873865,-1.1370666784454813,0.00021812017859776882
-4.651543517159215,-1.1370666784454813,-0.007202144383016051
-4.548175883444566,-1.1370666784454813,-0.013400239730061285
-4.444808249729917,-1.1370666784454813,-0.016679285374754108
-4.341440616015267,-1.1370666784454813,-0.016186251539236043
-4.238072982300618,-1.1370666784454813,-0.012183036664293597
-4.134705348585968,-1.1370666784454813,-0.005965970451947425
-4.031337714871319,-1.1370666784454813,0.0005357429643990323
-3.9279700811566705,-1.1370666784454813,0.005349098140183841
-3.8246024474420213,-1.1370666784454813,0.007043650038292345
-3.7212348137273725,-1.1370666784454813,0.005131934639878942
-3.6178671800127233,-1.1370666784454813,0.0001670111896572671
-3.514499546298074,-1.1370666784454813,-0.006478206556500822
-3.411131912583425,-1.1370666784454813,-0.013063135287458292
-3.3077642788687753,-1.1370666784454813,-0.01800776641047138
-3.204396645154126,-1.1370666784454813,-0.020327195249214752
-3.101029011439477,-1.1370666784454813,-0.019844782651501195
-2.9976613777248278,-1.1370666784454813,-0.017137759840059077
-2.8942937440101786,-1.1370666784454813,-0.013260309480990384
-2.790926110295529,-1.1370666784454813,-0.009358707242291838
-2.6875584765808798,-1.1370666784454813,-0.006318578362152236
-2.5841908428662306,-1.1370666784454813,-0.0045596540070468915
-2.4808232091515814,-1.1370666784454813,-0.004030272135456291
-2.3774555754369326,-1.1370666784454813,-0.004376805390646582
-2.2740879417222835,-1.1370666784454813,-0.005200471855272681
-2.1707203080076334,-1.1370666784454813,-0.0062874326423591085
-2.067352674292984,-1.1370666784454813,-0.007715631383464864
-1.9639850405783352,-1.1370666784454813,-0.009795200599777105
-1.8606174068636863,-1.1370666784454813,-0.012867491868481478
-1.757249773149037,-1.1370666784454813,-0.017045194043422036
-1.6538821394343879,-1.1370666784454813,-0.022001558742292815
-1.550514505719738,-1.1370666784454813,-0.0269015303196889
-1.447146872005089,-1.1370666784454813,-0.03051765290989049
-1.3437792382904399,-1.1370666784454813,-0.03150750773831326
-1.2404116045757907,-1.1370666784454813,-0.028771099764291586
-1.1370439708611417,-1.1370666784454813,-0.021776770778306802
-1.0336763371464925,-1.1370666784454813,-0.010752958759626206
-0.9303087034318435,-1.1370666784454813,0.003313405143821705
-0.8269410697171936,-1.1370666784454813,0.01886890290602752
-0.7235734360025445,-1.1370666784454813,0.034114321628277246
-0.6202058022878953,-1.1370666784454813,0.047357027049311246
-0.5168381685732463,-1.1370666784454813,0.05729708784888355
-0.4134705348585972,-1.1370666784454813,0.06318079007436662
-0.31010290114394806,-1.1370666784454813,0.06480582085611984
-0.2067352674292982,-1.1370666784454813,0.062412515800231376
-0.1033676337146491,-1.1370666784454813,0.05652689852616382
0.,-1.1370666784454813,0.04782365438470837
0.1033676337146491,-1.1370666784454813,0.03705218694458061
0.2067352674292982,-1.1370666784454813,0.02502869492911976
0.31010290114394734,-1.1370666784454813,0.01265959402957096
0.4134705348585964,-1.1370666784454813,0.0009428782449336352
0.5168381685732455,-1.1370666784454813,-0.009097578975811484
0.6202058022878947,-1.1370666784454813,-0.016557375395072724
0.7235734360025438,-1.1370666784454813,-0.02084616910057971
0.8269410697171944,-1.1370666784454813,-0.021865978557455406
0.9303087034318435,-1.1370666784454813,-0.020096689540288953
1.0336763371464925,-1.1370666784454813,-0.016532768625471293
1.1370439708611417,-1.1370666784454813,-0.012462195829563715
1.2404116045757907,-1.1370666784454813,-0.009136124990233732
1.3437792382904399,-1.1370666784454813,-0.007424283742453963
1.447146872005089,-1.1370666784454813,-0.007567683477976538
1.550514505719738,-1.1370666784454813,-0.009117804215676793
1.6538821394343872,-1.1370666784454813,-0.011094988901986843
1.7572497731490362,-1.1370666784454813,-0.012326216177257144
1.8606174068636854,-1.1370666784454813,-0.01185868520017913
1.9639850405783346,-1.1370666784454813,-0.009314010923202411
2.0673526742929837,-1.1370666784454813,-0.00506131381129961
2.1707203080076343,-1.1370666784454813,-0.00014366570317673758
2.2740879417222835,-1.1370666784454813,0.0040264768314666344
2.3774555754369326,-1.1370666784454813,0.006108341101885345
2.4808232091515814,-1.1370666784454813,0.005266832612916843
2.5841908428662306,-1.1370666784454813,0.0014546329505081552
2.6875584765808798,-1.1370666784454813,-0.004554044153530745
2.790926110295529,-1.1370666784454813,-0.011392016276950776
2.894293744010178,-1.1370666784454813,-0.017515309033212127
2.997661377724827,-1.1370666784454813,-0.02166805074862293
3.101029011439476,-1.1370666784454813,-0.023240282808813437
3.2043966451541253,-1.1370666784454813,-0.02239989934493714
3.3077642788687744,-1.1370666784454813,-0.019958661066722422
3.411131912583425,-1.1370666784454813,-0.01702552820678361
3.514499546298074,-1.1370666784454813,-0.014575632951866134
3.6178671800127233,-1.1370666784454813,-0.013093122299055557
3.7212348137273725,-1.1370666784454813,-0.012419445991160448
3.8246024474420213,-1.1370666784454813,-0.01186396997616173
3.9279700811566705,-1.1370666784454813,-0.010536945997971878
4.031337714871319,-1.1370666784454813,-0.007780301399302295
4.134705348585968,-1.1370666784454813,-0.003530378156162746
4.238072982300618,-1.1370666784454813,0.0015350088666846481
4.341440616015267,-1.1370666784454813,0.006139493177584417
4.444808249729916,-1.1370666784454813,0.00881127160567708
4.548175883444565,-1.1370666784454813,0.008417956964629407
4.651543517159214,-1.1370666784454813,0.00464703709355786
4.754911150873865,-1.1370666784454813,-0.0017484452339404694
4.858278784588514,-1.1370666784454813,-0.00904925252393816
4.961646418303163,-1.1370666784454813,-0.015011670518844519
5.065014052017812,-1.1370666784454813,-0.017530448767228257
5.168381685732461,-1.1370666784454813,-0.015318499659713231
5.27174931944711,-1.1370666784454813,-0.008380727300822935
5.3751169531617595,-1.1370666784454813,0.0018848278163476984
5.478484586876409,-1.1370666784454813,0.013011577208522529
5.581852220591058,-1.1370666784454813,0.02213211976035746
5.685219854305707,-1.1370666784454813,0.026793439709971174
5.788587488020356,-1.1370666784454813,0.025671265516654836
5.8919551217350055,-1.1370666784454813,0.01896176256093856
5.995322755449654,-1.1370666784454813,0.008327022828214348
6.098690389164305,-1.1370666784454813,-0.0035901809245532383
6.202058022878954,-1.1370666784454813,-0.01393203355566327
6.305425656593603,-1.1370666784454813,-0.020434424102422112
6.408793290308252,-1.1370666784454813,-0.02203073996080139
-6.408793290308252,-1.0336969804049831,-0.025533246538131587
-6.305425656593603,-1.0336969804049831,-0.018538386958355083
-6.202058022878954,-1.0336969804049831,-0.011212646374294472
-6.098690389164304,-1.0336969804049831,-0.005632015966422893
-5.995322755449655,-1.0336969804049831,-0.0029037440721081664
-5.8919551217350055,-1.0336969804049831,-0.0029064834010880426
-5.788587488020356,-1.0336969804049831,-0.00446363891919721
-5.685219854305708,-1.0336969804049831,-0.005872111874500282
-5.581852220591058,-1.0336969804049831,-0.005591810397557626
-5.478484586876409,-1.0336969804049831,-0.0028523801945958124
-5.3751169531617595,-1.0336969804049831,0.0020322894924738105
-5.27174931944711,-1.0336969804049831,0.007747072547655304
-5.168381685732461,-1.0336969804049831,0.012423484463006325
-5.065014052017812,-1.0336969804049831,0.014295149795856905
-4.961646418303163,-1.0336969804049831,0.012334048965936272
-4.858278784588514,-1.0336969804049831,0.006648912125839483
-4.754911150873865,-1.0336969804049831,-0.0014909467646769033
-4.651543517159215,-1.0336969804049831,-0.010016117360045491
-4.548175883444566,-1.0336969804049831,-0.0166830877390533
-4.444808249729917,-1.0336969804049831,-0.019759885797510302
-4.341440616015267,-1.0336969804049831,-0.018548376184867033
-4.238072982300618,-1.0336969804049831,-0.0135773504811439
-4.134705348585968,-1.0336969804049831,-0.0064112769371813556
-4.031337714871319,-1.0336969804049831,0.0008542368566860542
-3.9279700811566705,-1.0336969804049831,0.006239927234842612
-3.8246024474420213,-1.0336969804049831,0.00846276715267242
-3.7212348137273725,-1.0336969804049831,0.007268077678411766
-3.6178671800127233,-1.0336969804049831,0.0034219908016489605
-3.514499546298074,-1.0336969804049831,-0.0016129057472133667
-3.411131912583425,-1.0336969804049831,-0.006194173013912098
-3.3077642788687753,-1.0336969804049831,-0.009028495539348888
-3.204396645154126,-1.0336969804049831,-0.00954068927207519
-3.101029011439477,-1.0336969804049831,-0.007975201652751972
-2.9976613777248278,-1.0336969804049831,-0.005219732536352963
-2.8942937440101786,-1.0336969804049831,-0.0024352754523390787
-2.790926110295529,-1.0336969804049831,-0.0006366091389683259
-2.6875584765808798,-1.0336969804049831,-0.0003732005245391256
-2.5841908428662306,-1.0336969804049831,-0.0016133749542435484
-2.4808232091515814,-1.0336969804049831,-0.003853826015626578
-2.3774555754369326,-1.0336969804049831,-0.006392514910860323
-2.2740879417222835,-1.0336969804049831,-0.008646097380262037
-2.1707203080076334,-1.0336969804049831,-0.010382693503604053
-2.067352674292984,-1.0336969804049831,-0.01177909898765967
-1.9639850405783352,-1.0336969804049831,-0.01328279920113761
-1.8606174068636863,-1.0336969804049831,-0.015336241944190225
-1.757249773149037,-1.0336969804049831,-0.01807516716199055
-1.6538821394343879,-1.0336969804049831,-0.021124706660030898
-1.550514505719738,-1.0336969804049831,-0.023582592817120003
-1.447146872005089,-1.0336969804049831,-0.024211169208209496
-1.3437792382904399,-1.0336969804049831,-0.0217838445937171
-1.2404116045757907,-1.0336969804049831,-0.015474702410421846
-1.1370439708611417,-1.0336969804049831,-0.00516239742809614
-1.0336763371464925,-1.0336969804049831,0.008452969686878004
-0.9303087034318435,-1.0336969804049831,0.023959050856656287
-0.8269410697171936,-1.0336969804049831,0.0395311987147392
-0.7235734360025445,-1.0336969804049831,0.053327695234458884
-0.6202058022878953,-1.0336969804049831,0.06385942033178667
-0.5168381685732463,-1.0336969804049831,0.0702300165878925
-0.4134705348585972,-1.0336969804049831,0.07219385817432417
-0.31010290114394806,-1.0336969804049831,0.07004472948820127
-0.2067352674292982,-1.0336969804049831,0.06440361639253074
-0.1033676337146491,-1.0336969804049831,0.055999655550913074
0.,-1.0336969804049831,0.04552621683459973
0.1033676337146491,-1.0336969804049831,0.03361099401121925
0.2067352674292982,-1.0336969804049831,0.02088323364186222
0.31010290114394734,-1.0336969804049831,0.008075708441760423
0.4134705348585964,-1.0336969804049831,-0.003917766615034047
0.5168381685732455,-1.0336969804049831,-0.014089606419050254
0.6202058022878947,-1.0336969804049831,-0.021483621511139937
0.7235734360025438,-1.0336969804049831,-0.025434503941371582
0.8269410697171944,-1.0336969804049831,-0.025795210539824316
0.9303087034318435,-1.0336969804049831,-0.023055458929333156
1.0336763371464925,-1.0336969804049831,-0.018283271659674152
1.1370439708611417,-1.0336969804049831,-0.012880823034075733
1.2404116045757907,-1.0336969804049831,-0.008214847060350002
1.3437792382904399,-1.0336969804049831,-0.005234665780324469
1.447146872005089,-1.0336969804049831,-0.004206239948131571
1.550514505719738,-1.0336969804049831,-0.004660132338986613
1.6538821394343872,-1.0336969804049831,-0.005583111594435878
1.7572497731490362,-1.0336969804049831,-0.005799842261659503
1.8606174068636854,-1.0336969804049831,-0.004421919774804328
1.9639850405783346,-1.0336969804049831,-0.0012119374827448475
2.0673526742929837,-1.0336969804049831,0.0032672693689394126
2.1707203080076343,-1.0336969804049831,0.007779248720507749
2.2740879417222835,-1.0336969804049831,0.010784703304880412
2.3774555754369326,-1.0336969804049831,0.010939630797631609
2.4808232091515814,-1.0336969804049831,0.007556683371119007
2.5841908428662306,-1.0336969804049831,0.0008734938728493214
2.6875584765808798,-1.0336969804049831,-0.007966483131459855
2.790926110295529,-1.0336969804049831,-0.0172196569938184
2.894293744010178,-1.0336969804049831,-0.02503703008548514
2.997661377724827,-1.0336969804049831,-0.029986336286358103
3.101029011439476,-1.0336969804049831,-0.03143087254256499
3.2043966451541253,-1.0336969804049831,-0.029644001322575726
3.3077642788687744,-1.0336969804049831,-0.02562987352176506
3.411131912583425,-1.0336969804049831,-0.0207225177479539
3.514499546298074,-1.0336969804049831,-0.016111307044220587
3.6178671800127233,-1.0336969804049831,-0.012463911975380241
3.7212348137273725,-1.0336969804049831,-0.009779603152651353
3.8246024474420213,-1.0336969804049831,-0.007519403612852597
3.9279700811566705,-1.0336969804049831,-0.004955785032269065
4.031337714871319,-1.0336969804049831,-0.0016008171666428849
4.134705348585968,-1.0336969804049831,0.002461108094602268
4.238072982300618,-1.0336969804049831,0.0064784079887550815
4.341440616015267,-1.0336969804049831,0.00923170077341966
4.444808249729916,-1.0336969804049831,0.009472948295748624
4.548175883444565,-1.0336969804049831,0.006453665965246708
4.651543517159214,-1.0336969804049831,0.000345792900872365
4.754911150873865,-1.0336969804049831,-0.007617527915114581
4.858278784588514,-1.0336969804049831,-0.015366083174624004
4.961646418303163,-1.0336969804049831,-0.02054240798669541
5.065014052017812,-1.0336969804049831,-0.021219920921035
5.168381685732461,-1.0336969804049831,-0.0165614445250808
5.27174931944711,-1.0336969804049831,-0.007193957776829553
5.3751169531617595,-1.0336969804049831,0.00484435656083395
5.478484586876409,-1.0336969804049831,0.016596092907642666
5.581852220591058,-1.0336969804049831,0.024984641246044246
5.685219854305707,-1.0336969804049831,0.027686526083917216
5.788587488020356,-1.0336969804049831,0.023809151056444777
5.8919551217350055,-1.0336969804049831,0.014161559036975973
5.995322755449654,-1.0336969804049831,0.0010299537636832307
6.098690389164305,-1.0336969804049831,-0.012476003063793031
6.202058022878954,-1.0336969804049831,-0.023305667510764017
6.305425656593603,-1.0336969804049831,-0.02930749279861557
6.408793290308252,-1.0336969804049831,-0.0297717046855282
-6.408793290308252,-0.9303272823644849,-0.028651839614147395
-6.305425656593603,-0.9303272823644849,-0.021321881570154803
-6.202058022878954,-0.9303272823644849,-0.01410163590598862
-6.098690389164304,-0.9303272823644849,-0.008905927165813303
-5.995322755449655,-0.9303272823644849,-0.006608885714298328
-5.8919551217350055,-0.9303272823644849,-0.006865117579140716
-5.788587488020356,-0.9303272823644849,-0.008354814214335541
-5.685219854305708,-0.9303272823644849,-0.009352680955371399
-5.581852220591058,-0.9303272823644849,-0.008415077465100567
-5.478484586876409,-0.9303272823644849,-0.004945295119931072
-5.3751169531617595,-0.9303272823644849,0.0005562985246542824
-5.27174931944711,-0.9303272823644849,0.00663955260389146
-5.168381685732461,-0.9303272823644849,0.011394802043164714
-5.065014052017812,-0.9303272823644849,0.013115495749448643
-4.961646418303163,-0.9303272823644849,0.010905749959369323
-4.858278784588514,-0.9303272823644849,0.005026052829077365
-4.754911150873865,-0.9303272823644849,-0.0031397400331685575
-4.651543517159215,-0.9303272823644849,-0.011485175311979385
-4.548175883444566,-0.9303272823644849,-0.01781662258930084
-4.444808249729917,-0.9303272823644849,-0.02051448844964896
-4.341440616015267,-0.9303272823644849,-0.019006428334601734
-4.238072982300618,-0.9303272823644849,-0.013904719073017654
-4.134705348585968,-0.9303272823644849,-0.0067731281667759834
-4.031337714871319,-0.9303272823644849,0.0003899132671442616
-3.9279700811566705,-0.9303272823644849,0.005775911167683735
-3.8246024474420213,-0.9303272823644849,0.008294633297545956
-3.7212348137273725,-0.9303272823644849,0.007842262923049759
-3.6178671800127233,-0.9303272823644849,0.005238046503635261
-3.514499546298074,-0.9303272823644849,0.001870126092224298
-3.411131912583425,-0.9303272823644849,-0.0008155377742326453
-3.3077642788687753,-0.9303272823644849,-0.0018052678824112647
-3.204396645154126,-0.9303272823644849,-0.0008266689482920213
-3.101029011439477,-0.9303272823644849,0.001613130884263118
-2.9976613777248278,-0.9303272823644849,0.0044530663020914615
-2.8942937440101786,-0.9303272823644849,0.006472264265677399
-2.790926110295529,-0.9303272823644849,0.006707189505345831
-2.6875584765808798,-0.9303272823644849,0.004749389282799651
-2.5841908428662306,-0.9303272823644849,0.0008337729644553615
-2.4808232091515814,-0.9303272823644849,-0.004292254192155447
-2.3774555754369326,-0.9303272823644849,-0.009650182199679728
-2.2740879417222835,-0.9303272823644849,-0.014345430902575344
-2.1707203080076334,-0.9303272823644849,-0.01779681698120384
-2.067352674292984,-0.9303272823644849,-0.019803398013354154
-1.9639850405783352,-0.9303272823644849,-0.02044062203073042
-1.8606174068636863,-0.9303272823644849,-0.019846602470181995
-1.757249773149037,-0.9303272823644849,-0.018002071781884465
-1.6538821394343879,-0.9303272823644849,-0.01460849236999484
-1.550514505719738,-0.9303272823644849,-0.009128237522137782
-1.447146872005089,-0.9303272823644849,-0.0009845811153502426
-1.3437792382904399,-0.9303272823644849,0.010147197753312723
-1.2404116045757907,-0.9303272823644849,0.024067658804235788
-1.1370439708611417,-0.9303272823644849,0.03991044401487535
-1.0336763371464925,-0.9303272823644849,0.056198091614039034
-0.9303087034318435,-0.9303272823644849,0.07109739324847196
-0.8269410697171936,-0.9303272823644849,0.08280486446673616
-0.7235734360025445,-0.9303272823644849,0.08994588708135881
-0.6202058022878953,-0.9303272823644849,0.09186456824832924
-0.5168381685732463,-0.9303272823644849,0.0887177390061727
-0.4134705348585972,-0.9303272823644849,0.08135263944519214
-0.31010290114394806,-0.9303272823644849,0.07101987603479226
-0.2067352674292982,-0.9303272823644849,0.05902540265360477
-0.1033676337146491,-0.9303272823644849,0.046439241920794405
0.,-0.9303272823644849,0.03395020216443403
0.1033676337146491,-0.9303272823644849,0.021896290274647637
0.2067352674292982,-0.9303272823644849,0.01043250184121203
0.31010290114394734,-0.9303272823644849,-0.0002532917117914968
0.4134705348585964,-0.9303272823644849,-0.00978059638200079
0.5168381685732455,-0.9303272823644849,-0.017550544809813492
0.6202058022878947,-0.9303272823644849,-0.02287456709941384
0.7235734360025438,-0.9303272823644849,-0.025211564239149293
0.8269410697171944,-0.9303272823644849,-0.024418164393769645
0.9303087034318435,-0.9303272823644849,-0.020903718375522427
1.0336763371464925,-0.9303272823644849,-0.015611522499316789
1.1370439708611417,-0.9303272823644849,-0.009810378117275117
1.2404116045757907,-0.9303272823644849,-0.00475327031429822
1.3437792382904399,-0.9303272823644849,-0.0013153601068099762
1.447146872005089,-0.9303272823644849,0.00026017812937934016
1.550514505719738,-0.9303272823644849,0.00041070840257438775
1.6538821394343872,-0.9303272823644849,0.00006801501980149609
1.7572497731490362,-0.9303272823644849,0.0002915728613001315
1.8606174068636854,-0.9303272823644849,0.0018430622926876815
1.9639850405783346,-0.9303272823644849,0.004851188822269555
2.0673526742929837,-0.9303272823644849,0.008690981900734945
2.1707203080076343,-0.9303272823644849,0.012131640170295456
2.2740879417222835,-0.9303272823644849,0.01371496750535941
2.3774555754369326,-0.9303272823644849,0.012244357655117218
2.4808232091515814,-0.9303272823644849,0.0072213833850072635
2.5841908428662306,-0.9303272823644849,-0.0009205090236572205
2.6875584765808798,-0.9303272823644849,-0.010870877595863852
2.790926110295529,-0.9303272823644849,-0.020775679706572237
2.894293744010178,-0.9303272823644849,-0.02874522144595419
2.997661377724827,-0.9303272823644849,-0.03337326499415114
3.101029011439476,-0.9303272823644849,-0.034099976941256764
3.2043966451541253,-0.9303272823644849,-0.03130482292210317
3.3077642788687744,-0.9303272823644849,-0.02610799575529192
3.411131912583425,-0.9303272823644849,-0.01995831688196245
3.514499546298074,-0.9303272823644849,-0.014156908362033099
3.6178671800127233,-0.9303272823644849,-0.009484082515548562
3.7212348137273725,-0.9303272823644849,-0.006055346918286403
3.8246024474420213,-0.9303272823644849,-0.003445934353223507
3.9279700811566705,-0.9303272823644849,-0.0010228483721018136
4.031337714871319,-0.9303272823644849,0.0016545555147003503
4.134705348585968,-0.9303272823644849,0.004531174028449
4.238072982300618,-0.9303272823644849,0.006980471902139852
4.341440616015267,-0.9303272823644849,0.008001481820931532
4.444808249729916,-0.9303272823644849,0.006627731182119549
4.548175883444565,-0.9303272823644849,0.0023998103668059533
4.651543517159214,-0.9303272823644849,-0.0042830342549687525
4.754911150873865,-0.9303272823644849,-0.012086417379381738
4.858278784588514,-0.9303272823644849,-0.01900416199463733
4.961646418303163,-0.9303272823644849,-0.02290717319458144
5.065014052017812,-0.9303272823644849,-0.02221597204655643
5.168381685732461,-0.9303272823644849,-0.01647762894775007
5.27174931944711,-0.9303272823644849,-0.006643284489297705
5.3751169531617595,-0.9303272823644849,0.005071069279540023
5.478484586876409,-0.9303272823644849,0.015726792909588082
5.581852220591058,-0.9303272823644849,0.022461052196682915
5.685219854305707,-0.9303272823644849,0.02330465813325432
5.788587488020356,-0.9303272823644849,0.01776675989574511
5.8919551217350055,-0.9303272823644849,0.007000013767416615
5.995322755449654,-0.9303272823644849,-0.006512009102787298
6.098690389164305,-0.9303272823644849,-0.01965418018798801
6.202058022878954,-0.9303272823644849,-0.02955314695895346
6.305425656593603,-0.9303272823644849,-0.03435752499817602
6.408793290308252,-0.9303272823644849,-0.03368903906661816
-6.408793290308252,-0.8269575843239868,-0.027927125256539592
-6.305425656593603,-0.8269575843239868,-0.021141421348835794
-6.202058022878954,-0.8269575843239868,-0.014618258218051372
-6.098690389164304,-0.8269575843239868,-0.009947580345577965
-5.995322755449655,-0.8269575843239868,-0.007818291996340286
-5.8919551217350055,-0.8269575843239868,-0.007892439399548114
-5.788587488020356,-0.8269575843239868,-0.009031440114574452
-5.685219854305708,-0.8269575843239868,-0.009783250196252537
-5.581852220591058,-0.8269575843239868,-0.00895511553925612
-5.478484586876409,-0.8269575843239868,-0.006072833810393979
-5.3751169531617595,-0.8269575843239868,-0.0015709981620088906
-5.27174931944711,-0.8269575843239868,0.003346410948700268
-5.168381685732461,-0.8269575843239868,0.007122339839196143
-5.065014052017812,-0.8269575843239868,0.00839375120827645
-4.961646418303163,-0.8269575843239868,0.006481008587746801
-4.858278784588514,-0.8269575843239868,0.0016530307372966777
-4.754911150873865,-0.8269575843239868,-0.00492068278383013
-4.651543517159215,-0.8269575843239868,-0.011513958087826825
-4.548175883444566,-0.8269575843239868,-0.016368232316627145
-4.444808249729917,-0.8269575843239868,-0.018223853328327464
-4.341440616015267,-0.8269575843239868,-0.016686174330690407
-4.238072982300618,-0.8269575843239868,-0.012312475781204582
-4.134705348585968,-0.8269575843239868,-0.006400130624833146
-4.031337714871319,-0.8269575843239868,-0.0005544363789636474
-3.9279700811566705,-0.8269575843239868,0.003816574266241993
-3.8246024474420213,-0.8269575843239868,0.005915181413007833
-3.7212348137273725,-0.8269575843239868,0.005746946700085741
-3.6178671800127233,-0.8269575843239868,0.0040433771438095475
-3.514499546298074,-0.8269575843239868,0.0019546575245931543
-3.411131912583425,-0.8269575843239868,0.0006255602459376198
-3.3077642788687753,-0.8269575843239868,0.0007991847318284076
-3.204396645154126,-0.8269575843239868,0.0025752404564455596
-3.101029011439477,-0.8269575843239868,0.005391055306278618
-2.9976613777248278,-0.8269575843239868,0.008216541264599458
-2.8942937440101786,-0.8269575843239868,0.009886126527026032
-2.790926110295529,-0.8269575843239868,0.009453602153639287
-2.6875584765808798,-0.8269575843239868,0.006460086954845848
-2.5841908428662306,-0.8269575843239868,0.001045890030136775
-2.4808232091515814,-0.8269575843239868,-0.006103536163043605
-2.3774555754369326,-0.8269575843239868,-0.013932048128094711
-2.2740879417222835,-0.8269575843239868,-0.02123066876666264
-2.1707203080076334,-0.8269575843239868,-0.026823537810740893
-2.067352674292984,-0.8269575843239868,-0.029677556686321566
-1.9639850405783352,-0.8269575843239868,-0.028936310056615788
-1.8606174068636863,-0.8269575843239868,-0.023917853062959418
-1.757249773149037,-0.8269575843239868,-0.014132101564756056
-1.6538821394343879,-0.8269575843239868,0.0006401820351325094
-1.550514505719738,-0.8269575843239868,0.020202826739949994
-1.447146872005089,-0.8269575843239868,0.04377626355639876
-1.3437792382904399,-0.8269575843239868,0.06988211572138102
-1.2404116045757907,-0.8269575843239868,0.09636140249649071
-1.1370439708611417,-0.8269575843239868,0.12057765238212896
-1.0336763371464925,-0.8269575843239868,0.13979931981079183
-0.9303087034318435,-0.8269575843239868,0.1516907933847805
-0.8269410697171936,-0.8269575843239868,0.15479170648444282
-0.7235734360025445,-0.8269575843239868,0.14885005916066302
-0.6202058022878953,-0.8269575843239868,0.1349042117568594
-0.5168381685732463,-0.8269575843239868,0.11507535043415407
-0.4134705348585972,-0.8269575843239868,0.0921153412768979
-0.31010290114394806,-0.8269575843239868,0.06882793643798835
-0.2067352674292982,-0.8269575843239868,0.04751946646514511
-0.1033676337146491,-0.8269575843239868,0.029624961068517464
0.,-0.8269575843239868,0.015599692449608125
0.1033676337146491,-0.8269575843239868,0.005082552631955738
0.2067352674292982,-0.8269575843239868,-0.00274592649880762
0.31010290114394734,-0.8269575843239868,-0.0087440419646214
0.4134705348585964,-0.8269575843239868,-0.013471084281833218
0.5168381685732455,-0.8269575843239868,-0.017036204839637574
0.6202058022878947,-0.8269575843239868,-0.01916672249411555
0.7235734360025438,-0.8269575843239868,-0.019448095033602047
0.8269410697171944,-0.8269575843239868,-0.01762740735785829
0.9303087034318435,-0.8269575843239868,-0.01385293449175807
1.0336763371464925,-0.8269575843239868,-0.008750273783448857
1.1370439708611417,-0.8269575843239868,-0.0032999399897420643
1.2404116045757907,-0.8269575843239868,0.0014416216683643774
1.3437792382904399,-0.8269575843239868,0.0046742322521286465
1.447146872005089,-0.8269575843239868,0.006112894285008092
1.550514505719738,-0.8269575843239868,0.006070941767334763
1.6538821394343872,-0.8269575843239868,0.005327820444167489
1.7572497731490362,-0.8269575843239868,0.004821151141303361
1.8606174068636854,-0.8269575843239868,0.005269613612104585
1.9639850405783346,-0.8269575843239868,0.006862988103555742
2.0673526742929837,-0.8269575843239868,0.009136687311717115
2.1707203080076343,-0.8269575843239868,0.01108597252582224
2.2740879417222835,-0.8269575843239868,0.011491057872582752
2.3774555754369326,-0.8269575843239868,0.009347983206311994
2.4808232091515814,-0.8269575843239868,0.004258820312254773
2.5841908428662306,-0.8269575843239868,-0.003356133866774067
2.6875584765808798,-0.8269575843239868,-0.012304216284030268
2.790926110295529,-0.8269575843239868,-0.020918060248404875
2.894293744010178,-0.8269575843239868,-0.027513243860878226
2.997661377724827,-0.8269575843239868,-0.03085905991954829
3.101029011439476,-0.8269575843239868,-0.030510415177916195
3.2043966451541253,-0.8269575843239868,-0.026895725699973057
3.3077642788687744,-0.8269575843239868,-0.021138392404538832
3.411131912583425,-0.8269575843239868,-0.014679252191295927
3.514499546298074,-0.8269575843239868,-0.008832971837647625
3.6178671800127233,-0.8269575843239868,-0.0044298311463698515
3.7212348137273725,-0.8269575843239868,-0.0016594808904804499
3.8246024474420213,-0.8269575843239868,-0.00015771352586291533
3.9279700811566705,-0.8269575843239868,0.0007117916333886871
4.031337714871319,-0.8269575843239868,0.0014993184950432374
4.134705348585968,-0.8269575843239868,0.002379549960500401
4.238072982300618,-0.8269575843239868,0.003048047566006565
4.341440616015267,-0.8269575843239868,0.002849335356737869
4.444808249729916,-0.8269575843239868,0.0010917139494176196
4.548175883444565,-0.8269575843239868,-0.0025720077053292007
4.651543517159214,-0.8269575843239868,-0.007851637106360752
4.754911150873865,-0.8269575843239868,-0.013744745307289783
4.858278784588514,-0.8269575843239868,-0.018736339069833303
4.961646418303163,-0.8269575843239868,-0.02123063717983507
5.065014052017812,-0.8269575843239868,-0.020083056188846364
5.168381685732461,-0.8269575843239868,-0.015053052317933852
5.27174931944711,-0.8269575843239868,-0.007011862852892444
5.3751169531617595,-0.8269575843239868,0.0021884671210499556
5.478484586876409,-0.8269575843239868,0.010169675178876339
5.581852220591058,-0.8269575843239868,0.014681264777147781
5.685219854305707,-0.8269575843239868,0.014257350967997327
5.788587488020356,-0.8269575843239868,0.008670086083428126
5.8919551217350055,-0.8269575843239868,-0.0009686580317133108
5.995322755449654,-0.8269575843239868,-0.012497593993634789
6.098690389164305,-0.8269575843239868,-0.023305120702315617
6.202058022878954,-0.8269575843239868,-0.031055712065926687
6.305425656593603,-0.8269575843239868,-0.034321457250461984
6.408793290308252,-0.8269575843239868,-0.03292739209089707
-6.408793290308252,-0.7235878862834879,-0.02368837186902786
-6.305425656593603,-0.7235878862834879,-0.01828346397993644
-6.202058022878954,-0.7235878862834879,-0.012897083236313637
-6.098690389164304,-0.7235878862834879,-0.008662247829522839
-5.995322755449655,-0.7235878862834879,-0.006154885987003408
-5.8919551217350055,-0.7235878862834879,-0.005293981180799695
-5.788587488020356,-0.7235878862834879,-0.00546497647645804
-5.685219854305708,-0.7235878862834879,-0.0058109305086065325
-5.581852220591058,-0.7235878862834879,-0.005582427376782451
-5.478484586876409,-0.7235878862834879,-0.004422454159269245
-5.3751169531617595,-0.7235878862834879,-0.0024901494767678957
-5.27174931944711,-0.7235878862834879,-0.00038675155625578125
-5.168381685732461,-0.7235878862834879,0.0010829989370940494
-5.065014052017812,-0.7235878862834879,0.0012245207181402313
-4.961646418303163,-0.7235878862834879,-0.00027106367714458985
-4.858278784588514,-0.7235878862834879,-0.003186710377807557
-4.754911150873865,-0.7235878862834879,-0.006822767525742546
-4.651543517159215,-0.7235878862834879,-0.010207739685302926
-4.548175883444566,-0.7235878862834879,-0.012403310103233341
-4.444808249729917,-0.7235878862834879,-0.01279978123829814
-4.341440616015267,-0.7235878862834879,-0.011303541461518105
-4.238072982300618,-0.7235878862834879,-0.00835668668360645
-4.134705348585968,-0.7235878862834879,-0.004786334235373372
-4.031337714871319,-0.7235878862834879,-0.001537391465752958
-3.9279700811566705,-0.7235878862834879,0.000621261690569491
-3.8246024474420213,-0.7235878862834879,0.001322264463247797
-3.7212348137273725,-0.7235878862834879,0.0006884193950167087
-3.6178671800127233,-0.7235878862834879,-0.0007367958654086558
-3.514499546298074,-0.7235878862834879,-0.0021869547085930996
-3.411131912583425,-0.7235878862834879,-0.0029307459788037093
-3.3077642788687753,-0.7235878862834879,-0.0025090468697277204
-3.204396645154126,-0.7235878862834879,-0.0008829541649917943
-3.101029011439477,-0.7235878862834879,0.0015424439538201083
-2.9976613777248278,-0.7235878862834879,0.004014514940474019
-2.8942937440101786,-0.7235878862834879,0.005613851698021761
-2.790926110295529,-0.7235878862834879,0.005468401231762266
-2.6875584765808798,-0.7235878862834879,0.0029535627295466348
-2.5841908428662306,-0.7235878862834879,-0.0021525316485458165
-2.4808232091515814,-0.7235878862834879,-0.009569747378917491
-2.3774555754369326,-0.7235878862834879,-0.01847105989867792
-2.2740879417222835,-0.7235878862834879,-0.02748944336139787
-2.1707203080076334,-0.7235878862834879,-0.0347829351679547
-2.067352674292984,-0.7235878862834879,-0.038175282472939526
-1.9639850405783352,-0.7235878862834879,-0.03539216215183662
-1.8606174068636863,-0.7235878862834879,-0.024399303942239783
-1.757249773149037,-0.7235878862834879,-0.0038180580686613015
-1.6538821394343879,-0.7235878862834879,0.026646154723971752
-1.550514505719738,-0.7235878862834879,0.06586181796961797
-1.447146872005089,-0.7235878862834879,0.11112788965830674
-1.3437792382904399,-0.7235878862834879,0.15832025025548851
-1.2404116045757907,-0.7235878862834879,0.2023630413927529
-1.1370439708611417,-0.7235878862834879,0.23797926810615164
-1.0336763371464925,-0.7235878862834879,0.2605916490462888
-0.9303087034318435,-0.7235878862834879,0.26718463048907287
-0.8269410697171936,-0.7235878862834879,0.2569237911412334
-0.7235734360025445,-0.7235878862834879,0.23136967519994692
-0.6202058022878953,-0.7235878862834879,0.19421300385289048
-0.5168381685732463,-0.7235878862834879,0.1505749387710168
-0.4134705348585972,-0.7235878862834879,0.10602738591109134
-0.31010290114394806,-0.7235878862834879,0.06556171087156007
-0.2067352674292982,-0.7235878862834879,0.03274711583938973
-0.1033676337146491,-0.7235878862834879,0.009267189091120965
0.,-0.7235878862834879,-0.005080703623117472
0.1033676337146491,-0.7235878862834879,-0.011963375465693801
0.2067352674292982,-0.7235878862834879,-0.013816663777209158
0.31010290114394734,-0.7235878862834879,-0.013088913837669193
0.4134705348585964,-0.7235878862834879,-0.011633040611505777
0.5168381685732455,-0.7235878862834879,-0.010394344786277286
0.6202058022878947,-0.7235878862834879,-0.009439328841472827
0.7235734360025438,-0.7235878862834879,-0.008262934971813154
0.8269410697171944,-0.7235878862834879,-0.006231812847597126
0.9303087034318435,-0.7235878862834879,-0.002993053060775498
1.0336763371464925,-0.7235878862834879,0.0012927032164171029
1.1370439708611417,-0.7235878862834879,0.005960788470998466
1.2404116045757907,-0.7235878862834879,0.010070181153417332
1.3437792382904399,-0.7235878862834879,0.012747771840574601
1.447146872005089,-0.7235878862834879,0.013510706216392445
1.550514505719738,-0.7235878862834879,0.012442454072292646
1.6538821394343872,-0.7235878862834879,0.010156593005888673
1.7572497731490362,-0.7235878862834879,0.007562749139876436
1.8606174068636854,-0.7235878862834879,0.005522530379392834
1.9639850405783346,-0.7235878862834879,0.004523606676004357
2.0673526742929837,-0.7235878862834879,0.00449347816335408
2.1707203080076343,-0.7235878862834879,0.004823852514475879
2.2740879417222835,-0.7235878862834879,0.004600363335714007
2.3774555754369326,-0.7235878862834879,0.002957885569738182
2.4808232091515814,-0.7235878862834879,-0.0005645948937783369
2.5841908428662306,-0.7235878862834879,-0.005797356578771066
2.6875584765808798,-0.7235878862834879,-0.011925967972554756
2.790926110295529,-0.7235878862834879,-0.017701075377533324
2.894293744010178,-0.7235878862834879,-0.021805540384956898
2.997661377724827,-0.7235878862834879,-0.023257799095052333
3.101029011439476,-0.7235878862834879,-0.02171736766522991
3.2043966451541253,-0.7235878862834879,-0.017591547555747933
3.3077642788687744,-0.7235878862834879,-0.011909845287126518
3.411131912583425,-0.7235878862834879,-0.006010832814649535
3.514499546298074,-0.7235878862834879,-0.0011480307760409567
3.6178671800127233,-0.7235878862834879,0.0018542453609781322
3.7212348137273725,-0.7235878862834879,0.0027851330068061598
3.8246024474420213,-0.7235878862834879,0.0020199232063636326
3.9279700811566705,-0.7235878862834879,0.0003042014515884571
4.031337714871319,-0.7235878862834879,-0.0015630578244599533
4.134705348585968,-0.7235878862834879,-0.0030280363723245067
4.238072982300618,-0.7235878862834879,-0.003954325246516727
4.341440616015267,-0.7235878862834879,-0.004611039023404243
4.444808249729916,-0.7235878862834879,-0.005489179391217377
4.548175883444565,-0.7235878862834879,-0.007023487213149648
4.651543517159214,-0.7235878862834879,-0.009332983301097247
4.754911150873865,-0.7235878862834879,-0.012087360077562686
4.858278784588514,-0.7235878862834879,-0.014560311782280008
4.961646418303163,-0.7235878862834879,-0.015861153498998706
5.065014052017812,-0.7235878862834879,-0.015267696502280844
5.168381685732461,-0.7235878862834879,-0.012541135919686483
5.27174931944711,-0.7235878862834879,-0.008103470119946481
5.3751169531617595,-0.7235878862834879,-0.003000821021668767
5.478484586876409,-0.7235878862834879,0.0013521618286127558
5.581852220591058,-0.7235878862834879,0.003575406977682639
5.685219854305707,-0.7235878862834879,0.002748497749831575
5.788587488020356,-0.7235878862834879,-0.0012806277517577393
5.8919551217350055,-0.7235878862834879,-0.007807962053682015
5.995322755449654,-0.7235878862834879,-0.01544172119650039
6.098690389164305,-0.7235878862834879,-0.022479277374492988
6.202058022878954,-0.7235878862834879,-0.02737771974675385
6.305425656593603,-0.7235878862834879,-0.029172793870260273
6.408793290308252,-0.7235878862834879,-0.027718199435407865
-6.408793290308252,-0.6202181882429897,-0.016940104333348673
-6.305425656593603,-0.6202181882429897,-0.013486217313198073
-6.202058022878954,-0.6202181882429897,-0.009464519733285815
-6.098690389164304,-0.6202181882429897,-0.005479344216966435
-5.995322755449655,-0.6202181882429897,-0.002050480278485903
-5.8919551217350055,-0.6202181882429897,0.00047356178094348095
-5.788587488020356,-0.6202181882429897,0.0019421020512716898
-5.685219854305708,-0.6202181882429897,0.002376137966234241
-5.581852220591058,-0.6202181882429897,0.0019126694496901992
-5.478484586876409,-0.6202181882429897,0.0007470219179122759
-5.3751169531617595,-0.6202181882429897,-0.0009064024600404409
-5.27174931944711,-0.6202181882429897,-0.0028286162538242766
-5.168381685732461,-0.6202181882429897,-0.0047937743862530744
-5.065014052017812,-0.6202181882429897,-0.00656640827945561
-4.961646418303163,-0.6202181882429897,-0.007913453025594023
-4.858278784588514,-0.6202181882429897,-0.008637109078903039
-4.754911150873865,-0.6202181882429897,-0.008621679663812403
-4.651543517159215,-0.6202181882429897,-0.007877101588064978
-4.548175883444566,-0.6202181882429897,-0.006558935564007008
-4.444808249729917,-0.6202181882429897,-0.0049508188955107385
-4.341440616015267,-0.6202181882429897,-0.003408505385897777
-4.238072982300618,-0.6202181882429897,-0.0022792630131164243
-4.134705348585968,-0.6202181882429897,-0.0018204137418894497
-4.031337714871319,-0.6202181882429897,-0.002141860898386327
-3.9279700811566705,-0.6202181882429897,-0.00318896244521357
-3.8246024474420213,-0.6202181882429897,-0.004767540699243401
-3.7212348137273725,-0.6202181882429897,-0.00659829738859541
-3.6178671800127233,-0.6202181882429897,-0.00837960736894138
-3.514499546298074,-0.6202181882429897,-0.009839085286937806
-3.411131912583425,-0.6202181882429897,-0.01076455621569301
-3.3077642788687753,-0.6202181882429897,-0.011018964605390834
-3.204396645154126,-0.6202181882429897,-0.010553990619913576
-3.101029011439477,-0.6202181882429897,-0.009437436056682976
-2.9976613777248278,-0.6202181882429897,-0.00789771753060406
-2.8942937440101786,-0.6202181882429897,-0.006368830448185766
-2.790926110295529,-0.6202181882429897,-0.0054998026853894195
-2.6875584765808798,-0.6202181882429897,-0.006084818849471251
-2.5841908428662306,-0.6202181882429897,-0.008882226378915998
-2.4808232091515814,-0.6202181882429897,-0.014324138967743054
-2.3774555754369326,-0.6202181882429897,-0.02216598532391189
-2.2740879417222835,-0.6202181882429897,-0.031171861081717333
-2.1707203080076334,-0.6202181882429897,-0.03895814393510808
-2.067352674292984,-0.6202181882429897,-0.04210872614721533
-1.9639850405783352,-0.6202181882429897,-0.03662411074654254
-1.8606174068636863,-0.6202181882429897,-0.01868083320463078
-1.757249773149037,-0.6202181882429897,0.014421976305406294
-1.6538821394343879,-0.6202181882429897,0.06333617613419674
-1.550514505719738,-0.6202181882429897,0.1260047406124377
-1.447146872005089,-0.6202181882429897,0.1974891929791611
-1.3437792382904399,-0.6202181882429897,0.27041234958062293
-1.2404116045757907,-0.6202181882429897,0.3360024518254507
-1.1370439708611417,-0.6202181882429897,0.38556860015863237
-1.0336763371464925,-0.6202181882429897,0.41210990694300115
-0.9303087034318435,-0.6202181882429897,0.41170047001001936
-0.8269410697171936,-0.6202181882429897,0.3843213161663717
-0.7235734360025445,-0.6202181882429897,0.3339269409651559
-0.6202058022878953,-0.6202181882429897,0.2677110253966463
-0.5168381685732463,-0.6202181882429897,0.1947279899623674
-0.4134705348585972,-0.6202181882429897,0.12418295448650604
-0.31010290114394806,-0.6202181882429897,0.06377986291086246
-0.2067352674292982,-0.6202181882429897,0.018494736043065466
-0.1033676337146491,-0.6202181882429897,-0.00997528789219797
0.,-0.6202181882429897,-0.023013702994999198
0.1033676337146491,-0.6202181882429897,-0.02425266365180136
0.2067352674292982,-0.6202181882429897,-0.018371759870638684
0.31010290114394734,-0.6202181882429897,-0.00986209102465015
0.4134705348585964,-0.6202181882429897,-0.002066073304163527
0.5168381685732455,-0.6202181882429897,0.0033027209383146793
0.6202058022878947,-0.6202181882429897,0.00610839588043297
0.7235734360025438,-0.6202181882429897,0.007311938239485547
0.8269410697171944,-0.6202181882429897,0.00827134490622541
0.9303087034318435,-0.6202181882429897,0.010069584454977734
1.0336763371464925,-0.6202181882429897,0.013076407054428996
1.1370439708611417,-0.6202181882429897,0.016850805262115427
1.2404116045757907,-0.6202181882429897,0.020368897204299748
1.3437792382904399,-0.6202181882429897,0.022457203068284526
1.447146872005089,-0.6202181882429897,0.022255486864985054
1.550514505719738,-0.6202181882429897,0.019540468365339195
1.6538821394343872,-0.6202181882429897,0.014804483232790195
1.7572497731490362,-0.6202181882429897,0.009076683464819456
1.8606174068636854,-0.6202181882429897,0.003565249417257941
1.9639850405783346,-0.6202181882429897,-0.000743091874604398
2.0673526742929837,-0.6202181882429897,-0.0033827531812978557
2.1707203080076343,-0.6202181882429897,-0.0045076829890937755
2.2740879417222835,-0.6202181882429897,-0.004763759160129479
2.3774555754369326,-0.6202181882429897,-0.0049913584531405516
2.4808232091515814,-0.6202181882429897,-0.005872127544310748
2.5841908428662306,-0.6202181882429897,-0.0076497342366910375
2.6875584765808798,-0.6202181882429897,-0.010024178711192383
2.790926110295529,-0.6202181882429897,-0.012255148219855736
2.894293744010178,-0.6202181882429897,-0.013435165223254598
2.997661377724827,-0.6202181882429897,-0.012834037688154016
3.101029011439476,-0.6202181882429897,-0.010192351876538334
3.2043966451541253,-0.6202181882429897,-0.005860671719724358
3.3077642788687744,-0.6202181882429897,-0.0007351354675199955
3.411131912583425,-0.6202181882429897,0.003990067993628263
3.514499546298074,-0.6202181882429897,0.00717143430840168
3.6178671800127233,-0.6202181882429897,0.008051687161917068
3.7212348137273725,-0.6202181882429897,0.0064743005656998105
3.8246024474420213,-0.6202181882429897,0.002911423062947076
3.9279700811566705,-0.6202181882429897,-0.0016977489837978461
4.031337714871319,-0.6202181882429897,-0.006239736888616755
4.134705348585968,-0.6202181882429897,-0.009752574960396889
4.238072982300618,-0.6202181882429897,-0.01168083183944288
4.341440616015267,-0.6202181882429897,-0.011984764613291397
4.444808249729916,-0.6202181882429897,-0.011080447409866584
4.548175883444565,-0.6202181882429897,-0.009644379800990397
4.651543517159214,-0.6202181882429897,-0.008358246732363798
4.754911150873865,-0.6202181882429897,-0.007683772404412327
4.858278784588514,-0.6202181882429897,-0.007740703927247026
4.961646418303163,-0.6202181882429897,-0.008320357075446438
5.065014052017812,-0.6202181882429897,-0.009018031718835754
5.168381685732461,-0.6202181882429897,-0.009427263039180749
5.27174931944711,-0.6202181882429897,-0.009320708421463366
5.3751169531617595,-0.6202181882429897,-0.00875154550942488
5.478484586876409,-0.6202181882429897,-0.00804098234591902
5.581852220591058,-0.6202181882429897,-0.007659672780190475
5.685219854305707,-0.6202181882429897,-0.00804831006491555
5.788587488020356,-0.6202181882429897,-0.009442670934746959
5.8919551217350055,-0.6202181882429897,-0.011764846177887135
5.995322755449654,-0.6202181882429897,-0.014617727971603142
6.098690389164305,-0.6202181882429897,-0.017383608682000503
6.202058022878954,-0.6202181882429897,-0.019393012214201654
6.305425656593603,-0.6202181882429897,-0.02010838701179748
6.408793290308252,-0.6202181882429897,-0.019265513410077505
-6.408793290308252,-0.5168484902024916,-0.009029470783683578
-6.305425656593603,-0.5168484902024916,-0.007676957664458008
-6.202058022878954,-0.5168484902024916,-0.005038286759610737
-6.098690389164304,-0.5168484902024916,-0.0011927920517529377
-5.995322755449655,-0.5168484902024916,0.003387836996197533
-5.8919551217350055,-0.5168484902024916,0.007904120664373838
-5.788587488020356,-0.5168484902024916,0.011396623210848012
-5.685219854305708,-0.5168484902024916,0.012983201589382634
-5.581852220591058,-0.5168484902024916,0.012106999025598508
-5.478484586876409,-0.5168484902024916,0.008725539782398158
-5.3751169531617595,-0.5168484902024916,0.0033798143177656537
-5.27174931944711,-0.5168484902024916,-0.00288948976618327
-5.168381685732461,-0.5168484902024916,-0.008769702218397336
-5.065014052017812,-0.5168484902024916,-0.01299527498445913
-4.961646418303163,-0.5168484902024916,-0.014673911168726976
-4.858278784588514,-0.5168484902024916,-0.01352680846724786
-4.754911150873865,-0.5168484902024916,-0.009969775546904107
-4.651543517159215,-0.5168484902024916,-0.0050059076641534
-4.548175883444566,-0.5168484902024916,0.00004369739920953242
-4.444808249729917,-0.5168484902024916,0.0038944107290497195
-4.341440616015267,-0.5168484902024916,0.005632981698349008
-4.238072982300618,-0.5168484902024916,0.0049328920516584895
-4.134705348585968,-0.5168484902024916,0.0020876010884578935
-4.031337714871319,-0.5168484902024916,-0.002141980570733501
-3.9279700811566705,-0.5168484902024916,-0.00680835162545023
-3.8246024474420213,-0.5168484902024916,-0.011086884834315124
-3.7212348137273725,-0.5168484902024916,-0.014506153474941335
-3.6178671800127233,-0.5168484902024916,-0.017021729431997586
-3.514499546298074,-0.5168484902024916,-0.018915282040974233
-3.411131912583425,-0.5168484902024916,-0.020568347569037734
-3.3077642788687753,-0.5168484902024916,-0.022211106540451664
-3.204396645154126,-0.5168484902024916,-0.023760429070952167
-3.101029011439477,-0.5168484902024916,-0.02483013531430074
-2.9976613777248278,-0.5168484902024916,-0.024927998151226986
-2.8942937440101786,-0.5168484902024916,-0.02377140636105809
-2.790926110295529,-0.5168484902024916,-0.02158749656627338
-2.6875584765808798,-0.5168484902024916,-0.0192419428392477
-2.5841908428662306,-0.5168484902024916,-0.018078268354340534
-2.4808232091515814,-0.5168484902024916,-0.01944132272137074
-2.3774555754369326,-0.5168484902024916,-0.023978859923160907
-2.2740879417222835,-0.5168484902024916,-0.030924675478598614
-2.1707203080076334,-0.5168484902024916,-0.03762469458563007
-2.067352674292984,-0.5168484902024916,-0.039545272228253506
-1.9639850405783352,-0.5168484902024916,-0.030895720713105396
-1.8606174068636863,-0.5168484902024916,-0.0058273750009967965
-1.757249773149037,-0.5168484902024916,0.04001479748682381
-1.6538821394343879,-0.5168484902024916,0.10795837842863705
-1.550514505719738,-0.5168484902024916,0.19521397736541443
-1.447146872005089,-0.5168484902024916,0.29459505556341153
-1.3437792382904399,-0.5168484902024916,0.39523882655127535
-1.2404116045757907,-0.5168484902024916,0.4842746100172919
-1.1370439708611417,-0.5168484902024916,0.5491328380357505
-1.0336763371464925,-0.5168484902024916,0.579997826549818
-0.9303087034318435,-0.5168484902024916,0.5718373798254247
-0.8269410697171936,-0.5168484902024916,0.5255178568420008
-0.7235734360025445,-0.5168484902024916,0.4477199411108701
-0.6202058022878953,-0.5168484902024916,0.3496562181465886
-0.5168381685732463,-0.5168484902024916,0.24488166578303358
-0.4134705348585972,-0.5168484902024916,0.14670493161870504
-0.31010290114394806,-0.5168484902024916,0.06579417723027416
-0.2067352674292982,-0.5168484902024916,0.008504822401981412
-0.1033676337146491,-0.5168484902024916,-0.023741695338035287
0.,-0.5168484902024916,-0.033972669023719676
0.1033676337146491,-0.5168484902024916,-0.02829041412370604
0.2067352674292982,-0.5168484902024916,-0.014028619795899101
0.31010290114394734,-0.5168484902024916,0.0020649878824547285
0.4134705348585964,-0.5168484902024916,0.01518170753662307
0.5168381685732455,-0.5168484902024916,0.02307166407683673
0.6202058022878947,-0.5168484902024916,0.025886222341778356
0.7235734360025438,-0.5168484902024916,0.02541269816591066
0.8269410697171944,-0.5168484902024916,0.02401485761130498
0.9303087034318435,-0.5168484902024916,0.023632146841230724
1.0336763371464925,-0.5168484902024916,0.025124377454579908
1.1370439708611417,-0.5168484902024916,0.02810646805918393
1.2404116045757907,-0.5168484902024916,0.031249492991271745
1.3437792382904399,-0.5168484902024916,0.032882863875715075
1.447146872005089,-0.5168484902024916,0.03165820601066984
1.550514505719738,-0.5168484902024916,0.027044434588271746
1.6538821394343872,-0.5168484902024916,0.019504537314742092
1.7572497731490362,-0.5168484902024916,0.010324962238383993
1.8606174068636854,-0.5168484902024916,0.0011861042343305763
1.9639850405783346,-0.5168484902024916,-0.0063604096853479225
2.0673526742929837,-0.5168484902024916,-0.01132649229809377
2.1707203080076343,-0.5168484902024916,-0.013499179866972001
2.2740879417222835,-0.5168484902024916,-0.013380642528110416
2.3774555754369326,-0.5168484902024916,-0.011903876887492752
2.4808232091515814,-0.5168484902024916,-0.010043185499527377
2.5841908428662306,-0.5168484902024916,-0.008464378442082846
2.6875584765808798,-0.5168484902024916,-0.007334158278546387
2.790926110295529,-0.5168484902024916,-0.006343597186958877
2.894293744010178,-0.5168484902024916,-0.004921472346916986
2.997661377724827,-0.5168484902024916,-0.0025472824236098274
3.101029011439476,-0.5168484902024916,0.0009573598341578044
3.2043966451541253,-0.5168484902024916,0.005267954905705631
3.3077642788687744,-0.5168484902024916,0.009586663884263791
3.411131912583425,-0.5168484902024916,0.012854058811226246
3.514499546298074,-0.5168484902024916,0.014072250902668702
3.6178671800127233,-0.5168484902024916,0.012631634761251651
3.7212348137273725,-0.5168484902024916,0.00853336951044802
3.8246024474420213,-0.5168484902024916,0.002434801032849638
3.9279700811566705,-0.5168484902024916,-0.004497669945589428
4.031337714871319,-0.5168484902024916,-0.010883661172185288
4.134705348585968,-0.5168484902024916,-0.015483438821015612
4.238072982300618,-0.5168484902024916,-0.017509031962741253
4.341440616015267,-0.5168484902024916,-0.016805907154815936
4.444808249729916,-0.5168484902024916,-0.013860909703066157
4.548175883444565,-0.5168484902024916,-0.009643975909480636
4.651543517159214,-0.5168484902024916,-0.005336881914893428
4.754911150873865,-0.5168484902024916,-0.0020291251337465053
4.858278784588514,-0.5168484902024916,-0.000462975283412364
4.961646418303163,-0.5168484902024916,-0.0008888188928889004
5.065014052017812,-0.5168484902024916,-0.0030566227867643574
5.168381685732461,-0.5168484902024916,-0.0063312011373736045
5.27174931944711,-0.5168484902024916,-0.009888756023613356
5.3751169531617595,-0.5168484902024916,-0.012936831868355288
5.478484586876409,-0.5168484902024916,-0.014901150625644902
5.581852220591058,-0.5168484902024916,-0.015537801882011005
5.685219854305707,-0.5168484902024916,-0.014952009542579225
5.788587488020356,-0.5168484902024916,-0.013528546562255167
5.8919551217350055,-0.5168484902024916,-0.011798386968296283
5.995322755449654,-0.5168484902024916,-0.010278136631331446
6.098690389164305,-0.5168484902024916,-0.009322160242553354
6.202058022878954,-0.5168484902024916,-0.009022715577792682
6.305425656593603,-0.5168484902024916,-0.009182272839554051
6.408793290308252,-0.5168484902024916,-0.00936641120628531
-6.408793290308252,-0.4134787921619934,-0.0012635206709660908
-6.305425656593603,-0.4134787921619934,-0.0017088229867734514
-6.202058022878954,-0.4134787921619934,-0.0003160817473282798
-6.098690389164304,-0.4134787921619934,0.0032848780607342793
-5.995322755449655,-0.4134787921619934,0.008725508960152098
-5.8919551217350055,-0.4134787921619934,0.014910620227632574
-5.788587488020356,-0.4134787921619934,0.020262123796216287
-5.685219854305708,-0.4134787921619934,0.023143739338698028
-5.581852220591058,-0.4134787921619934,0.022353088503983685
-5.478484586876409,-0.4134787921619934,0.01753456072712877
-5.3751169531617595,-0.4134787921619934,0.009377183355592397
-5.27174931944711,-0.4134787921619934,-0.00048269200906121435
-5.168381685732461,-0.4134787921619934,-0.009847867090046675
-5.065014052017812,-0.4134787921619934,-0.016538745831564162
-4.961646418303163,-0.4134787921619934,-0.018999938708246813
-4.858278784588514,-0.4134787921619934,-0.016752760561572468
-4.754911150873865,-0.4134787921619934,-0.01055032456929154
-4.651543517159215,-0.4134787921619934,-0.002178952535278629
-4.548175883444566,-0.4134787921619934,0.006041339452625283
-4.444808249729917,-0.4134787921619934,0.011908364590215735
-4.341440616015267,-0.4134787921619934,0.01394151282211201
-4.238072982300618,-0.4134787921619934,0.011751047572303724
-4.134705348585968,-0.4134787921619934,0.006061223455489197
-4.031337714871319,-0.4134787921619934,-0.0016110213516985715
-3.9279700811566705,-0.4134787921619934,-0.009505475730726163
-3.8246024474420213,-0.4134787921619934,-0.016203490925645086
-3.7212348137273725,-0.4134787921619934,-0.021044982742737407
-3.6178671800127233,-0.4134787921619934,-0.024235179059172333
-3.514499546298074,-0.4134787921619934,-0.026611624215515963
-3.411131912583425,-0.4134787921619934,-0.029168286884960922
-3.3077642788687753,-0.4134787921619934,-0.032527999513227
-3.204396645154126,-0.4134787921619934,-0.03658065446834068
-3.101029011439477,-0.4134787921619934,-0.04044896849608476
-2.9976613777248278,-0.4134787921619934,-0.042821482074127996
-2.8942937440101786,-0.4134787921619934,-0.04254443899743032
-2.790926110295529,-0.4134787921619934,-0.03924359004253189
-2.6875584765808798,-0.4134787921619934,-0.03370164372452478
-2.5841908428662306,-0.4134787921619934,-0.027772008699327003
-2.4808232091515814,-0.4134787921619934,-0.02375595200484395
-2.3774555754369326,-0.4134787921619934,-0.02336614350376207
-2.2740879417222835,-0.4134787921619934,-0.026580791050932036
-2.1707203080076334,-0.4134787921619934,-0.030793522170679342
-2.067352674292984,-0.4134787921619934,-0.03063970240393393
-1.9639850405783352,-0.4134787921619934,-0.018722431405010186
-1.8606174068636863,-0.4134787921619934,0.012793169156612367
-1.757249773149037,-0.4134787921619934,0.07002945545906586
-1.6538821394343879,-0.4134787921619934,0.15522212703800478
-1.550514505719738,-0.4134787921619934,0.2651403368319816
-1.447146872005089,-0.4134787921619934,0.3906297908030846
-1.3437792382904399,-0.4134787921619934,0.5175552047003256
-1.2404116045757907,-0.4134787921619934,0.6290641752493277
-1.1370439708611417,-0.4134787921619934,0.7087338488171023
-1.0336763371464925,-0.4134787921619934,0.7438974603828398
-0.9303087034318435,-0.4134787921619934,0.728359406802988
-0.8269410697171936,-0.4134787921619934,0.6638269897354532
-0.7235734360025445,-0.4134787921619934,0.5596879530463256
-0.6202058022878953,-0.4134787921619934,0.4311671097969027
-0.5168381685732463,-0.4134787921619934,0.2962942562345665
-0.4134705348585972,-0.4134787921619934,0.1724015950933651
-0.31010290114394806,-0.4134787921619934,0.07296608373155136
-0.2067352674292982,-0.4134787921619934,0.005497668894864079
-0.1033676337146491,-0.4134787921619934,-0.029115599936511683
0.,-0.4134787921619934,-0.03577642261256204
0.1033676337146491,-0.4134787921619934,-0.023199442971866824
0.2067352674292982,-0.4134787921619934,-0.0013785887815420754
0.31010290114394734,-0.4134787921619934,0.020824296454890284
0.4134705348585964,-0.4134787921619934,0.03739724378885187
0.5168381685732455,-0.4134787921619934,0.04587519035147987
0.6202058022878947,-0.4134787921619934,0.04699736762973381
0.7235734360025438,-0.4134787921619934,0.04358657031932949
0.8269410697171944,-0.4134787921619934,0.03908841622582816
0.9303087034318435,-0.4134787921619934,0.03624171367676425
1.0336763371464925,-0.4134787921619934,0.03624580918726171
1.1370439708611417,-0.4134787921619934,0.03859255752516996
1.2404116045757907,-0.4134787921619934,0.041507760989004765
1.3437792382904399,-0.4134787921619934,0.04276864296398556
1.447146872005089,-0.4134787921619934,0.040578943525865635
1.550514505719738,-0.4134787921619934,0.034207009703465116
1.6538821394343872,-0.4134787921619934,0.024205232987291454
1.7572497731490362,-0.4134787921619934,0.012186097279896781
1.8606174068636854,-0.4134787921619934,0.0002765463567451126
1.9639850405783346,-0.4134787921619934,-0.009537155943653933
2.0673526742929837,-0.4134787921619934,-0.015950433698498225
2.1707203080076343,-0.4134787921619934,-0.01860644194549566
2.2740879417222835,-0.4134787921619934,-0.01803505564173425
2.3774555754369326,-0.4134787921619934,-0.015326862944297808
2.4808232091515814,-0.4134787921619934,-0.011685413398339574
2.5841908428662306,-0.4134787921619934,-0.008025432759314095
2.6875584765808798,-0.4134787921619934,-0.004749788263009763
2.790926110295529,-0.4134787921619934,-0.0017611244821046066
2.894293744010178,-0.4134787921619934,0.0013247369064480756
2.997661377724827,-0.4134787921619934,0.0048659531550705615
3.101029011439476,-0.4134787921619934,0.008912556975856151
3.2043966451541253,-0.4134787921619934,0.01306536602555496
3.3077642788687744,-0.4134787921619934,0.01652894125733223
3.411131912583425,-0.4134787921619934,0.018339322121761314
3.514499546298074,-0.4134787921619934,0.017685508491213312
3.6178671800127233,-0.4134787921619934,0.01421258834090987
3.7212348137273725,-0.4134787921619934,0.008202415478675753
3.8246024474420213,-0.4134787921619934,0.0005696616257902411
3.9279700811566705,-0.4134787921619934,-0.00732894433819983
4.031337714871319,-0.4134787921619934,-0.014016711305068735
4.134705348585968,-0.4134787921619934,-0.018257483424788695
4.238072982300618,-0.4134787921619934,-0.019354249889068035
4.341440616015267,-0.4134787921619934,-0.017307887510042717
4.444808249729916,-0.4134787921619934,-0.01280062070332177
4.548175883444565,-0.4134787921619934,-0.007017248310522376
4.651543517159214,-0.4134787921619934,-0.0013573528781130131
4.754911150873865,-0.4134787921619934,0.002886185991508292
4.858278784588514,-0.4134787921619934,0.004806159992328006
4.961646418303163,-0.4134787921619934,0.004058453370575987
5.065014052017812,-0.4134787921619934,0.0009069710565382684
5.168381685732461,-0.4134787921619934,-0.003864116838795366
5.27174931944711,-0.4134787921619934,-0.009144316919619325
5.3751169531617595,-0.4134787921619934,-0.01375182963086318
5.478484586876409,-0.4134787921619934,-0.01669540485059992
5.581852220591058,-0.4134787921619934,-0.017389004239033848
5.685219854305707,-0.4134787921619934,-0.015774116771583524
5.788587488020356,-0.4134787921619934,-0.012321396369533924
5.8919551217350055,-0.4134787921619934,-0.00790681970154633
5.995322755449654,-0.4134787921619934,-0.0035851014170241624
6.098690389164305,-0.4134787921619934,-0.00030978343367800984
6.202058022878954,-0.4134787921619934,0.0013315336083111256
6.305425656593603,-0.4134787921619934,0.001293986622418046
6.408793290308252,-0.4134787921619934,0.00010651936695387633
-6.408793290308252,-0.31010909412149523,0.005399358046543728
-6.305425656593603,-0.31010909412149523,0.0038145469616114726
-6.202058022878954,-0.31010909412149523,0.004172226462915472
-6.098690389164304,-0.31010909412149523,0.007167099155246265
-5.995322755449655,-0.31010909412149523,0.01264093708821057
-5.8919551217350055,-0.31010909412149523,0.019499532067455385
-5.788587488020356,-0.31010909412149523,0.025928577898247457
-5.685219854305708,-0.31010909412149523,0.02987582843062654
-5.581852220591058,-0.31010909412149523,0.029673186094202907
-5.478484586876409,-0.31010909412149523,0.024610967813807443
-5.3751169531617595,-0.31010909412149523,0.015272399857185906
-5.27174931944711,-0.31010909412149523,0.003496710939496229
-5.168381685732461,-0.31010909412149523,-0.008050616596908592
-5.065014052017812,-0.31010909412149523,-0.016595173381037456
-4.961646418303163,-0.31010909412149523,-0.020051912503500895
-4.858278784588514,-0.31010909412149523,-0.01765810653960902
-4.754911150873865,-0.31010909412149523,-0.010234289964085057
-4.651543517159215,-0.31010909412149523,0.000023113718681863096
-4.548175883444566,-0.31010909412149523,0.010166028640177103
-4.444808249729917,-0.31010909412149523,0.01734740181862881
-4.341440616015267,-0.31010909412149523,0.019634676291452248
-4.238072982300618,-0.31010909412149523,0.016524347599100694
-4.134705348585968,-0.31010909412149523,0.008993592688420851
-4.031337714871319,-0.31010909412149523,-0.000921313255739465
-3.9279700811566705,-0.31010909412149523,-0.010869514292069504
-3.8246024474420213,-0.31010909412149523,-0.01899101660233449
-3.7212348137273725,-0.31010909412149523,-0.02449892059715899
-3.6178671800127233,-0.31010909412149523,-0.027832585495592515
-3.514499546298074,-0.31010909412149523,-0.03033015682629811
-3.411131912583425,-0.31010909412149523,-0.033546547846069745
-3.3077642788687753,-0.31010909412149523,-0.03848046256909018
-3.204396645154126,-0.31010909412149523,-0.045019059045362825
-3.101029011439477,-0.31010909412149523,-0.05183961636476578
-2.9976613777248278,-0.31010909412149523,-0.05684248422465243
-2.8942937440101786,-0.31010909412149523,-0.057983131722677196
-2.790926110295529,-0.31010909412149523,-0.05419671462286244
-2.6875584765808798,-0.31010909412149523,-0.0460337713925682
-2.5841908428662306,-0.31010909412149523,-0.03568760769634202
-2.4808232091515814,-0.31010909412149523,-0.026284007383129557
-2.3774555754369326,-0.31010909412149523,-0.020567135286279122
-2.2740879417222835,-0.31010909412149523,-0.01936599560742629
-2.1707203080076334,-0.31010909412149523,-0.020373957019063763
-2.067352674292984,-0.31010909412149523,-0.017756617685316133
-1.9639850405783352,-0.31010909412149523,-0.0029076691507713814
-1.8606174068636863,-0.31010909412149523,0.03365621935106711
-1.757249773149037,-0.31010909412149523,0.09963893250823846
-1.6538821394343879,-0.31010909412149523,0.19821839662507812
-1.550514505719738,-0.31010909412149523,0.3260015026412879
-1.447146872005089,-0.31010909412149523,0.47236501671810266
-1.3437792382904399,-0.31010909412149523,0.6205471286622771
-1.2404116045757907,-0.31010909412149523,0.7504013079674383
-1.1370439708611417,-0.31010909412149523,0.8422627090240523
-1.0336763371464925,-0.31010909412149523,0.8810408599316939
-0.9303087034318435,-0.31010909412149523,0.8595429619342568
-0.8269410697171936,-0.31010909412149523,0.7801892428188747
-0.7235734360025445,-0.31010909412149523,0.6546688430272217
-0.6202058022878953,-0.31010909412149523,0.5015984348791591
-0.5168381685732463,-0.31010909412149523,0.34274579649045056
-0.4134705348585972,-0.31010909412149523,0.1987300662132894
-0.31010290114394806,-0.31010909412149523,0.08521580484280762
-0.2067352674292982,-0.31010909412149523,0.010455566574851584
-0.1033676337146491,-0.31010909412149523,-0.025342738647465973
0.,-0.31010909412149523,-0.028831074795731854
0.1033676337146491,-0.31010909412149523,-0.01097932656349264
0.2067352674292982,-0.31010909412149523,0.016062956709370402
0.31010290114394734,-0.31010909412149523,0.04186411920674806
0.4134705348585964,-0.31010909412149523,0.05968351930328884
0.5168381685732455,-0.31010909412149523,0.06715874006183688
0.6202058022878947,-0.31010909412149523,0.06573253964502766
0.7235734360025438,-0.31010909412149523,0.05918249244783678
0.8269410697171944,-0.31010909412149523,0.051812922122429717
0.9303087034318435,-0.31010909412149523,0.04688276497267232
1.0336763371464925,-0.31010909412149523,0.04568992294180449
1.1370439708611417,-0.31010909412149523,0.047476005902557905
1.2404116045757907,-0.31010909412149523,0.050043363135219676
1.3437792382904399,-0.31010909412149523,0.05077283914312074
1.447146872005089,-0.31010909412149523,0.047649925232140254
1.550514505719738,-0.31010909412149523,0.03995940246400218
1.6538821394343872,-0.31010909412149523,0.028461920004920736
1.7572497731490362,-0.31010909412149523,0.01505956676690803
1.8606174068636854,-0.31010909412149523,0.0021244379212209587
1.9639850405783346,-0.31010909412149523,-0.008246605260335571
2.0673526742929837,-0.31010909412149523,-0.01479656367980155
2.1707203080076343,-0.31010909412149523,-0.017330485271156614
2.2740879417222835,-0.31010909412149523,-0.01656928369664019
2.3774555754369326,-0.31010909412149523,-0.013737762350391761
2.4808232091515814,-0.31010909412149523,-0.010067531907740571
2.5841908428662306,-0.31010909412149523,-0.006401840492887601
2.6875584765808798,-0.31010909412149523,-0.0030292749138790347
2.790926110295529,-0.31010909412149523,0.00022531369135343066
2.894293744010178,-0.31010909412149523,0.0037228248765739714
2.997661377724827,-0.31010909412149523,0.007678426755187316
3.101029011439476,-0.31010909412149523,0.011918889207214801
3.2043966451541253,-0.31010909412149523,0.015826648271244997
3.3077642788687744,-0.31010909412149523,0.018491210982201283
3.411131912583425,-0.31010909412149523,0.019008594871933255
3.514499546298074,-0.31010909412149523,0.01681582724163065
3.6178671800127233,-0.31010909412149523,0.011937437033611921
3.7212348137273725,-0.31010909412149523,0.00505496579353205
3.8246024474420213,-0.31010909412149523,-0.0026261753830121174
3.9279700811566705,-0.31010909412149523,-0.009669679496665999
4.031337714871319,-0.31010909412149523,-0.014768466904181916
4.134705348585968,-0.31010909412149523,-0.01706336772508337
4.238072982300618,-0.31010909412149523,-0.016332020651534135
4.341440616015267,-0.31010909412149523,-0.01300567970913058
4.444808249729916,-0.31010909412149523,-0.008025459071708164
4.548175883444565,-0.31010909412149523,-0.0025927868492529272
4.651543517159214,-0.31010909412149523,0.0021107816832771913
4.754911150873865,-0.31010909412149523,0.005164296738582303
4.858278784588514,-0.31010909412149523,0.00606245791198468
4.961646418303163,-0.31010909412149523,0.004769472026294432
5.065014052017812,-0.31010909412149523,0.0016820613374610776
5.168381685732461,-0.31010909412149523,-0.002474112369412338
5.27174931944711,-0.31010909412149523,-0.00678853590328802
5.3751169531617595,-0.31010909412149523,-0.010329350165619219
5.478484586876409,-0.31010909412149523,-0.0123096826114382
5.581852220591058,-0.31010909412149523,-0.012239311762842368
5.685219854305707,-0.31010909412149523,-0.010038051249318732
5.788587488020356,-0.31010909412149523,-0.006081285648809021
5.8919551217350055,-0.31010909412149523,-0.0011500592647153782
5.995322755449654,-0.31010909412149523,0.003726236125614827
6.098690389164305,-0.31010909412149523,0.0075174193503735175
6.202058022878954,-0.31010909412149523,0.00947830436876488
6.305425656593603,-0.31010909412149523,0.009393356414111192
6.408793290308252,-0.31010909412149523,0.0076949621725036586
-6.408793290308252,-0.20673939608099706,0.010494508528890915
-6.305425656593603,-0.20673939608099706,0.008578607023438668
-6.202058022878954,-0.20673939608099706,0.008105946833172215
-6.098690389164304,-0.20673939608099706,0.00995629413122254
-5.995322755449655,-0.20673939608099706,0.01430760582305021
-5.8919551217350055,-0.20673939608099706,0.02041729651168635
-5.788587488020356,-0.20673939608099706,0.02670024886366734
-5.685219854305708,-0.20673939608099706,0.0311231161838856
-5.581852220591058,-0.20673939608099706,0.031820179043038625
-5.478484586876409,-0.20673939608099706,0.027742945555949042
-5.3751169531617595,-0.20673939608099706,0.019120812157150245
-5.27174931944711,-0.20673939608099706,0.007552129109047272
-5.168381685732461,-0.20673939608099706,-0.00434414553591712
-5.065014052017812,-0.20673939608099706,-0.013640369063701092
-4.961646418303163,-0.20673939608099706,-0.01796877926831666
-4.858278784588514,-0.20673939608099706,-0.01627099777611168
-4.754911150873865,-0.20673939608099706,-0.009175052466230658
-4.651543517159215,-0.20673939608099706,0.0011421339798586808
-4.548175883444566,-0.20673939608099706,0.011582251872667766
-4.444808249729917,-0.20673939608099706,0.019052210841723358
-4.341440616015267,-0.20673939608099706,0.021391201553093583
-4.238072982300618,-0.20673939608099706,0.0179910114182032
-4.134705348585968,-0.20673939608099706,0.009900348126210105
-4.031337714871319,-0.20673939608099706,-0.0006218087223029461
-3.9279700811566705,-0.20673939608099706,-0.010946984798933928
-3.8246024474420213,-0.20673939608099706,-0.01901353046480501
-3.7212348137273725,-0.20673939608099706,-0.024020917178781076
-3.6178671800127233,-0.20673939608099706,-0.02662632710592768
-3.514499546298074,-0.20673939608099706,-0.028565903933396322
-3.411131912583425,-0.20673939608099706,-0.03183654146884608
-3.3077642788687753,-0.20673939608099706,-0.03774636671072234
-3.204396645154126,-0.20673939608099706,-0.04620731917200342
-3.101029011439477,-0.20673939608099706,-0.05557091828450963
-2.9976613777248278,-0.20673939608099706,-0.06311633797326217
-2.8942937440101786,-0.20673939608099706,-0.0660511305904488
-2.790926110295529,-0.20673939608099706,-0.06266746898849783
-2.6875584765808798,-0.20673939608099706,-0.05319402961654416
-2.5841908428662306,-0.20673939608099706,-0.03994418102898871
-2.4808232091515814,-0.20673939608099706,-0.026578823615347816
-2.3774555754369326,-0.20673939608099706,-0.016614234015631914
-2.2740879417222835,-0.20673939608099706,-0.011609792701728756
-2.1707203080076334,-0.20673939608099706,-0.009659075721751021
-2.067352674292984,-0.20673939608099706,-0.0048022193450757405
-1.9639850405783352,-0.20673939608099706,0.012241360298723886
-1.8606174068636863,-0.20673939608099706,0.05200189936836617
-1.757249773149037,-0.20673939608099706,0.12326601273201072
-1.6538821394343879,-0.20673939608099706,0.22992896464623414
-1.550514505719738,-0.20673939608099706,0.36860974569870364
-1.447146872005089,-0.20673939608099706,0.5278295591769159
-1.3437792382904399,-0.20673939608099706,0.6891865316419874
-1.2404116045757907,-0.20673939608099706,0.8304341827991374
-1.1370439708611417,-0.20673939608099706,0.9298352470913248
-1.0336763371464925,-0.20673939608099706,0.9707728076014018
-0.9303087034318435,-0.20673939608099706,0.9454769075855172
-0.8269410697171936,-0.20673939608099706,0.856911616528339
-0.7235734360025445,-0.20673939608099706,0.718319793919845
-0.6202058022878953,-0.20673939608099706,0.5505174614433128
-0.5168381685732463,-0.20673939608099706,0.37760158095187984
-0.4134705348585972,-0.20673939608099706,0.22212547259712476
-0.31010290114394806,-0.20673939608099706,0.10089953738364664
-0.2067352674292982,-0.20673939608099706,0.022369247079954455
-0.1033676337146491,-0.20673939608099706,-0.01392619672863319
0.,-0.20673939608099706,-0.015869409645852085
0.1033676337146491,-0.20673939608099706,0.004181641732944154
0.2067352674292982,-0.20673939608099706,0.032916428451963145
0.31010290114394734,-0.20673939608099706,0.05922724899018905
0.4134705348585964,-0.20673939608099706,0.07625601371388585
0.5168381685732455,-0.20673939608099706,0.08197620074597825
0.6202058022878947,-0.20673939608099706,0.07839605380801977
0.7235734360025438,-0.20673939608099706,0.06983676113294203
0.8269410697171944,-0.20673939608099706,0.06093357851786385
0.9303087034318435,-0.20673939608099706,0.05499012905658065
1.0336763371464925,-0.20673939608099706,0.053115042890262386
1.1370439708611417,-0.20673939608099706,0.05426703365338196
1.2404116045757907,-0.20673939608099706,0.05603381185713067
1.3437792382904399,-0.20673939608099706,0.05576473017284124
1.447146872005089,-0.20673939608099706,0.05161989691048101
1.550514505719738,-0.20673939608099706,0.043190028175554764
1.6538821394343872,-0.20673939608099706,0.031534014526562355
1.7572497731490362,-0.20673939608099706,0.018699702847490344
1.8606174068636854,-0.20673939608099706,0.006961964472848376
1.9639850405783346,-0.20673939608099706,-0.001920299277925093
2.0673526742929837,-0.20673939608099706,-0.007171543776065364
2.1707203080076343,-0.20673939608099706,-0.009064160453105636
2.2740879417222835,-0.20673939608099706,-0.008612593047289967
2.3774555754369326,-0.20673939608099706,-0.007059383583512806
2.4808232091515814,-0.20673939608099706,-0.005372596159362083
2.5841908428662306,-0.20673939608099706,-0.003944607120839272
2.6875584765808798,-0.20673939608099706,-0.0025850247786752753
2.790926110295529,-0.20673939608099706,-0.000777239154109331
2.894293744010178,-0.20673939608099706,0.0019332738123850246
2.997661377724827,-0.20673939608099706,0.005593953339483522
3.101029011439476,-0.20673939608099706,0.009691242916655508
3.2043966451541253,-0.20673939608099706,0.013252487358334633
3.3077642788687744,-0.20673939608099706,0.015164061651185508
3.411131912583425,-0.20673939608099706,0.014581156687071687
3.514499546298074,-0.20673939608099706,0.011270157835524762
3.6178671800127233,-0.20673939608099706,0.005751423938055334
3.7212348137273725,-0.20673939608099706,-0.0008139816439312402
3.8246024474420213,-0.20673939608099706,-0.006955501224670127
3.9279700811566705,-0.20673939608099706,-0.01132643516233618
4.031337714871319,-0.20673939608099706,-0.013090639868034217
4.134705348585968,-0.20673939608099706,-0.0121355496160751
4.238072982300618,-0.20673939608099706,-0.00905049797317562
4.341440616015267,-0.20673939608099706,-0.004893273082710115
4.444808249729916,-0.20673939608099706,-0.0008383056151797989
4.548175883444565,-0.20673939608099706,0.002167834451437802
4.651543517159214,-0.20673939608099706,0.003632950176177054
4.754911150873865,-0.20673939608099706,0.0035702476845566465
4.858278784588514,-0.20673939608099706,0.002384987308174916
4.961646418303163,-0.20673939608099706,0.0006648021403358545
5.065014052017812,-0.20673939608099706,-0.0010336541594257861
5.168381685732461,-0.20673939608099706,-0.0023233867530928877
5.27174931944711,-0.20673939608099706,-0.0030166611528624795
5.3751169531617595,-0.20673939608099706,-0.0030639672738343856
5.478484586876409,-0.20673939608099706,-0.002459349493958544
5.581852220591058,-0.20673939608099706,-0.0011773889690441506
5.685219854305707,-0.20673939608099706,0.0008171670655725779
5.788587488020356,-0.20673939608099706,0.0034908334926525876
5.8919551217350055,-0.20673939608099706,0.0066413423339195445
5.995322755449654,-0.20673939608099706,0.009845087786561062
6.098690389164305,-0.20673939608099706,0.0125082558658512
6.202058022878954,-0.20673939608099706,0.01403379595294207
6.305425656593603,-0.20673939608099706,0.014058564027034932
6.408793290308252,-0.20673939608099706,0.012668652310497878
-6.408793290308252,-0.10336969804049892,0.014007003340948352
-6.305425656593603,-0.10336969804049892,0.012469936346319195
-6.202058022878954,-0.10336969804049892,0.01131195956740926
-6.098690389164304,-0.10336969804049892,0.011481413309189612
-5.995322755449655,-0.10336969804049892,0.013591786342425395
-5.8919551217350055,-0.10336969804049892,0.017544048233446845
-5.788587488020356,-0.10336969804049892,0.02238648797517327
-5.685219854305708,-0.10336969804049892,0.026505779113547828
-5.581852220591058,-0.10336969804049892,0.028118798812246094
-5.478484586876409,-0.10336969804049892,0.025911462070675195
-5.3751169531617595,-0.10336969804049892,0.019596832968967134
-5.27174931944711,-0.10336969804049892,0.01017235140425003
-5.168381685732461,-0.10336969804049892,-0.000251803019915424
-5.065014052017812,-0.10336969804049892,-0.009033399824843883
-4.961646418303163,-0.10336969804049892,-0.013816495898782444
-4.858278784588514,-0.10336969804049892,-0.013316949740834343
-4.754911150873865,-0.10336969804049892,-0.007798084093533355
-4.651543517159215,-0.10336969804049892,0.0009466849709618179
-4.548175883444566,-0.10336969804049892,0.010121996778883396
-4.444808249729917,-0.10336969804049892,0.016806875631839902
-4.341440616015267,-0.10336969804049892,0.018886424392490934
-4.238072982300618,-0.10336969804049892,0.01571578845004722
-4.134705348585968,-0.10336969804049892,0.00827854091197309
-4.031337714871319,-0.10336969804049892,-0.0012235968474739176
-3.9279700811566705,-0.10336969804049892,-0.010208499525223057
-3.8246024474420213,-0.10336969804049892,-0.01667742366876218
-3.7212348137273725,-0.10336969804049892,-0.019948077224229768
-3.6178671800127233,-0.10336969804049892,-0.02087491013858595
-3.514499546298074,-0.10336969804049892,-0.021457749673670232
-3.411131912583425,-0.10336969804049892,-0.023968893323800776
-3.3077642788687753,-0.10336969804049892,-0.02992056288709563
-3.204396645154126,-0.10336969804049892,-0.03927524563719979
-3.101029011439477,-0.10336969804049892,-0.050233614309361185
-2.9976613777248278,-0.10336969804049892,-0.059733687342929075
-2.8942937440101786,-0.10336969804049892,-0.06452620697919856
-2.790926110295529,-0.10336969804049892,-0.06245012039824939
-2.6875584765808798,-0.10336969804049892,-0.05341095190764588
-2.5841908428662306,-0.10336969804049892,-0.03961973375220226
-2.4808232091515814,-0.10336969804049892,-0.024877820150783082
-2.3774555754369326,-0.10336969804049892,-0.013027692551593998
-2.2740879417222835,-0.10336969804049892,-0.006022171600245145
-2.1707203080076334,-0.10336969804049892,-0.002275815314588669
-2.067352674292984,-0.10336969804049892,0.004034159837430295
-1.9639850405783352,-0.10336969804049892,0.02227737232229482
-1.8606174068636863,-0.10336969804049892,0.06325488088457762
-1.757249773149037,-0.10336969804049892,0.13608861477795064
-1.6538821394343879,-0.10336969804049892,0.24492409457327005
-1.550514505719738,-0.10336969804049892,0.38641785318558014
-1.447146872005089,-0.10336969804049892,0.5488586711352358
-1.3437792382904399,-0.10336969804049892,0.7133806024307575
-1.2404116045757907,-0.10336969804049892,0.8571672104188202
-1.1370439708611417,-0.10336969804049892,0.9579788826489064
-1.0336763371464925,-0.10336969804049892,0.9989268749340996
-0.9303087034318435,-0.10336969804049892,0.9722953987072207
-0.8269410697171936,-0.10336969804049892,0.8814214534911214
-0.7235734360025445,-0.10336969804049892,0.7401289789253975
-0.6202058022878953,-0.10336969804049892,0.5698443121208071
-0.5168381685732463,-0.10336969804049892,0.39511612654383627
-0.4134705348585972,-0.10336969804049892,0.2386575218753404
-0.31010290114394806,-0.10336969804049892,0.11711334252073628
-0.2067352674292982,-0.10336969804049892,0.03851593837894205
-0.1033676337146491,-0.10336969804049892,0.00190546658574682
0.,-0.10336969804049892,-0.0009968808702242463
0.1033676337146491,-0.10336969804049892,0.017306948266409994
0.2067352674292982,-0.10336969804049892,0.04367161506420457
0.31010290114394734,-0.10336969804049892,0.06740782041120034
0.4134705348585964,-0.10336969804049892,0.08217982306628642
0.5168381685732455,-0.10336969804049892,0.08639809729817972
0.6202058022878947,-0.10336969804049892,0.08226160685861854
0.7235734360025438,-0.10336969804049892,0.07396274388241314
0.8269410697171944,-0.10336969804049892,0.06573169098296064
0.9303087034318435,-0.10336969804049892,0.06033776653275436
1.0336763371464925,-0.10336969804049892,0.05842637058771696
1.1370439708611417,-0.10336969804049892,0.05874635874440304
1.2404116045757907,-0.10336969804049892,0.05902615135347967
1.3437792382904399,-0.10336969804049892,0.057079556102986706
1.447146872005089,-0.10336969804049892,0.05170790324703894
1.550514505719738,-0.10336969804049892,0.04309927341943313
1.6538821394343872,-0.10336969804049892,0.03264582241939931
1.7572497731490362,-0.10336969804049892,0.022321135056670164
1.8606174068636854,-0.10336969804049892,0.013904004188020526
1.9639850405783346,-0.10336969804049892,0.00835983446346659
2.0673526742929837,-0.10336969804049892,0.005598925152380773
2.1707203080076343,-0.10336969804049892,0.004666440462624233
2.2740879417222835,-0.10336969804049892,0.0042486034329269826
2.3774555754369326,-0.10336969804049892,0.003267132423843937
2.4808232091515814,-0.10336969804049892,0.0013169406847168934
2.5841908428662306,-0.10336969804049892,-0.0012194491660792953
2.6875584765808798,-0.10336969804049892,-0.003409053575428067
2.790926110295529,-0.10336969804049892,-0.004243286752777041
2.894293744010178,-0.10336969804049892,-0.0031452789836809558
2.997661377724827,-0.10336969804049892,-0.0002967263266426345
3.101029011439476,-0.10336969804049892,0.0033525998294976563
3.2043966451541253,-0.10336969804049892,0.006401456762473982
3.3077642788687744,-0.10336969804049892,0.007518928251972886
3.411131912583425,-0.10336969804049892,0.00596894229081219
3.514499546298074,-0.10336969804049892,0.0019320384968628207
3.6178671800127233,-0.10336969804049892,-0.003505329913340583
3.7212348137273725,-0.10336969804049892,-0.008698612580984845
3.8246024474420213,-0.10336969804049892,-0.01200788795313011
3.9279700811566705,-0.10336969804049892,-0.012372173412043356
4.031337714871319,-0.10336969804049892,-0.009686526925846935
4.134705348585968,-0.10336969804049892,-0.004844773180553308
4.238072982300618,-0.10336969804049892,0.000567709462128784
4.341440616015267,-0.10336969804049892,0.004820343647388652
4.444808249729916,-0.10336969804049892,0.006627293628164207
4.548175883444565,-0.10336969804049892,0.005572676640397054
4.651543517159214,-0.10336969804049892,0.0022254616676150867
4.754911150873865,-0.10336969804049892,-0.0020875542653960143
4.858278784588514,-0.10336969804049892,-0.0057596709164199865
4.961646418303163,-0.10336969804049892,-0.007455703045978524
5.065014052017812,-0.10336969804049892,-0.0065399616514091145
5.168381685732461,-0.10336969804049892,-0.0032365091237137543
5.27174931944711,-0.10336969804049892,0.001519274907209187
5.3751169531617595,-0.10336969804049892,0.006464512994953491
5.478484586876409,-0.10336969804049892,0.01047234571762372
5.581852220591058,-0.10336969804049892,0.012918762290497874
5.685219854305707,-0.10336969804049892,0.013823187520641432
5.788587488020356,-0.10336969804049892,0.013727661071376511
5.8919551217350055,-0.10336969804049892,0.013383687366961267
5.995322755449654,-0.10336969804049892,0.01338909337013576
6.098690389164305,-0.10336969804049892,0.013931316415144411
6.202058022878954,-0.10336969804049892,0.01474373635828538
6.305425656593603,-0.10336969804049892,0.015288495819553787
6.408793290308252,-0.10336969804049892,0.015080517631079999
-6.408793290308252,0.,0.016182011981934443
-6.305425656593603,0.,0.01541921560088013
-6.202058022878954,0.,0.013646821848404288
-6.098690389164304,0.,0.011816670761313042
-5.995322755449655,0.,0.011008790271176768
-5.8919551217350055,0.,0.011899861515328548
-5.788587488020356,0.,0.01438238388203042
-5.685219854305708,0.,0.017504205487703997
-5.581852220591058,0.,0.019772591201869007
-5.478484586876409,0.,0.019720263353204964
-5.3751169531617595,0.,0.0165198042206264
-5.27174931944711,0.,0.010401873755802026
-5.168381685732461,0.,0.002696542021069452
-5.065014052017812,0.,-0.004545715712272066
-4.961646418303163,0.,-0.009236381841945408
-4.858278784588514,0.,-0.009994783702524566
-4.754911150873865,0.,-0.006680927638170914
-4.651543517159215,0.,-0.000505578138889487
-4.548175883444566,0.,0.006342802009592461
-4.444808249729917,0.,0.011436082003074078
-4.341440616015267,0.,0.012949824318202144
-4.238072982300618,0.,0.010302883974079937
-4.134705348585968,0.,0.004349172138215896
-4.031337714871319,0.,-0.0029627379142318716
-3.9279700811566705,0.,-0.009348245863149734
-3.8246024474420213,0.,-0.01308614904048029
-3.7212348137273725,0.,-0.013716017355264907
-3.6178671800127233,0.,-0.012252922795683912
-3.514499546298074,0.,-0.01081167844484622
-3.411131912583425,0.,-0.011756351517001109
-3.3077642788687753,0.,-0.01668318348742178
-3.204396645154126,0.,-0.02563103215732082
-3.101029011439477,0.,-0.03685324041545944
-2.9976613777248278,0.,-0.04729088433117425
-2.8942937440101786,0.,-0.0536230376128396
-2.790926110295529,0.,-0.05352927031501201
-2.6875584765808798,0.,-0.046675701832868
-2.5841908428662306,0.,-0.03498559774212894
-2.4808232091515814,0.,-0.02197693541269593
-2.3774555754369326,0.,-0.01127823029527784
-2.2740879417222835,0.,-0.00476166549663988
-2.1707203080076334,0.,-0.0009415562780601777
-2.067352674292984,0.,0.005709767653240962
-1.9639850405783352,0.,0.024099950166871546
-1.8606174068636863,0.,0.06447703036831136
-1.757249773149037,0.,0.13543538124280177
-1.6538821394343879,0.,0.2407571472400837
-1.550514505719738,0.,0.37703166084194634
-1.447146872005089,0.,0.5328674070591518
-1.3437792382904399,0.,0.6901222985798443
-1.2404116045757907,0.,0.8270313322208849
-1.1370439708611417,0.,0.9225635460753037
-1.0336763371464925,0.,0.9609569169016632
-0.9303087034318435,0.,0.9352805666840188
-0.8269410697171936,0.,0.8490959746989449
-0.7235734360025445,0.,0.7157747118405186
-0.6202058022878953,0.,0.5556422954737091
-0.5168381685732463,0.,0.3916810204150841
-0.4134705348585972,0.,0.24487915846970704
-0.31010290114394806,0.,0.13036314154347223
-0.2067352674292982,0.,0.05518808643182281
-0.1033676337146491,0.,0.018176110065543424
0.,0.,0.011629755398667303
0.1033676337146491,0.,0.024273685797494986
0.2067352674292982,0.,0.04452138349097005
0.31010290114394734,0.,0.06318262906230951
0.4134705348585964,0.,0.07499400025669167
0.5168381685732455,0.,0.07876829195490266
0.6202058022878947,0.,0.0763826623011257
0.7235734360025438,0.,0.07113072706811858
0.8269410697171944,0.,0.06606995028904167
0.9303087034318435,0.,0.06289153657334683
1.0336763371464925,0.,0.06158249574557957
1.1370439708611417,0.,0.060839513014816916
1.2404116045757907,0.,0.058940030653328056
1.3437792382904399,0.,0.054656801013720765
1.447146872005089,0.,0.04784414834443016
1.550514505719738,0.,0.03949556816235822
1.6538821394343872,0.,0.03129910816025838
1.7572497731490362,0.,0.02491191979397324
1.8606174068636854,0.,0.021269536190545623
1.9639850405783346,0.,0.020211528784957408
2.0673526742929837,0.,0.020564651885635027
2.1707203080076343,0.,0.020636870235044756
2.2740879417222835,0.,0.018914504714031114
2.3774555754369326,0.,0.014680337257752526
2.4808232091515814,0.,0.008307982778265784
2.5841908428662306,0.,0.0011192538233927216
2.6875584765808798,0.,-0.0051361274067536315
2.790926110295529,0.,-0.008972132539095823
2.894293744010178,0.,-0.009757339394860978
2.997661377724827,0.,-0.007972747248073786
3.101029011439476,0.,-0.005032874228511675
3.2043966451541253,0.,-0.0027349992843972585
3.3077642788687744,0.,-0.0025455909135287426
3.411131912583425,0.,-0.004998315150983407
3.514499546298074,0.,-0.009439694175225772
3.6178671800127233,0.,-0.014230395515023106
3.7212348137273725,0.,-0.017339620881687653
3.8246024474420213,0.,-0.017120359682602122
3.9279700811566705,0.,-0.012980152913817454
4.031337714871319,0.,-0.005693296110248033
4.134705348585968,0.,0.0027742724087582026
4.238072982300618,0.,0.009881616511482418
4.341440616015267,0.,0.013364433870741065
4.444808249729916,0.,0.012026434986839094
4.548175883444565,0.,0.006191106566310271
4.651543517159214,0.,-0.00235011079385827
4.754911150873865,0.,-0.010883047851645301
4.858278784588514,0.,-0.01662809535489028
4.961646418303163,0.,-0.017620605861473376
5.065014052017812,0.,-0.013319074194799952
5.168381685732461,0.,-0.004742086749762603
5.27174931944711,0.,0.005900900804739145
5.3751169531617595,0.,0.015946672983567223
5.478484586876409,0.,0.023123621486648288
5.581852220591058,0.,0.02621791799280616
5.685219854305707,0.,0.025346367638361313
5.788587488020356,0.,0.021767692175988458
5.8919551217350055,0.,0.017328462124852305
5.995322755449654,0.,0.013763552749011107
6.098690389164305,0.,0.012110564215797722
6.202058022878954,0.,0.012441416803618632
6.305425656593603,0.,0.013985885857288003
6.408793290308252,0.,0.015570789925209702
-6.408793290308252,0.10336969804049741,0.017282363387122166
-6.305425656593603,0.10336969804049741,0.017259093998716137
-6.202058022878954,0.10336969804049741,0.01489210380631165
-6.098690389164304,0.10336969804049741,0.011133462791442922
-5.995322755449655,0.10336969804049741,0.007468350279439856
-5.8919551217350055,0.10336969804049741,0.005266189017569025
-5.788587488020356,0.10336969804049741,0.0052053731202756585
-5.685219854305708,0.10336969804049741,0.0069968474646369926
-5.581852220591058,0.10336969804049741,0.009509789226632788
-5.478484586876409,0.10336969804049741,0.011243408509663148
-5.3751169531617595,0.10336969804049741,0.010953547192427826
-5.27174931944711,0.10336969804049741,0.008182782866284653
-5.168381685732461,0.10336969804049741,0.003480689882512863
-5.065014052017812,0.10336969804049741,-0.0017779921837047447
-4.961646418303163,0.10336969804049741,-0.005911774444408002
-4.858278784588514,0.10336969804049741,-0.007588200459033981
-4.754911150873865,0.10336969804049741,-0.006360080830018575
-4.651543517159215,0.10336969804049741,-0.0028669807677005467
-4.548175883444566,0.10336969804049741,0.0013865621030706844
-4.444808249729917,0.10336969804049741,0.004600331486353449
-4.341440616015267,0.10336969804049741,0.005380417977268965
-4.238072982300618,0.10336969804049741,0.0032998796062165573
-4.134705348585968,0.10336969804049741,-0.0009098663878053594
-4.031337714871319,0.10336969804049741,-0.005627858829456596
-3.9279700811566705,0.10336969804049741,-0.00898543556131081
-3.8246024474420213,0.10336969804049741,-0.009642173161659197
-3.7212348137273725,0.10336969804049741,-0.007391650383020545
-3.6178671800127233,0.10336969804049741,-0.0033432614523158776
-3.514499546298074,0.10336969804049741,0.0004210399832845738
-3.411131912583425,0.10336969804049741,0.0016149406704615364
-3.3077642788687753,0.10336969804049741,-0.0013339944939862207
-3.204396645154126,0.10336969804049741,-0.00857003826928363
-3.101029011439477,0.10336969804049741,-0.018599419681202923
-2.9976613777248278,0.10336969804049741,-0.02871026448655648
-2.8942937440101786,0.10336969804049741,-0.03590921511231413
-2.790926110295529,0.10336969804049741,-0.03804559817341351
-2.6875584765808798,0.10336969804049741,-0.034684708790997484
-2.5841908428662306,0.10336969804049741,-0.027340102771829425
-2.4808232091515814,0.10336969804049741,-0.01887745495285597
-2.3774555754369326,0.10336969804049741,-0.012199374741578577
-2.2740879417222835,0.10336969804049741,-0.008612067327844704
-2.1707203080076334,0.10336969804049741,-0.006454781744720096
-2.067352674292984,0.10336969804049741,-0.0005659712121230468
-1.9639850405783352,0.10336969804049741,0.017050439616127316
-1.8606174068636863,0.10336969804049741,0.05535674605531943
-1.757249773149037,0.10336969804049741,0.12161329034301462
-1.6538821394343879,0.10336969804049741,0.21862847757693402
-1.550514505719738,0.10336969804049741,0.3427616604730022
-1.447146872005089,0.10336969804049741,0.4833777343526789
-1.3437792382904399,0.10336969804049741,0.6240890472634333
-1.2404116045757907,0.10336969804049741,0.7456285159257078
-1.1370439708611417,0.10336969804049741,0.8297217244674702
-1.0336763371464925,0.10336969804049741,0.8630102615508313
-0.9303087034318435,0.10336969804049741,0.840023792924402
-0.8269410697171936,0.10336969804049741,0.7644273097820452
-0.7235734360025445,0.10336969804049741,0.6482199416293989
-0.6202058022878953,0.10336969804049741,0.5091029131734631
-0.5168381685732463,0.10336969804049741,0.3667095977145856
-0.4134705348585972,0.10336969804049741,0.23866411123545725
-0.31010290114394806,0.10336969804049741,0.13743283842684598
-0.2067352674292982,0.10336969804049741,0.06866581397643975
-0.1033676337146491,0.10336969804049741,0.031280761321303974
0.,0.10336969804049741,0.01905960145669307
0.1033676337146491,0.10336969804049741,0.0231480981609586
0.2067352674292982,0.10336969804049741,0.034677497248394216
0.31010290114394734,0.10336969804049741,0.04679673613041407
0.4134705348585964,0.10336969804049741,0.05567306562152616
0.5168381685732455,0.10336969804049741,0.060387270440934865
0.6202058022878947,0.10336969804049741,0.061993643194722975
0.7235734360025438,0.10336969804049741,0.06222900484454212
0.8269410697171944,0.10336969804049741,0.062384726990310245
0.9303087034318435,0.10336969804049741,0.06271127378349148
1.0336763371464925,0.10336969804049741,0.06247347349549894
1.1370439708611417,0.10336969804049741,0.06051395452094376
1.2404116045757907,0.10336969804049741,0.056004264347056555
1.3437792382904399,0.10336969804049741,0.04902397975648835
1.447146872005089,0.10336969804049741,0.040709986244261684
1.550514505719738,0.10336969804049741,0.03291252865883732
1.6538821394343872,0.10336969804049741,0.027502501064550187
1.7572497731490362,0.10336969804049741,0.02561617800850557
1.8606174068636854,0.10336969804049741,0.02714804072196657
1.9639850405783346,0.10336969804049741,0.030704228326634612
2.0673526742929837,0.10336969804049741,0.03404920233403351
2.1707203080076343,0.10336969804049741,0.034886720939576434
2.2740879417222835,0.10336969804049741,0.03168617069730461
2.3774555754369326,0.10336969804049741,0.024245344507170936
2.4808232091515814,0.10336969804049741,0.013777654144191891
2.5841908428662306,0.10336969804049741,0.0024885736217324533
2.6875584765808798,0.10336969804049741,-0.007203608505248376
2.790926110295529,0.10336969804049741,-0.01351495941040201
2.894293744010178,0.10336969804049741,-0.01589754526948054
2.997661377724827,0.10336969804049741,-0.015173089470098272
3.101029011439476,0.10336969804049741,-0.013150343036081666
3.2043966451541253,0.10336969804049741,-0.011870907276764625
3.3077642788687744,0.10336969804049741,-0.012768751013467807
3.411131912583425,0.10336969804049741,-0.016064236754627266
3.514499546298074,0.10336969804049741,-0.020629997799549785
3.6178671800127233,0.10336969804049741,-0.02439297004076353
3.7212348137273725,0.10336969804049741,-0.025136827294828044
3.8246024474420213,0.10336969804049741,-0.021415059551274446
3.9279700811566705,0.10336969804049741,-0.013234090562638273
4.031337714871319,0.10336969804049741,-0.0022385191273240385
4.134705348585968,0.10336969804049741,0.008697273518149834
4.238072982300618,0.10336969804049741,0.016355497596592324
4.341440616015267,0.10336969804049741,0.01824808687044085
4.444808249729916,0.10336969804049741,0.013508882189959673
4.548175883444565,0.10336969804049741,0.003288539528661698
4.651543517159214,0.10336969804049741,-0.009501078067370172
4.754911150873865,0.10336969804049741,-0.021027119091972288
4.858278784588514,0.10336969804049741,-0.02769516547899235
4.961646418303163,0.10336969804049741,-0.027251810228036903
5.065014052017812,0.10336969804049741,-0.0194710299836872
5.168381685732461,0.10336969804049741,-0.006203296153819467
5.27174931944711,0.10336969804049741,0.009221477002347619
5.3751169531617595,0.10336969804049741,0.02303302046187476
5.478484586876409,0.10336969804049741,0.032156423770186474
5.581852220591058,0.10336969804049741,0.03507654379449227
5.685219854305707,0.10336969804049741,0.032164813320837114
5.788587488020356,0.10336969804049741,0.02539041504555041
5.8919551217350055,0.10336969804049741,0.017545999162718356
5.995322755449654,0.10336969804049741,0.011274245964941216
6.098690389164305,0.10336969804049741,0.008233486320074724
6.202058022878954,0.10336969804049741,0.008673922544112084
6.305425656593603,0.10336969804049741,0.011538305717125417
6.408793290308252,0.10336969804049741,0.015010986320253716
-6.408793290308252,0.20673939608099556,0.01739863272087645
-6.305425656593603,0.20673939608099556,0.017671821790982953
-6.202058022878954,0.20673939608099556,0.01472576356058326
-6.098690389164304,0.20673939608099556,0.009560070875708891
-5.995322755449655,0.20673939608099556,0.003913713001473676
-5.8919551217350055,0.20673939608099556,-0.00043904551141032766
-5.788587488020356,0.20673939608099556,-0.0023534506620981857
-5.685219854305708,0.20673939608099556,-0.001696596305514029
-5.581852220591058,0.20673939608099556,0.0006780215558661238
-5.478484586876409,0.20673939608099556,0.0033303658675451686
-5.3751169531617595,0.20673939608099556,0.004835441955471343
-5.27174931944711,0.20673939608099556,0.004345078363833419
-5.168381685732461,0.20673939608099556,0.0018935556520050453
-5.065014052017812,0.20673939608099556,-0.0016622920789441803
-4.961646418303163,0.20673939608099556,-0.005031795247630946
-4.858278784588514,0.20673939608099556,-0.007042776584133322
-4.754911150873865,0.20673939608099556,-0.007130536944927697
-4.651543517159215,0.20673939608099556,-0.005564724579317493
-4.548175883444566,0.20673939608099556,-0.0033219143117488763
-4.444808249729917,0.20673939608099556,-0.0016550471387116875
-4.341440616015267,0.20673939608099556,-0.0015348917468921022
-4.238072982300618,0.20673939608099556,-0.003194392922865952
-4.134705348585968,0.20673939608099556,-0.005971093405954717
-4.031337714871319,0.20673939608099556,-0.008527845029964405
-3.9279700811566705,0.20673939608099556,-0.009381012207454251
-3.8246024474420213,0.20673939608099556,-0.007536772560759579
-3.7212348137273725,0.20673939608099556,-0.002981486327989594
-3.6178671800127233,0.20673939608099556,0.003183978080999515
-3.514499546298074,0.20673939608099556,0.009046378793823895
-3.411131912583425,0.20673939608099556,0.012530274185584802
-3.3077642788687753,0.20673939608099556,0.012163869474653345
-3.204396645154126,0.20673939608099556,0.007666825270826439
-3.101029011439477,0.20673939608099556,0.00011661085900491394
-2.9976613777248278,0.20673939608099556,-0.008400263474240457
-2.8942937440101786,0.20673939608099556,-0.015547661671070164
-2.790926110295529,0.20673939608099556,-0.019631844139081988
-2.6875584765808798,0.20673939608099556,-0.020267852802112584
-2.5841908428662306,0.20673939608099556,-0.01851384572032206
-2.4808232091515814,0.20673939608099556,-0.01634304653703778
-2.3774555754369326,0.20673939608099556,-0.015568762723313607
-2.2740879417222835,0.20673939608099556,-0.01656880926810771
-2.1707203080076334,0.20673939608099556,-0.017285458825069638
-2.067352674292984,0.20673939608099556,-0.012948711661757562
-1.9639850405783352,0.20673939608099556,0.0032213824944086213
-1.8606174068636863,0.20673939608099556,0.03838220863523309
-1.757249773149037,0.20673939608099556,0.09787786531854165
-1.6538821394343879,0.20673939608099556,0.18309667022483578
-1.550514505719738,0.20673939608099556,0.2900441646415527
-1.447146872005089,0.20673939608099556,0.40915318664161354
-1.3437792382904399,0.20673939608099556,0.5265328717135074
-1.2404116045757907,0.20673939608099556,0.6264549574588361
-1.1370439708611417,0.20673939608099556,0.6945093656558146
-1.0336763371464925,0.20673939608099556,0.7206452499450166
-0.9303087034318435,0.20673939608099556,0.7013182945109113
-0.8269410697171936,0.20673939608099556,0.6401930281878434
-0.7235734360025445,0.20673939608099556,0.5472347153896979
-0.6202058022878953,0.20673939608099556,0.43645504379320127
-0.5168381685732463,0.20673939608099556,0.32292268394182355
-0.4134705348585972,0.20673939608099556,0.21981409157559287
-0.31010290114394806,0.20673939608099556,0.13621950696049198
-0.2067352674292982,0.20673939608099556,0.07616134216332754
-0.1033676337146491,0.20673939608099556,0.03891344727882244
0.,0.20673939608099556,0.020346496402761614
0.1033676337146491,0.20673939608099556,0.014775479911726057
0.2067352674292982,0.20673939608099556,0.01671671851548549
0.31010290114394734,0.20673939608099556,0.022079550735991726
0.4134705348585964,0.20673939608099556,0.028567901389908078
0.5168381685732455,0.20673939608099556,0.03535663566772018
0.6202058022878947,0.20673939608099556,0.04233830571152161
0.7235734360025438,0.20673939608099556,0.04933616826973059
0.8269410697171944,0.20673939608099556,0.0556273606844548
0.9303087034318435,0.20673939608099556,0.059948118922529575
1.0336763371464925,0.20673939608099556,0.06093297037193716
1.1370439708611417,0.20673939608099556,0.05775643049774546
1.2404116045757907,0.20673939608099556,0.0506652820198139
1.3437792382904399,0.20673939608099556,0.04113744034468413
1.447146872005089,0.20673939608099556,0.03155665963666799
1.550514505719738,0.20673939608099556,0.02448946760062918
1.6538821394343872,0.20673939608099556,0.021815465067648428
1.7572497731490362,0.20673939608099556,0.024031695587665467
1.8606174068636854,0.20673939608099556,0.029999661096240235
1.9639850405783346,0.20673939608099556,0.03724870752186784
2.0673526742929837,0.20673939608099556,0.04274895671261999
2.1707203080076343,0.20673939608099556,0.043894616820115404
2.2740879417222835,0.20673939608099556,0.03935801432119194
2.3774555754369326,0.20673939608099556,0.029516252021209336
2.4808232091515814,0.20673939608099556,0.01630178559041794
2.5841908428662306,0.20673939608099556,0.002531952660695097
2.6875584765808798,0.20673939608099556,-0.009042783793406537
2.790926110295529,0.20673939608099556,-0.016633135689427776
2.894293744010178,0.20673939608099556,-0.01993182695771859
2.997661377724827,0.20673939608099556,-0.02008155523328963
3.101029011439476,0.20673939608099556,-0.01911213878925235
3.2043966451541253,0.20673939608099556,-0.019062657414371867
3.3077642788687744,0.20673939608099556,-0.021120233336997633
3.411131912583425,0.20673939608099556,-0.025102522735333938
3.514499546298074,0.20673939608099556,-0.0294866240610808
3.6178671800127233,0.20673939608099556,-0.031986774509918145
3.7212348137273725,0.20673939608099556,-0.030478523684561245
3.8246024474420213,0.20673939608099556,-0.02393205224801577
3.9279700811566705,0.20673939608099556,-0.013001895679281616
4.031337714871319,0.20673939608099556,-0.00003237245144389626
4.134705348585968,0.20673939608099556,0.011560013224333346
4.238072982300618,0.20673939608099556,0.01834406009958992
4.341440616015267,0.20673939608099556,0.018024495897500027
4.444808249729916,0.20673939608099556,0.01029238488810477
4.548175883444565,0.20673939608099556,-0.0029290450982158104
4.651543517159214,0.20673939608099556,-0.017951413929520006
4.754911150873865,0.20673939608099556,-0.03037206319753502
4.858278784588514,0.20673939608099556,-0.03638225120867318
4.961646418303163,0.20673939608099556,-0.03391593488496628
5.065014052017812,0.20673939608099556,-0.023270806413885355
5.168381685732461,0.20673939608099556,-0.007004222137606601
5.27174931944711,0.20673939608099556,0.01085748821474542
5.3751169531617595,0.20673939608099556,0.026036528150379046
5.478484586876409,0.20673939608099556,0.03525522265961954
5.581852220591058,0.20673939608099556,0.03712753379394328
5.685219854305707,0.20673939608099556,0.03242449827691045
5.788587488020356,0.20673939608099556,0.023659616216433563
5.8919551217350055,0.20673939608099556,0.014163056234324931
5.995322755449654,0.20673939608099556,0.006972198533888001
6.098690389164305,0.20673939608099556,0.003909323647945037
6.202058022878954,0.20673939608099556,0.005134743158064938
6.305425656593603,0.20673939608099556,0.009288210176432566
6.408793290308252,0.20673939608099556,0.014126637468734755
-6.408793290308252,0.31010909412149373,0.016389240978983404
-6.305425656593603,0.31010909412149373,0.01626150073187207
-6.202058022878954,0.31010909412149373,0.012798341708862258
-6.098690389164304,0.31010909412149373,0.007115292937975952
-5.995322755449655,0.31010909412149373,0.0009927524105436344
-5.8919551217350055,0.31010909412149373,-0.0038087087207473703
-5.788587488020356,0.31010909412149373,-0.00616730174772637
-5.685219854305708,0.31010909412149373,-0.005936816460338119
-5.581852220591058,0.31010909412149373,-0.0039010486689527593
-5.478484586876409,0.31010909412149373,-0.0013913484685431742
-5.3751169531617595,0.31010909412149373,0.0002663354069249033
-5.27174931944711,0.31010909412149373,0.00025551747272852427
-5.168381685732461,0.31010909412149373,-0.0014636873057898617
-5.065014052017812,0.31010909412149373,-0.004211824348153004
-4.961646418303163,0.31010909412149373,-0.006929863729001243
-4.858278784588514,0.31010909412149373,-0.008651316499565465
-4.754911150873865,0.31010909412149373,-0.008910039883112413
-4.651543517159215,0.31010909412149373,-0.007918620586399024
-4.548175883444566,0.31010909412149373,-0.00644812306303064
-4.444808249729917,0.31010909412149373,-0.005462068179774728
-4.341440616015267,0.31010909412149373,-0.0056578823204587745
-4.238072982300618,0.31010909412149373,-0.007108421023923567
-4.134705348585968,0.31010909412149373,-0.009158807465994801
-4.031337714871319,0.31010909412149373,-0.01063369436823808
-3.9279700811566705,0.31010909412149373,-0.010285644421606467
-3.8246024474420213,0.31010909412149373,-0.007315121829891655
-3.7212348137273725,0.31010909412149373,-0.0017565941321727862
-3.6178671800127233,0.31010909412149373,0.005430589230606366
-3.514499546298074,0.31010909412149373,0.012618326662878833
-3.411131912583425,0.31010909412149373,0.018030396992963132
-3.3077642788687753,0.31010909412149373,0.020337712205242896
-3.204396645154126,0.31010909412149373,0.019101048246672442
-3.101029011439477,0.31010909412149373,0.014884832887878289
-2.9976613777248278,0.31010909412149373,0.008988904299161824
-2.8942937440101786,0.31010909412149373,0.002896878682144437
-2.790926110295529,0.31010909412149373,-0.0023377632408700445
-2.6875584765808798,0.31010909412149373,-0.006503435600411444
-2.5841908428662306,0.31010909412149373,-0.01023430681897174
-2.4808232091515814,0.31010909412149373,-0.014546891047287342
-2.3774555754369326,0.31010909412149373,-0.020035615169422476
-2.2740879417222835,0.31010909412149373,-0.026011646154483824
-2.1707203080076334,0.31010909412149373,-0.02993790640429661
-2.067352674292984,0.31010909412149373,-0.027458388300214506
-1.9639850405783352,0.31010909412149373,-0.013149357989329744
-1.8606174068636863,0.31010909412149373,0.018116711608724398
-1.757249773149037,0.31010909412149373,0.06953024500428784
-1.6538821394343879,0.31010909412149373,0.14090063438922323
-1.550514505719738,0.31010909412149373,0.22787950693546447
-1.447146872005089,0.31010909412149373,0.3221667675412726
-1.3437792382904399,0.31010909412149373,0.4127497333105635
-1.2404116045757907,0.31010909412149373,0.4879281815283981
-1.1370439708611417,0.31010909412149373,0.5376402861568453
-1.0336763371464925,0.31010909412149373,0.5555019139018051
-0.9303087034318435,0.31010909412149373,0.5400391237206916
-0.8269410697171936,0.31010909412149373,0.4948125119793056
-0.7235734360025445,0.31010909412149373,0.4274362702069056
-0.6202058022878953,0.31010909412149373,0.3477919641900439
-0.5168381685732463,0.31010909412149373,0.2659378046342667
-0.4134705348585972,0.31010909412149373,0.19026102912683093
-0.31010290114394806,0.31010909412149373,0.12630610981067353
-0.2067352674292982,0.31010909412149373,0.07647811212384525
-0.1033676337146491,0.31010909412149373,0.04054767458683821
0.,0.31010909412149373,0.016659714355254616
0.1033676337146491,0.31010909412149373,0.0024398843219036784
0.2067352674292982,0.31010909412149373,-0.0041729373459843885
0.31010290114394734,0.31010909412149373,-0.004585919548775088
0.4134705348585964,0.31010909412149373,0.0002908006150796908
0.5168381685732455,0.31010909412149373,0.009575494583868279
0.6202058022878947,0.31010909412149373,0.021925350942462618
0.7235734360025438,0.31010909412149373,0.03530205251444104
0.8269410697171944,0.31010909412149373,0.04714521199989695
0.9303087034318435,0.31010909412149373,0.054925472795078846
1.0336763371464925,0.31010909412149373,0.0568804594908487
1.1370439708611417,0.31010909412149373,0.052644764813132544
1.2404116045757907,0.31010909412149373,0.043504952781857065
1.3437792382904399,0.31010909412149373,0.03213577901586872
1.447146872005089,0.31010909412149373,0.021859176144747524
1.550514505719738,0.31010909412149373,0.015645333217088497
1.6538821394343872,0.31010909412149373,0.015179845642256226
1.7572497731490362,0.31010909412149373,0.02031268349453755
1.8606174068636854,0.31010909412149373,0.029084140961269787
1.9639850405783346,0.31010909412149373,0.03833082415283001
2.0673526742929837,0.31010909412149373,0.044677919565161546
2.1707203080076343,0.31010909412149373,0.04559161266234776
2.2740879417222835,0.31010909412149373,0.04014454599869787
2.3774555754369326,0.31010909412149373,0.029245627235860636
2.4808232091515814,0.31010909412149373,0.015269386799563868
2.5841908428662306,0.31010909412149373,0.0012253978599529214
2.6875584765808798,0.31010909412149373,-0.010236653007647811
2.790926110295529,0.31010909412149373,-0.01763986149501756
2.894293744010178,0.31010909412149373,-0.021035433921952024
2.997661377724827,0.31010909412149373,-0.02179193331250045
3.101029011439476,0.31010909412149373,-0.021913747089969952
3.2043966451541253,0.31010909412149373,-0.02315234993951184
3.3077642788687744,0.31010909412149373,-0.02624685889808988
3.411131912583425,0.31010909412149373,-0.030581871425128672
3.514499546298074,0.31010909412149373,-0.03439759287674136
3.6178671800127233,0.31010909412149373,-0.0354839554151636
3.7212348137273725,0.31010909412149373,-0.032109199374869876
3.8246024474420213,0.31010909412149373,-0.023839381475100112
3.9279700811566705,0.31010909412149373,-0.011933350193908444
4.031337714871319,0.31010909412149373,0.0008600668852895585
4.134705348585968,0.31010909412149373,0.011067910188374367
4.238072982300618,0.31010909412149373,0.015585493968978884
4.341440616015267,0.31010909412149373,0.012734305265925533
4.444808249729916,0.31010909412149373,0.0029217564544919555
4.548175883444565,0.31010909412149373,-0.011338295836530243
4.651543517159214,0.31010909412149373,-0.02607772039640892
4.754911150873865,0.31010909412149373,-0.03700936644883483
4.858278784588514,0.31010909412149373,-0.040792774497434924
4.961646418303163,0.31010909412149373,-0.036030149950276126
5.065014052017812,0.31010909412149373,-0.023676764033052147
5.168381685732461,0.31010909412149373,-0.006738155746885873
5.27174931944711,0.31010909412149373,0.01064433844673794
5.3751169531617595,0.31010909412149373,0.024424329384062922
5.478484586876409,0.31010909412149373,0.031807062029745876
5.581852220591058,0.31010909412149373,0.03197544975511123
5.685219854305707,0.31010909412149373,0.02617753716884986
5.788587488020356,0.31010909412149373,0.017179247867189662
5.8919551217350055,0.31010909412149373,0.008289436852197287
5.995322755449654,0.31010909412149373,0.002291882186598115
6.098690389164305,0.31010909412149373,0.0006312613106374013
6.202058022878954,0.31010909412149373,0.003097680345704252
6.305425656593603,0.31010909412149373,0.008075971285797465
6.408793290308252,0.31010909412149373,0.013234963099956608
-6.408793290308252,0.4134787921619919,0.013971296471124746
-6.305425656593603,0.4134787921619919,0.012730300397070269
-6.202058022878954,0.4134787921619919,0.00889450435637365
-6.098690389164304,0.4134787921619919,0.0037463573786629322
-5.995322755449655,0.4134787921619919,-0.0011187191179093002
-5.8919551217350055,0.4134787921619919,-0.004387192106316314
-5.788587488020356,0.4134787921619919,-0.005472220399793562
-5.685219854305708,0.4134787921619919,-0.004658294708973105
-5.581852220591058,0.4134787921619919,-0.0029134158365246993
-5.478484586876409,0.4134787921619919,-0.001459828015291508
-5.3751169531617595,0.4134787921619919,-0.0012782602182866939
-5.27174931944711,0.4134787921619919,-0.0027362738371284625
-5.168381685732461,0.4134787921619919,-0.005475666653228052
-5.065014052017812,0.4134787921619919,-0.008590128088975132
-4.961646418303163,0.4134787921619919,-0.011012628204268704
-4.858278784588514,0.4134787921619919,-0.011954281447315088
-4.754911150873865,0.4134787921619919,-0.011220880622004176
-4.651543517159215,0.4134787921619919,-0.009284339956949019
-4.548175883444566,0.4134787921619919,-0.007083321029056932
-4.444808249729917,0.4134787921619919,-0.0056328474491548425
-4.341440616015267,0.4134787921619919,-0.00559659053045132
-4.238072982300618,0.4134787921619919,-0.006989968342687488
-4.134705348585968,0.4134787921619919,-0.009132164365753277
-4.031337714871319,0.4134787921619919,-0.010869982376636028
-3.9279700811566705,0.4134787921619919,-0.0109924755848635
-3.8246024474420213,0.4134787921619919,-0.008682146192958162
-3.7212348137273725,0.4134787921619919,-0.0038341168288243063
-3.6178671800127233,0.4134787921619919,0.00287537463489919
-3.514499546298074,0.4134787921619919,0.010194458480207636
-3.411131912583425,0.4134787921619919,0.016694124908900224
-3.3077642788687753,0.4134787921619919,0.021205831676828768
-3.204396645154126,0.4134787921619919,0.023131489775995197
-3.101029011439477,0.4134787921619919,0.02251228411082824
-2.9976613777248278,0.4134787921619919,0.01984241724668152
-2.8942937440101786,0.4134787921619919,0.01572160885562441
-2.790926110295529,0.4134787921619919,0.010513148821684784
-2.6875584765808798,0.4134787921619919,0.004181358312808357
-2.5841908428662306,0.4134787921619919,-0.0035834499260712126
-2.4808232091515814,0.4134787921619919,-0.012961898582584008
-2.3774555754369326,0.4134787921619919,-0.02346040283889573
-2.2740879417222835,0.4134787921619919,-0.033446771335858536
-2.1707203080076334,0.4134787921619919,-0.039998701258174514
-2.067352674292984,0.4134787921619919,-0.03921785619737097
-1.9639850405783352,0.4134787921619919,-0.02701458212418903
-1.8606174068636863,0.4134787921619919,-0.0001995865374852268
-1.757249773149037,0.4134787921619919,0.042412749052847
-1.6538821394343879,0.4134787921619919,0.09923011810774486
-1.550514505719738,0.4134787921619919,0.165714415883649
-1.447146872005089,0.4134787921619919,0.23493891907586598
-1.3437792382904399,0.4134787921619919,0.29878172021344884
-1.2404116045757907,0.4134787921619919,0.3494752058341025
-1.1370439708611417,0.4134787921619919,0.38111806191428377
-1.0336763371464925,0.4134787921619919,0.39075935856680283
-0.9303087034318435,0.4134787921619919,0.3787848427257778
-0.8269410697171936,0.4134787921619919,0.34853661673337843
-0.7235734360025445,0.4134787921619919,0.3053155355917891
-0.6202058022878953,0.4134787921619919,0.25508206485171736
-0.5168381685732463,0.4134787921619919,0.20323450920522962
-0.4134705348585972,0.4134787921619919,0.15378637327117686
-0.31010290114394806,0.4134787921619919,0.10910993713009312
-0.2067352674292982,0.4134787921619919,0.07021550187400673
-0.1033676337146491,0.4134787921619919,0.03736273926600165
0.,0.4134787921619919,0.01070957275121595
0.1033676337146491,0.4134787921619919,-0.0092771767295598
0.2067352674292982,0.4134787921619919,-0.021807452883849963
0.31010290114394734,0.4134787921619919,-0.02613672963622132
0.4134705348585964,0.4134787921619919,-0.022143246040573886
0.5168381685732455,0.4134787921619919,-0.010846583414150748
0.6202058022878947,0.4134787921619919,0.0053891934391079605
0.7235734360025438,0.4134787921619919,0.023114630633933996
0.8269410697171944,0.4134787921619919,0.03849259688317513
0.9303087034318435,0.4134787921619919,0.04824148200799998
1.0336763371464925,0.4134787921619919,0.050523975395561145
1.1370439708611417,0.4134787921619919,0.04547785281099778
1.2404116045757907,0.4134787921619919,0.03518906157122725
1.3437792382904399,0.4134787921619919,0.023085274220938336
1.447146872005089,0.4134787921619919,0.012919880625554126
1.550514505719738,0.4134787921619919,0.007656142385030268
1.6538821394343872,0.4134787921619919,0.008600034263059681
1.7572497731490362,0.4134787921619919,0.0150534341794563
1.8606174068636854,0.4134787921619919,0.024591640348122862
1.9639850405783346,0.4134787921619919,0.0338667592287291
2.0673526742929837,0.4134787921619919,0.03966944271650161
2.1707203080076343,0.4134787921619919,0.039902549082752765
2.2740879417222835,0.4134787921619919,0.034157522995025114
2.3774555754369326,0.4134787921619919,0.02372391440095807
2.4808232091515814,0.4134787921619919,0.011055928200975128
2.5841908428662306,0.4134787921619919,-0.0010993135038300677
2.6875584765808798,0.4134787921619919,-0.010600501117500749
2.790926110295529,0.4134787921619919,-0.016529412984056323
2.894293744010178,0.4134787921619919,-0.019327684868168687
2.997661377724827,0.4134787921619919,-0.02043014818049672
3.101029011439476,0.4134787921619919,-0.02155207276198385
3.2043966451541253,0.4134787921619919,-0.02390862826031542
3.3077642788687744,0.4134787921619919,-0.027664479111657307
3.411131912583425,0.4134787921619919,-0.03182349304749281
3.514499546298074,0.4134787921619919,-0.03460485987362999
3.6178671800127233,0.4134787921619919,-0.03417096392596481
3.7212348137273725,0.4134787921619919,-0.02943872976983991
3.8246024474420213,0.4134787921619919,-0.02066790137965195
3.9279700811566705,0.4134787921619919,-0.009591402951105634
4.031337714871319,0.4134787921619919,0.0009895101187413283
4.134705348585968,0.4134787921619919,0.00803361714538956
4.238072982300618,0.4134787921619919,0.009245452065961127
4.341440616015267,0.4134787921619919,0.00388677370943619
4.444808249729916,0.4134787921619919,-0.006870123072150138
4.548175883444565,0.4134787921619919,-0.020185116638852554
4.651543517159214,0.4134787921619919,-0.03233115963723641
4.754911150873865,0.4134787921619919,-0.03977620392950037
4.858278784588514,0.4134787921619919,-0.040226682868088975
4.961646418303163,0.4134787921619919,-0.03330250165404663
5.065014052017812,0.4134787921619919,-0.020631540164968827
5.168381685732461,0.4134787921619919,-0.0053387436356488755
5.27174931944711,0.4134787921619919,0.008901533725703787
5.3751169531617595,0.4134787921619919,0.01894521187330672
5.478484586876409,0.4134787921619919,0.023050938756881145
5.581852220591058,0.4134787921619919,0.021282428815244787
5.685219854305707,0.4134787921619919,0.015337291161623958
5.788587488020356,0.4134787921619919,0.007886692618899549
5.8919551217350055,0.4134787921619919,0.001663314838813824
5.995322755449654,0.4134787921619919,-0.0013959264249248334
6.098690389164305,0.4134787921619919,-0.0006807605722609067
6.202058022878954,0.4134787921619919,0.0030367620905499297
6.305425656593603,0.4134787921619919,0.008004672153565082
6.408793290308252,0.4134787921619919,0.012183185021618421
-6.408793290308252,0.51684849020249,0.009919228103112014
-6.305425656593603,0.51684849020249,0.007088733451400417
-6.202058022878954,0.51684849020249,0.00311716304187015
-6.098690389164304,0.51684849020249,-0.0005471598888496072
-5.995322755449655,0.51684849020249,-0.002683603350486437
-5.8919551217350055,0.51684849020249,-0.002752827965284464
-5.788587488020356,0.51684849020249,-0.0010814384234751797
-5.685219854305708,0.51684849020249,0.0012825190612300872
-5.581852220591058,0.51684849020249,0.0029822889130842432
-5.478484586876409,0.51684849020249,0.0028763910661309773
-5.3751169531617595,0.51684849020249,0.00047969254809736056
-5.27174931944711,0.51684849020249,-0.0038389628562366346
-5.168381685732461,0.51684849020249,-0.008972269434386839
-5.065014052017812,0.51684849020249,-0.013458616360555328
-4.961646418303163,0.51684849020249,-0.015994262946534363
-4.858278784588514,0.51684849020249,-0.01588898652466695
-4.754911150873865,0.51684849020249,-0.013303627935405626
-4.651543517159215,0.51684849020249,-0.009188225292282389
-4.548175883444566,0.51684849020249,-0.004947042382112328
-4.444808249729917,0.51684849020249,-0.0019526580606137394
-4.341440616015267,0.51684849020249,-0.0010813904300902655
-4.238072982300618,0.51684849020249,-0.0024299453184168595
-4.134705348585968,0.51684849020249,-0.005304491233698484
-4.031337714871319,0.51684849020249,-0.008474731908719077
-3.9279700811566705,0.51684849020249,-0.010593458354043678
-3.8246024474420213,0.51684849020249,-0.010629572663051715
-3.7212348137273725,0.51684849020249,-0.00816726510291901
-3.6178671800127233,0.51684849020249,-0.0034818565196985595
-3.514499546298074,0.51684849020249,0.002609899986193306
-3.411131912583425,0.51684849020249,0.009044615435514597
-3.3077642788687753,0.51684849020249,0.014825136323294514
-3.204396645154126,0.51684849020249,0.019230806793011982
-3.101029011439477,0.51684849020249,0.021859615584725257
-2.9976613777248278,0.51684849020249,0.022517367191322805
-2.8942937440101786,0.51684849020249,0.02104151203602762
-2.790926110295529,0.51684849020249,0.01718084239521929
-2.6875584765808798,0.51684849020249,0.010631192631772146
-2.5841908428662306,0.51684849020249,0.0012575848567430996
-2.4808232091515814,0.51684849020249,-0.010558866201784851
-2.3774555754369326,0.51684849020249,-0.023588533786855184
-2.2740879417222835,0.51684849020249,-0.0356037076024582
-2.1707203080076334,0.51684849020249,-0.043543524216475026
-2.067352674292984,0.51684849020249,-0.04402936252671216
-1.9639850405783352,0.51684849020249,-0.034142067963559265
-1.8606174068636863,0.51684849020249,-0.01226242487492987
-1.757249773149037,0.51684849020249,0.021277198121343013
-1.6538821394343879,0.51684849020249,0.06395454461529682
-1.550514505719738,0.51684849020249,0.11135095734297204
-1.447146872005089,0.51684849020249,0.15794091066354918
-1.3437792382904399,0.51684849020249,0.19818848844871154
-1.2404116045757907,0.51684849020249,0.22766049783325687
-1.1370439708611417,0.51684849020249,0.2438527545569249
-1.0336763371464925,0.51684849020249,0.24650846728992282
-0.9303087034318435,0.51684849020249,0.2373610964606156
-0.8269410697171936,0.51684849020249,0.21940952046906806
-0.7235734360025445,0.51684849020249,0.1959733306817717
-0.6202058022878953,0.51684849020249,0.1698341228755458
-0.5168381685732463,0.51684849020249,0.14272535780507978
-0.4134705348585972,0.51684849020249,0.11530346150868426
-0.31010290114394806,0.51684849020249,0.08756062259859954
-0.2067352674292982,0.51684849020249,0.0594842505552396
-0.1033676337146491,0.51684849020249,0.031682935058528205
0.,0.51684849020249,0.005713726267080372
0.1033676337146491,0.51684849020249,-0.01604405557025331
0.2067352674292982,0.51684849020249,-0.030955357170667445
0.31010290114394734,0.51684849020249,-0.036956055183959786
0.4134705348585964,0.51684849020249,-0.03335211485552255
0.5168381685732455,0.51684849020249,-0.02129492488218803
0.6202058022878947,0.51684849020249,-0.0037319658723390524
0.7235734360025438,0.51684849020249,0.015198859524044714
0.8269410697171944,0.51684849020249,0.031176427470070586
0.9303087034318435,0.51684849020249,0.040809811562665985
1.0336763371464925,0.51684849020249,0.042516684754898094
1.1370439708611417,0.51684849020249,0.036891336871756615
1.2404116045757907,0.51684849020249,0.026444252837463343
1.3437792382904399,0.51684849020249,0.014792690407550622
1.447146872005089,0.51684849020249,0.005554355542624539
1.550514505719738,0.51684849020249,0.0012872261918175565
1.6538821394343872,0.51684849020249,0.0027982436622101935
1.7572497731490362,0.51684849020249,0.009019575760140815
1.8606174068636854,0.51684849020249,0.01746549801593422
1.9639850405783346,0.51684849020249,0.02509772853313433
2.0673526742929837,0.51684849020249,0.0293033405285417
2.1707203080076343,0.51684849020249,0.028666621500180418
2.2740879417222835,0.51684849020249,0.023299292649170224
2.3774555754369326,0.51684849020249,0.014651480094722152
2.4808232091515814,0.51684849020249,0.00490325245007218
2.5841908428662306,0.51684849020249,-0.0038273521052179784
2.6875584765808798,0.51684849020249,-0.010174243210784672
2.790926110295529,0.51684849020249,-0.013876728954752615
2.894293744010178,0.51684849020249,-0.015693189652424586
2.997661377724827,0.51684849020249,-0.016934540068749157
3.101029011439476,0.51684849020249,-0.018813429193761635
3.2043966451541253,0.51684849020249,-0.021867166851624643
3.3077642788687744,0.51684849020249,-0.025679246427855636
3.411131912583425,0.51684849020249,-0.029009255028436154
3.514499546298074,0.51684849020249,-0.030286142966187896
3.6178671800127233,0.51684849020249,-0.02828135063320178
3.7212348137273725,0.51684849020249,-0.022706209507942738
3.8246024474420213,0.51684849020249,-0.014498676424635653
3.9279700811566705,0.51684849020249,-0.0056711796791227885
4.031337714871319,0.51684849020249,0.001253115415966339
4.134705348585968,0.51684849020249,0.004038758092782245
4.238072982300618,0.51684849020249,0.0015037997985314971
4.341440616015267,0.51684849020249,-0.0060132149078301125
4.444808249729916,0.51684849020249,-0.0166572900346123
4.548175883444565,0.51684849020249,-0.027549102088890175
4.651543517159214,0.51684849020249,-0.03561856522968715
4.754911150873865,0.51684849020249,-0.03851696743740732
4.858278784588514,0.51684849020249,-0.035315876627492165
4.961646418303163,0.51684849020249,-0.02676940648509453
5.065014052017812,0.51684849020249,-0.015059003463438105
5.168381685732461,0.51684849020249,-0.0031084424701474213
5.27174931944711,0.51684849020249,0.006305471325366424
5.3751169531617595,0.51684849020249,0.011359619985979971
5.478484586876409,0.51684849020249,0.011656204730214836
5.581852220591058,0.51684849020249,0.008223591964417501
5.685219854305707,0.51684849020249,0.0030690067812486244
5.788587488020356,0.51684849020249,-0.0015485221482206032
5.8919551217350055,0.51684849020249,-0.0038719469203422705
5.995322755449654,0.51684849020249,-0.0031768628600411354
6.098690389164305,0.51684849020249,0.00008378779670610112
6.202058022878954,0.51684849020249,0.00454536665039698
6.305425656593603,0.51684849020249,0.008491121483222043
6.408793290308252,0.51684849020249,0.010494439683732029
-6.408793290308252,0.6202181882429882,0.004282073476149805
-6.305425656593603,0.6202181882429882,-0.00019305128210809973
-6.202058022878954,0.6202181882429882,-0.0039889286897994225
-6.098690389164304,0.6202181882429882,-0.005563467459621413
-5.995322755449655,0.6202181882429882,-0.004184951063057844
-5.8919551217350055,0.6202181882429882,-0.00022115332590760058
-5.788587488020356,0.6202181882429882,0.004957844559040573
-5.685219854305708,0.6202181882429882,0.009431591568795665
-5.581852220591058,0.6202181882429882,0.011381587439266063
-5.478484586876409,0.6202181882429882,0.009720963221679773
-5.3751169531617595,0.6202181882429882,0.004486999689608824
-5.27174931944711,0.6202181882429882,-0.003136340719921359
-5.168381685732461,0.6202181882429882,-0.011172863507819602
-5.065014052017812,0.6202181882429882,-0.017466291438004627
-4.961646418303163,0.6202181882429882,-0.020347054219487595
-4.858278784588514,0.6202181882429882,-0.01913680780134531
-4.754911150873865,0.6202181882429882,-0.014332677799705386
-4.651543517159215,0.6202181882429882,-0.007422788172761659
-4.548175883444566,0.6202181882429882,-0.00040617460195301925
-4.444808249729917,0.6202181882429882,0.004817721609627313
-4.341440616015267,0.6202181882429882,0.00699185758896086
-4.238072982300618,0.6202181882429882,0.005812983213177245
-4.134705348585968,0.6202181882429882,0.0019342909200793365
-4.031337714871319,0.6202181882429882,-0.003312243552452217
-3.9279700811566705,0.6202181882429882,-0.00835775544985581
-3.8246024474420213,0.6202181882429882,-0.011846012922716963
-3.7212348137273725,0.6202181882429882,-0.012951012055585898
-3.6178671800127233,0.6202181882429882,-0.011486844854690554
-3.514499546298074,0.6202181882429882,-0.007817272387018341
-3.411131912583425,0.6202181882429882,-0.0026424436153647895
-3.3077642788687753,0.6202181882429882,0.003228665040234908
-3.204396645154126,0.6202181882429882,0.009028355813914453
-3.101029011439477,0.6202181882429882,0.014065543425862392
-2.9976613777248278,0.6202181882429882,0.01767568712223398
-2.8942937440101786,0.6202181882429882,0.019163787643305327
-2.790926110295529,0.6202181882429882,0.01782807471059705
-2.6875584765808798,0.6202181882429882,0.013115585480199754
-2.5841908428662306,0.6202181882429882,0.0048925738433287895
-2.4808232091515814,0.6202181882429882,-0.006259196532381151
-2.3774555754369326,0.6202181882429882,-0.018852893663075052
-2.2740879417222835,0.6202181882429882,-0.030539090904727315
-2.1707203080076334,0.6202181882429882,-0.038443287067977824
-2.067352674292984,0.6202181882429882,-0.039761997192539957
-1.9639850405783352,0.6202181882429882,-0.03247842586230834
-1.8606174068636863,0.6202181882429882,-0.01599192487649795
-1.757249773149037,0.6202181882429882,0.008546724363966722
-1.6538821394343879,0.6202181882429882,0.03833203200416069
-1.550514505719738,0.6202181882429882,0.06944591431334865
-1.447146872005089,0.6202181882429882,0.097718656934378
-1.3437792382904399,0.6202181882429882,0.11967376507479456
-1.2404116045757907,0.6202181882429882,0.13328382364147026
-1.1370439708611417,0.6202181882429882,0.1383138551005895
-1.0336763371464925,0.6202181882429882,0.13615290689497622
-0.9303087034318435,0.6202181882429882,0.12919513409487035
-0.8269410697171936,0.6202181882429882,0.1199759631474647
-0.7235734360025445,0.6202181882429882,0.11034818814577331
-0.6202058022878953,0.6202181882429882,0.10096878958276212
-0.5168381685732463,0.6202181882429882,0.09126249743266551
-0.4134705348585972,0.6202181882429882,0.07986612678855595
-0.31010290114394806,0.6202181882429882,0.06539218630642556
-0.2067352674292982,0.6202181882429882,0.04723724839623273
-0.1033676337146491,0.6202181882429882,0.026139427727071823
0.,0.6202181882429882,0.004268958261810294
0.1033676337146491,0.6202181882429882,-0.015208826339743445
0.2067352674292982,0.6202181882429882,-0.02897901529259271
0.31010290114394734,0.6202181882429882,-0.034568110569678706
0.4134705348585964,0.6202181882429882,-0.031158501404362833
0.5168381685732455,0.6202181882429882,-0.019951710226213754
0.6202058022878947,0.6202181882429882,-0.0039450125111837545
0.7235734360025438,0.6202181882429882,0.012827720539438196
0.8269410697171944,0.6202181882429882,0.02636805488046977
0.9303087034318435,0.6202181882429882,0.03377386010999885
1.0336763371464925,0.6202181882429882,0.033968058727270184
1.1370439708611417,0.6202181882429882,0.02788041462787587
1.2404116045757907,0.6202181882429882,0.018041386560727363
1.3437792382904399,0.6202181882429882,0.007731349610446799
1.447146872005089,0.6202181882429882,-0.00003697698514380027
1.550514505719738,0.6202181882429882,-0.003383115543202236
1.6538821394343872,0.6202181882429882,-0.0020127765498728412
1.7572497731490362,0.6202181882429882,0.0028535288493132128
1.8606174068636854,0.6202181882429882,0.009017653256212699
1.9639850405783346,0.6202181882429882,0.01410030374173918
2.0673526742929837,0.6202181882429882,0.016318672140167315
2.1707203080076343,0.6202181882429882,0.014991467896141124
2.2740879417222835,0.6202181882429882,0.010626036667800123
2.3774555754369326,0.6202181882429882,0.004594213219810848
2.4808232091515814,0.6202181882429882,-0.0014549479424940167
2.5841908428662306,0.6202181882429882,-0.006215002628150584
2.6875584765808798,0.6202181882429882,-0.009147074589359677
2.790926110295529,0.6202181882429882,-0.010566832134073459
2.894293744010178,0.6202181882429882,-0.011382980924957676
2.997661377724827,0.6202181882429882,-0.01260841570881225
3.101029011439476,0.6202181882429882,-0.014848073060941299
3.2043966451541253,0.6202181882429882,-0.017972347883266696
3.3077642788687744,0.6202181882429882,-0.021111027083687787
3.411131912583425,0.6202181882429882,-0.022977997402105547
3.514499546298074,0.6202181882429882,-0.022407758458889374
3.6178671800127233,0.6202181882429882,-0.018898838955825305
3.7212348137273725,0.6202181882429882,-0.012948723814204003
3.8246024474420213,0.6202181882429882,-0.006034736319151297
3.9279700811566705,0.6202181882429882,-0.0002212522811979616
4.031337714871319,0.6202181882429882,0.0024891430016008476
4.134705348585968,0.6202181882429882,0.0008438653192753138
4.238072982300618,0.6202181882429882,-0.00517321862971685
4.341440616015267,0.6202181882429882,-0.014237624969637768
4.444808249729916,0.6202181882429882,-0.024016862821224703
4.548175883444565,0.6202181882429882,-0.031845856681344466
4.651543517159214,0.6202181882429882,-0.035531782063913386
4.754911150873865,0.6202181882429882,-0.03402642615826309
4.858278784588514,0.6202181882429882,-0.027744308208857982
4.961646418303163,0.6202181882429882,-0.01842063009967724
5.065014052017812,0.6202181882429882,-0.008555543541941917
5.168381685732461,0.6202181882429882,-0.0006283271442336174
5.27174931944711,0.6202181882429882,0.003659854235490963
5.3751169531617595,0.6202181882429882,0.0038682980639021887
5.478484586876409,0.6202181882429882,0.0008730909828130255
5.581852220591058,0.6202181882429882,-0.0035086948363619117
5.685219854305707,0.6202181882429882,-0.00718802499054221
5.788587488020356,0.6202181882429882,-0.00853165872782052
5.8919551217350055,0.6202181882429882,-0.0069000322647884875
5.995322755449654,0.6202181882429882,-0.0028177036546776298
6.098690389164305,0.6202181882429882,0.002270640912946259
6.202058022878954,0.6202181882429882,0.006561349342096535
6.305425656593603,0.6202181882429882,0.008564860752986493
6.408793290308252,0.6202181882429882,0.007650443765335987
-6.408793290308252,0.7235878862834864,-0.0024806212366274855
-6.305425656593603,0.7235878862834864,-0.008172586121701101
-6.202058022878954,0.7235878862834864,-0.011444704286852642
-6.098690389164304,0.7235878862834864,-0.010800359924908317
-5.995322755449655,0.7235878862834864,-0.0060187607298987904
-5.8919551217350055,0.7235878862834864,0.0017143694046911613
-5.788587488020356,0.7235878862834864,0.010140839667328209
-5.685219854305708,0.7235878862834864,0.016624670820614095
-5.581852220591058,0.7235878862834864,0.01898419535477384
-5.478484586876409,0.7235878862834864,0.016193479063345093
-5.3751169531617595,0.7235878862834864,0.008728308931117526
-5.27174931944711,0.7235878862834864,-0.0015519540102526045
-5.168381685732461,0.7235878862834864,-0.011945958382240288
-5.065014052017812,0.7235878862834864,-0.019701483755102056
-4.961646418303163,0.7235878862834864,-0.02280814981247041
-4.858278784588514,0.7235878862834864,-0.020551076019802987
-4.754911150873865,0.7235878862834864,-0.013668236085581573
-4.651543517159215,0.7235878862834864,-0.004083604212912528
-4.548175883444566,0.7235878862834864,0.005680410181814592
-4.444808249729917,0.7235878862834864,0.013216796110353389
-4.341440616015267,0.7235878862834864,0.016856018130989914
-4.238072982300618,0.7235878862834864,0.016025154841430404
-4.134705348585968,0.7235878862834864,0.01126964644353634
-4.031337714871319,0.7235878862834864,0.003974021988301073
-3.9279700811566705,0.7235878862834864,-0.0040949703455299725
-3.8246024474420213,0.7235878862834864,-0.01126284704034246
-3.7212348137273725,0.7235878862834864,-0.016300444061558776
-3.6178671800127233,0.7235878862834864,-0.01858112394218793
-3.514499546298074,0.7235878862834864,-0.01804781965085471
-3.411131912583425,0.7235878862834864,-0.015059897292051623
-3.3077642788687753,0.7235878862834864,-0.010215799675997918
-3.204396645154126,0.7235878862834864,-0.0042293496845109855
-3.101029011439477,0.7235878862834864,0.0021122502374724896
-2.9976613777248278,0.7235878862834864,0.007937646478422032
-2.8942937440101786,0.7235878862834864,0.012294173961678447
-2.790926110295529,0.7235878862834864,0.01423100161601147
-2.6875584765808798,0.7235878862834864,0.012991053631143702
-2.5841908428662306,0.7235878862834864,0.008279085382697922
-2.4808232091515814,0.7235878862834864,0.0005160067586967893
-2.3774555754369326,0.7235878862834864,-0.009036895527384816
-2.2740879417222835,0.7235878862834864,-0.018379532320470942
-2.1707203080076334,0.7235878862834864,-0.02513022253203082
-2.067352674292984,0.7235878862834864,-0.027077900246450556
-1.9639850405783352,0.7235878862834864,-0.022786120475923433
-1.8606174068636863,0.7235878862834864,-0.01206378712317234
-1.757249773149037,0.7235878862834864,0.00386322880613578
-1.6538821394343879,0.7235878862834864,0.02256555452769657
-1.550514505719738,0.7235878862834864,0.04097715565558268
-1.447146872005089,0.7235878862834864,0.05616658297211931
-1.3437792382904399,0.7235878862834864,0.0660876727490429
-1.2404116045757907,0.7235878862834864,0.0700790129322508
-1.1370439708611417,0.7235878862834864,0.06895215296218177
-1.0336763371464925,0.7235878862834864,0.06463558678936147
-0.9303087034318435,0.7235878862834864,0.059484566763382804
-0.8269410697171936,0.7235878862834864,0.05547817787151856
-0.7235734360025445,0.7235878862834864,0.05356615962431919
-0.6202058022878953,0.7235878862834864,0.053382662469812124
-0.5168381685732463,0.7235878862834864,0.053425272295327994
-0.4134705348585972,0.7235878862834864,0.05164334032830335
-0.31010290114394806,0.7235878862834864,0.046240982030803644
-0.2067352674292982,0.7235878862834864,0.03642398783645838
-0.1033676337146491,0.7235878862834864,0.022833076885512102
0.,0.7235878862834864,0.0075055532118160715
0.1033676337146491,0.7235878862834864,-0.006638508983510581
0.2067352674292982,0.7235878862834864,-0.016631636180275036
0.31010290114394734,0.7235878862834864,-0.020352991500102037
0.4134705348585964,0.7235878862834864,-0.017194682235915894
0.5168381685732455,0.7235878862834864,-0.008284261046550041
0.6202058022878947,0.7235878862834864,0.003811427734330882
0.7235734360025438,0.7235878862834864,0.015810291272846676
0.8269410697171944,0.7235878862834864,0.024640695742612833
0.9303087034318435,0.7235878862834864,0.02828155356820661
1.0336763371464925,0.7235878862834864,0.026262034596634162
1.1370439708611417,0.7235878862834864,0.019680171527418352
1.2404116045757907,0.7235878862834864,0.010756179848786676
1.3437792382904399,0.7235878862834864,0.0020829738184837032
1.447146872005089,0.7235878862834864,-0.0041748845106478315
1.550514505719738,0.7235878862834864,-0.006879242714981631
1.6538821394343872,0.7235878862834864,-0.006139126645127269
1.7572497731490362,0.7235878862834864,-0.0031138515105482776
1.8606174068636854,0.7235878862834864,0.0005014557440650495
1.9639850405783346,0.7235878862834864,0.003108722250564254
2.0673526742929837,0.7235878862834864,0.0037331984551009383
2.1707203080076343,0.7235878862834864,0.00227133679023758
2.2740879417222835,0.7235878862834864,-0.0006013688122996729
2.3774555754369326,0.7235878862834864,-0.003798356898226072
2.4808232091515814,0.7235878862834864,-0.006305384487014592
2.5841908428662306,0.7235878862834864,-0.007585888015352731
2.6875584765808798,0.7235878862834864,-0.007754801689594348
2.790926110295529,0.7235878862834864,-0.007463343590704412
2.894293744010178,0.7235878862834864,-0.007552451224031268
2.997661377724827,0.7235878862834864,-0.008623466026659204
3.101029011439476,0.7235878862834864,-0.010707370808077701
3.2043966451541253,0.7235878862834864,-0.013176197928452342
3.3077642788687744,0.7235878862834864,-0.01494615364423223
3.411131912583425,0.7235878862834864,-0.014906618372100368
3.514499546298074,0.7235878862834864,-0.012415843146107757
3.6178671800127233,0.7235878862834864,-0.007668659673055105
3.7212348137273725,0.7235878862834864,-0.0017788549795636113
3.8246024474420213,0.7235878862834864,0.003482560535402982
3.9279700811566705,0.7235878862834864,0.006226555484272394
4.031337714871319,0.7235878862834864,0.005089037045777917
4.134705348585968,0.7235878862834864,-0.0002451263642168342
4.238072982300618,0.7235878862834864,-0.008830689412841916
4.341440616015267,0.7235878862834864,-0.018657406181178948
4.444808249729916,0.7235878862834864,-0.027209354910298758
4.548175883444565,0.7235878862834864,-0.03221794083276438
4.651543517159214,0.7235878862834864,-0.03236546747975844
4.754911150873865,0.7235878862834864,-0.0277048360572949
4.858278784588514,0.7235878862834864,-0.019650162470808884
4.961646418303163,0.7235878862834864,-0.010533901976008331
5.065014052017812,0.7235878862834864,-0.0028710473475784485
5.168381685732461,0.7235878862834864,0.0014294893374551996
5.27174931944711,0.7235878862834864,0.0016467450682408264
5.3751169531617595,0.7235878862834864,-0.0015685670994183244
5.478484586876409,0.7235878862834864,-0.0064665155180473975
5.581852220591058,0.7235878862834864,-0.01083110228619207
5.685219854305707,0.7235878862834864,-0.012757117882103552
5.788587488020356,0.7235878862834864,-0.011305773010309115
5.8919551217350055,0.7235878862834864,-0.006816371486076159
5.995322755449654,0.7235878862834864,-0.0007693818374132111
6.098690389164305,0.7235878862834864,0.004749939397265982
6.202058022878954,0.7235878862834864,0.007801197011198883
6.305425656593603,0.7235878862834864,0.007292152506742615
6.408793290308252,0.7235878862834864,0.003391275655524059
-6.408793290308252,0.8269575843239845,-0.009515411659939143
-6.305425656593603,0.8269575843239845,-0.015593925629617245
-6.202058022878954,0.8269575843239845,-0.01800318229627675
-6.098690389164304,0.8269575843239845,-0.015471497520552534
-5.995322755449655,0.8269575843239845,-0.00822863150507068
-5.8919551217350055,0.8269575843239845,0.0019932190903063545
-5.788587488020356,0.8269575843239845,0.012436124153138363
-5.685219854305708,0.8269575843239845,0.020127554924971796
-5.581852220591058,0.8269575843239845,0.02277550437855972
-5.478484586876409,0.8269575843239845,0.0194703166300208
-5.3751169531617595,0.8269575843239845,0.010977291090045293
-5.27174931944711,0.8269575843239845,-0.0004672163561600022
-5.168381685732461,0.8269575843239845,-0.01178969936276236
-5.065014052017812,0.8269575843239845,-0.01994734413925238
-4.961646418303163,0.8269575843239845,-0.022768569268885933
-4.858278784588514,0.8269575843239845,-0.019522554440147905
-4.754911150873865,0.8269575843239845,-0.01106547081969505
-4.651543517159215,0.8269575843239845,0.0004556000651808417
-4.548175883444566,0.8269575843239845,0.01222880788574775
-4.444808249729917,0.8269575843239845,0.02153309781238658
-4.341440616015267,0.8269575843239845,0.026401754433977062
-4.238072982300618,0.8269575843239845,0.026020633014528078
-4.134705348585968,0.8269575843239845,0.020783922192430415
-4.031337714871319,0.8269575843239845,0.012039501568743513
-3.9279700811566705,0.8269575843239845,0.0016420403040641304
-3.8246024474420213,0.8269575843239845,-0.008530327519166412
-3.7212348137273725,0.8269575843239845,-0.016957183551354022
-3.6178671800127233,0.8269575843239845,-0.02267565957112658
-3.514499546298074,0.8269575843239845,-0.025295026020883578
-3.411131912583425,0.8269575843239845,-0.024884364599373886
-3.3077642788687753,0.8269575843239845,-0.021819729373658565
-3.204396645154126,0.8269575843239845,-0.016665156740581576
-3.101029011439477,0.8269575843239845,-0.01012000847607155
-2.9976613777248278,0.8269575843239845,-0.0030148853263365673
-2.8942937440101786,0.8269575843239845,0.003696767273429793
-2.790926110295529,0.8269575843239845,0.009008274268526118
-2.6875584765808798,0.8269575843239845,0.012018394966511138
-2.5841908428662306,0.8269575843239845,0.012157265877625577
-2.4808232091515814,0.8269575843239845,0.009409859620872306
-2.3774555754369326,0.8269575843239845,0.004443452858955973
-2.2740879417222835,0.8269575843239845,-0.0014400995946131103
-2.1707203080076334,0.8269575843239845,-0.006555278733294794
-2.067352674292984,0.8269575843239845,-0.0092433669850088
-1.9639850405783352,0.8269575843239845,-0.008332980617741183
-1.8606174068636863,0.8269575843239845,-0.003507387384957139
-1.757249773149037,0.8269575843239845,0.004550230674863268
-1.6538821394343879,0.8269575843239845,0.014300442454152698
-1.550514505719738,0.8269575843239845,0.023755946372531447
-1.447146872005089,0.8269575843239845,0.031040576942016302
-1.3437792382904399,0.8269575843239845,0.03492803781171341
-1.2404116045757907,0.8269575843239845,0.035187579753608846
-1.1370439708611417,0.8269575843239845,0.03262048206969939
-1.0336763371464925,0.8269575843239845,0.028769546671525734
-0.9303087034318435,0.8269575843239845,0.02539178565970323
-0.8269410697171936,0.8269575843239845,0.023865425387706748
-0.7235734360025445,0.8269575843239845,0.024727729871950755
-0.6202058022878953,0.8269575843239845,0.02749974451586585
-0.5168381685732463,0.8269575843239845,0.030860023833407777
-0.4134705348585972,0.8269575843239845,0.03311258701894118
-0.31010290114394806,0.8269575843239845,0.03279404984710281
-0.2067352674292982,0.8269575843239845,0.029215484082524407
-0.1033676337146491,0.8269575843239845,0.02275358776635144
0.,0.8269575843239845,0.014787636617848657
0.1033676337146491,0.8269575843239845,0.007296377568711765
0.2067352674292982,0.8269575843239845,0.002243041890980493
0.31010290114394734,0.8269575843239845,0.0009484956761320662
0.4134705348585964,0.8269575843239845,0.0036578413422788682
0.5168381685732455,0.8269575843239845,0.009442664165197638
0.6202058022878947,0.8269575843239845,0.016470871664291804
0.7235734360025438,0.8269575843239845,0.02255586790426955
0.8269410697171944,0.8269575843239845,0.025806964466777174
0.9303087034318435,0.8269575843239845,0.02517317719319005
1.0336763371464925,0.8269575843239845,0.02071196245984804
1.1370439708611417,0.8269575843239845,0.013508542375577156
1.2404116045757907,0.8269575843239845,0.0052874898378171865
1.3437792382904399,0.8269575843239845,-0.002143386109757274
1.447146872005089,0.8269575843239845,-0.007428789326462169
1.550514505719738,0.8269575843239845,-0.0100102514573642
1.6538821394343872,0.8269575843239845,-0.010181909213914144
1.7572497731490362,0.8269575843239845,-0.008864064912517435
1.8606174068636854,0.8269575843239845,-0.0071967891096216255
1.9639850405783346,0.8269575843239845,-0.006111057274548422
2.0673526742929837,0.8269575843239845,-0.006031576941244567
2.1707203080076343,0.8269575843239845,-0.006807046772309996
2.2740879417222835,0.8269575843239845,-0.007873239998693961
2.3774555754369326,0.8269575843239845,-0.008566120623643508
2.4808232091515814,0.8269575843239845,-0.008448705715357779
2.5841908428662306,0.8269575843239845,-0.007515709069236744
2.6875584765808798,0.8269575843239845,-0.006193015502875519
2.790926110295529,0.8269575843239845,-0.005133930127241567
2.894293744010178,0.8269575843239845,-0.004898196849673474
2.997661377724827,0.8269575843239845,-0.005650493999172377
3.101029011439476,0.8269575843239845,-0.007012350106314846
3.2043966451541253,0.8269575843239845,-0.008145038928222706
3.3077642788687744,0.8269575843239845,-0.008051226674437549
3.411131912583425,0.8269575843239845,-0.005993377138738843
3.514499546298074,0.8269575843239845,-0.001871646355258674
3.6178671800127233,0.8269575843239845,0.003594046226745112
3.7212348137273725,0.8269575843239845,0.00897167743989891
3.8246024474420213,0.8269575843239845,0.012507344216472214
3.9279700811566705,0.8269575843239845,0.012685422453700865
4.031337714871319,0.8269575843239845,0.008774634314392054
4.134705348585968,0.8269575843239845,0.0011664492938602805
4.238072982300618,0.8269575843239845,-0.008628752697258178
4.341440616015267,0.8269575843239845,-0.018352324443603338
4.444808249729916,0.8269575843239845,-0.02563477186182757
4.548175883444565,0.8269575843239845,-0.02870373784329448
4.651543517159214,0.8269575843239845,-0.026933217016748594
4.754911150873865,0.8269575843239845,-0.021048492421798234
4.858278784588514,0.8269575843239845,-0.012909674917083754
4.961646418303163,0.8269575843239845,-0.004934618233117947
5.065014052017812,0.8269575843239845,0.0006568234567083945
5.168381685732461,0.8269575843239845,0.0025323859542313856
5.27174931944711,0.8269575843239845,0.0006441919868825088
5.3751169531617595,0.8269575843239845,-0.003799222764522257
5.478484586876409,0.8269575843239845,-0.008777136695987283
5.581852220591058,0.8269575843239845,-0.01216906792651615
5.685219854305707,0.8269575843239845,-0.012495971473946842
5.788587488020356,0.8269575843239845,-0.0094391137169534
5.8919551217350055,0.8269575843239845,-0.003958505806745468
5.995322755449654,0.8269575843239845,0.0020332699806912716
6.098690389164305,0.8269575843239845,0.00633563522399912
6.202058022878954,0.8269575843239845,0.007240557327112484
6.305425656593603,0.8269575843239845,0.004164061850750172
6.408793290308252,0.8269575843239845,-0.0020901205063043843
-6.408793290308252,0.9303272823644827,-0.015756919989075416
-6.305425656593603,0.9303272823644827,-0.021187057645988532
-6.202058022878954,0.9303272823644827,-0.022443683268499243
-6.098690389164304,0.9303272823644827,-0.018657195610113402
-5.995322755449655,0.9303272823644827,-0.01039609850010653
-5.8919551217350055,0.9303272823644827,0.00042199759745384987
-5.788587488020356,0.9303272823644827,0.011037180442843382
-5.685219854305708,0.9303272823644827,0.018626587165787366
-5.581852220591058,0.9303272823644827,0.021124454207514253
-5.478484586876409,0.9303272823644827,0.01783639003862053
-5.3751169531617595,0.9303272823644827,0.009663091048666191
-5.27174931944711,0.9303272823644827,-0.0011331436625635375
-5.168381685732461,0.9303272823644827,-0.011548618602857691
-5.065014052017812,0.9303272823644827,-0.01866133163208506
-4.961646418303163,0.9303272823644827,-0.02041784845396085
-4.858278784588514,0.9303272823644827,-0.016162906728282835
-4.754911150873865,0.9303272823644827,-0.006773877516593993
-4.651543517159215,0.9303272823644827,0.005617600596085135
-4.548175883444566,0.9303272823644827,0.018215696534086563
-4.444808249729917,0.9303272823644827,0.028279639750471715
-4.341440616015267,0.9303272823644827,0.0337678930230115
-4.238072982300618,0.9303272823644827,0.03374318058668833
-4.134705348585968,0.9303272823644827,0.028459083967499972
-4.031337714871319,0.9303272823644827,0.019148213822754275
-3.9279700811566705,0.9303272823644827,0.007613608523774205
-3.8246024474420213,0.9303272823644827,-0.004234631101792686
-3.7212348137273725,0.9303272823644827,-0.014764363948354866
-3.6178671800127233,0.9303272823644827,-0.022844100407327296
-3.514499546298074,0.9303272823644827,-0.02788715177024358
-3.411131912583425,0.9303272823644827,-0.029761859221607904
-3.3077642788687753,0.9303272823644827,-0.02864606281278363
-3.204396645154126,0.9303272823644827,-0.024901878839163262
-3.101029011439477,0.9303272823644827,-0.019014831032997895
-2.9976613777248278,0.9303272823644827,-0.011595954180468118
-2.8942937440101786,0.9303272823644827,-0.0034070161851231
-2.790926110295529,0.9303272823644827,0.0046463730170900495
-2.6875584765808798,0.9303272823644827,0.01159543812799474
-2.5841908428662306,0.9303272823644827,0.016568256638992116
-2.4808232091515814,0.9303272823644827,0.018991769791769572
-2.3774555754369326,0.9303272823644827,0.018767501841618565
-2.2740879417222835,0.9303272823644827,0.016347992632709325
-2.1707203080076334,0.9303272823644827,0.012666499048069487
-2.067352674292984,0.9303272823644827,0.008920353228479855
-1.9639850405783352,0.9303272823644827,0.006261295803183191
-1.8606174068636863,0.9303272823644827,0.005484113647395116
-1.757249773149037,0.9303272823644827,0.0068127137515882116
-1.6538821394343879,0.9303272823644827,0.009855722675468335
-1.550514505719738,0.9303272823644827,0.013749899975037927
-1.447146872005089,0.9303272823644827,0.017447282694646946
-1.3437792382904399,0.9303272823644827,0.020052930189184547
-1.2404116045757907,0.9303272823644827,0.021102128935090836
-1.1370439708611417,0.9303272823644827,0.02068597497208538
-1.0336763371464925,0.9303272823644827,0.01938598074648205
-0.9303087034318435,0.9303272823644827,0.01804399957605378
-0.8269410697171936,0.9303272823644827,0.017450400311457614
-0.7235734360025445,0.9303272823644827,0.01806108137987314
-0.6202058022878953,0.9303272823644827,0.019842710734039364
-0.5168381685732463,0.9303272823644827,0.02229934449517148
-0.4134705348585972,0.9303272823644827,0.024668585227390325
-0.31010290114394806,0.9303272823644827,0.026214698966761162
-0.2067352674292982,0.9303272823644827,0.026511215301693803
-0.1033676337146491,0.9303272823644827,0.025608985167833265
0.,0.9303272823644827,0.024026382788729164
0.1033676337146491,0.9303272823644827,0.022561978810546314
0.2067352674292982,0.9303272823644827,0.021994048006755706
0.31010290114394734,0.9303272823644827,0.022772952165039283
0.4134705348585964,0.9303272823644827,0.02481685618260056
0.5168381685732455,0.9303272823644827,0.02748664484292306
0.6202058022878947,0.9303272823644827,0.029754346701962177
0.7235734360025438,0.9303272823644827,0.03051240335222043
0.8269410697171944,0.9303272823644827,0.02892220011618508
0.9303087034318435,0.9303272823644827,0.024686447245543256
1.0336763371464925,0.9303272823644827,0.01815591533269203
1.1370439708611417,0.9303272823644827,0.010237352738944683
1.2404116045757907,0.9303272823644827,0.002136230607215274
1.3437792382904399,0.9303272823644827,-0.004978091596165837
1.447146872005089,0.9303272823644827,-0.010274610462846638
1.550514505719738,0.9303272823644827,-0.013436083561520493
1.6538821394343872,0.9303272823644827,-0.014661126721590863
1.7572497731490362,0.9303272823644827,-0.01450834961123277
1.8606174068636854,0.9303272823644827,-0.013651273593684607
1.9639850405783346,0.9303272823644827,-0.012638866157195469
2.0673526742929837,0.9303272823644827,-0.011746786821447149
2.1707203080076343,0.9303272823644827,-0.010963692945138983
2.2740879417222835,0.9303272823644827,-0.0101014299314716
2.3774555754369326,0.9303272823644827,-0.008969132331524745
2.4808232091515814,0.9303272823644827,-0.007527892184284283
2.5841908428662306,0.9303272823644827,-0.005953567970597586
2.6875584765808798,0.9303272823644827,-0.004576136740918205
2.790926110295529,0.9303272823644827,-0.0037186740281522504
2.894293744010178,0.9303272823644827,-0.0035058123172582315
2.997661377724827,0.9303272823644827,-0.003731139190873782
3.101029011439476,0.9303272823644827,-0.003856206930841055
3.2043966451541253,0.9303272823644827,-0.0031652766332456728
3.3077642788687744,0.9303272823644827,-0.0010369002020178349
3.411131912583425,0.9303272823644827,0.00276015908072645
3.514499546298074,0.9303272823644827,0.007861628737953175
3.6178671800127233,0.9303272823644827,0.013288096432775143
3.7212348137273725,0.9303272823644827,0.01764782638508615
3.8246024474420213,0.9303272823644827,0.019520841759979975
3.9279700811566705,0.9303272823644827,0.01791264211435943
4.031337714871319,0.9303272823644827,0.012629267948763864
4.134705348585968,0.9303272823644827,0.0044383139901342464
4.238072982300618,0.9303272823644827,-0.00505810142928935
4.341440616015267,0.9303272823644827,-0.01382082298581963
4.444808249729916,0.9303272823644827,-0.019932286492183492
4.548175883444565,0.9303272823644827,-0.022146800750676016
4.651543517159214,0.9303272823644827,-0.02025671106904049
4.754911150873865,0.9303272823644827,-0.015151048428765555
4.858278784588514,0.9303272823644827,-0.008539122828166774
4.961646418303163,0.9303272823644827,-0.0024201766327142374
5.065014052017812,0.9303272823644827,0.0015345143709111014
5.168381685732461,0.9303272823644827,0.002488303639833197
5.27174931944711,0.9303272823644827,0.0006687717958440854
5.3751169531617595,0.9303272823644827,-0.0027565213448285477
5.478484586876409,0.9303272823644827,-0.006118271598739167
5.581852220591058,0.9303272823644827,-0.007852107069216041
5.685219854305707,0.9303272823644827,-0.0070692145336285475
5.788587488020356,0.9303272823644827,-0.0038950661828073335
5.8919551217350055,0.9303272823644827,0.0005448244984812493
5.995322755449654,0.9303272823644827,0.004496007685861392
6.098690389164305,0.9303272823644827,0.006185827868797097
6.202058022878954,0.9303272823644827,0.004472013573551373
6.305425656593603,0.9303272823644827,-0.0006915183179731666
6.408793290308252,0.9303272823644827,-0.008137839989980954
-6.408793290308252,1.033696980404981,-0.02022210135306111
-6.305425656593603,1.033696980404981,-0.024019361681895317
-6.202058022878954,1.033696980404981,-0.023909576822260005
-6.098690389164304,1.033696980404981,-0.019554699697865337
-5.995322755449655,1.033696980404981,-0.011739494708757112
-5.8919551217350055,1.033696980404981,-0.002230533355164113
-5.788587488020356,1.033696980404981,0.0066638958786855735
-5.685219854305708,1.033696980404981,0.012715802684774773
-5.581852220591058,1.033696980404981,0.014404833406841145
-5.478484586876409,1.033696980404981,0.011367372694647535
-5.3751169531617595,1.033696980404981,0.0045324042314772465
-5.27174931944711,1.033696980404981,-0.004101049680535179
-5.168381685732461,1.033696980404981,-0.011986116099647797
-5.065014052017812,1.033696980404981,-0.016704456754936294
-4.961646418303163,1.033696980404981,-0.016608116142409528
-4.858278784588514,1.033696980404981,-0.011250575513686632
-4.754911150873865,1.033696980404981,-0.0014942326536802081
-4.651543517159215,1.033696980404981,0.010724208261865214
-4.548175883444566,1.033696980404981,0.022892909977410243
-4.444808249729917,1.033696980404981,0.03254185275209196
-4.341440616015267,1.033696980404981,0.03780756649474913
-4.238072982300618,1.033696980404981,0.03780282943580431
-4.134705348585968,1.033696980404981,0.03271480290019398
-4.031337714871319,1.033696980404981,0.02363783055763429
-3.9279700811566705,1.033696980404981,0.012220104376443348
-3.8246024474420213,1.033696980404981,0.00024521284786852704
-3.7212348137273725,1.033696980404981,-0.010729737168784942
-3.6178671800127233,1.033696980404981,-0.019594297335031968
-3.514499546298074,1.033696980404981,-0.02573624715556513
-3.411131912583425,1.033696980404981,-0.02895617975544856
-3.3077642788687753,1.033696980404981,-0.029315949157534292
-3.204396645154126,1.033696980404981,-0.02700033858064495
-3.101029011439477,1.033696980404981,-0.022249283476933935
-2.9976613777248278,1.033696980404981,-0.015376352903432363
-2.8942937440101786,1.033696980404981,-0.006845193485547265
-2.790926110295529,1.033696980404981,0.0026536414657106887
-2.6875584765808798,1.033696980404981,0.012186789513781524
-2.5841908428662306,1.033696980404981,0.02066168563230014
-2.4808232091515814,1.033696980404981,0.027008074272659773
-2.3774555754369326,1.033696980404981,0.030413595094484772
-2.2740879417222835,1.033696980404981,0.030541452153373238
-2.1707203080076334,1.033696980404981,0.027655072883344282
-2.067352674292984,1.033696980404981,0.02259857734740766
-1.9639850405783352,1.033696980404981,0.01662511507904684
-1.8606174068636863,1.033696980404981,0.011113111148923266
-1.757249773149037,1.033696980404981,0.007246887726378446
-1.6538821394343879,1.033696980404981,0.005750628337977274
-1.550514505719738,1.033696980404981,0.006749024016879981
-1.447146872005089,1.033696980404981,0.009789461424110999
-1.3437792382904399,1.033696980404981,0.014012083011806058
-1.2404116045757907,1.033696980404981,0.018411300900823505
-1.1370439708611417,1.033696980404981,0.022108837201877098
-1.0336763371464925,1.033696980404981,0.024560739122996764
-0.9303087034318435,1.033696980404981,0.025646936528456496
-0.8269410697171936,1.033696980404981,0.02563193440525545
-0.7235734360025445,1.033696980404981,0.025025294528918326
-0.6202058022878953,1.033696980404981,0.02439764535289978
-0.5168381685732463,1.033696980404981,0.024214272248889925
-0.4134705348585972,1.033696980404981,0.024733661375637955
-0.31010290114394806,1.033696980404981,0.02598966512561723
-0.2067352674292982,1.033696980404981,0.027844503595388183
-0.1033676337146491,1.033696980404981,0.03007697167186026
0.,1.033696980404981,0.032463384773757285
0.1033676337146491,1.033696980404981,0.03481900054907101
0.2067352674292982,1.033696980404981,0.03698957014159584
0.31010290114394734,1.033696980404981,0.03880692503763646
0.4134705348585964,1.033696980404981,0.04003935714933059
0.5168381685732455,1.033696980404981,0.04037056257014667
0.6202058022878947,1.033696980404981,0.03942924655903413
0.7235734360025438,1.033696980404981,0.036870002877554285
0.8269410697171944,1.033696980404981,0.03248336874320472
0.9303087034318435,1.033696980404981,0.026297969957730635
1.0336763371464925,1.033696980404981,0.018636336521308697
1.1370439708611417,1.033696980404981,0.010099007743704218
1.2404116045757907,1.033696980404981,0.001474285562599649
1.3437792382904399,1.033696980404981,-0.006404795133177711
1.447146872005089,1.033696980404981,-0.012817695252502308
1.550514505719738,1.033696980404981,-0.017285276914131634
1.6538821394343872,1.033696980404981,-0.019637993449582284
1.7572497731490362,1.033696980404981,-0.020011047012363586
1.8606174068636854,1.033696980404981,-0.01877667370493611
1.9639850405783346,1.033696980404981,-0.016440571639504794
2.0673526742929837,1.033696980404981,-0.013535254636534705
2.1707203080076343,1.033696980404981,-0.010536853136526516
2.2740879417222835,1.033696980404981,-0.00781734359393706
2.3774555754369326,1.033696980404981,-0.005628126076849913
2.4808232091515814,1.033696980404981,-0.0041002103991456505
2.5841908428662306,1.033696980404981,-0.003245232372359052
2.6875584765808798,1.033696980404981,-0.002949870752004876
2.790926110295529,1.033696980404981,-0.0029693819608464286
2.894293744010178,1.033696980404981,-0.002936896479043959
2.997661377724827,1.033696980404981,-0.0024074105281062523
3.101029011439476,1.033696980404981,-0.0009461624848536564
3.2043966451541253,1.033696980404981,0.0017474637631238413
3.3077642788687744,1.033696980404981,0.005710300607400188
3.411131912583425,1.033696980404981,0.010623984670500587
3.514499546298074,1.033696980404981,0.015805356231232866
3.6178671800127233,1.033696980404981,0.020304341757229286
3.7212348137273725,1.033696980404981,0.023103175089936843
3.8246024474420213,1.033696980404981,0.023374772952869657
3.9279700811566705,1.033696980404981,0.020730539239331977
4.031337714871319,1.033696980404981,0.015380122550939164
4.134705348585968,1.033696980404981,0.00814317404229528
4.238072982300618,1.033696980404981,0.0002929766169387982
4.341440616015267,1.033696980404981,-0.006737261922810302
4.444808249729916,1.033696980404981,-0.011708848540859712
4.548175883444565,1.033696980404981,-0.013891392935446688
4.651543517159214,1.033696980404981,-0.013240828065369864
4.754911150873865,1.033696980404981,-0.010384049087997161
4.858278784588514,1.033696980404981,-0.006410871453984908
4.961646418303163,1.033696980404981,-0.0025349975851160426
5.065014052017812,1.033696980404981,0.00027077619236655744
5.168381685732461,1.033696980404981,0.0015491271188852532
5.27174931944711,1.033696980404981,0.0014536739774698713
5.3751169531617595,1.033696980404981,0.0006340065668322016
5.478484586876409,1.033696980404981,-0.0000511452763292293
5.581852220591058,1.033696980404981,0.00010526050372744451
5.685219854305707,1.033696980404981,0.0013498605146329888
5.788587488020356,1.033696980404981,0.003324798559356612
5.8919551217350055,1.033696980404981,0.005148255434334843
5.995322755449654,1.033696980404981,0.005704243314681219
6.098690389164305,1.033696980404981,0.004052655216551031
6.202058022878954,1.033696980404981,-0.00017648392129265142
6.305425656593603,1.033696980404981,-0.006544019440973655
6.408793290308252,1.033696980404981,-0.013813996852920155
-6.408793290308252,1.137066678445479,-0.02231530389450007
-6.305425656593603,1.137066678445479,-0.02378158215826854
-6.202058022878954,1.137066678445479,-0.022178380591878957
-6.098690389164304,1.137066678445479,-0.01774687134992769
-5.995322755449655,1.137066678445479,-0.011391817470154938
-5.8919551217350055,1.137066678445479,-0.004514996519976228
-5.788587488020356,1.137066678445479,0.0013034352850135916
-5.685219854305708,1.137066678445479,0.00470188386737534
-5.581852220591058,1.137066678445479,0.0049088526991123175
-5.478484586876409,1.137066678445479,0.0019836204441431005
-5.3751169531617595,1.137066678445479,-0.0031501277074284296
-5.27174931944711,1.137066678445479,-0.008900254891932607
-5.168381685732461,1.137066678445479,-0.013390782490546937
-5.065014052017812,1.137066678445479,-0.014939330776188014
-4.961646418303163,1.137066678445479,-0.012501941223547178
-4.858278784588514,1.137066678445479,-0.005965188022496461
-4.754911150873865,1.137066678445479,0.0037947207473993274
-4.651543517159215,1.137066678445479,0.015102885500338899
-4.548175883444566,1.137066678445479,0.025875257668407627
-4.444808249729917,1.137066678445479,0.03410172180395839
-4.341440616015267,1.137066678445479,0.03829460462063904
-4.238072982300618,1.137066678445479,0.03778846374579537
-4.134705348585968,1.137066678445479,0.032823168872694965
-4.031337714871319,1.137066678445479,0.024406071189961853
-3.9279700811566705,1.137066678445479,0.014010761403660631
-3.8246024474420213,1.137066678445479,0.00321094938579338
-3.7212348137273725,1.137066678445479,-0.006643270059121346
-3.6178671800127233,1.137066678445479,-0.014624161851332753
-3.514499546298074,1.137066678445479,-0.020265969581259126
-3.411131912583425,1.137066678445479,-0.023466611972738815
-3.3077642788687753,1.137066678445479,-0.02431627990651162
-3.204396645154126,1.137066678445479,-0.022935575014094996
-3.101029011439477,1.137066678445479,-0.01939287571979321
-2.9976613777248278,1.137066678445479,-0.013732545874144906
-2.8942937440101786,1.137066678445479,-0.006096643594406669
-2.790926110295529,1.137066678445479,0.003119187166198302
-2.6875584765808798,1.137066678445479,0.013154585594810288
-2.5841908428662306,1.137066678445479,0.02288674647582848
-2.4808232091515814,1.137066678445479,0.030977377015812126
-2.3774555754369326,1.137066678445479,0.036143616809405796
-2.2740879417222835,1.137066678445479,0.037483402847586826
-2.1707203080076334,1.137066678445479,0.034757432223943056
-2.067352674292984,1.137066678445479,0.02853282133995168
-1.9639850405783352,1.137066678445479,0.020128367050161532
-1.8606174068636863,1.137066678445479,0.011357952185711874
-1.757249773149037,1.137066678445479,0.0041295928993426104
-1.6538821394343879,1.137066678445479,3.5407800885309374e-6
-1.550514505719738,1.137066678445479,-0.00017118566803733668
-1.447146872005089,1.137066678445479,0.00355794281648251
-1.3437792382904399,1.137066678445479,0.010290134337152231
-1.2404116045757907,1.137066678445479,0.018528519760613954
-1.1370439708611417,1.137066678445479,0.026577198540264486
-1.0336763371464925,1.137066678445479,0.032966543404216286
-0.9303087034318435,1.137066678445479,0.036791372204684564
-0.8269410697171936,1.137066678445479,0.03787641751604531
-0.7235734360025445,1.137066678445479,0.03673690975011945
-0.6202058022878953,1.137066678445479,0.03436202069594277
-0.5168381685732463,1.137066678445479,0.031897024682690636
-0.4134705348585972,1.137066678445479,0.030322429940798815
-0.31010290114394806,1.137066678445479,0.030219791504412657
-0.2067352674292982,1.137066678445479,0.03167915893856701
-0.1033676337146491,1.137066678445479,0.03435482341380073
0.,1.137066678445479,0.03763039901810219
0.1033676337146491,1.137066678445479,0.04082559362775942
0.2067352674292982,1.137066678445479,0.04337314898694468
0.31010290114394734,1.137066678445479,0.044914557410839266
0.4134705348585964,1.137066678445479,0.045298580241591994
0.5168381685732455,1.137066678445479,0.04450400739634836
0.6202058022878947,1.137066678445479,0.04253434426636606
0.7235734360025438,1.137066678445479,0.0393386142186878
0.8269410697171944,1.137066678445479,0.034797948563227536
0.9303087034318435,1.137066678445479,0.028788263122500043
1.0336763371464925,1.137066678445479,0.021296285166778502
1.1370439708611417,1.137066678445479,0.012541686034035595
1.2404116045757907,1.137066678445479,0.003051033114466706
1.3437792382904399,1.137066678445479,-0.006357620778143163
1.447146872005089,1.137066678445479,-0.014691820456594201
1.550514505719738,1.137066678445479,-0.02098095030220527
1.6538821394343872,1.137066678445479,-0.024500186146307747
1.7572497731490362,1.137066678445479,-0.024957509781632525
1.8606174068636854,1.137066678445479,-0.022586287666981047
1.9639850405783346,1.137066678445479,-0.018111353637444226
2.0673526742929837,1.137066678445479,-0.012592340116966406
2.1707203080076343,1.137066678445479,-0.007183075957669293
2.2740879417222835,1.137066678445479,-0.0028695637257343354
2.3774555754369326,1.137066678445479,-0.00025450545339227173
2.4808232091515814,1.137066678445479,0.0005575216680128426
2.5841908428662306,1.137066678445479,-0.00005142315552635762
2.6875584765808798,1.137066678445479,-0.001341918946396
2.790926110295529,1.137066678445479,-0.002425740883829822
2.894293744010178,1.137066678445479,-0.0024974722076434633
2.997661377724827,1.137066678445479,-0.0010313401942128677
3.101029011439476,1.137066678445479,0.002101076161621066
3.2043966451541253,1.137066678445479,0.006613223211291571
3.3077642788687744,1.137066678445479,0.011880977504053562
3.411131912583425,1.137066678445479,0.017088452435414587
3.514499546298074,1.137066678445479,0.02140328983808017
3.6178671800127233,1.137066678445479,0.024141090819872195
3.7212348137273725,1.137066678445479,0.024886534282390817
3.8246024474420213,1.137066678445479,0.0235523344542263
3.9279700811566705,1.137066678445479,0.02037227380954337
4.031337714871319,1.137066678445479,0.015837587478928973
4.134705348585968,1.137066678445479,0.010594890420738027
4.238072982300618,1.137066678445479,0.005328058703580629
4.341440616015267,1.137066678445479,0.0006464773259796
4.444808249729916,1.137066678445479,-0.0030012679772525954
4.548175883444565,1.137066678445479,-0.005375024641230562
4.651543517159214,1.137066678445479,-0.0064464917792125395
4.754911150873865,1.137066678445479,-0.0063616551429075754
4.858278784588514,1.137066678445479,-0.005374136362243989
4.961646418303163,1.137066678445479,-0.0037681498599089866
5.065014052017812,1.137066678445479,-0.0017926298237503882
5.168381685732461,1.137066678445479,0.00037461722634312875
5.27174931944711,1.137066678445479,0.0026225302642388136
5.3751169531617595,1.137066678445479,0.004865020213341399
5.478484586876409,1.137066678445479,0.006978580275101954
5.581852220591058,1.137066678445479,0.008746243874055532
5.685219854305707,1.137066678445479,0.009836978087089103
5.788587488020356,1.137066678445479,0.009841369037461908
5.8919551217350055,1.137066678445479,0.008366881953874585
5.995322755449654,1.137066678445479,0.005173653567731564
6.098690389164305,1.137066678445479,0.0003118463435302739
6.202058022878954,1.137066678445479,-0.005788379851685356
6.305425656593603,1.137066678445479,-0.012317925469440336
6.408793290308252,1.137066678445479,-0.018203088185912212
-6.408793290308252,1.2404363764859772,-0.02203071262200413
-6.305425656593603,1.2404363764859772,-0.02090306547804511
-6.202058022878954,1.2404363764859772,-0.017764737959132717
-6.098690389164304,1.2404363764859772,-0.01339005486732006
-5.995322755449655,1.2404363764859772,-0.008755488047530376
-5.8919551217350055,1.2404363764859772,-0.004858036208055364
-5.788587488020356,1.2404363764859772,-0.0025199590853130114
-5.685219854305708,1.2404363764859772,-0.002212180191755156
-5.581852220591058,1.2404363764859772,-0.00393175674674437
-5.478484586876409,1.2404363764859772,-0.007165759165251285
-5.3751169531617595,1.2404363764859772,-0.010962121989977303
-5.27174931944711,1.2404363764859772,-0.014107364352351954
-5.168381685732461,1.2404363764859772,-0.015384901116668003
-5.065014052017812,1.2404363764859772,-0.013862627246393956
-4.961646418303163,1.2404363764859772,-0.009142738894104312
-4.858278784588514,1.2404363764859772,-0.0015072849774083199
-4.754911150873865,1.2404363764859772,0.008087442661788227
-4.651543517159215,1.2404363764859772,0.018178918341262985
-4.548175883444566,1.2404363764859772,0.027097139214550425
-4.444808249729917,1.2404363764859772,0.03332468645254972
-4.341440616015267,1.2404363764859772,0.03582804329383969
-4.238072982300618,1.2404363764859772,0.03427443548846403
-4.134705348585968,1.2404363764859772,0.029078053478362675
-4.031337714871319,1.2404363764859772,0.021266649175722952
-3.9279700811566705,1.2404363764859772,0.01221031469662677
-3.8246024474420213,1.2404363764859772,0.003292988871450697
-3.7212348137273725,1.2404363764859772,-0.004378617061704312
-3.6178671800127233,1.2404363764859772,-0.010149373118115831
-3.514499546298074,1.2404363764859772,-0.013834371268214418
-3.411131912583425,1.2404363764859772,-0.0155950884463026
-3.3077642788687753,1.2404363764859772,-0.015733152761015643
-3.204396645154126,1.2404363764859772,-0.014487379149171448
-3.101029011439477,1.2404363764859772,-0.011915067435058845
-2.9976613777248278,1.2404363764859772,-0.00790480772944489
-2.8942937440101786,1.2404363764859772,-0.0023165042744099813
-2.790926110295529,1.2404363764859772,0.00480715602361586
-2.6875584765808798,1.2404363764859772,0.013046563396432497
-2.5841908428662306,1.2404363764859772,0.021518988480307987
-2.4808232091515814,1.2404363764859772,0.02895933458677466
-2.3774555754369326,1.2404363764859772,0.03397107364067528
-2.2740879417222835,1.2404363764859772,0.035388813561401423
-2.1707203080076334,1.2404363764859772,0.03264727494267828
-2.067352674292984,1.2404363764859772,0.02603691954597892
-1.9639850405783352,1.2404363764859772,0.016751017842251397
-1.8606174068636863,1.2404363764859772,0.0066866917680819555
-1.757249773149037,1.2404363764859772,-0.0019637888333738514
-1.6538821394343879,1.2404363764859772,-0.007228647755988761
-1.550514505719738,1.2404363764859772,-0.00783875867718884
-1.447146872005089,1.2404363764859772,-0.0035401980320829587
-1.3437792382904399,1.2404363764859772,0.004852867546405162
-1.2404116045757907,1.2404363764859772,0.015680774065114644
-1.1370439708611417,1.2404363764859772,0.02687257085427808
-1.0336763371464925,1.2404363764859772,0.0364675777925467
-0.9303087034318435,1.2404363764859772,0.04307754570631805
-0.8269410697171936,1.2404363764859772,0.04616473943576353
-0.7235734360025445,1.2404363764859772,0.04607028290434842
-0.6202058022878953,1.2404363764859772,0.043803863523572
-0.5168381685732463,1.2404363764859772,0.04067586723957241
-0.4134705348585972,1.2404363764859772,0.03789441239578497
-0.31010290114394806,1.2404363764859772,0.03625056206837683
-0.2067352674292982,1.2404363764859772,0.0359767379155695
-0.1033676337146491,1.2404363764859772,0.03680028353377949
0.,1.2404363764859772,0.0381481951941159
0.1033676337146491,1.2404363764859772,0.039412412667912185
0.2067352674292982,1.2404363764859772,0.040172640984552144
0.31010290114394734,1.2404363764859772,0.04029821052553382
0.4134705348585964,1.2404363764859772,0.039901910991576986
0.5168381685732455,1.2404363764859772,0.03917787596792919
0.6202058022878947,1.2404363764859772,0.03820094891554148
0.7235734360025438,1.2404363764859772,0.036780224874007436
0.8269410697171944,1.2404363764859772,0.03443918774001684
0.9303087034318435,1.2404363764859772,0.030546323822913318
1.0336763371464925,1.2404363764859772,0.02456072241238084
1.1370439708611417,1.2404363764859772,0.01630847671332399
1.2404116045757907,1.2404363764859772,0.006185725812835029
1.3437792382904399,1.2404363764859772,-0.004798828266093079
1.447146872005089,1.2404363764859772,-0.015179710343907846
1.550514505719738,1.2404363764859772,-0.023360776571712233
1.6538821394343872,1.2404363764859772,-0.028023572191743597
1.7572497731490362,1.2404363764859772,-0.028496238462046172
1.8606174068636854,1.2404363764859772,-0.024966327549030522
1.9639850405783346,1.2404363764859772,-0.018464215959481577
2.0673526742929837,1.2404363764859772,-0.010612233944360446
2.1707203080076343,1.2404363764859772,-0.0032064872881980492
2.2740879417222835,1.2404363764859772,0.002249415957448625
2.3774555754369326,1.2404363764859772,0.004923780869088425
2.4808232091515814,1.2404363764859772,0.004840348188697068
2.5841908428662306,1.2404363764859772,0.002816259343921262
2.6875584765808798,1.2404363764859772,0.00017878166903089384
2.790926110295529,1.2404363764859772,-0.0016495852382340968
2.894293744010178,1.2404363764859772,-0.001571561464060805
2.997661377724827,1.2404363764859772,0.0008818923285634367
3.101029011439476,1.2404363764859772,0.005448497072800768
3.2043966451541253,1.2404363764859772,0.011250016102667754
3.3077642788687744,1.2404363764859772,0.017077848682995472
3.411131912583425,1.2404363764859772,0.02175220041560501
3.514499546298074,1.2404363764859772,0.024442277857586805
3.6178671800127233,1.2404363764859772,0.024854938122869773
3.7212348137273725,1.2404363764859772,0.023246820925324402
3.8246024474420213,1.2404363764859772,0.020273512044051537
3.9279700811566705,1.2404363764859772,0.016739407292824974
4.031337714871319,1.2404363764859772,0.013338093748852718
4.134705348585968,1.2404363764859772,0.010468300134737402
4.238072982300618,1.2404363764859772,0.008178300123353643
4.341440616015267,1.2404363764859772,0.0062443390315910325
4.444808249729916,1.2404363764859772,0.0043427098891328265
4.548175883444565,1.2404363764859772,0.0022456363023240695
4.651543517159214,1.2404363764859772,-0.000033070069210825256
4.754911150873865,1.2404363764859772,-0.0021955670637314665
4.858278784588514,1.2404363764859772,-0.0037358411977915303
4.961646418303163,1.2404363764859772,-0.004107637926369291
5.065014052017812,1.2404363764859772,-0.002927287141587119
5.168381685732461,1.2404363764859772,-0.0001432475240948064
5.27174931944711,1.2404363764859772,0.003884366036182374
5.3751169531617595,1.2404363764859772,0.00842203628452245
5.478484586876409,1.2404363764859772,0.012510320937642531
5.581852220591058,1.2404363764859772,0.015180065465483457
5.685219854305707,1.2404363764859772,0.015678715789447194
5.788587488020356,1.2404363764859772,0.013647980603745736
5.8919551217350055,1.2404363764859772,0.009210293281146862
5.995322755449654,1.2404363764859772,0.002947580673217809
6.098690389164305,1.2404363764859772,-0.004216786043050366
6.202058022878954,1.2404363764859772,-0.011200933600892596
6.305425656593603,1.2404363764859772,-0.016970102439125556
6.408793290308252,1.2404363764859772,-0.02072359169976241
-6.408793290308252,1.3438060745264753,-0.0199693557093653
-6.305425656593603,1.3438060745264753,-0.016442674139276536
-6.202058022878954,1.3438060745264753,-0.011805770327949505
-6.098690389164304,1.3438060745264753,-0.00724076559733851
-5.995322755449655,1.3438060745264753,-0.003796900615184308
-5.8919551217350055,1.3438060745264753,-0.002190116177873707
-5.788587488020356,1.3438060745264753,-0.0026874369191033226
-5.685219854305708,1.3438060745264753,-0.0050831374556833285
-5.581852220591058,1.3438060745264753,-0.008756538069984506
-5.478484586876409,1.3438060745264753,-0.012792414622272633
-5.3751169531617595,1.3438060745264753,-0.01614283479398152
-5.27174931944711,1.3438060745264753,-0.017809787663407378
-5.168381685732461,1.3438060745264753,-0.01702748029302628
-5.065014052017812,1.3438060745264753,-0.013420249991064129
-4.961646418303163,1.3438060745264753,-0.00710853514323186
-4.858278784588514,1.3438060745264753,0.0012645552124630499
-4.754911150873865,1.3438060745264753,0.010605566986520801
-4.651543517159215,1.3438060745264753,0.019543827817519604
-4.548175883444566,1.3438060745264753,0.02668256274258738
-4.444808249729917,1.3438060745264753,0.030880048112624094
-4.341440616015267,1.3438060745264753,0.031496239771986734
-4.238072982300618,1.3438060745264753,0.028540085634852864
-4.134705348585968,1.3438060745264753,0.02267226488940646
-4.031337714871319,1.3438060745264753,0.0150541601467732
-3.9279700811566705,1.3438060745264753,0.007076842845369445
-3.8246024474420213,1.3438060745264753,0.00004040220071003928
-3.7212348137273725,1.3438060745264753,-0.005128577858925866
-3.6178671800127233,1.3438060745264753,-0.008042554474381364
-3.514499546298074,1.3438060745264753,-0.008857096910112624
-3.411131912583425,1.3438060745264753,-0.008118972326887772
-3.3077642788687753,1.3438060745264753,-0.006513474644309947
-3.204396645154126,1.3438060745264753,-0.0045990585293298894
-3.101029011439477,1.3438060745264753,-0.0026214100196767375
-2.9976613777248278,1.3438060745264753,-0.00047181071145066067
-2.8942937440101786,1.3438060745264753,0.002195867230370866
-2.790926110295529,1.3438060745264753,0.005732442704667871
-2.6875584765808798,1.3438060745264753,0.01023224123330331
-2.5841908428662306,1.3438060745264753,0.015346101830674105
-2.4808232091515814,1.3438060745264753,0.020250928426173334
-2.3774555754369326,1.3438060745264753,0.0238074349273394
-2.2740879417222835,1.3438060745264753,0.02487268577110778
-2.1707203080076334,1.3438060745264753,0.022676373245375223
-2.067352674292984,1.3438060745264753,0.01713966569792149
-1.9639850405783352,1.3438060745264753,0.009024543722557659
-1.8606174068636863,1.3438060745264753,-0.0001513643851922574
-1.757249773149037,1.3438060745264753,-0.008428370311917555
-1.6538821394343879,1.3438060745264753,-0.013868182533218412
-1.550514505719738,1.3438060745264753,-0.015038522288186572
-1.447146872005089,1.3438060745264753,-0.01137931839895742
-1.3437792382904399,1.3438060745264753,-0.003343693070492848
-1.2404116045757907,1.3438060745264753,0.007726490943784603
-1.1370439708611417,1.3438060745264753,0.019951503489523962
-1.0336763371464925,1.3438060745264753,0.03138544211975926
-0.9303087034318435,1.3438060745264753,0.04047047160380712
-0.8269410697171936,1.3438060745264753,0.0463465842991068
-0.7235734360025445,1.3438060745264753,0.0489405464774646
-0.6202058022878953,1.3438060745264753,0.04883035992331333
-0.5168381685732463,1.3438060745264753,0.04695174639387272
-0.4134705348585972,1.3438060745264753,0.04425771366650556
-0.31010290114394806,1.3438060745264753,0.04144720723815458
-0.2067352674292982,1.3438060745264753,0.03884404283829974
-0.1033676337146491,1.3438060745264753,0.03644631690552267
0.,1.3438060745264753,0.034101720981172166
0.1033676337146491,1.3438060745264753,0.03171898280265613
0.2067352674292982,1.3438060745264753,0.029416055076063177
0.31010290114394734,1.3438060745264753,0.027534733225608142
0.4134705348585964,1.3438060745264753,0.026508094528289578
0.5168381685732455,1.3438060745264753,0.02663031001175077
0.6202058022878947,1.3438060745264753,0.02782412778594616
0.7235734360025438,1.3438060745264753,0.02951171647705155
0.8269410697171944,1.3438060745264753,0.03066415342693398
0.9303087034318435,1.3438060745264753,0.03004298024591379
1.0336763371464925,1.3438060745264753,0.026575099100699107
1.1370439708611417,1.3438060745264753,0.019745651754974353
1.2404116045757907,1.3438060745264753,0.009873828069097246
1.3437792382904399,1.3438060745264753,-0.0018368979978477008
1.447146872005089,1.3438060745264753,-0.01351630487665408
1.550514505719738,1.3438060745264753,-0.02306948493592112
1.6538821394343872,1.3438060745264753,-0.028723679160506447
1.7572497731490362,1.3438060745264753,-0.029518764701620615
1.8606174068636854,1.3438060745264753,-0.025589369652253807
1.9639850405783346,1.3438060745264753,-0.01814511515069918
2.0673526742929837,1.3438060745264753,-0.009145970801036326
2.1707203080076343,1.3438060745264753,-0.0007636954034231469
2.2740879417222835,1.3438060745264753,0.005212401188802629
2.3774555754369326,1.3438060745264753,0.007848629423270272
2.4808232091515814,1.3438060745264753,0.007279010478137972
2.5841908428662306,1.3438060745264753,0.004596910617522495
2.6875584765808798,1.3438060745264753,0.001465827305782922
2.790926110295529,1.3438060745264753,-0.00042523830938394244
2.894293744010178,1.3438060745264753,0.00010910046991885793
2.997661377724827,1.3438060745264753,0.0033990393373192966
3.101029011439476,1.3438060745264753,0.008847890956277592
3.2043966451541253,1.3438060745264753,0.015152014762655366
3.3077642788687744,1.3438060745264753,0.02073212156356504
3.411131912583425,1.3438060745264753,0.024231803969843795
3.514499546298074,1.3438060745264753,0.024923130084027013
3.6178671800127233,1.3438060745264753,0.02289489235499085
3.7212348137273725,1.3438060745264753,0.018973634069973825
3.8246024474420213,1.3438060745264753,0.014415622746152884
3.9279700811566705,1.3438060745264753,0.010480511134261
4.031337714871319,1.3438060745264753,0.008031375341627255
4.134705348585968,1.3438060745264753,0.007291276806779349
4.238072982300618,1.3438060745264753,0.007829755552153594
4.341440616015267,1.3438060745264753,0.008773676351117345
4.444808249729916,1.3438060745264753,0.009162281805909535
4.548175883444565,1.3438060745264753,0.00832057395980285
4.651543517159214,1.3438060745264753,0.006122453214543834
4.754911150873865,1.3438060745264753,0.003055018341364376
4.858278784588514,1.3438060745264753,0.00006370111752727698
4.961646418303163,1.3438060745264753,-0.001768733345894752
5.065014052017812,1.3438060745264753,-0.0016019822368060939
5.168381685732461,1.3438060745264753,0.0008486626894831981
5.27174931944711,1.3438060745264753,0.005168449460364976
5.3751169531617595,1.3438060745264753,0.010315981076104744
5.478484586876409,1.3438060745264753,0.014891330881405162
5.581852220591058,1.3438060745264753,0.017517988017780876
5.685219854305707,1.3438060745264753,0.017224310908705142
5.788587488020356,1.3438060745264753,0.013713541402968231
5.8919551217350055,1.3438060745264753,0.00744812789765387
5.995322755449654,1.3438060745264753,-0.00046903404827667455
6.098690389164305,1.3438060745264753,-0.008575356987108918
6.202058022878954,1.3438060745264753,-0.015407794108847725
6.305425656593603,1.3438060745264753,-0.019841906075842314
6.408793290308252,1.3438060745264753,-0.021326163055584647
-6.408793290308252,1.4471757725669734,-0.01715119265378097
-6.305425656593603,1.4471757725669734,-0.011776365006484433
-6.202058022878954,1.4471757725669734,-0.005749380755153269
-6.098690389164304,1.4471757725669734,-0.0004921752297101597
-5.995322755449655,1.4471757725669734,0.0028396721486719633
-5.8919551217350055,1.4471757725669734,0.003588122278895974
-5.788587488020356,1.4471757725669734,0.0016966043891864034
-5.685219854305708,1.4471757725669734,-0.002317938912780857
-5.581852220591058,1.4471757725669734,-0.007500570179820031
-5.478484586876409,1.4471757725669734,-0.012660829640209488
-5.3751169531617595,1.4471757725669734,-0.01659857599885801
-5.27174931944711,1.4471757725669734,-0.018316054799890548
-5.168381685732461,1.4471757725669734,-0.017189076134853657
-5.065014052017812,1.4471757725669734,-0.013078939235514654
-4.961646418303163,1.4471757725669734,-0.006372415969959519
-4.858278784588514,1.4471757725669734,0.002058769707784346
-4.754911150873865,1.4471757725669734,0.010981496110370467
-4.651543517159215,1.4471757725669734,0.018999463065535273
-4.548175883444566,1.4471757725669734,0.024801751901411432
-4.444808249729917,1.4471757725669734,0.02741996455018854
-4.341440616015267,1.4471757725669734,0.026439756116367116
-4.238072982300618,1.4471757725669734,0.02211210540881173
-4.134705348585968,1.4471757725669734,0.015325373767202194
-4.031337714871319,1.4471757725669734,0.007430052291747958
-3.9279700811566705,1.4471757725669734,-0.00005292615420585268
-3.8246024474420213,1.4471757725669734,-0.005773730218664791
-3.7212348137273725,1.4471757725669734,-0.008858219246619819
-3.6178671800127233,1.4471757725669734,-0.009092642304463544
-3.514499546298074,1.4471757725669734,-0.00693496801056438
-3.411131912583425,1.4471757725669734,-0.0033473952348868543
-3.3077642788687753,1.4471757725669734,0.0005027184630556534
-3.204396645154126,1.4471757725669734,0.003585551367970339
-3.101029011439477,1.4471757725669734,0.005292258552051442
-2.9976613777248278,1.4471757725669734,0.005573315311589959
-2.8942937440101786,1.4471757725669734,0.004890788073267565
-2.790926110295529,1.4471757725669734,0.004002720174926462
-2.6875584765808798,1.4471757725669734,0.0036524169809789833
-2.5841908428662306,1.4471757725669734,0.004267396585276809
-2.4808232091515814,1.4471757725669734,0.005771002848686499
-2.3774555754369326,1.4471757725669734,0.007573912000558248
-2.2740879417222835,1.4471757725669734,0.008754056084581716
-2.1707203080076334,1.4471757725669734,0.008370772873099883
-2.067352674292984,1.4471757725669734,0.005812918784052658
-1.9639850405783352,1.4471757725669734,0.0010667168702424123
-1.8606174068636863,1.4471757725669734,-0.005187718063447751
-1.757249773149037,1.4471757725669734,-0.011689161233713684
-1.6538821394343879,1.4471757725669734,-0.016889552753752327
-1.550514505719738,1.4471757725669734,-0.019344868699968546
-1.447146872005089,1.4471757725669734,-0.018087855002219884
-1.3437792382904399,1.4471757725669734,-0.012874724197378583
-1.2404116045757907,1.4471757725669734,-0.004238618603762785
-1.1370439708611417,1.4471757725669734,0.006656758811212758
-1.0336763371464925,1.4471757725669734,0.018309756657232976
-0.9303087034318435,1.4471757725669734,0.029225922229763526
-0.8269410697171936,1.4471757725669734,0.03821425819574133
-0.7235734360025445,1.4471757725669734,0.04455878085755723
-0.6202058022878953,1.4471757725669734,0.048037993117912355
-0.5168381685732463,1.4471757725669734,0.048818063109207686
-0.4134705348585972,1.4471757725669734,0.047284413034284954
-0.31010290114394806,1.4471757725669734,0.0438878857381637
-0.2067352674292982,1.4471757725669734,0.03906296529427027
-0.1033676337146491,1.4471757725669734,0.03323528778373684
0.,1.4471757725669734,0.026890507374946256
0.1033676337146491,1.4471757725669734,0.020644870356686853
0.2067352674292982,1.4471757725669734,0.015252820924134948
0.31010290114394734,1.4471757725669734,0.01151157187985739
0.4134705348585964,1.4471757725669734,0.01006812949568564
0.5168381685732455,1.4471757725669734,0.011183361818387664
0.6202058022878947,1.4471757725669734,0.014540504516065679
0.7235734360025438,1.4471757725669734,0.019187143420455955
0.8269410697171944,1.4471757725669734,0.02366618281176237
0.9303087034318435,1.4471757725669734,0.02633158033815355
1.0336763371464925,1.4471757725669734,0.025778166484337162
1.1370439708611417,1.4471757725669734,0.021265180869149046
1.2404116045757907,1.4471757725669734,0.012999589477124969
1.3437792382904399,1.4471757725669734,0.002175813921418095
1.447146872005089,1.4471757725669734,-0.009263603919218695
1.550514505719738,1.4471757725669734,-0.019096777822145986
1.6538821394343872,1.4471757725669734,-0.02539596833956106
1.7572497731490362,1.4471757725669734,-0.027041326264731724
1.8606174068636854,1.4471757725669734,-0.02402089932513886
1.9639850405783346,1.4471757725669734,-0.017422496563480383
2.0673526742929837,1.4471757725669734,-0.009114412098935763
2.1707203080076343,1.4471757725669734,-0.001206962393500647
2.2740879417222835,1.4471757725669734,0.004544967023810253
2.3774555754369326,1.4471757725669734,0.0072189707204007745
2.4808232091515814,1.4471757725669734,0.0069391360477752
2.5841908428662306,1.4471757725669734,0.004766075866468499
2.6875584765808798,1.4471757725669734,0.0023030066298517
2.790926110295529,1.4471757725669734,0.0011460755801596084
2.894293744010178,1.4471757725669734,0.0023544136163831855
2.997661377724827,1.4471757725669734,0.006106754254439338
3.101029011439476,1.4471757725669734,0.011649928004150344
3.2043966451541253,1.4471757725669734,0.017550167329311948
3.3077642788687744,1.4471757725669734,0.022161478599485324
3.411131912583425,1.4471757725669734,0.02415741409862999
3.514499546298074,1.4471757725669734,0.0229548975231258
3.6178671800127233,1.4471757725669734,0.01889633387245674
3.7212348137273725,1.4471757725669734,0.013136143323275222
3.8246024474420213,1.4471757725669734,0.007273645950274725
3.9279700811566705,1.4471757725669734,0.002854694472712445
4.031337714871319,1.4471757725669734,0.0009038885908411457
4.134705348585968,1.4471757725669734,0.0016356527811466448
4.238072982300618,1.4471757725669734,0.004431382824427242
4.341440616015267,1.4471757725669734,0.008082043197159017
4.444808249729916,1.4471757725669734,0.011210051622115807
4.548175883444565,1.4471757725669734,0.012728663892066495
4.651543517159214,1.4471757725669734,0.012188669511254259
4.754911150873865,1.4471757725669734,0.009902591697659955
4.858278784588514,1.4471757725669734,0.006811466630946108
4.961646418303163,1.4471757725669734,0.004143573282008799
5.065014052017812,1.4471757725669734,0.002980756018864077
5.168381685732461,1.4471757725669734,0.003875392130637548
5.27174931944711,1.4471757725669734,0.00664191420834767
5.3751169531617595,1.4471757725669734,0.0103886097119492
5.478484586876409,1.4471757725669734,0.013777942357890937
5.581852220591058,1.4471757725669734,0.015432067757026683
5.685219854305707,1.4471757725669734,0.014356887886395296
5.788587488020356,1.4471757725669734,0.010255367787236049
5.8919551217350055,1.4471757725669734,0.0036379958033455053
5.995322755449654,1.4471757725669734,-0.004298141583962374
6.098690389164305,1.4471757725669734,-0.011981035475006662
6.202058022878954,1.4471757725669734,-0.01787214038034871
6.305425656593603,1.4471757725669734,-0.020854840501798446
6.408793290308252,1.4471757725669734,-0.020499096110871924
-6.408793290308252,1.5505454706074717,-0.014676687077582627
-6.305425656593603,1.5505454706074717,-0.008174264265706215
-6.202058022878954,1.5505454706074717,-0.0009351316839920577
-6.098690389164304,1.5505454706074717,0.005542013649746642
-5.995322755449655,1.5505454706074717,0.009956020241349426
-5.8919551217350055,1.5505454706074717,0.011477703892571037
-5.788587488020356,1.5505454706074717,0.009906940935997385
-5.685219854305708,1.5505454706074717,0.005688959326662076
-5.581852220591058,1.5505454706074717,-0.00020015566779372582
-5.478484586876409,1.5505454706074717,-0.006463439802244574
-5.3751169531617595,1.5505454706074717,-0.011740316939415013
-5.27174931944711,1.5505454706074717,-0.014862080558364061
-5.168381685732461,1.5505454706074717,-0.015064057623750536
-5.065014052017812,1.5505454706074717,-0.012124328239601417
-4.961646418303163,1.5505454706074717,-0.006410736219555143
-4.858278784588514,1.5505454706074717,0.0011709137974509633
-4.754911150873865,1.5505454706074717,0.009323311687245586
-4.651543517159215,1.5505454706074717,0.016581849663393003
-4.548175883444566,1.5505454706074717,0.021585285886149698
-4.444808249729917,1.5505454706074717,0.023347680348295763
-4.341440616015267,1.5505454706074717,0.02147746996584338
-4.238072982300618,1.5505454706074717,0.016290746741073243
-4.134705348585968,1.5505454706074717,0.00878078331409052
-4.031337714871319,1.5505454706074717,0.0004344137752670952
-3.9279700811566705,1.5505454706074717,-0.0070771451639397775
-3.8246024474420213,1.5505454706074717,-0.012269501133748273
-3.7212348137273725,1.5505454706074717,-0.014191051630451937
-3.6178671800127233,1.5505454706074717,-0.012654149064313055
-3.514499546298074,1.5505454706074717,-0.008284817615877597
-3.411131912583425,1.5505454706074717,-0.0023686616617860463
-3.3077642788687753,1.5505454706074717,0.003474822741658664
-3.204396645154126,1.5505454706074717,0.007707969914594001
-3.101029011439477,1.5505454706074717,0.009270278104905678
-2.9976613777248278,1.5505454706074717,0.007844634359740907
-2.8942937440101786,1.5505454706074717,0.003919204202214423
-2.790926110295529,1.5505454706074717,-0.0013735205211254542
-2.6875584765808798,1.5505454706074717,-0.006595246590614417
-2.5841908428662306,1.5505454706074717,-0.010420872540744067
-2.4808232091515814,1.5505454706074717,-0.012016871632913283
-2.3774555754369326,1.5505454706074717,-0.01126960562045375
-2.2740879417222835,1.5505454706074717,-0.008798234674277795
-2.1707203080076334,1.5505454706074717,-0.005750395902139457
-2.067352674292984,1.5505454706074717,-0.0034425637703019095
-1.9639850405783352,1.5505454706074717,-0.002951777440539218
-1.8606174068636863,1.5505454706074717,-0.004777976211268303
-1.757249773149037,1.5505454706074717,-0.008673332162587578
-1.6538821394343879,1.5505454706074717,-0.013684426905428308
-1.550514505719738,1.5505454706074717,-0.01839087959317873
-1.447146872005089,1.5505454706074717,-0.021269134361279782
-1.3437792382904399,1.5505454706074717,-0.021078569305512582
-1.2404116045757907,1.5505454706074717,-0.017166969282970717
-1.1370439708611417,1.5505454706074717,-0.009621670460588075
-1.0336763371464925,1.5505454706074717,0.0007596277774565513
-0.9303087034318435,1.5505454706074717,0.012654122878473475
-0.8269410697171936,1.5505454706074717,0.024493434692515966
-0.7235734360025445,1.5505454706074717,0.03476058156865033
-0.6202058022878953,1.5505454706074717,0.042236677120862966
-0.5168381685732463,1.5505454706074717,0.04615630634197082
-0.4134705348585972,1.5505454706074717,0.04626327816763662
-0.31010290114394806,1.5505454706074717,0.042785180807970266
-0.2067352674292982,1.5505454706074717,0.03635774013038022
-0.1033676337146491,1.5505454706074717,0.02792684287430973
0.,1.5505454706074717,0.01864228279653487
0.1033676337146491,1.5505454706074717,0.009741918003917464
0.2067352674292982,1.5505454706074717,0.00241707323893426
0.31010290114394734,1.5505454706074717,-0.0023452272864236466
0.4134705348585964,1.5505454706074717,-0.003931461045075265
0.5168381685732455,1.5505454706074717,-0.002250177296900339
0.6202058022878947,1.5505454706074717,0.0021862377825610023
0.7235734360025438,1.5505454706074717,0.008291402337997881
0.8269410697171944,1.5505454706074717,0.014570372161266072
0.9303087034318435,1.5505454706074717,0.019408069448943747
1.0336763371464925,1.5505454706074717,0.0214265614760591
1.1370439708611417,1.5505454706074717,0.019825087772322857
1.2404116045757907,1.5505454706074717,0.014607556237025112
1.3437792382904399,1.5505454706074717,0.006622541029961929
1.447146872005089,1.5505454706074717,-0.0026123047018571867
1.550514505719738,1.5505454706074717,-0.011268549094817502
1.6538821394343872,1.5505454706074717,-0.01765863737999072
1.7572497731490362,1.5505454706074717,-0.0206582382308653
1.8606174068636854,1.5505454706074717,-0.019978956019492882
1.9639850405783346,1.5505454706074717,-0.0162106579214886
2.0673526742929837,1.5505454706074717,-0.010618963536576535
2.1707203080076343,1.5505454706074717,-0.00475669421540078
2.2740879417222835,1.5505454706074717,-5.326816261047321e-6
2.3774555754369326,1.5505454706074717,0.002814965145304814
2.4808232091515814,1.5505454706074717,0.0036484263870286524
2.5841908428662306,1.5505454706074717,0.003159498795657043
2.6875584765808798,1.5505454706074717,0.0024583336844324435
2.790926110295529,1.5505454706074717,0.002686043261279643
2.894293744010178,1.5505454706074717,0.00459460944475189
2.997661377724827,1.5505454706074717,0.008258512915179166
3.101029011439476,1.5505454706074717,0.013013374948366007
3.2043966451541253,1.5505454706074717,0.01764423268662197
3.3077642788687744,1.5505454706074717,0.02076561100732151
3.411131912583425,1.5505454706074717,0.021273125032284092
3.514499546298074,1.5505454706074717,0.01872210816240359
3.6178671800127233,1.5505454706074717,0.013510656962195394
3.7212348137273725,1.5505454706074717,0.006805630541870279
3.8246024474420213,1.5505454706074717,0.00023102398303397127
3.9279700811566705,1.5505454706074717,-0.004587082366438775
4.031337714871319,1.5505454706074717,-0.00647991928791953
4.134705348585968,1.5505454706074717,-0.005059835625358213
4.238072982300618,1.5505454706074717,-0.0008116853837235587
4.341440616015267,1.5505454706074717,0.005072061096517843
4.444808249729916,1.5505454706074717,0.011056945692693573
4.548175883444565,1.5505454706074717,0.01571671343418146
4.651543517159214,1.5505454706074717,0.018128794436471793
4.754911150873865,1.5505454706074717,0.018096773158866552
4.858278784588514,1.5505454706074717,0.016138957013578023
4.961646418303163,1.5505454706074717,0.013257013753404361
5.065014052017812,1.5505454706074717,0.01056688418843265
5.168381685732461,1.5505454706074717,0.008914481162549438
5.27174931944711,1.5505454706074717,0.00859920837008312
5.3751169531617595,1.5505454706074717,0.009290173275401513
5.478484586876409,1.5505454706074717,0.010156405186737114
5.581852220591058,1.5505454706074717,0.010164240082593786
5.685219854305707,1.5505454706074717,0.008443778998086843
5.788587488020356,1.5505454706074717,0.004607295037188811
5.8919551217350055,1.5505454706074717,-0.001079734900523448
5.995322755449654,1.5505454706074717,-0.007726721918828296
6.098690389164305,1.5505454706074717,-0.014035504292217057
6.202058022878954,1.5505454706074717,-0.01864172023724073
6.305425656593603,1.5505454706074717,-0.020480475875745658
6.408793290308252,1.5505454706074717,-0.019073634447771323
-6.408793290308252,1.6539151686479698,-0.013349853366406214
-6.305425656593603,1.6539151686479698,-0.006403309309137727
-6.202058022878954,1.6539151686479698,0.0018004822868639579
-6.098690389164304,1.6539151686479698,0.009800749924040219
-5.995322755449655,1.6539151686479698,0.016131852030653194
-5.8919551217350055,1.6539151686479698,0.01964754456646451
-5.788587488020356,1.6539151686479698,0.01976944400225865
-5.685219854305708,1.6539151686479698,0.01660499940406831
-5.581852220591058,1.6539151686479698,0.0109146266398534
-5.478484586876409,1.6539151686479698,0.0039431092128281225
-5.3751169531617595,1.6539151686479698,-0.0028418284719736657
-5.27174931944711,1.6539151686479698,-0.008045910703753746
-5.168381685732461,1.6539151686479698,-0.010620579039893864
-5.065014052017812,1.6539151686479698,-0.01006197288768804
-4.961646418303163,1.6539151686479698,-0.006504151370583619
-4.858278784588514,1.6539151686479698,-0.0006933120526572929
-4.754911150873865,1.6539151686479698,0.006151410066514473
-4.651543517159215,1.6539151686479698,0.012567972555000523
-4.548175883444566,1.6539151686479698,0.01713513814477643
-4.444808249729917,1.6539151686479698,0.018761532454059482
-4.341440616015267,1.6539151686479698,0.016925809486056802
-4.238072982300618,1.6539151686479698,0.01181588376059417
-4.134705348585968,1.6539151686479698,0.00432806177292117
-4.031337714871319,1.6539151686479698,-0.004088851212607702
-3.9279700811566705,1.6539151686479698,-0.011726448002432211
-3.8246024474420213,1.6539151686479698,-0.016993441844675168
-3.7212348137273725,1.6539151686479698,-0.018794929357544482
-3.6178671800127233,1.6539151686479698,-0.016821391461535183
-3.514499546298074,1.6539151686479698,-0.011666262609688163
-3.411131912583425,1.6539151686479698,-0.004726367047967834
-3.3077642788687753,1.6539151686479698,0.0021077474571316846
-3.204396645154126,1.6539151686479698,0.0069074862775999
-3.101029011439477,1.6539151686479698,0.00819850298016893
-2.9976613777248278,1.6539151686479698,0.005361225275496496
-2.8942937440101786,1.6539151686479698,-0.001173261101397095
-2.790926110295529,1.6539151686479698,-0.00999621001942821
-2.6875584765808798,1.6539151686479698,-0.019057062141159153
-2.5841908428662306,1.6539151686479698,-0.026183085191549136
-2.4808232091515814,1.6539151686479698,-0.02964901376568112
-2.3774555754369326,1.6539151686479698,-0.028643344873520025
-2.2740879417222835,1.6539151686479698,-0.023500947044662122
-2.1707203080076334,1.6539151686479698,-0.01563230689521836
-2.067352674292984,1.6539151686479698,-0.007161876521027701
-1.9639850405783352,1.6539151686479698,-0.00036857385978261237
-1.8606174068636863,1.6539151686479698,0.0029226177174874147
-1.757249773149037,1.6539151686479698,0.001834147485136305
-1.6538821394343879,1.6539151686479698,-0.003318566536389781
-1.550514505719738,1.6539151686479698,-0.011094954108262677
-1.447146872005089,1.6539151686479698,-0.019290621979393848
-1.3437792382904399,1.6539151686479698,-0.025493833373355555
-1.2404116045757907,1.6539151686479698,-0.027688909417976238
-1.1370439708611417,1.6539151686479698,-0.024750309456024605
-1.0336763371464925,1.6539151686479698,-0.01670575753463102
-0.9303087034318435,1.6539151686479698,-0.004712543540287932
-0.8269410697171936,1.6539151686479698,0.009231821886775713
-0.7235734360025445,1.6539151686479698,0.02275708553879501
-0.6202058022878953,1.6539151686479698,0.03364027887249775
-0.5168381685732463,1.6539151686479698,0.040251084822897326
-0.4134705348585972,1.6539151686479698,0.04182721237021629
-0.31010290114394806,1.6539151686479698,0.03853752025670483
-0.2067352674292982,1.6539151686479698,0.0313477415244517
-0.1033676337146491,1.6539151686479698,0.021748453324742362
0.,1.6539151686479698,0.011426767830901253
0.1033676337146491,1.6539151686479698,0.001959786948453112
0.2067352674292982,1.6539151686479698,-0.005415118745237909
0.31010290114394734,1.6539151686479698,-0.009929861014858671
0.4134705348585964,1.6539151686479698,-0.011320497980125988
0.5168381685732455,1.6539151686479698,-0.009790498994799626
0.6202058022878947,1.6539151686479698,-0.0059292702982896425
0.7235734360025438,1.6539151686479698,-0.0006059436081026303
0.8269410697171944,1.6539151686479698,0.005152160868453825
0.9303087034318435,1.6539151686479698,0.01029407059606896
1.0336763371464925,1.6539151686479698,0.013889579890489672
1.1370439708611417,1.6539151686479698,0.015272083120464144
1.2404116045757907,1.6539151686479698,0.014157167733253278
1.3437792382904399,1.6539151686479698,0.010707261086428489
1.447146872005089,1.6539151686479698,0.00551570722141101
1.550514505719738,1.6539151686479698,-0.0005010083787566268
1.6538821394343872,1.6539151686479698,-0.0062897292266056596
1.7572497731490362,1.6539151686479698,-0.010886832277284424
1.8606174068636854,1.6539151686479698,-0.013627663786056033
1.9639850405783346,1.6539151686479698,-0.014281282333904426
2.0673526742929837,1.6539151686479698,-0.013070081692702308
2.1707203080076343,1.6539151686479698,-0.010566416268550738
2.2740879417222835,1.6539151686479698,-0.007496221736569359
2.3774555754369326,1.6539151686479698,-0.004510265036188503
2.4808232091515814,1.6539151686479698,-0.0019960246293101763
2.5841908428662306,1.6539151686479698,8.181288337054672e-6
2.6875584765808798,1.6539151686479698,0.0017679092743052697
2.790926110295529,1.6539151686479698,0.003691295389880743
2.894293744010178,1.6539151686479698,0.006107816579820327
2.997661377724827,1.6539151686479698,0.009066749993269844
3.101029011439476,1.6539151686479698,0.012232213693542665
3.2043966451541253,1.6539151686479698,0.01492216875949689
3.3077642788687744,1.6539151686479698,0.016291224240113
3.411131912583425,1.6539151686479698,0.015606779640159607
3.514499546298074,1.6539151686479698,0.012531874026712627
3.6178671800127233,1.6539151686479698,0.00731897915539032
3.7212348137273725,1.6539151686479698,0.0008412532762825097
3.8246024474420213,1.6539151686479698,-0.005564451401414181
3.9279700811566705,1.6539151686479698,-0.010409840672876805
4.031337714871319,1.6539151686479698,-0.012438769413361327
4.134705348585968,1.6539151686479698,-0.010971809164070275
4.238072982300618,1.6539151686479698,-0.006108723310994531
4.341440616015267,1.6539151686479698,0.0012746097805799597
4.444808249729916,1.6539151686479698,0.009738177375624114
4.548175883444565,1.6539151686479698,0.017640003620614145
4.651543517159214,1.6539151686479698,0.023545142990552877
4.754911150873865,1.6539151686479698,0.026564862713572824
4.858278784588514,1.6539151686479698,0.026531612202969974
4.961646418303163,1.6539151686479698,0.02396602888152062
5.065014052017812,1.6539151686479698,0.01985534099933576
5.168381685732461,1.6539151686479698,0.015318390742572859
5.27174931944711,1.6539151686479698,0.01126394810013779
5.3751169531617595,1.6539151686479698,0.008146789708965648
5.478484586876409,1.6539151686479698,0.005891666153139351
5.581852220591058,1.6539151686479698,0.00400029021087422
5.685219854305707,1.6539151686479698,0.001798519381920447
5.788587488020356,1.6539151686479698,-0.0012619187747471762
5.8919551217350055,1.6539151686479698,-0.005347668818780086
5.995322755449654,1.6539151686479698,-0.010117651207864568
6.098690389164305,1.6539151686479698,-0.014768076496208923
6.202058022878954,1.6539151686479698,-0.01823620653454036
6.305425656593603,1.6539151686479698,-0.01950196278054645
6.408793290308252,1.6539151686479698,-0.017897691909248982
-6.408793290308252,1.757284866688468,-0.013394291453732096
-6.305425656593603,1.757284866688468,-0.006489365584788937
-6.202058022878954,1.757284866688468,0.0023637292458645234
-6.098690389164304,1.757284866688468,0.011783078261155284
-5.995322755449655,1.757284866688468,0.02015564924198253
-5.8919551217350055,1.757284866688468,0.026009139837281193
-5.788587488020356,1.757284866688468,0.028351471422575197
-5.685219854305708,1.757284866688468,0.026891719437067287
-5.581852220591058,1.757284866688468,0.022092414750377508
-5.478484586876409,1.757284866688468,0.015049511355650691
-5.3751169531617595,1.757284866688468,0.0072388992921778045
-5.27174931944711,1.757284866688468,0.0001960943254020529
-5.168381685732461,1.757284866688468,-0.0047964668307258
-5.065014052017812,1.757284866688468,-0.006950818296187155
-4.961646418303163,1.757284866688468,-0.006102727156482758
-4.858278784588514,1.757284866688468,-0.002714843807226685
-4.754911150873865,1.757284866688468,0.0022364522323136135
-4.651543517159215,1.757284866688468,0.007463713317365035
-4.548175883444566,1.757284866688468,0.011623860292962517
-4.444808249729917,1.757284866688468,0.013584870374900759
-4.341440616015267,1.757284866688468,0.012660530016251842
-4.238072982300618,1.757284866688468,0.008771172348420602
-4.134705348585968,1.757284866688468,0.002493966667603877
-4.031337714871319,1.757284866688468,-0.0050206239802315636
-3.9279700811566705,1.757284866688468,-0.012267357289751923
-3.8246024474420213,1.757284866688468,-0.017710886163801308
-3.7212348137273725,1.757284866688468,-0.02015599530220498
-3.6178671800127233,1.757284866688468,-0.019078630199727557
-3.514499546298074,1.757284866688468,-0.014826620820273443
-3.411131912583425,1.757284866688468,-0.008617588134655383
-3.3077642788687753,1.757284866688468,-0.0023052884651990927
-3.204396645154126,1.757284866688468,0.0020537227737041394
-3.101029011439477,1.757284866688468,0.002739523177216836
-2.9976613777248278,1.757284866688468,-0.0011228682476942657
-2.8942937440101786,1.757284866688468,-0.009232599154895629
-2.790926110295529,1.757284866688468,-0.020072479982233545
-2.6875584765808798,1.757284866688468,-0.03120080414689802
-2.5841908428662306,1.757284866688468,-0.03982594725003643
-2.4808232091515814,1.757284866688468,-0.04352797517897548
-2.3774555754369326,1.757284866688468,-0.04093724853770102
-2.2740879417222835,1.757284866688468,-0.032177036008142035
-2.1707203080076334,1.757284866688468,-0.01893050017909884
-2.067352674292984,1.757284866688468,-0.004090206510644675
-1.9639850405783352,1.757284866688468,0.008935774976722285
-1.8606174068636863,1.757284866688468,0.017086470866249384
-1.757249773149037,1.757284866688468,0.018449795663410654
-1.6538821394343879,1.757284866688468,0.012783122265885566
-1.550514505719738,1.757284866688468,0.001604765996140658
-1.447146872005089,1.757284866688468,-0.012175017842487399
-1.3437792382904399,1.757284866688468,-0.02498768768438787
-1.2404116045757907,1.757284866688468,-0.03350784029184974
-1.1370439708611417,1.757284866688468,-0.03548023920664008
-1.0336763371464925,1.757284866688468,-0.03025385918696092
-0.9303087034318435,1.757284866688468,-0.018889399041707087
-0.8269410697171936,1.757284866688468,-0.003827588636428791
-0.7235734360025445,1.757284866688468,0.011773600239374732
-0.6202058022878953,1.757284866688468,0.02483918548876284
-0.5168381685732463,1.757284866688468,0.033094571063556344
-0.4134705348585972,1.757284866688468,0.03551737714667351
-0.31010290114394806,1.757284866688468,0.03242844228929156
-0.2067352674292982,1.757284866688468,0.02523542864610065
-0.1033676337146491,1.757284866688468,0.01593866466473174
0.,1.757284866688468,0.006564543219780683
0.1033676337146491,1.757284866688468,-0.0013068846333196666
0.2067352674292982,1.757284866688468,-0.006802531289233412
0.31010290114394734,1.757284866688468,-0.00976735969907997
0.4134705348585964,1.757284866688468,-0.010570799910164652
0.5168381685732455,1.757284866688468,-0.009811882008274275
0.6202058022878947,1.757284866688468,-0.008043921048690818
0.7235734360025438,1.757284866688468,-0.005613895972493838
0.8269410697171944,1.757284866688468,-0.002655480467293151
0.9303087034318435,1.757284866688468,0.0007897663105063666
1.0336763371464925,1.757284866688468,0.0045976165128623426
1.1370439708611417,1.757284866688468,0.008424276686927325
1.2404116045757907,1.757284866688468,0.0116792057700929
1.3437792382904399,1.757284866688468,0.013632256763731298
1.447146872005089,1.757284866688468,0.013623611293297517
1.550514505719738,1.757284866688468,0.011301217462191988
1.6538821394343872,1.757284866688468,0.006795287082047337
1.7572497731490362,1.757284866688468,0.0007582976535643801
1.8606174068636854,1.757284866688468,-0.0057551914218680845
1.9639850405783346,1.757284866688468,-0.01153855654548168
2.0673526742929837,1.757284866688468,-0.015536709183715766
2.1707203080076343,1.757284866688468,-0.017107750400083006
2.2740879417222835,1.757284866688468,-0.016161281036195078
2.3774555754369326,1.757284866688468,-0.013134238483894315
2.4808232091515814,1.757284866688468,-0.008820272897641788
2.5841908428662306,1.757284866688468,-0.004116979755365252
2.6875584765808798,1.757284866688468,0.0002202606116243259
2.790926110295529,1.757284866688468,0.003736787234434149
2.894293744010178,1.757284866688468,0.006304892070510421
2.997661377724827,1.757284866688468,0.008024580264877994
3.101029011439476,1.757284866688468,0.009052960909290038
3.2043966451541253,1.757284866688468,0.009442098703623
3.3077642788687744,1.757284866688468,0.009059783957548365
3.411131912583425,1.757284866688468,0.007633126306279696
3.514499546298074,1.757284866688468,0.004903876067466055
3.6178671800127233,1.757284866688468,0.000835929906277314
3.7212348137273725,1.757284866688468,-0.004211974624207965
3.8246024474420213,1.757284866688468,-0.009430659079493647
3.9279700811566705,1.757284866688468,-0.013667696610720549
4.031337714871319,1.757284866688468,-0.015686537493998304
4.134705348585968,1.757284866688468,-0.014509708876802897
4.238072982300618,1.757284866688468,-0.009741191453760073
4.341440616015267,1.757284866688468,-0.0017600910480360893
4.444808249729916,1.757284866688468,0.008288522282151588
4.548175883444565,1.757284866688468,0.01871917040246852
4.651543517159214,1.757284866688468,0.0276935080390453
4.754911150873865,1.757284866688468,0.03366247864483534
4.858278784588514,1.757284866688468,0.03573564807582842
4.961646418303163,1.757284866688468,0.03387034078388383
5.065014052017812,1.757284866688468,0.02882744924970863
5.168381685732461,1.757284866688468,0.021911979269740256
5.27174931944711,1.757284866688468,0.01458168130588469
5.3751169531617595,1.757284866688468,0.008045591875698983
5.478484586876409,1.757284866688468,0.002973877953652202
5.581852220591058,1.757284866688468,-0.000598326190027938
5.685219854305707,1.757284866688468,-0.0031543647010060295
5.788587488020356,1.757284866688468,-0.005416321847665625
5.8919551217350055,1.757284866688468,-0.008002235154238474
5.995322755449654,1.757284866688468,-0.011137566655220683
6.098690389164305,1.757284866688468,-0.014517356017236423
6.202058022878954,1.757284866688468,-0.017364268349923974
6.305425656593603,1.757284866688468,-0.018663419076122997
6.408793290308252,1.757284866688468,-0.01749823561046654
-6.408793290308252,1.8606545647289676,-0.014366578589609203
-6.305425656593603,1.8606545647289676,-0.00772383920727542
-6.202058022878954,1.8606545647289676,0.0014041447415506472
-6.098690389164304,1.8606545647289676,0.011682426898601973
-5.995322755449655,1.8606545647289676,0.02140450208784091
-5.8919551217350055,1.8606545647289676,0.028901373294978553
-5.788587488020356,1.8606545647289676,0.03293624100650792
-5.685219854305708,1.8606545647289676,0.03297747378639403
-5.581852220591058,1.8606545647289676,0.029285329028578132
-5.478484586876409,1.8606545647289676,0.022805545349522983
-5.3751169531617595,1.8606545647289676,0.014916006590475745
-5.27174931944711,1.8606545647289676,0.0071054529043020715
-5.168381685732461,1.8606545647289676,0.0006685663069058494
-5.065014052017812,1.8606545647289676,-0.003517413944336491
-4.961646418303163,1.8606545647289676,-0.005102483756693765
-4.858278784588514,1.8606545647289676,-0.0042615936097297625
-4.754911150873865,1.8606545647289676,-0.0016050008089330584
-4.651543517159215,1.8606545647289676,0.0019658127000005167
-4.548175883444566,1.8606545647289676,0.005427898360502647
-4.444808249729917,1.8606545647289676,0.00781267475231256
-4.341440616015267,1.8606545647289676,0.00837429595112768
-4.238072982300618,1.8606545647289676,0.006735434892147412
-4.134705348585968,1.8606545647289676,0.002987515292004623
-4.031337714871319,1.8606545647289676,-0.002284975573776906
-3.9279700811566705,1.8606545647289676,-0.008084664097326551
-3.8246024474420213,1.8606545647289676,-0.013197407034234812
-3.7212348137273725,1.8606545647289676,-0.016483823800879843
-3.6178671800127233,1.8606545647289676,-0.017207360589375418
-3.514499546298074,1.8606545647289676,-0.015309600577010042
-3.411131912583425,1.8606545647289676,-0.011536174768434012
-3.3077642788687753,1.8606545647289676,-0.007341768085834679
-3.204396645154126,1.8606545647289676,-0.004559087931247691
-3.101029011439477,1.8606545647289676,-0.004890695470178164
-2.9976613777248278,1.8606545647289676,-0.00935144993521424
-2.8942937440101786,1.8606545647289676,-0.017827925663660895
-2.790926110295529,1.8606545647289676,-0.028911140437637692
-2.6875584765808798,1.8606545647289676,-0.04009615243022406
-2.5841908428662306,1.8606545647289676,-0.04834003309613203
-2.4808232091515814,1.8606545647289676,-0.05085697787744217
-2.3774555754369326,1.8606545647289676,-0.04594141183277004
-2.2740879417222835,1.8606545647289676,-0.033578030926526725
-2.1707203080076334,1.8606545647289676,-0.015637649752872143
-2.067352674292984,1.8606545647289676,0.004436572522908728
-1.9639850405783352,1.8606545647289676,0.02240427955891934
-1.8606174068636863,1.8606545647289676,0.03427657188374645
-1.757249773149037,1.8606545647289676,0.037358316027533416
-1.6538821394343879,1.8606545647289676,0.03099104787966932
-1.550514505719738,1.8606545647289676,0.0167770167779207
-1.447146872005089,1.8606545647289676,-0.001793390209778526
-1.3437792382904399,1.8606545647289676,-0.020219485391447616
-1.2404116045757907,1.8606545647289676,-0.03413596106633011
-1.1370439708611417,1.8606545647289676,-0.04041065105856711
-1.0336763371464925,1.8606545647289676,-0.03789259110040403
-0.9303087034318435,1.8606545647289676,-0.02761135110380573
-0.8269410697171936,1.8606545647289676,-0.012389173121280244
-0.7235734360025445,1.8606545647289676,0.0040030613254488515
-0.6202058022878953,1.8606545647289676,0.017888063474286026
-0.5168381685732463,1.8606545647289676,0.026618048358856766
-0.4134705348585972,1.8606545647289676,0.029146023474223647
-0.31010290114394806,1.8606545647289676,0.02609636094085949
-0.2067352674292982,1.8606545647289676,0.019356528599294598
-0.1033676337146491,1.8606545647289676,0.011355117817487013
0.,1.8606545647289676,0.004275488293088339
0.1033676337146491,1.8606545647289676,-0.0005446967284636196
0.2067352674292982,1.8606545647289676,-0.002856659674347216
0.31010290114394734,1.8606545647289676,-0.0033446499829455374
0.4134705348585964,1.8606545647289676,-0.003164960741027629
0.5168381685732455,1.8606545647289676,-0.003370453132574676
0.6202058022878947,1.8606545647289676,-0.0044383576184306335
0.7235734360025438,1.8606545647289676,-0.006070348294436977
0.8269410697171944,1.8606545647289676,-0.007328584829904181
0.9303087034318435,1.8606545647289676,-0.0070475027510278785
1.0336763371464925,1.8606545647289676,-0.004361814775359669
1.1370439708611417,1.8606545647289676,0.0008497923770516757
1.2404116045757907,1.8606545647289676,0.007775389692598954
1.3437792382904399,1.8606545647289676,0.014815022519500598
1.447146872005089,1.8606545647289676,0.02002268237503427
1.550514505719738,1.8606545647289676,0.021702751855559678
1.6538821394343872,1.8606545647289676,0.01896314134333472
1.7572497731490362,1.8606545647289676,0.012039441476627331
1.8606174068636854,1.8606545647289676,0.002279367732401507
1.9639850405783346,1.8606545647289676,-0.008211487945208224
2.0673526742929837,1.8606545647289676,-0.01715119321034398
2.1707203080076343,1.8606545647289676,-0.022706880410575534
2.2740879417222835,1.8606545647289676,-0.023970328900631367
2.3774555754369326,1.8606545647289676,-0.02114353694246681
2.4808232091515814,1.8606545647289676,-0.015391852839403579
2.5841908428662306,1.8606545647289676,-0.008430288672968238
2.6875584765808798,1.8606545647289676,-0.0019905070809750243
2.790926110295529,1.8606545647289676,0.00265485413277717
2.894293744010178,1.8606545647289676,0.004965108449274847
2.997661377724827,1.8606545647289676,0.005134797851921398
3.101029011439476,1.8606545647289676,0.0038572303220374532
3.2043966451541253,1.8606545647289676,0.0019590025580886695
3.3077642788687744,1.8606545647289676,0.00005347946580380944
3.411131912583425,1.8606545647289676,-0.0016565367403507144
3.514499546298074,1.8606545647289676,-0.0033611055811780515
3.6178671800127233,1.8606545647289676,-0.0054309284489564335
3.7212348137273725,1.8606545647289676,-0.00810747153104381
3.8246024474420213,1.8606545647289676,-0.011230852639926523
3.9279700811566705,1.8606545647289676,-0.014127901373020321
4.031337714871319,1.8606545647289676,-0.015723171673153978
4.134705348585968,1.8606545647289676,-0.01485118132076785
4.238072982300618,1.8606545647289676,-0.010669455293056117
4.341440616015267,1.8606545647289676,-0.0030277322521544397
4.444808249729916,1.8606545647289676,0.00734454085440669
4.548175883444565,1.8606545647289676,0.01891403893993493
4.651543517159214,1.8606545647289676,0.02967752292631174
4.754911150873865,1.8606545647289676,0.03766119160627722
4.858278784588514,1.8606545647289676,0.041434607776681065
4.961646418303163,1.8606545647289676,0.04048000676365468
5.065014052017812,1.8606545647289676,0.035302311150755376
5.168381685732461,1.8606545647289676,0.027247753693489602
5.27174931944711,1.8606545647289676,0.018091954973988886
5.3751169531617595,1.8606545647289676,0.009530589601435309
5.478484586876409,1.8606545647289676,0.0027336220926522377
5.581852220591058,1.8606545647289676,-0.0019010795680302651
5.685219854305707,1.8606545647289676,-0.004727848783498996
5.788587488020356,1.8606545647289676,-0.006589060711275968
5.8919551217350055,1.8606545647289676,-0.008407791026401112
5.995322755449654,1.8606545647289676,-0.010781725343256913
6.098690389164305,1.8606545647289676,-0.013717101168605679
6.202058022878954,1.8606545647289676,-0.016590201698192305
6.305425656593603,1.8606545647289676,-0.018345458019830754
6.408793290308252,1.8606545647289676,-0.017860335932140474
-6.408793290308252,1.9640242627694657,-0.015305610931959054
-6.305425656593603,1.9640242627694657,-0.008919386808303084
-6.202058022878954,1.9640242627694657,0.00006940783220579121
-6.098690389164304,1.9640242627694657,0.010295163274707432
-5.995322755449655,1.9640242627694657,0.02003601041495025
-5.8919551217350055,1.9640242627694657,0.027645087538615682
-5.788587488020356,1.9640242627694657,0.03194490102482844
-5.685219854305708,1.9640242627694657,0.032472397100059135
-5.581852220591058,1.9640242627694657,0.02951820129205288
-5.478484586876409,1.9640242627694657,0.02397238006299882
-5.3751169531617595,1.9640242627694657,0.017046495391656324
-5.27174931944711,1.9640242627694657,0.00996920583953715
-5.168381685732461,1.9640242627694657,0.003744065210595305
-5.065014052017812,1.9640242627694657,-0.0009790436470321062
-4.961646418303163,1.9640242627694657,-0.003915948857327058
-4.858278784588514,1.9640242627694657,-0.005080904934049419
-4.754911150873865,1.9640242627694657,-0.004694371957711223
-4.651543517159215,1.9640242627694657,-0.00311075929374333
-4.548175883444566,1.9640242627694657,-0.0007826413656799877
-4.444808249729917,1.9640242627694657,0.0017538898683368926
-4.341440616015267,1.9640242627694657,0.003907132454844443
-4.238072982300618,1.9640242627694657,0.0051017490568715145
-4.134705348585968,1.9640242627694657,0.004900303324706574
-4.031337714871319,1.9640242627694657,0.0031444191674104565
-3.9279700811566705,1.9640242627694657,0.00005760895558357751
-3.8246024474420213,1.9640242627694657,-0.003752832648495338
-3.7212348137273725,1.9640242627694657,-0.007431717967872713
-3.6178671800127233,1.9640242627694657,-0.010136255350675381
-3.514499546298074,1.9640242627694657,-0.011350446029421847
-3.411131912583425,1.9640242627694657,-0.011143227677250716
-3.3077642788687753,1.9640242627694657,-0.010256876848298232
-3.204396645154126,1.9640242627694657,-0.009954007927748535
-3.101029011439477,1.9640242627694657,-0.011629445566057321
-2.9976613777248278,1.9640242627694657,-0.016282991844081062
-2.8942937440101786,1.9640242627694657,-0.024018396725056998
-2.790926110295529,1.9640242627694657,-0.033753784820161815
-2.6875584765808798,1.9640242627694657,-0.04328508110763996
-2.5841908428662306,1.9640242627694657,-0.04974375484366714
-2.4808232091515814,1.9640242627694657,-0.05036172520730304
-2.3774555754369326,1.9640242627694657,-0.04334091169145991
-2.2740879417222835,1.9640242627694657,-0.028563743931959155
-2.1707203080076334,1.9640242627694657,-0.007900358428755262
-2.067352674292984,1.9640242627694657,0.01503046803256794
-1.9639850405783352,1.9640242627694657,0.035632531331332574
-1.8606174068636863,1.9640242627694657,0.04945542654638691
-1.757249773149037,1.9640242627694657,0.05336777170963652
-1.6538821394343879,1.9640242627694657,0.0464426978331694
-1.550514505719738,1.9640242627694657,0.03028476052911077
-1.447146872005089,1.9640242627694657,0.008681019908193087
-1.3437792382904399,1.9640242627694657,-0.01334516190027789
-1.2404116045757907,1.9640242627694657,-0.030820781658413694
-1.1370439708611417,1.9640242627694657,-0.040088864378461916
-1.0336763371464925,1.9640242627694657,-0.039694941171929586
-0.9303087034318435,1.9640242627694657,-0.03064799595346775
-0.8269410697171936,1.9640242627694657,-0.015996336641934915
-0.7235734360025445,1.9640242627694657,0.00013720620333367126
-0.6202058022878953,1.9640242627694657,0.01375881591669739
-0.5168381685732463,1.9640242627694657,0.022081820807758095
-0.4134705348585972,1.9640242627694657,0.024166854102402963
-0.31010290114394806,1.9640242627694657,0.020958839872499534
-0.2067352674292982,1.9640242627694657,0.014750248257686492
-0.1033676337146491,1.9640242627694657,0.008278879647793757
0.,1.9640242627694657,0.0037743572717507954
0.1033676337146491,1.9640242627694657,0.0022680869550642047
0.2067352674292982,1.9640242627694657,0.0033792146578494834
0.31010290114394734,1.9640242627694657,0.005620315939761955
0.4134705348585964,1.9640242627694657,0.00708871747876258
0.5168381685732455,1.9640242627694657,0.006281942799589015
0.6202058022878947,1.9640242627694657,0.0027403881376537992
0.7235734360025438,1.9640242627694657,-0.0027129301777273187
0.8269410697171944,1.9640242627694657,-0.008221204398070189
0.9303087034318435,1.9640242627694657,-0.011544775654622487
1.0336763371464925,1.9640242627694657,-0.010886828213549915
1.1370439708611417,1.9640242627694657,-0.005604378306399919
1.2404116045757907,1.9640242627694657,0.0034477710090579997
1.3437792382904399,1.9640242627694657,0.01406933943897549
1.447146872005089,1.9640242627694657,0.02332543356941564
1.550514505719738,1.9640242627694657,0.028423952171768786
1.6538821394343872,1.9640242627694657,0.02757752597966291
1.7572497731490362,1.9640242627694657,0.020571868035346545
1.8606174068636854,1.9640242627694657,0.008857995938082631
1.9639850405783346,1.9640242627694657,-0.004859662841471344
2.0673526742929837,1.9640242627694657,-0.01740562828123048
2.1707203080076343,1.9640242627694657,-0.026037129286727384
2.2740879417222835,1.9640242627694657,-0.029187986417089976
2.3774555754369326,1.9640242627694657,-0.026830829691877726
2.4808232091515814,1.9640242627694657,-0.020365005140709765
2.5841908428662306,1.9640242627694657,-0.012091732866178598
2.6875584765808798,1.9640242627694657,-0.00446579493482781
2.790926110295529,1.9640242627694657,0.0006268175134745504
2.894293744010178,1.9640242627694657,0.0023403737579601887
2.997661377724827,1.9640242627694657,0.0009623283002519344
3.101029011439476,1.9640242627694657,-0.0023658693712873494
3.2043966451541253,1.9640242627694657,-0.006169704361118289
3.3077642788687744,1.9640242627694657,-0.009201731922693175
3.411131912583425,1.9640242627694657,-0.010840266688864847
3.514499546298074,1.9640242627694657,-0.01119776238283243
3.6178671800127233,1.9640242627694657,-0.010923510523406132
3.7212348137273725,1.9640242627694657,-0.010798762426252198
3.8246024474420213,1.9640242627694657,-0.011295557297875222
3.9279700811566705,1.9640242627694657,-0.01227861892837954
4.031337714871319,1.9640242627694657,-0.012971618484449514
4.134705348585968,1.9640242627694657,-0.01220736347899373
4.238072982300618,1.9640242627694657,-0.008873580980776596
4.341440616015267,1.9640242627694657,-0.002390914327943653
4.444808249729916,1.9640242627694657,0.006955779267543941
4.548175883444565,1.9640242627694657,0.01796261146437667
4.651543517159214,1.9640242627694657,0.028762160859158597
4.754911150873865,1.9640242627694657,0.03731456582068845
4.858278784588514,1.9640242627694657,0.041976621688768395
4.961646418303163,1.9640242627694657,0.04196299218562299
5.065014052017812,1.9640242627694657,0.037549406140193684
5.168381685732461,1.9640242627694657,0.029954595243802788
5.27174931944711,1.9640242627694657,0.020945220679937825
5.3751169531617595,1.9640242627694657,0.012298940049123061
5.478484586876409,1.9640242627694657,0.005304233406379544
5.581852220591058,1.9640242627694657,0.00045771241064168996
5.685219854305707,1.9640242627694657,-0.002552144077924397
5.788587488020356,1.9640242627694657,-0.004585718177839256
5.8919551217350055,1.9640242627694657,-0.0066213795810365845
5.995322755449654,1.9640242627694657,-0.009311599732320097
6.098690389164305,1.9640242627694657,-0.012683366887776293
6.202058022878954,1.9640242627694657,-0.01608518578761778
6.305425656593603,1.9640242627694657,-0.018394718932170998
6.408793290308252,1.9640242627694657,-0.018410968296084917
-6.408793290308252,2.067393960809964,-0.015074324704305258
-6.305425656593603,2.067393960809964,-0.008834271528999684
-6.202058022878954,2.067393960809964,-0.00040860977053615755
-6.098690389164304,2.067393960809964,0.00872740897008036
-5.995322755449655,2.067393960809964,0.01691927448441452
-5.8919551217350055,2.067393960809964,0.022771026187759703
-5.788587488020356,2.067393960809964,0.0254860278828535
-5.685219854305708,2.067393960809964,0.025008545383838603
-5.581852220591058,2.067393960809964,0.021937432351023252
-5.478484586876409,2.067393960809964,0.01726253955670825
-5.3751169531617595,2.067393960809964,0.012030790268763115
-5.27174931944711,2.067393960809964,0.007062931881209046
-5.168381685732461,2.067393960809964,0.0028108743224736646
-5.065014052017812,2.067393960809964,-0.0006166910653945656
-4.961646418303163,2.067393960809964,-0.0033007876860374993
-4.858278784588514,2.067393960809964,-0.005318538106814571
-4.754911150873865,2.067393960809964,-0.006606144103176106
-4.651543517159215,2.067393960809964,-0.006943450707673054
-4.548175883444566,2.067393960809964,-0.006066666269734221
-4.444808249729917,2.067393960809964,-0.0038552106093893467
-4.341440616015267,2.067393960809964,-0.0005012440583091802
-4.238072982300618,2.067393960809964,0.0034276821110119818
-4.134705348585968,2.067393960809964,0.0070809036986213296
-4.031337714871319,2.067393960809964,0.009554727332803504
-3.9279700811566705,2.067393960809964,0.01018065176155104
-3.8246024474420213,2.067393960809964,0.008758568734578219
-3.7212348137273725,2.067393960809964,0.005633318361924851
-3.6178671800127233,2.067393960809964,0.0015681279868303517
-3.514499546298074,2.067393960809964,-0.0025519247202921884
-3.411131912583425,2.067393960809964,-0.006079599548969405
-3.3077642788687753,2.067393960809964,-0.008884086754112959
-3.204396645154126,2.067393960809964,-0.011421487955321398
-3.101029011439477,2.067393960809964,-0.014540465783087878
-2.9976613777248278,2.067393960809964,-0.01906729787022681
-2.8942937440101786,2.067393960809964,-0.025309941480703656
-2.790926110295529,2.067393960809964,-0.03267313658732365
-2.6875584765808798,2.067393960809964,-0.0395615466802253
-2.5841908428662306,2.067393960809964,-0.04366398122937802
-2.4808232091515814,2.067393960809964,-0.04258276593340881
-2.3774555754369326,2.067393960809964,-0.034640837840907865
-2.2740879417222835,2.067393960809964,-0.01961227540829088
-2.1707203080076334,2.067393960809964,0.000885085541909769
-2.067352674292984,2.067393960809964,0.02351367725678996
-1.9639850405783352,2.067393960809964,0.04388396071714069
-1.8606174068636863,2.067393960809964,0.05761839023986238
-1.757249773149037,2.067393960809964,0.06152347968957321
-1.6538821394343879,2.067393960809964,0.054524511444356286
-1.550514505719738,2.067393960809964,0.038067408930294
-1.447146872005089,2.067393960809964,0.0158392873371833
-1.3437792382904399,2.067393960809964,-0.007139674533687784
-1.2404116045757907,2.067393960809964,-0.02580760969589416
-1.1370439708611417,2.067393960809964,-0.03636775161651442
-1.0336763371464925,2.067393960809964,-0.03723187376355446
-0.9303087034318435,2.067393960809964,-0.029328164594839085
-0.8269410697171936,2.067393960809964,-0.0156934483415525
-0.7235734360025445,2.067393960809964,-0.0004872852273675472
-0.6202058022878953,2.067393960809964,0.012260428149191926
-0.5168381685732463,2.067393960809964,0.01978168039847943
-0.4134705348585972,2.067393960809964,0.02124334661764483
-0.31010290114394806,2.067393960809964,0.01777614856610176
-0.2067352674292982,2.067393960809964,0.011884844859900242
-0.1033676337146491,2.067393960809964,0.006462200360410856
0.,2.067393960809964,0.003749729593535717
0.1033676337146491,2.067393960809964,0.004593572431582325
0.2067352674292982,2.067393960809964,0.008234185882000108
0.31010290114394734,2.067393960809964,0.012681923161485137
0.4134705348585964,2.067393960809964,0.015530260317205311
0.5168381685732455,2.067393960809964,0.01491155749563341
0.6202058022878947,2.067393960809964,0.010255402620872928
0.7235734360025438,2.067393960809964,0.0025807328278326536
0.8269410697171944,2.067393960809964,-0.005785024396291759
0.9303087034318435,2.067393960809964,-0.011969011258556064
1.0336763371464925,2.067393960809964,-0.013541292650727897
1.1370439708611417,2.067393960809964,-0.00939271623857263
1.2404116045757907,2.067393960809964,-0.0002010026542661457
1.3437792382904399,2.067393960809964,0.011680410602244472
1.447146872005089,2.067393960809964,0.0228850904079115
1.550514505719738,2.067393960809964,0.030039770567896494
1.6538821394343872,2.067393960809964,0.030792690444607515
1.7572497731490362,2.067393960809964,0.024535897672311225
1.8606174068636854,2.067393960809964,0.01259373207096926
1.9639850405783346,2.067393960809964,-0.002176916340071631
2.0673526742929837,2.067393960809964,-0.01624068293639908
2.1707203080076343,2.067393960809964,-0.026416927406544666
2.2740879417222835,2.067393960809964,-0.030767638318038217
2.3774555754369326,2.067393960809964,-0.02907223655995065
2.4808232091515814,2.067393960809964,-0.022762359528770093
2.5841908428662306,2.067393960809964,-0.01436614180822744
2.6875584765808798,2.067393960809964,-0.006664529944201828
2.790926110295529,2.067393960809964,-0.0018425508018169031
2.894293744010178,2.067393960809964,-0.0009028326929472819
2.997661377724827,2.067393960809964,-0.0035065244868358416
3.101029011439476,2.067393960809964,-0.008256052275748669
3.2043966451541253,2.067393960809964,-0.01328757093778767
3.3077642788687744,2.067393960809964,-0.016947525270017954
3.411131912583425,2.067393960809964,-0.01831629378359612
3.514499546298074,2.067393960809964,-0.017412095729952285
3.6178671800127233,2.067393960809964,-0.015031887543478223
3.7212348137273725,2.067393960809964,-0.012317408211475844
3.8246024474420213,2.067393960809964,-0.010227623689221664
3.9279700811566705,2.067393960809964,-0.009122631335086003
4.031337714871319,2.067393960809964,-0.008613195601613574
4.134705348585968,2.067393960809964,-0.007725584985541146
4.238072982300618,2.067393960809964,-0.005312558342751472
4.341440616015267,2.067393960809964,-0.0005512632486052371
4.444808249729916,2.067393960809964,0.006661045951444697
4.548175883444565,2.067393960809964,0.015563070379948446
4.651543517159214,2.067393960809964,0.02469394095773368
4.754911150873865,2.067393960809964,0.0323108540078868
4.858278784588514,2.067393960809964,0.03691431060884255
4.961646418303163,2.067393960809964,0.03769853979470567
5.065014052017812,2.067393960809964,0.034773369492857836
5.168381685732461,2.067393960809964,0.029086510030130353
5.27174931944711,2.067393960809964,0.02208139845976298
5.3751169531617595,2.067393960809964,0.015217164030518184
5.478484586876409,2.067393960809964,0.009521735558467602
5.581852220591058,2.067393960809964,0.005331852365835181
5.685219854305707,2.067393960809964,0.0023023044627010856
5.788587488020356,2.067393960809964,-0.00033218873273703774
5.8919551217350055,2.067393960809964,-0.0033495221668833953
5.995322755449654,2.067393960809964,-0.007144115611119123
6.098690389164305,2.067393960809964,-0.011491473539470293
6.202058022878954,2.067393960809964,-0.015561438032779661
6.305425656593603,2.067393960809964,-0.01817639544532046
6.408793290308252,2.067393960809964,-0.018221831408587973
-6.408793290308252,2.170763658850462,-0.012780498640703316
-6.305425656593603,2.170763658850462,-0.006624706420930445
-6.202058022878954,2.170763658850462,0.0008401969025671137
-6.098690389164304,2.170763658850462,0.007995888941490623
-5.995322755449655,2.170763658850462,0.013324524298619366
-5.8919551217350055,2.170763658850462,0.015839386202595666
-5.788587488020356,2.170763658850462,0.015340726884818471
-5.685219854305708,2.170763658850462,0.012413764068704685
-5.581852220591058,2.170763658850462,0.0081767448444378
-5.478484586876409,2.170763658850462,0.0038744935560932094
-5.3751169531617595,2.170763658850462,0.0004652661892840584
-5.27174931944711,2.170763658850462,-0.0016528212840245617
-5.168381685732461,2.170763658850462,-0.00268418309242877
-5.065014052017812,2.170763658850462,-0.003242836089411763
-4.961646418303163,2.170763658850462,-0.004007973686556976
-4.858278784588514,2.170763658850462,-0.005367789078376258
-4.754911150873865,2.170763658850462,-0.007194472026350596
-4.651543517159215,2.170763658850462,-0.00884248843648125
-4.548175883444566,2.170763658850462,-0.00937625993597877
-4.444808249729917,2.170763658850462,-0.007944233121053811
-4.341440616015267,2.170763658850462,-0.0041575589121457075
-4.238072982300618,2.170763658850462,0.0016742945640097168
-4.134705348585968,2.170763658850462,0.008548673558763072
-4.031337714871319,2.170763658850462,0.015025262523346608
-3.9279700811566705,2.170763658850462,0.019648003573046666
-3.8246024474420213,2.170763658850462,0.02138528378037645
-3.7212348137273725,2.170763658850462,0.01993041411272734
-3.6178671800127233,2.170763658850462,0.015753791766533257
-3.514499546298074,2.170763658850462,0.009889511109483993
-3.411131912583425,2.170763658850462,0.0035390889950476256
-3.3077642788687753,2.170763658850462,-0.0023542648226511087
-3.204396645154126,2.170763658850462,-0.007393638042305093
-3.101029011439477,2.170763658850462,-0.011762017497469785
-2.9976613777248278,2.170763658850462,-0.015982978302566866
-2.8942937440101786,2.170763658850462,-0.020500206856318207
-2.790926110295529,2.170763658850462,-0.025248329411335542
-2.6875584765808798,2.170763658850462,-0.029406013929315755
-2.5841908428662306,2.170763658850462,-0.03146747201688347
-2.4808232091515814,2.170763658850462,-0.029655967238643388
-2.3774555754369326,2.170763658850462,-0.022570785225936286
-2.2740879417222835,2.170763658850462,-0.009855050126050435
-2.1707203080076334,2.170763658850462,0.0073636757723011415
-2.067352674292984,2.170763658850462,0.0264565621843014
-1.9639850405783352,2.170763658850462,0.0437702048050627
-1.8606174068636863,2.170763658850462,0.05550365970824098
-1.757249773149037,2.170763658850462,0.05874782610710582
-1.6538821394343879,2.170763658850462,0.052373658125945445
-1.550514505719738,2.170763658850462,0.037479548865254175
-1.447146872005089,2.170763658850462,0.017229190483063647
-1.3437792382904399,2.170763658850462,-0.0039060292196084127
-1.2404116045757907,2.170763658850462,-0.021299083912084762
-1.1370439708611417,2.170763658850462,-0.03138288408879788
-1.0336763371464925,2.170763658850462,-0.03256986507175126
-0.9303087034318435,2.170763658850462,-0.025600963933504476
-0.8269410697171936,2.170763658850462,-0.013222702046542783
-0.7235734360025445,2.170763658850462,0.0007016742052797605
-0.6202058022878953,2.170763658850462,0.01236645227994088
-0.5168381685732463,2.170763658850462,0.019117251738924756
-0.4134705348585972,2.170763658850462,0.02013028692020547
-0.31010290114394806,2.170763658850462,0.01648147466373224
-0.2067352674292982,2.170763658850462,0.010609422033185444
-0.1033676337146491,2.170763658850462,0.005371613860113933
0.,2.170763658850462,0.00302009121230602
0.1033676337146491,2.170763658850462,0.004440485895436268
0.2067352674292982,2.170763658850462,0.008901849939468945
0.31010290114394734,2.170763658850462,0.014387586544328387
0.4134705348585964,2.170763658850462,0.018379871535346044
0.5168381685732455,2.170763658850462,0.018817643642710855
0.6202058022878947,2.170763658850462,0.01489214796233443
0.7235734360025438,2.170763658850462,0.007402111797386843
0.8269410697171944,2.170763658850462,-0.0014575610684624115
0.9303087034318435,2.170763658850462,-0.008805959802841863
1.0336763371464925,2.170763658850462,-0.012047409479326058
1.1370439708611417,2.170763658850462,-0.009776476066944647
1.2404116045757907,2.170763658850462,-0.0023101530718413524
1.3437792382904399,2.170763658850462,0.008335952772611113
1.447146872005089,2.170763658850462,0.019026442005335965
1.550514505719738,2.170763658850462,0.02645581026222044
1.6538821394343872,2.170763658850462,0.028163587288679466
1.7572497731490362,2.170763658850462,0.023289630760533427
1.8606174068636854,2.170763658850462,0.01283110928276693
1.9639850405783346,2.170763658850462,-0.0006739121704714487
2.0673526742929837,2.170763658850462,-0.01392644280476708
2.1707203080076343,2.170763658850462,-0.023854837251619795
2.2740879417222835,2.170763658850462,-0.028496897176439308
2.3774555754369326,2.170763658850462,-0.02750540914133701
2.4808232091515814,2.170763658850462,-0.022136626376523656
2.5841908428662306,2.170763658850462,-0.014751631717847732
2.6875584765808798,2.170763658850462,-0.008014228561020798
2.790926110295529,2.170763658850462,-0.004056254177800034
2.894293744010178,2.170763658850462,-0.003876127236324926
2.997661377724827,2.170763658850462,-0.0071448666417556995
3.101029011439476,2.170763658850462,-0.012450182844026287
3.2043966451541253,2.170763658850462,-0.017863897445587848
3.3077642788687744,2.170763658850462,-0.021619540249486514
3.411131912583425,2.170763658850462,-0.022666039905093343
3.514499546298074,2.170763658850462,-0.02092276435901032
3.6178671800127233,2.170763658850462,-0.017176078160029154
3.7212348137273725,2.170763658850462,-0.01268553412167583
3.8246024474420213,2.170763658850462,-0.00866389171414497
3.9279700811566705,2.170763658850462,-0.00582772068378821
4.031337714871319,2.170763658850462,-0.004176488729972338
4.134705348585968,2.170763658850462,-0.0030652903399004824
4.238072982300618,2.170763658850462,-0.0015255001504617398
4.341440616015267,2.170763658850462,0.0013008109547206685
4.444808249729916,2.170763658850462,0.005782108801522927
4.548175883444565,2.170763658850462,0.011615373301888596
4.651543517159214,2.170763658850462,0.017903014201225382
4.754911150873865,2.170763658850462,0.023452259993883583
4.858278784588514,2.170763658850462,0.02717906068957528
4.961646418303163,2.170763658850462,0.0284636361020749
5.065014052017812,2.170763658850462,0.027327896972007586
5.168381685732461,2.170763658850462,0.024375803813953587
5.27174931944711,2.170763658850462,0.020528671735507428
5.3751169531617595,2.170763658850462,0.01666402980832199
5.478484586876409,2.170763658850462,0.01330048226796982
5.581852220591058,2.170763658850462,0.01045010478272982
5.685219854305707,2.170763658850462,0.007692869211545905
5.788587488020356,2.170763658850462,0.004440208271985605
5.8919551217350055,2.170763658850462,0.0002802992109895015
5.995322755449654,2.170763658850462,-0.004735827332739779
6.098690389164305,2.170763658850462,-0.009987890939486729
6.202058022878954,2.170763658850462,-0.01441339776019806
6.305425656593603,2.170763658850462,-0.0168333000782455
6.408793290308252,2.170763658850462,-0.01636419257101189
-6.408793290308252,2.2741333568909603,-0.008131280996460353
-6.305425656593603,2.2741333568909603,-0.002170907322801597
-6.202058022878954,2.2741333568909603,0.0039980665064588755
-6.098690389164304,2.2741333568909603,0.00865957763153215
-5.995322755449655,2.2741333568909603,0.010478730396824756
-5.8919551217350055,2.2741333568909603,0.008913690619662618
-5.788587488020356,2.2741333568909603,0.004387330992932248
-5.685219854305708,2.2741333568909603,-0.0018452651911348799
-5.581852220591058,2.2741333568909603,-0.008095415091184582
-5.478484586876409,2.2741333568909603,-0.012776007240618817
-5.3751169531617595,2.2741333568909603,-0.014894961167692497
-5.27174931944711,2.2741333568909603,-0.014340843567243584
-5.168381685732461,2.2741333568909603,-0.011864446853482119
-5.065014052017812,2.2741333568909603,-0.008764385286145239
-4.961646418303163,2.2741333568909603,-0.006387357667172796
-4.858278784588514,2.2741333568909603,-0.00561873594973776
-4.754911150873865,2.2741333568909603,-0.006543373648153978
-4.651543517159215,2.2741333568909603,-0.008397889753909947
-4.548175883444566,2.2741333568909603,-0.009834164599643879
-4.444808249729917,2.2741333568909603,-0.009404645545750098
-4.341440616015267,2.2741333568909603,-0.006101534596513838
-4.238072982300618,2.2741333568909603,0.00023825422191147002
-4.134705348585968,2.2741333568909603,0.008804973047798554
-4.031337714871319,2.2741333568909603,0.018011926644146893
-3.9279700811566705,2.2741333568909603,0.025950621077981535
-3.8246024474420213,2.2741333568909603,0.03095138355861012
-3.7212348137273725,2.2741333568909603,0.032060832849098164
-3.6178671800127233,2.2741333568909603,0.029279112012345666
-3.514499546298074,2.2741333568909603,0.023486232471477044
-3.411131912583425,2.2741333568909603,0.016097151778029055
-3.3077642788687753,2.2741333568909603,0.00857967538147821
-3.204396645154126,2.2741333568909603,0.0020139205020714727
-3.101029011439477,2.2741333568909603,-0.0031491761147646818
-2.9976613777248278,2.2741333568909603,-0.007052169375334229
-2.8942937440101786,2.2741333568909603,-0.010148402976767976
-2.790926110295529,2.2741333568909603,-0.012799609899098039
-2.6875584765808798,2.2741333568909603,-0.014930496823396063
-2.5841908428662306,2.2741333568909603,-0.015898874538703454
-2.4808232091515814,2.2741333568909603,-0.014659124912585999
-2.3774555754369326,2.2741333568909603,-0.01018158456712516
-2.2740879417222835,2.2741333568909603,-0.0019827383078553987
-2.1707203080076334,2.2741333568909603,0.009438204376641753
-2.067352674292984,2.2741333568909603,0.022446891292766058
-1.9639850405783352,2.2741333568909603,0.034509768759857555
-1.8606174068636863,2.2741333568909603,0.04279083335179343
-1.757249773149037,2.2741333568909603,0.04494917989348851
-1.6538821394343879,2.2741333568909603,0.03989128356797595
-1.550514505719738,2.2741333568909603,0.028225333045062386
-1.447146872005089,2.2741333568909603,0.012244488661180478
-1.3437792382904399,2.2741333568909603,-0.004591161028096694
-1.2404116045757907,2.2741333568909603,-0.018543484101292737
-1.1370439708611417,2.2741333568909603,-0.026600436311097278
-1.0336763371464925,2.2741333568909603,-0.02729336484795825
-0.9303087034318435,2.2741333568909603,-0.02107550252154476
-0.8269410697171936,2.2741333568909603,-0.01014236120393366
-0.7235734360025445,2.2741333568909603,0.0022518002652434786
-0.6202058022878953,2.2741333568909603,0.012769146749223791
-0.5168381685732463,2.2741333568909603,0.018951865687123735
-0.4134705348585972,2.2741333568909603,0.019877391376038774
-0.31010290114394806,2.2741333568909603,0.016310367723174887
-0.2067352674292982,2.2741333568909603,0.010320490790626798
-0.1033676337146491,2.2741333568909603,0.004507548433127567
0.,2.2741333568909603,0.0010987213457851646
0.1033676337146491,2.2741333568909603,0.0012182121674489295
0.2067352674292982,2.2741333568909603,0.004564894540566289
0.31010290114394734,2.2741333568909603,0.009592414028820976
0.4134705348585964,2.2741333568909603,0.014115951181568581
0.5168381685732455,2.2741333568909603,0.01612782326778146
0.6202058022878947,2.2741333568909603,0.014537407775018512
0.7235734360025438,2.2741333568909603,0.009580933994380226
0.8269410697171944,2.2741333568909603,0.0027622258614891267
0.9303087034318435,2.2741333568909603,-0.0036533876019789855
1.0336763371464925,2.2741333568909603,-0.007417817382114096
1.1370439708611417,2.2741333568909603,-0.007085721390914126
1.2404116045757907,2.2741333568909603,-0.0025396294472100284
1.3437792382904399,2.2741333568909603,0.004923794955412833
1.447146872005089,2.2741333568909603,0.012977027270383704
1.550514505719738,2.2741333568909603,0.0189884321917202
1.6538821394343872,2.2741333568909603,0.02085332225049734
1.7572497731490362,2.2741333568909603,0.01765780599013696
1.8606174068636854,2.2741333568909603,0.009961855680281474
1.9639850405783346,2.2741333568909603,-0.00038452918765062463
2.0673526742929837,2.2741333568909603,-0.010824834824694238
2.1707203080076343,2.2741333568909603,-0.018884049633187443
2.2740879417222835,2.2741333568909603,-0.022905144007578614
2.3774555754369326,2.2741333568909603,-0.02250248435834675
2.4808232091515814,2.2741333568909603,-0.01859993873933696
2.5841908428662306,2.2741333568909603,-0.013060330100557134
2.6875584765808798,2.2741333568909603,-0.008044188255453947
2.790926110295529,2.2741333568909603,-0.005316391595340604
2.894293744010178,2.2741333568909603,-0.005724706700647128
2.997661377724827,2.2741333568909603,-0.00900595390731656
3.101029011439476,2.2741333568909603,-0.013959679374837495
3.2043966451541253,2.2741333568909603,-0.018906739986882536
3.3077642788687744,2.2741333568909603,-0.022262380997604636
3.411131912583425,2.2741333568909603,-0.02302777586754285
3.514499546298074,2.2741333568909603,-0.02104567227931783
3.6178671800127233,2.2741333568909603,-0.01695661524745411
3.7212348137273725,2.2741333568909603,-0.011898195972352471
3.8246024474420213,2.2741333568909603,-0.007073553928305616
3.9279700811566705,2.2741333568909603,-0.0033493885044065443
4.031337714871319,2.2741333568909603,-0.001019408712830287
4.134705348585968,2.2741333568909603,0.00020111504549828992
4.238072982300618,2.2741333568909603,0.0009722353276026198
4.341440616015267,2.2741333568909603,0.0020135048081802867
4.444808249729916,2.2741333568909603,0.003804123057383528
4.548175883444565,2.2741333568909603,0.00641057953130103
4.651543517159214,2.2741333568909603,0.009495596341222866
4.754911150873865,2.2741333568909603,0.012487878476530696
4.858278784588514,2.2741333568909603,0.014830427804532188
4.961646418303163,2.2741333568909603,0.016199132829972464
5.065014052017812,2.2741333568909603,0.016601681965954955
5.168381685732461,2.2741333568909603,0.016320855477977805
5.27174931944711,2.2741333568909603,0.0157335546714816
5.3751169531617595,2.2741333568909603,0.01509030726992953
5.478484586876409,2.2741333568909603,0.014357940460363618
5.581852220591058,2.2741333568909603,0.013203150504472395
5.685219854305707,2.2741333568909603,0.011136279227770605
5.788587488020356,2.2741333568909603,0.007765592360501899
5.8919551217350055,2.2741333568909603,0.003060303322043894
5.995322755449654,2.2741333568909603,-0.0024928356138452052
6.098690389164305,2.2741333568909603,-0.007922084765858147
6.202058022878954,2.2741333568909603,-0.012007097879964153
6.305425656593603,2.2741333568909603,-0.013654753136031294
6.408793290308252,2.2741333568909603,-0.01228977700175658
-6.408793290308252,2.3775030549314584,-0.001594229484350821
-6.305425656593603,2.3775030549314584,0.0038383197613590624
-6.202058022878954,2.3775030549314584,0.008468252265686224
-6.098690389164304,2.3775030549314584,0.010613028287292567
-5.995322755449655,2.3775030549314584,0.009145225804105194
-5.8919551217350055,2.3775030549314584,0.003874246362961991
-5.788587488020356,2.3775030549314584,-0.00433595067152787
-5.685219854305708,2.3775030549314584,-0.01376561230410028
-5.581852220591058,2.3775030549314584,-0.022306408383518644
-5.478484586876409,2.3775030549314584,-0.02805979848374403
-5.3751169531617595,2.3775030549314584,-0.029881877903755495
-5.27174931944711,2.3775030549314584,-0.02770198101580061
-5.168381685732461,2.3775030549314584,-0.02251146107148982
-5.065014052017812,2.3775030549314584,-0.016023860204975978
-4.961646418303163,2.3775030549314584,-0.010114026656919975
-4.858278784588514,2.3775030549314584,-0.006216277760496626
-4.754911150873865,2.3775030549314584,-0.004875835022799514
-4.651543517159215,2.3775030549314584,-0.005598123266448757
-4.548175883444566,2.3775030549314584,-0.00704311856526169
-4.444808249729917,2.3775030549314584,-0.007498894699110604
-4.341440616015267,2.3775030549314584,-0.005477409690765435
-4.238072982300618,2.3775030549314584,-0.00023667905540228693
-4.134705348585968,2.3775030549314584,0.007940455584371304
-4.031337714871319,2.3775030549314584,0.017798863916751208
-3.9279700811566705,2.3775030549314584,0.02747302806558179
-3.8246024474420213,2.3775030549314584,0.03503565412703107
-3.7212348137273725,2.3775030549314584,0.03905239216767775
-3.6178671800127233,2.3775030549314584,0.03896560426951602
-3.514499546298074,2.3775030549314584,0.03519270301650985
-3.411131912583425,2.3775030549314584,0.028923633018338092
-3.3077642788687753,2.3775030549314584,0.021702881518638105
-3.204396645154126,2.3775030549314584,0.014949287742923263
-3.101029011439477,2.3775030549314584,0.00957924289640131
-2.9976613777248278,2.3775030549314584,0.0058528217818321765
-2.8942937440101786,2.3775030549314584,0.0034757383096868924
-2.790926110295529,2.3775030549314584,0.0018946618244498668
-2.6875584765808798,2.3775030549314584,0.0006539559546331407
-2.5841908428662306,2.3775030549314584,-0.00033674837531633324
-2.4808232091515814,2.3775030549314584,-0.0007361519095251295
-2.3774555754369326,2.3775030549314584,0.00006331957027626582
-2.2740879417222835,2.3775030549314584,0.0026017533374926016
-2.1707203080076334,2.3775030549314584,0.006984691716147365
-2.067352674292984,2.3775030549314584,0.012639727620586384
-1.9639850405783352,2.3775030549314584,0.018316147206783717
-1.8606174068636863,2.3775030549314584,0.022361863525871106
-1.757249773149037,2.3775030549314584,0.023208658413897975
-1.6538821394343879,2.3775030549314584,0.019912445160331686
-1.550514505719738,2.3775030549314584,0.012561319430898547
-1.447146872005089,2.3775030549314584,0.0023951282807963795
-1.3437792382904399,2.3775030549314584,-0.00843178145205957
-1.2404116045757907,2.3775030549314584,-0.01739630488042316
-1.1370439708611417,2.3775030549314584,-0.022306257957081375
-1.0336763371464925,2.3775030549314584,-0.021940461231326425
-0.9303087034318435,2.3775030549314584,-0.016425602997656604
-0.8269410697171936,2.3775030549314584,-0.00722377998389517
-0.7235734360025445,2.3775030549314584,0.0032744338986755786
-0.6202058022878953,2.3775030549314584,0.012431423907159914
-0.5168381685732463,2.3775030549314584,0.018110487043393193
-0.4134705348585972,2.3775030549314584,0.019260739921486997
-0.31010290114394806,2.3775030549314584,0.016161780154642223
-0.2067352674292982,2.3775030549314584,0.010260166308633118
-0.1033676337146491,2.3775030549314584,0.0036600610294527536
0.,2.3775030549314584,-0.0015610897710751192
0.1033676337146491,2.3775030549314584,-0.003989519900395364
0.2067352674292982,2.3775030549314584,-0.0032641876557879964
0.31010290114394734,2.3775030549314584,-0.00010400022009095358
0.4134705348585964,2.3775030549314584,0.004018878182015371
0.5168381685732455,2.3775030549314584,0.007435766590714128
0.6202058022878947,2.3775030549314584,0.008872627048886495
0.7235734360025438,2.3775030549314584,0.007875359267990871
0.8269410697171944,2.3775030549314584,0.004931394039206016
0.9303087034318435,2.3775030549314584,0.0012567789782942248
1.0336763371464925,2.3775030549314584,-0.0016674949599972417
1.1370439708611417,2.3775030549314584,-0.0026429157065095475
1.2404116045757907,2.3775030549314584,-0.0011930682249940677
1.3437792382904399,2.3775030549314584,0.0022549498918572105
1.447146872005089,2.3775030549314584,0.00650629036595186
1.550514505719738,2.3775030549314584,0.010000716767330456
1.6538821394343872,2.3775030549314584,0.01134090377418729
1.7572497731490362,2.3775030549314584,0.009765546305376328
1.8606174068636854,2.3775030549314584,0.005407949112421812
1.9639850405783346,2.3775030549314584,-0.0007439632673204239
2.0673526742929837,2.3775030549314584,-0.0071682637425506774
2.1707203080076343,2.3775030549314584,-0.012298706898994037
2.2740879417222835,2.3775030549314584,-0.015018120217046578
2.3774555754369326,2.3775030549314584,-0.014993224498465121
2.4808232091515814,2.3775030549314584,-0.01274589696650965
2.5841908428662306,2.3775030549314584,-0.009446443259871824
2.6875584765808798,2.3775030549314584,-0.006506713414622987
2.790926110295529,2.3775030549314584,-0.005113812852749327
2.894293744010178,2.3775030549314584,-0.005858698063939227
2.997661377724827,2.3775030549314584,-0.008575569043003071
3.101029011439476,2.3775030549314584,-0.01243284338176657
3.2043966451541253,2.3775030549314584,-0.01623161738249583
3.3077642788687744,2.3775030549314584,-0.018801980697058435
3.411131912583425,2.3775030549314584,-0.019362458163176565
3.514499546298074,2.3775030549314584,-0.017729410904405045
3.6178671800127233,2.3775030549314584,-0.014321297598446633
3.7212348137273725,2.3775030549314584,-0.009975110377288243
3.8246024474420213,2.3775030549314584,-0.0056532137892030794
3.9279700811566705,2.3775030549314584,-0.0021479726676627993
4.031337714871319,2.3775030549314584,0.00011885406569361511
4.134705348585968,2.3775030549314584,0.0011482130911375532
4.238072982300618,2.3775030549314584,0.0012716105557324731
4.341440616015267,2.3775030549314584,0.0009695359847258645
4.444808249729916,2.3775030549314584,0.0006803891780646138
4.548175883444565,2.3775030549314584,0.0006721959945320874
4.651543517159214,2.3775030549314584,0.001014540744426635
4.754911150873865,2.3775030549314584,0.0016417950761879532
4.858278784588514,2.3775030549314584,0.0024602990173065303
4.961646418303163,2.3775030549314584,0.003437051182093764
5.065014052017812,2.3775030549314584,0.004621109803547155
5.168381685732461,2.3775030549314584,0.006084747530216038
5.27174931944711,2.3775030549314584,0.007813668744949608
5.3751169531617595,2.3775030549314584,0.009605673077172232
5.478484586876409,2.3775030549314584,0.011041129928901437
5.581852220591058,2.3775030549314584,0.01156312289216409
5.685219854305707,2.3775030549314584,0.010658995986836806
5.788587488020356,2.3775030549314584,0.008086344343638911
5.8919551217350055,2.3775030549314584,0.004055670346325189
5.995322755449654,2.3775030549314584,-0.0007162766416991448
6.098690389164305,2.3775030549314584,-0.00513118614679985
6.202058022878954,2.3775030549314584,-0.007998814446323863
6.305425656593603,2.3775030549314584,-0.008413629569191934
6.408793290308252,2.3775030549314584,-0.0060971510667337855
-6.408793290308252,2.4808727529719565,0.00569894391246183
-6.305425656593603,2.4808727529719565,0.010097870368886949
-6.202058022878954,2.4808727529719565,0.01305645437965817
-6.098690389164304,2.4808727529719565,0.013119621924989904
-5.995322755449655,2.4808727529719565,0.009379429725886082
-5.8919551217350055,2.4808727529719565,0.0018129812099644544
-5.788587488020356,2.4808727529719565,-0.008607485516699476
-5.685219854305708,2.4808727529719565,-0.020085011019329177
-5.581852220591058,2.4808727529719565,-0.030417760339002856
-5.478484586876409,2.4808727529719565,-0.03755808432428991
-5.3751169531617595,2.4808727529719565,-0.04015191048680966
-5.27174931944711,2.4808727529719565,-0.03789855644004407
-5.168381685732461,2.4808727529719565,-0.031620057271269306
-5.065014052017812,2.4808727529719565,-0.02301432409349572
-4.961646418303163,2.4808727529719565,-0.01416192763445396
-4.858278784588514,2.4808727529719565,-0.006932014887791531
-4.754911150873865,2.4808727529719565,-0.002464474768976882
-4.651543517159215,2.4808727529719565,-0.0008823530323233076
-4.548175883444566,2.4808727529719565,-0.0013174750126884128
-4.444808249729917,2.4808727529719565,-0.002235495357898664
-4.341440616015267,2.4808727529719565,-0.00195473596660582
-4.238072982300618,2.4808727529719565,0.0008047574425596366
-4.134705348585968,2.4808727529719565,0.006511435957099947
-4.031337714871319,2.4808727529719565,0.014673909432585487
-3.9279700811566705,2.4808727529719565,0.023991519964518437
-3.8246024474420213,2.4808727529719565,0.032746970859567466
-3.7212348137273725,2.4808727529719565,0.03931058304896311
-3.6178671800127233,2.4808727529719565,0.0425960010379588
-3.514499546298074,2.4808727529719565,0.04232954595310801
-3.411131912583425,2.4808727529719565,0.039060994218057386
-3.3077642788687753,2.4808727529719565,0.03392950421289023
-3.204396645154126,2.4808727529719565,0.02827583885989189
-3.101029011439477,2.4808727529719565,0.02323578026932806
-2.9976613777248278,2.4808727529719565,0.019446588555949267
-2.8942937440101786,2.4808727529719565,0.01695154517930468
-2.790926110295529,2.4808727529719565,0.015314752367904182
-2.6875584765808798,2.4808727529719565,0.01388541504854373
-2.5841908428662306,2.4808727529719565,0.012102953409632772
-2.4808232091515814,2.4808727529719565,0.009727153883420329
-2.3774555754369326,2.4808727529719565,0.006912162888481628
-2.2740879417222835,2.4808727529719565,0.004105765044774377
-2.1707203080076334,2.4808727529719565,0.0018227638896552189
-2.067352674292984,2.4808727529719565,0.00038885875157095847
-1.9639850405783352,2.4808727529719565,-0.00023789616162354587
-1.8606174068636863,2.4808727529719565,-0.0004907975213210272
-1.757249773149037,2.4808727529719565,-0.0010454700138805267
-1.6538821394343879,2.4808727529719565,-0.0025474367084104103
-1.550514505719738,2.4808727529719565,-0.005316058577489868
-1.447146872005089,2.4808727529719565,-0.00913950670481659
-1.3437792382904399,2.4808727529719565,-0.013248478781989523
-1.2404116045757907,2.4808727529719565,-0.01649616740437253
-1.1370439708611417,2.4808727529719565,-0.017699097464273145
-1.0336763371464925,2.4808727529719565,-0.0160333233176714
-0.9303087034318435,2.4808727529719565,-0.011354600554422974
-0.8269410697171936,2.4808727529719565,-0.004329519106417042
-0.7235734360025445,2.4808727529719565,0.003677885734171333
-0.6202058022878953,2.4808727529719565,0.010941429590474127
-0.5168381685732463,2.4808727529719565,0.01583455667592745
-0.4134705348585972,2.4808727529719565,0.017280026166595602
-0.31010290114394806,2.4808727529719565,0.015050090322202609
-0.2067352674292982,2.4808727529719565,0.009825147813647383
-0.1033676337146491,2.4808727529719565,0.002993770491937168
0.,2.4808727529719565,-0.0037429987210647543
0.1033676337146491,2.4808727529719565,-0.008841020461508265
0.2067352674292982,2.4808727529719565,-0.01131452173481956
0.31010290114394734,2.4808727529719565,-0.010953680975571133
0.4134705348585964,2.4808727529719565,-0.008303768532728998
0.5168381685732455,2.4808727529719565,-0.0044276068918961435
0.6202058022878947,2.4808727529719565,-0.000539218950052186
0.7235734360025438,2.4808727529719565,0.0023686038629828028
0.8269410697171944,2.4808727529719565,0.0037864660747785684
0.9303087034318435,2.4808727529719565,0.00376756542836099
1.0336763371464925,2.4808727529719565,0.0028159610656353935
1.1370439708611417,2.4808727529719565,0.001639270404392584
1.2404116045757907,2.4808727529719565,0.0008620142154875137
1.3437792382904399,2.4808727529719565,0.0008017081833358146
1.447146872005089,2.4808727529719565,0.0013805914568539056
1.550514505719738,2.4808727529719565,0.002193438214720837
1.6538821394343872,2.4808727529719565,0.0026954779374566804
1.7572497731490362,2.4808727529719565,0.0024338035139729896
1.8606174068636854,2.4808727529719565,0.0012341750223184883
1.9639850405783346,2.4808727529719565,-0.000724505837674472
2.0673526742929837,2.4808727529719565,-0.0029721483116696926
2.1707203080076343,2.4808727529719565,-0.004919452500724878
2.2740879417222835,2.4808727529719565,-0.0060743175523109505
2.3774555754369326,2.4808727529719565,-0.006222679246446739
2.4808232091515814,2.4808727529719565,-0.005508432049014407
2.5841908428662306,2.4808727529719565,-0.0043846340563652225
2.6875584765808798,2.4808727529719565,-0.0034545825131010797
2.790926110295529,2.4808727529719565,-0.003259893314196777
2.894293744010178,2.4808727529719565,-0.004090074300342304
2.997661377724827,2.4808727529719565,-0.005878847811721373
3.101029011439476,2.4808727529719565,-0.00822082176335014
3.2043966451541253,2.4808727529719565,-0.010499941853650318
3.3077642788687744,2.4808727529719565,-0.012083620271012466
3.411131912583425,2.4808727529719565,-0.012516399732582933
3.514499546298074,2.4808727529719565,-0.011650600724060265
3.6178671800127233,2.4808727529719565,-0.009676106055723924
3.7212348137273725,2.4808727529719565,-0.007047410453934737
3.8246024474420213,2.4808727529719565,-0.004340000029224807
3.9279700811566705,2.4808727529719565,-0.0020882441292725067
4.031337714871319,2.4808727529719565,-0.0006572215760026858
4.134705348585968,2.4808727529719565,-0.00018284356140533435
4.238072982300618,2.4808727529719565,-0.000586489432582889
4.341440616015267,2.4808727529719565,-0.0016435404998840714
4.444808249729916,2.4808727529719565,-0.0030697601844857808
4.548175883444565,2.4808727529719565,-0.0045903543603755545
4.651543517159214,2.4808727529719565,-0.005971833055822438
4.754911150873865,2.4808727529719565,-0.007018759760824318
4.858278784588514,2.4808727529719565,-0.007555924275623136
4.961646418303163,2.4808727529719565,-0.007423032026644914
5.065014052017812,2.4808727529719565,-0.006500634323107226
5.168381685732461,2.4808727529719565,-0.0047663961812484225
5.27174931944711,2.4808727529719565,-0.0023588785616057953
5.3751169531617595,2.4808727529719565,0.00038758010169599207
5.478484586876409,2.4808727529719565,0.002970787414445849
5.581852220591058,2.4808727529719565,0.0048253473282815875
5.685219854305707,2.4808727529719565,0.005486684292109965
5.788587488020356,2.4808727529719565,0.004766379845962518
5.8919551217350055,2.4808727529719565,0.0028738300514801313
5.995322755449654,2.4808727529719565,0.00042541157767517034
6.098690389164305,2.4808727529719565,-0.0016870728472492215
6.202058022878954,2.4808727529719565,-0.0025500438711162855
6.305425656593603,2.4808727529719565,-0.0015375713720715974
6.408793290308252,2.4808727529719565,0.001420625617597164
-6.408793290308252,2.5842424510124546,0.01228214794529037
-6.305425656593603,2.5842424510124546,0.015097024867692207
-6.202058022878954,2.5842424510124546,0.016369582685476714
-6.098690389164304,2.5842424510124546,0.015080412544379017
-5.995322755449655,2.5842424510124546,0.010550990074207957
-5.8919551217350055,2.5842424510124546,0.0027214157885915883
-5.788587488020356,2.5842424510124546,-0.00770361556303588
-5.685219854305708,2.5842424510124546,-0.0193035777295918
-5.581852220591058,2.5842424510124546,-0.030196194183071234
-5.478484586876409,2.5842424510124546,-0.03844631079902251
-5.3751169531617595,2.5842424510124546,-0.04252785336864365
-5.27174931944711,2.5842424510124546,-0.04171288321075906
-5.168381685732461,2.5842424510124546,-0.0362739788429451
-5.065014052017812,2.5842424510124546,-0.02743351122381603
-4.961646418303163,2.5842424510124546,-0.017063297204555815
-4.858278784588514,2.5842424510124546,-0.0072103057428449056
-4.754911150873865,2.5842424510124546,0.000423406040067029
-4.651543517159215,2.5842424510124546,0.004902247367524444
-4.548175883444566,2.5842424510124546,0.0062621393276469225
-4.444808249729917,2.5842424510124546,0.005442738363828827
-4.341440616015267,2.5842424510124546,0.003969533153244318
-4.238072982300618,2.5842424510124546,0.0034810892921678127
-4.134705348585968,2.5842424510124546,0.005240807467075334
-4.031337714871319,2.5842424510124546,0.009774742497988596
-3.9279700811566705,2.5842424510124546,0.016736801579528775
-3.8246024474420213,2.5842424510124546,0.025032632676330123
-3.7212348137273725,2.5842424510124546,0.03315553073674524
-3.6178671800127233,2.5842424510124546,0.03962581218466367
-3.514499546298074,2.5842424510124546,0.043398090879093666
-3.411131912583425,2.5842424510124546,0.04411628214819608
-3.3077642788687753,2.5842424510124546,0.042148061052193084
-3.204396645154126,2.5842424510124546,0.03840162611956091
-3.101029011439477,2.5842424510124546,0.0339950201172181
-2.9976613777248278,2.5842424510124546,0.029890764857401282
-2.8942937440101786,2.5842424510124546,0.02661354256555491
-2.790926110295529,2.5842424510124546,0.0241358729410664
-2.6875584765808798,2.5842424510124546,0.021958137190838858
-2.5841908428662306,2.5842424510124546,0.019344812578985494
-2.4808232091515814,2.5842424510124546,0.01562959838682093
-2.3774555754369326,2.5842424510124546,0.01048372880291351
-2.2740879417222835,2.5842424510124546,0.004059037474203742
-2.1707203080076334,2.5842424510124546,-0.00303681621778832
-2.067352674292984,2.5842424510124546,-0.009917454871758023
-1.9639850405783352,2.5842424510124546,-0.01568125571560899
-1.8606174068636863,2.5842424510124546,-0.019669069083697786
-1.757249773149037,2.5842424510124546,-0.02163020805504071
-1.6538821394343879,2.5842424510124546,-0.0217459903312925
-1.550514505719738,2.5842424510124546,-0.02051149548459538
-1.447146872005089,2.5842424510124546,-0.018525566227349806
-1.3437792382904399,2.5842424510124546,-0.016269424522969853
-1.2404116045757907,2.5842424510124546,-0.013955503693822438
-1.1370439708611417,2.5842424510124546,-0.011500365960599005
-1.0336763371464925,2.5842424510124546,-0.008629042298993193
-0.9303087034318435,2.5842424510124546,-0.005069332881389375
-0.8269410697171936,2.5842424510124546,-0.0007606908905087139
-0.7235734360025445,2.5842424510124546,0.004004847084920294
-0.6202058022878953,2.5842424510124546,0.008570047263067133
-0.5168381685732463,2.5842424510124546,0.012044564382585202
-0.4134705348585972,2.5842424510124546,0.013547319275312757
-0.31010290114394806,2.5842424510124546,0.012484487781937422
-0.2067352674292982,2.5842424510124546,0.008772451037222536
-0.1033676337146491,2.5842424510124546,0.002929016618504004
0.,2.5842424510124546,-0.0040042535793917405
0.1033676337146491,2.5842424510124546,-0.010693494895930748
0.2067352674292982,2.5842424510124546,-0.015834568286439983
0.31010290114394734,2.5842424510124546,-0.01847400194345463
0.4134705348585964,2.5842424510124546,-0.018237254822232405
0.5168381685732455,2.5842424510124546,-0.015400910972018254
0.6202058022878947,2.5842424510124546,-0.010792366182038911
0.7235734360025438,2.5842424510124546,-0.005551191117760648
0.8269410697171944,2.5842424510124546,-0.0008248851086384323
0.9303087034318435,2.5842424510124546,0.0025131922046446376
1.0336763371464925,2.5842424510124546,0.004047812916136223
1.1370439708611417,2.5842424510124546,0.003865625699518991
1.2404116045757907,2.5842424510124546,0.0024603623446108986
1.3437792382904399,2.5842424510124546,0.0005410889431799573
1.447146872005089,2.5842424510124546,-0.0011909993185377466
1.550514505719738,2.5842424510124546,-0.002229837819567919
1.6538821394343872,2.5842424510124546,-0.002367130086580798
1.7572497731490362,2.5842424510124546,-0.0016932097286593163
1.8606174068636854,2.5842424510124546,-0.0005120609789706023
1.9639850405783346,2.5842424510124546,0.0007896006510212196
2.0673526742929837,2.5842424510124546,0.001871107595228654
2.1707203080076343,2.5842424510124546,0.0025248057695118667
2.2740879417222835,2.5842424510124546,0.0027017226965460246
2.3774555754369326,2.5842424510124546,0.00248018188004616
2.4808232091515814,2.5842424510124546,0.0020003332071320194
2.5841908428662306,2.5842424510124546,0.0013954431777074285
2.6875584765808798,2.5842424510124546,0.0007464297381045685
2.790926110295529,2.5842424510124546,0.00007267105759835632
2.894293744010178,2.5842424510124546,-0.0006443489124775436
2.997661377724827,2.5842424510124546,-0.0014209357924093624
3.101029011439476,2.5842424510124546,-0.0022358736450222706
3.2043966451541253,2.5842424510124546,-0.0030169350906923565
3.3077642788687744,2.5842424510124546,-0.0036554661421357307
3.411131912583425,2.5842424510124546,-0.00404283337464486
3.514499546298074,2.5842424510124546,-0.004113470312874896
3.6178671800127233,2.5842424510124546,-0.0038769755242920715
3.7212348137273725,2.5842424510124546,-0.003426608495094526
3.8246024474420213,2.5842424510124546,-0.002921119148838773
3.9279700811566705,2.5842424510124546,-0.0025469464040035806
4.031337714871319,2.5842424510124546,-0.0024743403754404238
4.134705348585968,2.5842424510124546,-0.0028215720785809634
4.238072982300618,2.5842424510124546,-0.00363638538371819
4.341440616015267,2.5842424510124546,-0.004895866932260752
4.444808249729916,2.5842424510124546,-0.006518719859661765
4.548175883444565,2.5842424510124546,-0.008380710967442462
4.651543517159214,2.5842424510124546,-0.010326022158331605
4.754911150873865,2.5842424510124546,-0.012173071070868539
4.858278784588514,2.5842424510124546,-0.01371984662222655
4.961646418303163,2.5842424510124546,-0.014757252531272741
5.065014052017812,2.5842424510124546,-0.015096969923193917
5.168381685732461,2.5842424510124546,-0.014613085000607718
5.27174931944711,2.5842424510124546,-0.013287064704965136
5.3751169531617595,2.5842424510124546,-0.011238198654671534
5.478484586876409,2.5842424510124546,-0.008720758514553005
5.581852220591058,2.5842424510124546,-0.0060770101079504904
5.685219854305707,2.5842424510124546,-0.0036504306755516876
5.788587488020356,2.5842424510124546,-0.0016810758754733915
5.8919551217350055,2.5842424510124546,-0.00021804353678127092
5.995322755449654,2.5842424510124546,0.0009140004852106951
6.098690389164305,2.5842424510124546,0.0020693551082502657
6.202058022878954,2.5842424510124546,0.0036562665055296104
6.305425656593603,2.5842424510124546,0.005961219112379527
6.408793290308252,2.5842424510124546,0.008975934550140887
-6.408793290308252,2.6876121490529528,0.016812776343340087
-6.305425656593603,2.6876121490529528,0.017614066164874046
-6.202058022878954,2.6876121490529528,0.017300237583525727
-6.098690389164304,2.6876121490529528,0.015450012367573146
-5.995322755449655,2.6876121490529528,0.011626336579046971
-5.8919551217350055,2.6876121490529528,0.00557746390736058
-5.788587488020356,2.6876121490529528,-0.002556596526897516
-5.685219854305708,2.6876121490529528,-0.012110311071587658
-5.581852220591058,2.6876121490529528,-0.021897821877047474
-5.478484586876409,2.6876121490529528,-0.030386245018613166
-5.3751169531617595,2.6876121490529528,-0.0360135281914875
-5.27174931944711,2.6876121490529528,-0.037575549818062076
-5.168381685732461,2.6876121490529528,-0.03457400766190598
-5.065014052017812,2.6876121490529528,-0.02741527217494407
-4.961646418303163,2.6876121490529528,-0.017384359027261532
-4.858278784588514,2.6876121490529528,-0.006379599286451917
-4.754911150873865,2.6876121490529528,0.0035351514961011366
-4.651543517159215,2.6876121490529528,0.010644931326839425
-4.548175883444566,2.6876121490529528,0.014021744355184895
-4.444808249729917,2.6876121490529528,0.013758502359741546
-4.341440616015267,2.6876121490529528,0.010926008630589134
-4.238072982300618,2.6876121490529528,0.007259509396153545
-4.134705348585968,2.6876121490529528,0.0046613000018361096
-4.031337714871319,2.6876121490529528,0.004661613148761291
-3.9279700811566705,2.6876121490529528,0.007993609499451956
-3.8246024474420213,2.6876121490529528,0.014404678799005192
-3.7212348137273725,2.6876121490529528,0.022755194615681557
-3.6178671800127233,2.6876121490529528,0.03136909355485481
-3.514499546298074,2.6876121490529528,0.03852514540076548
-3.411131912583425,2.6876121490529528,0.04293717230184579
-3.3077642788687753,2.6876121490529528,0.0440784300797108
-3.204396645154126,2.6876121490529528,0.04225744106554912
-3.101029011439477,2.6876121490529528,0.038432930087106715
-2.9976613777248278,2.6876121490529528,0.03383832687742315
-2.8942937440101786,2.6876121490529528,0.029545062028319434
-2.790926110295529,2.6876121490529528,0.02611001582952865
-2.6875584765808798,2.6876121490529528,0.02342130987512275
-2.5841908428662306,2.6876121490529528,0.020788858631820766
-2.4808232091515814,2.6876121490529528,0.017244219244126415
-2.3774555754369326,2.6876121490529528,0.011945171438557502
-2.2740879417222835,2.6876121490529528,0.004546569585303696
-2.1707203080076334,2.6876121490529528,-0.004588964701159227
-2.067352674292984,2.6876121490529528,-0.014413446650601687
-1.9639850405783352,2.6876121490529528,-0.02344499613712439
-1.8606174068636863,2.6876121490529528,-0.03016937947637202
-1.757249773149037,2.6876121490529528,-0.03346421842326085
-1.6538821394343879,2.6876121490529528,-0.032912088575901444
-1.550514505719738,2.6876121490529528,-0.02890589873021905
-1.447146872005089,2.6876121490529528,-0.022517827335411546
-1.3437792382904399,2.6876121490529528,-0.01517897593800535
-1.2404116045757907,2.6876121490529528,-0.008275815297438833
-1.1370439708611417,2.6876121490529528,-0.002792507392377303
-1.0336763371464925,2.6876121490529528,0.0008914683641074758
-0.9303087034318435,2.6876121490529528,0.00299381700758794
-0.8269410697171936,2.6876121490529528,0.004128611734075668
-0.7235734360025445,2.6876121490529528,0.00499215491989098
-0.6202058022878953,2.6876121490529528,0.006050380658187006
-0.5168381685732463,2.6876121490529528,0.007338001838348617
-0.4134705348585972,2.6876121490529528,0.00843785311115242
-0.31010290114394806,2.6876121490529528,0.008644810476332514
-0.2067352674292982,2.6876121490529528,0.007254228517399896
-0.1033676337146491,2.6876121490529528,0.0038717040307113463
0.,2.6876121490529528,-0.0013666687045231572
0.1033676337146491,2.6876121490529528,-0.007744443120178805
0.2067352674292982,2.6876121490529528,-0.014109193351861775
0.31010290114394734,2.6876121490529528,-0.019170070470356047
0.4134705348585964,2.6876121490529528,-0.021856408349343465
0.5168381685732455,2.6876121490529528,-0.02162461208827891
0.6202058022878947,2.6876121490529528,-0.018616734868082532
0.7235734360025438,2.6876121490529528,-0.013621292285182308
0.8269410697171944,2.6876121490529528,-0.007849157338365598
0.9303087034318435,2.6876121490529528,-0.002594458012096139
1.0336763371464925,2.6876121490529528,0.0011158715991009416
1.1370439708611417,2.6876121490529528,0.002779917095905243
1.2404116045757907,2.6876121490529528,0.0025140899941576544
1.3437792382904399,2.6876121490529528,0.0009631106046800409
1.447146872005089,2.6876121490529528,-0.0009356632295109613
1.550514505719738,2.6876121490529528,-0.002253976431006929
1.6538821394343872,2.6876121490529528,-0.002345965443288383
1.7572497731490362,2.6876121490529528,-0.0010136843629274734
1.8606174068636854,2.6876121490529528,0.0014757207668282656
1.9639850405783346,2.6876121490529528,0.004513282593698338
2.0673526742929837,2.6876121490529528,0.007361725861769582
2.1707203080076343,2.6876121490529528,0.009385820304613665
2.2740879417222835,2.6876121490529528,0.010227892428158315
2.3774555754369326,2.6876121490529528,0.009880826666302774
2.4808232091515814,2.6876121490529528,0.008647571503541809
2.5841908428662306,2.6876121490529528,0.007012623014679288
2.6875584765808798,2.6876121490529528,0.005475507293038164
2.790926110295529,2.6876121490529528,0.004402222392542213
2.894293744010178,2.6876121490529528,0.003937989591875761
2.997661377724827,2.6876121490529528,0.0039996804955917805
3.101029011439476,2.6876121490529528,0.004338561884309937
3.2043966451541253,2.6876121490529528,0.004643014236296481
3.3077642788687744,2.6876121490529528,0.004642742319766294
3.411131912583425,2.6876121490529528,0.004181706161782879
3.514499546298074,2.6876121490529528,0.0032426688411454356
3.6178671800127233,2.6876121490529528,0.0019250399730377352
3.7212348137273725,2.6876121490529528,0.00039258617260898515
3.8246024474420213,2.6876121490529528,-0.0011860234848147203
3.9279700811566705,2.6876121490529528,-0.002683775716835324
4.031337714871319,2.6876121490529528,-0.0040383141273097846
4.134705348585968,2.6876121490529528,-0.005251740279115727
4.238072982300618,2.6876121490529528,-0.0063754675907020854
4.341440616015267,2.6876121490529528,-0.007490480594522763
4.444808249729916,2.6876121490529528,-0.008689948053685455
4.548175883444565,2.6876121490529528,-0.010065057116499559
4.651543517159214,2.6876121490529528,-0.011690030225067875
4.754911150873865,2.6876121490529528,-0.013601544080101939
4.858278784588514,2.6876121490529528,-0.01577186697075282
4.961646418303163,2.6876121490529528,-0.01808196585916736
5.065014052017812,2.6876121490529528,-0.02030680813874008
5.168381685732461,2.6876121490529528,-0.022126257799666288
5.27174931944711,2.6876121490529528,-0.023169356459981666
5.3751169531617595,2.6876121490529528,-0.023088436473295608
5.478484586876409,2.6876121490529528,-0.021646430484539368
5.581852220591058,2.6876121490529528,-0.018791435704275796
5.685219854305707,2.6876121490529528,-0.014691851736353664
5.788587488020356,2.6876121490529528,-0.009715115092268032
5.8919551217350055,2.6876121490529528,-0.004350970291134762
5.995322755449654,2.6876121490529528,0.0008996037000156677
6.098690389164305,2.6876121490529528,0.005633952577564063
6.202058022878954,2.6876121490529528,0.009617177391237838
6.305425656593603,2.6876121490529528,0.012784683022584661
6.408793290308252,2.6876121490529528,0.015174767228632303
-6.408793290308252,2.790981847093451,0.018505196564676828
-6.305425656593603,2.790981847093451,0.01712891139925884
-6.202058022878954,2.790981847093451,0.015432178367612825
-6.098690389164304,2.790981847093451,0.013654985879282665
-5.995322755449655,2.790981847093451,0.011609229359115071
-5.8919551217350055,2.790981847093451,0.008792665632496708
-5.788587488020356,2.790981847093451,0.0046543259858493335
-5.685219854305708,2.790981847093451,-0.001080003861333382
-5.581852220591058,2.790981847093451,-0.008143276556847594
-5.478484586876409,2.790981847093451,-0.015633172764156652
-5.3751169531617595,2.790981847093451,-0.022146623847198833
-5.27174931944711,2.790981847093451,-0.026124702888530298
-5.168381685732461,2.790981847093451,-0.026313646180346754
-5.065014052017812,2.790981847093451,-0.022198178426236382
-4.961646418303163,2.790981847093451,-0.014259064681352364
-4.858278784588514,2.790981847093451,-0.003952361842576362
-4.754911150873865,2.790981847093451,0.00660902574179868
-4.651543517159215,2.790981847093451,0.015195754229365825
-4.548175883444566,2.790981847093451,0.02007249481947655
-4.444808249729917,2.790981847093451,0.02049539287027226
-4.341440616015267,2.790981847093451,0.016939758762321684
-4.238072982300618,2.790981847093451,0.01097877076067553
-4.134705348585968,2.790981847093451,0.004839609427036062
-4.031337714871319,2.790981847093451,0.0007639969415607136
-3.9279700811566705,2.790981847093451,0.0003630892531510647
-3.8246024474420213,2.790981847093451,0.004160967333312053
-3.7212348137273725,2.790981847093451,0.011464100051640938
-3.6178671800127233,2.790981847093451,0.02059341612862988
-3.514499546298074,2.790981847093451,0.029402825627312553
-3.411131912583425,2.790981847093451,0.03591926710106171
-3.3077642788687753,2.790981847093451,0.03890325299669664
-3.204396645154126,2.790981847093451,0.03815715671882997
-3.101029011439477,2.790981847093451,0.0344919564714484
-2.9976613777248278,2.790981847093451,0.029374641915811857
-2.8942937440101786,2.790981847093451,0.024381646059617085
-2.790926110295529,2.790981847093451,0.020644869720163845
-2.6875584765808798,2.790981847093451,0.018476292664294864
-2.5841908428662306,2.790981847093451,0.017295308881514686
-2.4808232091515814,2.790981847093451,0.015880430451064402
-2.3774555754369326,2.790981847093451,0.012857847951924547
-2.2740879417222835,2.790981847093451,0.0072595871616949565
-2.1707203080076334,2.790981847093451,-0.0010400724056802597
-2.067352674292984,2.790981847093451,-0.011161829395957315
-1.9639850405783352,2.790981847093451,-0.021394372432255043
-1.8606174068636863,2.790981847093451,-0.029654831394046514
-1.757249773149037,2.790981847093451,-0.034093520152777064
-1.6538821394343879,2.790981847093451,-0.03365169510887415
-1.550514505719738,2.790981847093451,-0.028395125071017668
-1.447146872005089,2.790981847093451,-0.01951758352516387
-1.3437792382904399,2.790981847093451,-0.009013322988352647
-1.2404116045757907,2.790981847093451,0.0008781537022451317
-1.1370439708611417,2.790981847093451,0.008281817093431818
-1.0336763371464925,2.790981847093451,0.012164593612168003
-0.9303087034318435,2.790981847093451,0.012540034163859732
-0.8269410697171936,2.790981847093451,0.010349339765257056
-0.7235734360025445,2.790981847093451,0.007071326030226572
-0.6202058022878953,2.790981847093451,0.004197332753099762
-0.5168381685732463,2.790981847093451,0.0027442068678665468
-0.4134705348585972,2.790981847093451,0.0029587476775039174
-0.31010290114394806,2.790981847093451,0.0042986392068145845
-0.2067352674292982,2.790981847093451,0.005681720017778932
-0.1033676337146491,2.790981847093451,0.005908591317079148
0.,2.790981847093451,0.004111064803336282
0.1033676337146491,2.790981847093451,0.00007662161352552026
0.2067352674292982,2.790981847093451,-0.005654280358042827
0.31010290114394734,2.790981847093451,-0.011942738840154976
0.4134705348585964,2.790981847093451,-0.017399148020063857
0.5168381685732455,2.790981847093451,-0.020804841065688102
0.6202058022878947,2.790981847093451,-0.02146921890989007
0.7235734360025438,2.790981847093451,-0.019410857582320078
0.8269410697171944,2.790981847093451,-0.015313111828650972
0.9303087034318435,2.790981847093451,-0.010279890025453434
1.0336763371464925,2.790981847093451,-0.0054802642554858715
1.1370439708611417,2.790981847093451,-0.0018013297912711375
1.2404116045757907,2.790981847093451,0.00038117736912227486
1.3437792382904399,2.790981847093451,0.001250085893072234
1.447146872005089,2.790981847093451,0.001410826314697607
1.550514505719738,2.790981847093451,0.0016310620049446627
1.6538821394343872,2.790981847093451,0.0025512063054103614
1.7572497731490362,2.790981847093451,0.004463755958847949
1.8606174068636854,2.790981847093451,0.00722940560786324
1.9639850405783346,2.790981847093451,0.010347463464955612
2.0673526742929837,2.790981847093451,0.013145390823079394
2.1707203080076343,2.790981847093451,0.015015134993680158
2.2740879417222835,2.790981847093451,0.01561368257839998
2.3774555754369326,2.790981847093451,0.014963418998730159
2.4808232091515814,2.790981847093451,0.01342620838722179
2.5841908428662306,2.790981847093451,0.011569129790693878
2.6875584765808798,2.790981847093451,0.009974206192700698
2.790926110295529,2.790981847093451,0.009058415511195206
2.894293744010178,2.790981847093451,0.008960835420547797
2.997661377724827,2.790981847093451,0.009526287867382638
3.101029011439476,2.790981847093451,0.010380399908611964
3.2043966451541253,2.790981847093451,0.011062039622032862
3.3077642788687744,2.790981847093451,0.011164924711441185
3.411131912583425,2.790981847093451,0.010443969751549577
3.514499546298074,2.790981847093451,0.008860059346676436
3.6178671800127233,2.790981847093451,0.006561090849923702
3.7212348137273725,2.790981847093451,0.003817822024384812
3.8246024474420213,2.790981847093451,0.0009433038658028048
3.9279700811566705,2.790981847093451,-0.001777569834936325
4.031337714871319,2.790981847093451,-0.004133430172776647
4.134705348585968,2.790981847093451,-0.006006056797399122
4.238072982300618,2.790981847093451,-0.0073737430446794774
4.341440616015267,2.790981847093451,-0.008309684307137025
4.444808249729916,2.790981847093451,-0.008980346381393755
4.548175883444565,2.790981847093451,-0.00963869722620002
4.651543517159214,2.790981847093451,-0.01059975509837139
4.754911150873865,2.790981847093451,-0.012186467320306737
4.858278784588514,2.790981847093451,-0.014644112069958403
4.961646418303163,2.790981847093451,-0.01803798863971234
5.065014052017812,2.790981847093451,-0.02216505691234334
5.168381685732461,2.790981847093451,-0.02651729155468395
5.27174931944711,2.790981847093451,-0.03032722408745874
5.3751169531617595,2.790981847093451,-0.03270419165012181
5.478484586876409,2.790981847093451,-0.03283914868377123
5.581852220591058,2.790981847093451,-0.030227082547904287
5.685219854305707,2.790981847093451,-0.024840585570887374
5.788587488020356,2.790981847093451,-0.017193925545901118
5.8919551217350055,2.790981847093451,-0.00826491483768204
5.995322755449654,2.790981847093451,0.0007153159120790278
6.098690389164305,2.790981847093451,0.008550528489148557
6.202058022878954,2.790981847093451,0.014361775010940015
6.305425656593603,2.790981847093451,0.017776646868909448
6.408793290308252,2.790981847093451,0.018964120919566643
-6.408793290308252,2.894351545133949,0.017392125884144655
-6.305425656593603,2.894351545133949,0.014012595581106117
-6.202058022878954,2.894351545133949,0.011224803396261
-6.098690389164304,2.894351545133949,0.009863499554803838
-5.995322755449655,2.894351545133949,0.009975775307449728
-5.8919551217350055,2.894351545133949,0.01085125405241595
-5.788587488020356,2.894351545133949,0.011323443328955024
-5.685219854305708,2.894351545133949,0.010243701146670637
-5.581852220591058,2.894351545133949,0.006966902178574614
-5.478484586876409,2.894351545133949,0.0016778634876394231
-5.3751169531617595,2.894351545133949,-0.004564609246172468
-5.27174931944711,2.894351545133949,-0.010097496789819266
-5.168381685732461,2.894351545133949,-0.013162373339800582
-5.065014052017812,2.894351545133949,-0.012493091006194581
-4.961646418303163,2.894351545133949,-0.0077873437654304494
-4.858278784588514,2.894351545133949,0.00010353492406438733
-4.754911150873865,2.894351545133949,0.009346101000880257
-4.651543517159215,2.894351545133949,0.017621162756375666
-4.548175883444566,2.894351545133949,0.022800130562723248
-4.444808249729917,2.894351545133949,0.02359209321747207
-4.341440616015267,2.894351545133949,0.019954540707667497
-4.238072982300618,2.894351545133949,0.013130563603015379
-4.134705348585968,2.894351545133949,0.0052917249269158985
-4.031337714871319,2.894351545133949,-0.0011084897741620115
-3.9279700811566705,2.894351545133949,-0.004071631071901523
-3.8246024474420213,2.894351545133949,-0.0026514124923294135
-3.7212348137273725,2.894351545133949,0.0027764915331290776
-3.6178671800127233,2.894351545133949,0.010655822010301776
-3.514499546298074,2.894351545133949,0.018754785586248313
-3.411131912583425,2.894351545133949,0.02487086367784404
-3.3077642788687753,2.894351545133949,0.02750804197540669
-3.204396645154126,2.894351545133949,0.02630958822746769
-3.101029011439477,2.894351545133949,0.022110592198739655
-2.9976613777248278,2.894351545133949,0.016599695303118497
-2.8942937440101786,2.894351545133949,0.01170770665524325
-2.790926110295529,2.894351545133949,0.008929979167309112
-2.6875584765808798,2.894351545133949,0.008810183924093922
-2.5841908428662306,2.894351545133949,0.0107586740281703
-2.4808232091515814,2.894351545133949,0.013266950765569833
-2.3774555754369326,2.894351545133949,0.014447666261462686
-2.2740879417222835,2.894351545133949,0.012720646941652288
-2.1707203080076334,2.894351545133949,0.007415481905051865
-2.067352674292984,2.894351545133949,-0.000913269359788054
-1.9639850405783352,2.894351545133949,-0.01056958253938951
-1.8606174068636863,2.894351545133949,-0.019180109795666606
-1.757249773149037,2.894351545133949,-0.02439690176021267
-1.6538821394343879,2.894351545133949,-0.02461838345483031
-1.550514505719738,2.894351545133949,-0.019500876002620963
-1.447146872005089,2.894351545133949,-0.01009848742265749
-1.3437792382904399,2.894351545133949,0.0014139199885157298
-1.2404116045757907,2.894351545133949,0.012349607437742466
-1.1370439708611417,2.894351545133949,0.020263436952366088
-1.0336763371464925,2.894351545133949,0.023620727559278923
-0.9303087034318435,2.894351545133949,0.022182644829115666
-0.8269410697171936,2.894351545133949,0.01700083478820705
-0.7235734360025445,2.894351545133949,0.010036391148404347
-0.6202058022878953,2.894351545133949,0.0035321332986486724
-0.5168381685732463,2.894351545133949,-0.0006628377907943017
-0.4134705348585972,2.894351545133949,-0.001611546617987152
-0.31010290114394806,2.894351545133949,0.0004966188555165606
-0.2067352674292982,2.894351545133949,0.004482734507836854
-0.1033676337146491,2.894351545133949,0.008603653580440407
0.,2.894351545133949,0.011119213168369488
0.1033676337146491,2.894351545133949,0.010821047458974505
0.2067352674292982,2.894351545133949,0.007366894847393041
0.31010290114394734,2.894351545133949,0.0013350569320661142
0.4134705348585964,2.894351545133949,-0.005994360346214873
0.5168381685732455,2.894351545133949,-0.013042113381015578
0.6202058022878947,2.894351545133949,-0.018379110150915243
0.7235734360025438,2.894351545133949,-0.02108418547098018
0.8269410697171944,2.894351545133949,-0.020914771526954166
0.9303087034318435,2.894351545133949,-0.018263317728203204
1.0336763371464925,2.894351545133949,-0.01394216557134247
1.1370439708611417,2.894351545133949,-0.008887996562861177
1.2404116045757907,2.894351545133949,-0.0038902207354725655
1.3437792382904399,2.894351545133949,0.0005749786646786691
1.447146872005089,2.894351545133949,0.004370360381928592
1.550514505719738,2.894351545133949,0.00760145851919858
1.6538821394343872,2.894351545133949,0.010456760011429249
1.7572497731490362,2.894351545133949,0.013056712831511259
1.8606174068636854,2.894351545133949,0.015370373410286966
1.9639850405783346,2.894351545133949,0.01722471798503928
2.0673526742929837,2.894351545133949,0.018392112369546285
2.1707203080076343,2.894351545133949,0.018711341924559952
2.2740879417222835,2.894351545133949,0.01818737691442308
2.3774555754369326,2.894351545133949,0.017026908914638296
2.4808232091515814,2.894351545133949,0.015594447199365591
2.5841908428662306,2.894351545133949,0.014305707622633997
2.6875584765808798,2.894351545133949,0.013498707279198411
2.790926110295529,2.894351545133949,0.013329923900360334
2.894293744010178,2.894351545133949,0.013731537934065783
2.997661377724827,2.894351545133949,0.014441660701863392
3.101029011439476,2.894351545133949,0.015092587537674304
3.2043966451541253,2.894351545133949,0.015322897162720839
3.3077642788687744,2.894351545133949,0.014874365719211517
3.411131912583425,2.894351545133949,0.013644813673747435
3.514499546298074,2.894351545133949,0.011687827935470123
3.6178671800127233,2.894351545133949,0.009170988170340117
3.7212348137273725,2.894351545133949,0.006317257011843585
3.8246024474420213,2.894351545133949,0.0033548563951970737
3.9279700811566705,2.894351545133949,0.0004901683773466793
4.031337714871319,2.894351545133949,-0.002098053388992007
4.134705348585968,2.894351545133949,-0.00425828416053332
4.238072982300618,2.894351545133949,-0.005878413437794955
4.341440616015267,2.894351545133949,-0.006920838234225594
4.444808249729916,2.894351545133949,-0.007473735842599192
4.548175883444565,2.894351545133949,-0.007794223392395142
4.651543517159214,2.894351545133949,-0.00831036897684839
4.754911150873865,2.894351545133949,-0.009555538545312218
4.858278784588514,2.894351545133949,-0.012030652382432725
4.961646418303163,2.894351545133949,-0.016020849722437558
5.065014052017812,2.894351545133949,-0.021421022015057974
5.168381685732461,2.894351545133949,-0.02763712070329484
5.27174931944711,2.894351545133949,-0.03361885601753463
5.3751169531617595,2.894351545133949,-0.03804440366919056
5.478484586876409,2.894351545133949,-0.03962835837217525
5.581852220591058,2.894351545133949,-0.0374766001621333
5.685219854305707,2.894351545133949,-0.031383654793291756
5.788587488020356,2.894351545133949,-0.02197225050401677
5.8919551217350055,2.894351545133949,-0.010613612243772847
5.995322755449654,2.894351545133949,0.0008690567800111113
6.098690389164305,2.894351545133949,0.010641964509860194
6.202058022878954,2.894351545133949,0.017323217130544983
6.305425656593603,2.894351545133949,0.020327540469049006
6.408793290308252,2.894351545133949,0.019983908432080963
-6.408793290308252,2.9977212431744475,0.014321997152830425
-6.305425656593603,2.9977212431744475,0.009425916113284305
-6.202058022878954,2.9977212431744475,0.005906865283878503
-6.098690389164304,2.9977212431744475,0.005001758617271217
-5.995322755449655,2.9977212431744475,0.006937951326005424
-5.8919551217350055,2.9977212431744475,0.010903321832827948
-5.788587488020356,2.9977212431744475,0.015353327687287801
-5.685219854305708,2.9977212431744475,0.018555615796242698
-5.581852220591058,2.9977212431744475,0.019194167091672366
-5.478484586876409,2.9977212431744475,0.016833550260159185
-5.3751169531617595,2.9977212431744475,0.012087858605925735
-5.27174931944711,2.9977212431744475,0.006434952136975969
-5.168381685732461,2.9977212431744475,0.0017337772739942374
-5.065014052017812,2.9977212431744475,-0.0003977749392527152
-4.961646418303163,2.9977212431744475,0.0008617745593681582
-4.858278784588514,2.9977212431744475,0.005236010526598254
-4.754911150873865,2.9977212431744475,0.01140835002453538
-4.651543517159215,2.9977212431744475,0.01742627959647286
-4.548175883444566,2.9977212431744475,0.02132391177770246
-4.444808249729917,2.9977212431744475,0.02176024144301022
-4.341440616015267,2.9977212431744475,0.018462463555357113
-4.238072982300618,2.9977212431744475,0.01232561996269584
-4.134705348585968,2.9977212431744475,0.005131908474620087
-4.031337714871319,2.9977212431744475,-0.0010215104526227214
-3.9279700811566705,2.9977212431744475,-0.004400044714990856
-3.8246024474420213,2.9977212431744475,-0.004191876824336668
-3.7212348137273725,2.9977212431744475,-0.0007652403012917249
-3.6178671800127233,2.9977212431744475,0.004463868814829564
-3.514499546298074,2.9977212431744475,0.009511640132824855
-3.411131912583425,2.9977212431744475,0.012496484893791831
-3.3077642788687753,2.9977212431744475,0.012277294287317471
-3.204396645154126,2.9977212431744475,0.008846862499954537
-3.101029011439477,2.9977212431744475,0.0033469580859166754
-2.9976613777248278,2.9977212431744475,-0.0023040207771889793
-2.8942937440101786,2.9977212431744475,-0.006051355124725233
-2.790926110295529,2.9977212431744475,-0.006402670711947444
-2.6875584765808798,2.9977212431744475,-0.0029535526180952893
-2.5841908428662306,2.9977212431744475,0.003437116199702282
-2.4808232091515814,2.9977212431744475,0.010886462360360949
-2.3774555754369326,2.9977212431744475,0.017071022523296113
-2.2740879417222835,2.9977212431744475,0.01997061067204302
-2.1707203080076334,2.9977212431744475,0.01853466967583538
-2.067352674292984,2.9977212431744475,0.01305528678929571
-1.9639850405783352,2.9977212431744475,0.005122731465073989
-1.8606174068636863,2.9977212431744475,-0.0028288609879929664
-1.757249773149037,2.9977212431744475,-0.008248394189031203
-1.6538821394343879,2.9977212431744475,-0.0092438016300248
-1.550514505719738,2.9977212431744475,-0.005167887584676939
-1.447146872005089,2.9977212431744475,0.0031660516922570035
-1.3437792382904399,2.9977212431744475,0.013704214390406822
-1.2404116045757907,2.9977212431744475,0.023739679882170506
-1.1370439708611417,2.9977212431744475,0.030688351172484835
-1.0336763371464925,2.9977212431744475,0.03282070858487068
-0.9303087034318435,2.9977212431744475,0.02973470785406767
-0.8269410697171936,2.9977212431744475,0.022437649687148
-0.7235734360025445,2.9977212431744475,0.013024496347937484
-0.6202058022878953,2.9977212431744475,0.004059179248671368
-0.5168381685732463,2.9977212431744475,-0.002152094096676094
-0.4134705348585972,2.9977212431744475,-0.004183842805633837
-0.31010290114394806,2.9977212431744475,-0.0018397820665945253
-0.2067352674292982,2.9977212431744475,0.0038555295721543256
-0.1033676337146491,2.9977212431744475,0.010997274867477367
0.,2.9977212431744475,0.017356411557245478
0.1033676337146491,2.9977212431744475,0.020983061796831546
0.2067352674292982,2.9977212431744475,0.02069052012142614
0.31010290114394734,2.9977212431744475,0.016302027512264186
0.4134705348585964,2.9977212431744475,0.008619837044854329
0.5168381685732455,2.9977212431744475,-0.0008437981220667019
0.6202058022878947,2.9977212431744475,-0.010275076453507517
0.7235734360025438,2.9977212431744475,-0.017984642241282916
0.8269410697171944,2.9977212431744475,-0.022743618946055477
0.9303087034318435,2.9977212431744475,-0.02396431130898376
1.0336763371464925,2.9977212431744475,-0.02171301885363529
1.1370439708611417,2.9977212431744475,-0.01658816872052827
1.2404116045757907,2.9977212431744475,-0.009523196436056192
1.3437792382904399,2.9977212431744475,-0.001576378735562822
1.447146872005089,2.9977212431744475,0.006246201625843854
1.550514505719738,2.9977212431744475,0.013113067077352375
1.6538821394343872,2.9977212431744475,0.018435975889147787
1.7572497731490362,2.9977212431744475,0.021897991145552385
1.8606174068636854,2.9977212431744475,0.02345481370699467
1.9639850405783346,2.9977212431744475,0.023315809817903717
2.0673526742929837,2.9977212431744475,0.02190262606400012
2.1707203080076343,2.9977212431744475,0.01978002351028118
2.2740879417222835,2.9977212431744475,0.017558526181701683
2.3774555754369326,2.9977212431744475,0.015779853529816333
2.4808232091515814,2.9977212431744475,0.014808249413247964
2.5841908428662306,2.9977212431744475,0.01475693978641959
2.6875584765808798,2.9977212431744475,0.015474349441250005
2.790926110295529,2.9977212431744475,0.016599172006257327
2.894293744010178,2.9977212431744475,0.017671678318505194
2.997661377724827,2.9977212431744475,0.01826882241739819
3.101029011439476,2.9977212431744475,0.0181209042380526
3.2043966451541253,2.9977212431744475,0.017172557149125786
3.3077642788687744,2.9977212431744475,0.01556982139070243
3.411131912583425,2.9977212431744475,0.013581544564108398
3.514499546298074,2.9977212431744475,0.011487412892727214
3.6178671800127233,2.9977212431744475,0.009477036679628603
3.7212348137273725,2.9977212431744475,0.00759940225216089
3.8246024474420213,2.9977212431744475,0.005780987258104112
3.9279700811566705,2.9977212431744475,0.0039017181115738753
4.031337714871319,2.9977212431744475,0.0018922614648069142
4.134705348585968,2.9977212431744475,-0.00019525395153882475
4.238072982300618,2.9977212431744475,-0.0021823256471221538
4.341440616015267,2.9977212431744475,-0.003837505881476304
4.444808249729916,2.9977212431744475,-0.005005514106576506
4.548175883444565,2.9977212431744475,-0.005739617588728487
4.651543517159214,2.9977212431744475,-0.0063735815952516844
4.754911150873865,2.9977212431744475,-0.007483622809752819
4.858278784588514,2.9977212431744475,-0.009727871432722884
4.961646418303163,2.9977212431744475,-0.013599038157797215
5.065014052017812,2.9977212431744475,-0.01916779483062418
5.168381685732461,2.9977212431744475,-0.025912786523710426
5.27174931944711,2.9977212431744475,-0.03271814228013088
5.3751169531617595,2.9977212431744475,-0.03807219927147986
5.478484586876409,2.9977212431744475,-0.040435253330668934
5.581852220591058,2.9977212431744475,-0.03868106429793694
5.685219854305707,2.9977212431744475,-0.03247927564362993
5.788587488020356,2.9977212431744475,-0.022489636806978134
5.8919551217350055,2.9977212431744475,-0.010286630308695076
5.995322755449654,2.9977212431744475,0.001987579394987008
6.098690389164305,2.9977212431744475,0.01215728940505418
6.202058022878954,2.9977212431744475,0.018584419894104982
6.305425656593603,2.9977212431744475,0.02060558724444892
6.408793290308252,2.9977212431744475,0.018697131534811666
-6.408793290308252,3.1010909412149457,0.010688855683523008
-6.305425656593603,3.1010909412149457,0.00495725273481153
-6.202058022878954,3.1010909412149457,0.001107573773699606
-6.098690389164304,3.1010909412149457,0.0004984596449067232
-5.995322755449655,3.1010909412149457,0.003428476468911619
-5.8919551217350055,3.1010909412149457,0.00909167300497176
-5.788587488020356,3.1010909412149457,0.015870757924533612
-5.685219854305708,3.1010909412149457,0.021869281503489758
-5.581852220591058,3.1010909412149457,0.025509766804421817
-5.478484586876409,3.1010909412149457,0.026006707988471305
-5.3751169531617595,3.1010909412149457,0.023567425806167063
-5.27174931944711,3.1010909412149457,0.01926514687445449
-5.168381685732461,3.1010909412149457,0.014636938430338382
-5.065014052017812,3.1010909412149457,0.011148357538017638
-4.961646418303163,3.1010909412149457,0.009707415301541192
-4.858278784588514,3.1010909412149457,0.010389589915073154
-4.754911150873865,3.1010909412149457,0.012460732249125098
-4.651543517159215,3.1010909412149457,0.01468150893562732
-4.548175883444566,3.1010909412149457,0.015780676807486318
-4.444808249729917,3.1010909412149457,0.014927693835670403
-4.341440616015267,3.1010909412149457,0.012037148006359572
-4.238072982300618,3.1010909412149457,0.00779740364046903
-4.134705348585968,3.1010909412149457,0.003413133160447238
-4.031337714871319,3.1010909412149457,0.00015262112542088977
-3.9279700811566705,3.1010909412149457,-0.0011389893692800655
-3.8246024474420213,3.1010909412149457,-0.00038449501328000486
-3.7212348137273725,3.1010909412149457,0.0016522118061652199
-3.6178671800127233,3.1010909412149457,0.0036019438063141845
-3.514499546298074,3.1010909412149457,0.003964868071618541
-3.411131912583425,3.1010909412149457,0.0016679270779702193
-3.3077642788687753,3.1010909412149457,-0.0034858397552759227
-3.204396645154126,3.1010909412149457,-0.010637714457814584
-3.101029011439477,3.1010909412149457,-0.018040344416658333
-2.9976613777248278,3.1010909412149457,-0.02353523519448976
-2.8942937440101786,3.1010909412149457,-0.025200181710950603
-2.790926110295529,3.1010909412149457,-0.02196516912297291
-2.6875584765808798,3.1010909412149457,-0.013998486513965267
-2.5841908428662306,3.1010909412149457,-0.002732190953419545
-2.4808232091515814,3.1010909412149457,0.009493239784409828
-2.3774555754369326,3.1010909412149457,0.02006625544531429
-2.2740879417222835,3.1010909412149457,0.026835387157909577
-2.1707203080076334,3.1010909412149457,0.02871468764443718
-2.067352674292984,3.1010909412149457,0.025980663745051792
-1.9639850405783352,3.1010909412149457,0.020171113404750585
-1.8606174068636863,3.1010909412149457,0.013616717421408141
-1.757249773149037,3.1010909412149457,0.008746446505039258
-1.6538821394343879,3.1010909412149457,0.007374078372434014
-1.550514505719738,3.1010909412149457,0.01017584870342353
-1.447146872005089,3.1010909412149457,0.016508946151820875
-1.3437792382904399,3.1010909412149457,0.02461698635609634
-1.2404116045757907,3.1010909412149457,0.03215415464812571
-1.1370439708611417,3.1010909412149457,0.03686897762283012
-1.0336763371464925,3.1010909412149457,0.03724775268626243
-0.9303087034318435,3.1010909412149457,0.03293651386421348
-0.8269410697171936,3.1010909412149457,0.02483066709714958
-0.7235734360025445,3.1010909412149457,0.014819883406646141
-0.6202058022878953,3.1010909412149457,0.0052723397104447916
-0.5168381685732463,3.1010909412149457,-0.0015906428804472988
-0.4134705348585972,3.1010909412149457,-0.004258045264209174
-0.31010290114394806,3.1010909412149457,-0.002287287227577868
-0.2067352674292982,3.1010909412149457,0.00362171272424892
-0.1033676337146491,3.1010909412149457,0.01183555934959756
0.,3.1010909412149457,0.02020697680774891
0.1033676337146491,3.1010909412149457,0.02658752885105167
0.2067352674292982,3.1010909412149457,0.02930616957470796
0.31010290114394734,3.1010909412149457,0.02750918534045893
0.4134705348585964,3.1010909412149457,0.021301663983284008
0.5168381685732455,3.1010909412149457,0.011682000755643988
0.6202058022878947,3.1010909412149457,0.00030532179391002203
0.7235734360025438,3.1010909412149457,-0.010859820097186421
0.8269410697171944,3.1010909412149457,-0.01990709145596406
0.9303087034318435,3.1010909412149457,-0.025331545792974156
1.0336763371464925,3.1010909412149457,-0.026278962965471525
1.1370439708611417,3.1010909412149457,-0.022671696401532517
1.2404116045757907,3.1010909412149457,-0.015197533393722804
1.3437792382904399,3.1010909412149457,-0.005167360282728225
1.447146872005089,3.1010909412149457,0.005734185726840616
1.550514505719738,3.1010909412149457,0.015763744648602494
1.6538821394343872,3.1010909412149457,0.023444678561127287
1.7572497731490362,3.1010909412149457,0.027840725977934567
1.8606174068636854,3.1010909412149457,0.028719977526168523
1.9639850405783346,3.1010909412149457,0.026569471210699674
2.0673526742929837,3.1010909412149457,0.022451577998739976
2.1707203080076343,3.1010909412149457,0.017730991184463887
2.2740879417222835,3.1010909412149457,0.013735810444078712
2.3774555754369326,3.1010909412149457,0.011437107633714296
2.4808232091515814,3.1010909412149457,0.011230312162955074
2.5841908428662306,3.1010909412149457,0.012876615232158694
2.6875584765808798,3.1010909412149457,0.01561886521478476
2.790926110295529,3.1010909412149457,0.018436289436624866
2.894293744010178,3.1010909412149457,0.02036119281053085
2.997661377724827,3.1010909412149457,0.020762111434795998
3.101029011439476,3.1010909412149457,0.0195087073299427
3.2043966451541253,3.1010909412149457,0.016971514402537725
3.3077642788687744,3.1010909412149457,0.013862867361381797
3.411131912583425,3.1010909412149457,0.010976702838730023
3.514499546298074,3.1010909412149457,0.008917196213897556
3.6178671800127233,3.1010909412149457,0.007908171466307453
3.7212348137273725,3.1010909412149457,0.007745805444131862
3.8246024474420213,3.1010909412149457,0.007906116581555713
3.9279700811566705,3.1010909412149457,0.0077636500643329335
4.031337714871319,3.1010909412149457,0.0068380641507461305
4.134705348585968,3.1010909412149457,0.004975429406829187
4.238072982300618,3.1010909412149457,0.002395142203188162
4.341440616015267,3.1010909412149457,-0.0004165101197238031
4.444808249729916,3.1010909412149457,-0.002926521079694337
4.548175883444565,3.1010909412149457,-0.004803744365261182
4.651543517159214,3.1010909412149457,-0.006095127735871145
4.754911150873865,3.1010909412149457,-0.007250848983033601
4.858278784588514,3.1010909412149457,-0.00897282508149806
4.961646418303163,3.1010909412149457,-0.011927617060336331
5.065014052017812,3.1010909412149457,-0.01642093700263831
5.168381685732461,3.1010909412149457,-0.022155517124651792
5.27174931944711,3.1010909412149457,-0.028175933152904155
5.3751169531617595,3.1010909412149457,-0.033046646606528486
5.478484586876409,3.1010909412149457,-0.03523075570912221
5.581852220591058,3.1010909412149457,-0.033563070218546834
5.685219854305707,3.1010909412149457,-0.02766833157732291
5.788587488020356,3.1010909412149457,-0.018180555578644057
5.8919551217350055,3.1010909412149457,-0.006673829219855851
5.995322755449654,3.1010909412149457,0.004697096184167415
6.098690389164305,3.1010909412149457,0.013754174751322951
6.202058022878954,3.1010909412149457,0.018890421395716568
6.305425656593603,3.1010909412149457,0.019520637929104582
6.408793290308252,3.1010909412149457,0.016245834241272114
-6.408793290308252,3.2044606392554438,0.007982203640405344
-6.305425656593603,3.2044606392554438,0.0021182767647488047
-6.202058022878954,3.2044606392554438,-0.0016562818084122743
-6.098690389164304,3.2044606392554438,-0.002165812927860584
-5.995322755449655,3.2044606392554438,0.0008001666223145478
-5.8919551217350055,3.2044606392554438,0.006489966539822902
-5.788587488020356,3.2044606392554438,0.013473630714526617
-5.685219854305708,3.2044606392554438,0.020104244674263794
-5.581852220591058,3.2044606392554438,0.02500208604633638
-5.478484586876409,3.2044606392554438,0.02740869206781481
-5.3751169531617595,3.2044606392554438,0.027309947755141718
-5.27174931944711,3.2044606392554438,0.025310436125866125
-5.168381685732461,3.2044606392554438,0.02232614945397255
-5.065014052017812,3.2044606392554438,0.01922003699620659
-4.961646418303163,3.2044606392554438,0.016515827253210682
-4.858278784588514,3.2044606392554438,0.014287840207527727
-4.754911150873865,3.2044606392554438,0.012253009643151389
-4.651543517159215,3.2044606392554438,0.010012683384029965
-4.548175883444566,3.2044606392554438,0.007334747884792041
-4.444808249729917,3.2044606392554438,0.004351963106862043
-4.341440616015267,3.2044606392554438,0.0015854199937811542
-4.238072982300618,3.2044606392554438,-0.000229228308630135
-4.134705348585968,3.2044606392554438,-0.00045571892590563995
-4.031337714871319,3.2044606392554438,0.00110648142526888
-3.9279700811566705,3.2044606392554438,0.004000251147120187
-3.8246024474420213,3.2044606392554438,0.0071087423446168935
-3.7212348137273725,3.2044606392554438,0.008906077421607742
-3.6178671800127233,3.2044606392554438,0.007904172553795526
-3.514499546298074,3.2044606392554438,0.003163403872327046
-3.411131912583425,3.2044606392554438,-0.0052997585058506885
-3.3077642788687753,3.2044606392554438,-0.016354678426077834
-3.204396645154126,3.2044606392554438,-0.02792371409202285
-3.101029011439477,3.2044606392554438,-0.037450516962352964
-2.9976613777248278,3.2044606392554438,-0.04254855762301545
-2.8942937440101786,3.2044606392554438,-0.041646732387141894
-2.790926110295529,3.2044606392554438,-0.03444220312485337
-2.6875584765808798,3.2044606392554438,-0.02202274009292206
-2.5841908428662306,3.2044606392554438,-0.006616219816465616
-2.4808232091515814,3.2044606392554438,0.008965815302195916
-2.3774555754369326,3.2044606392554438,0.022034253046352287
-2.2740879417222835,3.2044606392554438,0.03067968726582443
-2.1707203080076334,3.2044606392554438,0.034199662669316164
-2.067352674292984,3.2044606392554438,0.03318504372758281
-1.9639850405783352,3.2044606392554438,0.02925557373965415
-1.8606174068636863,3.2044606392554438,0.02453491558217752
-1.757249773149037,3.2044606392554438,0.02102513630641882
-1.6538821394343879,3.2044606392554438,0.02006042877039876
-1.550514505719738,3.2044606392554438,0.02198663490972821
-1.447146872005089,3.2044606392554438,0.026139835931161506
-1.3437792382904399,3.2044606392554438,0.031108130803830777
-1.2404116045757907,3.2044606392554438,0.035182991911059704
-1.1370439708611417,3.2044606392554438,0.03686194373553369
-1.0336763371464925,3.2044606392554438,0.03526264818380484
-0.9303087034318435,3.2044606392554438,0.030345923264899148
-0.8269410697171936,3.2044606392554438,0.022906685893750375
-0.7235734360025445,3.2044606392554438,0.014356874047304008
-0.6202058022878953,3.2044606392554438,0.006374266981014575
-0.5168381685732463,3.2044606392554438,0.0005142303558513668
-0.4134705348585972,3.2044606392554438,-0.0021239834228683
-0.31010290114394806,3.2044606392554438,-0.001111626495455961
-0.2067352674292982,3.2044606392554438,0.0032428221184821076
-0.1033676337146491,3.2044606392554438,0.009969036825884393
0.,3.2044606392554438,0.017623210490741507
0.1033676337146491,3.2044606392554438,0.024549117386737283
0.2067352674292982,3.2044606392554438,0.02916974258466214
0.31010290114394734,3.2044606392554438,0.03026952120856676
0.4134705348585964,3.2044606392554438,0.02722924179281118
0.5168381685732455,3.2044606392554438,0.020176797677947392
0.6202058022878947,3.2044606392554438,0.010020245276086278
0.7235734360025438,3.2044606392554438,-0.0016600772884586912
0.8269410697171944,3.2044606392554438,-0.01286276629844628
0.9303087034318435,3.2044606392554438,-0.021531672370720116
1.0336763371464925,3.2044606392554438,-0.02597508297962135
1.1370439708611417,3.2044606392554438,-0.025248888845457087
1.2404116045757907,3.2044606392554438,-0.019407139261547954
1.3437792382904399,3.2044606392554438,-0.00954225667751248
1.447146872005089,3.2044606392554438,0.0024175614086895014
1.550514505719738,3.2044606392554438,0.014124125089238423
1.6538821394343872,3.2044606392554438,0.023346690094861944
1.7572497731490362,3.2044606392554438,0.028497397203610164
1.8606174068636854,3.2044606392554438,0.029004291329921373
1.9639850405783346,3.2044606392554438,0.025425816565661626
2.0673526742929837,3.2044606392554438,0.0192689763244034
2.1707203080076343,3.2044606392554438,0.012556879875687942
2.2740879417222835,3.2044606392554438,0.007265133265346474
2.3774555754369326,3.2044606392554438,0.004787014309176513
2.4808232091515814,3.2044606392554438,0.005580568293736341
2.5841908428662306,3.2044606392554438,0.009097196893581343
2.6875584765808798,3.2044606392554438,0.014006553139043107
2.790926110295529,3.2044606392554438,0.018642673574811853
2.894293744010178,3.2044606392554438,0.021529632011240023
2.997661377724827,3.2044606392554438,0.02182296761673285
3.101029011439476,3.2044606392554438,0.01953293541779361
3.2043966451541253,3.2044606392554438,0.015467664531139624
3.3077642788687744,3.2044606392554438,0.010925143693123774
3.411131912583425,3.2044606392554438,0.007242908301047474
3.514499546298074,3.2044606392554438,0.005357293301515252
3.6178671800127233,3.2044606392554438,0.0055163719798455736
3.7212348137273725,3.2044606392554438,0.00723541541706824
3.8246024474420213,3.2044606392554438,0.009499983947255292
3.9279700811566705,3.2044606392554438,0.011138159984030852
4.031337714871319,3.2044606392554438,0.011228272371259068
4.134705348585968,3.2044606392554438,0.009400182962727637
4.238072982300618,3.2044606392554438,0.005929068260819214
4.341440616015267,3.2044606392554438,0.0015959635394039852
4.444808249729916,3.2044606392554438,-0.002627385842797652
4.548175883444565,3.2044606392554438,-0.005949812603328985
4.651543517159214,3.2044606392554438,-0.008049615922470178
4.754911150873865,3.2044606392554438,-0.009173249767023682
4.858278784588514,3.2044606392554438,-0.010005722794279274
4.961646418303163,3.2044606392554438,-0.01135875873002411
5.065014052017812,3.2044606392554438,-0.0137914765951201
5.168381685732461,3.2044606392554438,-0.017306887457799996
5.27174931944711,3.2044606392554438,-0.021244953199231677
5.3751169531617595,3.2044606392554438,-0.024426221133214975
5.478484586876409,3.2044606392554438,-0.025511695109515745
5.581852220591058,3.2044606392554438,-0.02346519601576249
5.685219854305707,3.2044606392554438,-0.01796206151905354
5.788587488020356,3.2044606392554438,-0.00959841256794673
5.8919551217350055,3.2044606392554438,0.00018377983304355362
5.995322755449654,3.2044606392554438,0.00944856739080356
6.098690389164305,3.2044606392554438,0.016295106926573436
6.202058022878954,3.2044606392554438,0.01940254039522549
6.305425656593603,3.2044606392554438,0.018419614291203288
6.408793290308252,3.2044606392554438,0.01407432542406566
-6.408793290308252,3.307830337295942,0.0073060975862571055
-6.305425656593603,3.307830337295942,0.0018653444899646393
-6.202058022878954,3.307830337295942,-0.0014668874367342929
-6.098690389164304,3.307830337295942,-0.001955087868073072
-5.995322755449655,3.307830337295942,0.0003392195002428738
-5.8919551217350055,3.307830337295942,0.004673404159674017
-5.788587488020356,3.307830337295942,0.00992987434501202
-5.685219854305708,3.307830337295942,0.01499172797206089
-5.581852220591058,3.307830337295942,0.019052808768466652
-5.478484586876409,3.307830337295942,0.0217621162165125
-5.3751169531617595,3.307830337295942,0.023172442565838357
-5.27174931944711,3.307830337295942,0.023540840790391867
-5.168381685732461,3.307830337295942,0.023084542779084935
-5.065014052017812,3.307830337295942,0.02180918823071035
-4.961646418303163,3.307830337295942,0.019491896881429906
-4.858278784588514,3.307830337295942,0.015833130096939572
-4.754911150873865,3.307830337295942,0.01071503348317101
-4.651543517159215,3.307830337295942,0.004450118264152877
-4.548175883444566,3.307830337295942,-0.002104913707865503
-4.444808249729917,3.307830337295942,-0.0076536245501732355
-4.341440616015267,3.307830337295942,-0.010786451014420443
-4.238072982300618,3.307830337295942,-0.010444010033732444
-4.134705348585968,3.307830337295942,-0.006365688345080205
-4.031337714871319,3.307830337295942,0.0006440161197441819
-3.9279700811566705,3.307830337295942,0.008755418630012618
-3.8246024474420213,3.307830337295942,0.015491791225633456
-3.7212348137273725,3.307830337295942,0.018366018565148582
-3.6178671800127233,3.307830337295942,0.015602186527768794
-3.514499546298074,3.307830337295942,0.006725565704321287
-3.411131912583425,3.307830337295942,-0.007170308798122559
-3.3077642788687753,3.307830337295942,-0.023582323264864324
-3.204396645154126,3.307830337295942,-0.039159721029656994
-3.101029011439477,3.307830337295942,-0.050523690479268614
-2.9976613777248278,3.307830337295942,-0.0551176422862685
-2.8942937440101786,3.307830337295942,-0.0518481274490365
-2.790926110295529,3.307830337295942,-0.04133638594487448
-2.6875584765808798,3.307830337295942,-0.025715104691536546
-2.5841908428662306,3.307830337295942,-0.00803816962160716
-2.4808232091515814,3.307830337295942,0.008518513370507212
-2.3774555754369326,3.307830337295942,0.021433307866505935
-2.2740879417222835,3.307830337295942,0.02937821365866933
-2.1707203080076334,3.307830337295942,0.03238852577352696
-2.067352674292984,3.307830337295942,0.031646818717451494
-1.9639850405783352,3.307830337295942,0.0289796409970553
-1.8606174068636863,3.307830337295942,0.026241724805674105
-1.757249773149037,3.307830337295942,0.02477952830024671
-1.6538821394343879,3.307830337295942,0.025122393406969937
-1.550514505719738,3.307830337295942,0.02696402482466243
-1.447146872005089,3.307830337295942,0.029400295283277932
-1.3437792382904399,3.307830337295942,0.03131384318015987
-1.2404116045757907,3.307830337295942,0.03176426710526202
-1.1370439708611417,3.307830337295942,0.03026101824841351
-1.0336763371464925,3.307830337295942,0.026852867390997487
-0.9303087034318435,3.307830337295942,0.022039293144429054
-0.8269410697171936,3.307830337295942,0.016568501872753508
-0.7235734360025445,3.307830337295942,0.01121406412077802
-0.6202058022878953,3.307830337295942,0.006610983613725361
-0.5168381685732463,3.307830337295942,0.0031911215532560225
-0.4134705348585972,3.307830337295942,0.001206827054292567
-0.31010290114394806,3.307830337295942,0.0007925947620882369
-0.2067352674292982,3.307830337295942,0.002003598664912207
-0.1033676337146491,3.307830337295942,0.004790628425275697
0.,3.307830337295942,0.008913224303180848
0.1033676337146491,3.307830337295942,0.01383715831057752
0.2067352674292982,3.307830337295942,0.018687857018464447
0.31010290114394734,3.307830337295942,0.02232412820099956
0.4134705348585964,3.307830337295942,0.02355608522119802
0.5168381685732455,3.307830337295942,0.021471074408590442
0.6202058022878947,3.307830337295942,0.015774847482189477
0.7235734360025438,3.307830337295942,0.007026238186090298
0.8269410697171944,3.307830337295942,-0.003342288252522467
0.9303087034318435,3.307830337295942,-0.013268385204076284
1.0336763371464925,3.307830337295942,-0.020533540851992976
1.1370439708611417,3.307830337295942,-0.023348886920820523
1.2404116045757907,3.307830337295942,-0.020882868821953615
1.3437792382904399,3.307830337295942,-0.01356090843152057
1.447146872005089,3.307830337295942,-0.003024770573131624
1.550514505719738,3.307830337295942,0.008261090620136032
1.6538821394343872,3.307830337295942,0.01765814404283853
1.7572497731490362,3.307830337295942,0.023073699039458235
1.8606174068636854,3.307830337295942,0.02353782991837984
1.9639850405783346,3.307830337295942,0.019459911108524318
2.0673526742929837,3.307830337295942,0.01248229127654255
2.1707203080076343,3.307830337295942,0.00497240566965434
2.2740879417222835,3.307830337295942,-0.0006923327659685477
2.3774555754369326,3.307830337295942,-0.002827153601847381
2.4808232091515814,3.307830337295942,-0.0009145354105772863
2.5841908428662306,3.307830337295942,0.004291728688334471
2.6875584765808798,3.307830337295942,0.011057130565789174
2.790926110295529,3.307830337295942,0.01725051007046601
2.894293744010178,3.307830337295942,0.021028957367008844
2.997661377724827,3.307830337295942,0.021402987799301658
3.101029011439476,3.307830337295942,0.018505433755072697
3.2043966451541253,3.307830337295942,0.013488074374136015
3.3077642788687744,3.307830337295942,0.008093186789525659
3.411131912583425,3.307830337295942,0.0040518968285254125
3.514499546298074,3.307830337295942,0.0025131308977461393
3.6178671800127233,3.307830337295942,0.003690016278586546
3.7212348137273725,3.307830337295942,0.006832008280014073
3.8246024474420213,3.307830337295942,0.010518675739752332
3.9279700811566705,3.307830337295942,0.013163606808683333
4.031337714871319,3.307830337295942,0.013550473545974738
4.134705348585968,3.307830337295942,0.011219329181971447
4.238072982300618,3.307830337295942,0.0065793234899840245
4.341440616015267,3.307830337295942,0.0007225769462450079
4.444808249729916,3.307830337295942,-0.004982085060549598
4.548175883444565,3.307830337295942,-0.009363572538766395
4.651543517159214,3.307830337295942,-0.011821264256825796
4.754911150873865,3.307830337295942,-0.012468439573055263
4.858278784588514,3.307830337295942,-0.012005024329874046
4.961646418303163,3.307830337295942,-0.011377031872170408
5.065014052017812,3.307830337295942,-0.011356172380806676
5.168381685732461,3.307830337295942,-0.012199858176450362
5.27174931944711,3.307830337295942,-0.013520411049768675
5.3751169531617595,3.307830337295942,-0.014414557860185369
5.478484586876409,3.307830337295942,-0.013808451445933977
5.581852220591058,3.307830337295942,-0.010893824245231613
5.685219854305707,3.307830337295942,-0.005495814338598119
5.788587488020356,3.307830337295942,0.0017651231035802457
5.8919551217350055,3.307830337295942,0.009583819986392409
5.995322755449654,3.307830337295942,0.016325140645852013
6.098690389164305,3.307830337295942,0.020508967130329764
6.202058022878954,3.307830337295942,0.021265365184785563
6.305425656593603,3.307830337295942,0.018608994323866975
6.408793290308252,3.307830337295942,0.01344266834392549
-6.408793290308252,3.41120003533644,0.009028001923307404
-6.305425656593603,3.41120003533644,0.004306503104742001
-6.202058022878954,3.41120003533644,0.001698906770252758
-6.098690389164304,3.41120003533644,0.0013511717794642707
-5.995322755449655,3.41120003533644,0.002765485786641662
-5.8919551217350055,3.41120003533644,0.0050804948521385946
-5.788587488020356,3.41120003533644,0.007447509391796988
-5.685219854305708,3.41120003533644,0.009350324760885936
-5.581852220591058,3.41120003533644,0.010742771344632656
-5.478484586876409,3.41120003533644,0.011953854782706186
-5.3751169531617595,3.41120003533644,0.013406604642104766
-5.27174931944711,3.41120003533644,0.015276381916230012
-5.168381685732461,3.41120003533644,0.017245713083572214
-5.065014052017812,3.41120003533644,0.018481585183076375
-4.961646418303163,3.41120003533644,0.017876841497007693
-4.858278784588514,3.41120003533644,0.014489897955563614
-4.754911150873865,3.41120003533644,0.00802677582764259
-4.651543517159215,3.41120003533644,-0.0008276132489334556
-4.548175883444566,3.41120003533644,-0.010387836176008395
-4.444808249729917,3.41120003533644,-0.018316881660148266
-4.341440616015267,3.41120003533644,-0.02227616121212194
-4.238072982300618,3.41120003533644,-0.020689321398627083
-4.134705348585968,3.41120003533644,-0.01337094942388413
-4.031337714871319,3.41120003533644,-0.001791606830968457
-3.9279700811566705,3.41120003533644,0.011148444529781963
-3.8246024474420213,3.41120003533644,0.021812564545809744
-3.7212348137273725,3.41120003533644,0.026809673225287933
-3.6178671800127233,3.41120003533644,0.023981660864823336
-3.514499546298074,3.41120003533644,0.013095051219056474
-3.411131912583425,3.41120003533644,-0.003986231933115648
-3.3077642788687753,3.41120003533644,-0.023718115316076295
-3.204396645154126,3.41120003533644,-0.041775988898633085
-3.101029011439477,3.41120003533644,-0.05418049864589995
-2.9976613777248278,3.41120003533644,-0.058323048378692746
-2.8942937440101786,3.41120003533644,-0.05359548436850695
-2.790926110295529,3.41120003533644,-0.04145084778082764
-2.6875584765808798,3.41120003533644,-0.024896566401834776
-2.5841908428662306,3.41120003533644,-0.007592014791591171
-2.4808232091515814,3.41120003533644,0.0071650974918191735
-2.3774555754369326,3.41120003533644,0.0172589665538775
-2.2740879417222835,3.41120003533644,0.02215407069288422
-2.1707203080076334,3.41120003533644,0.022787658394822576
-2.067352674292984,3.41120003533644,0.021035930570991224
-1.9639850405783352,3.41120003533644,0.01896228491066178
-1.8606174068636863,3.41120003533644,0.018109427743150684
-1.757249773149037,3.41120003533644,0.019061339669317993
-1.6538821394343879,3.41120003533644,0.021392564939655204
-1.550514505719738,3.41120003533644,0.02398150014484075
-1.447146872005089,3.41120003533644,0.02554097407790575
-1.3437792382904399,3.41120003533644,0.02515501623232019
-1.2404116045757907,3.41120003533644,0.022624670826538306
-1.1370439708611417,3.41120003533644,0.01850917373319829
-1.0336763371464925,3.41120003533644,0.01386871873997734
-0.9303087034318435,3.41120003533644,0.009826567956570683
-0.8269410697171936,3.41120003533644,0.0071310938136321875
-0.7235734360025445,3.41120003533644,0.005891005466662041
-0.6202058022878953,3.41120003533644,0.0055841981614420414
-0.5168381685732463,3.41120003533644,0.005331018076494956
-0.4134705348585972,3.41120003533644,0.004318062365638302
-0.31010290114394806,3.41120003533644,0.0021984577481675757
-0.2067352674292982,3.41120003533644,-0.0006983611708577478
-0.1033676337146491,3.41120003533644,-0.0034423422801482997
0.,3.41120003533644,-0.004848567639110898
0.1033676337146491,3.41120003533644,-0.003970060716702552
0.2067352674292982,3.41120003533644,-0.0005505217809974798
0.31010290114394734,3.41120003533644,0.004745484086572422
0.4134705348585964,3.41120003533644,0.010433535290990644
0.5168381685732455,3.41120003533644,0.014632264290644393
0.6202058022878947,3.41120003533644,0.01567868697568678
0.7235734360025438,3.41120003533644,0.012727869957848248
0.8269410697171944,3.41120003533644,0.006121872802781303
0.9303087034318435,3.41120003533644,-0.0026173431679045373
1.0336763371464925,3.41120003533644,-0.011192012942690645
1.1370439708611417,3.41120003533644,-0.017213871424698136
1.2404116045757907,3.41120003533644,-0.01895327140749767
1.3437792382904399,3.41120003533644,-0.015904758753372508
1.447146872005089,3.41120003533644,-0.008975668888655178
1.550514505719738,3.41120003533644,-0.00022550508496292025
1.6538821394343872,3.41120003533644,0.007767830968622464
1.7572497731490362,3.41120003533644,0.012713582140672435
1.8606174068636854,3.41120003533644,0.013324670544171142
1.9639850405783346,3.41120003533644,0.0097117527521989
2.0673526742929837,3.41120003533644,0.0033267876731609843
2.1707203080076343,3.41120003533644,-0.0035234603469364804
2.2740879417222835,3.41120003533644,-0.008432032540376734
2.3774555754369326,3.41120003533644,-0.00966547506469397
2.4808232091515814,3.41120003533644,-0.006703999375231259
2.5841908428662306,3.41120003533644,-0.00037600227418382626
2.6875584765808798,3.41120003533644,0.007448307134356596
2.790926110295529,3.41120003533644,0.014492870027160876
2.894293744010178,3.41120003533644,0.018823164745126846
2.997661377724827,3.41120003533644,0.019455028164166704
3.101029011439476,3.41120003533644,0.016627542441489555
3.2043966451541253,3.41120003533644,0.011660294706834974
3.3077642788687744,3.41120003533644,0.006456903591977119
3.411131912583425,3.41120003533644,0.0028337063116363383
3.514499546298074,3.41120003533644,0.0019057855191599068
3.6178671800127233,3.41120003533644,0.003735558996224032
3.7212348137273725,3.41120003533644,0.007353258165445861
3.8246024474420213,3.41120003533644,0.011128450838710911
3.9279700811566705,3.41120003533644,0.01335290358988639
4.031337714871319,3.41120003533644,0.012828043719411611
4.134705348585968,3.41120003533644,0.009256606096438025
4.238072982300618,3.41120003533644,0.0033132690075468167
4.341440616015267,3.41120003533644,-0.003615093604433534
4.444808249729916,3.41120003533644,-0.009914144544400542
4.548175883444565,3.41120003533644,-0.014272793408853008
4.651543517159214,3.41120003533644,-0.016072951870976203
4.754911150873865,3.41120003533644,-0.015509826952152361
4.858278784588514,3.41120003533644,-0.013416174642270075
4.961646418303163,3.41120003533644,-0.010871666444124331
5.065014052017812,3.41120003533644,-0.008753248132130744
5.168381685732461,3.41120003533644,-0.007398070462835966
5.27174931944711,3.41120003533644,-0.006503063033714938
5.3751169531617595,3.41120003533644,-0.005293241177952694
5.478484586876409,3.41120003533644,-0.002888871256014864
5.581852220591058,3.41120003533644,0.0012728074190134647
5.685219854305707,3.41120003533644,0.007125576489161285
5.788587488020356,3.41120003533644,0.013895040808416885
5.8919551217350055,3.41120003533644,0.020288719306681496
5.995322755449654,3.41120003533644,0.024892029365540882
6.098690389164305,3.41120003533644,0.02663037279806103
6.202058022878954,3.41120003533644,0.025132486128539848
6.305425656593603,3.41120003533644,0.020865414694065762
6.408793290308252,3.41120003533644,0.01499368943641459
-6.408793290308252,3.514569733376938,0.012674112622728323
-6.305425656593603,3.514569733376938,0.008691368435523174
-6.202058022878954,3.514569733376938,0.006966953423673205
-6.098690389164304,3.514569733376938,0.0070474322554973995
-5.995322755449655,3.514569733376938,0.007905654611622421
-5.8919551217350055,3.514569733376938,0.008405077281399217
-5.788587488020356,3.514569733376938,0.007789135045300083
-5.685219854305708,3.514569733376938,0.006002004539504099
-5.581852220591058,3.514569733376938,0.0037089862165299815
-5.478484586876409,3.514569733376938,0.001999264876845563
-5.3751169531617595,3.514569733376938,0.0018792853538230193
-5.27174931944711,3.514569733376938,0.0037541465348399595
-5.168381685732461,3.514569733376938,0.007111837921468783
-5.065014052017812,3.514569733376938,0.01056073585596727
-4.961646418303163,3.514569733376938,0.01224449102792649
-4.858278784588514,3.514569733376938,0.010514110538085457
-4.754911150873865,3.514569733376938,0.004627318609190037
-4.651543517159215,3.514569733376938,-0.004787180961021293
-4.548175883444566,3.514569733376938,-0.015701377013557578
-4.444808249729917,3.514569733376938,-0.025157194540655615
-4.341440616015267,3.514569733376938,-0.03012312033375878
-4.238072982300618,3.514569733376938,-0.028482517863567612
-4.134705348585968,3.514569733376938,-0.019831372467661125
-4.031337714871319,3.514569733376938,-0.005803123965124777
-3.9279700811566705,3.514569733376938,0.010223483111800288
-3.8246024474420213,3.514569733376938,0.023983279065336063
-3.7212348137273725,3.514569733376938,0.03151275963055957
-3.6178671800127233,3.514569733376938,0.030312618236967456
-3.514499546298074,3.514569733376938,0.02012408231384769
-3.411131912583425,3.514569733376938,0.003069131638150423
-3.3077642788687753,3.514569733376938,-0.016901551902628337
-3.204396645154126,3.514569733376938,-0.03509395114558399
-3.101029011439477,3.514569733376938,-0.04736369589491154
-2.9976613777248278,3.514569733376938,-0.051227030925368976
-2.8942937440101786,3.514569733376938,-0.04646000482100391
-2.790926110295529,3.514569733376938,-0.03502010970339684
-2.6875584765808798,3.514569733376938,-0.020338907846909036
-2.5841908428662306,3.514569733376938,-0.006228775214891375
-2.4808232091515814,3.514569733376938,0.004241084593967061
-2.3774555754369326,3.514569733376938,0.009549571059389559
-2.2740879417222835,3.514569733376938,0.009978000373648955
-2.1707203080076334,3.514569733376938,0.0072714412546781345
-2.067352674292984,3.514569733376938,0.0038602651407046544
-1.9639850405783352,3.514569733376938,0.001931740868019237
-1.8606174068636863,3.514569733376938,0.002675354897670465
-1.757249773149037,3.514569733376938,0.005948580030632298
-1.6538821394343879,3.514569733376938,0.010451896236908655
-1.550514505719738,3.514569733376938,0.014319746182416548
-1.447146872005089,3.514569733376938,0.01589143972841905
-1.3437792382904399,3.514569733376938,0.014371281980121189
-1.2404116045757907,3.514569733376938,0.010137195470022235
-1.1370439708611417,3.514569733376938,0.004591703652886257
-1.0336763371464925,3.514569733376938,-0.0003811013353817617
-0.9303087034318435,3.514569733376938,-0.003145073520895769
-0.8269410697171936,3.514569733376938,-0.0029534189786906725
-0.7235734360025445,3.514569733376938,-0.00026038051567173865
-0.6202058022878953,3.514569733376938,0.0034179191576151247
-0.5168381685732463,3.514569733376938,0.006050113503441885
-0.4134705348585972,3.514569733376938,0.005850820660847588
-0.31010290114394806,3.514569733376938,0.0019824918903673916
-0.2067352674292982,3.514569733376938,-0.005059586345631312
-0.1033676337146491,3.514569733376938,-0.013527903325989635
0.,3.514569733376938,-0.020954814924516982
0.1033676337146491,3.514569733376938,-0.024962071861461016
0.2067352674292982,3.514569733376938,-0.024073111469933343
0.31010290114394734,3.514569733376938,-0.018247731230428905
0.4134705348585964,3.514569733376938,-0.008950508466019408
0.5168381685732455,3.514569733376938,0.00127792402477786
0.6202058022878947,3.514569733376938,0.009608336420469338
0.7235734360025438,3.514569733376938,0.013808283382152967
0.8269410697171944,3.514569733376938,0.012931244341074715
0.9303087034318435,3.514569733376938,0.0075823296154072
1.0336763371464925,3.514569733376938,-0.00032271629569517095
1.1370439708611417,3.514569733376938,-0.008217357304670792
1.2404116045757907,3.514569733376938,-0.013735537186263351
1.3437792382904399,3.514569733376938,-0.015466383243127798
1.447146872005089,3.514569733376938,-0.01336253701627807
1.550514505719738,3.514569733376938,-0.00867487442071408
1.6538821394343872,3.514569733376938,-0.003450082646863622
1.7572497731490362,3.514569733376938,0.00022440248781497592
1.8606174068636854,3.514569733376938,0.0009617973247099074
1.9639850405783346,3.514569733376938,-0.001451218603062286
2.0673526742929837,3.514569733376938,-0.006006348217621068
2.1707203080076343,3.514569733376938,-0.010855734422566363
2.2740879417222835,3.514569733376938,-0.013980707667466117
2.3774555754369326,3.514569733376938,-0.013907680041980069
2.4808232091515814,3.514569733376938,-0.010220910392636338
2.5841908428662306,3.514569733376938,-0.0036983818040198005
2.6875584765808798,3.514569733376938,0.003967671874975512
2.790926110295529,3.514569733376938,0.01075840327016685
2.894293744010178,3.514569733376938,0.01501205309186404
2.997661377724827,3.514569733376938,0.015963275224302482
3.101029011439476,3.514569733376938,0.013954164572741271
3.2043966451541253,3.514569733376938,0.010252793961997205
3.3077642788687744,3.514569733376938,0.006554563142747359
3.411131912583425,3.514569733376938,0.004351402380728932
3.514499546298074,3.514569733376938,0.0043958096593479925
3.6178671800127233,3.514569733376938,0.006447489275890082
3.7212348137273725,3.514569733376938,0.009385618151980232
3.8246024474420213,3.514569733376938,0.0116380101780203
3.9279700811566705,3.514569733376938,0.011767010221873781
4.031337714871319,3.514569733376938,0.008999998338387882
4.134705348585968,3.514569733376938,0.00351713630037977
4.238072982300618,3.514569733376938,-0.003600042151907447
4.341440616015267,3.514569733376938,-0.010732358252079672
4.444808249729916,3.514569733376938,-0.016261539513057328
4.548175883444565,3.514569733376938,-0.019087512157361
4.651543517159214,3.514569733376938,-0.01894182450756381
4.754911150873865,3.514569733376938,-0.016393751120578837
4.858278784588514,3.514569733376938,-0.012560426142133676
4.961646418303163,3.514569733376938,-0.008640295112178798
5.065014052017812,3.514569733376938,-0.005450908831561166
5.168381685732461,3.514569733376938,-0.003145695641533114
5.27174931944711,3.514569733376938,-0.0012131645499784266
5.3751169531617595,3.514569733376938,0.0012468786981140977
5.478484586876409,3.514569733376938,0.00508130790840246
5.581852220591058,3.514569733376938,0.010650387548400912
5.685219854305707,3.514569733376938,0.017575163663373167
5.788587488020356,3.514569733376938,0.024769958173562756
5.8919551217350055,3.514569733376938,0.030757053797870658
5.995322755449654,3.514569733376938,0.034153454679017085
6.098690389164305,3.514569733376938,0.03415259336073623
6.202058022878954,3.514569733376938,0.0308223657204305
6.305425656593603,3.514569733376938,0.02510606939548155
6.408793290308252,3.514569733376938,0.018521073556187418
-6.408793290308252,3.6179394314174362,0.017103891350074604
-6.305425656593603,3.6179394314174362,0.013684784954974275
-6.202058022878954,3.6179394314174362,0.012859880444615038
-6.098690389164304,3.6179394314174362,0.01370050876441365
-5.995322755449655,3.6179394314174362,0.014670553193936143
-5.8919551217350055,3.6179394314174362,0.01425147781618758
-5.788587488020356,3.6179394314174362,0.011559180485596968
-5.685219854305708,3.6179394314174362,0.00671970105365035
-5.581852220591058,3.6179394314174362,0.0008550540411897193
-5.478484586876409,3.6179394314174362,-0.004327824019835083
-5.3751169531617595,3.6179394314174362,-0.007203062305862492
-5.27174931944711,3.6179394314174362,-0.006902996979538473
-5.168381685732461,3.6179394314174362,-0.0037469224977532403
-5.065014052017812,3.6179394314174362,0.0007587823468840911
-4.961646418303163,3.6179394314174362,0.004380099306946788
-4.858278784588514,3.6179394314174362,0.004937290346766263
-4.754911150873865,3.6179394314174362,0.0011452573640404113
-4.651543517159215,3.6179394314174362,-0.006790132039830254
-4.548175883444566,3.6179394314174362,-0.01705449058459773
-4.444808249729917,3.6179394314174362,-0.02666622862695848
-4.341440616015267,3.6179394314174362,-0.03236592083251665
-4.238072982300618,3.6179394314174362,-0.03168088248441463
-4.134705348585968,3.6179394314174362,-0.023816423019016757
-4.031337714871319,3.6179394314174362,-0.010065328519193461
-3.9279700811566705,3.6179394314174362,0.006426515420567782
-3.8246024474420213,3.6179394314174362,0.0214940170043623
-3.7212348137273725,3.6179394314174362,0.031143375908370328
-3.6178671800127233,3.6179394314174362,0.032732488234779915
-3.514499546298074,3.6179394314174362,0.025768641187120304
-3.411131912583425,3.6179394314174362,0.01206702149492725
-3.3077642788687753,3.6179394314174362,-0.004784924129207665
-3.204396645154126,3.6179394314174362,-0.020491040393090812
-3.101029011439477,3.6179394314174362,-0.03130363904358535
-2.9976613777248278,3.6179394314174362,-0.03508061793591991
-2.8942937440101786,3.6179394314174362,-0.03181756248653641
-2.790926110295529,3.6179394314174362,-0.02350348686063231
-2.6875584765808798,3.6179394314174362,-0.013369317311014418
-2.5841908428662306,3.6179394314174362,-0.004792163547962058
-2.4808232091515814,3.6179394314174362,-0.00022201070007814232
-2.3774555754369326,3.6179394314174362,-0.000477749664520989
-2.2740879417222835,3.6179394314174362,-0.0046252703715847065
-2.1707203080076334,3.6179394314174362,-0.01044887916766818
-2.067352674292984,3.6179394314174362,-0.015327762391676766
-1.9639850405783352,3.6179394314174362,-0.017199037721983505
-1.8606174068636863,3.6179394314174362,-0.015270858346800231
-1.757249773149037,3.6179394314174362,-0.01024684533978714
-1.6538821394343879,3.6179394314174362,-0.00400084786776546
-1.550514505719738,3.6179394314174362,0.0011642092689486286
-1.447146872005089,3.6179394314174362,0.003395653491121263
-1.3437792382904399,3.6179394314174362,0.0019869450198660493
-1.2404116045757907,3.6179394314174362,-0.00236133994151218
-1.1370439708611417,3.6179394314174362,-0.007808496328841999
-1.0336763371464925,3.6179394314174362,-0.01207147645616584
-0.9303087034318435,3.6179394314174362,-0.013301206418941107
-0.8269410697171936,3.6179394314174362,-0.010819546184769827
-0.7235734360025445,3.6179394314174362,-0.005445729374670211
-0.6202058022878953,3.6179394314174362,0.0007161973342301028
-0.5168381685732463,3.6179394314174362,0.004968510065650622
-0.4134705348585972,3.6179394314174362,0.004959677715606389
-0.31010290114394806,3.6179394314174362,-0.00044793500047030023
-0.2067352674292982,3.6179394314174362,-0.010684426760952956
-0.1033676337146491,3.6179394314174362,-0.023531869962192378
0.,3.6179394314174362,-0.03573135094673243
0.1033676337146491,3.6179394314174362,-0.04394824676065089
0.2067352674292982,3.6179394314174362,-0.04578609222790007
0.31010290114394734,3.6179394314174362,-0.0405226943492732
0.4134705348585964,3.6179394314174362,-0.029333951383065132
0.5168381685732455,3.6179394314174362,-0.014939228593396487
0.6202058022878947,3.6179394314174362,-0.0007898160883130142
0.7235734360025438,3.6179394314174362,0.009933929837542283
0.8269410697171944,3.6179394314174362,0.015197684098541794
0.9303087034318435,3.6179394314174362,0.014594025313355718
1.0336763371464925,3.6179394314174362,0.009300730455063898
1.1370439708611417,3.6179394314174362,0.0015629222607956978
1.2404116045757907,3.6179394314174362,-0.00610276176884918
1.3437792382904399,3.6179394314174362,-0.011705079913077465
1.447146872005089,3.6179394314174362,-0.014316989525435071
1.550514505719738,3.6179394314174362,-0.01420101862227425
1.6538821394343872,3.6179394314174362,-0.01251651367519412
1.7572497731490362,3.6179394314174362,-0.01074757226433629
1.8606174068636854,3.6179394314174362,-0.010077591777584449
1.9639850405783346,3.6179394314174362,-0.010939496770061929
2.0673526742929837,3.6179394314174362,-0.012892768753787176
2.1707203080076343,3.6179394314174362,-0.014850759118202363
2.2740879417222835,3.6179394314174362,-0.015552176538988122
2.3774555754369326,3.6179394314174362,-0.014085752255547826
2.4808232091515814,3.6179394314174362,-0.010265828368049274
2.5841908428662306,3.6179394314174362,-0.004720364946100452
2.6875584765808798,3.6179394314174362,0.0013342519283492426
2.790926110295529,3.6179394314174362,0.0065382328989506
2.894293744010178,3.6179394314174362,0.009878932479622246
2.997661377724827,3.6179394314174362,0.011038872076726672
3.101029011439476,3.6179394314174362,0.010470438424445125
3.2043966451541253,3.6179394314174362,0.009172192650515434
3.3077642788687744,3.6179394314174362,0.008255815453728632
3.411131912583425,3.6179394314174362,0.008472391067184355
3.514499546298074,3.6179394314174362,0.009882383902497426
3.6178671800127233,3.6179394314174362,0.011799645552693706
3.7212348137273725,3.6179394314174362,0.013036373025712845
3.8246024474420213,3.6179394314174362,0.012361707356283136
3.9279700811566705,3.6179394314174362,0.00900423031877916
4.031337714871319,3.6179394314174362,0.0030088959002531556
4.134705348585968,3.6179394314174362,-0.004690290251754046
4.238072982300618,3.6179394314174362,-0.012517517938478964
4.341440616015267,3.6179394314174362,-0.018740447475209424
4.444808249729916,3.6179394314174362,-0.02202278669728842
4.548175883444565,3.6179394314174362,-0.021846401614139952
4.651543517159214,3.6179394314174362,-0.01865050000749381
4.754911150873865,3.6179394314174362,-0.013637137875795654
4.858278784588514,3.6179394314174362,-0.008313603376722788
4.961646418303163,3.6179394314174362,-0.003938787724672104
5.065014052017812,3.6179394314174362,-0.0010767638128043088
5.168381685732461,3.6179394314174362,0.0005774262695403653
5.27174931944711,3.6179394314174362,0.00203410490126198
5.3751169531617595,3.6179394314174362,0.0045664153348405285
5.478484586876409,3.6179394314174362,0.009152428748011147
5.581852220591058,3.6179394314174362,0.016011134169860775
5.685219854305707,3.6179394314174362,0.024410781765414908
5.788587488020356,3.6179394314174362,0.03283093144153656
5.8919551217350055,3.6179394314174362,0.03943062982166441
5.995322755449654,3.6179394314174362,0.042661115592880355
6.098690389164305,3.6179394314174362,0.041804353127552304
6.202058022878954,3.6179394314174362,0.03724043672515011
6.305425656593603,3.6179394314174362,0.030341003919872964
6.408793290308252,3.6179394314174362,0.023019245803052285
-6.408793290308252,3.7213091294579344,0.020901286038560028
-6.305425656593603,3.7213091294579344,0.01782815121292423
-6.202058022878954,3.7213091294579344,0.01779009871143128
-6.098690389164304,3.7213091294579344,0.01960007205157988
-5.995322755449655,3.7213091294579344,0.02136284227448333
-5.8919551217350055,3.7213091294579344,0.021193286606132622
-5.788587488020356,3.7213091294579344,0.017928627322568075
-5.685219854305708,3.7213091294579344,0.011579868646207173
-5.581852220591058,3.7213091294579344,0.0033576878740911977
-5.478484586876409,3.7213091294579344,-0.004742283914634421
-5.3751169531617595,3.7213091294579344,-0.010652492753663546
-5.27174931944711,3.7213091294579344,-0.012992953701542286
-5.168381685732461,3.7213091294579344,-0.011603169932295113
-5.065014052017812,3.7213091294579344,-0.007647099247794818
-4.961646418303163,3.7213091294579344,-0.0032388557259184487
-4.858278784588514,3.7213091294579344,-0.0007060126172625951
-4.754911150873865,3.7213091294579344,-0.0017396713098943195
-4.651543517159215,3.7213091294579344,-0.00672868336938163
-4.548175883444566,3.7213091294579344,-0.014520822300542583
-4.444808249729917,3.7213091294579344,-0.02271301473295497
-4.341440616015267,3.7213091294579344,-0.02839288312617826
-4.238072982300618,3.7213091294579344,-0.029096155976917032
-4.134705348585968,3.7213091294579344,-0.02366370087243191
-4.031337714871319,3.7213091294579344,-0.012707182978062781
-3.9279700811566705,3.7213091294579344,0.0014831539672168904
-3.8246024474420213,3.7213091294579344,0.015572190299561497
-3.7212348137273725,3.7213091294579344,0.02615867277785725
-3.6178671800127233,3.7213091294579344,0.03078623611205271
-3.514499546298074,3.7213091294579344,0.02866108895586431
-3.411131912583425,3.7213091294579344,0.020846251367364423
-3.3077642788687753,3.7213091294579344,0.009874320403254961
-3.204396645154126,3.7213091294579344,-0.001088313041323355
-3.101029011439477,3.7213091294579344,-0.00924717315559201
-2.9976613777248278,3.7213091294579344,-0.013024946609243653
-2.8942937440101786,3.7213091294579344,-0.012474806218649869
-2.790926110295529,3.7213091294579344,-0.009139183280809461
-2.6875584765808798,3.7213091294579344,-0.005419019739794652
-2.5841908428662306,3.7213091294579344,-0.0036811756735042524
-2.4808232091515814,3.7213091294579344,-0.005414538188753119
-2.3774555754369326,3.7213091294579344,-0.010721409053674826
-2.2740879417222835,3.7213091294579344,-0.018309595125173234
-2.1707203080076334,3.7213091294579344,-0.02597505235412367
-2.067352674292984,3.7213091294579344,-0.03139587453434455
-1.9639850405783352,3.7213091294579344,-0.032953903618900625
-1.8606174068636863,3.7213091294579344,-0.03029547939342896
-1.757249773149037,3.7213091294579344,-0.024438309677960672
-1.6538821394343879,3.7213091294579344,-0.017392981914728135
-1.550514505719738,3.7213091294579344,-0.01143855100403838
-1.447146872005089,3.7213091294579344,-0.00831241974568005
-1.3437792382904399,3.7213091294579344,-0.008603650041870744
-1.2404116045757907,3.7213091294579344,-0.011566271338401046
-1.1370439708611417,3.7213091294579344,-0.015420694455719138
-1.0336763371464925,3.7213091294579344,-0.018038808986998358
-0.9303087034318435,3.7213091294579344,-0.01777174456458079
-0.8269410697171936,3.7213091294579344,-0.01412606434276153
-0.7235734360025445,3.7213091294579344,-0.00804293806410002
-0.6202058022878953,3.7213091294579344,-0.001669085691813823
-0.5168381685732463,3.7213091294579344,0.0023178477136929884
-0.4134705348585972,3.7213091294579344,0.00161265130688984
-0.31010290114394806,3.7213091294579344,-0.004884192070186724
-0.2067352674292982,3.7213091294579344,-0.0165841934577202
-0.1033676337146491,3.7213091294579344,-0.031248473831368508
0.,3.7213091294579344,-0.04554619218606132
0.1033676337146491,3.7213091294579344,-0.05596647256762867
0.2067352674292982,3.7213091294579344,-0.059803711247006584
0.31010290114394734,3.7213091294579344,-0.05591497072602751
0.4134705348585964,3.7213091294579344,-0.045023846560815886
0.5168381685732455,3.7213091294579344,-0.029490862199640932
0.6202058022878947,3.7213091294579344,-0.012636919187689562
0.7235734360025438,3.7213091294579344,0.002160878703051621
0.8269410697171944,3.7213091294579344,0.012324058159667375
0.9303087034318435,3.7213091294579344,0.016633866397523525
1.0336763371464925,3.7213091294579344,0.015361714336171492
1.1370439708611417,3.7213091294579344,0.009975241184885702
1.2404116045757907,3.7213091294579344,0.002556205395784316
1.3437792382904399,3.7213091294579344,-0.004858501607880784
1.447146872005089,3.7213091294579344,-0.010801768270263313
1.550514505719738,3.7213091294579344,-0.01462565863708753
1.6538821394343872,3.7213091294579344,-0.016443090175322892
1.7572497731490362,3.7213091294579344,-0.016837583479646475
1.8606174068636854,3.7213091294579344,-0.01648611169340284
1.9639850405783346,3.7213091294579344,-0.015849597875637177
2.0673526742929837,3.7213091294579344,-0.01503746914761432
2.1707203080076343,3.7213091294579344,-0.013869835343480439
2.2740879417222835,3.7213091294579344,-0.012077558971467924
2.3774555754369326,3.7213091294579344,-0.009528928009485363
2.4808232091515814,3.7213091294579344,-0.0063699980416190545
2.5841908428662306,3.7213091294579344,-0.003011763547984804
2.6875584765808798,3.7213091294579344,0.000029770763666330694
2.790926110295529,3.7213091294579344,0.0023658111387948795
2.894293744010178,3.7213091294579344,0.003928635176344707
2.997661377724827,3.7213091294579344,0.005028640754116271
3.101029011439476,3.7213091294579344,0.006232046488787861
3.2043966451541253,3.7213091294579344,0.008094142550808477
3.3077642788687744,3.7213091294579344,0.010850497295441932
3.411131912583425,3.7213091294579344,0.01419766568504809
3.514499546298074,3.7213091294579344,0.017271594830542678
3.6178671800127233,3.7213091294579344,0.01886225341694824
3.7212348137273725,3.7213091294579344,0.017811797707850994
3.8246024474420213,3.7213091294579344,0.013465305127649013
3.9279700811566705,3.7213091294579344,0.006009059537071088
4.031337714871319,3.7213091294579344,-0.0034424145939894913
4.134705348585968,3.7213091294579344,-0.013068897633601114
4.238072982300618,3.7213091294579344,-0.020826924566038695
4.341440616015267,3.7213091294579344,-0.025045307999283388
4.444808249729916,3.7213091294579344,-0.024936872746693924
4.548175883444565,3.7213091294579344,-0.020847345052559106
4.651543517159214,3.7213091294579344,-0.014144899396244852
4.754911150873865,3.7213091294579344,-0.006774505117155763
4.858278784588514,3.7213091294579344,-0.0006184564548215717
4.961646418303163,3.7213091294579344,0.0031235176304194733
5.065014052017812,3.7213091294579344,0.004321536969373046
5.168381685732461,3.7213091294579344,0.003932248319035241
5.27174931944711,3.7213091294579344,0.0036324176096462655
5.3751169531617595,3.7213091294579344,0.005190201753455815
5.478484586876409,3.7213091294579344,0.009789177901804119
5.581852220591058,3.7213091294579344,0.01754147793437715
5.685219854305707,3.7213091294579344,0.02736542872262254
5.788587488020356,3.7213091294579344,0.03727950974927815
5.8919551217350055,3.7213091294579344,0.04502024572616654
5.995322755449654,3.7213091294579344,0.04877698382859042
6.098690389164305,3.7213091294579344,0.047792076440967265
6.202058022878954,3.7213091294579344,0.04261758089523795
6.305425656593603,3.7213091294579344,0.03493571203712071
6.408793290308252,3.7213091294579344,0.027000421884287893
-6.408793290308252,3.8246788274984325,0.02284656754369466
-6.305425656593603,3.8246788274984325,0.020028145788281066
-6.202058022878954,3.8246788274984325,0.02058460019182291
-6.098690389164304,3.8246788274984325,0.023314587763696056
-5.995322755449655,3.8246788274984325,0.02622242088891678
-5.8919551217350055,3.8246788274984325,0.02722991950077811
-5.788587488020356,3.8246788274984325,0.02490244264518999
-5.685219854305708,3.8246788274984325,0.018944510653973026
-5.581852220591058,3.8246788274984325,0.010300925799727243
-5.478484586876409,3.8246788274984325,0.0008344078299374087
-5.3751169531617595,3.8246788274984325,-0.007305574681091018
-5.27174931944711,3.8246788274984325,-0.012404558273613982
-5.168381685732461,3.8246788274984325,-0.013748574218064337
-5.065014052017812,3.8246788274984325,-0.011841943602615475
-4.961646418303163,3.8246788274984325,-0.008205961828745252
-4.858278784588514,3.8246788274984325,-0.0048304003586373805
-4.754911150873865,3.8246788274984325,-0.0034675317886326312
-4.651543517159215,3.8246788274984325,-0.005010764901042603
-4.548175883444566,3.8246788274984325,-0.00916968679802839
-4.444808249729917,3.8246788274984325,-0.01455134457612426
-4.341440616015267,3.8246788274984325,-0.019119242238076616
-4.238072982300618,3.8246788274984325,-0.020874111928285723
-4.134705348585968,3.8246788274984325,-0.018527173797754475
-4.031337714871319,3.8246788274984325,-0.01194158850464025
-3.9279700811566705,3.8246788274984325,-0.002198445903513726
-3.8246024474420213,3.8246788274984325,0.008728488630749102
-3.7212348137273725,3.8246788274984325,0.018574057583062957
-3.6178671800127233,3.8246788274984325,0.025454260864810167
-3.514499546298074,3.8246788274984325,0.028386924848862415
-3.411131912583425,3.8246788274984325,0.02749504564649957
-3.3077642788687753,3.8246788274984325,0.023839917964749532
-3.204396645154126,3.8246788274984325,0.018958871219853672
-3.101029011439477,3.8246788274984325,0.014281065366425314
-2.9976613777248278,3.8246788274984325,0.010630908756430272
-2.8942937440101786,3.8246788274984325,0.00799100000166505
-2.790926110295529,3.8246788274984325,0.005599587592757981
-2.6875584765808798,3.8246788274984325,0.0023362866173462153
-2.5841908428662306,3.8246788274984325,-0.0027529242552301776
-2.4808232091515814,3.8246788274984325,-0.009988739671603299
-2.3774555754369326,3.8246788274984325,-0.01882448744401105
-2.2740879417222835,3.8246788274984325,-0.027935300878833967
-2.1707203080076334,3.8246788274984325,-0.03560434361573296
-2.067352674292984,3.8246788274984325,-0.04027290937323646
-1.9639850405783352,3.8246788274984325,-0.04106136326289585
-1.8606174068636863,3.8246788274984325,-0.03807621406474935
-1.757249773149037,3.8246788274984325,-0.032392163127106986
-1.6538821394343879,3.8246788274984325,-0.025710999781074623
-1.550514505719738,3.8246788274984325,-0.019812191904233206
-1.447146872005089,3.8246788274984325,-0.0159834919496257
-1.3437792382904399,3.8246788274984325,-0.014628142154642509
-1.2404116045757907,3.8246788274984325,-0.015185246564250533
-1.1370439708611417,3.8246788274984325,-0.01639213759875777
-1.0336763371464925,3.8246788274984325,-0.016799120638226837
-0.9303087034318435,3.8246788274984325,-0.015358524037442218
-0.8269410697171936,3.8246788274984325,-0.011881909177815207
-0.7235734360025445,3.8246788274984325,-0.00720136109069111
-0.6202058022878953,3.8246788274984325,-0.0029688953051738597
-0.5168381685732463,3.8246788274984325,-0.0011491944361655348
-0.4134705348585972,3.8246788274984325,-0.0033645574460217107
-0.31010290114394806,3.8246788274984325,-0.010302685844883835
-0.2067352674292982,3.8246788274984325,-0.0213809327106584
-0.1033676337146491,3.8246788274984325,-0.0347810329256516
0.,3.8246788274984325,-0.04785271981546866
0.1033676337146491,3.8246788274984325,-0.05777082718557964
0.2067352674292982,3.8246788274984325,-0.062254736048670836
0.31010290114394734,3.8246788274984325,-0.0601441924630081
0.4134705348585964,3.8246788274984325,-0.05167401308817014
0.5168381685732455,3.8246788274984325,-0.03838404358914486
0.6202058022878947,3.8246788274984325,-0.022708403449037316
0.7235734360025438,3.8246788274984325,-0.0073754222467962375
0.8269410697171944,3.8246788274984325,0.0052086657933120275
0.9303087034318435,3.8246788274984325,0.013432220469915912
1.0336763371464925,3.8246788274984325,0.016705309205807813
1.1370439708611417,3.8246788274984325,0.015420836866851851
1.2404116045757907,3.8246788274984325,0.010704729720354812
1.3437792382904399,3.8246788274984325,0.0040575449219343454
1.447146872005089,3.8246788274984325,-0.0030018522489474995
1.550514505719738,3.8246788274984325,-0.009206842759091527
1.6538821394343872,3.8246788274984325,-0.013690836186071038
1.7572497731490362,3.8246788274984325,-0.016021602669542934
1.8606174068636854,3.8246788274984325,-0.01616066427816256
1.9639850405783346,3.8246788274984325,-0.014390943553268485
2.0673526742929837,3.8246788274984325,-0.01123996132143466
2.1707203080076343,3.8246788274984325,-0.007401768439347248
2.2740879417222835,3.8246788274984325,-0.003643267887353769
2.3774555754369326,3.8246788274984325,-0.0006799963289635068
2.4808232091515814,3.8246788274984325,0.0009759701310809653
2.5841908428662306,3.8246788274984325,0.0011660800179121176
2.6875584765808798,3.8246788274984325,0.00018119239820739007
2.790926110295529,3.8246788274984325,-0.0012518841301728714
2.894293744010178,3.8246788274984325,-0.0021250889714623726
2.997661377724827,3.8246788274984325,-0.0014315040534977144
3.101029011439476,3.8246788274984325,0.0014907073236360936
3.2043966451541253,3.8246788274984325,0.006658025300799077
3.3077642788687744,3.8246788274984325,0.013297094848627688
3.411131912583425,3.8246788274984325,0.01993443660762053
3.514499546298074,3.8246788274984325,0.02473049394197214
3.6178671800127233,3.8246788274984325,0.025985617668604594
3.7212348137273725,3.8246788274984325,0.022676874358703258
3.8246024474420213,3.8246788274984325,0.014856024037644144
3.9279700811566705,3.8246788274984325,0.0037653063472060377
4.031337714871319,3.8246788274984325,-0.008394659442473796
4.134705348585968,3.8246788274984325,-0.01900342976256995
4.238072982300618,3.8246788274984325,-0.025721798901944485
4.341440616015267,3.8246788274984325,-0.02714863463285729
4.444808249729916,3.8246788274984325,-0.023227677924544013
4.548175883444565,3.8246788274984325,-0.01526691572880067
4.651543517159214,3.8246788274984325,-0.0055501394867749285
4.754911150873865,3.8246788274984325,0.0033504626332887407
4.858278784588514,3.8246788274984325,0.009352619010342124
4.961646418303163,3.8246788274984325,0.011489992507435159
5.065014052017812,3.8246788274984325,0.010185593293911305
5.168381685732461,3.8246788274984325,0.007081584949058656
5.27174931944711,3.8246788274984325,0.004476061128241274
5.3751169531617595,3.8246788274984325,0.00454534102609359
5.478484586876409,3.8246788274984325,0.008602183666697853
5.581852220591058,3.8246788274984325,0.01663127246788927
5.685219854305707,3.8246788274984325,0.027255032498705926
5.788587488020356,3.8246788274984325,0.03814337913687697
5.8919551217350055,3.8246788274984325,0.04673587801675402
5.995322755449654,3.8246788274984325,0.05104199975957515
6.098690389164305,3.8246788274984325,0.050259061779677296
6.202058022878954,3.8246788274984325,0.045007170179107846
6.305425656593603,3.8246788274984325,0.03710654561486412
6.408793290308252,3.8246788274984325,0.02897331710560783
-6.408793290308252,3.9280485255389306,0.022306485604844547
-6.305425656593603,3.9280485255389306,0.01990378341137461
-6.202058022878954,3.9280485255389306,0.020861574225054934
-6.098690389164304,3.9280485255389306,0.024164381856878518
-5.995322755449655,3.9280485255389306,0.0280262719553144
-5.8919551217350055,3.9280485255389306,0.030487226265191875
-5.788587488020356,3.9280485255389306,0.030036888912894997
-5.685219854305708,3.9280485255389306,0.02607108177478362
-5.581852220591058,3.9280485255389306,0.01904758340161622
-5.478484586876409,3.9280485255389306,0.010307929760959128
-5.3751169531617595,3.9280485255389306,0.0016379420190560285
-5.27174931944711,3.9280485255389306,-0.00528252675623379
-5.168381685732461,3.9280485255389306,-0.00936381518603457
-5.065014052017812,3.9280485255389306,-0.010378715063470422
-4.961646418303163,3.9280485255389306,-0.00895202710561373
-4.858278784588514,3.9280485255389306,-0.0062897251965465415
-4.754911150873865,3.9280485255389306,-0.0037502212752139994
-4.651543517159215,3.9280485255389306,-0.0024026750882229124
-4.548175883444566,3.9280485255389306,-0.002710843844263032
-4.444808249729917,3.9280485255389306,-0.004430984723383057
-4.341440616015267,3.9280485255389306,-0.006737984416406595
-4.238072982300618,3.9280485255389306,-0.008521023822043927
-4.134705348585968,3.9280485255389306,-0.008742217552652028
-4.031337714871319,3.9280485255389306,-0.006742354441420986
-3.9279700811566705,3.9280485255389306,-0.0024068405154780786
-3.8246024474420213,3.9280485255389306,0.0038408323698844596
-3.7212348137273725,3.9280485255389306,0.011191794887822478
-3.6178671800127233,3.9280485255389306,0.01868106760668649
-3.514499546298074,3.9280485255389306,0.02540938567506514
-3.411131912583425,3.9280485255389306,0.03069017589338563
-3.3077642788687753,3.9280485255389306,0.03409274084390242
-3.204396645154126,3.9280485255389306,0.03539677214754877
-3.101029011439477,3.9280485255389306,0.03450593856283043
-2.9976613777248278,3.9280485255389306,0.031377909388461314
-2.8942937440101786,3.9280485255389306,0.026012672470670024
-2.790926110295529,3.9280485255389306,0.01850806520925996
-2.6875584765808798,3.9280485255389306,0.00915521893821681
-2.5841908428662306,3.9280485255389306,-0.0014778167318655504
-2.4808232091515814,3.9280485255389306,-0.012528453690244397
-2.3774555754369326,3.9280485255389306,-0.022921078902814813
-2.2740879417222835,3.9280485255389306,-0.0315439364068184
-2.1707203080076334,3.9280485255389306,-0.03747880621513544
-2.067352674292984,3.9280485255389306,-0.04021515953292877
-1.9639850405783352,3.9280485255389306,-0.039778195492278644
-1.8606174068636863,3.9280485255389306,-0.03672332731172172
-1.757249773149037,3.9280485255389306,-0.031990976791297775
-1.6538821394343879,3.9280485255389306,-0.026660926142839148
-1.550514505719738,3.9280485255389306,-0.021679189532323482
-1.447146872005089,3.9280485255389306,-0.01764047963707488
-1.3437792382904399,3.9280485255389306,-0.014692007123578035
-1.2404116045757907,3.9280485255389306,-0.012585146256241974
-1.1370439708611417,3.9280485255389306,-0.010853490251499206
-1.0336763371464925,3.9280485255389306,-0.009055009488684065
-0.9303087034318435,3.9280485255389306,-0.006995864181369281
-0.8269410697171936,3.9280485255389306,-0.0048602837665376285
-0.7235734360025445,3.9280485255389306,-0.0032021018678620745
-0.6202058022878953,3.9280485255389306,-0.0027983867885371526
-0.5168381685732463,3.9280485255389306,-0.0044093579058806015
-0.4134705348585972,3.9280485255389306,-0.008517577702201627
-0.31010290114394806,3.9280485255389306,-0.01512485949223121
-0.2067352674292982,3.9280485255389306,-0.02366695215100472
-0.1033676337146491,3.9280485255389306,-0.03307095415748928
0.,3.9280485255389306,-0.04194038071513515
0.1033676337146491,3.9280485255389306,-0.04882013847002181
0.2067352674292982,3.9280485255389306,-0.05247705148835795
0.31010290114394734,3.9280485255389306,-0.052133700592108694
0.4134705348585964,3.9280485255389306,-0.04761071371028854
0.5168381685732455,3.9280485255389306,-0.03935771068288324
0.6202058022878947,3.9280485255389306,-0.028377451506176658
0.7235734360025438,3.9280485255389306,-0.01606521825774777
0.8269410697171944,3.9280485255389306,-0.003993978343503023
0.9303087034318435,3.9280485255389306,0.006322756836918679
1.0336763371464925,3.9280485255389306,0.013660327536848557
1.1370439708611417,3.9280485255389306,0.017276139918194953
1.2404116045757907,3.9280485255389306,0.01703866627622662
1.3437792382904399,3.9280485255389306,0.013465560412994309
1.447146872005089,3.9280485255389306,0.00765066092025093
1.550514505719738,3.9280485255389306,0.0010747622923364918
1.6538821394343872,3.9280485255389306,-0.00468084310454022
1.7572497731490362,3.9280485255389306,-0.008270361915020834
1.8606174068636854,3.9280485255389306,-0.008896869309636596
1.9639850405783346,3.9280485255389306,-0.006521046073691078
2.0673526742929837,3.9280485255389306,-0.001896089074858911
2.1707203080076343,3.9280485255389306,0.0036032857185878202
2.2740879417222835,3.9280485255389306,0.008335282209593103
2.3774555754369326,3.9280485255389306,0.010849058912419765
2.4808232091515814,3.9280485255389306,0.010324720030021642
2.5841908428662306,3.9280485255389306,0.0068636804247426955
2.6875584765808798,3.9280485255389306,0.0015277275695187724
2.790926110295529,3.9280485255389306,-0.003909400273766179
2.894293744010178,3.9280485255389306,-0.007449697701654996
2.997661377724827,3.9280485255389306,-0.007471261583131052
3.101029011439476,3.9280485255389306,-0.003268209562452279
3.2043966451541253,3.9280485255389306,0.004639753252876653
3.3077642788687744,3.9280485255389306,0.014541458910938
3.411131912583425,3.9280485255389306,0.023928954390515813
3.514499546298074,3.9280485255389306,0.030160556447111176
3.6178671800127233,3.9280485255389306,0.03121195303632122
3.7212348137273725,3.9280485255389306,0.026296845270393526
3.8246024474420213,3.9280485255389306,0.016165471308105195
3.9279700811566705,3.9280485255389306,0.0029765154286927587
4.031337714871319,3.9280485255389306,-0.010238665538214951
4.134705348585968,3.9280485255389306,-0.02037753878770784
4.238072982300618,3.9280485255389306,-0.025107193227669453
4.341440616015267,3.9280485255389306,-0.02349968307355397
4.444808249729916,3.9280485255389306,-0.016272758905080346
4.548175883444565,3.9280485255389306,-0.005561250611127148
4.651543517159214,3.9280485255389306,0.0057162940934167945
4.754911150873865,3.9280485255389306,0.014709337802388537
4.858278784588514,3.9280485255389306,0.019452686273800875
4.961646418303163,3.9280485255389306,0.019406808851928112
5.065014052017812,3.9280485255389306,0.015562724598774795
5.168381685732461,3.9280485255389306,0.01008566689123812
5.27174931944711,3.9280485255389306,0.005611923229550265
5.3751169531617595,3.9280485255389306,0.004417601313323924
5.478484586876409,3.9280485255389306,0.007714395931746777
5.581852220591058,3.9280485255389306,0.015284867803221344
5.685219854305707,3.9280485255389306,0.025562177627938273
5.788587488020356,3.9280485255389306,0.03612078837646804
5.8919551217350055,3.9280485255389306,0.04441884844486615
5.995322755449654,3.9280485255389306,0.04855881682780707
6.098690389164305,3.9280485255389306,0.04783264534126585
6.202058022878954,3.9280485255389306,0.04289016047941625
6.305425656593603,3.9280485255389306,0.03549004526714082
6.408793290308252,3.9280485255389306,0.027923095400662266
-6.408793290308252,4.031418223579429,0.019410722496209648
-6.305425656593603,4.031418223579429,0.017872706553201445
-6.202058022878954,4.031418223579429,0.019127995379370464
-6.098690389164304,4.031418223579429,0.022446009730548805
-5.995322755449655,4.031418223579429,0.026530975153665086
-5.8919551217350055,4.031418223579429,0.029912805092589968
-5.788587488020356,4.031418223579429,0.031348401513371114
-5.685219854305708,4.031418223579429,0.030125748439083624
-5.581852220591058,4.031418223579429,0.026202756748792116
-5.478484586876409,4.031418223579429,0.020165561012360774
-5.3751169531617595,4.031418223579429,0.01303988868473797
-5.27174931944711,4.031418223579429,0.006021102635788844
-5.168381685732461,4.031418223579429,0.00019775863258098914
-5.065014052017812,4.031418223579429,-0.003667947021716743
-4.961646418303163,4.031418223579429,-0.005263936938572094
-4.858278784588514,4.031418223579429,-0.004745115850948403
-4.754911150873865,4.031418223579429,-0.002655358229142355
-4.651543517159215,4.031418223579429,0.00021895627151242357
-4.548175883444566,4.031418223579429,0.003031576885678977
-4.444808249729917,4.031418223579429,0.005062695501333179
-4.341440616015267,4.031418223579429,0.0058786429204456805
-4.238072982300618,4.031418223579429,0.005437658496244379
-4.134705348585968,4.031418223579429,0.004118986970270163
-4.031337714871319,4.031418223579429,0.002661036379130027
-3.9279700811566705,4.031418223579429,0.0020087136494971354
-3.8246024474420213,4.031418223579429,0.003089938389745594
-3.7212348137273725,4.031418223579429,0.006562867740907658
-3.6178671800127233,4.031418223579429,0.012591832883175147
-3.514499546298074,4.031418223579429,0.02071403644049865
-3.411131912583425,4.031418223579429,0.029845767136026026
-3.3077642788687753,4.031418223579429,0.03844644934837396
-3.204396645154126,4.031418223579429,0.044817654011261865
-3.101029011439477,4.031418223579429,0.047473629818334244
-2.9976613777248278,4.031418223579429,0.045492991842035514
-2.8942937440101786,4.031418223579429,0.03875817093432475
-2.790926110295529,4.031418223579429,0.028013593821033522
-2.6875584765808798,4.031418223579429,0.014720161634021074
-2.5841908428662306,4.031418223579429,0.0007395269015908193
-2.4808232091515814,4.031418223579429,-0.012069934003826952
-2.3774555754369326,4.031418223579429,-0.022238118072734434
-2.2740879417222835,4.031418223579429,-0.028948060543262353
-2.1707203080076334,4.031418223579429,-0.0321162245027801
-2.067352674292984,4.031418223579429,-0.032279678672321725
-1.9639850405783352,4.031418223579429,-0.030339098016551144
-1.8606174068636863,4.031418223579429,-0.027247146521527783
-1.757249773149037,4.031418223579429,-0.02374262759986195
-1.6538821394343879,4.031418223579429,-0.02020877709310628
-1.550514505719738,4.031418223579429,-0.016687225874875963
-1.447146872005089,4.031418223579429,-0.013023834023307868
-1.3437792382904399,4.031418223579429,-0.009077906247316268
-1.2404116045757907,4.031418223579429,-0.004907470307242956
-1.1370439708611417,4.031418223579429,-0.0008563656118284894
-1.0336763371464925,4.031418223579429,0.0024914459969384685
-0.9303087034318435,4.031418223579429,0.004473409909062119
-0.8269410697171936,4.031418223579429,0.004564350036328963
-0.7235734360025445,4.031418223579429,0.0025643919456325363
-0.6202058022878953,4.031418223579429,-0.0013136085395382014
-0.5168381685732463,4.031418223579429,-0.006492076292763141
-0.4134705348585972,4.031418223579429,-0.012196042768799821
-0.31010290114394806,4.031418223579429,-0.017678148090896927
-0.2067352674292982,4.031418223579429,-0.02241708868071893
-0.1033676337146491,4.031418223579429,-0.02621472471652338
0.,4.031418223579429,-0.029155797176218225
0.1033676337146491,4.031418223579429,-0.031448299270993955
0.2067352674292982,4.031418223579429,-0.033211725525758996
0.31010290114394734,4.031418223579429,-0.034305420262285086
0.4134705348585964,4.031418223579429,-0.034279077059292194
0.5168381685732455,4.031418223579429,-0.03248388483427311
0.6202058022878947,4.031418223579429,-0.028320403863876426
0.7235734360025438,4.031418223579429,-0.0215405348725779
0.8269410697171944,4.031418223579429,-0.012488574072604782
0.9303087034318435,4.031418223579429,-0.0021747344581368837
1.0336763371464925,4.031418223579429,0.007875981765738964
1.1370439708611417,4.031418223579429,0.01598075979143353
1.2404116045757907,4.031418223579429,0.02076608112678772
1.3437792382904399,4.031418223579429,0.02159898535446242
1.447146872005089,4.031418223579429,0.0188330638517051
1.550514505719738,4.031418223579429,0.01376819112256419
1.6538821394343872,4.031418223579429,0.008310491135599195
1.7572497731490362,4.031418223579429,0.0044183160036634726
1.8606174068636854,4.031418223579429,0.0034979305572142424
1.9639850405783346,4.031418223579429,0.005941209805304683
2.0673526742929837,4.031418223579429,0.010964103082222829
2.1707203080076343,4.031418223579429,0.01681630178772485
2.2740879417222835,4.031418223579429,0.021315677690865575
2.3774555754369326,4.031418223579429,0.022552760433560068
2.4808232091515814,4.031418223579429,0.01954692036433318
2.5841908428662306,4.031418223579429,0.012640067091488301
2.6875584765808798,4.031418223579429,0.00348735831089911
2.790926110295529,4.031418223579429,-0.005373253477564018
2.894293744010178,4.031418223579429,-0.01125737641620463
2.997661377724827,4.031418223579429,-0.012159148435858238
3.101029011439476,4.031418223579429,-0.007410685459642963
3.2043966451541253,4.031418223579429,0.00203593709375818
3.3077642788687744,4.031418223579429,0.013805958195995952
3.411131912583425,4.031418223579429,0.02473513448946847
3.514499546298074,4.031418223579429,0.031760303777497015
3.6178671800127233,4.031418223579429,0.03280591228808793
3.7212348137273725,4.031418223579429,0.027401386521250886
3.8246024474420213,4.031418223579429,0.016841791300327293
3.9279700811566705,4.031418223579429,0.003839820963287193
4.031337714871319,4.031418223579429,-0.00823066222646011
4.134705348585968,4.031418223579429,-0.01627733818278715
4.238072982300618,4.031418223579429,-0.01834170962846298
4.341440616015267,4.031418223579429,-0.01411361039479707
4.444808249729916,4.031418223579429,-0.004964039149803081
4.548175883444565,4.031418223579429,0.0065024641193931615
4.651543517159214,4.031418223579429,0.017232660505072588
4.754911150873865,4.031418223579429,0.02460754443971507
4.858278784588514,4.031418223579429,0.02716245712009344
4.961646418303163,4.031418223579429,0.024940404889217296
5.065014052017812,4.031418223579429,0.019390642769891584
5.168381685732461,4.031418223579429,0.01286265393765066
5.27174931944711,4.031418223579429,0.007863225697179564
5.3751169531617595,4.031418223579429,0.006306703197154376
5.478484586876409,4.031418223579429,0.008979249696444811
5.581852220591058,4.031418223579429,0.015363175157719912
5.685219854305707,4.031418223579429,0.02385291110557789
5.788587488020356,4.031418223579429,0.03227660862161846
5.8919551217350055,4.031418223579429,0.03855220634458076
5.995322755449654,4.031418223579429,0.04127783905032106
6.098690389164305,4.031418223579429,0.04008881471475204
6.202058022878954,4.031418223579429,0.03569329738471039
6.305425656593603,4.031418223579429,0.029599020656342206
6.408793290308252,4.031418223579429,0.023632365800137004
-6.408793290308252,4.134787921619927,0.014958835108957375
-6.305425656593603,4.134787921619927,0.014949386448437125
-6.202058022878954,4.134787921619927,0.016562514468469812
-6.098690389164304,4.134787921619927,0.01932297194037883
-5.995322755449655,4.134787921619927,0.022592295326215383
-5.8919551217350055,4.134787921619927,0.025709431455847948
-5.788587488020356,4.134787921619927,0.02808260772724395
-5.685219854305708,4.134787921619927,0.029234289504943257
-5.581852220591058,4.134787921619927,0.028824750993269217
-5.478484586876409,4.134787921619927,0.02668357914416945
-5.3751169531617595,4.134787921619927,0.02286194215627314
-5.27174931944711,4.134787921619927,0.017691120493120903
-5.168381685732461,4.134787921619927,0.011809561202428934
-5.065014052017812,4.134787921619927,0.006115313684732172
-4.961646418303163,4.134787921619927,0.0016193348838325797
-4.858278784588514,4.134787921619927,-0.0007868496498639954
-4.754911150873865,4.134787921619927,-0.0005926344782629728
-4.651543517159215,4.134787921619927,0.0021268454469606404
-4.548175883444566,4.134787921619927,0.006648564596219168
-4.444808249729917,4.134787921619927,0.011733786420036746
-4.341440616015267,4.134787921619927,0.01594535961998769
-4.238072982300618,4.134787921619927,0.018073127757893836
-4.134705348585968,4.134787921619927,0.017540490503913934
-4.031337714871319,4.134787921619927,0.014653901427985082
-3.9279700811566705,4.134787921619927,0.010593266619309625
-3.8246024474420213,4.134787921619927,0.007117055935603629
-3.7212348137273725,4.134787921619927,0.006048649591511454
-3.6178671800127233,4.134787921619927,0.008689247714004244
-3.514499546298074,4.134787921619927,0.015339274868016737
-3.411131912583425,4.134787921619927,0.02508899631973411
-3.3077642788687753,4.134787921619927,0.03596335777625979
-3.204396645154126,4.134787921619927,0.04539805098441587
-3.101029011439477,4.134787921619927,0.05091781369273371
-2.9976613777248278,4.134787921619927,0.05081918996730078
-2.8942937440101786,4.134787921619927,0.044652461393538775
-2.790926110295529,4.134787921619927,0.033355530194031584
-2.6875584765808798,4.134787921619927,0.01899870483201486
-2.5841908428662306,4.134787921619927,0.004219682360928968
-2.4808232091515814,4.134787921619927,-0.008476686401325003
-2.3774555754369326,4.134787921619927,-0.017340365903136496
-2.2740879417222835,4.134787921619927,-0.021736598883726536
-2.1707203080076334,4.134787921619927,-0.022150650080307813
-2.067352674292984,4.134787921619927,-0.01986033295542502
-1.9639850405783352,4.134787921619927,-0.01640655423052144
-1.8606174068636863,4.134787921619927,-0.013052138779060219
-1.757249773149037,4.134787921619927,-0.010412988857507124
-1.6538821394343879,4.134787921619927,-0.008376542645278722
-1.550514505719738,4.134787921619927,-0.006315562333900553
-1.447146872005089,4.134787921619927,-0.0034984716390358325
-1.3437792382904399,4.134787921619927,0.00047158930971509793
-1.2404116045757907,4.134787921619927,0.005364004358241563
-1.1370439708611417,4.134787921619927,0.01029242714465266
-1.0336763371464925,4.134787921619927,0.013969116733133521
-0.9303087034318435,4.134787921619927,0.01515267248421571
-0.8269410697171936,4.134787921619927,0.013124458113913202
-0.7235734360025445,4.134787921619927,0.00801303601466818
-0.6202058022878953,4.134787921619927,0.0008361844665788362
-0.5168381685732463,4.134787921619927,-0.006770525227372558
-0.4134705348585972,4.134787921619927,-0.013056069442369238
-0.31010290114394806,4.134787921619927,-0.016717736228114413
-0.2067352674292982,4.134787921619927,-0.017328396891191904
-0.1033676337146491,4.134787921619927,-0.0154711925414841
0.,4.134787921619927,-0.01252448317047254
0.1033676337146491,4.134787921619927,-0.010162202471123271
0.2067352674292982,4.134787921619927,-0.009737577987359356
0.31010290114394734,4.134787921619927,-0.011764579562138066
0.4134705348585964,4.134787921619927,-0.015683581612555637
0.5168381685732455,4.134787921619927,-0.020003457608530707
0.6202058022878947,4.134787921619927,-0.022783079723329363
0.7235734360025438,4.134787921619927,-0.022295370406791425
0.8269410697171944,4.134787921619927,-0.017648750139728372
0.9303087034318435,4.134787921619927,-0.009149099423706305
1.0336763371464925,4.134787921619927,0.0017308735323627552
1.1370439708611417,4.134787921619927,0.012776039105354344
1.2404116045757907,4.134787921619927,0.02171274043692522
1.3437792382904399,4.134787921619927,0.026925634988977626
1.447146872005089,4.134787921619927,0.02796463893500502
1.550514505719738,4.134787921619927,0.025665945715990308
1.6538821394343872,4.134787921619927,0.021839707345087434
1.7572497731490362,4.134787921619927,0.01862443245961915
1.8606174068636854,4.134787921619927,0.01772427952612922
1.9639850405783346,4.134787921619927,0.01978987485523808
2.0673526742929837,4.134787921619927,0.024159542490471395
2.1707203080076343,4.134787921619927,0.029059184900543704
2.2740879417222835,4.134787921619927,0.03220449650636619
2.3774555754369326,4.134787921619927,0.031610525315439494
2.4808232091515814,4.134787921619927,0.026338019607993816
2.5841908428662306,4.134787921619927,0.016920080469709373
2.6875584765808798,4.134787921619927,0.0053131377714910185
2.790926110295529,4.134787921619927,-0.005629106453236552
2.894293744010178,4.134787921619927,-0.013002116097827456
2.997661377724827,4.134787921619927,-0.014751682112637042
3.101029011439476,4.134787921619927,-0.010340695424948925
3.2043966451541253,4.134787921619927,-0.000963024602082437
3.3077642788687744,4.134787921619927,0.010771793574464514
3.411131912583425,4.134787921619927,0.02159151969695547
3.514499546298074,4.134787921619927,0.028521246709269716
3.6178671800127233,4.134787921619927,0.029754481280324017
3.7212348137273725,4.134787921619927,0.025168124587739305
3.8246024474420213,4.134787921619927,0.016327368913644905
3.9279700811566705,4.134787921619927,0.005986845048192541
4.031337714871319,4.134787921619927,-0.0027499536801385838
4.134705348585968,4.134787921619927,-0.007349255700987553
4.238072982300618,4.134787921619927,-0.006563206483057334
4.341440616015267,4.134787921619927,-0.0007346165146846915
4.444808249729916,4.134787921619927,0.008384668406050148
4.548175883444565,4.134787921619927,0.018224300462511268
4.651543517159214,4.134787921619927,0.026195509921828775
4.754911150873865,4.134787921619927,0.03044718860366389
4.858278784588514,4.134787921619927,0.030351930138846184
4.961646418303163,4.134787921619927,0.026592405245236688
5.065014052017812,4.134787921619927,0.02084962898157071
5.168381685732461,4.134787921619927,0.015217114052752159
5.27174931944711,4.134787921619927,0.01154036748863785
5.3751169531617595,4.134787921619927,0.01088884050095548
5.478484586876409,4.134787921619927,0.01330961130453648
5.581852220591058,4.134787921619927,0.01791206860303576
5.685219854305707,4.134787921619927,0.0232259383584805
5.788587488020356,4.134787921619927,0.02769597512061315
5.8919551217350055,4.134787921619927,0.030148423444254585
5.995322755449654,4.134787921619927,0.030091243673251437
6.098690389164305,4.134787921619927,0.027777844824754785
6.202058022878954,4.134787921619927,0.02404623485177719
6.305425656593603,4.134787921619927,0.020013478699833238
6.408793290308252,4.134787921619927,0.01673835441514639
-6.408793290308252,4.238157619660425,0.010097299463290308
-6.305425656593603,4.238157619660425,0.012329746077063625
-6.202058022878954,4.238157619660425,0.014557116031659411
-6.098690389164304,4.238157619660425,0.016410818488766462
-5.995322755449655,4.238157619660425,0.017903491053098724
-5.8919551217350055,4.238157619660425,0.019335969967192935
-5.788587488020356,4.238157619660425,0.02105820440329894
-5.685219854305708,4.238157619660425,0.0231944566077774
-5.581852220591058,4.238157619660425,0.025462016467354166
-5.478484586876409,4.238157619660425,0.027178201519040858
-5.3751169531617595,4.238157619660425,0.027474881988456285
-5.27174931944711,4.238157619660425,0.025651906699559822
-5.168381685732461,4.238157619660425,0.021535162509257216
-5.065014052017812,4.238157619660425,0.015688843026451623
-4.961646418303163,4.238157619660425,0.009374134466448395
-4.858278784588514,4.238157619660425,0.004235078807900283
-4.754911150873865,4.238157619660425,0.0017957931201194564
-4.651543517159215,4.238157619660425,0.0029331868927801835
-4.548175883444566,4.238157619660425,0.00751423694498785
-4.444808249729917,4.238157619660425,0.01434390963765457
-4.341440616015267,4.238157619660425,0.021470426510723263
-4.238072982300618,4.238157619660425,0.02677139797169052
-4.134705348585968,4.238157619660425,0.02864029022893998
-4.031337714871319,4.238157619660425,0.026545845960328496
-3.9279700811566705,4.238157619660425,0.021266931176087574
-3.8246024474420213,4.238157619660425,0.014705049551793019
-3.7212348137273725,4.238157619660425,0.009314862177611696
-3.6178671800127233,4.238157619660425,0.007323351084293197
-3.514499546298074,4.238157619660425,0.009985792707463302
-3.411131912583425,4.238157619660425,0.017123324006220183
-3.3077642788687753,4.238157619660425,0.02710147159915629
-3.204396645154126,4.238157619660425,0.03726847343305395
-3.101029011439477,4.238157619660425,0.04472276469840524
-2.9976613777248278,4.238157619660425,0.04717061033038897
-2.8942937440101786,4.238157619660425,0.043604240399121495
-2.790926110295529,4.238157619660425,0.03458869958232233
-2.6875584765808798,4.238157619660425,0.022072833700685485
-2.5841908428662306,4.238157619660425,0.008793814055447725
-2.4808232091515814,4.238157619660425,-0.002526234611852761
-2.3774555754369326,4.238157619660425,-0.009931534925456509
-2.2740879417222835,4.238157619660425,-0.012697936679462746
-2.1707203080076334,4.238157619660425,-0.011381395326022267
-2.067352674292984,4.238157619660425,-0.007462710255422944
-1.9639850405783352,4.238157619660425,-0.0027361723946429284
-1.8606174068636863,4.238157619660425,0.0013308908979894451
-1.757249773149037,4.238157619660425,0.0040427432228265885
-1.6538821394343879,4.238157619660425,0.005579937316612371
-1.550514505719738,4.238157619660425,0.006749373751653665
-1.447146872005089,4.238157619660425,0.008496024127037264
-1.3437792382904399,4.238157619660425,0.011378281989691985
-1.2404116045757907,4.238157619660425,0.01521883898674888
-1.1370439708611417,4.238157619660425,0.01907416308064136
-1.0336763371464925,4.238157619660425,0.021543416829373684
-0.9303087034318435,4.238157619660425,0.02130664832301833
-0.8269410697171936,4.238157619660425,0.017690336894194112
-0.7235734360025445,4.238157619660425,0.011040065286761921
-0.6202058022878953,4.238157619660425,0.002743199441687954
-0.5168381685732463,4.238157619660425,-0.005132354281807625
-0.4134705348585972,4.238157619660425,-0.010477333814160167
-0.31010290114394806,4.238157619660425,-0.011845795664707467
-0.2067352674292982,4.238157619660425,-0.008978963759379385
-0.1033676337146491,4.238157619660425,-0.00295475931717136
0.,4.238157619660425,0.004107385754257629
0.1033676337146491,4.238157619660425,0.009705041230927056
0.2067352674292982,4.238157619660425,0.011765248273296626
0.31010290114394734,4.238157619660425,0.009342564368951343
0.4134705348585964,4.238157619660425,0.0029661425356383867
0.5168381685732455,4.238157619660425,-0.005487330925267258
0.6202058022878947,4.238157619660425,-0.013360823730560956
0.7235734360025438,4.238157619660425,-0.018042533848211757
0.8269410697171944,4.238157619660425,-0.017780467106557025
0.9303087034318435,4.238157619660425,-0.012219423953037975
1.0336763371464925,4.238157619660425,-0.0024865766483520815
1.1370439708611417,4.238157619660425,0.009196760201252497
1.2404116045757907,4.238157619660425,0.020241026517518128
1.3437792382904399,4.238157619660425,0.028504246070448314
1.447146872005089,4.238157619660425,0.03292337136814759
1.550514505719738,4.238157619660425,0.03375376010178339
1.6538821394343872,4.238157619660425,0.03234673974471492
1.7572497731490362,4.238157619660425,0.030555331000666448
1.8606174068636854,4.238157619660425,0.029985837136679325
1.9639850405783346,4.238157619660425,0.03136426333129256
2.0673526742929837,4.238157619660425,0.03424398684899127
2.1707203080076343,4.238157619660425,0.03715978173895016
2.2740879417222835,4.238157619660425,0.03817543821723463
2.3774555754369326,4.238157619660425,0.03563260432443102
2.4808232091515814,4.238157619660425,0.028835541470468292
2.5841908428662306,4.238157619660425,0.018425578525720035
2.6875584765808798,4.238157619660425,0.006303749005667988
2.790926110295529,4.238157619660425,-0.004885518054615782
2.894293744010178,4.238157619660425,-0.012545700078355905
2.997661377724827,4.238157619660425,-0.014934542117549745
3.101029011439476,4.238157619660425,-0.011717503538553142
3.2043966451541253,4.238157619660425,-0.004082920202436206
3.3077642788687744,4.238157619660425,0.00562144119888349
3.411131912583425,4.238157619660425,0.014612550017711707
3.514499546298074,4.238157619660425,0.020521134596736754
3.6178671800127233,4.238157619660425,0.02209123984815404
3.7212348137273725,4.238157619660425,0.019509037732584125
3.8246024474420213,4.238157619660425,0.014265069735276572
3.9279700811566705,4.238157619660425,0.008608772701986157
4.031337714871319,4.238157619660425,0.004785727250601124
4.134705348585968,4.238157619660425,0.0043130976058130014
4.238072982300618,4.238157619660425,0.007527135494477298
4.341440616015267,4.238157619660425,0.013538052788957436
4.444808249729916,4.238157619660425,0.020587434583918915
4.548175883444565,4.238157619660425,0.02667013551589089
4.651543517159214,4.238157619660425,0.030200941488377216
4.754911150873865,4.238157619660425,0.03050189894925406
4.858278784588514,4.238157619660425,0.027957633124353124
4.961646418303163,4.238157619660425,0.023805864993549187
5.065014052017812,4.238157619660425,0.019655744284835183
5.168381685732461,4.238157619660425,0.01691430928828092
5.27174931944711,4.238157619660425,0.016322824176434745
5.3751169531617595,4.238157619660425,0.01775548767133226
5.478484586876409,4.238157619660425,0.020333400833579443
5.581852220591058,4.238157619660425,0.02279384743014303
5.685219854305707,4.238157619660425,0.0239691089648212
5.788587488020356,4.238157619660425,0.023199224021003582
5.8919551217350055,4.238157619660425,0.020537218138175512
5.995322755449654,4.238157619660425,0.01668812212485851
6.098690389164305,4.238157619660425,0.01272244432145922
6.202058022878954,4.238157619660425,0.00968385756143211
6.305425656593603,4.238157619660425,0.008241724561737872
6.408793290308252,4.238157619660425,0.00851249910549936
-6.408793290308252,4.3415273177009235,0.005887310096535291
-6.305425656593603,4.3415273177009235,0.010913054838503206
-6.202058022878954,4.3415273177009235,0.014176589455915075
-6.098690389164304,4.3415273177009235,0.01519162309112982
-5.995322755449655,4.3415273177009235,0.014426443538702864
-5.8919551217350055,4.3415273177009235,0.01305565415845045
-5.788587488020356,4.3415273177009235,0.012450098569384303
-5.685219854305708,4.3415273177009235,0.013596360644721847
-5.581852220591058,4.3415273177009235,0.016664265510172683
-5.478484586876409,4.3415273177009235,0.0208886680964431
-5.3751169531617595,4.3415273177009235,0.02481833049363816
-5.27174931944711,4.3415273177009235,0.026849902087384532
-5.168381685732461,4.3415273177009235,0.025857173883088246
-5.065014052017812,4.3415273177009235,0.021684245675969004
-4.961646418303163,4.3415273177009235,0.015312369117725889
-4.858278784588514,4.3415273177009235,0.00862118678352333
-4.754911150873865,4.3415273177009235,0.0038079718713311277
-4.651543517159215,4.3415273177009235,0.002653305793841255
-4.548175883444566,4.3415273177009235,0.005883796854264809
-4.444808249729917,4.3415273177009235,0.012858478428586397
-4.341440616015267,4.3415273177009235,0.021701689104209883
-4.238072982300618,4.3415273177009235,0.029855790791802197
-4.134705348585968,4.3415273177009235,0.03488276506633142
-4.031337714871319,4.3415273177009235,0.03525437031213346
-3.9279700811566705,4.3415273177009235,0.030867793504361946
-3.8246024474420213,4.3415273177009235,0.02310993355198623
-3.7212348137273725,4.3415273177009235,0.014440547073630355
-3.6178671800127233,4.3415273177009235,0.007623386433586176
-3.514499546298074,4.3415273177009235,0.0048517162491792274
-3.411131912583425,4.3415273177009235,0.007050623255568568
-3.3077642788687753,4.3415273177009235,0.013581123716492107
-3.204396645154126,4.3415273177009235,0.022439531472425514
-3.101029011439477,4.3415273177009235,0.03088407494095068
-2.9976613777248278,4.3415273177009235,0.03628331945711047
-2.8942937440101786,4.3415273177009235,0.036912955928812254
-2.790926110295529,4.3415273177009235,0.032450471086409395
-2.6875584765808798,4.3415273177009235,0.024021746664129172
-2.5841908428662306,4.3415273177009235,0.013803108047099277
-2.4808232091515814,4.3415273177009235,0.004325749150062048
-2.3774555754369326,4.3415273177009235,-0.002280956571883134
-2.2740879417222835,4.3415273177009235,-0.004863271118180537
-2.1707203080076334,4.3415273177009235,-0.003464238316648999
-2.067352674292984,4.3415273177009235,0.0008500881080963508
-1.9639850405783352,4.3415273177009235,0.006466434969664327
-1.8606174068636863,4.3415273177009235,0.011813345185196718
-1.757249773149037,4.3415273177009235,0.015849747233309758
-1.6538821394343879,4.3415273177009235,0.01829109143997366
-1.550514505719738,4.3415273177009235,0.01951797363114106
-1.447146872005089,4.3415273177009235,0.020233660151559887
-1.3437792382904399,4.3415273177009235,0.021028362686325786
-1.2404116045757907,4.3415273177009235,0.022036789009637337
-1.1370439708611417,4.3415273177009235,0.022832265251394517
-1.0336763371464925,4.3415273177009235,0.022602965704251205
-0.9303087034318435,4.3415273177009235,0.02054081021885983
-0.8269410697171936,4.3415273177009235,0.016284899243080117
-0.7235734360025445,4.3415273177009235,0.010232726671365827
-0.6202058022878953,4.3415273177009235,0.0035755221495718547
-0.5168381685732463,4.3415273177009235,-0.00198585464043118
-0.4134705348585972,4.3415273177009235,-0.004767061924613097
-0.31010290114394806,4.3415273177009235,-0.0036935589614154355
-0.2067352674292982,4.3415273177009235,0.0012511852950276032
-0.1033676337146491,4.3415273177009235,0.00889623253100343
0.,4.3415273177009235,0.017143165916680008
0.1033676337146491,4.3415273177009235,0.023553603510869596
0.2067352674292982,4.3415273177009235,0.026086143364935505
0.31010290114394734,4.3415273177009235,0.02374621439199941
0.4134705348585964,4.3415273177009235,0.01693335087658194
0.5168381685732455,4.3415273177009235,0.007365271427487392
0.6202058022878947,4.3415273177009235,-0.002404566712345913
0.7235734360025438,4.3415273177009235,-0.009725954080309128
0.8269410697171944,4.3415273177009235,-0.012613517003824059
0.9303087034318435,4.3415273177009235,-0.010290981080213799
1.0336763371464925,4.3415273177009235,-0.0033520629039479302
1.1370439708611417,4.3415273177009235,0.006499781279682671
1.2404116045757907,4.3415273177009235,0.017031820493178043
1.3437792382904399,4.3415273177009235,0.0261798732117999
1.447146872005089,4.3415273177009235,0.032629579576780705
1.550514505719738,4.3415273177009235,0.03609631014888644
1.6538821394343872,4.3415273177009235,0.037229655688814575
1.7572497731490362,4.3415273177009235,0.03720128445909916
1.8606174068636854,4.3415273177009235,0.037143258934025154
1.9639850405783346,4.3415273177009235,0.03765035694234909
2.0673526742929837,4.3415273177009235,0.03852948506826622
2.1707203080076343,4.3415273177009235,0.038884124633730026
2.2740879417222835,4.3415273177009235,0.037496795511880364
2.3774555754369326,4.3415273177009235,0.03336275041326243
2.4808232091515814,4.3415273177009235,0.026172607619120717
2.5841908428662306,4.3415273177009235,0.016559781834860714
2.6875584765808798,4.3415273177009235,0.006013358082345418
2.790926110295529,4.3415273177009235,-0.0035222680625220937
2.894293744010178,4.3415273177009235,-0.010226456892380456
2.997661377724827,4.3415273177009235,-0.01296032951630294
3.101029011439476,4.3415273177009235,-0.011609872958182096
3.2043966451541253,4.3415273177009235,-0.00709515218337611
3.3077642788687744,4.3415273177009235,-0.001043587871998935
3.411131912583425,4.3415273177009235,0.004757398509053758
3.514499546298074,4.3415273177009235,0.00893704440632018
3.6178671800127233,4.3415273177009235,0.01094800810658158
3.7212348137273725,4.3415273177009235,0.01116675439589888
3.8246024474420213,4.3415273177009235,0.01066167112993941
3.9279700811566705,4.3415273177009235,0.010721739559495465
4.031337714871319,4.3415273177009235,0.012322937612459442
4.134705348585968,4.3415273177009235,0.01572950184558303
4.238072982300618,4.3415273177009235,0.020375829846490324
4.341440616015267,4.3415273177009235,0.02507089690724983
4.444808249729916,4.3415273177009235,0.028448196217033973
4.548175883444565,4.3415273177009235,0.029493390807371248
4.651543517159214,4.3415273177009235,0.027952047003823807
4.754911150873865,4.3415273177009235,0.024462057970283793
4.858278784588514,4.3415273177009235,0.020354770942712312
4.961646418303163,4.3415273177009235,0.017189811233280144
5.065014052017812,4.3415273177009235,0.016187542719359432
5.168381685732461,4.3415273177009235,0.017764010024930253
5.27174931944711,4.3415273177009235,0.021340635622157482
5.3751169531617595,4.3415273177009235,0.025505712971449556
5.478484586876409,4.3415273177009235,0.028480239647649497
5.581852220591058,4.3415273177009235,0.028731074421136697
5.685219854305707,4.3415273177009235,0.02551907993803207
5.788587488020356,4.3415273177009235,0.019189160321701187
5.8919551217350055,4.3415273177009235,0.011096886018937427
5.995322755449654,4.3415273177009235,0.003192260074635365
6.098690389164305,4.3415273177009235,-0.002599103683225665
6.202058022878954,4.3415273177009235,-0.004985917906016465
6.305425656593603,4.3415273177009235,-0.003703560800516159
6.408793290308252,4.3415273177009235,0.00044379702976097884
-6.408793290308252,4.444897015741422,0.002921957247582094
-6.305425656593603,4.444897015741422,0.010935715027689016
-6.202058022878954,4.444897015741422,0.01572683807533644
-6.098690389164304,4.444897015741422,0.01645646994316161
-5.995322755449655,4.444897015741422,0.01370137941450256
-5.8919551217350055,4.444897015741422,0.00917415062114548
-5.788587488020356,4.444897015741422,0.005076519075713508
-5.685219854305708,4.444897015741422,0.003308827596142574
-5.581852220591058,4.444897015741422,0.004804642922951155
-5.478484586876409,4.444897015741422,0.00921529928614204
-5.3751169531617595,4.444897015741422,0.015049311877656154
-5.27174931944711,4.444897015741422,0.020216473505694995
-5.168381685732461,4.444897015741422,0.02278825187080863
-5.065014052017812,4.444897015741422,0.021711522106867692
-4.961646418303163,4.444897015741422,0.01722706931995246
-4.858278784588514,4.444897015741422,0.01084312931370942
-4.754911150873865,4.444897015741422,0.004864489808316425
-4.651543517159215,4.444897015741422,0.0016289245502917795
-4.548175883444566,4.444897015741422,0.0027040720467868076
-4.444808249729917,4.444897015741422,0.008315014407740084
-4.341440616015267,4.444897015741422,0.01719961330019377
-4.238072982300618,4.444897015741422,0.026949170607382954
-4.134705348585968,4.444897015741422,0.034732381498349174
-4.031337714871319,4.444897015741422,0.03817369181905387
-3.9279700811566705,4.444897015741422,0.036104963861452996
-3.8246024474420213,4.444897015741422,0.028948870811336964
-3.7212348137273725,4.444897015741422,0.018610418652833968
-3.6178671800127233,4.444897015741422,0.007910464513087419
-3.514499546298074,4.444897015741422,-0.0002594925682865063
-3.411131912583425,4.444897015741422,-0.0037956237601710877
-3.3077642788687753,4.444897015741422,-0.001987307873182738
-3.204396645154126,4.444897015741422,0.004311609953754867
-3.101029011439477,4.444897015741422,0.01298728885692429
-2.9976613777248278,4.444897015741422,0.02133814522521245
-2.8942937440101786,4.444897015741422,0.02689632327864252
-2.790926110295529,4.444897015741422,0.02814208973348207
-2.6875584765808798,4.444897015741422,0.024899376850673578
-2.5841908428662306,4.444897015741422,0.018309832105069437
-2.4808232091515814,4.444897015741422,0.010418628659927518
-2.3774555754369326,4.444897015741422,0.0035230966176767655
-2.2740879417222835,4.444897015741422,-0.0005018492611557192
-2.1707203080076334,4.444897015741422,-0.000696463828988368
-2.067352674292984,4.444897015741422,0.0028045844067275338
-1.9639850405783352,4.444897015741422,0.008928686759049214
-1.8606174068636863,4.444897015741422,0.016072453034658114
-1.757249773149037,4.444897015741422,0.02260464032115697
-1.6538821394343879,4.444897015741422,0.027297556908176666
-1.550514505719738,4.444897015741422,0.02956399153028736
-1.447146872005089,4.444897015741422,0.029457642583271926
-1.3437792382904399,4.444897015741422,0.02748120208075561
-1.2404116045757907,4.444897015741422,0.024306850263705146
-1.1370439708611417,4.444897015741422,0.020529484367869714
-1.0336763371464925,4.444897015741422,0.016541762511943465
-0.9303087034318435,4.444897015741422,0.01255754799652455
-0.8269410697171936,4.444897015741422,0.008742882624921936
-0.7235734360025445,4.444897015741422,0.005367987998578335
-0.6202058022878953,4.444897015741422,0.002887235132191116
-0.5168381685732463,4.444897015741422,0.0018880508461396846
-0.4134705348585972,4.444897015741422,0.0029099638942190497
-0.31010290114394806,4.444897015741422,0.006196928024926758
-0.2067352674292982,4.444897015741422,0.011484522998593222
-0.1033676337146491,4.444897015741422,0.017922395896875887
0.,4.444897015741422,0.0241902587120109
0.1033676337146491,4.444897015741422,0.0287974452502508
0.2067352674292982,4.444897015741422,0.030486330520171523
0.31010290114394734,4.444897015741422,0.028614889948996816
0.4134705348585964,4.444897015741422,0.02339093125586198
0.5168381685732455,4.444897015741422,0.01587263971723113
0.6202058022878947,4.444897015741422,0.007723446506011519
0.7235734360025438,4.444897015741422,0.0007888472735977078
0.8269410697171944,4.444897015741422,-0.003378879795263383
0.9303087034318435,4.444897015741422,-0.0039053350593341043
1.0336763371464925,4.444897015741422,-0.0007758499324596768
1.1370439708611417,4.444897015741422,0.005230569724508035
1.2404116045757907,4.444897015741422,0.012820039736529098
1.3437792382904399,4.444897015741422,0.020574336535979253
1.447146872005089,4.444897015741422,0.0273228754053225
1.550514505719738,4.444897015741422,0.032381850381562396
1.6538821394343872,4.444897015741422,0.03560028508658307
1.7572497731490362,4.444897015741422,0.037224240393359614
1.8606174068636854,4.444897015741422,0.03765329756299097
1.9639850405783346,4.444897015741422,0.03719554391323206
2.0673526742929837,4.444897015741422,0.03591836634920753
2.1707203080076343,4.444897015741422,0.033647480042744204
2.2740879417222835,4.444897015741422,0.030103994676640072
2.3774555754369326,4.444897015741422,0.025113290192182273
2.4808232091515814,4.444897015741422,0.01879133136928645
2.5841908428662306,4.444897015741422,0.011624097269431337
2.6875584765808798,4.444897015741422,0.004399579446726456
2.790926110295529,4.444897015741422,-0.001988107727830801
2.894293744010178,4.444897015741422,-0.006790255731419368
2.997661377724827,4.444897015741422,-0.009614056823286447
3.101029011439476,4.444897015741422,-0.010509292254669228
3.2043966451541253,4.444897015741422,-0.009895854550843361
3.3077642788687744,4.444897015741422,-0.008359635744857867
3.411131912583425,4.444897015741422,-0.006398129017644067
3.514499546298074,4.444897015741422,-0.004220110252203299
3.6178671800127233,4.444897015741422,-0.0016855976272671784
3.7212348137273725,4.444897015741422,0.0015817211712714442
3.8246024474420213,4.444897015741422,0.005947632318577161
3.9279700811566705,4.444897015741422,0.01148366446447211
4.031337714871319,4.444897015741422,0.017768622556818325
4.134705348585968,4.444897015741422,0.023875086666037302
4.238072982300618,4.444897015741422,0.028576393571900012
4.341440616015267,4.444897015741422,0.030725312811171537
4.444808249729916,4.444897015741422,0.029681933667531236
4.548175883444565,4.444897015741422,0.0256340646421225
4.651543517159214,4.444897015741422,0.019674856389777912
4.754911150873865,4.444897015741422,0.01357607233468106
4.858278784588514,4.444897015741422,0.009298698725244102
4.961646418303163,4.444897015741422,0.008380340395832206
5.065014052017812,4.444897015741422,0.01139564233670329
5.168381685732461,4.444897015741422,0.017678668415268807
5.27174931944711,4.444897015741422,0.02542284580740477
5.3751169531617595,4.444897015741422,0.032155885685742076
5.478484586876409,4.444897015741422,0.03546197477758453
5.581852220591058,4.444897015741422,0.03373385925724409
5.685219854305707,4.444897015741422,0.026715492885095914
5.788587488020356,4.444897015741422,0.015652329131644802
5.8919551217350055,4.444897015741422,0.0029855684105358675
5.995322755449654,4.444897015741422,-0.008328643388003888
6.098690389164305,4.444897015741422,-0.01567116741548187
6.202058022878954,4.444897015741422,-0.01751935323605795
6.305425656593603,4.444897015741422,-0.013875265260071459
6.408793290308252,4.444897015741422,-0.006226925719617492
-6.408793290308252,4.54826671378192,0.001132684341501309
-6.305425656593603,4.54826671378192,0.011853743487049213
-6.202058022878954,4.54826671378192,0.018589300651561495
-6.098690389164304,4.54826671378192,0.019971652672180575
-5.995322755449655,4.54826671378192,0.01627166054906007
-5.8919551217350055,4.54826671378192,0.00922630536269349
-5.788587488020356,4.54826671378192,0.0014343068238342406
-5.685219854305708,4.54826671378192,-0.004485844252241594
-5.581852220591058,4.54826671378192,-0.00671024068268174
-5.478484586876409,4.54826671378192,-0.004743294084553558
-5.3751169531617595,4.54826671378192,0.0004906726801216264
-5.27174931944711,4.54826671378192,0.0070175799920330385
-5.168381685732461,4.54826671378192,0.012517720173234886
-5.065014052017812,4.54826671378192,0.01513011970080649
-4.961646418303163,4.54826671378192,0.014092636253287917
-4.858278784588514,4.54826671378192,0.010007604105189015
-4.754911150873865,4.54826671378192,0.004644881594183177
-4.651543517159215,4.54826671378192,0.0003448320433413669
-4.548175883444566,4.54826671378192,-0.0007852910899499623
-4.444808249729917,4.54826671378192,0.0023809479933105423
-4.341440616015267,4.54826671378192,0.009544575032714966
-4.238072982300618,4.54826671378192,0.018991876255177873
-4.134705348585968,4.54826671378192,0.028067771680357567
-4.031337714871319,4.54826671378192,0.03397103558928907
-3.9279700811566705,4.54826671378192,0.034625902066176
-3.8246024474420213,4.54826671378192,0.02935707827272612
-3.7212348137273725,4.54826671378192,0.019153673089818246
-3.6178671800127233,4.54826671378192,0.006433686643041114
-3.514499546298074,4.54826671378192,-0.005625171613066405
-3.411131912583425,4.54826671378192,-0.013988774488055479
-3.3077642788687753,4.54826671378192,-0.016632587125271495
-3.204396645154126,4.54826671378192,-0.013111045475751744
-3.101029011439477,4.54826671378192,-0.0046623757715567515
-2.9976613777248278,4.54826671378192,0.006177395372608436
-2.8942937440101786,4.54826671378192,0.016329833369833995
-2.790926110295529,4.54826671378192,0.02306918184424606
-2.6875584765808798,4.54826671378192,0.02479074760285686
-2.5841908428662306,4.54826671378192,0.02143058124133251
-2.4808232091515814,4.54826671378192,0.014424236760547212
-2.3774555754369326,4.54826671378192,0.006232317877748431
-2.2740879417222835,4.54826671378192,-0.00041273841212074763
-2.1707203080076334,4.54826671378192,-0.003308365178322198
-2.067352674292984,4.54826671378192,-0.0013976053112974046
-1.9639850405783352,4.54826671378192,0.004970046527312009
-1.8606174068636863,4.54826671378192,0.014189477201877274
-1.757249773149037,4.54826671378192,0.023896499292637405
-1.6538821394343879,4.54826671378192,0.0316481345714258
-1.550514505719738,4.54826671378192,0.03558243987618182
-1.447146872005089,4.54826671378192,0.03487429316300077
-1.3437792382904399,4.54826671378192,0.029876405059304507
-1.2404116045757907,4.54826671378192,0.021934183128255888
-1.1370439708611417,4.54826671378192,0.012957100370480158
-1.0336763371464925,4.54826671378192,0.004890212508511218
-0.9303087034318435,4.54826671378192,-0.0007578439892979601
-0.8269410697171936,4.54826671378192,-0.003208768116139347
-0.7235734360025445,4.54826671378192,-0.002475547016306543
-0.6202058022878953,4.54826671378192,0.0007895296878738549
-0.5168381685732463,4.54826671378192,0.005580644075816546
-0.4134705348585972,4.54826671378192,0.010851985470235047
-0.31010290114394806,4.54826671378192,0.01576283953554088
-0.2067352674292982,4.54826671378192,0.019796732728110878
-0.1033676337146491,4.54826671378192,0.02274845092077679
0.,4.54826671378192,0.024618123227974992
0.1033676337146491,4.54826671378192,0.025476539001096653
0.2067352674292982,4.54826671378192,0.02536450103099872
0.31010290114394734,4.54826671378192,0.02426500339316556
0.4134705348585964,4.54826671378192,0.022151466455462454
0.5168381685732455,4.54826671378192,0.01908215967236996
0.6202058022878947,4.54826671378192,0.015292085625947447
0.7235734360025438,4.54826671378192,0.011234704122936836
0.8269410697171944,4.54826671378192,0.007545155475015328
0.9303087034318435,4.54826671378192,0.004926078994390204
1.0336763371464925,4.54826671378192,0.003985764545235532
1.1370439708611417,4.54826671378192,0.005076338268732845
1.2404116045757907,4.54826671378192,0.008181418914464498
1.3437792382904399,4.54826671378192,0.012888455045758949
1.447146872005089,4.54826671378192,0.018456219462833278
1.550514505719738,4.54826671378192,0.02396103613787963
1.6538821394343872,4.54826671378192,0.028484474543235053
1.7572497731490362,4.54826671378192,0.031295986463968764
1.8606174068636854,4.54826671378192,0.03198773110284816
1.9639850405783346,4.54826671378192,0.03053317129205051
2.0673526742929837,4.54826671378192,0.02726093018886221
2.1707203080076343,4.54826671378192,0.022755264962598148
2.2740879417222835,4.54826671378192,0.017709811824773932
2.3774555754369326,4.54826671378192,0.012769456943597855
2.4808232091515814,4.54826671378192,0.008395784186446566
2.5841908428662306,4.54826671378192,0.004785444150949466
2.6875584765808798,4.54826671378192,0.001859520780705446
2.790926110295529,4.54826671378192,-0.0006727506884037597
2.894293744010178,4.54826671378192,-0.003188861475876182
2.997661377724827,4.54826671378192,-0.005994959423990155
3.101029011439476,4.54826671378192,-0.009174900455636431
3.2043966451541253,4.54826671378192,-0.01249061989014517
3.3077642788687744,4.54826671378192,-0.015371558764557017
3.411131912583425,4.54826671378192,-0.017012633544465364
3.514499546298074,4.54826671378192,-0.01657230545606552
3.6178671800127233,4.54826671378192,-0.01343062895697233
3.7212348137273725,4.54826671378192,-0.007440691786816163
3.8246024474420213,4.54826671378192,0.000904742575815544
3.9279700811566705,4.54826671378192,0.010459223872763131
4.031337714871319,4.54826671378192,0.019595389091087136
4.134705348585968,4.54826671378192,0.026547821106286826
4.238072982300618,4.54826671378192,0.029854383775784418
4.341440616015267,4.54826671378192,0.02878239556935003
4.444808249729916,4.54826671378192,0.02361250319695868
4.548175883444565,4.54826671378192,0.015676996794708412
4.651543517159214,4.54826671378192,0.007108572592123347
4.754911150873865,4.54826671378192,0.00033641965172722516
4.858278784588514,4.54826671378192,-0.002553634141476507
4.961646418303163,4.54826671378192,-0.0004244877342026391
5.065014052017812,4.54826671378192,0.006519552663352814
5.168381685732461,4.54826671378192,0.016685485582499538
5.27174931944711,4.54826671378192,0.027432462573668454
5.3751169531617595,4.54826671378192,0.035732735436684294
5.478484586876409,4.54826671378192,0.038985372070629125
5.581852220591058,4.54826671378192,0.03575897951313867
5.685219854305707,4.54826671378192,0.02624648332770609
5.788587488020356,4.54826671378192,0.012287174225455026
5.8919551217350055,4.54826671378192,-0.0030693254416132012
5.995322755449654,4.54826671378192,-0.016349612376986556
6.098690389164305,4.54826671378192,-0.02457943299628744
6.202058022878954,4.54826671378192,-0.026082209613778596
6.305425656593603,4.54826671378192,-0.02092218085085232
6.408793290308252,4.54826671378192,-0.010860949596804679
-6.408793290308252,4.651636411822418,-0.00014411815915146094
-6.305425656593603,4.651636411822418,0.012523747351835755
-6.202058022878954,4.651636411822418,0.021389592661484377
-6.098690389164304,4.651636411822418,0.024493738893760154
-5.995322755449655,4.651636411822418,0.021429817440391893
-5.8919551217350055,4.651636411822418,0.013397971905152635
-5.788587488020356,4.651636411822418,0.0028207771184778694
-5.685219854305708,4.651636411822418,-0.007368209989944555
-5.581852220591058,4.651636411822418,-0.014558530814244425
-5.478484586876409,4.651636411822418,-0.0171781073090635
-5.3751169531617595,4.651636411822418,-0.015082470685183532
-5.27174931944711,4.651636411822418,-0.009507419177621402
-5.168381685732461,4.651636411822418,-0.002606135009824869
-5.065014052017812,4.651636411822418,0.0032812875266195873
-4.961646418303163,4.651636411822418,0.006394945527750285
-4.858278784588514,4.651636411822418,0.006115639027264614
-4.754911150873865,4.651636411822418,0.00313948852763282
-4.651543517159215,4.651636411822418,-0.0007909411263416799
-4.548175883444566,4.651636411822418,-0.0035143593297249976
-4.444808249729917,4.651636411822418,-0.0032346858317174897
-4.341440616015267,4.651636411822418,0.0007967695369709214
-4.238072982300618,4.651636411822418,0.007932190930606972
-4.134705348585968,4.651636411822418,0.016240197446416842
-4.031337714871319,4.651636411822418,0.02306272779599825
-3.9279700811566705,4.651636411822418,0.025852000875805005
-3.8246024474420213,4.651636411822418,0.0230263055018687
-3.7212348137273725,4.651636411822418,0.014567161828387956
-3.6178671800127233,4.651636411822418,0.0021529670995097936
-3.514499546298074,4.651636411822418,-0.011235104102924881
-3.411131912583425,4.651636411822418,-0.022133515295854018
-3.3077642788687753,4.651636411822418,-0.02760321196714384
-3.204396645154126,4.651636411822418,-0.02611655431691974
-3.101029011439477,4.651636411822418,-0.01804644238789946
-2.9976613777248278,4.651636411822418,-0.005596272015391516
-2.8942937440101786,4.651636411822418,0.00782092430256085
-2.790926110295529,4.651636411822418,0.018575306454392905
-2.6875584765808798,4.651636411822418,0.023888434864523866
-2.5841908428662306,4.651636411822418,0.022652928945146394
-2.4808232091515814,4.651636411822418,0.015752384479879394
-2.3774555754369326,4.651636411822418,0.0057814872271394506
-2.2740879417222835,4.651636411822418,-0.003750676423707617
-2.1707203080076334,4.651636411822418,-0.009492848136090842
-2.067352674292984,4.651636411822418,-0.009273826450042075
-1.9639850405783352,4.651636411822418,-0.0027650110224234515
-1.8606174068636863,4.651636411822418,0.00841555825575511
-1.757249773149037,4.651636411822418,0.021185324644243726
-1.6538821394343879,4.651636411822418,0.031914979691149155
-1.550514505719738,4.651636411822418,0.03750118756701246
-1.447146872005089,4.651636411822418,0.036270961904929074
-1.3437792382904399,4.651636411822418,0.028451108576421615
-1.2404116045757907,4.651636411822418,0.016072978758642546
-1.1370439708611417,4.651636411822418,0.0023559535288982625
-1.0336763371464925,4.651636411822418,-0.009231547293685636
-0.9303087034318435,4.651636411822418,-0.015944538163427557
-0.8269410697171936,4.651636411822418,-0.01647928268928052
-0.7235734360025445,4.651636411822418,-0.011237032958939571
-0.6202058022878953,4.651636411822418,-0.002080388390972246
-0.5168381685732463,4.651636411822418,0.008314927203324938
-0.4134705348585972,4.651636411822418,0.017292843017664827
-0.31010290114394806,4.651636411822418,0.02297075247907119
-0.2067352674292982,4.651636411822418,0.024691385777361716
-0.1033676337146491,4.651636411822418,0.023057722361861755
0.,4.651636411822418,0.019573984945458884
0.1033676337146491,4.651636411822418,0.016038670110275956
0.2067352674292982,4.651636411822418,0.013904895880025272
0.31010290114394734,4.651636411822418,0.013819530635736418
0.4134705348585964,4.651636411822418,0.015480477204581436
0.5168381685732455,4.651636411822418,0.017837845615318104
0.6202058022878947,4.651636411822418,0.01954859702085513
0.7235734360025438,4.651636411822418,0.019513752634123013
0.8269410697171944,4.651636411822418,0.01730734061090355
0.9303087034318435,4.651636411822418,0.013350926928888363
1.0336763371464925,4.651636411822418,0.008779478703843515
1.1370439708611417,4.651636411822418,0.005051182951458966
1.2404116045757907,4.651636411822418,0.0034396739294403796
1.3437792382904399,4.651636411822418,0.0045840916641463865
1.447146872005089,4.651636411822418,0.008249732947084408
1.550514505719738,4.651636411822418,0.013378990546292503
1.6538821394343872,4.651636411822418,0.018414333139783107
1.7572497731490362,4.651636411822418,0.02178518754047242
1.8606174068636854,4.651636411822418,0.022398075160303413
1.9639850405783346,4.651636411822418,0.019970504950781252
2.0673526742929837,4.651636411822418,0.015102285454747554
2.1707203080076343,4.651636411822418,0.009064616913184158
2.2740879417222835,4.651636411822418,0.0033787705980156597
2.3774555754369326,4.651636411822418,-0.0006771568939981206
2.4808232091515814,4.651636411822418,-0.002473774371557874
2.5841908428662306,4.651636411822418,-0.0022186360174869858
2.6875584765808798,4.651636411822418,-0.0008682216113483021
2.790926110295529,4.651636411822418,0.00020726297062163845
2.894293744010178,4.651636411822418,-0.00030045600357924546
2.997661377724827,4.651636411822418,-0.003171783419955634
3.101029011439476,4.651636411822418,-0.008349964296976289
3.2043966451541253,4.651636411822418,-0.014887464251351588
3.3077642788687744,4.651636411822418,-0.021169934741722383
3.411131912583425,4.651636411822418,-0.025356917014984538
3.514499546298074,4.651636411822418,-0.025914386926147608
3.6178671800127233,4.651636411822418,-0.02208689438726755
3.7212348137273725,4.651636411822418,-0.014173201981797053
3.8246024474420213,4.651636411822418,-0.003523273047391841
3.9279700811566705,4.651636411822418,0.007749680847090117
4.031337714871319,4.651636411822418,0.01727169916955834
4.134705348585968,4.651636411822418,0.02299753212775246
4.238072982300618,4.651636411822418,0.023736050299748453
4.341440616015267,4.651636411822418,0.019475946366259808
4.444808249729916,4.651636411822418,0.01142534413859508
4.548175883444565,4.651636411822418,0.0017492610116316015
4.651543517159214,4.651636411822418,-0.006937056599256836
4.754911150873865,4.651636411822418,-0.012200646831443122
4.858278784588514,4.651636411822418,-0.012398395709621889
4.961646418303163,4.651636411822418,-0.007111539874697739
5.065014052017812,4.651636411822418,0.002703440951145584
5.168381685732461,4.651636411822418,0.014893632188162203
5.27174931944711,4.651636411822418,0.026586946753694413
5.3751169531617595,4.651636411822418,0.034863715354514664
5.478484586876409,4.651636411822418,0.03746721061370782
5.581852220591058,4.651636411822418,0.03338129425839065
5.685219854305707,4.651636411822418,0.02312783690093479
5.788587488020356,4.651636411822418,0.008698615351518797
5.8919551217350055,4.651636411822418,-0.0068767269931010325
5.995322755449654,4.651636411822418,-0.020233479532304005
6.098690389164305,4.651636411822418,-0.028479058827845526
6.202058022878954,4.651636411822418,-0.029903810734919083
6.305425656593603,4.651636411822418,-0.024410798911146555
6.408793290308252,4.651636411822418,-0.01354584933332985
-6.408793290308252,4.755006109862916,-0.0018646211754246808
-6.305425656593603,4.755006109862916,0.01162578407716223
-6.202058022878954,4.755006109862916,0.022453480153746087
-6.098690389164304,4.755006109862916,0.028142757779587725
-5.995322755449655,4.755006109862916,0.02738749876978375
-5.8919551217350055,4.755006109862916,0.020395681564416793
-5.788587488020356,4.755006109862916,0.008854903822551887
-5.685219854305708,4.755006109862916,-0.004492240735417626
-5.581852220591058,4.755006109862916,-0.016562258812004755
-5.478484586876409,4.755006109862916,-0.02474297818363693
-5.3751169531617595,4.755006109862916,-0.027573775001351598
-5.27174931944711,4.755006109862916,-0.025093458716678275
-5.168381685732461,4.755006109862916,-0.018749257776179553
-5.065014052017812,4.755006109862916,-0.010892178617039523
-4.961646418303163,4.755006109862916,-0.0040134823794386225
-4.858278784588514,4.755006109862916,0.00003807901788031443
-4.754911150873865,4.755006109862916,0.0006082142452100728
-4.651543517159215,4.755006109862916,-0.0016210068272501919
-4.548175883444566,4.755006109862916,-0.004946545736886422
-4.444808249729917,4.755006109862916,-0.007312649945394419
-4.341440616015267,4.755006109862916,-0.007106189773133612
-4.238072982300618,4.755006109862916,-0.003804243744466493
-4.134705348585968,4.755006109862916,0.0017583437826438708
-4.031337714871319,4.755006109862916,0.007610444275494739
-3.9279700811566705,4.755006109862916,0.011298941426918957
-3.8246024474420213,4.755006109862916,0.010766980402479039
-3.7212348137273725,4.755006109862916,0.005159772889254451
-3.6178671800127233,4.755006109862916,-0.004728368948309952
-3.514499546298074,4.755006109862916,-0.01654375776814714
-3.411131912583425,4.755006109862916,-0.02700384267661983
-3.3077642788687753,4.755006109862916,-0.03288911686559147
-3.204396645154126,4.755006109862916,-0.03208571688571234
-3.101029011439477,4.755006109862916,-0.024335153958201003
-2.9976613777248278,4.755006109862916,-0.011428204618169239
-2.8942937440101786,4.755006109862916,0.0032484944475336002
-2.790926110295529,4.755006109862916,0.01569585603994081
-2.6875584765808798,4.755006109862916,0.022520406217601926
-2.5841908428662306,4.755006109862916,0.02200417338649579
-2.4808232091515814,4.755006109862916,0.014678372667703658
-2.3774555754369326,4.755006109862916,0.0032021374830619753
-2.2740879417222835,4.755006109862916,-0.008434393309518404
-2.1707203080076334,4.755006109862916,-0.016145908687080004
-2.067352674292984,4.755006109862916,-0.017043932050260634
-1.9639850405783352,4.755006109862916,-0.01037646618492572
-1.8606174068636863,4.755006109862916,0.0021882986134653
-1.757249773149037,4.755006109862916,0.017033944048668707
-1.6538821394343879,4.755006109862916,0.02968484946663803
-1.550514505719738,4.755006109862916,0.036177147595817104
-1.447146872005089,4.755006109862916,0.034285163581183
-1.3437792382904399,4.755006109862916,0.024220638639177713
-1.2404116045757907,4.755006109862916,0.008587227673643207
-1.1370439708611417,4.755006109862916,-0.008393384309845462
-1.0336763371464925,4.755006109862916,-0.022139710642311378
-0.9303087034318435,4.755006109862916,-0.029060072423250996
-0.8269410697171936,4.755006109862916,-0.0275773185508114
-0.7235734360025445,4.755006109862916,-0.018520791550489742
-0.6202058022878953,4.755006109862916,-0.0047814739217500535
-0.5168381685732463,4.755006109862916,0.009641089654475925
-0.4134705348585972,4.755006109862916,0.020884796585723512
-0.31010290114394806,4.755006109862916,0.026366603309878254
-0.2067352674292982,4.755006109862916,0.02546894524207303
-0.1033676337146491,4.755006109862916,0.019576991985329164
0.,4.755006109862916,0.011486484416285438
0.1033676337146491,4.755006109862916,0.004401902005112534
0.2067352674292982,4.755006109862916,0.0008667165580274216
0.31010290114394734,4.755006109862916,0.0019743956393836943
0.4134705348585964,4.755006109862916,0.007102173955904325
0.5168381685732455,4.755006109862916,0.014228106049560041
0.6202058022878947,4.755006109862916,0.02069765349296152
0.7235734360025438,4.755006109862916,0.024163430498271316
0.8269410697171944,4.755006109862916,0.023376048908913424
0.9303087034318435,4.755006109862916,0.018567039684396106
1.0336763371464925,4.755006109862916,0.011311871649054403
1.1370439708611417,4.755006109862916,0.003940229239613978
1.2404116045757907,4.755006109862916,-0.0012890525510890218
1.3437792382904399,4.755006109862916,-0.0029591075923900653
1.447146872005089,4.755006109862916,-0.000951042989325967
1.550514505719738,4.755006109862916,0.003560793782178762
1.6538821394343872,4.755006109862916,0.008558555828785187
1.7572497731490362,4.755006109862916,0.011908614593852356
1.8606174068636854,4.755006109862916,0.012109860459841585
1.9639850405783346,4.755006109862916,0.008804696684282574
2.0673526742929837,4.755006109862916,0.0028820279277575653
2.1707203080076343,4.755006109862916,-0.00385529351108648
2.2740879417222835,4.755006109862916,-0.009336746002134244
2.3774555754369326,4.755006109862916,-0.01195738236476129
2.4808232091515814,4.755006109862916,-0.011145146796058021
2.5841908428662306,4.755006109862916,-0.0075691120124001315
2.6875584765808798,4.755006109862916,-0.0029191964314542584
2.790926110295529,4.755006109862916,0.0006671376317877459
2.894293744010178,4.755006109862916,0.0013382748294749024
2.997661377724827,4.755006109862916,-0.0018225805460219723
3.101029011439476,4.755006109862916,-0.008447555292274483
3.2043966451541253,4.755006109862916,-0.01694860779392016
3.3077642788687744,4.755006109862916,-0.024976623659779255
3.411131912583425,4.755006109862916,-0.030129510196517606
3.514499546298074,4.755006109862916,-0.030687121034859006
3.6178671800127233,4.755006109862916,-0.02614629286891374
3.7212348137273725,4.755006109862916,-0.017395531209324477
3.8246024474420213,4.755006109862916,-0.00648229314688763
3.9279700811566705,4.755006109862916,0.003950944837051086
4.031337714871319,4.755006109862916,0.011390904235457843
4.134705348585968,4.755006109862916,0.014127949565582549
4.238072982300618,4.755006109862916,0.011695320482737843
4.341440616015267,4.755006109862916,0.004964113692972789
4.444808249729916,4.755006109862916,-0.00411346004264974
4.548175883444565,4.755006109862916,-0.01302496446289537
4.651543517159214,4.755006109862916,-0.01933305224027062
4.754911150873865,4.755006109862916,-0.02125987889546221
4.858278784588514,4.755006109862916,-0.018084500001528496
4.961646418303163,4.755006109862916,-0.01027680785921399
5.065014052017812,4.755006109862916,0.0006389054009458189
5.168381685732461,4.755006109862916,0.012437724711575041
5.27174931944711,4.755006109862916,0.022674393234868473
5.3751169531617595,4.755006109862916,0.029187006130384746
5.478484586876409,4.755006109862916,0.0305299707003848
5.581852220591058,4.755006109862916,0.026264038535697365
5.685219854305707,4.755006109862916,0.017058476637430982
5.788587488020356,4.755006109862916,0.004588659993787561
5.8919551217350055,4.755006109862916,-0.008759205140245316
5.995322755449654,4.755006109862916,-0.020335089120692665
6.098690389164305,4.755006109862916,-0.027753060813205596
6.202058022878954,4.755006109862916,-0.029403911232924743
6.305425656593603,4.755006109862916,-0.024843407916948772
6.408793290308252,4.755006109862916,-0.014956001746077075
-6.408793290308252,4.858375807903414,-0.0048507717207353016
-6.305425656593603,4.858375807903414,0.008182719708168239
-6.202058022878954,4.858375807903414,0.02040151990631327
-6.098690389164304,4.858375807903414,0.029019961536114983
-5.995322755449655,4.858375807903414,0.03182896472118163
-5.8919551217350055,4.858375807903414,0.027825701939835742
-5.788587488020356,4.858375807903414,0.017573098875604178
-5.685219854305708,4.858375807903414,0.0031495445284339956
-5.581852220591058,4.858375807903414,-0.012333182695406304
-5.478484586876409,4.858375807903414,-0.0255290981778005
-5.3751169531617595,4.858375807903414,-0.033749911523900014
-5.27174931944711,4.858375807903414,-0.035682462673576436
-5.168381685732461,4.858375807903414,-0.03170781844361956
-5.065014052017812,4.858375807903414,-0.023717772469364518
-4.961646418303163,4.858375807903414,-0.014483511177333822
-4.858278784588514,4.858375807903414,-0.006777221243232541
-4.754911150873865,4.858375807903414,-0.0025302219036196696
-4.651543517159215,4.858375807903414,-0.002300534079127127
-4.548175883444566,4.858375807903414,-0.005219693872198449
-4.444808249729917,4.858375807903414,-0.009426224126083049
-4.341440616015267,4.858375807903414,-0.012826219250030918
-4.238072982300618,4.858375807903414,-0.013907799999710676
-4.134705348585968,4.858375807903414,-0.012316503012181092
-4.031337714871319,4.858375807903414,-0.008981855760293148
-3.9279700811566705,4.858375807903414,-0.005744422114845573
-3.8246024474420213,4.858375807903414,-0.004613052592745317
-3.7212348137273725,4.858375807903414,-0.0069204876257192086
-3.6178671800127233,4.858375807903414,-0.012691472207228114
-3.514499546298074,4.858375807903414,-0.02047198117293954
-3.411131912583425,4.858375807903414,-0.027710734175182637
-3.3077642788687753,4.858375807903414,-0.03158770186400053
-3.204396645154126,4.858375807903414,-0.030017100195192558
-3.101029011439477,4.858375807903414,-0.02247476764912462
-2.9976613777248278,4.858375807903414,-0.010342737322912389
-2.8942937440101786,4.858375807903414,0.0033829967334847106
-2.790926110295529,4.858375807903414,0.01496120863779356
-2.6875584765808798,4.858375807903414,0.021087089435519187
-2.5841908428662306,4.858375807903414,0.02000188686955909
-2.4808232091515814,4.858375807903414,0.012151177018351706
-2.3774555754369326,4.858375807903414,0.00014775363169974165
-2.2740879417222835,4.858375807903414,-0.011981275605594024
-2.1707203080076334,4.858375807903414,-0.020044655207961844
-2.067352674292984,4.858375807903414,-0.021041884196734948
-1.9639850405783352,4.858375807903414,-0.014181808448912057
-1.8606174068636863,4.858375807903414,-0.0012205959915239405
-1.757249773149037,4.858375807903414,0.014011769431236788
-1.6538821394343879,4.858375807903414,0.026765459419575043
-1.550514505719738,4.858375807903414,0.03284967743664155
-1.447146872005089,4.858375807903414,0.029968526457403694
-1.3437792382904399,4.858375807903414,0.01848452754580085
-1.2404116045757907,4.858375807903414,0.0013592193659149642
-1.1370439708611417,4.858375807903414,-0.016717919229967553
-1.0336763371464925,4.858375807903414,-0.03074110701425279
-0.9303087034318435,4.858375807903414,-0.0368962068884375
-0.8269410697171936,4.858375807903414,-0.03369088088244308
-0.7235734360025445,4.858375807903414,-0.022355836786548285
-0.6202058022878953,4.858375807903414,-0.006401273835027168
-0.5168381685732463,4.858375807903414,0.00951709675054624
-0.4134705348585972,4.858375807903414,0.02105092315185756
-0.31010290114394806,4.858375807903414,0.025465347743402564
-0.2067352674292982,4.858375807903414,0.02239056590213843
-0.1033676337146491,4.858375807903414,0.013799261799656383
0.,4.858375807903414,0.0032452775432734214
0.1033676337146491,4.858375807903414,-0.005364284911543763
0.2067352674292982,4.858375807903414,-0.009049643067875054
0.31010290114394734,4.858375807903414,-0.006675284156941981
0.4134705348585964,4.858375807903414,0.0007790805377055285
0.5168381685732455,4.858375807903414,0.010653590553331978
0.6202058022878947,4.858375807903414,0.019574760412371245
0.7235734360025438,4.858375807903414,0.024610191141170707
0.8269410697171944,4.858375807903414,0.02421956400536462
0.9303087034318435,4.858375807903414,0.01869386502709428
1.0336763371464925,4.858375807903414,0.009958804291304848
1.1370439708611417,4.858375807903414,0.0008374723617049931
1.2404116045757907,4.858375807903414,-0.0059536275152945895
1.3437792382904399,4.858375807903414,-0.00872126374473164
1.447146872005089,4.858375807903414,-0.007314465163839978
1.550514505719738,4.858375807903414,-0.0030834875033242757
1.6538821394343872,4.858375807903414,0.0016847059519085447
1.7572497731490362,4.858375807903414,0.004637944451929353
1.8606174068636854,4.858375807903414,0.004221056474598516
1.9639850405783346,4.858375807903414,0.00022509034659199697
2.0673526742929837,4.858375807903414,-0.006162518302024278
2.1707203080076343,4.858375807903414,-0.012813521750724581
2.2740879417222835,4.858375807903414,-0.01744927037690632
2.3774555754369326,4.858375807903414,-0.018480671283957317
2.4808232091515814,4.858375807903414,-0.015599491224927172
2.5841908428662306,4.858375807903414,-0.009913751388692101
2.6875584765808798,4.858375807903414,-0.0035813320939248675
2.790926110295529,4.858375807903414,0.0009293030870686925
2.894293744010178,4.858375807903414,0.0016945614772433829
2.997661377724827,4.858375807903414,-0.001987132481490489
3.101029011439476,4.858375807903414,-0.00932751416158807
3.2043966451541253,4.858375807903414,-0.018279886385761102
3.3077642788687744,4.858375807903414,-0.026190467052071925
3.411131912583425,4.858375807903414,-0.030650985203596978
3.514499546298074,4.858375807903414,-0.0302705017732935
3.6178671800127233,4.858375807903414,-0.0251164136403527
3.7212348137273725,4.858375807903414,-0.016688415733770903
3.8246024474420213,4.858375807903414,-0.007444297098042229
3.9279700811566705,4.858375807903414,-0.000039919254600780815
4.031337714871319,4.858375807903414,0.0034693305649832573
4.134705348585968,4.858375807903414,0.0022171853395899933
4.238072982300618,4.858375807903414,-0.0032644018503660854
4.341440616015267,4.858375807903414,-0.011256976087396222
4.444808249729916,4.858375807903414,-0.019396499325343746
4.548175883444565,4.858375807903414,-0.025358136113401684
4.651543517159214,4.858375807903414,-0.02747255822131761
4.754911150873865,4.858375807903414,-0.025104140802839698
4.858278784588514,4.858375807903414,-0.018713128083762662
4.961646418303163,4.858375807903414,-0.009629001793009425
5.065014052017812,4.858375807903414,0.0003558007353280607
5.168381685732461,4.858375807903414,0.009428751168597965
5.27174931944711,4.858375807903414,0.016112644985341762
5.3751169531617595,4.858375807903414,0.019466673012731493
5.478484586876409,4.858375807903414,0.01913419778940946
5.581852220591058,4.858375807903414,0.015288863061445874
5.685219854305707,4.858375807903414,0.008546034098386458
5.788587488020356,4.858375807903414,-0.0001143490243023692
5.8919551217350055,4.858375807903414,-0.009409532314192816
5.995322755449654,4.858375807903414,-0.01783562361964846
6.098690389164305,4.858375807903414,-0.023818755341734735
6.202058022878954,4.858375807903414,-0.025964222775883762
6.305425656593603,4.858375807903414,-0.023382131795971938
6.408793290308252,4.858375807903414,-0.016010538721011974
-6.408793290308252,4.961745505943912,-0.009399027926441986
-6.305425656593603,4.961745505943912,0.0019910644139357193
-6.202058022878954,4.961745505943912,0.014680410259315433
-6.098690389164304,4.961745505943912,0.02586872159565288
-5.995322755449655,4.961745505943912,0.032673655320212554
-5.8919551217350055,4.961745505943912,0.03296687940830249
-5.788587488020356,4.961745505943912,0.026073511112821506
-5.685219854305708,4.961745505943912,0.01309104418913248
-5.581852220591058,4.961745505943912,-0.00330547482913207
-5.478484586876409,4.961745505943912,-0.019541859685382818
-5.3751169531617595,4.961745505943912,-0.03211525289617759
-5.27174931944711,4.961745505943912,-0.03856192613558911
-5.168381685732461,4.961745505943912,-0.03812028156647576
-5.065014052017812,4.961745505943912,-0.03188052753504214
-4.961646418303163,4.961745505943912,-0.022377338067797466
-4.858278784588514,4.961745505943912,-0.012762792421083505
-4.754911150873865,4.961745505943912,-0.005832485468111231
-4.651543517159215,4.961745505943912,-0.003221336941617088
-4.548175883444566,4.961745505943912,-0.005022203073730191
-4.444808249729917,4.961745505943912,-0.009931878555622012
-4.341440616015267,4.961745505943912,-0.015847128403649498
-4.238072982300618,4.961745505943912,-0.020681420737843667
-4.134705348585968,4.961745505943912,-0.023103958510675416
-4.031337714871319,4.961745505943912,-0.022940120321710243
-3.9279700811566705,4.961745505943912,-0.021102451011564795
-3.8246024474420213,4.961745505943912,-0.019096872223438973
-3.7212348137273725,4.961745505943912,-0.01830640511965518
-3.6178671800127233,4.961745505943912,-0.019337176902143496
-3.514499546298074,4.961745505943912,-0.021688336541117185
-3.411131912583425,4.961745505943912,-0.023886242001336856
-3.3077642788687753,4.961745505943912,-0.024047172658779217
-3.204396645154126,4.961745505943912,-0.020665815402320296
-3.101029011439477,4.961745505943912,-0.013330758634629528
-2.9976613777248278,4.961745505943912,-0.0030806421207558703
-2.8942937440101786,4.961745505943912,0.007765598834009152
-2.790926110295529,4.961745505943912,0.016283857416078195
-2.6875584765808798,4.961745505943912,0.01991606658588425
-2.5841908428662306,4.961745505943912,0.01740622107975117
-2.4808232091515814,4.961745505943912,0.009361428920474361
-2.3774555754369326,4.961745505943912,-0.001788984154965074
-2.2740879417222835,4.961745505943912,-0.012464195445715393
-2.1707203080076334,4.961745505943912,-0.01904164418288216
-2.067352674292984,4.961745505943912,-0.019052689109874593
-1.9639850405783352,4.961745505943912,-0.012063695706660398
-1.8606174068636863,4.961745505943912,0.00006963091168535424
-1.757249773149037,4.961745505943912,0.013688636689776145
-1.6538821394343879,4.961745505943912,0.024428900188867012
-1.550514505719738,4.961745505943912,0.028590268524197326
-1.447146872005089,4.961745505943912,0.024341027873207174
-1.3437792382904399,4.961745505943912,0.012360404558750265
-1.2404116045757907,4.961745505943912,-0.004301208119705801
-1.1370439708611417,4.961745505943912,-0.02111361539683446
-1.0336763371464925,4.961745505943912,-0.033434288147757035
-0.9303087034318435,4.961745505943912,-0.03791946693598392
-0.8269410697171936,4.961745505943912,-0.033530024119555336
-0.7235734360025445,4.961745505943912,-0.021813510847846985
-0.6202058022878953,4.961745505943912,-0.006378146934774207
-0.5168381685732463,4.961745505943912,0.008264487948980352
-0.4134705348585972,4.961745505943912,0.018109747924414606
-0.31010290114394806,4.961745505943912,0.020868802051683698
-0.2067352674292982,4.961745505943912,0.016595015583747028
-0.1033676337146491,4.961745505943912,0.007543509869291793
0.,4.961745505943912,-0.0026669177481188824
0.1033676337146491,4.961745505943912,-0.010294849816945143
0.2067352674292982,4.961745505943912,-0.012702330862015714
0.31010290114394734,4.961745505943912,-0.009165786508264714
0.4134705348585964,4.961745505943912,-0.0010213821902535824
0.5168381685732455,4.961745505943912,0.008876829077839266
0.6202058022878947,4.961745505943912,0.017178404823775202
0.7235734360025438,4.961745505943912,0.02117733464292805
0.8269410697171944,4.961745505943912,0.019684932449192057
0.9303087034318435,4.961745505943912,0.013352072742030886
1.0336763371464925,4.961745505943912,0.004354917014500257
1.1370439708611417,4.961745505943912,-0.004422068820457018
1.2404116045757907,4.961745505943912,-0.010405169128812132
1.3437792382904399,4.961745505943912,-0.012193516048948362
1.447146872005089,4.961745505943912,-0.009972257464290509
1.550514505719738,4.961745505943912,-0.005350725791545788
1.6538821394343872,4.961745505943912,-0.0007042091149567246
1.7572497731490362,4.961745505943912,0.0017306906050788002
1.8606174068636854,4.961745505943912,0.000677852707826174
1.9639850405783346,4.961745505943912,-0.0037303937166726525
2.0673526742929837,4.961745505943912,-0.010030369477157791
2.1707203080076343,4.961745505943912,-0.015990459727776796
2.2740879417222835,4.961745505943912,-0.01944960996782438
2.3774555754369326,4.961745505943912,-0.01912505672878818
2.4808232091515814,4.961745505943912,-0.015098653347581
2.5841908428662306,4.961745505943912,-0.008809038832004904
2.6875584765808798,4.961745505943912,-0.0025543816120322193
2.790926110295529,4.961745505943912,0.0013158398182475288
2.894293744010178,4.961745505943912,0.0012326727935575014
2.997661377724827,4.961745505943912,-0.003030788094797571
3.101029011439476,4.961745505943912,-0.010265361948138142
3.2043966451541253,4.961745505943912,-0.018231462747966238
3.3077642788687744,4.961745505943912,-0.024422185769599453
3.411131912583425,4.961745505943912,-0.02691837193740777
3.514499546298074,4.961745505943912,-0.025040739730193648
3.6178671800127233,4.961745505943912,-0.01957719659573717
3.7212348137273725,4.961745505943912,-0.012511998987403008
3.8246024474420213,4.961745505943912,-0.006354759657415786
3.9279700811566705,4.961745505943912,-0.003301746902013702
4.031337714871319,4.961745505943912,-0.004513884143077872
4.134705348585968,4.961745505943912,-0.009749405020675164
4.238072982300618,4.961745505943912,-0.017462862207833746
4.341440616015267,4.961745505943912,-0.025321945043219704
4.444808249729916,4.961745505943912,-0.03095562562921594
4.548175883444565,4.961745505943912,-0.032678286837958564
4.651543517159214,4.961745505943912,-0.029955776498881835
4.754911150873865,4.961745505943912,-0.023479552382119316
4.858278784588514,4.961745505943912,-0.014855689095755123
4.961646418303163,4.961745505943912,-0.006045238354818475
5.065014052017812,4.961745505943912,0.0012340009262782996
5.168381685732461,4.961745505943912,0.005940048189990516
5.27174931944711,4.961745505943912,0.007848063203765429
5.3751169531617595,4.961745505943912,0.0073935424072126095
5.478484586876409,4.961745505943912,0.00532291601039627
5.581852220591058,4.961745505943912,0.0023209749262280287
5.685219854305707,4.961745505943912,-0.0012224904594803038
5.788587488020356,4.961745505943912,-0.0052170833751224
5.8919551217350055,4.961745505943912,-0.009664977300901842
5.995322755449654,4.961745505943912,-0.014359006863833958
6.098690389164305,4.961745505943912,-0.018650726537542316
6.202058022878954,4.961745505943912,-0.02143192842909314
6.305425656593603,4.961745505943912,-0.021387694772928557
6.408793290308252,4.961745505943912,-0.017462000812466513
-6.408793290308252,5.065115203984412,-0.015075561443795538
-6.305425656593603,5.065115203984412,-0.006197279923784571
-6.202058022878954,5.065115203984412,0.00584366636545259
-6.098690389164304,5.065115203984412,0.018555116769451294
-5.995322755449655,5.065115203984412,0.028795014205269448
-5.8919551217350055,5.065115203984412,0.033680538493112276
-5.788587488020356,5.065115203984412,0.03148866206302637
-5.685219854305708,5.065115203984412,0.022249592201563792
-5.581852220591058,5.065115203984412,0.007826486840830357
-5.478484586876409,5.065115203984412,-0.00856104475904484
-5.3751169531617595,5.065115203984412,-0.023230817606129116
-5.27174931944711,5.065115203984412,-0.03307333981675029
-5.168381685732461,5.065115203984412,-0.03640609083695673
-5.065014052017812,5.065115203984412,-0.03338440573343987
-4.961646418303163,5.065115203984412,-0.025852285677013698
-4.858278784588514,5.065115203984412,-0.016698247658256858
-4.754911150873865,5.065115203984412,-0.008937756399300887
-4.651543517159215,5.065115203984412,-0.004822897426539449
-4.548175883444566,5.065115203984412,-0.005257053622509186
-4.444808249729917,5.065115203984412,-0.009678111293492817
-4.341440616015267,5.065115203984412,-0.016409901096006797
-4.238072982300618,5.065115203984412,-0.02332593367308033
-4.134705348585968,5.065115203984412,-0.028575323137616786
-4.031337714871319,5.065115203984412,-0.03111836972697678
-3.9279700811566705,5.065115203984412,-0.03090566166909571
-3.8246024474420213,5.065115203984412,-0.02867538091920241
-3.7212348137273725,5.065115203984412,-0.02548586988591088
-3.6178671800127233,5.065115203984412,-0.022192401349733694
-3.514499546298074,5.065115203984412,-0.019086120116992268
-3.411131912583425,5.065115203984412,-0.01583808469996611
-3.3077642788687753,5.065115203984412,-0.011762273245525161
-3.204396645154126,5.065115203984412,-0.006278316007411795
-3.101029011439477,5.065115203984412,0.0006310686661772976
-2.9976613777248278,5.065115203984412,0.008177791066567528
-2.8942937440101786,5.065115203984412,0.014871725732195463
-2.790926110295529,5.065115203984412,0.01896516551341889
-2.6875584765808798,5.065115203984412,0.019093720724728386
-2.5841908428662306,5.065115203984412,0.014877359679227722
-2.4808232091515814,5.065115203984412,0.007239422325729237
-2.3774555754369326,5.065115203984412,-0.001712196144317372
-2.2740879417222835,5.065115203984412,-0.009246481428644253
-2.1707203080076334,5.065115203984412,-0.012855052037315387
-2.067352674292984,5.065115203984412,-0.01110793158288294
-1.9639850405783352,5.065115203984412,-0.00422070140884977
-1.8606174068636863,5.065115203984412,0.005884949050245264
-1.757249773149037,5.065115203984412,0.0160832487123374
-1.6538821394343879,5.065115203984412,0.022974990085967713
-1.550514505719738,5.065115203984412,0.023960185325112692
-1.447146872005089,5.065115203984412,0.01810513469292373
-1.3437792382904399,5.065115203984412,0.006511182898472716
-1.2404116045757907,5.065115203984412,-0.007951996901070756
-1.1370439708611417,5.065115203984412,-0.021479705750379104
-1.0336763371464925,5.065115203984412,-0.03047533011648616
-0.9303087034318435,5.065115203984412,-0.032640523851843586
-0.8269410697171936,5.065115203984412,-0.027662657135955754
-0.7235734360025445,5.065115203984412,-0.01727868543230401
-0.6202058022878953,5.065115203984412,-0.004697401011568999
-0.5168381685732463,5.065115203984412,0.006428752541209234
-0.4134705348585972,5.065115203984412,0.013145426888883215
-0.31010290114394806,5.065115203984412,0.014081281834579592
-0.2067352674292982,5.065115203984412,0.009795133914595197
-0.1033676337146491,5.065115203984412,0.002486148386659785
0.,5.065115203984412,-0.004819811955159893
0.1033676337146491,5.065115203984412,-0.009323309168509797
0.2067352674292982,5.065115203984412,-0.00938645291136791
0.31010290114394734,5.065115203984412,-0.005040883922747929
0.4134705348585964,5.065115203984412,0.0020889781520237634
0.5168381685732455,5.065115203984412,0.009403352871371881
0.6202058022878947,5.065115203984412,0.014258763913975642
0.7235734360025438,5.065115203984412,0.014886321741050706
0.8269410697171944,5.065115203984412,0.010982017106607869
0.9303087034318435,5.065115203984412,0.003775035337847179
1.0336763371464925,5.065115203984412,-0.004435232448506017
1.1370439708611417,5.065115203984412,-0.011099004853640987
1.2404116045757907,5.065115203984412,-0.01429888125282789
1.3437792382904399,5.065115203984412,-0.013386877078870466
1.447146872005089,5.065115203984412,-0.009159975202561236
1.550514505719738,5.065115203984412,-0.0035247767566268726
1.6538821394343872,5.065115203984412,0.0012178751768793313
1.7572497731490362,5.065115203984412,0.003206562397771843
1.8606174068636854,5.065115203984412,0.0016731886471563347
1.9639850405783346,5.065115203984412,-0.002811469681573699
2.0673526742929837,5.065115203984412,-0.008579951168887058
2.1707203080076343,5.065115203984412,-0.013502391965533989
2.2740879417222835,5.065115203984412,-0.015778684614654374
2.3774555754369326,5.065115203984412,-0.014600882898335167
2.4808232091515814,5.065115203984412,-0.010448010190121867
2.5841908428662306,5.065115203984412,-0.0049096931747506225
2.6875584765808798,5.065115203984412,-0.00010524650899655706
2.790926110295529,5.065115203984412,0.0020899489632897968
2.894293744010178,5.065115203984412,0.0007303335082084296
2.997661377724827,5.065115203984412,-0.0038500116699465253
3.101029011439476,5.065115203984412,-0.010150976656617372
3.2043966451541253,5.065115203984412,-0.016044399842935285
3.3077642788687744,5.065115203984412,-0.01954486014118356
3.411131912583425,5.065115203984412,-0.01953749415203656
3.514499546298074,5.065115203984412,-0.016200985582220034
3.6178671800127233,5.065115203984412,-0.010971035039645468
3.7212348137273725,5.065115203984412,-0.006052010081134316
3.8246024474420213,5.065115203984412,-0.0036446069607701244
3.9279700811566705,5.065115203984412,-0.005158626816026846
4.031337714871319,5.065115203984412,-0.010686675187771746
4.134705348585968,5.065115203984412,-0.018924472729755427
4.238072982300618,5.065115203984412,-0.027568381483979096
4.341440616015267,5.065115203984412,-0.034055323064943584
4.444808249729916,5.065115203984412,-0.036392502473516025
4.548175883444565,5.065115203984412,-0.03379518651301759
4.651543517159214,5.065115203984412,-0.026919738286092953
4.754911150873865,5.065115203984412,-0.01762112539639967
4.858278784588514,5.065115203984412,-0.008328652668862757
4.961646418303163,5.065115203984412,-0.0012627256453763734
5.065014052017812,5.065115203984412,0.0022358427458244725
5.168381685732461,5.065115203984412,0.002040070807343233
5.27174931944711,5.065115203984412,-0.0008637958382975478
5.3751169531617595,5.065115203984412,-0.004852582517199341
5.478484586876409,5.065115203984412,-0.008326337565612577
5.581852220591058,5.065115203984412,-0.010300046585705365
5.685219854305707,5.065115203984412,-0.010707410744955499
5.788587488020356,5.065115203984412,-0.010310405883878252
5.8919551217350055,5.065115203984412,-0.010260040101116762
5.995322755449654,5.065115203984412,-0.011488029806535517
6.098690389164305,5.065115203984412,-0.014176371574057114
6.202058022878954,5.065115203984412,-0.017526578560973404
6.305425656593603,5.065115203984412,-0.019940818464461548
6.408793290308252,5.065115203984412,-0.019572354918975826
-6.408793290308252,5.16848490202491,-0.020785034744380603
-6.305425656593603,5.16848490202491,-0.01482142930789158
-6.202058022878954,5.16848490202491,-0.004526754088337805
-6.098690389164304,5.16848490202491,0.008197937884135602
-5.995322755449655,5.16848490202491,0.02044892015761572
-5.8919551217350055,5.16848490202491,0.029146181252380065
-5.788587488020356,5.16848490202491,0.03194848996331654
-5.685219854305708,5.16848490202491,0.02796594778360472
-5.581852220591058,5.16848490202491,0.018043293851504535
-5.478484586876409,5.16848490202491,0.004525292780997456
-5.3751169531617595,5.16848490202491,-0.009419191498430636
-5.27174931944711,5.16848490202491,-0.020700016784079203
-5.168381685732461,5.16848490202491,-0.027155148893095213
-5.065014052017812,5.16848490202491,-0.02809186180885601
-4.961646418303163,5.16848490202491,-0.024370870329141023
-4.858278784588514,5.16848490202491,-0.018033332707791172
-4.754911150873865,5.16848490202491,-0.01161228061939474
-4.651543517159215,5.16848490202491,-0.00735876310518851
-4.548175883444566,5.16848490202491,-0.006622761328335654
-4.444808249729917,5.16848490202491,-0.009561236737517093
-4.341440616015267,5.16848490202491,-0.015227799217500329
-4.238072982300618,5.16848490202491,-0.02197295330071582
-4.134705348585968,5.16848490202491,-0.02799313866669301
-4.031337714871319,5.16848490202491,-0.03183856154073791
-3.9279700811566705,5.16848490202491,-0.032728345965123626
-3.8246024474420213,5.16848490202491,-0.030607424694172772
-3.7212348137273725,5.16848490202491,-0.025978091172591408
-3.6178671800127233,5.16848490202491,-0.019613523286026665
-3.514499546298074,5.16848490202491,-0.01228564519353897
-3.411131912583425,5.16848490202491,-0.004610379642311296
-3.3077642788687753,5.16848490202491,0.0029543204192078974
-3.204396645154126,5.16848490202491,0.00999823601122443
-3.101029011439477,5.16848490202491,0.016029303996959333
-2.9976613777248278,5.16848490202491,0.020424795328858655
-2.8942937440101786,5.16848490202491,0.0225229971714064
-2.790926110295529,5.16848490202491,0.021844362875284264
-2.6875584765808798,5.16848490202491,0.01835992716214094
-2.5841908428662306,5.16848490202491,0.012684315064989892
-2.4808232091515814,5.16848490202491,0.006080597148804561
-2.3774555754369326,5.16848490202491,0.00022464111360013243
-2.2740879417222835,5.16848490202491,-0.0032328768117545537
-2.1707203080076334,5.16848490202491,-0.0031817529354985366
-2.067352674292984,5.16848490202491,0.0005287914265209489
-1.9639850405783352,5.16848490202491,0.006929044661115076
-1.8606174068636863,5.16848490202491,0.01411368650617289
-1.757249773149037,5.16848490202491,0.019747940947127694
-1.6538821394343879,5.16848490202491,0.02175652822081079
-1.550514505719738,5.16848490202491,0.01898301315433685
-1.447146872005089,5.16848490202491,0.011601974243675251
-1.3437792382904399,5.16848490202491,0.001135852159367431
-1.2404116045757907,5.16848490202491,-0.009947928822644739
-1.1370439708611417,5.16848490202491,-0.018946243629728847
-1.0336763371464925,5.16848490202491,-0.0237177114198782
-0.9303087034318435,5.16848490202491,-0.0233150177817001
-0.8269410697171936,5.16848490202491,-0.01824771352037986
-0.7235734360025445,5.16848490202491,-0.01028939983755606
-0.6202058022878953,5.16848490202491,-0.0018922274351239295
-0.5168381685732463,5.16848490202491,0.004598676344321744
-0.4134705348585972,5.16848490202491,0.007672140590400374
-0.31010290114394806,5.16848490202491,0.007081111251251604
-0.2067352674292982,5.16848490202491,0.0038388088151308985
-0.1033676337146491,5.16848490202491,-0.00020907258257318536
0.,5.16848490202491,-0.0030825463858703333
0.1033676337146491,5.16848490202491,-0.0033916300573389297
0.2067352674292982,5.16848490202491,-0.0008357862651645322
0.31010290114394734,5.16848490202491,0.0036928861084871336
0.4134705348585964,5.16848490202491,0.008435712887422843
0.5168381685732455,5.16848490202491,0.011406376311347615
0.6202058022878947,5.16848490202491,0.011117643709898418
0.7235734360025438,5.16848490202491,0.007140434883200717
0.8269410697171944,5.16848490202491,0.0002981684725057052
0.9303087034318435,5.16848490202491,-0.007573832614066671
1.0336763371464925,5.16848490202491,-0.014222928668976722
1.1370439708611417,5.16848490202491,-0.01772384892160762
1.2404116045757907,5.16848490202491,-0.01711754979744019
1.3437792382904399,5.16848490202491,-0.012725172934297521
1.447146872005089,5.16848490202491,-0.00603076093069809
1.550514505719738,5.16848490202491,0.0008244204680908841
1.6538821394343872,5.16848490202491,0.00575949382138958
1.7572497731490362,5.16848490202491,0.007435487950416828
1.8606174068636854,5.16848490202491,0.005667866261354784
1.9639850405783346,5.16848490202491,0.0014332561239746636
2.0673526742929837,5.16848490202491,-0.003523452512036082
2.1707203080076343,5.16848490202491,-0.007335983765596509
2.2740879417222835,5.16848490202491,-0.00868484533671328
2.3774555754369326,5.16848490202491,-0.007249883256177563
2.4808232091515814,5.16848490202491,-0.003789947181222017
2.5841908428662306,5.16848490202491,0.0001726853462747145
2.6875584765808798,5.16848490202491,0.0029433514904500437
2.790926110295529,5.16848490202491,0.0033030158094018015
2.894293744010178,5.16848490202491,0.0009746478686605451
2.997661377724827,5.16848490202491,-0.0032648256462336394
3.101029011439476,5.16848490202491,-0.0078713115482488
3.2043966451541253,5.16848490202491,-0.011117970081980365
3.3077642788687744,5.16848490202491,-0.011765787377453412
3.411131912583425,5.16848490202491,-0.009573445115810224
3.514499546298074,5.16848490202491,-0.005452797133326365
3.6178671800127233,5.16848490202491,-0.0012001515116193619
3.7212348137273725,5.16848490202491,0.0011149920710268257
3.8246024474420213,5.16848490202491,-0.00010344312075919482
3.9279700811566705,5.16848490202491,-0.0053579821692512596
4.031337714871319,5.16848490202491,-0.013788988320721965
4.134705348585968,5.16848490202491,-0.023365730531861677
4.238072982300618,5.16848490202491,-0.03148800063459552
4.341440616015267,5.16848490202491,-0.03580577081704736
4.444808249729916,5.16848490202491,-0.034985036507565764
4.548175883444565,5.16848490202491,-0.029161078894888916
4.651543517159214,5.16848490202491,-0.019922488656438475
4.754911150873865,5.16848490202491,-0.009826119193739742
4.858278784588514,5.16848490202491,-0.0016011901963536718
4.961646418303163,5.16848490202491,0.002694222739335477
5.065014052017812,5.16848490202491,0.0022853498172242703
5.168381685732461,5.16848490202491,-0.0021382382807048806
5.27174931944711,5.16848490202491,-0.008725454728060317
5.3751169531617595,5.16848490202491,-0.015138661717602895
5.478484586876409,5.16848490202491,-0.01936368816183884
5.581852220591058,5.16848490202491,-0.020374536790178057
5.685219854305707,5.16848490202491,-0.01842592871846957
5.788587488020356,5.16848490202491,-0.014878424715241971
5.8919551217350055,5.16848490202491,-0.011624897273583608
5.995322755449654,5.16848490202491,-0.01032680632509174
6.098690389164305,5.16848490202491,-0.011735700363177368
6.202058022878954,5.16848490202491,-0.015346392249185615
6.305425656593603,5.16848490202491,-0.01951322588113585
6.408793290308252,5.16848490202491,-0.021999316944599737
-6.408793290308252,5.271854600065408,-0.025102923674470846
-6.305425656593603,5.271854600065408,-0.02195357144886666
-6.202058022878954,5.271854600065408,-0.014248199853780704
-6.098690389164304,5.271854600065408,-0.003109868848718145
-5.995322755449655,5.271854600065408,0.009256090920729938
-5.8919551217350055,5.271854600065408,0.020164891299329153
-5.788587488020356,5.271854600065408,0.027196985753056315
-5.685219854305708,5.271854600065408,0.02885914512217076
-5.581852220591058,5.271854600065408,0.024968522989766376
-5.478484586876409,5.271854600065408,0.016656683178825033
-5.3751169531617595,5.271854600065408,0.006008477261249974
-5.27174931944711,5.271854600065408,-0.004541776099991683
-5.168381685732461,5.271854600065408,-0.012869805331844335
-5.065014052017812,5.271854600065408,-0.01768532457775162
-4.961646418303163,5.271854600065408,-0.018782453333883124
-4.858278784588514,5.271854600065408,-0.016969067083718873
-4.754911150873865,5.271854600065408,-0.01372443611560464
-4.651543517159215,5.271854600065408,-0.010707855313645147
-4.548175883444566,5.271854600065408,-0.009270726797469517
-4.444808249729917,5.271854600065408,-0.010106278676166836
-4.341440616015267,5.271854600065408,-0.013115848481699216
-4.238072982300618,5.271854600065408,-0.017499825976839103
-4.134705348585968,5.271854600065408,-0.022018558141878006
-4.031337714871319,5.271854600065408,-0.025331597411016874
-3.9279700811566705,5.271854600065408,-0.02631948989982586
-3.8246024474420213,5.271854600065408,-0.02431596939013168
-3.7212348137273725,5.271854600065408,-0.019216738198820648
-3.6178671800127233,5.271854600065408,-0.01146842384746088
-3.514499546298074,5.271854600065408,-0.00196595675832165
-3.411131912583425,5.271854600065408,0.008105771183516776
-3.3077642788687753,5.271854600065408,0.01745590864786396
-3.204396645154126,5.271854600065408,0.024877862345231778
-3.101029011439477,5.271854600065408,0.029432885368068564
-2.9976613777248278,5.271854600065408,0.030612169847686655
-2.8942937440101786,5.271854600065408,0.028453741463975103
-2.790926110295529,5.271854600065408,0.023582074933099103
-2.6875584765808798,5.271854600065408,0.0171394840545073
-2.5841908428662306,5.271854600065408,0.010595028817864687
-2.4808232091515814,5.271854600065408,0.005448163252395683
-2.3774555754369326,5.271854600065408,0.0028820490752072734
-2.2740879417222835,5.271854600065408,0.00345145898691167
-2.1707203080076334,5.271854600065408,0.00689840094747811
-2.067352674292984,5.271854600065408,0.012166737676608837
-1.9639850405783352,5.271854600065408,0.017637070170190706
-1.8606174068636863,5.271854600065408,0.021537927224594494
-1.757249773149037,5.271854600065408,0.022429373787260797
-1.6538821394343879,5.271854600065408,0.01962189195559618
-1.550514505719738,5.271854600065408,0.013401245068082239
-1.447146872005089,5.271854600065408,0.004980552755911481
-1.3437792382904399,5.271854600065408,-0.0038191584162938874
-1.2404116045757907,5.271854600065408,-0.011073549040398046
-1.1370439708611417,5.271854600065408,-0.015296169057545607
-1.0336763371464925,5.271854600065408,-0.01585063304498752
-0.9303087034318435,5.271854600065408,-0.013104202936075778
-0.8269410697171936,5.271854600065408,-0.008272946173248455
-0.7235734360025445,5.271854600065408,-0.003007259387291607
-0.6202058022878953,5.271854600065408,0.0011482091552086678
-0.5168381685732463,5.271854600065408,0.003243352719040557
-0.4134705348585972,5.271854600065408,0.0031984422668423374
-0.31010290114394806,5.271854600065408,0.0017750794359054156
-0.2067352674292982,5.271854600065408,0.00025243014141449637
-0.1033676337146491,5.271854600065408,-0.00008050600507229594
0.,5.271854600065408,0.0015590101778852614
0.1033676337146491,5.271854600065408,0.005104772024159298
0.2067352674292982,5.271854600065408,0.009598169703687359
0.31010290114394734,5.271854600065408,0.013469402444434684
0.4134705348585964,5.271854600065408,0.015057289974402557
0.5168381685732455,5.271854600065408,0.013196803331220183
0.6202058022878947,5.271854600065408,0.007674855447461358
0.7235734360025438,5.271854600065408,-0.0006065090938628815
0.8269410697171944,5.271854600065408,-0.009826337568898552
0.9303087034318435,5.271854600065408,-0.017748531787770912
1.0336763371464925,5.271854600065408,-0.022377649905034082
1.1370439708611417,5.271854600065408,-0.02255787392329544
1.2404116045757907,5.271854600065408,-0.018321786830257772
1.3437792382904399,5.271854600065408,-0.010875551010836598
1.447146872005089,5.271854600065408,-0.002225169696806645
1.550514505719738,5.271854600065408,0.005434628092287951
1.6538821394343872,5.271854600065408,0.010370880319008492
1.7572497731490362,5.271854600065408,0.011793845815104837
1.8606174068636854,5.271854600065408,0.010019950887111198
1.9639850405783346,5.271854600065408,0.0062748850524346105
2.0673526742929837,5.271854600065408,0.002215945829854272
2.1707203080076343,5.271854600065408,-0.0006554469637614172
2.2740879417222835,5.271854600065408,-0.0014879521045894533
2.3774555754369326,5.271854600065408,-0.00031596363131907996
2.4808232091515814,5.271854600065408,0.0020343552727642073
2.5841908428662306,5.271854600065408,0.00432235802263231
2.6875584765808798,5.271854600065408,0.0054076888306933265
2.790926110295529,5.271854600065408,0.004709783967999041
2.894293744010178,5.271854600065408,0.0024413469901341214
2.997661377724827,5.271854600065408,-0.0004718124393455811
3.101029011439476,5.271854600065408,-0.0027572244870316138
3.2043966451541253,5.271854600065408,-0.0033150431036657567
3.3077642788687744,5.271854600065408,-0.001697382141402998
3.411131912583425,5.271854600065408,0.0016358715416627623
3.514499546298074,5.271854600065408,0.005392683259820694
3.6178671800127233,5.271854600065408,0.007847279862811748
3.7212348137273725,5.271854600065408,0.007435566101866639
3.8246024474420213,5.271854600065408,0.0033453911310535427
3.9279700811566705,5.271854600065408,-0.004108257339732971
4.031337714871319,5.271854600065408,-0.013467653896089398
4.134705348585968,5.271854600065408,-0.022503010140316818
4.238072982300618,5.271854600065408,-0.028865067503986975
4.341440616015267,5.271854600065408,-0.03081560747827305
4.444808249729916,5.271854600065408,-0.027798335563021824
4.548175883444565,5.271854600065408,-0.02065799847934208
4.651543517159214,5.271854600065408,-0.011426248939488053
4.754911150873865,5.271854600065408,-0.0027327546851406617
4.858278784588514,5.271854600065408,0.0029769029303838355
4.961646418303163,5.271854600065408,0.004169995686371604
5.065014052017812,5.271854600065408,0.0006707009946384788
5.168381685732461,5.271854600065408,-0.006321019812078867
5.27174931944711,5.271854600065408,-0.014639092743550559
5.3751169531617595,5.271854600065408,-0.021854652997656317
5.478484586876409,5.271854600065408,-0.02604407049518381
5.581852220591058,5.271854600065408,-0.02637368531779241
5.685219854305707,5.271854600065408,-0.023315177745547977
5.788587488020356,5.271854600065408,-0.018427659606570918
5.8919551217350055,5.271854600065408,-0.01378456932899766
5.995322755449654,5.271854600065408,-0.011238662920208822
6.098690389164305,5.271854600065408,-0.01176940619181217
6.202058022878954,5.271854600065408,-0.015127902326903147
6.305425656593603,5.271854600065408,-0.019895564083134004
6.408793290308252,5.271854600065408,-0.023937127020619044
-6.408793290308252,5.375224298105906,-0.026764812621804877
-6.305425656593603,5.375224298105906,-0.02590034469378211
-6.202058022878954,5.375224298105906,-0.02118679658039835
-6.098690389164304,5.375224298105906,-0.012911309441639358
-5.995322755449655,5.375224298105906,-0.0022702629327930007
-5.8919551217350055,5.375224298105906,0.008916848408887153
-5.788587488020356,5.375224298105906,0.01864613813646846
-5.685219854305708,5.375224298105906,0.025200974025041574
-5.581852220591058,5.375224298105906,0.02753562000225171
-5.478484586876409,5.375224298105906,0.025480478365978707
-5.3751169531617595,5.375224298105906,0.01972993412833182
-5.27174931944711,5.375224298105906,0.01163072723391393
-5.168381685732461,5.375224298105906,0.0028361569526853692
-5.065014052017812,5.375224298105906,-0.005081575481858978
-4.961646418303163,5.375224298105906,-0.010966320846381062
-4.858278784588514,5.375224298105906,-0.014285916398144412
-4.754911150873865,5.375224298105906,-0.015174315651255411
-4.651543517159215,5.375224298105906,-0.014310276302551
-4.548175883444566,5.375224298105906,-0.01267222370869136
-4.444808249729917,5.375224298105906,-0.011234857270518917
-4.341440616015267,5.375224298105906,-0.010683407712467495
-4.238072982300618,5.375224298105906,-0.011215151938893305
-4.134705348585968,5.375224298105906,-0.01247673565005407
-4.031337714871319,5.375224298105906,-0.013654303544686252
-3.9279700811566705,5.375224298105906,-0.013697449106522874
-3.8246024474420213,5.375224298105906,-0.01162474989915076
-3.7212348137273725,5.375224298105906,-0.006835508790366759
-3.6178671800127233,5.375224298105906,0.0006545175897224119
-3.514499546298074,5.375224298105906,0.010122712142950982
-3.411131912583425,5.375224298105906,0.020231968392111097
-3.3077642788687753,5.375224298105906,0.029298312189557307
-3.204396645154126,5.375224298105906,0.035678425446901384
-3.101029011439477,5.375224298105906,0.03818377617541155
-2.9976613777248278,5.375224298105906,0.03641181423813819
-2.8942937440101786,5.375224298105906,0.030897376901881483
-2.790926110295529,5.375224298105906,0.023028747314145715
-2.6875584765808798,5.375224298105906,0.014733846961164858
-2.5841908428662306,5.375224298105906,0.008006967783809037
-2.4808232091515814,5.375224298105906,0.004396489915530809
-2.3774555754369326,5.375224298105906,0.004593021700500067
-2.2740879417222835,5.375224298105906,0.008237119452789095
-2.1707203080076334,5.375224298105906,0.014009278909859731
-2.067352674292984,5.375224298105906,0.019986678447643676
-1.9639850405783352,5.375224298105906,0.024173392074077243
-1.8606174068636863,5.375224298105906,0.025057029210781043
-1.757249773149037,5.375224298105906,0.022032569583115936
-1.6538821394343879,5.375224298105906,0.015569201790814283
-1.550514505719738,5.375224298105906,0.00706949541534711
-1.447146872005089,5.375224298105906,-0.0015389161701206528
-1.3437792382904399,5.375224298105906,-0.008358248749541764
-1.2404116045757907,5.375224298105906,-0.012055907398820537
-1.1370439708611417,5.375224298105906,-0.012219262399892808
-1.0336763371464925,5.375224298105906,-0.009424030874932909
-0.9303087034318435,5.375224298105906,-0.004999251377799553
-0.8269410697171936,5.375224298105906,-0.0005668615375952822
-0.7235734360025445,5.375224298105906,0.0024949527966378095
-0.6202058022878953,5.375224298105906,0.003491246477992146
-0.5168381685732463,5.375224298105906,0.0026104176520172465
-0.4134705348585972,5.375224298105906,0.0008200146306567756
-0.31010290114394806,5.375224298105906,-0.0005075140753898728
-0.2067352674292982,5.375224298105906,-0.00011570981202088272
-0.1033676337146491,5.375224298105906,0.0026418935527519703
0.,5.375224298105906,0.007502350264661493
0.1033676337146491,5.375224298105906,0.01329543456876466
0.2067352674292982,5.375224298105906,0.018257576188566972
0.31010290114394734,5.375224298105906,0.020566023826184547
0.4134705348585964,5.375224298105906,0.018927671148100525
0.5168381685732455,5.375224298105906,0.013035154617361462
0.6202058022878947,5.375224298105906,0.0037408703219582013
0.7235734360025438,5.375224298105906,-0.007114130163506523
0.8269410697171944,5.375224298105906,-0.017172076417050344
0.9303087034318435,5.375224298105906,-0.02419279705632515
1.0336763371464925,5.375224298105906,-0.026661022894292445
1.1370439708611417,5.375224298105906,-0.0241857370832239
1.2404116045757907,5.375224298105906,-0.017575578595279674
1.3437792382904399,5.375224298105906,-0.00857471849297033
1.447146872005089,5.375224298105906,0.0006527149014546853
1.550514505719738,5.375224298105906,0.008127595769976716
1.6538821394343872,5.375224298105906,0.012566673447519513
1.7572497731490362,5.375224298105906,0.013652665876644798
1.8606174068636854,5.375224298105906,0.01199855298234646
1.9639850405783346,5.375224298105906,0.008840058830738592
2.0673526742929837,5.375224298105906,0.0055741178473605055
2.1707203080076343,5.375224298105906,0.003302977959865794
2.2740879417222835,5.375224298105906,0.0025312623361908267
2.3774555754369326,5.375224298105906,0.003102818566465105
2.4808232091515814,5.375224298105906,0.004377443748823103
2.5841908428662306,5.375224298105906,0.005564734942790933
2.6875584765808798,5.375224298105906,0.00608146402051476
2.790926110295529,5.375224298105906,0.005796587373786325
2.894293744010178,5.375224298105906,0.005073898490171821
2.997661377724827,5.375224298105906,0.004599462923157481
3.101029011439476,5.375224298105906,0.0050618092876264995
3.2043966451541253,5.375224298105906,0.006808817472120194
3.3077642788687744,5.375224298105906,0.009616562533671673
3.411131912583425,5.375224298105906,0.012667811240979421
3.514499546298074,5.375224298105906,0.0147641897639612
3.6178671800127233,5.375224298105906,0.014711633668592202
3.7212348137273725,5.375224298105906,0.01175294535959593
3.8246024474420213,5.375224298105906,0.005897412559780217
3.9279700811566705,5.375224298105906,-0.00197526271564899
4.031337714871319,5.375224298105906,-0.010289053550813458
4.134705348585968,5.375224298105906,-0.017185266235478346
4.238072982300618,5.375224298105906,-0.021056154575144433
4.341440616015267,5.375224298105906,-0.021034547712732832
4.444808249729916,5.375224298105906,-0.017283443406309697
4.548175883444565,5.375224298105906,-0.010988038531710287
4.651543517159214,5.375224298105906,-0.004043658650971538
4.754911150873865,5.375224298105906,0.001472326612871141
4.858278784588514,5.375224298105906,0.0038884168989001665
4.961646418303163,5.375224298105906,0.002410701874915696
5.065014052017812,5.375224298105906,-0.002662853967186427
5.168381685732461,5.375224298105906,-0.01004839230878072
5.27174931944711,5.375224298105906,-0.017867851086136952
5.3751169531617595,5.375224298105906,-0.024205823061636756
5.478484586876409,5.375224298105906,-0.027662883288588784
5.581852220591058,5.375224298105906,-0.02774058748740587
5.685219854305707,5.375224298105906,-0.024947148080221353
5.788587488020356,5.375224298105906,-0.020599007014453524
5.8919551217350055,5.375224298105906,-0.016385146355869722
5.995322755449654,5.375224298105906,-0.013830132637695917
6.098690389164305,5.375224298105906,-0.013818430036556018
6.202058022878954,5.375224298105906,-0.0163199081148928
6.305425656593603,5.375224298105906,-0.02039324179188135
6.408793290308252,5.375224298105906,-0.024460397702876113
-6.408793290308252,5.4785939961464045,-0.025144497218010785
-6.305425656593603,5.4785939961464045,-0.02576709454508599
-6.202058022878954,5.4785939961464045,-0.0239228359101833
-6.098690389164304,5.4785939961464045,-0.019137198991860862
-5.995322755449655,5.4785939961464045,-0.011506321622205077
-5.8919551217350055,5.4785939961464045,-0.0017535235454804003
-5.788587488020356,5.4785939961464045,0.008848964862630655
-5.685219854305708,5.4785939961464045,0.018692269686759126
-5.581852220591058,5.4785939961464045,0.026143826249978394
-5.478484586876409,5.4785939961464045,0.02989771414432367
-5.3751169531617595,5.4785939961464045,0.02928080168418714
-5.27174931944711,5.4785939961464045,0.024434313207351767
-5.168381685732461,5.4785939961464045,0.016314249190113893
-5.065014052017812,5.4785939961464045,0.006497066860887855
-4.961646418303163,5.4785939961464045,-0.003171030690171602
-4.858278784588514,5.4785939961464045,-0.010996568349161762
-4.754911150873865,5.4785939961464045,-0.01582259619466245
-4.651543517159215,5.4785939961464045,-0.017268107615441217
-4.548175883444566,5.4785939961464045,-0.01575407119053495
-4.444808249729917,5.4785939961464045,-0.012307019849062613
-4.341440616015267,5.4785939961464045,-0.0081973675082487
-4.238072982300618,5.4785939961464045,-0.004521695820764362
-4.134705348585968,5.4785939961464045,-0.0018587317060623435
-4.031337714871319,5.4785939961464045,-0.00010916398325322134
-3.9279700811566705,5.4785939961464045,0.001426184069465325
-3.8246024474420213,5.4785939961464045,0.0037510055600214545
-3.7212348137273725,5.4785939961464045,0.00775441466256993
-3.6178671800127233,5.4785939961464045,0.013806610620258494
-3.514499546298074,5.4785939961464045,0.021509576491282333
-3.411131912583425,5.4785939961464045,0.029698779132281142
-3.3077642788687753,5.4785939961464045,0.03671366395717324
-3.204396645154126,5.4785939961464045,0.0408666454668811
-3.101029011439477,5.4785939961464045,0.04097064218442355
-2.9976613777248278,5.4785939961464045,0.03675764023639729
-2.8942937440101786,5.4785939961464045,0.02904624474445849
-2.790926110295529,5.4785939961464045,0.019588809835917334
-2.6875584765808798,5.4785939961464045,0.010627050975664838
-2.5841908428662306,5.4785939961464045,0.004278386991762149
-2.4808232091515814,5.4785939961464045,0.0019334706773547448
-2.3774555754369326,5.4785939961464045,0.0038486008944461523
-2.2740879417222835,5.4785939961464045,0.00906220327223846
-2.1707203080076334,5.4785939961464045,0.015668026417991265
-2.067352674292984,5.4785939961464045,0.021368702277498767
-1.9639850405783352,5.4785939961464045,0.024146086839706607
-1.8606174068636863,5.4785939961464045,0.022847266685817123
-1.757249773149037,5.4785939961464045,0.017509826924498116
-1.6538821394343879,5.4785939961464045,0.009329795133209872
-1.550514505719738,5.4785939961464045,0.0002858363492843853
-1.447146872005089,5.4785939961464045,-0.007460857849816747
-1.3437792382904399,5.4785939961464045,-0.012203423149334822
-1.2404116045757907,5.4785939961464045,-0.013166505043574427
-1.1370439708611417,5.4785939961464045,-0.010680394184219752
-1.0336763371464925,5.4785939961464045,-0.006006502195792945
-0.9303087034318435,5.4785939961464045,-0.0008796208220717777
-0.8269410697171936,5.4785939961464045,0.003078810909649588
-0.7235734360025445,5.4785939961464045,0.004883922361251578
-0.6202058022878953,5.4785939961464045,0.004478622778705923
-0.5168381685732463,5.4785939961464045,0.0027023173405171354
-0.4134705348585972,5.4785939961464045,0.0009529465166100958
-0.31010290114394806,5.4785939961464045,0.0006582210478203097
-0.2067352674292982,5.4785939961464045,0.002733484775311358
-0.1033676337146491,5.4785939961464045,0.007207197683826075
0.,5.4785939961464045,0.013139991693063546
0.1033676337146491,5.4785939961464045,0.01886790257719151
0.2067352674292982,5.4785939961464045,0.022495771710212286
0.31010290114394734,5.4785939961464045,0.02248656656735931
0.4134705348585964,5.4785939961464045,0.018161824630193744
0.5168381685732455,5.4785939961464045,0.009956615493582116
0.6202058022878947,5.4785939961464045,-0.0006505311832489329
0.7235734360025438,5.4785939961464045,-0.01151159775133845
0.8269410697171944,5.4785939961464045,-0.02037365831684115
0.9303087034318435,5.4785939961464045,-0.025465779108791733
1.0336763371464925,5.4785939961464045,-0.025938177415568513
1.1370439708611417,5.4785939961464045,-0.022033753706700493
1.2404116045757907,5.4785939961464045,-0.014956629316457151
1.3437792382904399,5.4785939961464045,-0.006493444533482949
1.447146872005089,5.4785939961464045,0.0014877007663319397
1.550514505719738,5.4785939961464045,0.007508924746073916
1.6538821394343872,5.4785939961464045,0.010794362702700636
1.7572497731490362,5.4785939961464045,0.011351145288680838
1.8606174068636854,5.4785939961464045,0.009825040621531961
1.9639850405783346,5.4785939961464045,0.007204037130997732
2.0673526742929837,5.4785939961464045,0.004481271985311367
2.1707203080076343,5.4785939961464045,0.0023872632163590758
2.2740879417222835,5.4785939961464045,0.001264204175970704
2.3774555754369326,5.4785939961464045,0.0010975831334590846
2.4808232091515814,5.4785939961464045,0.0016638013767522298
2.5841908428662306,5.4785939961464045,0.0027162093251455978
2.6875584765808798,5.4785939961464045,0.004127185159572704
2.790926110295529,5.4785939961464045,0.005929991357578523
2.894293744010178,5.4785939961464045,0.008249733808933712
2.997661377724827,5.4785939961464045,0.011160033127227836
3.101029011439476,5.4785939961464045,0.014533388751200244
3.2043966451541253,5.4785939961464045,0.017957443359478437
3.3077642788687744,5.4785939961464045,0.020765339002454905
3.411131912583425,5.4785939961464045,0.022185216092737717
3.514499546298074,5.4785939961464045,0.021567496284436726
3.6178671800127233,5.4785939961464045,0.018615769966984483
3.7212348137273725,5.4785939961464045,0.013539817179781904
3.8246024474420213,5.4785939961464045,0.0070704719875048375
3.9279700811566705,5.4785939961464045,0.0003187717835435059
4.031337714871319,5.4785939961464045,-0.00548814777788132
4.134705348585968,5.4785939961464045,-0.009321282943735484
4.238072982300618,5.4785939961464045,-0.010623049825168313
4.341440616015267,5.4785939961464045,-0.0094590984992099
4.444808249729916,5.4785939961464045,-0.0065035429315221565
4.548175883444565,5.4785939961464045,-0.002861336929550615
4.651543517159214,5.4785939961464045,0.00022157734404641498
4.754911150873865,5.4785939961464045,0.0016789561078217469
4.858278784588514,5.4785939961464045,0.0008883217887592879
4.961646418303163,5.4785939961464045,-0.002189819612433144
5.065014052017812,5.4785939961464045,-0.007028419468810569
5.168381685732461,5.4785939961464045,-0.012693177227623269
5.27174931944711,5.4785939961464045,-0.018094921093565024
5.3751169531617595,5.4785939961464045,-0.022264764719775558
5.478484586876409,5.4785939961464045,-0.024581577781065806
5.581852220591058,5.4785939961464045,-0.024899333292141432
5.685219854305707,5.4785939961464045,-0.023551105367306726
5.788587488020356,5.4785939961464045,-0.02123789891800497
5.8919551217350055,5.4785939961464045,-0.01883604122914956
5.995322755449654,5.4785939961464045,-0.017171542651190422
6.098690389164305,5.4785939961464045,-0.016812392961496742
6.202058022878954,5.4785939961464045,-0.017922071283538787
6.305425656593603,5.4785939961464045,-0.02020311345915127
6.408793290308252,5.4785939961464045,-0.022941984644126046
-6.408793290308252,5.581963694186903,-0.020548825716605754
-6.305425656593603,5.581963694186903,-0.021793695658370214
-6.202058022878954,5.581963694186903,-0.022214945826690074
-6.098690389164304,5.581963694186903,-0.020757682708541458
-5.995322755449655,5.581963694186903,-0.01655533213076941
-5.8919551217350055,5.581963694186903,-0.009286076512100611
-5.788587488020356,5.581963694186903,0.000579209527278182
-5.685219854305708,5.581963694186903,0.011740490487178326
-5.581852220591058,5.581963694186903,0.022287166734811445
-5.478484586876409,5.581963694186903,0.03013469382209173
-5.3751169531617595,5.581963694186903,0.0335665265891642
-5.27174931944711,5.581963694186903,0.031724377637427296
-5.168381685732461,5.581963694186903,0.02489403199372246
-5.065014052017812,5.581963694186903,0.014488381310288057
-4.961646418303163,5.581963694186903,0.002718574967390812
-4.858278784588514,5.581963694186903,-0.007959606742078539
-4.754911150873865,5.581963694186903,-0.015465224029568252
-4.651543517159215,5.581963694186903,-0.018595470705106507
-4.548175883444566,5.581963694186903,-0.017265304096755574
-4.444808249729917,5.581963694186903,-0.012418050687170857
-4.341440616015267,5.581963694186903,-0.005645245690904617
-4.238072982300618,5.581963694186903,0.0013546517941676922
-4.134705348585968,5.581963694186903,0.007300062300048645
-4.031337714871319,5.581963694186903,0.011663877963716191
-3.9279700811566705,5.581963694186903,0.014721747097889433
-3.8246024474420213,5.581963694186903,0.01730754081529474
-3.7212348137273725,5.581963694186903,0.020372625058868412
-3.6178671800127233,5.581963694186903,0.024512406924020735
-3.514499546298074,5.581963694186903,0.029634357452679966
-3.411131912583425,5.581963694186903,0.03489236778623555
-3.3077642788687753,5.581963694186903,0.03891929253689324
-3.204396645154126,5.581963694186903,0.04028430495569256
-3.101029011439477,5.581963694186903,0.038020147281061
-2.9976613777248278,5.581963694186903,0.03203575170510348
-2.8942937440101786,5.581963694186903,0.02326294515207409
-2.790926110295529,5.581963694186903,0.013471741175531932
-2.6875584765808798,5.581963694186903,0.004798842987400946
-2.5841908428662306,5.581963694186903,-0.0008683476030073474
-2.4808232091515814,5.581963694186903,-0.00245770880154468
-2.3774555754369326,5.581963694186903,-0.000045204370670144985
-2.2740879417222835,5.581963694186903,0.005156732952994783
-2.1707203080076334,5.581963694186903,0.011157212904980328
-2.067352674292984,5.581963694186903,0.015782368879095076
-1.9639850405783352,5.581963694186903,0.01732326617200619
-1.8606174068636863,5.581963694186903,0.015034807920581133
-1.757249773149037,5.581963694186903,0.009332780192611651
-1.6538821394343879,5.581963694186903,0.0016335373060604654
-1.550514505719738,5.581963694186903,-0.006105122634725838
-1.447146872005089,5.581963694186903,-0.011989899192356303
-1.3437792382904399,5.581963694186903,-0.014750029637740832
-1.2404116045757907,5.581963694186903,-0.014073753054239272
-1.1370439708611417,5.581963694186903,-0.010626237020601767
-1.0336763371464925,5.581963694186903,-0.005758124902686714
-0.9303087034318435,5.581963694186903,-0.001013949516524575
-0.8269410697171936,5.581963694186903,0.002389000985618669
-0.7235734360025445,5.581963694186903,0.003937390841016052
-0.6202058022878953,5.581963694186903,0.003934306717376136
-0.5168381685732463,5.581963694186903,0.00331994443636952
-0.4134705348585972,5.581963694186903,0.0032717330503095276
-0.31010290114394806,5.581963694186903,0.004727423787176724
-0.2067352674292982,5.581963694186903,0.00799720029015679
-0.1033676337146491,5.581963694186903,0.012597454981329047
0.,5.581963694186903,0.017362111588430595
0.1033676337146491,5.581963694186903,0.020793881082053694
0.2067352674292982,5.581963694186903,0.021539009901739833
0.31010290114394734,5.581963694186903,0.018830484112993207
0.4134705348585964,5.581963694186903,0.012757720367137971
0.5168381685732455,5.581963694186903,0.0042794786819088885
0.6202058022878947,5.581963694186903,-0.00501976909220351
0.7235734360025438,5.581963694186903,-0.013349645487179446
0.8269410697171944,5.581963694186903,-0.019178518295763527
0.9303087034318435,5.581963694186903,-0.021604870489291186
1.0336763371464925,5.581963694186903,-0.020534327030721423
1.1370439708611417,5.581963694186903,-0.01662748257614061
1.2404116045757907,5.581963694186903,-0.011055604694842982
1.3437792382904399,5.581963694186903,-0.005155190828646883
1.447146872005089,5.581963694186903,-0.00009218479488790166
1.550514505719738,5.581963694186903,0.003370983648782286
1.6538821394343872,5.581963694186903,0.0049579173061691665
1.7572497731490362,5.581963694186903,0.004817841212532996
1.8606174068636854,5.581963694186903,0.0033744609272683386
1.9639850405783346,5.581963694186903,0.0011559849698878604
2.0673526742929837,5.581963694186903,-0.0013312984523583908
2.1707203080076343,5.581963694186903,-0.0036552874228085387
2.2740879417222835,5.581963694186903,-0.005444880692580732
2.3774555754369326,5.581963694186903,-0.006350309368341633
2.4808232091515814,5.581963694186903,-0.00602522956444485
2.5841908428662306,5.581963694186903,-0.00416421425653775
2.6875584765808798,5.581963694186903,-0.0005977871275566079
2.790926110295529,5.581963694186903,0.004587357893625949
2.894293744010178,5.581963694186903,0.010957623324203134
2.997661377724827,5.581963694186903,0.017725622808549026
3.101029011439476,5.581963694186903,0.023857067562874874
3.2043966451541253,5.581963694186903,0.028280980614893664
3.3077642788687744,5.581963694186903,0.03015143014436208
3.411131912583425,5.581963694186903,0.029082694425991328
3.514499546298074,5.581963694186903,0.025279692954825156
3.6178671800127233,5.581963694186903,0.01951342756511568
3.7212348137273725,5.581963694186903,0.012938575897428375
3.8246024474420213,5.581963694186903,0.006801330681487493
3.9279700811566705,5.581963694186903,0.002122345593337777
4.031337714871319,5.581963694186903,-0.0005509136101262057
4.134705348585968,5.581963694186903,-0.0012497510240204815
4.238072982300618,5.581963694186903,-0.0005206929610036577
4.341440616015267,5.581963694186903,0.0007802160140243861
4.444808249729916,5.581963694186903,0.0017642787437146526
4.548175883444565,5.581963694186903,0.001767999558149014
4.651543517159214,5.581963694186903,0.0005133790039027365
4.754911150873865,5.581963694186903,-0.0018704143171262408
4.858278784588514,5.581963694186903,-0.0049556684724388145
4.961646418303163,5.581963694186903,-0.008203249726454842
5.065014052017812,5.581963694186903,-0.011154058207060382
5.168381685732461,5.581963694186903,-0.013556491456836
5.27174931944711,5.581963694186903,-0.015392155479813542
5.3751169531617595,5.581963694186903,-0.016804794593115735
5.478484586876409,5.581963694186903,-0.017975485203567208
5.581852220591058,5.581963694186903,-0.019005875448971588
5.685219854305707,5.581963694186903,-0.019863703845428186
5.788587488020356,5.581963694186903,-0.020414442713124075
5.8919551217350055,5.581963694186903,-0.02052224279662007
5.995322755449654,5.581963694186903,-0.02016926982172102
6.098690389164305,5.581963694186903,-0.019529645505809858
6.202058022878954,5.581963694186903,-0.018949071122441128
6.305425656593603,5.581963694186903,-0.018819375981494392
6.408793290308252,5.581963694186903,-0.019384519939875475
-6.408793290308252,5.685333392227401,-0.014213929329399017
-6.305425656593603,5.685333392227401,-0.015340704267210393
-6.202058022878954,5.685333392227401,-0.017106350624053572
-6.098690389164304,5.685333392227401,-0.01811826528345702
-5.995322755449655,5.685333392227401,-0.01686223209159518
-5.8919551217350055,5.685333392227401,-0.012263221678825046
-5.788587488020356,5.685333392227401,-0.004154267738503194
-5.685219854305708,5.685333392227401,0.006516706952210163
-5.581852220591058,5.685333392227401,0.01783201072079218
-5.478484586876409,5.685333392227401,0.027377160860769505
-5.3751169531617595,5.685333392227401,0.03290770088444484
-5.27174931944711,5.685333392227401,0.03300715452756914
-5.168381685732461,5.685333392227401,0.027529852735486283
-5.065014052017812,5.685333392227401,0.017686218569579266
-4.961646418303163,5.685333392227401,0.005739059732229971
-4.858278784588514,5.685333392227401,-0.0055986901794806716
-4.754911150873865,5.685333392227401,-0.01388149516394031
-4.651543517159215,5.685333392227401,-0.017547248504454358
-4.548175883444566,5.685333392227401,-0.016251477983419905
-4.444808249729917,5.685333392227401,-0.010832953926215732
-4.341440616015267,5.685333392227401,-0.0029430435129040046
-4.238072982300618,5.685333392227401,0.005523846284027375
-4.134705348585968,5.685333392227401,0.013004831251298518
-4.031337714871319,5.685333392227401,0.018663573419400822
-3.9279700811566705,5.685333392227401,0.022491508998204474
-3.8246024474420213,5.685333392227401,0.02510680111076116
-3.7212348137273725,5.685333392227401,0.027346902404748092
-3.6178671800127233,5.685333392227401,0.029817966102858997
-3.514499546298074,5.685333392227401,0.032572529734630644
-3.411131912583425,5.685333392227401,0.03503456320313905
-3.3077642788687753,5.685333392227401,0.036197693945578875
-3.204396645154126,5.685333392227401,0.03502160948505868
-3.101029011439477,5.685333392227401,0.03087879222151232
-2.9976613777248278,5.685333392227401,0.023884135511778166
-2.8942937440101786,5.685333392227401,0.014980046163510587
-2.790926110295529,5.685333392227401,0.005734931640460774
-2.6875584765808798,5.685333392227401,-0.0020865319783620016
-2.5841908428662306,5.685333392227401,-0.007042316327213487
-2.4808232091515814,5.685333392227401,-0.008449227714387579
-2.3774555754369326,5.685333392227401,-0.006590499326207758
-2.2740879417222835,5.685333392227401,-0.0026246564225336586
-2.1707203080076334,5.685333392227401,0.0017752902557518467
-2.067352674292984,5.685333392227401,0.0049346046677554885
-1.9639850405783352,5.685333392227401,0.0056756225828767755
-1.8606174068636863,5.685333392227401,0.0036446123538937058
-1.757249773149037,5.685333392227401,-0.0006309240386151745
-1.6538821394343879,5.685333392227401,-0.005960899572771357
-1.550514505719738,5.685333392227401,-0.010903095940546656
-1.447146872005089,5.685333392227401,-0.014222033500461067
-1.3437792382904399,5.685333392227401,-0.01524402222220307
-1.2404116045757907,5.685333392227401,-0.01399903223907784
-1.1370439708611417,5.685333392227401,-0.01111813868348426
-1.0336763371464925,5.685333392227401,-0.007540532595545729
-0.9303087034318435,5.685333392227401,-0.004146739453362038
-0.8269410697171936,5.685333392227401,-0.0014538229849064476
-0.7235734360025445,5.685333392227401,0.0005211137630917358
-0.6202058022878953,5.685333392227401,0.0021887886617050272
-0.5168381685732463,5.685333392227401,0.0041445230200648645
-0.4134705348585972,5.685333392227401,0.006853271232955123
-0.31010290114394806,5.685333392227401,0.010386275291943714
-0.2067352674292982,5.685333392227401,0.014311455665749812
-0.1033676337146491,5.685333392227401,0.017781775093879827
0.,5.685333392227401,0.019792875316364388
0.1033676337146491,5.685333392227401,0.019519712485950302
0.2067352674292982,5.685333392227401,0.01661348761235206
0.31010290114394734,5.685333392227401,0.01135436848934507
0.4134705348585964,5.685333392227401,0.0046064109894095534
0.5168381685732455,5.685333392227401,-0.00241014673896359
0.6202058022878947,5.685333392227401,-0.008452180602807648
0.7235734360025438,5.685333392227401,-0.012582226927576077
0.8269410697171944,5.685333392227401,-0.014388061231480672
0.9303087034318435,5.685333392227401,-0.01403108763776564
1.0336763371464925,5.685333392227401,-0.012122868541154908
1.1370439708611417,5.685333392227401,-0.009487399981648244
1.2404116045757907,5.685333392227401,-0.006900881459334188
1.3437792382904399,5.685333392227401,-0.004899447163766327
1.447146872005089,5.685333392227401,-0.0037108167218707594
1.550514505719738,5.685333392227401,-0.0033126436932406117
1.6538821394343872,5.685333392227401,-0.0035696913259793102
1.7572497731490362,5.685333392227401,-0.004373566479659919
1.8606174068636854,5.685333392227401,-0.0057133282358688715
1.9639850405783346,5.685333392227401,-0.007640536461917404
2.0673526742929837,5.685333392227401,-0.010143730321380728
2.1707203080076343,5.685333392227401,-0.01299380857070996
2.2740879417222835,5.685333392227401,-0.015643702726140348
2.3774555754369326,5.685333392227401,-0.01725266116386069
2.4808232091515814,5.685333392227401,-0.01686049925613624
2.5841908428662306,5.685333392227401,-0.013676241995549005
2.6875584765808798,5.685333392227401,-0.007391825017019183
2.790926110295529,5.685333392227401,0.0015932671231439657
2.894293744010178,5.685333392227401,0.012134239620070543
2.997661377724827,5.685333392227401,0.022533140089311357
3.101029011439476,5.685333392227401,0.030927864801860463
3.2043966451541253,5.685333392227401,0.035773626061808825
3.3077642788687744,5.685333392227401,0.036271849025649824
3.411131912583425,5.685333392227401,0.032607886718699165
3.514499546298074,5.685333392227401,0.02591291739607403
3.6178671800127233,5.685333392227401,0.017950694804339962
3.7212348137273725,5.685333392227401,0.010618605155211298
3.8246024474420213,5.685333392227401,0.005414641967008529
3.9279700811566705,5.685333392227401,0.0030355473331005094
4.031337714871319,5.685333392227401,0.0032306572954357176
4.134705348585968,5.685333392227401,0.004953588404165386
4.238072982300618,5.685333392227401,0.0067569720402092075
4.341440616015267,5.685333392227401,0.007296522939434409
4.444808249729916,5.685333392227401,0.005776587510767727
4.548175883444565,5.685333392227401,0.002191640925834842
4.651543517159214,5.685333392227401,-0.002710599674283266
4.754911150873865,5.685333392227401,-0.0077231050049511515
4.858278784588514,5.685333392227401,-0.011621893021322143
4.961646418303163,5.685333392227401,-0.01359933042804715
5.065014052017812,5.685333392227401,-0.013537099596437705
5.168381685732461,5.685333392227401,-0.012026368806880345
5.27174931944711,5.685333392227401,-0.010133284947349807
5.3751169531617595,5.685333392227401,-0.00899830330347693
5.478484586876409,5.685333392227401,-0.009416191300614128
5.581852220591058,5.685333392227401,-0.011549188920034517
5.685219854305707,5.685333392227401,-0.014876774878409027
5.788587488020356,5.685333392227401,-0.018399178167189167
5.8919551217350055,5.685333392227401,-0.02101896146853537
5.995322755449654,5.685333392227401,-0.021959014543912577
6.098690389164305,5.685333392227401,-0.021060199587411406
6.202058022878954,5.685333392227401,-0.018843833433115926
6.305425656593603,5.685333392227401,-0.016308984773408912
6.408793290308252,5.685333392227401,-0.014532438493064868
-6.408793290308252,5.788703090267899,-0.007986587732229768
-6.305425656593603,5.788703090267899,-0.00851721188195839
-6.202058022878954,5.788703090267899,-0.010629788811737243
-6.098690389164304,5.788703090267899,-0.012843837534933364
-5.995322755449655,5.788703090267899,-0.013395036834048087
-5.8919551217350055,5.788703090267899,-0.010879931541727252
-5.788587488020356,5.788703090267899,-0.00480574682356396
-5.685219854305708,5.788703090267899,0.0041458813032904445
-5.581852220591058,5.788703090267899,0.014238460889446991
-5.478484586876409,5.788703090267899,0.023153638308164085
-5.3751169531617595,5.788703090267899,0.028670470102187977
-5.27174931944711,5.788703090267899,0.029335433486869303
-5.168381685732461,5.788703090267899,0.024910607580501606
-5.065014052017812,5.788703090267899,0.016460027020091517
-4.961646418303163,5.788703090267899,0.006051389659789995
-4.858278784588514,5.788703090267899,-0.0038273594735153136
-4.754911150873865,5.788703090267899,-0.010949930050415361
-4.651543517159215,5.788703090267899,-0.013921270406765565
-4.548175883444566,5.788703090267899,-0.012468844445430158
-4.444808249729917,5.788703090267899,-0.007386256901504172
-4.341440616015267,5.788703090267899,-0.00017443777969502314
-4.238072982300618,5.788703090267899,0.007480678952735022
-4.134705348585968,5.788703090267899,0.01421245130249155
-4.031337714871319,5.788703090267899,0.019298640725900127
-3.9279700811566705,5.788703090267899,0.022719498000597645
-3.8246024474420213,5.788703090267899,0.02495956259665426
-3.7212348137273725,5.788703090267899,0.02665256362385466
-3.6178671800127233,5.788703090267899,0.028217252959554975
-3.514499546298074,5.788703090267899,0.029625211838972057
-3.411131912583425,5.788703090267899,0.03038457437467279
-3.3077642788687753,5.788703090267899,0.029738661163142645
-3.204396645154126,5.788703090267899,0.026997212682242616
-3.101029011439477,5.788703090267899,0.021869380702727297
-2.9976613777248278,5.788703090267899,0.014668378218988929
-2.8942937440101786,5.788703090267899,0.0063060885358459644
-2.790926110295529,5.788703090267899,-0.001926658694509161
-2.6875584765808798,5.788703090267899,-0.008720595674328653
-2.5841908428662306,5.788703090267899,-0.01312551183382712
-2.4808232091515814,5.788703090267899,-0.014815745902541887
-2.3774555754369326,5.788703090267899,-0.014155440863678518
-2.2740879417222835,5.788703090267899,-0.012046433631874357
-2.1707203080076334,5.788703090267899,-0.009616996282212019
-2.067352674292984,5.788703090267899,-0.007862243900925018
-1.9639850405783352,5.788703090267899,-0.007358751984296191
-1.8606174068636863,5.788703090267899,-0.008143856383357566
-1.757249773149037,5.788703090267899,-0.009787215582604404
-1.6538821394343879,5.788703090267899,-0.01161229920537642
-1.550514505719738,5.788703090267899,-0.01297423923308162
-1.447146872005089,5.788703090267899,-0.013486114184640904
-1.3437792382904399,5.788703090267899,-0.013112338170641948
-1.2404116045757907,5.788703090267899,-0.012104179426400226
-1.1370439708611417,5.788703090267899,-0.010816406167324363
-1.0336763371464925,5.788703090267899,-0.009491005315140294
-0.9303087034318435,5.788703090267899,-0.008105936989418517
-0.8269410697171936,5.788703090267899,-0.00635950114089612
-0.7235734360025445,5.788703090267899,-0.003804716368624329
-0.6202058022878953,5.788703090267899,-0.0000848618843448462
-0.5168381685732463,5.788703090267899,0.004824319915155787
-0.4134705348585972,5.788703090267899,0.010470006406827615
-0.31010290114394806,5.788703090267899,0.01594839124246901
-0.2067352674292982,5.788703090267899,0.020113144325190173
-0.1033676337146491,5.788703090267899,0.021908351963751644
0.,5.788703090267899,0.020716467475381892
0.1033676337146491,5.788703090267899,0.016598242017369876
0.2067352674292982,5.788703090267899,0.010332624991982753
0.31010290114394734,5.788703090267899,0.003230501428224985
0.4134705348585964,5.788703090267899,-0.003225935533594743
0.5168381685732455,5.788703090267899,-0.007804224616230722
0.6202058022878947,5.788703090267899,-0.009865550725043241
0.7235734360025438,5.788703090267899,-0.009518319342996373
0.8269410697171944,5.788703090267899,-0.007532631264748843
0.9303087034318435,5.788703090267899,-0.0050490818387189905
1.0336763371464925,5.788703090267899,-0.0031860585537103327
1.1370439708611417,5.788703090267899,-0.002683557153711712
1.2404116045757907,5.788703090267899,-0.0037060026759016666
1.3437792382904399,5.788703090267899,-0.005866904073429048
1.447146872005089,5.788703090267899,-0.008455759887861396
1.550514505719738,5.788703090267899,-0.010772446826024263
1.6538821394343872,5.788703090267899,-0.012434172920142678
1.7572497731490362,5.788703090267899,-0.013530401956991898
1.8606174068636854,5.788703090267899,-0.014559115407775273
1.9639850405783346,5.788703090267899,-0.016162866145422672
2.0673526742929837,5.788703090267899,-0.018764184747053422
2.1707203080076343,5.788703090267899,-0.022246408354092438
2.2740879417222835,5.788703090267899,-0.02581900833478128
2.3774555754369326,5.788703090267899,-0.02814608397202856
2.4808232091515814,5.788703090267899,-0.027722565571833054
2.5841908428662306,5.788703090267899,-0.023387699207235827
2.6875584765808798,5.788703090267899,-0.014804210063394233
2.790926110295529,5.788703090267899,-0.0027281862081095557
2.894293744010178,5.788703090267899,0.011046406382685968
2.997661377724827,5.788703090267899,0.024081097193552493
3.101029011439476,5.788703090267899,0.03392248195713005
3.2043966451541253,5.788703090267899,0.03878064637129627
3.3077642788687744,5.788703090267899,0.03804279096632107
3.411131912583425,5.788703090267899,0.03245282660100265
3.514499546298074,5.788703090267899,0.023890300210968655
3.6178671800127233,5.788703090267899,0.014809930340395988
3.7212348137273725,5.788703090267899,0.0075139326720774615
3.8246024474420213,5.788703090267899,0.003485628145334034
3.9279700811566705,5.788703090267899,0.0029946953911601333
4.031337714871319,5.788703090267899,0.005096804105901932
4.134705348585968,5.788703090267899,0.008021707444877277
4.238072982300618,5.788703090267899,0.009816799897982795
4.341440616015267,5.788703090267899,0.009030136137126187
4.444808249729916,5.788703090267899,0.00520587305788497
4.548175883444565,5.788703090267899,-0.0009701746169019843
4.651543517159214,5.788703090267899,-0.007918456530502015
4.754911150873865,5.788703090267899,-0.013718015675183846
4.858278784588514,5.788703090267899,-0.016772323016716096
4.961646418303163,5.788703090267899,-0.016361019355510983
5.065014052017812,5.788703090267899,-0.012890555308492644
5.168381685732461,5.788703090267899,-0.007760470554217119
5.27174931944711,5.788703090267899,-0.00289339726574429
5.3751169531617595,5.788703090267899,-0.00009096375605705425
5.478484586876409,5.788703090267899,-0.0004358158936741822
5.581852220591058,5.788703090267899,-0.0039424597783324624
5.685219854305707,5.788703090267899,-0.0095729616628904
5.788587488020356,5.788703090267899,-0.01560776091343428
5.8919551217350055,5.788703090267899,-0.020240272239687742
5.995322755449654,5.788703090267899,-0.022188268846947707
6.098690389164305,5.788703090267899,-0.021111027266049583
6.202058022878954,5.788703090267899,-0.017689945502929495
6.305425656593603,5.788703090267899,-0.013347888677916694
6.408793290308252,5.788703090267899,-0.009708236700714263
-6.408793290308252,5.892072788308397,-0.0037825202808498817
-6.305425656593603,5.892072788308397,-0.0035597559339679667
-6.202058022878954,5.892072788308397,-0.00519696071345979
-6.098690389164304,5.892072788308397,-0.007333002728415835
-5.995322755449655,5.892072788308397,-0.008323812054653972
-5.8919551217350055,5.892072788308397,-0.006857219557471803
-5.788587488020356,5.892072788308397,-0.002451808926501291
-5.685219854305708,5.892072788308397,0.004330318271432727
-5.581852220591058,5.892072788308397,0.012027093666897493
-5.478484586876409,5.892072788308397,0.0187251771741252
-5.3751169531617595,5.892072788308397,0.022661263954841974
-5.27174931944711,5.892072788308397,0.022775844238352626
-5.168381685732461,5.892072788308397,0.019039914447907307
-5.065014052017812,5.892072788308397,0.012455064923191244
-4.961646418303163,5.892072788308397,0.004737741415732198
-4.858278784588514,5.892072788308397,-0.002198904278776257
-4.754911150873865,5.892072788308397,-0.006791525637337382
-4.651543517159215,5.892072788308397,-0.008227449014522839
-4.548175883444566,5.892072788308397,-0.006583908321470844
-4.444808249729917,5.892072788308397,-0.0026832604936050386
-4.341440616015267,5.892072788308397,0.0022626271556614036
-4.238072982300618,5.892072788308397,0.007080858233412563
-4.134705348585968,5.892072788308397,0.010987556881791235
-4.031337714871319,5.892072788308397,0.013748043939914285
-3.9279700811566705,5.892072788308397,0.015611844534693683
-3.8246024474420213,5.892072788308397,0.01707079808719128
-3.7212348137273725,5.892072788308397,0.018549401520031244
-3.6178671800127233,5.892072788308397,0.020154042024471824
-3.514499546298074,5.892072788308397,0.02157782174239927
-3.411131912583425,5.892072788308397,0.02219342195152785
-3.3077642788687753,5.892072788308397,0.021292989270098955
-3.204396645154126,5.892072788308397,0.01837882128813347
-3.101029011439477,5.892072788308397,0.013391443473049013
-2.9976613777248278,5.892072788308397,0.0067875748980073605
-2.8942937440101786,5.892072788308397,-0.0005615477190716316
-2.790926110295529,5.892072788308397,-0.007613567574633172
-2.6875584765808798,5.892072788308397,-0.013450751139100367
-2.5841908428662306,5.892072788308397,-0.017522061298053875
-2.4808232091515814,5.892072788308397,-0.019749021945292575
-2.3774555754369326,5.892072788308397,-0.020466517224375005
-2.2740879417222835,5.892072788308397,-0.020232440573884795
-2.1707203080076334,5.892072788308397,-0.01958781633971182
-2.067352674292984,5.892072788308397,-0.01886366687047001
-1.9639850405783352,5.892072788308397,-0.018107448143809903
-1.8606174068636863,5.892072788308397,-0.01715007140833454
-1.757249773149037,5.892072788308397,-0.015775104334655725
-1.6538821394343879,5.892072788308397,-0.013908441156440254
-1.550514505719738,5.892072788308397,-0.01173710835759778
-1.447146872005089,5.892072788308397,-0.009694421587582299
-1.3437792382904399,5.892072788308397,-0.008304884007642736
-1.2404116045757907,5.892072788308397,-0.007944204450951425
-1.1370439708611417,5.892072788308397,-0.008612717123502879
-1.0336763371464925,5.892072788308397,-0.009825889131050895
-0.9303087034318435,5.892072788308397,-0.010688949984092326
-0.8269410697171936,5.892072788308397,-0.010155594417162022
-0.7235734360025445,5.892072788308397,-0.007397268341101473
-0.6202058022878953,5.892072788308397,-0.002157678951222854
-0.5168381685732463,5.892072788308397,0.005041714605488099
-0.4134705348585972,5.892072788308397,0.012938846984819712
-0.31010290114394806,5.892072788308397,0.019825840405544
-0.2067352674292982,5.892072788308397,0.02402609459880999
-0.1033676337146491,5.892072788308397,0.02440819709121316
0.,5.892072788308397,0.02076767908713593
0.1033676337146491,5.892072788308397,0.013941739363491494
0.2067352674292982,5.892072788308397,0.005604698762756705
0.31010290114394734,5.892072788308397,-0.00220352194843622
0.4134705348585964,5.892072788308397,-0.007672628206785497
0.5168381685732455,5.892072788308397,-0.00975216465284221
0.6202058022878947,5.892072788308397,-0.008445217138696379
0.7235734360025438,5.892072788308397,-0.004769784257559362
0.8269410697171944,5.892072788308397,-0.00040148265334946523
0.9303087034318435,5.892072788308397,0.002882443660106785
1.0336763371464925,5.892072788308397,0.0037713638712353354
1.1370439708611417,5.892072788308397,0.0018121469349486826
1.2404116045757907,5.892072788308397,-0.0025049083593316934
1.3437792382904399,5.892072788308397,-0.007986396444217825
1.447146872005089,5.892072788308397,-0.013209713388238148
1.550514505719738,5.892072788308397,-0.017056113748682232
1.6538821394343872,5.892072788308397,-0.019108025606437606
1.7572497731490362,5.892072788308397,-0.01976456437649196
1.8606174068636854,5.892072788308397,-0.020030949687283455
1.9639850405783346,5.892072788308397,-0.021056884319038967
2.0673526742929837,5.892072788308397,-0.023593673437965118
2.1707203080076343,5.892072788308397,-0.02757558648460427
2.2740879417222835,5.892072788308397,-0.031993465026436685
2.3774555754369326,5.892072788308397,-0.035129191211473454
2.4808232091515814,5.892072788308397,-0.03509181572185853
2.5841908428662306,5.892072788308397,-0.030484238280398316
2.6875584765808798,5.892072788308397,-0.020973265570691704
2.790926110295529,5.892072788308397,-0.007557109917540836
2.894293744010178,5.892072788308397,0.007581949392936032
2.997661377724827,5.892072788308397,0.021616073466693045
3.101029011439476,5.892072788308397,0.031845127274970776
3.2043966451541253,5.892072788308397,0.03646421699554299
3.3077642788687744,5.892072788308397,0.03507943391265461
3.411131912583425,5.892072788308397,0.02880227943787736
3.514499546298074,5.892072788308397,0.019887706450467408
3.6178671800127233,5.892072788308397,0.01102886945234439
3.7212348137273725,5.892072788308397,0.004534073510129316
3.8246024474420213,5.892072788308397,0.0016500922062503795
3.9279700811566705,5.892072788308397,0.002247510364640913
4.031337714871319,5.892072788308397,0.0049638017122780945
4.134705348585968,5.892072788308397,0.0077483363303639955
4.238072982300618,5.892072788308397,0.00862103315996127
4.341440616015267,5.892072788308397,0.00638722234793346
4.444808249729916,5.892072788308397,0.0010684755370283271
4.548175883444565,5.892072788308397,-0.006093346075326857
4.651543517159214,5.892072788308397,-0.013056832085741158
4.754911150873865,5.892072788308397,-0.017681405046502348
4.858278784588514,5.892072788308397,-0.018468742606352215
4.961646418303163,5.892072788308397,-0.015094008644836347
5.065014052017812,5.892072788308397,-0.0085475781834727
5.168381685732461,5.892072788308397,-0.0008396084556583806
5.27174931944711,5.892072788308397,0.005633517765471684
5.3751169531617595,5.892072788308397,0.008849607132668923
5.478484586876409,5.892072788308397,0.007796234154195972
5.581852220591058,5.892072788308397,0.002773997313240077
5.685219854305707,5.892072788308397,-0.004727029716084935
5.788587488020356,5.892072788308397,-0.01252916976029978
5.8919551217350055,5.892072788308397,-0.01847435773988224
5.995322755449654,5.892072788308397,-0.021099221820279908
6.098690389164305,5.892072788308397,-0.02005672850918907
6.202058022878954,5.892072788308397,-0.01615307259562435
6.305425656593603,5.892072788308397,-0.011000606149082647
6.408793290308252,5.892072788308397,-0.006416489418001631
-6.408793290308252,5.995442486348895,-0.0029931494142982403
-6.305425656593603,5.995442486348895,-0.0021555563290713642
-6.202058022878954,5.995442486348895,-0.0028612934676040223
-6.098690389164304,5.995442486348895,-0.0039986563176133
-5.995322755449655,5.995442486348895,-0.004295037105328115
-5.8919551217350055,5.995442486348895,-0.002821184200860956
-5.788587488020356,5.995442486348895,0.0006486822680771072
-5.685219854305708,5.995442486348895,0.005542522282122315
-5.581852220591058,5.995442486348895,0.010685964749051455
-5.478484586876409,5.995442486348895,0.014709544513567352
-5.3751169531617595,5.995442486348895,0.01651848594547499
-5.27174931944711,5.995442486348895,0.01565938046030635
-5.168381685732461,5.995442486348895,0.012460059204036103
-5.065014052017812,5.995442486348895,0.007902527277720926
-4.961646418303163,5.995442486348895,0.0032832181686991186
-4.858278784588514,5.995442486348895,-0.0002134693276423922
-4.754911150873865,5.995442486348895,-0.00187774045158234
-4.651543517159215,5.995442486348895,-0.0016517911238360002
-4.548175883444566,5.995442486348895,-0.00007159935653648716
-4.444808249729917,5.995442486348895,0.001991588336370786
-4.341440616015267,5.995442486348895,0.003685334502867192
-4.238072982300618,5.995442486348895,0.004491920150997074
-4.134705348585968,5.995442486348895,0.004392713835524172
-4.031337714871319,5.995442486348895,0.0038281930880578684
-3.9279700811566705,5.995442486348895,0.0034782297340187423
-3.8246024474420213,5.995442486348895,0.003952815667432039
-3.7212348137273725,5.995442486348895,0.0055136020149134995
-3.6178671800127233,5.995442486348895,0.00793153013936701
-3.514499546298074,5.995442486348895,0.010532370042825654
-3.411131912583425,5.995442486348895,0.012410950939361232
-3.3077642788687753,5.995442486348895,0.012732973554117585
-3.204396645154126,5.995442486348895,0.011013171029663035
-3.101029011439477,5.995442486348895,0.007270535273841361
-2.9976613777248278,5.995442486348895,0.002009754520990229
-2.8942937440101786,5.995442486348895,-0.003956174488878629
-2.790926110295529,5.995442486348895,-0.009769195067700116
-2.6875584765808798,5.995442486348895,-0.014773904942143812
-2.5841908428662306,5.995442486348895,-0.01865962371108583
-2.4808232091515814,5.995442486348895,-0.021452505769785746
-2.3774555754369326,5.995442486348895,-0.0233752968654117
-2.2740879417222835,5.995442486348895,-0.024645797694810536
-2.1707203080076334,5.995442486348895,-0.025308911245903152
-2.067352674292984,5.995442486348895,-0.025181651499779568
-1.9639850405783352,5.995442486348895,-0.023941439936536253
-1.8606174068636863,5.995442486348895,-0.021324596974164008
-1.757249773149037,5.995442486348895,-0.01734956597450876
-1.6538821394343879,5.995442486348895,-0.012459995657230728
-1.550514505719738,5.995442486348895,-0.007506097493615713
-1.447146872005089,5.995442486348895,-0.0035420170429764685
-1.3437792382904399,5.995442486348895,-0.0014911062794378792
-1.2404116045757907,5.995442486348895,-0.0017917085353860967
-1.1370439708611417,5.995442486348895,-0.004158545028683044
-1.0336763371464925,5.995442486348895,-0.007567247363851936
-0.9303087034318435,5.995442486348895,-0.010498440261344182
-0.8269410697171936,5.995442486348895,-0.011386263306463296
-0.7235734360025445,5.995442486348895,-0.009136640589338031
-0.6202058022878953,5.995442486348895,-0.0035429508742465315
-0.5168381685732463,5.995442486348895,0.004552406779751583
-0.4134705348585972,5.995442486348895,0.013426268013007704
-0.31010290114394806,5.995442486348895,0.020941168280416155
-0.2067352674292982,5.995442486348895,0.025175388129843063
-0.1033676337146491,5.995442486348895,0.025019340449465955
0.,5.995442486348895,0.020542479114720066
0.1033676337146491,5.995442486348895,0.01300267268462636
0.2067352674292982,5.995442486348895,0.004483515809249425
0.31010290114394734,5.995442486348895,-0.0027327586404609803
0.4134705348585964,5.995442486348895,-0.006859516205344963
0.5168381685732455,5.995442486348895,-0.0071441268014647554
0.6202058022878947,5.995442486348895,-0.004075873432490297
0.7235734360025438,5.995442486348895,0.0008038556851500292
0.8269410697171944,5.995442486348895,0.005425136861108098
0.9303087034318435,5.995442486348895,0.007872110314513797
1.0336763371464925,5.995442486348895,0.006997310594275264
1.1370439708611417,5.995442486348895,0.002764472733545
1.2404116045757907,5.995442486348895,-0.0037904143192294534
1.3437792382904399,5.995442486348895,-0.010959390659090707
1.447146872005089,5.995442486348895,-0.016980050498524444
1.550514505719738,5.995442486348895,-0.020652082819721085
1.6538821394343872,5.995442486348895,-0.02173587000944849
1.7572497731490362,5.995442486348895,-0.02099288455146793
1.8606174068636854,5.995442486348895,-0.019853678571582906
1.9639850405783346,5.995442486348895,-0.019831259202450276
2.0673526742929837,5.995442486348895,-0.02188968125932111
2.1707203080076343,5.995442486348895,-0.02599724464129327
2.2740879417222835,5.995442486348895,-0.03103301806625678
2.3774555754369326,5.995442486348895,-0.03509451432284858
2.4808232091515814,5.995442486348895,-0.03611432374655629
2.5841908428662306,5.995442486348895,-0.032582621391080584
2.6875584765808798,5.995442486348895,-0.024129509621202697
2.790926110295529,5.995442486348895,-0.011762030448772538
2.894293744010178,5.995442486348895,0.002337360272026511
2.997661377724827,5.995442486348895,0.015398298377320624
3.101029011439476,5.995442486348895,0.02485311447400592
3.2043966451541253,5.995442486348895,0.029077230005737684
3.3077642788687744,5.995442486348895,0.027839949639493225
3.411131912583425,5.995442486348895,0.02232041985513441
3.514499546298074,5.995442486348895,0.014686610621140865
3.6178671800127233,5.995442486348895,0.007379134960841437
3.7212348137273725,5.995442486348895,0.0023380831093253998
3.8246024474420213,5.995442486348895,0.0004274030598574867
3.9279700811566705,5.995442486348895,0.0012423760105235888
4.031337714871319,5.995442486348895,0.0033549642473923824
4.134705348585968,5.995442486348895,0.004903651815698113
4.238072982300618,5.995442486348895,0.004318990769549446
4.341440616015267,5.995442486348895,0.0009322451937940294
4.444808249729916,5.995442486348895,-0.004743306310609247
4.548175883444565,5.995442486348895,-0.011155500335079444
4.651543517159214,5.995442486348895,-0.016232254594821485
4.754911150873865,5.995442486348895,-0.01809930621887343
4.858278784588514,5.995442486348895,-0.015751803438813147
4.961646418303163,5.995442486348895,-0.009450154667499303
5.065014052017812,5.995442486348895,-0.0007032974471720727
5.168381685732461,5.995442486348895,0.008159111405321908
5.27174931944711,5.995442486348895,0.014687096271664972
5.3751169531617595,5.995442486348895,0.01705520539988467
5.478484586876409,5.995442486348895,0.014610803668486142
5.581852220591058,5.995442486348895,0.008052056638654251
5.685219854305707,5.995442486348895,-0.0008145344096891958
5.788587488020356,5.995442486348895,-0.009649405322336588
5.8919551217350055,5.995442486348895,-0.0162946102300945
5.995322755449654,5.995442486348895,-0.019395265880890824
6.098690389164305,5.995442486348895,-0.018733769734665395
6.202058022878954,5.995442486348895,-0.015184302669322415
6.305425656593603,5.995442486348895,-0.010323673954077933
6.408793290308252,5.995442486348895,-0.00584624666619737
-6.408793290308252,6.098812184389393,-0.006035663399837987
-6.305425656593603,6.098812184389393,-0.004924752934008343
-6.202058022878954,6.098812184389393,-0.004685350140573589
-6.098690389164304,6.098812184389393,-0.004495139966978287
-5.995322755449655,6.098812184389393,-0.003536197980015593
-5.8919551217350055,6.098812184389393,-0.0013554442770897083
-5.788587488020356,6.098812184389393,0.0019388391205391352
-5.685219854305708,6.098812184389393,0.005710222973965898
-5.581852220591058,6.098812184389393,0.009035386738644686
-5.478484586876409,6.098812184389393,0.011055452016380316
-5.3751169531617595,6.098812184389393,0.01130151657494852
-5.27174931944711,6.098812184389393,0.009871549295062666
-5.168381685732461,6.098812184389393,0.0073937005270274725
-5.065014052017812,6.098812184389393,0.004791687933866063
-4.961646418303163,6.098812184389393,0.0029413568408999083
-4.858278784588514,6.098812184389393,0.0023470962472209793
-4.754911150873865,6.098812184389393,0.002958582016574184
-4.651543517159215,6.098812184389393,0.004195947417640879
-4.548175883444566,6.098812184389393,0.005174550120793721
-4.444808249729917,6.098812184389393,0.005047266243041588
-4.341440616015267,6.098812184389393,0.0033392675926890137
-4.238072982300618,6.098812184389393,0.00015283941924976947
-4.134705348585968,6.098812184389393,-0.0038333637958865886
-4.031337714871319,6.098812184389393,-0.007572442561902806
-3.9279700811566705,6.098812184389393,-0.009992658234737732
-3.8246024474420213,6.098812184389393,-0.010356506418995246
-3.7212348137273725,6.098812184389393,-0.00851140917270852
-3.6178671800127233,6.098812184389393,-0.00494756088681946
-3.514499546298074,6.098812184389393,-0.0006471400660850771
-3.411131912583425,6.098812184389393,0.0032182847717289434
-3.3077642788687753,6.098812184389393,0.0056348846566919965
-3.204396645154126,6.098812184389393,0.006020262416386177
-3.101029011439477,6.098812184389393,0.00433752450008847
-2.9976613777248278,6.098812184389393,0.0010249971299765377
-2.8942937440101786,6.098812184389393,-0.003215503127216865
-2.790926110295529,6.098812184389393,-0.007680354263033888
-2.6875584765808798,6.098812184389393,-0.0118724148359756
-2.5841908428662306,6.098812184389393,-0.015580925778727698
-2.4808232091515814,6.098812184389393,-0.018814814934383927
-2.3774555754369326,6.098812184389393,-0.021633730943941828
-2.2740879417222835,6.098812184389393,-0.023964617733911675
-2.1707203080076334,6.098812184389393,-0.025498554238373154
-2.067352674292984,6.098812184389393,-0.025729532322493583
-1.9639850405783352,6.098812184389393,-0.024136105723759356
-1.8606174068636863,6.098812184389393,-0.02044197953826974
-1.757249773149037,6.098812184389393,-0.014848703602039846
-1.6538821394343879,6.098812184389393,-0.008131313855064501
-1.550514505719738,6.098812184389393,-0.0015297654727492234
-1.447146872005089,6.098812184389393,0.003557916585344529
-1.3437792382904399,6.098812184389393,0.005996644999110938
-1.2404116045757907,6.098812184389393,0.00531151066101597
-1.1370439708611417,6.098812184389393,0.0019161169976818343
-1.0336763371464925,6.098812184389393,-0.0029275281042336933
-0.9303087034318435,6.098812184389393,-0.007431521056995063
-0.8269410697171936,6.098812184389393,-0.009803569573658315
-0.7235734360025445,6.098812184389393,-0.008809022332096666
-0.6202058022878953,6.098812184389393,-0.004190116564791902
-0.5168381685732463,6.098812184389393,0.0032038889868774784
-0.4134705348585972,6.098812184389393,0.011632925265698113
-0.31010290114394806,6.098812184389393,0.018973025446410934
-0.2067352674292982,6.098812184389393,0.02335946606615014
-0.1033676337146491,6.098812184389393,0.023761254091787542
0.,6.098812184389393,0.020298941270182162
0.1033676337146491,6.098812184389393,0.014198190642622576
0.2067352674292982,6.098812184389393,0.007389939228212899
0.31010290114394734,6.098812184389393,0.0018851509223328543
0.4134705348585964,6.098812184389393,-0.0008716564672085066
0.5168381685732455,6.098812184389393,-0.00045719757962177284
0.6202058022878947,6.098812184389393,0.002417701342792156
0.7235734360025438,6.098812184389393,0.006173567991816786
0.8269410697171944,6.098812184389393,0.00891568012708545
0.9303087034318435,6.098812184389393,0.009087988306617886
1.0336763371464925,6.098812184389393,0.006006221071760825
1.1370439708611417,6.098812184389393,0.00008990428183923222
1.2404116045757907,6.098812184389393,-0.007284448369891137
1.3437792382904399,6.098812184389393,-0.014257417113888646
1.447146872005089,6.098812184389393,-0.01912446269560641
1.550514505719738,6.098812184389393,-0.0209175322200503
1.6538821394343872,6.098812184389393,-0.019729504317108675
1.7572497731490362,6.098812184389393,-0.0166684642785203
1.8606174068636854,6.098812184389393,-0.013455959067498106
1.9639850405783346,6.098812184389393,-0.011806273032436664
2.0673526742929837,6.098812184389393,-0.012800206053231967
2.1707203080076343,6.098812184389393,-0.016470404727250774
2.2740879417222835,6.098812184389393,-0.021744457914932628
2.3774555754369326,6.098812184389393,-0.02677067755762837
2.4808232091515814,6.098812184389393,-0.029521047091696725
2.5841908428662306,6.098812184389393,-0.028470759637584407
2.6875584765808798,6.098812184389393,-0.023126584160752306
2.790926110295529,6.098812184389393,-0.014226318397828345
2.894293744010178,6.098812184389393,-0.0035417764069499385
2.997661377724827,6.098812184389393,0.0066494345474678125
3.101029011439476,6.098812184389393,0.014247852434799502
3.2043966451541253,6.098812184389393,0.01794598274563203
3.3077642788687744,6.098812184389393,0.01757248064995649
3.411131912583425,6.098812184389393,0.01406060977023784
3.514499546298074,6.098812184389393,0.00906308425664464
3.6178671800127233,6.098812184389393,0.004354296040522744
3.7212348137273725,6.098812184389393,0.0012299930156852595
3.8246024474420213,6.098812184389393,0.00011056624818742985
3.9279700811566705,6.098812184389393,0.0004793194641453363
4.031337714871319,6.098812184389393,0.0011678797764843804
4.134705348585968,6.098812184389393,0.0008788127994364437
4.238072982300618,6.098812184389393,-0.0012472198341978008
4.341440616015267,6.098812184389393,-0.00522737419512939
4.444808249729916,6.098812184389393,-0.010145547184688101
4.548175883444565,6.098812184389393,-0.01441417554886376
4.651543517159214,6.098812184389393,-0.016304518621989082
4.754911150873865,6.098812184389393,-0.014565529000772305
4.858278784588514,6.098812184389393,-0.008917555686630883
4.961646418303163,6.098812184389393,-0.0002465146057201001
5.065014052017812,6.098812184389393,0.00957671731111929
5.168381685732461,6.098812184389393,0.01820191713552274
5.27174931944711,6.098812184389393,0.023471912834660665
5.3751169531617595,6.098812184389393,0.024048117261131118
5.478484586876409,6.098812184389393,0.019791359854339094
5.581852220591058,6.098812184389393,0.0117811166145205
5.685219854305707,6.098812184389393,0.001974357836586351
5.788587488020356,6.098812184389393,-0.0073794668814694125
5.8919551217350055,6.098812184389393,-0.014376574503643451
5.995322755449654,6.098812184389393,-0.01794987167821314
6.098690389164305,6.098812184389393,-0.018069023686675578
6.202058022878954,6.098812184389393,-0.015607114426906172
6.305425656593603,6.098812184389393,-0.011942247568321554
6.408793290308252,6.098812184389393,-0.0084451083154017
-6.408793290308252,6.202181882429891,-0.012198770576813322
-6.305425656593603,6.202181882429891,-0.011227467054820868
-6.202058022878954,6.202181882429891,-0.01041215142615538
-6.098690389164304,6.202181882429891,-0.009179170359378673
-5.995322755449655,6.202181882429891,-0.007085933467792011
-5.8919551217350055,6.202181882429891,-0.004051492742336384
-5.788587488020356,6.202181882429891,-0.000424751592369477
-5.685219854305708,6.202181882429891,0.003131011404230782
-5.581852220591058,6.202181882429891,0.005887409850116294
-5.478484586876409,6.202181882429891,0.007333451002263284
-5.3751169531617595,6.202181882429891,0.007378848878547498
-5.27174931944711,6.202181882429891,0.006396435943929966
-5.168381685732461,6.202181882429891,0.005083407401514733
-5.065014052017812,6.202181882429891,0.0041903544594445894
-4.961646418303163,6.202181882429891,0.004218395802296744
-4.858278784588514,6.202181882429891,0.005199196016051164
-4.754911150873865,6.202181882429891,0.006644752025317507
-4.651543517159215,6.202181882429891,0.00769344751433108
-4.548175883444566,6.202181882429891,0.007407731530935833
-4.444808249729917,6.202181882429891,0.005122521954696017
-4.341440616015267,6.202181882429891,0.0007224222272400212
-4.238072982300618,6.202181882429891,-0.005252165349283569
-4.134705348585968,6.202181882429891,-0.011712522051074791
-4.031337714871319,6.202181882429891,-0.01731249593738029
-3.9279700811566705,6.202181882429891,-0.020830157974352233
-3.8246024474420213,6.202181882429891,-0.021517187217455172
-3.7212348137273725,6.202181882429891,-0.019304847146488432
-3.6178671800127233,6.202181882429891,-0.014804937925205939
-3.514499546298074,6.202181882429891,-0.009113370402334507
-3.411131912583425,6.202181882429891,-0.0034884814005088417
-3.3077642788687753,6.202181882429891,0.0009864435251071264
-3.204396645154126,6.202181882429891,0.003648962367792586
-3.101029011439477,6.202181882429891,0.004343303326559442
-2.9976613777248278,6.202181882429891,0.0033389110173706054
-2.8942937440101786,6.202181882429891,0.0011342181132713346
-2.790926110295529,6.202181882429891,-0.0017650721801980445
-2.6875584765808798,6.202181882429891,-0.005003011334144152
-2.5841908428662306,6.202181882429891,-0.008409693043498912
-2.4808232091515814,6.202181882429891,-0.01191583094440892
-2.3774555754369326,6.202181882429891,-0.0153986950924056
-2.2740879417222835,6.202181882429891,-0.01854395441393916
-2.1707203080076334,6.202181882429891,-0.020803990172184757
-2.067352674292984,6.202181882429891,-0.02149456048385524
-1.9639850405783352,6.202181882429891,-0.020012678342694882
-1.8606174068636863,6.202181882429891,-0.016102027441820103
-1.757249773149037,6.202181882429891,-0.01006097206756646
-1.6538821394343879,6.202181882429891,-0.0027963113241431603
-1.550514505719738,6.202181882429891,0.00432690080379778
-1.447146872005089,6.202181882429891,0.009818060647166442
-1.3437792382904399,6.202181882429891,0.012484864508418245
-1.2404116045757907,6.202181882429891,0.011814135102060126
-1.1370439708611417,6.202181882429891,0.008177419612659964
-1.0336763371464925,6.202181882429891,0.002778127079471165
-0.9303087034318435,6.202181882429891,-0.0026615881482811715
-0.8269410697171936,6.202181882429891,-0.00638893225860043
-0.7235734360025445,6.202181882429891,-0.0071357033068052255
-0.6202058022878953,6.202181882429891,-0.004497416298425973
-0.5168381685732463,6.202181882429891,0.0009478658898289144
-0.4134705348585972,6.202181882429891,0.00782317632797625
-0.31010290114394806,6.202181882429891,0.014382622428240998
-0.2067352674292982,6.202181882429891,0.019049931724744347
-0.1033676337146491,6.202181882429891,0.020890944005811443
0.,6.202181882429891,0.019866674350643383
0.1033676337146491,6.202181882429891,0.016786586244502057
0.2067352674292982,6.202181882429891,0.012982333308330216
0.31010290114394734,6.202181882429891,0.009816487022674247
0.4134705348585964,6.202181882429891,0.008196452224595738
0.5168381685732455,6.202181882429891,0.008261533687940241
0.6202058022878947,6.202181882429891,0.009351288865042664
0.7235734360025438,6.202181882429891,0.010266000516866531
0.8269410697171944,6.202181882429891,0.00972850333293847
0.9303087034318435,6.202181882429891,0.0068856348964639906
1.0336763371464925,6.202181882429891,0.0016719361793178257
1.1370439708611417,6.202181882429891,-0.005096247702690255
1.2404116045757907,6.202181882429891,-0.011936555146040601
1.3437792382904399,6.202181882429891,-0.01716004480853917
1.447146872005089,6.202181882429891,-0.019422974547120164
1.550514505719738,6.202181882429891,-0.018185321284409636
1.6538821394343872,6.202181882429891,-0.013919027346245786
1.7572497731490362,6.202181882429891,-0.007991108812537532
1.8606174068636854,6.202181882429891,-0.0022548501234485627
1.9639850405783346,6.202181882429891,0.0015201903894747567
2.0673526742929837,6.202181882429891,0.002194691654921052
2.1707203080076343,6.202181882429891,-0.00039431204124185126
2.2740879417222835,6.202181882429891,-0.005397953361543973
2.3774555754369326,6.202181882429891,-0.011238129193367743
2.4808232091515814,6.202181882429891,-0.0161114832372654
2.5841908428662306,6.202181882429891,-0.01854762848659357
2.6875584765808798,6.202181882429891,-0.01784087348542903
2.790926110295529,6.202181882429891,-0.014221603157451336
2.894293744010178,6.202181882429891,-0.008723838605034253
2.997661377724827,6.202181882429891,-0.002807831667151658
3.101029011439476,6.202181882429891,0.0021242230956229308
3.2043966451541253,6.202181882429891,0.0051516451421333995
3.3077642788687744,6.202181882429891,0.006059053842707474
3.411131912583425,6.202181882429891,0.005297527944620619
3.514499546298074,6.202181882429891,0.0037154614610521173
3.6178671800127233,6.202181882429891,0.002172219927268129
3.7212348137273725,6.202181882429891,0.0011857426124635298
3.8246024474420213,6.202181882429891,0.00074778026026926
3.9279700811566705,6.202181882429891,0.00037455513237226625
4.031337714871319,6.202181882429891,-0.0006295160548557558
4.134705348585968,6.202181882429891,-0.0027990929846687237
4.238072982300618,6.202181882429891,-0.006173902116360068
4.341440616015267,6.202181882429891,-0.010140806294260611
4.444808249729916,6.202181882429891,-0.013528132667624891
4.548175883444565,6.202181882429891,-0.014937774210001751
4.651543517159214,6.202181882429891,-0.013212397148282417
4.754911150873865,6.202181882429891,-0.007880771815794194
4.858278784588514,6.202181882429891,0.0005764048855241712
4.961646418303163,6.202181882429891,0.010743576324367926
5.065014052017812,6.202181882429891,0.0205823474763252
5.168381685732461,6.202181882429891,0.027952930658137712
5.27174931944711,6.202181882429891,0.031188740806268902
5.3751169531617595,6.202181882429891,0.02954804948053961
5.478484586876409,6.202181882429891,0.023404506329950794
5.581852220591058,6.202181882429891,0.014121195565146582
5.685219854305707,6.202181882429891,0.0036528876642777305
5.788587488020356,6.202181882429891,-0.005995018983806375
5.8919551217350055,6.202181882429891,-0.013282080766888282
5.995322755449654,6.202181882429891,-0.017469652906111154
6.098690389164305,6.202181882429891,-0.018690325257390363
6.202058022878954,6.202181882429891,-0.0177518663783617
6.305425656593603,6.202181882429891,-0.015762990140032705
6.408793290308252,6.202181882429891,-0.013720032171555525
-6.408793290308252,6.30555158047039,-0.019841565642037578
-6.305425656593603,6.30555158047039,-0.019358060564462053
-6.202058022878954,6.30555158047039,-0.01854332198047035
-6.098690389164304,6.30555158047039,-0.016978332871479138
-5.995322755449655,6.30555158047039,-0.014407638259401617
-5.8919551217350055,6.30555158047039,-0.01088775813643031
-5.788587488020356,6.30555158047039,-0.006801073331434449
-5.685219854305708,6.30555158047039,-0.0027351236430173988
-5.581852220591058,6.30555158047039,0.0007212795644723018
-5.478484586876409,6.30555158047039,0.003183067541422843
-5.3751169531617595,6.30555158047039,0.004593901190894241
-5.27174931944711,6.30555158047039,0.005221516433975317
-5.168381685732461,6.30555158047039,0.005523910215731785
-5.065014052017812,6.30555158047039,0.005936792351703546
-4.961646418303163,6.30555158047039,0.006664010190176051
-4.858278784588514,6.30555158047039,0.007553663339884656
-4.754911150873865,6.30555158047039,0.008112806425244716
-4.651543517159215,6.30555158047039,0.007663638093268003
-4.548175883444566,6.30555158047039,0.00559188071375485
-4.444808249729917,6.30555158047039,0.0016025089058054433
-4.341440616015267,6.30555158047039,-0.00410797713280381
-4.238072982300618,6.30555158047039,-0.010827503628386234
-4.134705348585968,6.30555158047039,-0.017468295352344405
-4.031337714871319,6.30555158047039,-0.022831351029066454
-3.9279700811566705,6.30555158047039,-0.025914410565391465
-3.8246024474420213,6.30555158047039,-0.026168131464270723
-3.7212348137273725,6.30555158047039,-0.023623244840838404
-3.6178671800127233,6.30555158047039,-0.018855003636450575
-3.514499546298074,6.30555158047039,-0.012804714511501008
-3.411131912583425,6.30555158047039,-0.006522825788721145
-3.3077642788687753,6.30555158047039,-0.0009187182279588335
-3.204396645154126,6.30555158047039,0.0034073023901990593
-3.101029011439477,6.30555158047039,0.006209598959319472
-2.9976613777248278,6.30555158047039,0.007527304115647416
-2.8942937440101786,6.30555158047039,0.007547095760457266
-2.790926110295529,6.30555158047039,0.006467056689318408
-2.6875584765808798,6.30555158047039,0.004422314528132888
-2.5841908428662306,6.30555158047039,0.0015012130328158012
-2.4808232091515814,6.30555158047039,-0.002162451304718342
-2.3774555754369326,6.30555158047039,-0.006272762958187229
-2.2740879417222835,6.30555158047039,-0.010298200342279594
-2.1707203080076334,6.30555158047039,-0.013496525080431372
-2.067352674292984,6.30555158047039,-0.015056116975831214
-1.9639850405783352,6.30555158047039,-0.014323405266116364
-1.8606174068636863,6.30555158047039,-0.011044745806439348
-1.757249773149037,6.30555158047039,-0.005533551576323953
-1.6538821394343879,6.30555158047039,0.0013117258933624352
-1.550514505719738,6.30555158047039,0.008169062927585674
-1.447146872005089,6.30555158047039,0.013604665437426762
-1.3437792382904399,6.30555158047039,0.016451638510518157
-1.2404116045757907,6.30555158047039,0.016142392072677522
-1.1370439708611417,6.30555158047039,0.012888518806685829
-1.0336763371464925,6.30555158047039,0.007644822002817272
-0.9303087034318435,6.30555158047039,0.0018601478623159289
-0.8269410697171936,6.30555158047039,-0.00291477395572713
-0.7235734360025445,6.30555158047039,-0.005445819432154711
-0.6202058022878953,6.30555158047039,-0.0051343050757326454
-0.5168381685732463,6.30555158047039,-0.0021417466334797304
-0.4134705348585972,6.30555158047039,0.0027115029131963594
-0.31010290114394806,6.30555158047039,0.008233224401794595
-0.2067352674292982,6.30555158047039,0.013232921805428436
-0.1033676337146491,6.30555158047039,0.01685822726368614
0.,6.30555158047039,0.018787342633563762
0.1033676337146491,6.30555158047039,0.019223474268488163
0.2067352674292982,6.30555158047039,0.0187073045589667
0.31010290114394734,6.30555158047039,0.0178266779201731
0.4134705348585964,6.30555158047039,0.016937001782659847
0.5168381685732455,6.30555158047039,0.015999539799056835
0.6202058022878947,6.30555158047039,0.01460012839995353
0.7235734360025438,6.30555158047039,0.012143598130287727
0.8269410697171944,6.30555158047039,0.008153023554505695
0.9303087034318435,6.30555158047039,0.002561317426456187
1.0336763371464925,6.30555158047039,-0.004119324805518809
1.1370439708611417,6.30555158047039,-0.010825685054408356
1.2404116045757907,6.30555158047039,-0.01617806681139277
1.3437792382904399,6.30555158047039,-0.018857492075467542
1.447146872005089,6.30555158047039,-0.018009347922170026
1.550514505719738,6.30555158047039,-0.01354273826942525
1.6538821394343872,6.30555158047039,-0.006223841784427297
1.7572497731490362,6.30555158047039,0.0024750181846026563
1.8606174068636854,6.30555158047039,0.010732011225152466
1.9639850405783346,6.30555158047039,0.016834664174509906
2.0673526742929837,6.30555158047039,0.01960590118446193
2.1707203080076343,6.30555158047039,0.018674038833659215
2.2740879417222835,6.30555158047039,0.014514236042554548
2.3774555754369326,6.30555158047039,0.008261129275929948
2.4808232091515814,6.30555158047039,0.0013619533660679047
2.5841908428662306,6.30555158047039,-0.004816297461820994
2.6875584765808798,6.30555158047039,-0.009306665636177425
2.790926110295529,6.30555158047039,-0.01170330593152928
2.894293744010178,6.30555158047039,-0.01213709308542953
2.997661377724827,6.30555158047039,-0.01110216324222114
3.101029011439476,6.30555158047039,-0.00921522589221438
3.2043966451541253,6.30555158047039,-0.007002400743999208
3.3077642788687744,6.30555158047039,-0.004786068003545179
3.411131912583425,6.30555158047039,-0.0026968405078648824
3.514499546298074,6.30555158047039,-0.000782129705056174
3.6178671800127233,6.30555158047039,0.0008565024309366704
3.7212348137273725,6.30555158047039,0.001975137387594291
3.8246024474420213,6.30555158047039,0.0022037388955101107
3.9279700811566705,6.30555158047039,0.0011756188539403696
4.031337714871319,6.30555158047039,-0.0012734221401036903
4.134705348585968,6.30555158047039,-0.004917383050957167
4.238072982300618,6.30555158047039,-0.00905214227193951
4.341440616015267,6.30555158047039,-0.012568104234808928
4.444808249729916,6.30555158047039,-0.014190100602994072
4.548175883444565,6.30555158047039,-0.012829198143989863
4.651543517159214,6.30555158047039,-0.007943395136128613
4.754911150873865,6.30555158047039,0.00021097031159037052
4.858278784588514,6.30555158047039,0.01053056177041029
4.961646418303163,6.30555158047039,0.02125436923482432
5.065014052017812,6.30555158047039,0.03035275533471335
5.168381685732461,6.30555158047039,0.036013303234152
5.27174931944711,6.30555158047039,0.03708651585627247
5.3751169531617595,6.30555158047039,0.03336299565364389
5.478484586876409,6.30555158047039,0.02560288498687005
5.581852220591058,6.30555158047039,0.015312553040247296
5.685219854305707,6.30555158047039,0.004338921439706148
5.788587488020356,6.30555158047039,-0.005595783585607359
5.8919551217350055,6.30555158047039,-0.013283153721684844
5.995322755449654,6.30555158047039,-0.018235770086190053
6.098690389164305,6.30555158047039,-0.020668438707204445
6.202058022878954,6.30555158047039,-0.021282223257954373
6.305425656593603,6.30555158047039,-0.020939506390242866
6.408793290308252,6.30555158047039,-0.020345646164143555
-6.408793290308252,6.408921278510888,-0.026886799864603753
-6.305425656593603,6.408921278510888,-0.02706482959566594
-6.202058022878954,6.408921278510888,-0.026797720299312187
-6.098690389164304,6.408921278510888,-0.025710874962073294
-5.995322755449655,6.408921278510888,-0.023520502714429778
-5.8919551217350055,6.408921278510888,-0.020160277559962067
-5.788587488020356,6.408921278510888,-0.01582210471236352
-5.685219854305708,6.408921278510888,-0.010906646015112278
-5.581852220591058,6.408921278510888,-0.005911146696387776
-5.478484586876409,6.408921278510888,-0.0013012057590499418
-5.3751169531617595,6.408921278510888,0.002586321131469405
-5.27174931944711,6.408921278510888,0.005578890861245903
-5.168381685732461,6.408921278510888,0.007638661126857691
-5.065014052017812,6.408921278510888,0.0087901301261726
-4.961646418303163,6.408921278510888,0.009043064723603356
-4.858278784588514,6.408921278510888,0.008348400749211792
-4.754911150873865,6.408921278510888,0.006609219789702138
-4.651543517159215,6.408921278510888,0.003744577634105791
-4.548175883444566,6.408921278510888,-0.00021946482901791418
-4.444808249729917,6.408921278510888,-0.0050706244769143545
-4.341440616015267,6.408921278510888,-0.010380093832216036
-4.238072982300618,6.408921278510888,-0.015541676925830684
-4.134705348585968,6.408921278510888,-0.019875826151515306
-4.031337714871319,6.408921278510888,-0.022769897471443867
-3.9279700811566705,6.408921278510888,-0.023811788872111918
-3.8246024474420213,6.408921278510888,-0.022875329581886965
-3.7212348137273725,6.408921278510888,-0.02013198157068808
-3.6178671800127233,6.408921278510888,-0.01598863731946649
-3.514499546298074,6.408921278510888,-0.010976202945647372
-3.411131912583425,6.408921278510888,-0.005629004148866963
-3.3077642788687753,6.408921278510888,-0.00039518247285821737
-3.204396645154126,6.408921278510888,0.0043967621655793205
-3.101029011439477,6.408921278510888,0.008514432948375549
-2.9976613777248278,6.408921278510888,0.011764271986573852
-2.8942937440101786,6.408921278510888,0.013938201326332689
-2.790926110295529,6.408921278510888,0.014800386060791806
-2.6875584765808798,6.408921278510888,0.014133095573441438
-2.5841908428662306,6.408921278510888,0.011833710531393773
-2.4808232091515814,6.408921278510888,0.008028551626470372
-2.3774555754369326,6.408921278510888,0.0031540397076865114
-2.2740879417222835,6.408921278510888,-0.0020412108194885308
-2.1707203080076334,6.408921278510888,-0.006597792567957134
-2.067352674292984,6.408921278510888,-0.009540387951505823
-1.9639850405783352,6.408921278510888,-0.010120713538732071
-1.8606174068636863,6.408921278510888,-0.008039437440857517
-1.757249773149037,6.408921278510888,-0.0035754901626706553
-1.6538821394343879,6.408921278510888,0.002427485462353199
-1.550514505719738,6.408921278510888,0.008728089757946972
-1.447146872005089,6.408921278510888,0.01397198313622284
-1.3437792382904399,6.408921278510888,0.017021303315323515
-1.2404116045757907,6.408921278510888,0.01723866812063411
-1.1370439708611417,6.408921278510888,0.014646087189172912
-1.0336763371464925,6.408921278510888,0.009913980195733203
-0.9303087034318435,6.408921278510888,0.004184340299917883
-0.8269410697171936,6.408921278510888,-0.0012203188297692635
-0.7235734360025445,6.408921278510888,-0.00511911301294371
-0.6202058022878953,6.408921278510888,-0.00673720442646183
-0.5168381685732463,6.408921278510888,-0.005844978423092184
-0.4134705348585972,6.408921278510888,-0.0027453499635276216
-0.31010290114394806,6.408921278510888,0.0018706556075652446
-0.2067352674292982,6.408921278510888,0.007142440002162492
-0.1033676337146491,6.408921278510888,0.012258405797790502
0.,6.408921278510888,0.016609308283341895
0.1033676337146491,6.408921278510888,0.019840912654455714
0.2067352674292982,6.408921278510888,0.02180993416754169
0.31010290114394734,6.408921278510888,0.022482131907898717
0.4134705348585964,6.408921278510888,0.02182959294159963
0.5168381685732455,6.408921278510888,0.019779755167830666
0.6202058022878947,6.408921278510888,0.01624385167880895
0.7235734360025438,6.408921278510888,0.011216778616939725
0.8269410697171944,6.408921278510888,0.004907281176141713
0.9303087034318435,6.408921278510888,-0.002160734007361271
1.0336763371464925,6.408921278510888,-0.009130919414904915
1.1370439708611417,6.408921278510888,-0.01491101445841341
1.2404116045757907,6.408921278510888,-0.018374603800237314
1.3437792382904399,6.408921278510888,-0.018621318133907515
1.447146872005089,6.408921278510888,-0.0152239068751337
1.550514505719738,6.408921278510888,-0.008388142957900954
1.6538821394343872,6.408921278510888,0.00102720868432031
1.7572497731490362,6.408921278510888,0.011644621428935043
1.8606174068636854,6.408921278510888,0.021826959981481334
1.9639850405783346,6.408921278510888,0.029997457671187385
2.0673526742929837,6.408921278510888,0.03494100169573625
2.1707203080076343,6.408921278510888,0.036015347078324364
2.2740879417222835,6.408921278510888,0.03322900838041765
2.3774555754369326,6.408921278510888,0.027180892839569225
2.4808232091515814,6.408921278510888,0.018892737996995385
2.5841908428662306,6.408921278510888,0.009588229923431769
2.6875584765808798,6.408921278510888,0.00047664310495713165
2.790926110295529,6.408921278510888,-0.007414890948063379
2.894293744010178,6.408921278510888,-0.013340725366981875
2.997661377724827,6.408921278510888,-0.016872771867899525
3.101029011439476,6.408921278510888,-0.01789467639597328
3.2043966451541253,6.408921278510888,-0.016578188928934298
3.3077642788687744,6.408921278510888,-0.013356048197763004
3.411131912583425,6.408921278510888,-0.008889698023391507
3.514499546298074,6.408921278510888,-0.004016697897138229
3.6178671800127233,6.408921278510888,0.0003406016432466442
3.7212348137273725,6.408921278510888,0.0033134868311358867
3.8246024474420213,6.408921278510888,0.0042601410583707625
3.9279700811566705,6.408921278510888,0.0029382031996003457
4.031337714871319,6.408921278510888,-0.0003745725143862429
4.134705348585968,6.408921278510888,-0.004862281064008216
4.238072982300618,6.408921278510888,-0.009286326606300997
4.341440616015267,6.408921278510888,-0.012229846315851686
4.444808249729916,6.408921278510888,-0.012425816014596528
4.548175883444565,6.408921278510888,-0.00909087978559512
4.651543517159214,6.408921278510888,-0.002174452843701564
4.754911150873865,6.408921278510888,0.007553250837621372
4.858278784588514,6.408921278510888,0.01861185821753153
4.961646418303163,6.408921278510888,0.02910453787436095
5.065014052017812,6.408921278510888,0.03712708284446025
5.168381685732461,6.408921278510888,0.04118981193434851
5.27174931944711,6.408921278510888,0.04054336260432991
5.3751169531617595,6.408921278510888,0.035324382941066074
5.478484586876409,6.408921278510888,0.026486461577925103
5.581852220591058,6.408921278510888,0.015540805485298547
5.685219854305707,6.408921278510888,0.004182510217003538
5.788587488020356,6.408921278510888,-0.006093446911179435
5.8919551217350055,6.408921278510888,-0.014285075246524927
5.995322755449654,6.408921278510888,-0.020015657220537525
6.098690389164305,6.408921278510888,-0.0234865096489431
6.202058022878954,6.408921278510888,-0.025284191099826263
6.305425656593603,6.408921278510888,-0.026115217836192788
6.408793290308252,6.408921278510888,-0.026555434816689323
